{"type":"FeatureCollection","metadata":{"generatedAt":"2026-07-14T16:01:39.791Z","source":"IGN / INSEE - Contours IRIS WFS Géoplateforme","datasetId":"STATISTICALUNITS.IRIS:contours_iris","datasetUrl":"https://geoservices.ign.fr/contoursiris","sourceFileUrl":"https://data.geopf.fr/wfs/ows?SERVICE=WFS&VERSION=2.0.0&REQUEST=GetFeature&TYPENAMES=STATISTICALUNITS.IRIS%3Acontours_iris&OUTPUTFORMAT=application%2Fjson&COUNT=1000&CQL_FILTER=code_insee%3D%2721231%27&SRSNAME=EPSG%3A4326","license":"Licence Ouverte / Open Licence 2.0","sourceYear":"2026","communeCode":"21231","communeName":"Dijon","featureCount":66,"parentCount":1,"parentContract":"technical commune group; not selectable and not displayed as a district","bbox":[4.96244144,47.28628819,5.10199676,47.37745126],"areaStatsM2":{"minimum":102533.32385253906,"average":627453.1554528439,"maximum":4621610.921508789}},"features":[{"type":"Feature","id":"dijon_212310101_monge","properties":{"zoneId":"dijon_212310101_monge","label":"Monge","districtCode":"212310101","arrondissementCode":"21231","colorIndex":0,"parentZoneId":"dijon_parent_21231_dijon","parentCode":"21231","parentLabel":"Dijon","territoryType":"iris","source":"IGN / INSEE - Contours IRIS WFS Géoplateforme","sourceYear":"2026","officialId":"212310101","sourceCleabs":"IRIS____0000000212310101","communeCode":"21231","communeName":"Dijon","irisCode":"0101","irisType":"H","officialAreaM2":208736.26245117188,"labelLng":5.035100865146442,"labelLat":47.31969016265146,"bbox":[5.0317026,47.31648523,5.04008267,47.32224363]},"geometry":{"type":"MultiPolygon","coordinates":[[[[5.03252086,47.31652507],[5.03225449,47.3171493],[5.03187527,47.31909568],[5.0317026,47.32048192],[5.03184881,47.3210557],[5.03225145,47.32158176],[5.03339018,47.32140153],[5.03411212,47.32123129],[5.03418979,47.321184],[5.03432669,47.32123203],[5.03503276,47.32116743],[5.03655411,47.321229],[5.03713611,47.32117557],[5.03725765,47.32123737],[5.03795785,47.32213462],[5.03831951,47.32203282],[5.0387895,47.32195882],[5.03894706,47.32209744],[5.03928054,47.32219514],[5.03974988,47.32224363],[5.04008267,47.32218375],[5.0390301,47.32037867],[5.03884774,47.32014503],[5.03887443,47.32008062],[5.03812209,47.31948417],[5.0369168,47.31864172],[5.03653253,47.31842603],[5.03560761,47.31809644],[5.03402381,47.3174326],[5.0335501,47.31719775],[5.03420685,47.3166018],[5.03263589,47.31648523],[5.03260549,47.31652179],[5.03252086,47.31652507]]]]}},{"type":"Feature","id":"dijon_212310102_cordeliers","properties":{"zoneId":"dijon_212310102_cordeliers","label":"Cordeliers","districtCode":"212310102","arrondissementCode":"21231","colorIndex":1,"parentZoneId":"dijon_parent_21231_dijon","parentCode":"21231","parentLabel":"Dijon","territoryType":"iris","source":"IGN / INSEE - Contours IRIS WFS Géoplateforme","sourceYear":"2026","officialId":"212310102","sourceCleabs":"IRIS____0000000212310102","communeCode":"21231","communeName":"Dijon","irisCode":"0102","irisType":"H","officialAreaM2":253975.09423828125,"labelLng":5.039886679127905,"labelLat":47.318971072946766,"bbox":[5.0335501,47.3166018,5.04354161,47.32224103]},"geometry":{"type":"MultiPolygon","coordinates":[[[[5.03775211,47.31678457],[5.03420685,47.3166018],[5.0335501,47.31719775],[5.03402381,47.3174326],[5.03560761,47.31809644],[5.03653253,47.31842603],[5.0369168,47.31864172],[5.03812209,47.31948417],[5.03887443,47.32008062],[5.03884774,47.32014503],[5.0390301,47.32037867],[5.04008267,47.32218375],[5.04079675,47.32212077],[5.04094198,47.32217856],[5.04107806,47.32216986],[5.04113041,47.32222297],[5.04179327,47.32224103],[5.04258905,47.32220182],[5.04248499,47.32197312],[5.04354161,47.32189779],[5.04344435,47.3212214],[5.04312884,47.3207956],[5.04306844,47.32060034],[5.04308265,47.32020836],[5.04345031,47.31807303],[5.04345319,47.31766143],[5.04338352,47.31725742],[5.04234272,47.31718928],[5.03935044,47.31685376],[5.03775211,47.31678457]]]]}},{"type":"Feature","id":"dijon_212310103_saint_michel","properties":{"zoneId":"dijon_212310103_saint_michel","label":"Saint-Michel","districtCode":"212310103","arrondissementCode":"21231","colorIndex":2,"parentZoneId":"dijon_parent_21231_dijon","parentCode":"21231","parentLabel":"Dijon","territoryType":"iris","source":"IGN / INSEE - Contours IRIS WFS Géoplateforme","sourceYear":"2026","officialId":"212310103","sourceCleabs":"IRIS____0000000212310103","communeCode":"21231","communeName":"Dijon","irisCode":"0103","irisType":"H","officialAreaM2":205173.30590820312,"labelLng":5.046250871911831,"labelLat":47.320046416715606,"bbox":[5.04306844,47.31720409,5.05195795,47.32238176]},"geometry":{"type":"MultiPolygon","coordinates":[[[[5.05174169,47.32178468],[5.05169861,47.32162785],[5.05173609,47.32153443],[5.05180429,47.32144768],[5.05195795,47.32137922],[5.05155053,47.32125314],[5.05084872,47.32083959],[5.05033316,47.32058664],[5.04995037,47.32027281],[5.04497984,47.31720409],[5.04338352,47.31725742],[5.04345319,47.31766143],[5.04345031,47.31807303],[5.04308265,47.32020836],[5.04306844,47.32060034],[5.04312884,47.3207956],[5.04344435,47.3212214],[5.04354161,47.32189779],[5.04362228,47.32238176],[5.04443876,47.32226022],[5.04510956,47.3220692],[5.0466524,47.32175564],[5.04790868,47.32142911],[5.04826969,47.32138041],[5.04940753,47.32173315],[5.05134215,47.32169178],[5.05160042,47.32172684],[5.05174169,47.32178468]]]]}},{"type":"Feature","id":"dijon_212310201_grangier","properties":{"zoneId":"dijon_212310201_grangier","label":"Grangier","districtCode":"212310201","arrondissementCode":"21231","colorIndex":3,"parentZoneId":"dijon_parent_21231_dijon","parentCode":"21231","parentLabel":"Dijon","territoryType":"iris","source":"IGN / INSEE - Contours IRIS WFS Géoplateforme","sourceYear":"2026","officialId":"212310201","sourceCleabs":"IRIS____0000000212310201","communeCode":"21231","communeName":"Dijon","irisCode":"0201","irisType":"H","officialAreaM2":266077.21325683594,"labelLng":5.037440276242355,"labelLat":47.32340367789957,"bbox":[5.03013521,47.32116743,5.04351338,47.32638303]},"geometry":{"type":"MultiPolygon","coordinates":[[[[5.03939416,47.32556924],[5.03954409,47.32554139],[5.04062913,47.32582851],[5.04345675,47.32638303],[5.04351338,47.32616591],[5.0426517,47.32510133],[5.04188227,47.32384962],[5.04139907,47.32336733],[5.04112796,47.32295965],[5.04096367,47.32229615],[5.04113041,47.32222297],[5.04107806,47.32216986],[5.04094198,47.32217856],[5.04079675,47.32212077],[5.04008267,47.32218375],[5.03974988,47.32224363],[5.03928054,47.32219514],[5.03894706,47.32209744],[5.0387895,47.32195882],[5.03831951,47.32203282],[5.03795785,47.32213462],[5.03725765,47.32123737],[5.03713611,47.32117557],[5.03655411,47.321229],[5.03503276,47.32116743],[5.03432669,47.32123203],[5.03418979,47.321184],[5.03411212,47.32123129],[5.03339018,47.32140153],[5.03225145,47.32158176],[5.03248398,47.32184695],[5.03037495,47.32224947],[5.03015594,47.32230643],[5.03013521,47.32238874],[5.03333003,47.32348461],[5.03353103,47.32365129],[5.03370363,47.3238725],[5.03415051,47.32388718],[5.03421059,47.32393476],[5.03456167,47.32393761],[5.03939416,47.32556924]]]]}},{"type":"Feature","id":"dijon_212310202_jean_jacques_rousseau","properties":{"zoneId":"dijon_212310202_jean_jacques_rousseau","label":"Jean-Jacques Rousseau","districtCode":"212310202","arrondissementCode":"21231","colorIndex":4,"parentZoneId":"dijon_parent_21231_dijon","parentCode":"21231","parentLabel":"Dijon","territoryType":"iris","source":"IGN / INSEE - Contours IRIS WFS Géoplateforme","sourceYear":"2026","officialId":"212310202","sourceCleabs":"IRIS____0000000212310202","communeCode":"21231","communeName":"Dijon","irisCode":"0202","irisType":"H","officialAreaM2":252995.95043945312,"labelLng":5.045850261088806,"labelLat":47.32359933167982,"bbox":[5.04096367,47.32138041,5.05174169,47.32656394]},"geometry":{"type":"MultiPolygon","coordinates":[[[[5.04614339,47.32612139],[5.04648852,47.32582894],[5.05160264,47.32209692],[5.0517134,47.32194548],[5.05174169,47.32178468],[5.05160042,47.32172684],[5.05134215,47.32169178],[5.04940753,47.32173315],[5.04826969,47.32138041],[5.04790868,47.32142911],[5.0466524,47.32175564],[5.04510956,47.3220692],[5.04443876,47.32226022],[5.04362228,47.32238176],[5.04354161,47.32189779],[5.04248499,47.32197312],[5.04258905,47.32220182],[5.04179327,47.32224103],[5.04113041,47.32222297],[5.04096367,47.32229615],[5.04112796,47.32295965],[5.04139907,47.32336733],[5.04188227,47.32384962],[5.0426517,47.32510133],[5.04351338,47.32616591],[5.04345675,47.32638303],[5.04365748,47.32643713],[5.04378639,47.32655283],[5.04387157,47.32656394],[5.04554765,47.32612829],[5.04589257,47.32607358],[5.04614339,47.32612139]]]]}},{"type":"Feature","id":"dijon_212310301_darcy","properties":{"zoneId":"dijon_212310301_darcy","label":"Darcy","districtCode":"212310301","arrondissementCode":"21231","colorIndex":5,"parentZoneId":"dijon_parent_21231_dijon","parentCode":"21231","parentLabel":"Dijon","territoryType":"iris","source":"IGN / INSEE - Contours IRIS WFS Géoplateforme","sourceYear":"2026","officialId":"212310301","sourceCleabs":"IRIS____0000000212310301","communeCode":"21231","communeName":"Dijon","irisCode":"0301","irisType":"H","officialAreaM2":222265.22424316406,"labelLng":5.032443493579602,"labelLat":47.325216676589434,"bbox":[5.02866159,47.32238874,5.03939416,47.32825816]},"geometry":{"type":"MultiPolygon","coordinates":[[[[5.02887429,47.3270458],[5.02966749,47.32651593],[5.02989032,47.32683983],[5.03055986,47.32825816],[5.03159055,47.32791414],[5.03324565,47.32744571],[5.03248518,47.32544635],[5.0350999,47.32562838],[5.03531972,47.32562723],[5.0354332,47.32558111],[5.03600582,47.32573317],[5.03641568,47.32567915],[5.03635396,47.32572796],[5.03635103,47.32582527],[5.03835594,47.32637544],[5.03873335,47.32578076],[5.03893426,47.32580515],[5.03918149,47.32575848],[5.03939416,47.32556924],[5.03456167,47.32393761],[5.03421059,47.32393476],[5.03415051,47.32388718],[5.03370363,47.3238725],[5.03353103,47.32365129],[5.03333003,47.32348461],[5.03013521,47.32238874],[5.03002708,47.32261126],[5.02945956,47.32311827],[5.02933207,47.3232844],[5.02913924,47.32431437],[5.02866159,47.32688472],[5.02887429,47.3270458]]]]}},{"type":"Feature","id":"dijon_212310302_les_roses","properties":{"zoneId":"dijon_212310302_les_roses","label":"Les Roses","districtCode":"212310302","arrondissementCode":"21231","colorIndex":6,"parentZoneId":"dijon_parent_21231_dijon","parentCode":"21231","parentLabel":"Dijon","territoryType":"iris","source":"IGN / INSEE - Contours IRIS WFS Géoplateforme","sourceYear":"2026","officialId":"212310302","sourceCleabs":"IRIS____0000000212310302","communeCode":"21231","communeName":"Dijon","irisCode":"0302","irisType":"H","officialAreaM2":135639.52734375,"labelLng":5.035583464244065,"labelLat":47.32725858147899,"bbox":[5.03248518,47.32544635,5.03844025,47.32935745]},"geometry":{"type":"MultiPolygon","coordinates":[[[[5.03324565,47.32744571],[5.03395238,47.3292488],[5.03407306,47.32935745],[5.03475483,47.32892856],[5.03622162,47.32883801],[5.03834966,47.32879077],[5.03833941,47.32817228],[5.03844025,47.32639827],[5.03835594,47.32637544],[5.03635103,47.32582527],[5.03635396,47.32572796],[5.03641568,47.32567915],[5.03600582,47.32573317],[5.0354332,47.32558111],[5.03531972,47.32562723],[5.0350999,47.32562838],[5.03248518,47.32544635],[5.03324565,47.32744571]]]]}},{"type":"Feature","id":"dijon_212310303_republique","properties":{"zoneId":"dijon_212310303_republique","label":"République","districtCode":"212310303","arrondissementCode":"21231","colorIndex":7,"parentZoneId":"dijon_parent_21231_dijon","parentCode":"21231","parentLabel":"Dijon","territoryType":"iris","source":"IGN / INSEE - Contours IRIS WFS Géoplateforme","sourceYear":"2026","officialId":"212310303","sourceCleabs":"IRIS____0000000212310303","communeCode":"21231","communeName":"Dijon","irisCode":"0303","irisType":"H","officialAreaM2":258573.8583984375,"labelLng":5.043447692781254,"labelLat":47.32796522589682,"bbox":[5.03833941,47.32554139,5.04952474,47.33013747]},"geometry":{"type":"MultiPolygon","coordinates":[[[[5.04353976,47.32995488],[5.04677334,47.33013747],[5.04813287,47.33008198],[5.04845191,47.33000791],[5.04952474,47.3295207],[5.04934097,47.32932132],[5.04879492,47.32823681],[5.04744487,47.32853979],[5.04668846,47.32739054],[5.04650382,47.32720288],[5.04689116,47.32711411],[5.04584331,47.32679668],[5.04627607,47.32664857],[5.04639014,47.32640972],[5.04632901,47.32623069],[5.04614339,47.32612139],[5.04589257,47.32607358],[5.04554765,47.32612829],[5.04387157,47.32656394],[5.04378639,47.32655283],[5.04365748,47.32643713],[5.04345675,47.32638303],[5.04062913,47.32582851],[5.03954409,47.32554139],[5.03939416,47.32556924],[5.03918149,47.32575848],[5.03893426,47.32580515],[5.03873335,47.32578076],[5.03835594,47.32637544],[5.03844025,47.32639827],[5.03833941,47.32817228],[5.03834966,47.32879077],[5.03878161,47.32879489],[5.03901487,47.32890336],[5.0391482,47.32896135],[5.03957151,47.32898183],[5.04067696,47.32886335],[5.04129265,47.32871835],[5.04222574,47.32838676],[5.04295357,47.32906556],[5.04312396,47.3292967],[5.04321615,47.32952652],[5.04311882,47.32992716],[5.04353976,47.32995488]]]]}},{"type":"Feature","id":"dijon_212310304_clemenceau","properties":{"zoneId":"dijon_212310304_clemenceau","label":"Clemenceau","districtCode":"212310304","arrondissementCode":"21231","colorIndex":0,"parentZoneId":"dijon_parent_21231_dijon","parentCode":"21231","parentLabel":"Dijon","territoryType":"iris","source":"IGN / INSEE - Contours IRIS WFS Géoplateforme","sourceYear":"2026","officialId":"212310304","sourceCleabs":"IRIS____0000000212310304","communeCode":"21231","communeName":"Dijon","irisCode":"0304","irisType":"H","officialAreaM2":120413.18237304688,"labelLng":5.049351724702742,"labelLat":47.32728324751524,"bbox":[5.04584331,47.32543395,5.05264369,47.3295207]},"geometry":{"type":"MultiPolygon","coordinates":[[[[5.05140677,47.32840773],[5.05248775,47.32706124],[5.05264091,47.32673704],[5.05264369,47.32653257],[5.05116494,47.32648126],[5.05096023,47.32642724],[5.05031221,47.32607126],[5.04978722,47.32543395],[5.04661392,47.32623467],[5.04632901,47.32623069],[5.04639014,47.32640972],[5.04627607,47.32664857],[5.04584331,47.32679668],[5.04689116,47.32711411],[5.04650382,47.32720288],[5.04668846,47.32739054],[5.04744487,47.32853979],[5.04879492,47.32823681],[5.04934097,47.32932132],[5.04952474,47.3295207],[5.05059391,47.32900743],[5.05100774,47.32888395],[5.05085988,47.32882713],[5.05073507,47.32868075],[5.05073698,47.328488],[5.05083512,47.32838721],[5.05118053,47.32834508],[5.05140677,47.32840773]]]]}},{"type":"Feature","id":"dijon_212310305_davout","properties":{"zoneId":"dijon_212310305_davout","label":"Davout","districtCode":"212310305","arrondissementCode":"21231","colorIndex":1,"parentZoneId":"dijon_parent_21231_dijon","parentCode":"21231","parentLabel":"Dijon","territoryType":"iris","source":"IGN / INSEE - Contours IRIS WFS Géoplateforme","sourceYear":"2026","officialId":"212310305","sourceCleabs":"IRIS____0000000212310305","communeCode":"21231","communeName":"Dijon","irisCode":"0305","irisType":"H","officialAreaM2":331200.77087402344,"labelLng":5.0528237678902315,"labelLat":47.3251536890721,"bbox":[5.04614339,47.32135533,5.05674884,47.32879501]},"geometry":{"type":"MultiPolygon","coordinates":[[[[5.05195795,47.32137922],[5.05180429,47.32144768],[5.05173609,47.32153443],[5.05169861,47.32162785],[5.05174169,47.32178468],[5.0517134,47.32194548],[5.05160264,47.32209692],[5.04648852,47.32582894],[5.04614339,47.32612139],[5.04632901,47.32623069],[5.04661392,47.32623467],[5.04978722,47.32543395],[5.05031221,47.32607126],[5.05096023,47.32642724],[5.05116494,47.32648126],[5.05264369,47.32653257],[5.05264091,47.32673704],[5.05248775,47.32706124],[5.05140677,47.32840773],[5.05151435,47.32851929],[5.05265858,47.32851528],[5.05578605,47.32876433],[5.05674884,47.32879501],[5.05665788,47.32846072],[5.05664081,47.32801526],[5.05608241,47.32567835],[5.05618534,47.32566843],[5.05610935,47.3253789],[5.05489146,47.32179652],[5.05472304,47.32154825],[5.05415184,47.32160698],[5.05307367,47.32163776],[5.05276367,47.3215658],[5.05237118,47.32138002],[5.0521888,47.32135533],[5.05195795,47.32137922]]]]}},{"type":"Feature","id":"dijon_212310401_petit_citeaux","properties":{"zoneId":"dijon_212310401_petit_citeaux","label":"Petit Cîteaux","districtCode":"212310401","arrondissementCode":"21231","colorIndex":2,"parentZoneId":"dijon_parent_21231_dijon","parentCode":"21231","parentLabel":"Dijon","territoryType":"iris","source":"IGN / INSEE - Contours IRIS WFS Géoplateforme","sourceYear":"2026","officialId":"212310401","sourceCleabs":"IRIS____0000000212310401","communeCode":"21231","communeName":"Dijon","irisCode":"0401","irisType":"H","officialAreaM2":196207.79174804688,"labelLng":5.036312205595202,"labelLat":47.31468916595025,"bbox":[5.03213672,47.31201543,5.04055462,47.31678457]},"geometry":{"type":"MultiPolygon","coordinates":[[[[5.03420685,47.3166018],[5.03775211,47.31678457],[5.03828305,47.31563157],[5.03845798,47.31542588],[5.03862441,47.31541485],[5.03864627,47.31532801],[5.03858776,47.31528672],[5.04055462,47.31327729],[5.04047173,47.31318689],[5.03954138,47.31201543],[5.03791994,47.31251939],[5.03769881,47.31262413],[5.03389691,47.31390833],[5.03293715,47.31429977],[5.03245624,47.31443336],[5.03213672,47.31652189],[5.03252086,47.31652507],[5.03260549,47.31652179],[5.03263589,47.31648523],[5.03420685,47.3166018]]]]}},{"type":"Feature","id":"dijon_212310402_saint_pierre","properties":{"zoneId":"dijon_212310402_saint_pierre","label":"Saint-Pierre","districtCode":"212310402","arrondissementCode":"21231","colorIndex":3,"parentZoneId":"dijon_parent_21231_dijon","parentCode":"21231","parentLabel":"Dijon","territoryType":"iris","source":"IGN / INSEE - Contours IRIS WFS Géoplateforme","sourceYear":"2026","officialId":"212310402","sourceCleabs":"IRIS____0000000212310402","communeCode":"21231","communeName":"Dijon","irisCode":"0402","irisType":"H","officialAreaM2":194623.38842773438,"labelLng":5.041748206195389,"labelLat":47.3142901286897,"bbox":[5.03775211,47.30991255,5.04543434,47.31725742]},"geometry":{"type":"MultiPolygon","coordinates":[[[[5.04543434,47.30991255],[5.04512184,47.30994687],[5.04448474,47.31028859],[5.04232097,47.31174413],[5.04047173,47.31318689],[5.04055462,47.31327729],[5.03858776,47.31528672],[5.03864627,47.31532801],[5.03862441,47.31541485],[5.03845798,47.31542588],[5.03828305,47.31563157],[5.03775211,47.31678457],[5.03935044,47.31685376],[5.04234272,47.31718928],[5.04338352,47.31725742],[5.04337155,47.31690822],[5.04329217,47.31677094],[5.0429371,47.31666192],[5.042637,47.31646638],[5.04252097,47.31630542],[5.04251799,47.31601821],[5.04264522,47.31577733],[5.04287619,47.31558325],[5.04304189,47.31551819],[5.04325621,47.31554774],[5.04339574,47.31517787],[5.04319707,47.31517686],[5.04543434,47.30991255]]]]}},{"type":"Feature","id":"dijon_212310403_docteur_lavalle","properties":{"zoneId":"dijon_212310403_docteur_lavalle","label":"Docteur Lavalle","districtCode":"212310403","arrondissementCode":"21231","colorIndex":4,"parentZoneId":"dijon_parent_21231_dijon","parentCode":"21231","parentLabel":"Dijon","territoryType":"iris","source":"IGN / INSEE - Contours IRIS WFS Géoplateforme","sourceYear":"2026","officialId":"212310403","sourceCleabs":"IRIS____0000000212310403","communeCode":"21231","communeName":"Dijon","irisCode":"0403","irisType":"H","officialAreaM2":284341.3878173828,"labelLng":5.046260946712958,"labelLat":47.31309490770898,"bbox":[5.04251799,47.30822029,5.04917383,47.31725742]},"geometry":{"type":"MultiPolygon","coordinates":[[[[5.04338352,47.31725742],[5.04497984,47.31720409],[5.04480756,47.31709636],[5.04496999,47.3170845],[5.04501685,47.31699362],[5.04432466,47.31616921],[5.04524568,47.3156658],[5.04703026,47.31676542],[5.04760029,47.31653834],[5.04788585,47.31614427],[5.04813771,47.31594261],[5.048529,47.31533504],[5.04868904,47.31477479],[5.04871019,47.31428812],[5.04877191,47.3140664],[5.04884352,47.31403452],[5.04878968,47.31397693],[5.04917383,47.31380716],[5.04858,47.31167436],[5.04814104,47.31040694],[5.0481489,47.31030054],[5.04821256,47.31023368],[5.0481308,47.31017298],[5.0486295,47.30866838],[5.04725494,47.30848912],[5.04676546,47.30853467],[5.04663534,47.30835145],[5.04642767,47.30825245],[5.04615767,47.30822029],[5.04585656,47.30827513],[5.04561405,47.3084433],[5.04554891,47.30861015],[5.04556441,47.30870443],[5.04566403,47.30888639],[5.04601032,47.30904418],[5.04563811,47.30990895],[5.04543434,47.30991255],[5.04319707,47.31517686],[5.04339574,47.31517787],[5.04325621,47.31554774],[5.04304189,47.31551819],[5.04287619,47.31558325],[5.04264522,47.31577733],[5.04251799,47.31601821],[5.04252097,47.31630542],[5.042637,47.31646638],[5.0429371,47.31666192],[5.04329217,47.31677094],[5.04337155,47.31690822],[5.04338352,47.31725742]]]]}},{"type":"Feature","id":"dijon_212310404_voltaire","properties":{"zoneId":"dijon_212310404_voltaire","label":"Voltaire","districtCode":"212310404","arrondissementCode":"21231","colorIndex":5,"parentZoneId":"dijon_parent_21231_dijon","parentCode":"21231","parentLabel":"Dijon","territoryType":"iris","source":"IGN / INSEE - Contours IRIS WFS Géoplateforme","sourceYear":"2026","officialId":"212310404","sourceCleabs":"IRIS____0000000212310404","communeCode":"21231","communeName":"Dijon","irisCode":"0404","irisType":"H","officialAreaM2":404645.5411376953,"labelLng":5.050651261981852,"labelLat":47.31719383860398,"bbox":[5.04432466,47.311466,5.05476114,47.32163776]},"geometry":{"type":"MultiPolygon","coordinates":[[[[5.05195795,47.32137922],[5.0521888,47.32135533],[5.05237118,47.32138002],[5.05276367,47.3215658],[5.05307367,47.32163776],[5.05415184,47.32160698],[5.05472304,47.32154825],[5.05476114,47.32136747],[5.05412458,47.31926787],[5.05338758,47.31634156],[5.0530205,47.314257],[5.05288447,47.31329673],[5.05276727,47.31327899],[5.0527628,47.31323134],[5.05247286,47.311466],[5.05086281,47.31278494],[5.05075175,47.31282382],[5.05038342,47.31313021],[5.04917383,47.31380716],[5.04878968,47.31397693],[5.04884352,47.31403452],[5.04877191,47.3140664],[5.04871019,47.31428812],[5.04868904,47.31477479],[5.048529,47.31533504],[5.04813771,47.31594261],[5.04788585,47.31614427],[5.04760029,47.31653834],[5.04703026,47.31676542],[5.04524568,47.3156658],[5.04432466,47.31616921],[5.04501685,47.31699362],[5.04496999,47.3170845],[5.04480756,47.31709636],[5.04497984,47.31720409],[5.04995037,47.32027281],[5.05033316,47.32058664],[5.05084872,47.32083959],[5.05155053,47.32125314],[5.05195795,47.32137922]]]]}},{"type":"Feature","id":"dijon_212310501_lyautey","properties":{"zoneId":"dijon_212310501_lyautey","label":"Lyautey","districtCode":"212310501","arrondissementCode":"21231","colorIndex":6,"parentZoneId":"dijon_parent_21231_dijon","parentCode":"21231","parentLabel":"Dijon","territoryType":"iris","source":"IGN / INSEE - Contours IRIS WFS Géoplateforme","sourceYear":"2026","officialId":"212310501","sourceCleabs":"IRIS____0000000212310501","communeCode":"21231","communeName":"Dijon","irisCode":"0501","irisType":"H","officialAreaM2":238579.7607421875,"labelLng":5.061070479108695,"labelLat":47.32838382807407,"bbox":[5.05472304,47.32153866,5.07055404,47.33528459]},"geometry":{"type":"MultiPolygon","coordinates":[[[[5.07055404,47.3289558],[5.07019599,47.32880729],[5.06981584,47.32873842],[5.06940413,47.32843507],[5.06916972,47.32836721],[5.06793549,47.32775432],[5.06733396,47.32750837],[5.06464704,47.32721128],[5.05690365,47.32675166],[5.05605481,47.32398944],[5.05555931,47.32308597],[5.05506697,47.321607],[5.05495973,47.32153866],[5.05472304,47.32154825],[5.05489146,47.32179652],[5.05610935,47.3253789],[5.05618534,47.32566843],[5.05608241,47.32567835],[5.05664081,47.32801526],[5.05665788,47.32846072],[5.05674884,47.32879501],[5.05702468,47.32970236],[5.05712388,47.33025173],[5.05780569,47.33255763],[5.05840702,47.33528459],[5.05885178,47.3352758],[5.05873271,47.33486547],[5.05858915,47.33457624],[5.05827779,47.33308958],[5.05833617,47.33291925],[5.05882047,47.33283682],[5.05838247,47.33094896],[5.05827974,47.32978999],[5.05832628,47.32879317],[5.06505078,47.32882326],[5.06536502,47.32890052],[5.06901969,47.3289075],[5.0701218,47.32904725],[5.07055404,47.3289558]]]]}},{"type":"Feature","id":"dijon_212310502_parc_des_sports","properties":{"zoneId":"dijon_212310502_parc_des_sports","label":"Parc des Sports","districtCode":"212310502","arrondissementCode":"21231","colorIndex":7,"parentZoneId":"dijon_parent_21231_dijon","parentCode":"21231","parentLabel":"Dijon","territoryType":"iris","source":"IGN / INSEE - Contours IRIS WFS Géoplateforme","sourceYear":"2026","officialId":"212310502","sourceCleabs":"IRIS____0000000212310502","communeCode":"21231","communeName":"Dijon","irisCode":"0502","irisType":"H","officialAreaM2":776797.4577636719,"labelLng":5.064835543076314,"labelLat":47.324659342402825,"bbox":[5.05495973,47.32144006,5.07405744,47.32880729]},"geometry":{"type":"MultiPolygon","coordinates":[[[[5.07019599,47.32880729],[5.07249424,47.32706247],[5.0730255,47.32648294],[5.07405744,47.3257675],[5.07363916,47.32385411],[5.07308868,47.3222889],[5.07077278,47.32233473],[5.06521633,47.32228241],[5.06434183,47.32216829],[5.06128099,47.32188677],[5.06020079,47.32172674],[5.05941161,47.32148859],[5.05894887,47.32144006],[5.05495973,47.32153866],[5.05506697,47.321607],[5.05555931,47.32308597],[5.05605481,47.32398944],[5.05690365,47.32675166],[5.06464704,47.32721128],[5.06733396,47.32750837],[5.06793549,47.32775432],[5.06916972,47.32836721],[5.06940413,47.32843507],[5.06981584,47.32873842],[5.07019599,47.32880729]]]]}},{"type":"Feature","id":"dijon_212310503_champmaillot","properties":{"zoneId":"dijon_212310503_champmaillot","label":"Champmaillot","districtCode":"212310503","arrondissementCode":"21231","colorIndex":0,"parentZoneId":"dijon_parent_21231_dijon","parentCode":"21231","parentLabel":"Dijon","territoryType":"iris","source":"IGN / INSEE - Contours IRIS WFS Géoplateforme","sourceYear":"2026","officialId":"212310503","sourceCleabs":"IRIS____0000000212310503","communeCode":"21231","communeName":"Dijon","irisCode":"0503","irisType":"H","officialAreaM2":699840.98046875,"labelLng":5.059610159412187,"labelLat":47.317953325187965,"bbox":[5.0530205,47.31317292,5.06537904,47.32228241]},"geometry":{"type":"MultiPolygon","coordinates":[[[[5.05472304,47.32154825],[5.05495973,47.32153866],[5.05894887,47.32144006],[5.05941161,47.32148859],[5.06020079,47.32172674],[5.06128099,47.32188677],[5.06434183,47.32216829],[5.06521633,47.32228241],[5.06537904,47.31752737],[5.06534041,47.3171084],[5.0635874,47.31415338],[5.06286513,47.31317292],[5.06193053,47.31359297],[5.06095348,47.31394262],[5.05788109,47.31486705],[5.05774454,47.31479382],[5.05762427,47.3148689],[5.05735369,47.31489171],[5.05652889,47.31472351],[5.05602889,47.31466843],[5.05556449,47.31450555],[5.05512771,47.31423412],[5.0547803,47.3141178],[5.05411546,47.31411515],[5.05347856,47.31418496],[5.05334845,47.31414133],[5.0530205,47.314257],[5.05338758,47.31634156],[5.05412458,47.31926787],[5.05476114,47.32136747],[5.05472304,47.32154825]]]]}},{"type":"Feature","id":"dijon_212310601_universites","properties":{"zoneId":"dijon_212310601_universites","label":"Universités","districtCode":"212310601","arrondissementCode":"21231","colorIndex":1,"parentZoneId":"dijon_parent_21231_dijon","parentCode":"21231","parentLabel":"Dijon","territoryType":"iris","source":"IGN / INSEE - Contours IRIS WFS Géoplateforme","sourceYear":"2026","officialId":"212310601","sourceCleabs":"IRIS____0000000212310601","communeCode":"21231","communeName":"Dijon","irisCode":"0601","irisType":"H","officialAreaM2":2612512.910888672,"labelLng":5.075762671658763,"labelLat":47.31237757579055,"bbox":[5.05986163,47.30083808,5.08815445,47.32068771]},"geometry":{"type":"MultiPolygon","coordinates":[[[[5.07314627,47.32065969],[5.07407553,47.32061427],[5.07547255,47.3204047],[5.07675048,47.32050612],[5.07760398,47.32065925],[5.0783785,47.32068771],[5.07985132,47.32038397],[5.08313089,47.32039721],[5.08315022,47.3204518],[5.08362324,47.3204235],[5.08699747,47.32065737],[5.08709237,47.32040711],[5.08781739,47.31970786],[5.08815445,47.31853378],[5.08728828,47.31856557],[5.08777008,47.31580123],[5.08772162,47.31438464],[5.08653237,47.31455191],[5.08226532,47.31429983],[5.08431623,47.31064372],[5.08534945,47.31062066],[5.0854148,47.31008726],[5.08550919,47.31002883],[5.08535739,47.30966593],[5.08536251,47.30850233],[5.08454102,47.30872601],[5.08467301,47.30782849],[5.08465573,47.30751991],[5.08440853,47.3067796],[5.08323105,47.30482313],[5.08121346,47.30178574],[5.0811011,47.30158514],[5.08102846,47.30083808],[5.08029179,47.30133488],[5.07930624,47.30179832],[5.07802266,47.30225808],[5.07449382,47.30340547],[5.07393143,47.30348126],[5.07337905,47.3034389],[5.07288715,47.30328288],[5.07170135,47.30277904],[5.07146801,47.30283904],[5.07111583,47.30335323],[5.07112131,47.30349542],[5.0712242,47.30369171],[5.07231994,47.30464023],[5.07328124,47.30536332],[5.07426498,47.30628951],[5.07453834,47.30668267],[5.07453832,47.30709332],[5.07432448,47.30741864],[5.07397343,47.30765365],[5.06881839,47.30990516],[5.06549306,47.30720511],[5.0630177,47.30873503],[5.06086249,47.30977833],[5.05986163,47.31040306],[5.06222415,47.31248099],[5.06286513,47.31317292],[5.0635874,47.31415338],[5.06534041,47.3171084],[5.06631272,47.31708209],[5.06706948,47.31696056],[5.06838453,47.31899037],[5.07164462,47.31860444],[5.07318016,47.31851939],[5.0733886,47.31884167],[5.07314627,47.32065969]]]]}},{"type":"Feature","id":"dijon_212310701_lentilleres","properties":{"zoneId":"dijon_212310701_lentilleres","label":"Lentillères","districtCode":"212310701","arrondissementCode":"21231","colorIndex":2,"parentZoneId":"dijon_parent_21231_dijon","parentCode":"21231","parentLabel":"Dijon","territoryType":"iris","source":"IGN / INSEE - Contours IRIS WFS Géoplateforme","sourceYear":"2026","officialId":"212310701","sourceCleabs":"IRIS____0000000212310701","communeCode":"21231","communeName":"Dijon","irisCode":"0701","irisType":"H","officialAreaM2":457763.8944091797,"labelLng":5.0520390044985115,"labelLat":47.308487937479214,"bbox":[5.0481308,47.30194427,5.05824866,47.31380716]},"geometry":{"type":"MultiPolygon","coordinates":[[[[5.0547805,47.30194427],[5.0524215,47.30302164],[5.05001515,47.30372787],[5.049534,47.30551673],[5.04955357,47.30557853],[5.0486295,47.30866838],[5.0481308,47.31017298],[5.04821256,47.31023368],[5.0481489,47.31030054],[5.04814104,47.31040694],[5.04858,47.31167436],[5.04917383,47.31380716],[5.05038342,47.31313021],[5.05075175,47.31282382],[5.05086281,47.31278494],[5.05247286,47.311466],[5.0527628,47.31323134],[5.05328171,47.31333113],[5.05352158,47.31236691],[5.054363,47.31172524],[5.05484109,47.3115889],[5.05824866,47.31094948],[5.05539317,47.30906212],[5.05628237,47.30832143],[5.05685639,47.30796005],[5.05600142,47.30751952],[5.05419303,47.30870153],[5.05343978,47.30925879],[5.0529081,47.30892779],[5.0526563,47.30888722],[5.05284419,47.30812204],[5.0547805,47.30194427]]]]}},{"type":"Feature","id":"dijon_212310702_petites_roches","properties":{"zoneId":"dijon_212310702_petites_roches","label":"Petites Roches","districtCode":"212310702","arrondissementCode":"21231","colorIndex":3,"parentZoneId":"dijon_parent_21231_dijon","parentCode":"21231","parentLabel":"Dijon","territoryType":"iris","source":"IGN / INSEE - Contours IRIS WFS Géoplateforme","sourceYear":"2026","officialId":"212310702","sourceCleabs":"IRIS____0000000212310702","communeCode":"21231","communeName":"Dijon","irisCode":"0702","irisType":"H","officialAreaM2":228151.7364501953,"labelLng":5.057800312562565,"labelLat":47.3128310680847,"bbox":[5.0527628,47.310389,5.06286513,47.31489171]},"geometry":{"type":"MultiPolygon","coordinates":[[[[5.06286513,47.31317292],[5.06222415,47.31248099],[5.05986163,47.31040306],[5.05979091,47.310389],[5.05908031,47.31077984],[5.05824866,47.31094948],[5.05484109,47.3115889],[5.054363,47.31172524],[5.05352158,47.31236691],[5.05328171,47.31333113],[5.0527628,47.31323134],[5.05276727,47.31327899],[5.05288447,47.31329673],[5.0530205,47.314257],[5.05334845,47.31414133],[5.05347856,47.31418496],[5.05411546,47.31411515],[5.0547803,47.3141178],[5.05512771,47.31423412],[5.05556449,47.31450555],[5.05602889,47.31466843],[5.05652889,47.31472351],[5.05735369,47.31489171],[5.05762427,47.3148689],[5.05774454,47.31479382],[5.05788109,47.31486705],[5.06095348,47.31394262],[5.06193053,47.31359297],[5.06286513,47.31317292]]]]}},{"type":"Feature","id":"dijon_212310703_mansart","properties":{"zoneId":"dijon_212310703_mansart","label":"Mansart","districtCode":"212310703","arrondissementCode":"21231","colorIndex":4,"parentZoneId":"dijon_parent_21231_dijon","parentCode":"21231","parentLabel":"Dijon","territoryType":"iris","source":"IGN / INSEE - Contours IRIS WFS Géoplateforme","sourceYear":"2026","officialId":"212310703","sourceCleabs":"IRIS____0000000212310703","communeCode":"21231","communeName":"Dijon","irisCode":"0703","irisType":"H","officialAreaM2":273862.68811035156,"labelLng":5.0606663074357,"labelLat":47.307668483529085,"bbox":[5.05539317,47.30350544,5.06549306,47.31094948]},"geometry":{"type":"MultiPolygon","coordinates":[[[[5.05685639,47.30796005],[5.05628237,47.30832143],[5.05539317,47.30906212],[5.05824866,47.31094948],[5.05908031,47.31077984],[5.05979091,47.310389],[5.05986163,47.31040306],[5.06086249,47.30977833],[5.0630177,47.30873503],[5.06549306,47.30720511],[5.0631716,47.30533184],[5.06320269,47.30521062],[5.06501786,47.30421295],[5.06413938,47.30350544],[5.05737847,47.30748702],[5.05685639,47.30796005]]]]}},{"type":"Feature","id":"dijon_212310704_abattoirs","properties":{"zoneId":"dijon_212310704_abattoirs","label":"Abattoirs","districtCode":"212310704","arrondissementCode":"21231","colorIndex":5,"parentZoneId":"dijon_parent_21231_dijon","parentCode":"21231","parentLabel":"Dijon","territoryType":"iris","source":"IGN / INSEE - Contours IRIS WFS Géoplateforme","sourceYear":"2026","officialId":"212310704","sourceCleabs":"IRIS____0000000212310704","communeCode":"21231","communeName":"Dijon","irisCode":"0704","irisType":"H","officialAreaM2":4022726.6975097656,"labelLng":5.078166775867697,"labelLat":47.300048987090314,"bbox":[5.0526563,47.28628819,5.10199676,47.30990516]},"geometry":{"type":"MultiPolygon","coordinates":[[[[5.09705778,47.30189046],[5.09140306,47.29627127],[5.0892891,47.29300611],[5.08997543,47.28628819],[5.08167815,47.2903791],[5.08054067,47.2891018],[5.07970412,47.28947612],[5.07938025,47.28982863],[5.07841701,47.29031598],[5.07783364,47.29073528],[5.0774052,47.29122475],[5.07672199,47.29145852],[5.07489184,47.29242874],[5.06961967,47.29589546],[5.06889947,47.29675212],[5.0687194,47.29709483],[5.068377,47.29727835],[5.06718736,47.29790831],[5.06449239,47.29970515],[5.06308873,47.30093505],[5.06294941,47.30130585],[5.06230326,47.30116514],[5.05752218,47.29966234],[5.05650547,47.29945433],[5.05618859,47.29930325],[5.05600779,47.29907591],[5.0556072,47.29991961],[5.05523453,47.30132026],[5.0549243,47.3018967],[5.0547805,47.30194427],[5.05284419,47.30812204],[5.0526563,47.30888722],[5.0529081,47.30892779],[5.05343978,47.30925879],[5.05419303,47.30870153],[5.05600142,47.30751952],[5.05685639,47.30796005],[5.05737847,47.30748702],[5.06413938,47.30350544],[5.06501786,47.30421295],[5.06320269,47.30521062],[5.0631716,47.30533184],[5.06549306,47.30720511],[5.06881839,47.30990516],[5.07397343,47.30765365],[5.07432448,47.30741864],[5.07453832,47.30709332],[5.07453834,47.30668267],[5.07426498,47.30628951],[5.07328124,47.30536332],[5.07231994,47.30464023],[5.0712242,47.30369171],[5.07112131,47.30349542],[5.07111583,47.30335323],[5.07146801,47.30283904],[5.07170135,47.30277904],[5.07288715,47.30328288],[5.07337905,47.3034389],[5.07393143,47.30348126],[5.07449382,47.30340547],[5.07802266,47.30225808],[5.07930624,47.30179832],[5.08029179,47.30133488],[5.08102846,47.30083808],[5.0811011,47.30158514],[5.08121346,47.30178574],[5.08323105,47.30482313],[5.08440853,47.3067796],[5.08465573,47.30751991],[5.08467301,47.30782849],[5.08454102,47.30872601],[5.08536251,47.30850233],[5.08760227,47.30808023],[5.0881318,47.3079077],[5.08852681,47.30768086],[5.08883593,47.30769691],[5.08976715,47.30753786],[5.09076799,47.30719474],[5.09322386,47.30685059],[5.09340475,47.30700763],[5.09579305,47.30645931],[5.09712375,47.30608856],[5.09697355,47.3058022],[5.09706539,47.30578073],[5.10199676,47.30499089],[5.10190207,47.30470262],[5.09981499,47.30438468],[5.09798484,47.30339025],[5.09705778,47.30189046]]]]}},{"type":"Feature","id":"dijon_212310801_castel","properties":{"zoneId":"dijon_212310801_castel","label":"Castel","districtCode":"212310801","arrondissementCode":"21231","colorIndex":6,"parentZoneId":"dijon_parent_21231_dijon","parentCode":"21231","parentLabel":"Dijon","territoryType":"iris","source":"IGN / INSEE - Contours IRIS WFS Géoplateforme","sourceYear":"2026","officialId":"212310801","sourceCleabs":"IRIS____0000000212310801","communeCode":"21231","communeName":"Dijon","irisCode":"0801","irisType":"H","officialAreaM2":421274.0439453125,"labelLng":5.0374796987753765,"labelLat":47.310713008051714,"bbox":[5.03144521,47.30757818,5.04448474,47.31443336]},"geometry":{"type":"MultiPolygon","coordinates":[[[[5.03144521,47.3086057],[5.03221894,47.31176744],[5.03242352,47.31321912],[5.03245624,47.31443336],[5.03293715,47.31429977],[5.03389691,47.31390833],[5.03769881,47.31262413],[5.03791994,47.31251939],[5.03954138,47.31201543],[5.04047173,47.31318689],[5.04232097,47.31174413],[5.04448474,47.31028859],[5.04237568,47.30757818],[5.04103702,47.30802858],[5.0396589,47.30841662],[5.03956202,47.30848046],[5.03891543,47.30867733],[5.03772938,47.30896382],[5.03623422,47.30885048],[5.03144521,47.3086057]]]]}},{"type":"Feature","id":"dijon_212310802_stearinerie","properties":{"zoneId":"dijon_212310802_stearinerie","label":"Stéarinerie","districtCode":"212310802","arrondissementCode":"21231","colorIndex":7,"parentZoneId":"dijon_parent_21231_dijon","parentCode":"21231","parentLabel":"Dijon","territoryType":"iris","source":"IGN / INSEE - Contours IRIS WFS Géoplateforme","sourceYear":"2026","officialId":"212310802","sourceCleabs":"IRIS____0000000212310802","communeCode":"21231","communeName":"Dijon","irisCode":"0802","irisType":"H","officialAreaM2":416207.44189453125,"labelLng":5.035554280031617,"labelLat":47.30591017143484,"bbox":[5.0308055,47.30172464,5.04103702,47.30896382]},"geometry":{"type":"MultiPolygon","coordinates":[[[[5.04103702,47.30802858],[5.03973256,47.30537151],[5.03829309,47.30368848],[5.03692731,47.30279391],[5.03422513,47.30195157],[5.03396628,47.30200294],[5.03403576,47.30188015],[5.033454,47.30172464],[5.0308055,47.30621967],[5.03084572,47.30637296],[5.03131754,47.30782086],[5.03144521,47.3086057],[5.03623422,47.30885048],[5.03772938,47.30896382],[5.03891543,47.30867733],[5.03956202,47.30848046],[5.0396589,47.30841662],[5.04103702,47.30802858]]]]}},{"type":"Feature","id":"dijon_212310803_carrousel","properties":{"zoneId":"dijon_212310803_carrousel","label":"Carrousel","districtCode":"212310803","arrondissementCode":"21231","colorIndex":0,"parentZoneId":"dijon_parent_21231_dijon","parentCode":"21231","parentLabel":"Dijon","territoryType":"iris","source":"IGN / INSEE - Contours IRIS WFS Géoplateforme","sourceYear":"2026","officialId":"212310803","sourceCleabs":"IRIS____0000000212310803","communeCode":"21231","communeName":"Dijon","irisCode":"0803","irisType":"H","officialAreaM2":447255.4250488281,"labelLng":5.045580294059449,"labelLat":47.305575286670994,"bbox":[5.03973256,47.30019922,5.05183064,47.31028859]},"geometry":{"type":"MultiPolygon","coordinates":[[[[5.05001515,47.30372787],[5.05063266,47.30159348],[5.05183064,47.30020438],[5.05140946,47.30019922],[5.0513137,47.30032609],[5.0502376,47.30095477],[5.04954021,47.30134351],[5.0494427,47.30132092],[5.04884221,47.30175118],[5.04834837,47.30199313],[5.0480924,47.30225881],[5.04658819,47.30315437],[5.04641203,47.30315207],[5.04585554,47.30272332],[5.04570287,47.30285118],[5.04368673,47.30320279],[5.04094671,47.30412003],[5.04091897,47.30436547],[5.04079558,47.30456756],[5.03973256,47.30537151],[5.04103702,47.30802858],[5.04237568,47.30757818],[5.04448474,47.31028859],[5.04512184,47.30994687],[5.04543434,47.30991255],[5.04563811,47.30990895],[5.04601032,47.30904418],[5.04566403,47.30888639],[5.04556441,47.30870443],[5.04554891,47.30861015],[5.04561405,47.3084433],[5.04585656,47.30827513],[5.04615767,47.30822029],[5.04642767,47.30825245],[5.04663534,47.30835145],[5.04676546,47.30853467],[5.04725494,47.30848912],[5.0486295,47.30866838],[5.04955357,47.30557853],[5.049534,47.30551673],[5.05001515,47.30372787]]]]}},{"type":"Feature","id":"dijon_212310804_greuze","properties":{"zoneId":"dijon_212310804_greuze","label":"Greuze","districtCode":"212310804","arrondissementCode":"21231","colorIndex":1,"parentZoneId":"dijon_parent_21231_dijon","parentCode":"21231","parentLabel":"Dijon","territoryType":"iris","source":"IGN / INSEE - Contours IRIS WFS Géoplateforme","sourceYear":"2026","officialId":"212310804","sourceCleabs":"IRIS____0000000212310804","communeCode":"21231","communeName":"Dijon","irisCode":"0804","irisType":"H","officialAreaM2":711877.4395751953,"labelLng":5.042580826876524,"labelLat":47.30047452291844,"bbox":[5.033454,47.29569243,5.05183064,47.30537151]},"geometry":{"type":"MultiPolygon","coordinates":[[[[5.05183064,47.30020438],[5.04582466,47.29569243],[5.04027343,47.29904832],[5.03939282,47.29834337],[5.03905072,47.29857271],[5.03826271,47.29856314],[5.03747718,47.29826985],[5.03640112,47.29827433],[5.03623703,47.29852036],[5.03633855,47.29906791],[5.03622252,47.29915009],[5.03506968,47.29894518],[5.033454,47.30172464],[5.03403576,47.30188015],[5.03396628,47.30200294],[5.03422513,47.30195157],[5.03692731,47.30279391],[5.03829309,47.30368848],[5.03973256,47.30537151],[5.04079558,47.30456756],[5.04091897,47.30436547],[5.04094671,47.30412003],[5.04368673,47.30320279],[5.04570287,47.30285118],[5.04585554,47.30272332],[5.04641203,47.30315207],[5.04658819,47.30315437],[5.0480924,47.30225881],[5.04834837,47.30199313],[5.04884221,47.30175118],[5.0494427,47.30132092],[5.04954021,47.30134351],[5.0502376,47.30095477],[5.0513137,47.30032609],[5.05140946,47.30019922],[5.05183064,47.30020438]]]]}},{"type":"Feature","id":"dijon_212310901_arsenal","properties":{"zoneId":"dijon_212310901_arsenal","label":"Arsenal","districtCode":"212310901","arrondissementCode":"21231","colorIndex":2,"parentZoneId":"dijon_parent_21231_dijon","parentCode":"21231","parentLabel":"Dijon","territoryType":"iris","source":"IGN / INSEE - Contours IRIS WFS Géoplateforme","sourceYear":"2026","officialId":"212310901","sourceCleabs":"IRIS____0000000212310901","communeCode":"21231","communeName":"Dijon","irisCode":"0901","irisType":"H","officialAreaM2":1232349.0908203125,"labelLng":5.025691594470392,"labelLat":47.30292273729329,"bbox":[5.0136211,47.29628556,5.03506968,47.3120467]},"geometry":{"type":"MultiPolygon","coordinates":[[[[5.03506968,47.29894518],[5.03447032,47.29870894],[5.03366265,47.29825031],[5.0309588,47.29777625],[5.02855141,47.29670349],[5.02547518,47.29933907],[5.0246889,47.29628556],[5.02448172,47.29644317],[5.02287113,47.29778874],[5.02131306,47.29873804],[5.02079467,47.29896319],[5.02133235,47.29960221],[5.02120324,47.29965399],[5.02139885,47.29992705],[5.02182069,47.30023129],[5.02311443,47.30157665],[5.02288552,47.30175535],[5.02174923,47.30213086],[5.02032371,47.29956935],[5.01805327,47.30030587],[5.01714297,47.30070622],[5.01762718,47.30115617],[5.01637264,47.30159132],[5.01551881,47.30180427],[5.01548071,47.30181214],[5.01560921,47.30184953],[5.01558308,47.30207061],[5.01529311,47.30291584],[5.01415326,47.30302208],[5.01363678,47.30319404],[5.0136211,47.30337622],[5.01370244,47.30360354],[5.01427295,47.30409524],[5.01605281,47.30520261],[5.01619676,47.3051929],[5.01763253,47.30401167],[5.02118893,47.30627316],[5.02128745,47.30625254],[5.02313017,47.30501642],[5.02490195,47.30808065],[5.02380636,47.30848519],[5.0264872,47.31107337],[5.02656639,47.31103147],[5.02694316,47.31175252],[5.02716613,47.3120467],[5.02738153,47.31175477],[5.02890009,47.30915721],[5.02938799,47.3089992],[5.02962592,47.30863842],[5.03084572,47.30637296],[5.0308055,47.30621967],[5.033454,47.30172464],[5.03506968,47.29894518]]]]}},{"type":"Feature","id":"dijon_212311001_bel_air","properties":{"zoneId":"dijon_212311001_bel_air","label":"Bel-Air","districtCode":"212311001","arrondissementCode":"21231","colorIndex":3,"parentZoneId":"dijon_parent_21231_dijon","parentCode":"21231","parentLabel":"Dijon","territoryType":"iris","source":"IGN / INSEE - Contours IRIS WFS Géoplateforme","sourceYear":"2026","officialId":"212311001","sourceCleabs":"IRIS____0000000212311001","communeCode":"21231","communeName":"Dijon","irisCode":"1001","irisType":"H","officialAreaM2":803537.0894775391,"labelLng":5.006324397630111,"labelLat":47.31012017033877,"bbox":[4.99998879,47.30270403,5.01284003,47.31721672]},"geometry":{"type":"MultiPolygon","coordinates":[[[[5.0122519,47.31651076],[5.01284003,47.31591522],[5.01180185,47.31524342],[5.01124848,47.31475231],[5.01001577,47.31440085],[5.01007344,47.31392527],[5.01017328,47.31362097],[5.01037776,47.31338869],[5.01095557,47.31304819],[5.01103941,47.31291796],[5.01004275,47.3127164],[5.01021476,47.31221813],[5.0103082,47.31092965],[5.01046694,47.31032445],[5.01118063,47.30898201],[5.01159906,47.30855871],[5.01159342,47.30840842],[5.01053311,47.30760101],[5.00960632,47.30707044],[5.00929796,47.30696771],[5.00933616,47.30614847],[5.00902288,47.306162],[5.00851633,47.30539721],[5.00803437,47.30490035],[5.00542631,47.30270403],[5.00397698,47.30313791],[5.00366858,47.30313963],[5.0034644,47.30295404],[5.0032967,47.30317847],[5.00272497,47.3034675],[5.00252384,47.30371861],[5.00222256,47.30462164],[5.00186041,47.30620021],[5.00223934,47.30755707],[5.00199947,47.30808351],[5.00166478,47.30905014],[5.00151775,47.30911932],[5.00190475,47.30962684],[5.00223519,47.30989581],[5.00293801,47.31031503],[5.00366875,47.31066623],[5.00426145,47.31111437],[5.00439127,47.31125801],[5.00449528,47.31149035],[5.00454817,47.3117722],[5.00451601,47.31204562],[5.00427078,47.31246409],[5.0036171,47.31307873],[5.00338814,47.31318804],[5.00253833,47.31344405],[5.00198918,47.31384435],[5.00161223,47.31435334],[5.00163882,47.31446275],[5.00150382,47.31492614],[5.00125584,47.31552026],[5.00061423,47.31628325],[4.99998879,47.31691179],[5.00059976,47.31664101],[5.00120067,47.31645595],[5.00117664,47.31669951],[5.00131639,47.31682497],[5.00152433,47.31721672],[5.00285387,47.3160105],[5.00336904,47.31562159],[5.00409473,47.3151615],[5.00477297,47.3148139],[5.00516379,47.31471259],[5.00557435,47.3147145],[5.00590202,47.31490786],[5.00636275,47.31536637],[5.00699964,47.31589657],[5.0074231,47.31634942],[5.0086656,47.31618294],[5.01008321,47.31637903],[5.01089275,47.31628487],[5.01138418,47.31643034],[5.01189478,47.31645121],[5.01203007,47.31642185],[5.0122519,47.31651076]]]]}},{"type":"Feature","id":"dijon_212311002_larrey","properties":{"zoneId":"dijon_212311002_larrey","label":"Larrey","districtCode":"212311002","arrondissementCode":"21231","colorIndex":4,"parentZoneId":"dijon_parent_21231_dijon","parentCode":"21231","parentLabel":"Dijon","territoryType":"iris","source":"IGN / INSEE - Contours IRIS WFS Géoplateforme","sourceYear":"2026","officialId":"212311002","sourceCleabs":"IRIS____0000000212311002","communeCode":"21231","communeName":"Dijon","irisCode":"1002","irisType":"H","officialAreaM2":391937.81311035156,"labelLng":5.017494919265188,"labelLat":47.315697120125435,"bbox":[5.01001577,47.31291796,5.02507769,47.31818555]},"geometry":{"type":"MultiPolygon","coordinates":[[[[5.0140051,47.3134735],[5.01103941,47.31291796],[5.01095557,47.31304819],[5.01037776,47.31338869],[5.01017328,47.31362097],[5.01007344,47.31392527],[5.01001577,47.31440085],[5.01124848,47.31475231],[5.01180185,47.31524342],[5.01284003,47.31591522],[5.01311108,47.31558633],[5.01323009,47.31533482],[5.01360087,47.31544096],[5.01303879,47.31613061],[5.01313255,47.31630008],[5.0133317,47.31627862],[5.01360781,47.31636748],[5.01372684,47.31657524],[5.01368161,47.31692273],[5.01358025,47.31693889],[5.01353914,47.31700805],[5.01355922,47.31708424],[5.01365357,47.31712853],[5.0136293,47.31736399],[5.0134653,47.31740466],[5.01344047,47.31783734],[5.01360302,47.3177931],[5.01376019,47.31781739],[5.01428966,47.31774066],[5.01471656,47.31775397],[5.02040321,47.31818555],[5.02076976,47.31810803],[5.02200368,47.31771372],[5.02474598,47.31679511],[5.02501349,47.31665537],[5.02507769,47.31646153],[5.02459273,47.31606746],[5.02427381,47.31582717],[5.02371724,47.31528936],[5.02329419,47.31499145],[5.02210611,47.31459701],[5.0203828,47.31415964],[5.01938672,47.31401037],[5.0140051,47.3134735]]]]}},{"type":"Feature","id":"dijon_212311003_bourroches_ouest","properties":{"zoneId":"dijon_212311003_bourroches_ouest","label":"Bourroches Ouest","districtCode":"212311003","arrondissementCode":"21231","colorIndex":5,"parentZoneId":"dijon_parent_21231_dijon","parentCode":"21231","parentLabel":"Dijon","territoryType":"iris","source":"IGN / INSEE - Contours IRIS WFS Géoplateforme","sourceYear":"2026","officialId":"212311003","sourceCleabs":"IRIS____0000000212311003","communeCode":"21231","communeName":"Dijon","irisCode":"1003","irisType":"H","officialAreaM2":390038.5341796875,"labelLng":5.014936628804235,"labelLat":47.3085736101979,"bbox":[5.01004275,47.30401167,5.02118893,47.3134735]},"geometry":{"type":"MultiPolygon","coordinates":[[[[5.01103941,47.31291796],[5.0140051,47.3134735],[5.01405819,47.31294757],[5.01435885,47.31220842],[5.01590464,47.31014279],[5.01644619,47.30950842],[5.01679457,47.30919528],[5.01727824,47.30885368],[5.02118893,47.30627316],[5.01763253,47.30401167],[5.01619676,47.3051929],[5.01605281,47.30520261],[5.01427295,47.30409524],[5.01365959,47.30517932],[5.01383623,47.30522938],[5.01499585,47.3059666],[5.01372446,47.30687389],[5.01204017,47.30828181],[5.01187624,47.30839452],[5.01165457,47.30837945],[5.01159342,47.30840842],[5.01159906,47.30855871],[5.01118063,47.30898201],[5.01046694,47.31032445],[5.0103082,47.31092965],[5.01021476,47.31221813],[5.01004275,47.3127164],[5.01103941,47.31291796]]]]}},{"type":"Feature","id":"dijon_212311004_bourroches_est","properties":{"zoneId":"dijon_212311004_bourroches_est","label":"Bourroches Est","districtCode":"212311004","arrondissementCode":"21231","colorIndex":6,"parentZoneId":"dijon_parent_21231_dijon","parentCode":"21231","parentLabel":"Dijon","territoryType":"iris","source":"IGN / INSEE - Contours IRIS WFS Géoplateforme","sourceYear":"2026","officialId":"212311004","sourceCleabs":"IRIS____0000000212311004","communeCode":"21231","communeName":"Dijon","irisCode":"1004","irisType":"H","officialAreaM2":369560.98193359375,"labelLng":5.019399133332604,"labelLat":47.31008858680366,"bbox":[5.0140051,47.30501642,5.02490195,47.31401037]},"geometry":{"type":"MultiPolygon","coordinates":[[[[5.01938672,47.31401037],[5.01948785,47.31384742],[5.02162699,47.31210638],[5.0203107,47.31136385],[5.02265917,47.30927784],[5.02380636,47.30848519],[5.02490195,47.30808065],[5.02313017,47.30501642],[5.02128745,47.30625254],[5.02118893,47.30627316],[5.01727824,47.30885368],[5.01679457,47.30919528],[5.01644619,47.30950842],[5.01590464,47.31014279],[5.01435885,47.31220842],[5.01405819,47.31294757],[5.0140051,47.3134735],[5.01938672,47.31401037]]]]}},{"type":"Feature","id":"dijon_212311005_trois_forgerons","properties":{"zoneId":"dijon_212311005_trois_forgerons","label":"Trois Forgerons","districtCode":"212311005","arrondissementCode":"21231","colorIndex":7,"parentZoneId":"dijon_parent_21231_dijon","parentCode":"21231","parentLabel":"Dijon","territoryType":"iris","source":"IGN / INSEE - Contours IRIS WFS Géoplateforme","sourceYear":"2026","officialId":"212311005","sourceCleabs":"IRIS____0000000212311005","communeCode":"21231","communeName":"Dijon","irisCode":"1005","irisType":"H","officialAreaM2":253655.40771484375,"labelLng":5.023603178338441,"labelLat":47.312280557422255,"bbox":[5.01938672,47.30848519,5.02716613,47.31611365]},"geometry":{"type":"MultiPolygon","coordinates":[[[[5.02716613,47.3120467],[5.02694316,47.31175252],[5.02656639,47.31103147],[5.0264872,47.31107337],[5.02380636,47.30848519],[5.02265917,47.30927784],[5.0203107,47.31136385],[5.02162699,47.31210638],[5.01948785,47.31384742],[5.01938672,47.31401037],[5.0203828,47.31415964],[5.02210611,47.31459701],[5.02329419,47.31499145],[5.02371724,47.31528936],[5.02427381,47.31582717],[5.02459273,47.31606746],[5.02473219,47.31611365],[5.02533069,47.31519998],[5.02498164,47.31507369],[5.02583279,47.313627],[5.02624193,47.31373152],[5.02716613,47.3120467]]]]}},{"type":"Feature","id":"dijon_212311006_les_valendons","properties":{"zoneId":"dijon_212311006_les_valendons","label":"Les Valendons","districtCode":"212311006","arrondissementCode":"21231","colorIndex":0,"parentZoneId":"dijon_parent_21231_dijon","parentCode":"21231","parentLabel":"Dijon","territoryType":"iris","source":"IGN / INSEE - Contours IRIS WFS Géoplateforme","sourceYear":"2026","officialId":"212311006","sourceCleabs":"IRIS____0000000212311006","communeCode":"21231","communeName":"Dijon","irisCode":"1006","irisType":"H","officialAreaM2":376171.64685058594,"labelLng":5.009559911086809,"labelLat":47.303840823572834,"bbox":[5.00175318,47.29960542,5.01560921,47.30840842]},"geometry":{"type":"MultiPolygon","coordinates":[[[[5.01548071,47.30181214],[5.00927277,47.30265011],[5.00861127,47.30184748],[5.00713425,47.30224766],[5.006596,47.30190846],[5.0069631,47.30174182],[5.00672493,47.30153251],[5.00677072,47.30144707],[5.00463811,47.29960542],[5.00175318,47.30009197],[5.00201492,47.30025946],[5.00251642,47.3007506],[5.00293118,47.30143595],[5.00328205,47.30175679],[5.00397698,47.30313791],[5.00542631,47.30270403],[5.00803437,47.30490035],[5.00851633,47.30539721],[5.00902288,47.306162],[5.00933616,47.30614847],[5.00929796,47.30696771],[5.00960632,47.30707044],[5.01053311,47.30760101],[5.01159342,47.30840842],[5.01165457,47.30837945],[5.01187624,47.30839452],[5.01204017,47.30828181],[5.01372446,47.30687389],[5.01499585,47.3059666],[5.01383623,47.30522938],[5.01365959,47.30517932],[5.01427295,47.30409524],[5.01370244,47.30360354],[5.0136211,47.30337622],[5.01363678,47.30319404],[5.01415326,47.30302208],[5.01529311,47.30291584],[5.01558308,47.30207061],[5.01560921,47.30184953],[5.01548071,47.30181214]]]]}},{"type":"Feature","id":"dijon_212311101_la_montagne","properties":{"zoneId":"dijon_212311101_la_montagne","label":"La Montagne","districtCode":"212311101","arrondissementCode":"21231","colorIndex":1,"parentZoneId":"dijon_parent_21231_dijon","parentCode":"21231","parentLabel":"Dijon","territoryType":"iris","source":"IGN / INSEE - Contours IRIS WFS Géoplateforme","sourceYear":"2026","officialId":"212311101","sourceCleabs":"IRIS____0000000212311101","communeCode":"21231","communeName":"Dijon","irisCode":"1101","irisType":"H","officialAreaM2":4621610.921508789,"labelLng":4.987511793979925,"labelLat":47.311202962206146,"bbox":[4.96798489,47.30009197,5.00454817,47.32231413]},"geometry":{"type":"MultiPolygon","coordinates":[[[[5.00175318,47.30009197],[4.99433007,47.30135984],[4.99053968,47.30163834],[4.9853125,47.301763],[4.98531209,47.30185936],[4.98437277,47.30191145],[4.98433528,47.30186436],[4.98338781,47.30201834],[4.9817804,47.30211874],[4.97858596,47.30391485],[4.97123759,47.30796795],[4.97036147,47.30887974],[4.96818206,47.31147778],[4.96814501,47.31183952],[4.96798489,47.31220334],[4.96802914,47.31229084],[4.96831909,47.31243451],[4.96942271,47.31342707],[4.97091799,47.31433823],[4.97176825,47.31513605],[4.97203245,47.31547916],[4.97229604,47.31595016],[4.97254604,47.3168077],[4.97325715,47.31742057],[4.97363494,47.31800759],[4.97528704,47.31882057],[4.97566191,47.31921942],[4.97578665,47.31929835],[4.97646048,47.31943636],[4.97660709,47.3194978],[4.97680635,47.3196583],[4.97693327,47.31968856],[4.97770824,47.31969607],[4.97820034,47.31978945],[4.97930671,47.32009298],[4.98010091,47.32058552],[4.9809905,47.32104312],[4.98246507,47.32170504],[4.98335338,47.32198344],[4.98371003,47.32199445],[4.98440799,47.32185195],[4.98484719,47.32169586],[4.98571781,47.32124512],[4.98622291,47.32118785],[4.98674635,47.32119691],[4.98767847,47.32129892],[4.99118054,47.32231413],[4.99203549,47.32229856],[4.9934465,47.32217169],[4.99348008,47.32197029],[4.99355147,47.3218601],[4.99425569,47.32163729],[4.99475838,47.32094516],[4.99562036,47.3199794],[4.99664685,47.3190225],[4.99783381,47.31853561],[4.99837843,47.31826059],[4.99929527,47.31759733],[4.99998879,47.31691179],[5.00061423,47.31628325],[5.00125584,47.31552026],[5.00150382,47.31492614],[5.00163882,47.31446275],[5.00161223,47.31435334],[5.00198918,47.31384435],[5.00253833,47.31344405],[5.00338814,47.31318804],[5.0036171,47.31307873],[5.00427078,47.31246409],[5.00451601,47.31204562],[5.00454817,47.3117722],[5.00449528,47.31149035],[5.00439127,47.31125801],[5.00426145,47.31111437],[5.00366875,47.31066623],[5.00293801,47.31031503],[5.00223519,47.30989581],[5.00190475,47.30962684],[5.00151775,47.30911932],[5.00166478,47.30905014],[5.00199947,47.30808351],[5.00223934,47.30755707],[5.00186041,47.30620021],[5.00222256,47.30462164],[5.00252384,47.30371861],[5.00272497,47.3034675],[5.0032967,47.30317847],[5.0034644,47.30295404],[5.00366858,47.30313963],[5.00397698,47.30313791],[5.00328205,47.30175679],[5.00293118,47.30143595],[5.00251642,47.3007506],[5.00201492,47.30025946],[5.00175318,47.30009197]]]]}},{"type":"Feature","id":"dijon_212311201_tire_pesseau","properties":{"zoneId":"dijon_212311201_tire_pesseau","label":"Tire-Pesseau","districtCode":"212311201","arrondissementCode":"21231","colorIndex":2,"parentZoneId":"dijon_parent_21231_dijon","parentCode":"21231","parentLabel":"Dijon","territoryType":"iris","source":"IGN / INSEE - Contours IRIS WFS Géoplateforme","sourceYear":"2026","officialId":"212311201","sourceCleabs":"IRIS____0000000212311201","communeCode":"21231","communeName":"Dijon","irisCode":"1201","irisType":"H","officialAreaM2":258715.5177001953,"labelLng":5.001528755637959,"labelLat":47.31810357503506,"bbox":[4.9934465,47.31471259,5.00789064,47.32217169]},"geometry":{"type":"MultiPolygon","coordinates":[[[[4.9934465,47.32217169],[4.99469521,47.32195393],[4.99543186,47.32167741],[4.99625035,47.3210735],[4.99686919,47.32087015],[4.99772145,47.32067628],[4.99872261,47.32071128],[4.99893538,47.3208418],[4.99916779,47.32078827],[5.00038441,47.31981726],[5.00045223,47.31975396],[5.00049178,47.31957137],[5.00071635,47.31934327],[5.00268914,47.31777116],[5.00295915,47.31759],[5.0031419,47.31751931],[5.00352218,47.31752535],[5.00406863,47.31779689],[5.00583618,47.31881637],[5.00783688,47.31718065],[5.00789064,47.31691857],[5.0074231,47.31634942],[5.00699964,47.31589657],[5.00636275,47.31536637],[5.00590202,47.31490786],[5.00557435,47.3147145],[5.00516379,47.31471259],[5.00477297,47.3148139],[5.00409473,47.3151615],[5.00336904,47.31562159],[5.00285387,47.3160105],[5.00152433,47.31721672],[5.00131639,47.31682497],[5.00117664,47.31669951],[5.00120067,47.31645595],[5.00059976,47.31664101],[4.99998879,47.31691179],[4.99929527,47.31759733],[4.99837843,47.31826059],[4.99783381,47.31853561],[4.99664685,47.3190225],[4.99562036,47.3199794],[4.99475838,47.32094516],[4.99425569,47.32163729],[4.99355147,47.3218601],[4.99348008,47.32197029],[4.9934465,47.32217169]]]]}},{"type":"Feature","id":"dijon_212311202_le_lac","properties":{"zoneId":"dijon_212311202_le_lac","label":"Le Lac","districtCode":"212311202","arrondissementCode":"21231","colorIndex":3,"parentZoneId":"dijon_parent_21231_dijon","parentCode":"21231","parentLabel":"Dijon","territoryType":"iris","source":"IGN / INSEE - Contours IRIS WFS Géoplateforme","sourceYear":"2026","officialId":"212311202","sourceCleabs":"IRIS____0000000212311202","communeCode":"21231","communeName":"Dijon","irisCode":"1202","irisType":"H","officialAreaM2":202733.87170410156,"labelLng":5.005611723595112,"labelLat":47.3201616641472,"bbox":[4.99959986,47.31618294,5.0122519,47.32459854]},"geometry":{"type":"MultiPolygon","coordinates":[[[[5.0015398,47.32228459],[4.99989603,47.32362857],[4.99959986,47.32378406],[4.99971597,47.32398558],[5.00062776,47.32449938],[5.00103937,47.32459854],[5.00151895,47.32456687],[5.00326301,47.32324904],[5.0105093,47.31739645],[5.01110907,47.31707538],[5.01175336,47.31684719],[5.01203765,47.31669458],[5.0122519,47.31651076],[5.01203007,47.31642185],[5.01189478,47.31645121],[5.01138418,47.31643034],[5.01089275,47.31628487],[5.01008321,47.31637903],[5.0086656,47.31618294],[5.0074231,47.31634942],[5.00789064,47.31691857],[5.00783688,47.31718065],[5.00583618,47.31881637],[5.0015398,47.32228459]]]]}},{"type":"Feature","id":"dijon_212311203_edouard_belin","properties":{"zoneId":"dijon_212311203_edouard_belin","label":"Édouard Belin","districtCode":"212311203","arrondissementCode":"21231","colorIndex":4,"parentZoneId":"dijon_parent_21231_dijon","parentCode":"21231","parentLabel":"Dijon","territoryType":"iris","source":"IGN / INSEE - Contours IRIS WFS Géoplateforme","sourceYear":"2026","officialId":"212311203","sourceCleabs":"IRIS____0000000212311203","communeCode":"21231","communeName":"Dijon","irisCode":"1203","irisType":"H","officialAreaM2":102533.32385253906,"labelLng":4.998870979210731,"labelLat":47.32178871257257,"bbox":[4.99543186,47.31934327,5.00164581,47.32378406]},"geometry":{"type":"MultiPolygon","coordinates":[[[[4.99959986,47.32378406],[4.99989603,47.32362857],[5.0015398,47.32228459],[4.9998628,47.32131481],[5.00158023,47.31992362],[5.00164581,47.31980002],[5.00146535,47.31979053],[5.00071635,47.31934327],[5.00049178,47.31957137],[5.00045223,47.31975396],[5.00038441,47.31981726],[4.99916779,47.32078827],[4.99893538,47.3208418],[4.99872261,47.32071128],[4.99772145,47.32067628],[4.99686919,47.32087015],[4.99625035,47.3210735],[4.99543186,47.32167741],[4.99568634,47.32186125],[4.99589813,47.32192965],[4.9967879,47.32242314],[4.99693658,47.32246831],[4.99697779,47.32257927],[4.99748032,47.32277324],[4.99868615,47.32336034],[4.99939059,47.32374804],[4.99959986,47.32378406]]]]}},{"type":"Feature","id":"dijon_212311204_champ_perdrix","properties":{"zoneId":"dijon_212311204_champ_perdrix","label":"Champ Perdrix","districtCode":"212311204","arrondissementCode":"21231","colorIndex":5,"parentZoneId":"dijon_parent_21231_dijon","parentCode":"21231","parentLabel":"Dijon","territoryType":"iris","source":"IGN / INSEE - Contours IRIS WFS Géoplateforme","sourceYear":"2026","officialId":"212311204","sourceCleabs":"IRIS____0000000212311204","communeCode":"21231","communeName":"Dijon","irisCode":"1204","irisType":"H","officialAreaM2":109282.03527832031,"labelLng":5.002745049884279,"labelLat":47.31972472524948,"bbox":[4.9998628,47.31751931,5.00583618,47.32228459]},"geometry":{"type":"MultiPolygon","coordinates":[[[[5.00071635,47.31934327],[5.00146535,47.31979053],[5.00164581,47.31980002],[5.00158023,47.31992362],[4.9998628,47.32131481],[5.0015398,47.32228459],[5.00583618,47.31881637],[5.00406863,47.31779689],[5.00352218,47.31752535],[5.0031419,47.31751931],[5.00295915,47.31759],[5.00268914,47.31777116],[5.00071635,47.31934327]]]]}},{"type":"Feature","id":"dijon_212311301_chartreuse","properties":{"zoneId":"dijon_212311301_chartreuse","label":"Chartreuse","districtCode":"212311301","arrondissementCode":"21231","colorIndex":6,"parentZoneId":"dijon_parent_21231_dijon","parentCode":"21231","parentLabel":"Dijon","territoryType":"iris","source":"IGN / INSEE - Contours IRIS WFS Géoplateforme","sourceYear":"2026","officialId":"212311301","sourceCleabs":"IRIS____0000000212311301","communeCode":"21231","communeName":"Dijon","irisCode":"1301","irisType":"H","officialAreaM2":506037.2049560547,"labelLng":5.018465823253335,"labelLat":47.31980864037413,"bbox":[5.01021006,47.31646153,5.02836533,47.32264534]},"geometry":{"type":"MultiPolygon","coordinates":[[[[5.01833104,47.32238472],[5.01935827,47.32244251],[5.0196499,47.32259052],[5.02007046,47.32264534],[5.02135565,47.32255453],[5.02270347,47.32261481],[5.02270985,47.32253815],[5.02390368,47.32258849],[5.02385634,47.32252718],[5.02374523,47.3224958],[5.02184762,47.32239558],[5.02089865,47.32227072],[5.02080992,47.3209692],[5.02836533,47.31879955],[5.02816979,47.31856612],[5.02601851,47.31714483],[5.02581277,47.31695661],[5.02529662,47.31664863],[5.02507769,47.31646153],[5.02501349,47.31665537],[5.02474598,47.31679511],[5.02200368,47.31771372],[5.02076976,47.31810803],[5.02040321,47.31818555],[5.01471656,47.31775397],[5.01428966,47.31774066],[5.01376019,47.31781739],[5.01360302,47.3177931],[5.01344047,47.31783734],[5.01251389,47.31791824],[5.01259282,47.31836354],[5.01203491,47.31874152],[5.011707,47.3190732],[5.01158476,47.31927433],[5.01149365,47.31956408],[5.01156671,47.31995904],[5.01135538,47.32050392],[5.01123242,47.32068615],[5.01054544,47.32126088],[5.01021006,47.32139366],[5.01072095,47.32180986],[5.01146535,47.32255521],[5.01186007,47.32248623],[5.01659572,47.32226809],[5.01765488,47.32229472],[5.01823022,47.32234505],[5.01833104,47.32238472]]]]}},{"type":"Feature","id":"dijon_212311302_arquebuse","properties":{"zoneId":"dijon_212311302_arquebuse","label":"Arquebuse","districtCode":"212311302","arrondissementCode":"21231","colorIndex":7,"parentZoneId":"dijon_parent_21231_dijon","parentCode":"21231","parentLabel":"Dijon","territoryType":"iris","source":"IGN / INSEE - Contours IRIS WFS Géoplateforme","sourceYear":"2026","officialId":"212311302","sourceCleabs":"IRIS____0000000212311302","communeCode":"21231","communeName":"Dijon","irisCode":"1302","irisType":"H","officialAreaM2":314630.1153564453,"labelLng":5.027203790745497,"labelLat":47.31974473017322,"bbox":[5.02080992,47.31503348,5.03166879,47.32258849]},"geometry":{"type":"MultiPolygon","coordinates":[[[[5.03017091,47.31503348],[5.02955606,47.31516221],[5.02954311,47.315275],[5.0293001,47.3157124],[5.02886176,47.3159569],[5.02797491,47.31621194],[5.0270275,47.31682734],[5.02601851,47.31714483],[5.02816979,47.31856612],[5.02836533,47.31879955],[5.02080992,47.3209692],[5.02089865,47.32227072],[5.02184762,47.32239558],[5.02374523,47.3224958],[5.02385634,47.32252718],[5.02390368,47.32258849],[5.02521244,47.32256117],[5.02726229,47.32234348],[5.02878014,47.32210174],[5.02944342,47.32192085],[5.02967661,47.32181862],[5.02973053,47.32138812],[5.03080005,47.31993848],[5.03126831,47.31922427],[5.03147435,47.31868485],[5.03166879,47.31769897],[5.03159136,47.31750761],[5.02981034,47.31519828],[5.03017509,47.31510906],[5.03017091,47.31503348]]]]}},{"type":"Feature","id":"dijon_212311303_tanneries","properties":{"zoneId":"dijon_212311303_tanneries","label":"Tanneries","districtCode":"212311303","arrondissementCode":"21231","colorIndex":0,"parentZoneId":"dijon_parent_21231_dijon","parentCode":"21231","parentLabel":"Dijon","territoryType":"iris","source":"IGN / INSEE - Contours IRIS WFS Géoplateforme","sourceYear":"2026","officialId":"212311303","sourceCleabs":"IRIS____0000000212311303","communeCode":"21231","communeName":"Dijon","irisCode":"1303","irisType":"H","officialAreaM2":326521.5075683594,"labelLng":5.029120709271331,"labelLat":47.31271078632294,"bbox":[5.02459273,47.30637296,5.03245624,47.31714483]},"geometry":{"type":"MultiPolygon","coordinates":[[[[5.03245624,47.31443336],[5.03242352,47.31321912],[5.03221894,47.31176744],[5.03144521,47.3086057],[5.03131754,47.30782086],[5.03084572,47.30637296],[5.02962592,47.30863842],[5.02938799,47.3089992],[5.02890009,47.30915721],[5.02738153,47.31175477],[5.02716613,47.3120467],[5.02624193,47.31373152],[5.02583279,47.313627],[5.02498164,47.31507369],[5.02533069,47.31519998],[5.02473219,47.31611365],[5.02459273,47.31606746],[5.02507769,47.31646153],[5.02529662,47.31664863],[5.02581277,47.31695661],[5.02601851,47.31714483],[5.0270275,47.31682734],[5.02797491,47.31621194],[5.02886176,47.3159569],[5.0293001,47.3157124],[5.02954311,47.315275],[5.02955606,47.31516221],[5.03017091,47.31503348],[5.03245624,47.31443336]]]]}},{"type":"Feature","id":"dijon_212311401_providence","properties":{"zoneId":"dijon_212311401_providence","label":"Providence","districtCode":"212311401","arrondissementCode":"21231","colorIndex":1,"parentZoneId":"dijon_parent_21231_dijon","parentCode":"21231","parentLabel":"Dijon","territoryType":"iris","source":"IGN / INSEE - Contours IRIS WFS Géoplateforme","sourceYear":"2026","officialId":"212311401","sourceCleabs":"IRIS____0000000212311401","communeCode":"21231","communeName":"Dijon","irisCode":"1401","irisType":"H","officialAreaM2":592150.4918212891,"labelLng":5.017183715698229,"labelLat":47.32807351109747,"bbox":[5.01146535,47.32226809,5.02451517,47.33392539]},"geometry":{"type":"MultiPolygon","coordinates":[[[[5.01146535,47.32255521],[5.01237321,47.32402174],[5.01229827,47.32453093],[5.0125579,47.32538013],[5.01261941,47.32642006],[5.0125483,47.32664282],[5.01342089,47.32815498],[5.01338168,47.32951095],[5.01422207,47.33132803],[5.01544983,47.33344096],[5.01586806,47.33392539],[5.0164258,47.33353929],[5.01745739,47.33293243],[5.01882619,47.33220533],[5.01943493,47.3319435],[5.02164256,47.3312279],[5.02224628,47.33097424],[5.02451517,47.32963705],[5.02383179,47.32879617],[5.02291341,47.32878335],[5.02156279,47.32601525],[5.02044336,47.32628958],[5.0194078,47.32675156],[5.01903157,47.32699584],[5.01841756,47.32718662],[5.01835407,47.3271535],[5.0181914,47.32715993],[5.01735355,47.32692775],[5.01646179,47.32712875],[5.01590353,47.3268998],[5.01614906,47.32659567],[5.01618366,47.32645909],[5.01588094,47.32594564],[5.01558112,47.32586169],[5.01479151,47.32610233],[5.01418973,47.32570123],[5.01592449,47.3246013],[5.01798013,47.3237245],[5.01820878,47.32353592],[5.01833504,47.32333651],[5.01834716,47.32295448],[5.01833104,47.32238472],[5.01823022,47.32234505],[5.01765488,47.32229472],[5.01659572,47.32226809],[5.01186007,47.32248623],[5.01146535,47.32255521]]]]}},{"type":"Feature","id":"dijon_212311402_carrieres_bacquin","properties":{"zoneId":"dijon_212311402_carrieres_bacquin","label":"Carrières Bacquin","districtCode":"212311402","arrondissementCode":"21231","colorIndex":2,"parentZoneId":"dijon_parent_21231_dijon","parentCode":"21231","parentLabel":"Dijon","territoryType":"iris","source":"IGN / INSEE - Contours IRIS WFS Géoplateforme","sourceYear":"2026","officialId":"212311402","sourceCleabs":"IRIS____0000000212311402","communeCode":"21231","communeName":"Dijon","irisCode":"1402","irisType":"H","officialAreaM2":419492.154296875,"labelLng":5.022480227428512,"labelLat":47.32581238905422,"bbox":[5.01418973,47.32295448,5.02913924,47.32963705]},"geometry":{"type":"MultiPolygon","coordinates":[[[[5.02887429,47.3270458],[5.02866159,47.32688472],[5.02913924,47.32431437],[5.02804478,47.32437132],[5.02648695,47.32457322],[5.02598906,47.32454048],[5.02492282,47.32436277],[5.02313369,47.32362851],[5.0225414,47.32344522],[5.02058201,47.3230768],[5.01908622,47.32295604],[5.01834716,47.32295448],[5.01833504,47.32333651],[5.01820878,47.32353592],[5.01798013,47.3237245],[5.01592449,47.3246013],[5.01418973,47.32570123],[5.01479151,47.32610233],[5.01558112,47.32586169],[5.01588094,47.32594564],[5.01618366,47.32645909],[5.01614906,47.32659567],[5.01590353,47.3268998],[5.01646179,47.32712875],[5.01735355,47.32692775],[5.0181914,47.32715993],[5.01835407,47.3271535],[5.01841756,47.32718662],[5.01903157,47.32699584],[5.0194078,47.32675156],[5.02044336,47.32628958],[5.02156279,47.32601525],[5.02291341,47.32878335],[5.02383179,47.32879617],[5.02451517,47.32963705],[5.02715509,47.32802678],[5.02887429,47.3270458]]]]}},{"type":"Feature","id":"dijon_212311501_francois_pompon","properties":{"zoneId":"dijon_212311501_francois_pompon","label":"François Pompon","districtCode":"212311501","arrondissementCode":"21231","colorIndex":3,"parentZoneId":"dijon_parent_21231_dijon","parentCode":"21231","parentLabel":"Dijon","territoryType":"iris","source":"IGN / INSEE - Contours IRIS WFS Géoplateforme","sourceYear":"2026","officialId":"212311501","sourceCleabs":"IRIS____0000000212311501","communeCode":"21231","communeName":"Dijon","irisCode":"1501","irisType":"H","officialAreaM2":451488.685546875,"labelLng":5.020914956661042,"labelLat":47.33417720459096,"bbox":[5.01508105,47.32963705,5.02693552,47.33926476]},"geometry":{"type":"MultiPolygon","coordinates":[[[[5.01586806,47.33392539],[5.01508105,47.33459102],[5.01570537,47.33562479],[5.01658372,47.33770685],[5.01710196,47.33926476],[5.01737517,47.33916726],[5.01826052,47.33822704],[5.01932391,47.33744221],[5.02043847,47.33692664],[5.02303557,47.33624116],[5.02301215,47.33618213],[5.02362016,47.33590048],[5.02476522,47.33475577],[5.02664727,47.33369544],[5.02676284,47.33345839],[5.02692702,47.33293052],[5.02693552,47.33245399],[5.02662271,47.33255401],[5.02451517,47.32963705],[5.02224628,47.33097424],[5.02164256,47.3312279],[5.01943493,47.3319435],[5.01882619,47.33220533],[5.01745739,47.33293243],[5.0164258,47.33353929],[5.01586806,47.33392539]]]]}},{"type":"Feature","id":"dijon_212311502_les_hauts_de_montchapet","properties":{"zoneId":"dijon_212311502_les_hauts_de_montchapet","label":"Les Hauts de Montchapet","districtCode":"212311502","arrondissementCode":"21231","colorIndex":4,"parentZoneId":"dijon_parent_21231_dijon","parentCode":"21231","parentLabel":"Dijon","territoryType":"iris","source":"IGN / INSEE - Contours IRIS WFS Géoplateforme","sourceYear":"2026","officialId":"212311502","sourceCleabs":"IRIS____0000000212311502","communeCode":"21231","communeName":"Dijon","irisCode":"1502","irisType":"H","officialAreaM2":222332.6639404297,"labelLng":5.03100724207358,"labelLat":47.33334052329593,"bbox":[5.02676284,47.33037743,5.03450614,47.33586801]},"geometry":{"type":"MultiPolygon","coordinates":[[[[5.02676284,47.33345839],[5.02755396,47.33336173],[5.02767331,47.33343529],[5.02856739,47.33469572],[5.02914556,47.33586801],[5.03074607,47.33566533],[5.03398712,47.33533845],[5.03450614,47.33526182],[5.03420915,47.33406662],[5.03374853,47.33250327],[5.03328103,47.3313867],[5.03275404,47.33037743],[5.03214066,47.3306196],[5.02982473,47.3311644],[5.02960785,47.33124384],[5.02935172,47.33140591],[5.02919263,47.33178781],[5.02910704,47.33187125],[5.02801764,47.33220637],[5.02693552,47.33245399],[5.02692702,47.33293052],[5.02676284,47.33345839]]]]}},{"type":"Feature","id":"dijon_212311503_eugene_spuller","properties":{"zoneId":"dijon_212311503_eugene_spuller","label":"Eugène Spuller","districtCode":"212311503","arrondissementCode":"21231","colorIndex":5,"parentZoneId":"dijon_parent_21231_dijon","parentCode":"21231","parentLabel":"Dijon","territoryType":"iris","source":"IGN / INSEE - Contours IRIS WFS Géoplateforme","sourceYear":"2026","officialId":"212311503","sourceCleabs":"IRIS____0000000212311503","communeCode":"21231","communeName":"Dijon","irisCode":"1503","irisType":"H","officialAreaM2":253098.47912597656,"labelLng":5.029147108747105,"labelLat":47.32959779871582,"bbox":[5.02451517,47.32651593,5.03407306,47.33255401]},"geometry":{"type":"MultiPolygon","coordinates":[[[[5.02451517,47.32963705],[5.02662271,47.33255401],[5.02693552,47.33245399],[5.02801764,47.33220637],[5.02910704,47.33187125],[5.02919263,47.33178781],[5.02935172,47.33140591],[5.02960785,47.33124384],[5.02982473,47.3311644],[5.03214066,47.3306196],[5.03275404,47.33037743],[5.03298033,47.33023209],[5.03363752,47.32964334],[5.03407306,47.32935745],[5.03395238,47.3292488],[5.03324565,47.32744571],[5.03159055,47.32791414],[5.03055986,47.32825816],[5.02989032,47.32683983],[5.02966749,47.32651593],[5.02887429,47.3270458],[5.02715509,47.32802678],[5.02451517,47.32963705]]]]}},{"type":"Feature","id":"dijon_212311601_la_charmette","properties":{"zoneId":"dijon_212311601_la_charmette","label":"La Charmette","districtCode":"212311601","arrondissementCode":"21231","colorIndex":6,"parentZoneId":"dijon_parent_21231_dijon","parentCode":"21231","parentLabel":"Dijon","territoryType":"iris","source":"IGN / INSEE - Contours IRIS WFS Géoplateforme","sourceYear":"2026","officialId":"212311601","sourceCleabs":"IRIS____0000000212311601","communeCode":"21231","communeName":"Dijon","irisCode":"1601","irisType":"H","officialAreaM2":483268.89685058594,"labelLng":5.04110270335009,"labelLat":47.34379992216894,"bbox":[5.03509685,47.33936658,5.04594521,47.34762835]},"geometry":{"type":"MultiPolygon","coordinates":[[[[5.03886133,47.33936658],[5.03846003,47.34059023],[5.03831196,47.34164464],[5.03787405,47.34239346],[5.03763684,47.34354309],[5.03703642,47.34440911],[5.03537932,47.34644453],[5.03509685,47.34696187],[5.0355221,47.34713453],[5.0412724,47.34706243],[5.04162037,47.34708423],[5.04265164,47.34726962],[5.04303308,47.34726561],[5.04455527,47.34712086],[5.04470982,47.34714335],[5.04482702,47.34722864],[5.04484873,47.34752003],[5.04519205,47.34762835],[5.04560653,47.34762195],[5.0458703,47.34745071],[5.04594521,47.34722606],[5.04582032,47.34700853],[5.04560706,47.34690603],[5.04530648,47.3468762],[5.04461129,47.3396203],[5.04048242,47.33977306],[5.04003825,47.33972863],[5.03968013,47.33964757],[5.03886133,47.33936658]]]]}},{"type":"Feature","id":"dijon_212311602_fauconnet","properties":{"zoneId":"dijon_212311602_fauconnet","label":"Fauconnet","districtCode":"212311602","arrondissementCode":"21231","colorIndex":7,"parentZoneId":"dijon_parent_21231_dijon","parentCode":"21231","parentLabel":"Dijon","territoryType":"iris","source":"IGN / INSEE - Contours IRIS WFS Géoplateforme","sourceYear":"2026","officialId":"212311602","sourceCleabs":"IRIS____0000000212311602","communeCode":"21231","communeName":"Dijon","irisCode":"1602","irisType":"H","officialAreaM2":362866.03283691406,"labelLng":5.040231802691895,"labelLat":47.3361577085476,"bbox":[5.03315987,47.33341635,5.04461129,47.33977306]},"geometry":{"type":"MultiPolygon","coordinates":[[[[5.03398712,47.33533845],[5.0338659,47.33567016],[5.0332641,47.33625434],[5.03315987,47.33654523],[5.03480323,47.33652906],[5.0370725,47.33614617],[5.03966179,47.33585398],[5.0398543,47.33659713],[5.03953314,47.33822012],[5.03895587,47.3389957],[5.03886133,47.33936658],[5.03968013,47.33964757],[5.04003825,47.33972863],[5.04048242,47.33977306],[5.04461129,47.3396203],[5.04445973,47.33811098],[5.04439605,47.3381085],[5.04391432,47.33346035],[5.04281137,47.33350768],[5.04264912,47.33349072],[5.04266075,47.33344819],[5.04216677,47.33341635],[5.03915996,47.33341966],[5.03655582,47.33373642],[5.03420915,47.33406662],[5.03450614,47.33526182],[5.03398712,47.33533845]]]]}},{"type":"Feature","id":"dijon_212311603_jouvence_ouest","properties":{"zoneId":"dijon_212311603_jouvence_ouest","label":"Jouvence Ouest","districtCode":"212311603","arrondissementCode":"21231","colorIndex":0,"parentZoneId":"dijon_parent_21231_dijon","parentCode":"21231","parentLabel":"Dijon","territoryType":"iris","source":"IGN / INSEE - Contours IRIS WFS Géoplateforme","sourceYear":"2026","officialId":"212311603","sourceCleabs":"IRIS____0000000212311603","communeCode":"21231","communeName":"Dijon","irisCode":"1603","irisType":"H","officialAreaM2":210073.9561767578,"labelLng":5.036101973954174,"labelLat":47.33129393074706,"bbox":[5.03275404,47.32879077,5.03915996,47.33406662]},"geometry":{"type":"MultiPolygon","coordinates":[[[[5.03407306,47.32935745],[5.03363752,47.32964334],[5.03298033,47.33023209],[5.03275404,47.33037743],[5.03328103,47.3313867],[5.03374853,47.33250327],[5.03420915,47.33406662],[5.03655582,47.33373642],[5.03915996,47.33341966],[5.03849568,47.33190313],[5.03840648,47.33150756],[5.03841263,47.33114634],[5.03901487,47.32890336],[5.03878161,47.32879489],[5.03834966,47.32879077],[5.03622162,47.32883801],[5.03475483,47.32892856],[5.03407306,47.32935745]]]]}},{"type":"Feature","id":"dijon_212311604_jouvence_est","properties":{"zoneId":"dijon_212311604_jouvence_est","label":"Jouvence Est","districtCode":"212311604","arrondissementCode":"21231","colorIndex":1,"parentZoneId":"dijon_parent_21231_dijon","parentCode":"21231","parentLabel":"Dijon","territoryType":"iris","source":"IGN / INSEE - Contours IRIS WFS Géoplateforme","sourceYear":"2026","officialId":"212311604","sourceCleabs":"IRIS____0000000212311604","communeCode":"21231","communeName":"Dijon","irisCode":"1604","irisType":"H","officialAreaM2":188344.71923828125,"labelLng":5.041175395374389,"labelLat":47.331183133587594,"bbox":[5.03840648,47.32838676,5.04391432,47.33350768]},"geometry":{"type":"MultiPolygon","coordinates":[[[[5.03915996,47.33341966],[5.04216677,47.33341635],[5.04266075,47.33344819],[5.04264912,47.33349072],[5.04281137,47.33350768],[5.04391432,47.33346035],[5.04353976,47.32995488],[5.04311882,47.32992716],[5.04321615,47.32952652],[5.04312396,47.3292967],[5.04295357,47.32906556],[5.04222574,47.32838676],[5.04129265,47.32871835],[5.04067696,47.32886335],[5.03957151,47.32898183],[5.0391482,47.32896135],[5.03901487,47.32890336],[5.03841263,47.33114634],[5.03840648,47.33150756],[5.03849568,47.33190313],[5.03915996,47.33341966]]]]}},{"type":"Feature","id":"dijon_212311701_balzac","properties":{"zoneId":"dijon_212311701_balzac","label":"Balzac","districtCode":"212311701","arrondissementCode":"21231","colorIndex":2,"parentZoneId":"dijon_parent_21231_dijon","parentCode":"21231","parentLabel":"Dijon","territoryType":"iris","source":"IGN / INSEE - Contours IRIS WFS Géoplateforme","sourceYear":"2026","officialId":"212311701","sourceCleabs":"IRIS____0000000212311701","communeCode":"21231","communeName":"Dijon","irisCode":"1701","irisType":"H","officialAreaM2":448140.1984863281,"labelLng":5.050119586925592,"labelLat":47.340900750857806,"bbox":[5.04461129,47.336646,5.0576703,47.34700853]},"geometry":{"type":"MultiPolygon","coordinates":[[[[5.04582032,47.34700853],[5.04658696,47.3460918],[5.04870208,47.34391847],[5.0527152,47.33996994],[5.0528664,47.34004381],[5.05381227,47.34025042],[5.05428088,47.34069059],[5.05446232,47.34079275],[5.0547849,47.34087889],[5.0576703,47.34084222],[5.05683064,47.33808436],[5.05638504,47.33679278],[5.05614063,47.3367755],[5.05597802,47.336646],[5.05108394,47.3381914],[5.05111274,47.33835568],[5.05095906,47.33845926],[5.05069107,47.3384838],[5.05051205,47.3383753],[5.04701366,47.33946001],[5.04685274,47.33951328],[5.04461129,47.3396203],[5.04530648,47.3468762],[5.04560706,47.34690603],[5.04582032,47.34700853]]]]}},{"type":"Feature","id":"dijon_212311702_stalingrad","properties":{"zoneId":"dijon_212311702_stalingrad","label":"Stalingrad","districtCode":"212311702","arrondissementCode":"21231","colorIndex":3,"parentZoneId":"dijon_parent_21231_dijon","parentCode":"21231","parentLabel":"Dijon","territoryType":"iris","source":"IGN / INSEE - Contours IRIS WFS Géoplateforme","sourceYear":"2026","officialId":"212311702","sourceCleabs":"IRIS____0000000212311702","communeCode":"21231","communeName":"Dijon","irisCode":"1702","irisType":"H","officialAreaM2":504591.5343017578,"labelLng":5.0539774695836135,"labelLat":47.344280415941185,"bbox":[5.04658696,47.33996994,5.05976733,47.34899736]},"geometry":{"type":"MultiPolygon","coordinates":[[[[5.05956745,47.34760759],[5.05976733,47.34756802],[5.05882931,47.3446003],[5.058722,47.34439328],[5.05866489,47.34407911],[5.0576703,47.34084222],[5.0547849,47.34087889],[5.05446232,47.34079275],[5.05428088,47.34069059],[5.05381227,47.34025042],[5.0528664,47.34004381],[5.0527152,47.33996994],[5.04870208,47.34391847],[5.04658696,47.3460918],[5.04682491,47.34597324],[5.04712219,47.34609047],[5.04724723,47.34624226],[5.04759676,47.34696462],[5.04787037,47.34687785],[5.04796771,47.34689415],[5.04804327,47.34692974],[5.04824215,47.3472108],[5.0521116,47.34608078],[5.05301133,47.34577131],[5.05314065,47.34589599],[5.05342981,47.34583505],[5.05390143,47.34586814],[5.05413372,47.3459829],[5.05439408,47.34627727],[5.05524911,47.3460118],[5.05663165,47.3478253],[5.05661368,47.34790937],[5.05508004,47.34844711],[5.05517452,47.34859583],[5.05526987,47.34862926],[5.05548538,47.34899736],[5.05758868,47.34824961],[5.05956745,47.34760759]]]]}},{"type":"Feature","id":"dijon_212311703_casernes","properties":{"zoneId":"dijon_212311703_casernes","label":"Casernes","districtCode":"212311703","arrondissementCode":"21231","colorIndex":4,"parentZoneId":"dijon_parent_21231_dijon","parentCode":"21231","parentLabel":"Dijon","territoryType":"iris","source":"IGN / INSEE - Contours IRIS WFS Géoplateforme","sourceYear":"2026","officialId":"212311703","sourceCleabs":"IRIS____0000000212311703","communeCode":"21231","communeName":"Dijon","irisCode":"1703","irisType":"H","officialAreaM2":342330.02795410156,"labelLng":5.046236989344064,"labelLat":47.33458105765118,"bbox":[5.04353976,47.32995488,5.04923302,47.3396203]},"geometry":{"type":"MultiPolygon","coordinates":[[[[5.04813287,47.33008198],[5.04677334,47.33013747],[5.04353976,47.32995488],[5.04391432,47.33346035],[5.04439605,47.3381085],[5.04445973,47.33811098],[5.04461129,47.3396203],[5.04685274,47.33951328],[5.04701366,47.33946001],[5.04757198,47.33878108],[5.04835016,47.3376498],[5.04923302,47.33593042],[5.04801614,47.33129255],[5.04796065,47.33060192],[5.04813287,47.33008198]]]]}},{"type":"Feature","id":"dijon_212311704_sacre_coeur","properties":{"zoneId":"dijon_212311704_sacre_coeur","label":"Sacré-Cœur","districtCode":"212311704","arrondissementCode":"21231","colorIndex":5,"parentZoneId":"dijon_parent_21231_dijon","parentCode":"21231","parentLabel":"Dijon","territoryType":"iris","source":"IGN / INSEE - Contours IRIS WFS Géoplateforme","sourceYear":"2026","officialId":"212311704","sourceCleabs":"IRIS____0000000212311704","communeCode":"21231","communeName":"Dijon","irisCode":"1704","irisType":"H","officialAreaM2":680105.6123046875,"labelLng":5.052910214557475,"labelLat":47.333358588780435,"bbox":[5.04701366,47.32834508,5.05863895,47.33946001]},"geometry":{"type":"MultiPolygon","coordinates":[[[[5.05638504,47.33679278],[5.05657649,47.33674166],[5.05667407,47.33666069],[5.05669452,47.33646851],[5.05863895,47.33628907],[5.05840702,47.33528459],[5.05780569,47.33255763],[5.05712388,47.33025173],[5.05702468,47.32970236],[5.05674884,47.32879501],[5.05578605,47.32876433],[5.05265858,47.32851528],[5.05151435,47.32851929],[5.05140677,47.32840773],[5.05118053,47.32834508],[5.05083512,47.32838721],[5.05073698,47.328488],[5.05073507,47.32868075],[5.05085988,47.32882713],[5.05100774,47.32888395],[5.05059391,47.32900743],[5.04952474,47.3295207],[5.04845191,47.33000791],[5.04813287,47.33008198],[5.04796065,47.33060192],[5.04801614,47.33129255],[5.04923302,47.33593042],[5.04835016,47.3376498],[5.04757198,47.33878108],[5.04701366,47.33946001],[5.05051205,47.3383753],[5.05069107,47.3384838],[5.05095906,47.33845926],[5.05111274,47.33835568],[5.05108394,47.3381914],[5.05597802,47.336646],[5.05614063,47.3367755],[5.05638504,47.33679278]]]]}},{"type":"Feature","id":"dijon_212311801_york","properties":{"zoneId":"dijon_212311801_york","label":"York","districtCode":"212311801","arrondissementCode":"21231","colorIndex":6,"parentZoneId":"dijon_parent_21231_dijon","parentCode":"21231","parentLabel":"Dijon","territoryType":"iris","source":"IGN / INSEE - Contours IRIS WFS Géoplateforme","sourceYear":"2026","officialId":"212311801","sourceCleabs":"IRIS____0000000212311801","communeCode":"21231","communeName":"Dijon","irisCode":"1801","irisType":"H","officialAreaM2":274414.51025390625,"labelLng":5.060987869071888,"labelLat":47.33171346432105,"bbox":[5.05827779,47.32879317,5.06505078,47.33628907]},"geometry":{"type":"MultiPolygon","coordinates":[[[[5.06434704,47.33074131],[5.064507,47.33059528],[5.0647483,47.33025689],[5.06491186,47.32975689],[5.06501148,47.32976412],[5.06505078,47.32882326],[5.05832628,47.32879317],[5.05827974,47.32978999],[5.05838247,47.33094896],[5.05882047,47.33283682],[5.05833617,47.33291925],[5.05827779,47.33308958],[5.05858915,47.33457624],[5.05873271,47.33486547],[5.05885178,47.3352758],[5.05840702,47.33528459],[5.05863895,47.33628907],[5.05884621,47.33627009],[5.05920732,47.33618714],[5.05933192,47.3361201],[5.05997474,47.33568004],[5.06047981,47.33541353],[5.06119344,47.3349551],[5.06206776,47.33433532],[5.06198975,47.33427007],[5.06257166,47.33383198],[5.06281856,47.3335007],[5.06294935,47.33318139],[5.0629995,47.33286621],[5.06298789,47.33225405],[5.06324307,47.33165607],[5.06361074,47.3312623],[5.06434704,47.33074131]]]]}},{"type":"Feature","id":"dijon_212311802_locheres","properties":{"zoneId":"dijon_212311802_locheres","label":"Lochères","districtCode":"212311802","arrondissementCode":"21231","colorIndex":7,"parentZoneId":"dijon_parent_21231_dijon","parentCode":"21231","parentLabel":"Dijon","territoryType":"iris","source":"IGN / INSEE - Contours IRIS WFS Géoplateforme","sourceYear":"2026","officialId":"212311802","sourceCleabs":"IRIS____0000000212311802","communeCode":"21231","communeName":"Dijon","irisCode":"1802","irisType":"H","officialAreaM2":176870.73693847656,"labelLng":5.064597110158936,"labelLat":47.33345589814191,"bbox":[5.05884621,47.33074131,5.06911715,47.33627009]},"geometry":{"type":"MultiPolygon","coordinates":[[[[5.06911715,47.3318136],[5.06893885,47.3316898],[5.06721237,47.33167642],[5.06706765,47.33163307],[5.06666303,47.33189243],[5.06466268,47.33085457],[5.06434704,47.33074131],[5.06361074,47.3312623],[5.06324307,47.33165607],[5.06298789,47.33225405],[5.0629995,47.33286621],[5.06294935,47.33318139],[5.06281856,47.3335007],[5.06257166,47.33383198],[5.06198975,47.33427007],[5.06206776,47.33433532],[5.06119344,47.3349551],[5.06047981,47.33541353],[5.05997474,47.33568004],[5.05933192,47.3361201],[5.05920732,47.33618714],[5.05884621,47.33627009],[5.06057772,47.33603136],[5.06201517,47.33586266],[5.06309666,47.33566965],[5.06429067,47.33533684],[5.06515107,47.33500996],[5.06562081,47.33478998],[5.06661209,47.33421581],[5.06738443,47.33363293],[5.06792838,47.33310453],[5.06911715,47.3318136]]]]}},{"type":"Feature","id":"dijon_212311803_gresilles_centre","properties":{"zoneId":"dijon_212311803_gresilles_centre","label":"Grésilles Centre","districtCode":"212311803","arrondissementCode":"21231","colorIndex":0,"parentZoneId":"dijon_parent_21231_dijon","parentCode":"21231","parentLabel":"Dijon","territoryType":"iris","source":"IGN / INSEE - Contours IRIS WFS Géoplateforme","sourceYear":"2026","officialId":"212311803","sourceCleabs":"IRIS____0000000212311803","communeCode":"21231","communeName":"Dijon","irisCode":"1803","irisType":"H","officialAreaM2":581885.3162841797,"labelLng":5.068665769962434,"labelLat":47.335000744500476,"bbox":[5.06057772,47.32909052,5.07559916,47.3399268]},"geometry":{"type":"MultiPolygon","coordinates":[[[[5.06910143,47.3399268],[5.07145103,47.33620443],[5.07259945,47.33489798],[5.07456078,47.33207399],[5.07559916,47.32998149],[5.07087713,47.32909052],[5.07092484,47.32919413],[5.07078285,47.32983965],[5.07059089,47.32980795],[5.07049763,47.33020585],[5.07034018,47.33048512],[5.06911715,47.3318136],[5.06792838,47.33310453],[5.06738443,47.33363293],[5.06661209,47.33421581],[5.06562081,47.33478998],[5.06515107,47.33500996],[5.06429067,47.33533684],[5.06309666,47.33566965],[5.06201517,47.33586266],[5.06057772,47.33603136],[5.06072331,47.33678702],[5.06168532,47.33758673],[5.06157762,47.33764538],[5.06275926,47.3386438],[5.06286481,47.33880492],[5.06289099,47.33900347],[5.06306143,47.33885366],[5.06333882,47.33883252],[5.06357517,47.33894989],[5.06405238,47.33899184],[5.06516862,47.33928718],[5.06714568,47.3395744],[5.0685331,47.33985858],[5.06910143,47.3399268]]]]}},{"type":"Feature","id":"dijon_212311804_castelnau","properties":{"zoneId":"dijon_212311804_castelnau","label":"Castelnau","districtCode":"212311804","arrondissementCode":"21231","colorIndex":1,"parentZoneId":"dijon_parent_21231_dijon","parentCode":"21231","parentLabel":"Dijon","territoryType":"iris","source":"IGN / INSEE - Contours IRIS WFS Géoplateforme","sourceYear":"2026","officialId":"212311804","sourceCleabs":"IRIS____0000000212311804","communeCode":"21231","communeName":"Dijon","irisCode":"1804","irisType":"H","officialAreaM2":122164.19128417969,"labelLng":5.067642263719663,"labelLat":47.33021276276324,"bbox":[5.06434704,47.32882326,5.07092484,47.33189243]},"geometry":{"type":"MultiPolygon","coordinates":[[[[5.07087713,47.32909052],[5.07055404,47.3289558],[5.0701218,47.32904725],[5.06901969,47.3289075],[5.06536502,47.32890052],[5.06505078,47.32882326],[5.06501148,47.32976412],[5.06491186,47.32975689],[5.0647483,47.33025689],[5.064507,47.33059528],[5.06434704,47.33074131],[5.06466268,47.33085457],[5.06666303,47.33189243],[5.06706765,47.33163307],[5.06721237,47.33167642],[5.06893885,47.3316898],[5.06911715,47.3318136],[5.07034018,47.33048512],[5.07049763,47.33020585],[5.07059089,47.32980795],[5.07078285,47.32983965],[5.07092484,47.32919413],[5.07087713,47.32909052]]]]}},{"type":"Feature","id":"dijon_212312001_charles_de_gaulle","properties":{"zoneId":"dijon_212312001_charles_de_gaulle","label":"Charles de Gaulle","districtCode":"212312001","arrondissementCode":"21231","colorIndex":2,"parentZoneId":"dijon_parent_21231_dijon","parentCode":"21231","parentLabel":"Dijon","territoryType":"iris","source":"IGN / INSEE - Contours IRIS WFS Géoplateforme","sourceYear":"2026","officialId":"212312001","sourceCleabs":"IRIS____0000000212312001","communeCode":"21231","communeName":"Dijon","irisCode":"2001","irisType":"H","officialAreaM2":393530.3068847656,"labelLng":5.038277163699312,"labelLat":47.35023285347071,"bbox":[5.0344402,47.34696187,5.04484873,47.3546036]},"geometry":{"type":"MultiPolygon","coordinates":[[[[5.03509685,47.34696187],[5.03490983,47.34769007],[5.03478805,47.34825233],[5.03469983,47.35008373],[5.0344402,47.35102932],[5.03480273,47.35398478],[5.03519432,47.35407247],[5.03667219,47.35415103],[5.04008178,47.3546036],[5.0401836,47.35452797],[5.04050483,47.35457726],[5.04063504,47.35451644],[5.04070955,47.35435033],[5.04067968,47.35426171],[5.04058587,47.35419942],[5.04041347,47.35416102],[5.04039625,47.35402174],[5.03968291,47.35237281],[5.03878968,47.35181216],[5.03980299,47.35093077],[5.0407689,47.35023211],[5.04346381,47.34855569],[5.04466927,47.3477132],[5.04484873,47.34752003],[5.04482702,47.34722864],[5.04470982,47.34714335],[5.04455527,47.34712086],[5.04303308,47.34726561],[5.04265164,47.34726962],[5.04162037,47.34708423],[5.0412724,47.34706243],[5.0355221,47.34713453],[5.03509685,47.34696187]]]]}},{"type":"Feature","id":"dijon_212312002_concorde","properties":{"zoneId":"dijon_212312002_concorde","label":"Concorde","districtCode":"212312002","arrondissementCode":"21231","colorIndex":3,"parentZoneId":"dijon_parent_21231_dijon","parentCode":"21231","parentLabel":"Dijon","territoryType":"iris","source":"IGN / INSEE - Contours IRIS WFS Géoplateforme","sourceYear":"2026","officialId":"212312002","sourceCleabs":"IRIS____0000000212312002","communeCode":"21231","communeName":"Dijon","irisCode":"2002","irisType":"H","officialAreaM2":260468.96838378906,"labelLng":5.043092109232,"labelLat":47.35164204038725,"bbox":[5.03878968,47.34752003,5.04667935,47.35460522]},"geometry":{"type":"MultiPolygon","coordinates":[[[[5.04484873,47.34752003],[5.04466927,47.3477132],[5.04346381,47.34855569],[5.0407689,47.35023211],[5.03980299,47.35093077],[5.03878968,47.35181216],[5.03968291,47.35237281],[5.04039625,47.35402174],[5.04041347,47.35416102],[5.04058587,47.35419942],[5.04067968,47.35426171],[5.04070955,47.35435033],[5.04101415,47.35427564],[5.04160218,47.35423199],[5.04213295,47.35425058],[5.04265724,47.35420354],[5.04310089,47.35423086],[5.04341625,47.35419559],[5.04531188,47.35414332],[5.04553249,47.35447263],[5.04572145,47.35456296],[5.04603183,47.35460522],[5.04641771,47.35454259],[5.04663286,47.35438121],[5.04667935,47.35407151],[5.04651241,47.35386373],[5.04631971,47.35377977],[5.0460464,47.35377108],[5.04588809,47.35250413],[5.04567494,47.35066722],[5.04555984,47.35067195],[5.04529483,47.3482389],[5.04532775,47.34778175],[5.04530202,47.34769756],[5.04519205,47.34762835],[5.04484873,47.34752003]]]]}},{"type":"Feature","id":"dijon_212312003_clos_de_pouilly","properties":{"zoneId":"dijon_212312003_clos_de_pouilly","label":"Clos de Pouilly","districtCode":"212312003","arrondissementCode":"21231","colorIndex":4,"parentZoneId":"dijon_parent_21231_dijon","parentCode":"21231","parentLabel":"Dijon","territoryType":"iris","source":"IGN / INSEE - Contours IRIS WFS Géoplateforme","sourceYear":"2026","officialId":"212312003","sourceCleabs":"IRIS____0000000212312003","communeCode":"21231","communeName":"Dijon","irisCode":"2003","irisType":"H","officialAreaM2":386983.7551269531,"labelLng":5.050039056507689,"labelLat":47.348809905761044,"bbox":[5.04519205,47.34577131,5.05663165,47.35292461]},"geometry":{"type":"MultiPolygon","coordinates":[[[[5.04658696,47.3460918],[5.04582032,47.34700853],[5.04594521,47.34722606],[5.0458703,47.34745071],[5.04560653,47.34762195],[5.04519205,47.34762835],[5.04530202,47.34769756],[5.04532775,47.34778175],[5.04529483,47.3482389],[5.04555984,47.35067195],[5.04567494,47.35066722],[5.04588809,47.35250413],[5.04654812,47.35254204],[5.04694875,47.35262323],[5.04762944,47.35292461],[5.05065671,47.35075858],[5.05057977,47.35061766],[5.05066729,47.35044592],[5.05218868,47.34993186],[5.05258938,47.34998062],[5.05277345,47.34994314],[5.05548538,47.34899736],[5.05526987,47.34862926],[5.05517452,47.34859583],[5.05508004,47.34844711],[5.05661368,47.34790937],[5.05663165,47.3478253],[5.05524911,47.3460118],[5.05439408,47.34627727],[5.05413372,47.3459829],[5.05390143,47.34586814],[5.05342981,47.34583505],[5.05314065,47.34589599],[5.05301133,47.34577131],[5.0521116,47.34608078],[5.04824215,47.3472108],[5.04804327,47.34692974],[5.04796771,47.34689415],[5.04787037,47.34687785],[5.04759676,47.34696462],[5.04724723,47.34624226],[5.04712219,47.34609047],[5.04682491,47.34597324],[5.04658696,47.3460918]]]]}},{"type":"Feature","id":"dijon_212319801_la_toison_d_or","properties":{"zoneId":"dijon_212319801_la_toison_d_or","label":"La Toison d'Or","districtCode":"212319801","arrondissementCode":"21231","colorIndex":5,"parentZoneId":"dijon_parent_21231_dijon","parentCode":"21231","parentLabel":"Dijon","territoryType":"iris","source":"IGN / INSEE - Contours IRIS WFS Géoplateforme","sourceYear":"2026","officialId":"212319801","sourceCleabs":"IRIS____0000000212319801","communeCode":"21231","communeName":"Dijon","irisCode":"9801","irisType":"A","officialAreaM2":3554348.545776367,"labelLng":5.049124330708284,"labelLat":47.3617809006548,"bbox":[5.03637113,47.34760759,5.06311144,47.37745126]},"geometry":{"type":"MultiPolygon","coordinates":[[[[5.04050483,47.35457726],[5.04057028,47.3547301],[5.04048276,47.35525123],[5.03799931,47.36180737],[5.03704143,47.3655505],[5.03637113,47.36912108],[5.03867117,47.36992993],[5.03764935,47.3716093],[5.03912835,47.37177427],[5.04126917,47.37219234],[5.04206768,47.37220533],[5.04226547,47.37252604],[5.04289943,47.37249959],[5.04341443,47.37293448],[5.04625831,47.37402269],[5.04631022,47.37437568],[5.04647446,47.37447635],[5.04801971,47.37474179],[5.04999718,47.37476546],[5.05124661,47.37745126],[5.05166772,47.37733487],[5.0556169,47.37214295],[5.05446994,47.37064676],[5.05368867,47.36907566],[5.05335073,47.36796949],[5.0533294,47.36710087],[5.05193411,47.36416731],[5.05564763,47.36284635],[5.05524879,47.36201862],[5.05701628,47.36141731],[5.05808463,47.36097154],[5.05940188,47.36010531],[5.06016137,47.35938314],[5.06156086,47.35855504],[5.06311144,47.35790075],[5.06277002,47.35646598],[5.06239976,47.35562516],[5.0623912,47.3554371],[5.06188813,47.3542087],[5.06148891,47.35347556],[5.06112118,47.35225106],[5.06096763,47.35218625],[5.06000776,47.34886052],[5.05956745,47.34760759],[5.05758868,47.34824961],[5.05548538,47.34899736],[5.05277345,47.34994314],[5.05258938,47.34998062],[5.05218868,47.34993186],[5.05066729,47.35044592],[5.05057977,47.35061766],[5.05065671,47.35075858],[5.04762944,47.35292461],[5.04694875,47.35262323],[5.04654812,47.35254204],[5.04588809,47.35250413],[5.0460464,47.35377108],[5.04631971,47.35377977],[5.04651241,47.35386373],[5.04667935,47.35407151],[5.04663286,47.35438121],[5.04641771,47.35454259],[5.04603183,47.35460522],[5.04572145,47.35456296],[5.04553249,47.35447263],[5.04531188,47.35414332],[5.04341625,47.35419559],[5.04310089,47.35423086],[5.04265724,47.35420354],[5.04213295,47.35425058],[5.04160218,47.35423199],[5.04101415,47.35427564],[5.04070955,47.35435033],[5.04063504,47.35451644],[5.04050483,47.35457726]]]]}},{"type":"Feature","id":"dijon_212319802_z_i_nord_est","properties":{"zoneId":"dijon_212319802_z_i_nord_est","label":"Z.I. Nord-Est","districtCode":"212319802","arrondissementCode":"21231","colorIndex":6,"parentZoneId":"dijon_parent_21231_dijon","parentCode":"21231","parentLabel":"Dijon","territoryType":"iris","source":"IGN / INSEE - Contours IRIS WFS Géoplateforme","sourceYear":"2026","officialId":"212319802","sourceCleabs":"IRIS____0000000212319802","communeCode":"21231","communeName":"Dijon","irisCode":"9802","irisType":"A","officialAreaM2":2141191.430419922,"labelLng":5.067391309185467,"labelLat":47.346760018565966,"bbox":[5.05638504,47.33603136,5.08225229,47.35790075]},"geometry":{"type":"MultiPolygon","coordinates":[[[[5.06311144,47.35790075],[5.06346815,47.35773413],[5.06505634,47.35654333],[5.06816188,47.35494188],[5.06774527,47.35451614],[5.06783895,47.35405881],[5.0685212,47.35374408],[5.06888716,47.35344039],[5.07026568,47.35169852],[5.07282167,47.35094062],[5.07464099,47.35200229],[5.07694151,47.35183421],[5.08128732,47.3512053],[5.08136791,47.35150643],[5.08193615,47.35143231],[5.08219555,47.35138984],[5.08225229,47.34994977],[5.08034382,47.34802621],[5.08009607,47.34652315],[5.07935668,47.34648776],[5.07864182,47.34626461],[5.07793878,47.34576479],[5.07695199,47.34577253],[5.07595113,47.34384167],[5.07527551,47.34387806],[5.07513021,47.34337545],[5.07512692,47.3428451],[5.07317023,47.34288364],[5.07217423,47.34313195],[5.07148569,47.3434171],[5.07005653,47.34383971],[5.06936077,47.34428166],[5.06908527,47.34435231],[5.06901624,47.34235616],[5.06879073,47.34183337],[5.06914675,47.34041499],[5.06910143,47.3399268],[5.0685331,47.33985858],[5.06714568,47.3395744],[5.06516862,47.33928718],[5.06405238,47.33899184],[5.06357517,47.33894989],[5.06333882,47.33883252],[5.06306143,47.33885366],[5.06289099,47.33900347],[5.06286481,47.33880492],[5.06275926,47.3386438],[5.06157762,47.33764538],[5.06168532,47.33758673],[5.06072331,47.33678702],[5.06057772,47.33603136],[5.05884621,47.33627009],[5.05863895,47.33628907],[5.05669452,47.33646851],[5.05667407,47.33666069],[5.05657649,47.33674166],[5.05638504,47.33679278],[5.05683064,47.33808436],[5.0576703,47.34084222],[5.05866489,47.34407911],[5.058722,47.34439328],[5.05882931,47.3446003],[5.05976733,47.34756802],[5.05956745,47.34760759],[5.06000776,47.34886052],[5.06096763,47.35218625],[5.06112118,47.35225106],[5.06148891,47.35347556],[5.06188813,47.3542087],[5.0623912,47.3554371],[5.06239976,47.35562516],[5.06277002,47.35646598],[5.06311144,47.35790075]]]]}},{"type":"Feature","id":"dijon_212319803_la_gare","properties":{"zoneId":"dijon_212319803_la_gare","label":"La Gare","districtCode":"212319803","arrondissementCode":"21231","colorIndex":7,"parentZoneId":"dijon_parent_21231_dijon","parentCode":"21231","parentLabel":"Dijon","territoryType":"iris","source":"IGN / INSEE - Contours IRIS WFS Géoplateforme","sourceYear":"2026","officialId":"212319803","sourceCleabs":"IRIS____0000000212319803","communeCode":"21231","communeName":"Dijon","irisCode":"9803","irisType":"A","officialAreaM2":213396.5897216797,"labelLng":5.031454936628009,"labelLat":47.31950329,"bbox":[5.01833104,47.31443336,5.03252086,47.32457322]},"geometry":{"type":"MultiPolygon","coordinates":[[[[5.02390368,47.32258849],[5.02270985,47.32253815],[5.02270347,47.32261481],[5.02135565,47.32255453],[5.02007046,47.32264534],[5.0196499,47.32259052],[5.01935827,47.32244251],[5.01833104,47.32238472],[5.01834716,47.32295448],[5.01908622,47.32295604],[5.02058201,47.3230768],[5.0225414,47.32344522],[5.02313369,47.32362851],[5.02492282,47.32436277],[5.02598906,47.32454048],[5.02648695,47.32457322],[5.02804478,47.32437132],[5.02913924,47.32431437],[5.02933207,47.3232844],[5.02945956,47.32311827],[5.03002708,47.32261126],[5.03013521,47.32238874],[5.03015594,47.32230643],[5.03037495,47.32224947],[5.03248398,47.32184695],[5.03225145,47.32158176],[5.03184881,47.3210557],[5.0317026,47.32048192],[5.03187527,47.31909568],[5.03225449,47.3171493],[5.03252086,47.31652507],[5.03213672,47.31652189],[5.03245624,47.31443336],[5.03017091,47.31503348],[5.03017509,47.31510906],[5.02981034,47.31519828],[5.03159136,47.31750761],[5.03166879,47.31769897],[5.03147435,47.31868485],[5.03126831,47.31922427],[5.03080005,47.31993848],[5.02973053,47.32138812],[5.02967661,47.32181862],[5.02944342,47.32192085],[5.02878014,47.32210174],[5.02726229,47.32234348],[5.02521244,47.32256117],[5.02390368,47.32258849]]]]}},{"type":"Feature","id":"dijon_212319804_le_bocage","properties":{"zoneId":"dijon_212319804_le_bocage","label":"Le Bocage","districtCode":"212319804","arrondissementCode":"21231","colorIndex":0,"parentZoneId":"dijon_parent_21231_dijon","parentCode":"21231","parentLabel":"Dijon","territoryType":"iris","source":"IGN / INSEE - Contours IRIS WFS Géoplateforme","sourceYear":"2026","officialId":"212319804","sourceCleabs":"IRIS____0000000212319804","communeCode":"21231","communeName":"Dijon","irisCode":"9804","irisType":"A","officialAreaM2":268271.1661376953,"labelLng":5.068941217569328,"labelLat":47.32019902334858,"bbox":[5.06521633,47.31696056,5.0733886,47.32233473]},"geometry":{"type":"MultiPolygon","coordinates":[[[[5.07308868,47.3222889],[5.07298103,47.3217649],[5.07314627,47.32065969],[5.0733886,47.31884167],[5.07318016,47.31851939],[5.07164462,47.31860444],[5.06838453,47.31899037],[5.06706948,47.31696056],[5.06631272,47.31708209],[5.06534041,47.3171084],[5.06537904,47.31752737],[5.06521633,47.32228241],[5.07077278,47.32233473],[5.07308868,47.3222889]]]]}},{"type":"Feature","id":"dijon_212319901_combe_a_la_serpent_le_lac","properties":{"zoneId":"dijon_212319901_combe_a_la_serpent_le_lac","label":"Combe à la Serpent Le Lac","districtCode":"212319901","arrondissementCode":"21231","colorIndex":1,"parentZoneId":"dijon_parent_21231_dijon","parentCode":"21231","parentLabel":"Dijon","territoryType":"iris","source":"IGN / INSEE - Contours IRIS WFS Géoplateforme","sourceYear":"2026","officialId":"212319901","sourceCleabs":"IRIS____0000000212319901","communeCode":"21231","communeName":"Dijon","irisCode":"9901","irisType":"D","officialAreaM2":2979065.252319336,"labelLng":4.985252813149483,"labelLat":47.32401492705749,"bbox":[4.96244144,47.31147778,5.01372684,47.33073209]},"geometry":{"type":"MultiPolygon","coordinates":[[[[4.96818206,47.31147778],[4.9676125,47.31215832],[4.96741813,47.31624905],[4.97159883,47.31867165],[4.9732929,47.32012241],[4.97031038,47.31979124],[4.9698539,47.32063197],[4.96998736,47.32066032],[4.96991509,47.32078401],[4.96975598,47.32077861],[4.96964814,47.32097945],[4.96946258,47.3209754],[4.96927039,47.32133166],[4.96696396,47.32102046],[4.96592325,47.32095344],[4.96391421,47.32116844],[4.96394668,47.32125974],[4.96378901,47.32129393],[4.96352297,47.32126151],[4.96324414,47.3224729],[4.96336521,47.32248797],[4.9633466,47.32288451],[4.96272904,47.32272835],[4.96332361,47.32489933],[4.96244144,47.32496828],[4.96258022,47.32557648],[4.96367349,47.32548505],[4.96395455,47.32603591],[4.96643976,47.32695559],[4.96637222,47.32717286],[4.96709335,47.32729842],[4.96785819,47.32724314],[4.96802948,47.32768869],[4.96891309,47.32762148],[4.96910721,47.32829177],[4.96938926,47.3281456],[4.96938403,47.32771435],[4.97002314,47.32881654],[4.97027064,47.3287394],[4.97022399,47.32862312],[4.9704463,47.32858153],[4.97158725,47.32910157],[4.97283445,47.32916053],[4.97313548,47.32909868],[4.97551524,47.32959222],[4.97630106,47.32985441],[4.97733684,47.32870393],[4.98579414,47.32678109],[4.98637686,47.32774638],[4.98701628,47.32759496],[4.98892168,47.3273309],[4.98906569,47.3277859],[4.98938862,47.32788662],[4.98962619,47.32815001],[4.99037774,47.32859369],[4.99100325,47.32885312],[4.99113133,47.3289851],[4.99137073,47.32972572],[4.99215886,47.33011923],[4.99313909,47.33012132],[4.99353941,47.3302009],[4.99371808,47.33030409],[4.99372375,47.33042106],[4.99422804,47.33073209],[4.99613333,47.33010681],[4.99908995,47.32982902],[5.00062131,47.32951448],[5.00172004,47.32914254],[5.00330662,47.32821466],[5.00597382,47.32717804],[5.00648874,47.32685126],[5.00808466,47.32518562],[5.0083987,47.32476505],[5.00879582,47.32387476],[5.009436,47.32325133],[5.01038377,47.32270812],[5.01146535,47.32255521],[5.01072095,47.32180986],[5.01021006,47.32139366],[5.01054544,47.32126088],[5.01123242,47.32068615],[5.01135538,47.32050392],[5.01156671,47.31995904],[5.01149365,47.31956408],[5.01158476,47.31927433],[5.011707,47.3190732],[5.01203491,47.31874152],[5.01259282,47.31836354],[5.01251389,47.31791824],[5.01344047,47.31783734],[5.0134653,47.31740466],[5.0136293,47.31736399],[5.01365357,47.31712853],[5.01355922,47.31708424],[5.01353914,47.31700805],[5.01358025,47.31693889],[5.01368161,47.31692273],[5.01372684,47.31657524],[5.01360781,47.31636748],[5.0133317,47.31627862],[5.01313255,47.31630008],[5.01303879,47.31613061],[5.01360087,47.31544096],[5.01323009,47.31533482],[5.01311108,47.31558633],[5.01284003,47.31591522],[5.0122519,47.31651076],[5.01203765,47.31669458],[5.01175336,47.31684719],[5.01110907,47.31707538],[5.0105093,47.31739645],[5.00326301,47.32324904],[5.00151895,47.32456687],[5.00103937,47.32459854],[5.00062776,47.32449938],[4.99971597,47.32398558],[4.99959986,47.32378406],[4.99939059,47.32374804],[4.99868615,47.32336034],[4.99748032,47.32277324],[4.99697779,47.32257927],[4.99693658,47.32246831],[4.9967879,47.32242314],[4.99589813,47.32192965],[4.99568634,47.32186125],[4.99543186,47.32167741],[4.99469521,47.32195393],[4.9934465,47.32217169],[4.99203549,47.32229856],[4.99118054,47.32231413],[4.98767847,47.32129892],[4.98674635,47.32119691],[4.98622291,47.32118785],[4.98571781,47.32124512],[4.98484719,47.32169586],[4.98440799,47.32185195],[4.98371003,47.32199445],[4.98335338,47.32198344],[4.98246507,47.32170504],[4.9809905,47.32104312],[4.98010091,47.32058552],[4.97930671,47.32009298],[4.97820034,47.31978945],[4.97770824,47.31969607],[4.97693327,47.31968856],[4.97680635,47.3196583],[4.97660709,47.3194978],[4.97646048,47.31943636],[4.97578665,47.31929835],[4.97566191,47.31921942],[4.97528704,47.31882057],[4.97363494,47.31800759],[4.97325715,47.31742057],[4.97254604,47.3168077],[4.97229604,47.31595016],[4.97203245,47.31547916],[4.97176825,47.31513605],[4.97091799,47.31433823],[4.96942271,47.31342707],[4.96831909,47.31243451],[4.96802914,47.31229084],[4.96798489,47.31220334],[4.96814501,47.31183952],[4.96818206,47.31147778]]]]}}]}
