{"type":"FeatureCollection","metadata":{"generatedAt":"2026-07-14T16:01:39.192Z","source":"IGN / INSEE - Contours IRIS WFS Géoplateforme","datasetId":"STATISTICALUNITS.IRIS:contours_iris","datasetUrl":"https://geoservices.ign.fr/contoursiris","sourceFileUrl":"https://data.geopf.fr/wfs/ows?SERVICE=WFS&VERSION=2.0.0&REQUEST=GetFeature&TYPENAMES=STATISTICALUNITS.IRIS%3Acontours_iris&OUTPUTFORMAT=application%2Fjson&COUNT=1000&CQL_FILTER=code_insee%3D%2751454%27&SRSNAME=EPSG%3A4326","license":"Licence Ouverte / Open Licence 2.0","sourceYear":"2026","communeCode":"51454","communeName":"Reims","featureCount":84,"parentCount":1,"parentContract":"technical commune group; not selectable and not displayed as a district","sourceFeatureCount":85,"humanLabelContract":"one visible plate per unique official human place name","groupingContract":"only source zones sharing the same official name and parent are merged","groupedZoneCount":1,"groupedSourceFeatureCount":2,"bbox":[3.98606062,49.20391727,4.12415533,49.30316388],"areaStatsM2":{"minimum":66164.87048339844,"average":553442.8850678944,"maximum":5432663.90222168}},"features":[{"type":"Feature","id":"reims_514540101_cathedrale","properties":{"zoneId":"reims_514540101_cathedrale","label":"Cathédrale","districtCode":"514540101","arrondissementCode":"51454","colorIndex":0,"parentZoneId":"reims_parent_51454_reims","parentCode":"51454","parentLabel":"Reims","territoryType":"iris","source":"IGN / INSEE - Contours IRIS WFS Géoplateforme","sourceYear":"2026","officialId":"514540101","sourceCleabs":"IRIS____0000000514540101","communeCode":"51454","communeName":"Reims","irisCode":"0101","irisType":"H","officialAreaM2":338712.92529296875,"labelLng":4.036396465221901,"labelLat":49.25376898610152,"bbox":[4.03038689,49.2509385,4.04163188,49.25724845]},"geometry":{"type":"MultiPolygon","coordinates":[[[[4.04163188,49.2521622],[4.04025257,49.25187022],[4.0399731,49.25251995],[4.03953741,49.25223151],[4.03865832,49.25154321],[4.03799978,49.25116768],[4.03775593,49.25113022],[4.0354445,49.25106198],[4.0352214,49.25103153],[4.03506159,49.2509385],[4.03286944,49.25182129],[4.03204565,49.2522473],[4.03137936,49.25285806],[4.03099145,49.25344756],[4.03038689,49.25405599],[4.03167615,49.2545844],[4.03372982,49.25535439],[4.03389689,49.25567302],[4.03402401,49.25571059],[4.03427227,49.25569318],[4.03437276,49.25563567],[4.03446533,49.25566275],[4.03888561,49.25724845],[4.03906996,49.25712639],[4.03930587,49.25710908],[4.04163188,49.2521622]]]]}},{"type":"Feature","id":"reims_514540201_hincmar_ouest","properties":{"zoneId":"reims_514540201_hincmar_ouest","label":"Hincmar Ouest","districtCode":"514540201","arrondissementCode":"51454","colorIndex":1,"parentZoneId":"reims_parent_51454_reims","parentCode":"51454","parentLabel":"Reims","territoryType":"iris","source":"IGN / INSEE - Contours IRIS WFS Géoplateforme","sourceYear":"2026","officialId":"514540201","sourceCleabs":"IRIS____0000000514540201","communeCode":"51454","communeName":"Reims","irisCode":"0201","irisType":"H","officialAreaM2":152368.94262695312,"labelLng":4.0269372917115644,"labelLat":49.25005969670246,"bbox":[4.02222232,49.24688623,4.03090777,49.25273466]},"geometry":{"type":"MultiPolygon","coordinates":[[[[4.03090777,49.24759991],[4.02994048,49.24688623],[4.02945399,49.24714482],[4.02774184,49.24819873],[4.02549912,49.24964822],[4.02476783,49.2501687],[4.02458746,49.25021518],[4.0244313,49.25016616],[4.02383817,49.25017479],[4.02332519,49.2504165],[4.02222232,49.25110823],[4.02676899,49.25273466],[4.02723658,49.25221283],[4.02926525,49.24966649],[4.02929146,49.24946578],[4.02945959,49.24942568],[4.03090777,49.24759991]]]]}},{"type":"Feature","id":"reims_514540202_hincmar_est","properties":{"zoneId":"reims_514540202_hincmar_est","label":"Hincmar Est","districtCode":"514540202","arrondissementCode":"51454","colorIndex":2,"parentZoneId":"reims_parent_51454_reims","parentCode":"51454","parentLabel":"Reims","territoryType":"iris","source":"IGN / INSEE - Contours IRIS WFS Géoplateforme","sourceYear":"2026","officialId":"514540202","sourceCleabs":"IRIS____0000000514540202","communeCode":"51454","communeName":"Reims","irisCode":"0202","irisType":"H","officialAreaM2":198551.8076171875,"labelLng":4.030788146956743,"labelLat":49.25102988029373,"bbox":[4.02676899,49.24759991,4.03517971,49.25405599]},"geometry":{"type":"MultiPolygon","coordinates":[[[[4.03506159,49.2509385],[4.03517971,49.25087006],[4.03090777,49.24759991],[4.02945959,49.24942568],[4.02929146,49.24946578],[4.02926525,49.24966649],[4.02723658,49.25221283],[4.02676899,49.25273466],[4.02810376,49.25320698],[4.03038689,49.25405599],[4.03099145,49.25344756],[4.03137936,49.25285806],[4.03204565,49.2522473],[4.03286944,49.25182129],[4.03506159,49.2509385]]]]}},{"type":"Feature","id":"reims_514540203_hincmar_sud","properties":{"zoneId":"reims_514540203_hincmar_sud","label":"Hincmar Sud","districtCode":"514540203","arrondissementCode":"51454","colorIndex":3,"parentZoneId":"reims_parent_51454_reims","parentCode":"51454","parentLabel":"Reims","territoryType":"iris","source":"IGN / INSEE - Contours IRIS WFS Géoplateforme","sourceYear":"2026","officialId":"514540203","sourceCleabs":"IRIS____0000000514540203","communeCode":"51454","communeName":"Reims","irisCode":"0203","irisType":"H","officialAreaM2":242470.1483154297,"labelLng":4.034491171573492,"labelLat":49.24738409320735,"bbox":[4.02994048,49.24444396,4.03907425,49.25087006]},"geometry":{"type":"MultiPolygon","coordinates":[[[[4.02994048,49.24688623],[4.03090777,49.24759991],[4.03517971,49.25087006],[4.03617289,49.250127],[4.03824672,49.24759899],[4.03907425,49.24668202],[4.03293351,49.24444396],[4.03205755,49.24507091],[4.03108947,49.24569325],[4.03097461,49.24613118],[4.03077583,49.24635494],[4.02994048,49.24688623]]]]}},{"type":"Feature","id":"reims_514540301_centre_erlon_ouest","properties":{"zoneId":"reims_514540301_centre_erlon_ouest","label":"Centre Erlon Ouest","districtCode":"514540301","arrondissementCode":"51454","colorIndex":4,"parentZoneId":"reims_parent_51454_reims","parentCode":"51454","parentLabel":"Reims","territoryType":"iris","source":"IGN / INSEE - Contours IRIS WFS Géoplateforme","sourceYear":"2026","officialId":"514540301","sourceCleabs":"IRIS____0000000514540301","communeCode":"51454","communeName":"Reims","irisCode":"0301","irisType":"H","officialAreaM2":364524.91015625,"labelLng":4.022788873812547,"labelLat":49.254521368953306,"bbox":[4.01580805,49.25110823,4.02810376,49.25828179]},"geometry":{"type":"MultiPolygon","coordinates":[[[[4.01580805,49.25520636],[4.01602914,49.25527372],[4.01755555,49.2555054],[4.01849027,49.25575194],[4.01938819,49.2560815],[4.01997167,49.25634628],[4.02026352,49.25603184],[4.02219845,49.25747102],[4.0230595,49.25697644],[4.02331463,49.2572359],[4.02465673,49.25828179],[4.02509163,49.25777013],[4.02582494,49.25734584],[4.02576911,49.25730136],[4.02596995,49.2569706],[4.02605767,49.25696086],[4.02610882,49.25690828],[4.02708902,49.25536167],[4.02716677,49.25519648],[4.02709035,49.25515218],[4.02709725,49.25508469],[4.02718571,49.25504348],[4.02726982,49.25505984],[4.02777397,49.25423472],[4.02773328,49.25419191],[4.02779798,49.25413022],[4.02774801,49.25396522],[4.0278309,49.25357522],[4.02810376,49.25320698],[4.02676899,49.25273466],[4.02222232,49.25110823],[4.02147681,49.251538],[4.02107649,49.25185247],[4.01761619,49.25405112],[4.01580805,49.25520636]]]]}},{"type":"Feature","id":"reims_514540302_centre_erlon_est","properties":{"zoneId":"reims_514540302_centre_erlon_est","label":"Centre Erlon Est","districtCode":"514540302","arrondissementCode":"51454","colorIndex":5,"parentZoneId":"reims_parent_51454_reims","parentCode":"51454","parentLabel":"Reims","territoryType":"iris","source":"IGN / INSEE - Contours IRIS WFS Géoplateforme","sourceYear":"2026","officialId":"514540302","sourceCleabs":"IRIS____0000000514540302","communeCode":"51454","communeName":"Reims","irisCode":"0302","irisType":"H","officialAreaM2":376132.21826171875,"labelLng":4.028831044237056,"labelLat":49.257567843920306,"bbox":[4.02219845,49.25320698,4.03430816,49.2626168]},"geometry":{"type":"MultiPolygon","coordinates":[[[[4.02219845,49.25747102],[4.02298622,49.25799299],[4.02725273,49.26117982],[4.02735341,49.26126886],[4.02732143,49.26145704],[4.02858769,49.2626168],[4.0293787,49.26177664],[4.02903459,49.26153504],[4.02939627,49.26134855],[4.02940595,49.26128283],[4.0297013,49.26093867],[4.02937769,49.2606915],[4.02956066,49.26056767],[4.02977778,49.2602961],[4.0296919,49.26025997],[4.02988548,49.25984116],[4.03053792,49.26004597],[4.03071232,49.26004358],[4.03067788,49.2598317],[4.0316453,49.25888752],[4.03178372,49.25887195],[4.03195609,49.25849288],[4.03240884,49.25784708],[4.033357,49.2567673],[4.03339161,49.25671216],[4.03308035,49.25660154],[4.03344949,49.25617223],[4.03384802,49.25631986],[4.03430816,49.25583941],[4.03427227,49.25569318],[4.03402401,49.25571059],[4.03389689,49.25567302],[4.03372982,49.25535439],[4.03167615,49.2545844],[4.03038689,49.25405599],[4.02810376,49.25320698],[4.0278309,49.25357522],[4.02774801,49.25396522],[4.02779798,49.25413022],[4.02773328,49.25419191],[4.02777397,49.25423472],[4.02726982,49.25505984],[4.02718571,49.25504348],[4.02709725,49.25508469],[4.02709035,49.25515218],[4.02716677,49.25519648],[4.02708902,49.25536167],[4.02610882,49.25690828],[4.02605767,49.25696086],[4.02596995,49.2569706],[4.02576911,49.25730136],[4.02582494,49.25734584],[4.02509163,49.25777013],[4.02465673,49.25828179],[4.02331463,49.2572359],[4.0230595,49.25697644],[4.02219845,49.25747102]]]]}},{"type":"Feature","id":"reims_514540401_lundy","properties":{"zoneId":"reims_514540401_lundy","label":"Lundy","districtCode":"514540401","arrondissementCode":"51454","colorIndex":6,"parentZoneId":"reims_parent_51454_reims","parentCode":"51454","parentLabel":"Reims","territoryType":"iris","source":"IGN / INSEE - Contours IRIS WFS Géoplateforme","sourceYear":"2026","officialId":"514540401","sourceCleabs":"IRIS____0000000514540401","communeCode":"51454","communeName":"Reims","irisCode":"0401","irisType":"H","officialAreaM2":600357.7387695312,"labelLng":4.035701145305579,"labelLat":49.260867748006845,"bbox":[4.02903459,49.25563567,4.04188151,49.26556603]},"geometry":{"type":"MultiPolygon","coordinates":[[[[4.03888561,49.25724845],[4.03446533,49.25566275],[4.03437276,49.25563567],[4.03427227,49.25569318],[4.03430816,49.25583941],[4.03384802,49.25631986],[4.03344949,49.25617223],[4.03308035,49.25660154],[4.03339161,49.25671216],[4.033357,49.2567673],[4.03240884,49.25784708],[4.03195609,49.25849288],[4.03178372,49.25887195],[4.0316453,49.25888752],[4.03067788,49.2598317],[4.03071232,49.26004358],[4.03053792,49.26004597],[4.02988548,49.25984116],[4.0296919,49.26025997],[4.02977778,49.2602961],[4.02956066,49.26056767],[4.02937769,49.2606915],[4.0297013,49.26093867],[4.02940595,49.26128283],[4.02939627,49.26134855],[4.02903459,49.26153504],[4.0293787,49.26177664],[4.02954881,49.2617653],[4.02982699,49.26186901],[4.03044655,49.2631107],[4.03064219,49.26327715],[4.03423849,49.26430095],[4.03893332,49.26556603],[4.04000148,49.26410037],[4.04188151,49.26161627],[4.0409433,49.26073072],[4.04058481,49.26032294],[4.04052199,49.25959076],[4.04022636,49.25930292],[4.03951555,49.25879299],[4.03836941,49.25808182],[4.03888521,49.25763864],[4.03876131,49.25748777],[4.0387692,49.25740229],[4.03888561,49.25724845]]]]}},{"type":"Feature","id":"reims_514540501_ceres","properties":{"zoneId":"reims_514540501_ceres","label":"Cérès","districtCode":"514540501","arrondissementCode":"51454","colorIndex":7,"parentZoneId":"reims_parent_51454_reims","parentCode":"51454","parentLabel":"Reims","territoryType":"iris","source":"IGN / INSEE - Contours IRIS WFS Géoplateforme","sourceYear":"2026","officialId":"514540501","sourceCleabs":"IRIS____0000000514540501","communeCode":"51454","communeName":"Reims","irisCode":"0501","irisType":"H","officialAreaM2":331799.03063964844,"labelLng":4.042476222717213,"labelLat":49.25633049175101,"bbox":[4.03836941,49.2514337,4.04643445,49.26161627]},"geometry":{"type":"MultiPolygon","coordinates":[[[[4.04197428,49.2514337],[4.04163188,49.2521622],[4.03930587,49.25710908],[4.03906996,49.25712639],[4.03888561,49.25724845],[4.0387692,49.25740229],[4.03876131,49.25748777],[4.03888521,49.25763864],[4.03836941,49.25808182],[4.03951555,49.25879299],[4.04022636,49.25930292],[4.04052199,49.25959076],[4.04058481,49.26032294],[4.0409433,49.26073072],[4.04188151,49.26161627],[4.04381155,49.2590328],[4.0450057,49.25749408],[4.04489945,49.25746982],[4.04477343,49.25735134],[4.0448366,49.25714671],[4.04500395,49.25706794],[4.04528292,49.25707451],[4.04643445,49.25547051],[4.04389482,49.25207071],[4.04197428,49.2514337]]]]}},{"type":"Feature","id":"reims_514540601_barbatre_nord","properties":{"zoneId":"reims_514540601_barbatre_nord","label":"Barbâtre Nord","districtCode":"514540601","arrondissementCode":"51454","colorIndex":0,"parentZoneId":"reims_parent_51454_reims","parentCode":"51454","parentLabel":"Reims","territoryType":"iris","source":"IGN / INSEE - Contours IRIS WFS Géoplateforme","sourceYear":"2026","officialId":"514540601","sourceCleabs":"IRIS____0000000514540601","communeCode":"51454","communeName":"Reims","irisCode":"0601","irisType":"H","officialAreaM2":236129.58361816406,"labelLng":4.040045899970252,"labelLat":49.24929983689674,"bbox":[4.03506159,49.24610496,4.04384116,49.25251995]},"geometry":{"type":"MultiPolygon","coordinates":[[[[4.03517971,49.25087006],[4.03506159,49.2509385],[4.0352214,49.25103153],[4.0354445,49.25106198],[4.03775593,49.25113022],[4.03799978,49.25116768],[4.03865832,49.25154321],[4.03953741,49.25223151],[4.0399731,49.25251995],[4.04025257,49.25187022],[4.04163188,49.2521622],[4.04197428,49.2514337],[4.04314888,49.24893226],[4.04355308,49.24847743],[4.04341028,49.24834291],[4.04346677,49.24821565],[4.04287134,49.24804099],[4.04384116,49.24682966],[4.0426002,49.24610496],[4.0422519,49.24640286],[4.04159817,49.24708191],[4.03931961,49.24645424],[4.03907425,49.24668202],[4.03824672,49.24759899],[4.03617289,49.250127],[4.03517971,49.25087006]]]]}},{"type":"Feature","id":"reims_514540602_barbatre_sud","properties":{"zoneId":"reims_514540602_barbatre_sud","label":"Barbâtre Sud","districtCode":"514540602","arrondissementCode":"51454","colorIndex":1,"parentZoneId":"reims_parent_51454_reims","parentCode":"51454","parentLabel":"Reims","territoryType":"iris","source":"IGN / INSEE - Contours IRIS WFS Géoplateforme","sourceYear":"2026","officialId":"514540602","sourceCleabs":"IRIS____0000000514540602","communeCode":"51454","communeName":"Reims","irisCode":"0602","irisType":"H","officialAreaM2":236157.4725341797,"labelLng":4.045214930420857,"labelLat":49.244390030776636,"bbox":[4.04073876,49.24129664,4.04962514,49.24847743]},"geometry":{"type":"MultiPolygon","coordinates":[[[[4.04355308,49.24847743],[4.04399542,49.24793956],[4.04428036,49.24770064],[4.0478183,49.24534318],[4.04933949,49.24437785],[4.04962514,49.24410834],[4.04771825,49.2425075],[4.04649992,49.24167745],[4.0459247,49.24148015],[4.04563804,49.2414287],[4.04473969,49.24148144],[4.04457609,49.24140373],[4.04448467,49.24129664],[4.043921,49.24146695],[4.04364059,49.2419288],[4.04238317,49.24269759],[4.04259971,49.24281259],[4.04380628,49.24319774],[4.04364461,49.24342031],[4.04347941,49.24346759],[4.04322044,49.24363167],[4.04253946,49.24425072],[4.04073876,49.24504935],[4.04103235,49.24517179],[4.0426002,49.24610496],[4.04384116,49.24682966],[4.04287134,49.24804099],[4.04346677,49.24821565],[4.04341028,49.24834291],[4.04355308,49.24847743]]]]}},{"type":"Feature","id":"reims_514540701_sainte_anne","properties":{"zoneId":"reims_514540701_sainte_anne","label":"Sainte-Anne","districtCode":"514540701","arrondissementCode":"51454","colorIndex":2,"parentZoneId":"reims_parent_51454_reims","parentCode":"51454","parentLabel":"Reims","territoryType":"iris","source":"IGN / INSEE - Contours IRIS WFS Géoplateforme","sourceYear":"2026","officialId":"514540701","sourceCleabs":"IRIS____0000000514540701","communeCode":"51454","communeName":"Reims","irisCode":"0701","irisType":"H","officialAreaM2":754650.8931884766,"labelLng":4.029217275909024,"labelLat":49.24003420062113,"bbox":[4.02097992,49.2345889,4.03591844,49.24613118]},"geometry":{"type":"MultiPolygon","coordinates":[[[[4.02887723,49.2345889],[4.0286009,49.23477737],[4.02827897,49.23488261],[4.02443352,49.23759726],[4.0219763,49.23922115],[4.0218886,49.23916076],[4.02097992,49.23973217],[4.02108573,49.23980589],[4.02100439,49.23985873],[4.02113777,49.24000774],[4.02442479,49.24214571],[4.02456873,49.24220292],[4.02463258,49.24230667],[4.02480751,49.24233396],[4.02508279,49.24257436],[4.02750314,49.24413522],[4.02955179,49.24522899],[4.03071141,49.24601655],[4.03097461,49.24613118],[4.03108947,49.24569325],[4.03205755,49.24507091],[4.03293351,49.24444396],[4.03408498,49.24344962],[4.03591844,49.24174814],[4.03450247,49.24139257],[4.03307456,49.24057588],[4.03290229,49.24047576],[4.03401086,49.23926331],[4.03409021,49.23911158],[4.03470835,49.23740884],[4.03566508,49.23629837],[4.03315914,49.2351205],[4.03266161,49.2365381],[4.02887723,49.2345889]]]]}},{"type":"Feature","id":"reims_514540801_courlancy_nord","properties":{"zoneId":"reims_514540801_courlancy_nord","label":"Courlancy-Nord","districtCode":"514540801","arrondissementCode":"51454","colorIndex":3,"parentZoneId":"reims_parent_51454_reims","parentCode":"51454","parentLabel":"Reims","territoryType":"iris","source":"IGN / INSEE - Contours IRIS WFS Géoplateforme","sourceYear":"2026","officialId":"514540801","sourceCleabs":"IRIS____0000000514540801","communeCode":"51454","communeName":"Reims","irisCode":"0801","irisType":"H","officialAreaM2":489171.57189941406,"labelLng":4.016484635541776,"labelLat":49.248381065178485,"bbox":[4.0123943,49.24137221,4.02222232,49.25405112]},"geometry":{"type":"MultiPolygon","coordinates":[[[[4.01414022,49.24202675],[4.01350123,49.24137221],[4.01346661,49.24219784],[4.01340332,49.24247169],[4.0127031,49.24422894],[4.01254631,49.24477778],[4.0123943,49.24585074],[4.01245143,49.24722491],[4.01272059,49.24862698],[4.01311733,49.24868928],[4.0134113,49.24939347],[4.01385078,49.25023399],[4.01439252,49.25103588],[4.01504545,49.25183414],[4.01600464,49.25277007],[4.01761619,49.25405112],[4.02107649,49.25185247],[4.02147681,49.251538],[4.02222232,49.25110823],[4.02001878,49.25031234],[4.01960256,49.25009919],[4.0195782,49.24997802],[4.0196495,49.24983267],[4.02133386,49.24861279],[4.0214035,49.24852319],[4.02139067,49.24836057],[4.01916788,49.2469292],[4.01838347,49.24635863],[4.0175877,49.24562812],[4.01551023,49.24340427],[4.01414022,49.24202675]]]]}},{"type":"Feature","id":"reims_514540802_courlancy_sud","properties":{"zoneId":"reims_514540802_courlancy_sud","label":"Courlancy-Sud","districtCode":"514540802","arrondissementCode":"51454","colorIndex":4,"parentZoneId":"reims_parent_51454_reims","parentCode":"51454","parentLabel":"Reims","territoryType":"iris","source":"IGN / INSEE - Contours IRIS WFS Géoplateforme","sourceYear":"2026","officialId":"514540802","sourceCleabs":"IRIS____0000000514540802","communeCode":"51454","communeName":"Reims","irisCode":"0802","irisType":"H","officialAreaM2":688471.5394287109,"labelLng":4.022814221164253,"labelLat":49.24544040521384,"bbox":[4.01551023,49.23973217,4.03097461,49.25110823]},"geometry":{"type":"MultiPolygon","coordinates":[[[[4.02097992,49.23973217],[4.01932472,49.24081516],[4.01835112,49.24137001],[4.01776989,49.24162935],[4.01764906,49.24162947],[4.01755241,49.24167255],[4.01749636,49.24175483],[4.0175214,49.24184093],[4.01768443,49.2418917],[4.01783383,49.24187785],[4.01778932,49.24191869],[4.01614542,49.24295478],[4.01551023,49.24340427],[4.0175877,49.24562812],[4.01838347,49.24635863],[4.01916788,49.2469292],[4.02139067,49.24836057],[4.0214035,49.24852319],[4.02133386,49.24861279],[4.0196495,49.24983267],[4.0195782,49.24997802],[4.01960256,49.25009919],[4.02001878,49.25031234],[4.02222232,49.25110823],[4.02332519,49.2504165],[4.02383817,49.25017479],[4.0244313,49.25016616],[4.02458746,49.25021518],[4.02476783,49.2501687],[4.02549912,49.24964822],[4.02774184,49.24819873],[4.02945399,49.24714482],[4.02994048,49.24688623],[4.03077583,49.24635494],[4.03097461,49.24613118],[4.03071141,49.24601655],[4.02955179,49.24522899],[4.02750314,49.24413522],[4.02508279,49.24257436],[4.02480751,49.24233396],[4.02463258,49.24230667],[4.02456873,49.24220292],[4.02442479,49.24214571],[4.02113777,49.24000774],[4.02100439,49.23985873],[4.02108573,49.23980589],[4.02097992,49.23973217]]]]}},{"type":"Feature","id":"reims_514540901_bois_d_amour_jardins_ouvriers","properties":{"zoneId":"reims_514540901_bois_d_amour_jardins_ouvriers","label":"Bois d'Amour Jardins Ouvriers","districtCode":"514540901","arrondissementCode":"51454","colorIndex":5,"parentZoneId":"reims_parent_51454_reims","parentCode":"51454","parentLabel":"Reims","territoryType":"iris","source":"IGN / INSEE - Contours IRIS WFS Géoplateforme","sourceYear":"2026","officialId":"514540901","sourceCleabs":"IRIS____0000000514540901","communeCode":"51454","communeName":"Reims","irisCode":"0901","irisType":"D","officialAreaM2":709332.8139648438,"labelLng":4.0060263431483625,"labelLat":49.25670776140101,"bbox":[3.99483681,49.24862698,4.01761619,49.2622591]},"geometry":{"type":"MultiPolygon","coordinates":[[[[4.01167196,49.253078],[4.01169446,49.25310479],[4.01225676,49.25376447],[4.01256712,49.25376186],[4.01252995,49.25410831],[4.01308855,49.25429781],[4.01127812,49.25527139],[4.01023122,49.25539704],[4.00864633,49.25533388],[4.00813106,49.25511253],[4.00721656,49.25442071],[4.00644351,49.25450268],[4.00585206,49.25481149],[4.00518629,49.2550427],[4.00349386,49.25488687],[4.00213785,49.2543722],[4.00098837,49.25530058],[3.99847016,49.2555552],[3.9991676,49.25923371],[3.99661799,49.25829822],[3.99538996,49.25801077],[3.99483681,49.26060009],[3.99514924,49.26077462],[3.99545669,49.2622591],[4.00150396,49.2597223],[4.00161382,49.25986254],[4.00173305,49.25984806],[4.0023565,49.25948506],[4.00345369,49.2590435],[4.00785068,49.2590473],[4.00844835,49.2590549],[4.00867989,49.25909432],[4.00887884,49.25901264],[4.0089726,49.25903073],[4.00915537,49.25896447],[4.00941019,49.25914125],[4.00972382,49.25902355],[4.01580805,49.25520636],[4.01761619,49.25405112],[4.01600464,49.25277007],[4.01504545,49.25183414],[4.01439252,49.25103588],[4.01385078,49.25023399],[4.0134113,49.24939347],[4.01311733,49.24868928],[4.01272059,49.24862698],[4.01269417,49.24889063],[4.01264071,49.2489657],[4.01293244,49.24892549],[4.01321875,49.24965941],[4.01356083,49.25022563],[4.01360314,49.25042217],[4.01336598,49.2505842],[4.01312711,49.2508694],[4.01167196,49.253078]]]]}},{"type":"Feature","id":"reims_514541001_clairmarais","properties":{"zoneId":"reims_514541001_clairmarais","label":"Clairmarais","districtCode":"514541001","arrondissementCode":"51454","colorIndex":6,"parentZoneId":"reims_parent_51454_reims","parentCode":"51454","parentLabel":"Reims","territoryType":"iris","source":"IGN / INSEE - Contours IRIS WFS Géoplateforme","sourceYear":"2026","officialId":"514541001","sourceCleabs":"IRIS____0000000514541001","communeCode":"51454","communeName":"Reims","irisCode":"1001","irisType":"H","officialAreaM2":692434.8292236328,"labelLng":4.017574902534816,"labelLat":49.25950331947429,"bbox":[4.00872545,49.25520636,4.02858769,49.26314044]},"geometry":{"type":"MultiPolygon","coordinates":[[[[4.01580805,49.25520636],[4.00972382,49.25902355],[4.00872545,49.25966932],[4.00954468,49.26236949],[4.01527217,49.26183774],[4.01587425,49.26185875],[4.01616927,49.261912],[4.0175172,49.26234836],[4.01807195,49.26205779],[4.01839324,49.26211981],[4.01905251,49.26232372],[4.01957517,49.26242629],[4.01988857,49.26243623],[4.0213397,49.26225313],[4.02462489,49.26166427],[4.02477416,49.2615713],[4.02597976,49.26203126],[4.02744651,49.26256629],[4.02812006,49.26314044],[4.02858769,49.2626168],[4.02732143,49.26145704],[4.02735341,49.26126886],[4.02725273,49.26117982],[4.02298622,49.25799299],[4.02219845,49.25747102],[4.02026352,49.25603184],[4.01997167,49.25634628],[4.01938819,49.2560815],[4.01849027,49.25575194],[4.01755555,49.2555054],[4.01602914,49.25527372],[4.01580805,49.25520636]]]]}},{"type":"Feature","id":"reims_514541101_mont_d_arene_ouest","properties":{"zoneId":"reims_514541101_mont_d_arene_ouest","label":"Mont d'Arène Ouest","districtCode":"514541101","arrondissementCode":"51454","colorIndex":7,"parentZoneId":"reims_parent_51454_reims","parentCode":"51454","parentLabel":"Reims","territoryType":"iris","source":"IGN / INSEE - Contours IRIS WFS Géoplateforme","sourceYear":"2026","officialId":"514541101","sourceCleabs":"IRIS____0000000514541101","communeCode":"51454","communeName":"Reims","irisCode":"1101","irisType":"H","officialAreaM2":203800.32946777344,"labelLng":4.014787978789915,"labelLat":49.26380213108238,"bbox":[4.00954468,49.26183774,4.02075276,49.26628075]},"geometry":{"type":"MultiPolygon","coordinates":[[[[4.0175172,49.26234836],[4.01616927,49.261912],[4.01587425,49.26185875],[4.01527217,49.26183774],[4.00954468,49.26236949],[4.00990042,49.26440554],[4.00973834,49.26447702],[4.00971321,49.2645968],[4.00978364,49.26468612],[4.00996843,49.26472233],[4.01009862,49.26470596],[4.01018072,49.26454884],[4.01035199,49.26452583],[4.01315284,49.26430365],[4.01728902,49.26582958],[4.01890525,49.26628075],[4.02075276,49.26564209],[4.01647528,49.2628732],[4.0175172,49.26234836]]]]}},{"type":"Feature","id":"reims_514541102_mont_d_arene_est","properties":{"zoneId":"reims_514541102_mont_d_arene_est","label":"Mont d'Arène Est","districtCode":"514541102","arrondissementCode":"51454","colorIndex":0,"parentZoneId":"reims_parent_51454_reims","parentCode":"51454","parentLabel":"Reims","territoryType":"iris","source":"IGN / INSEE - Contours IRIS WFS Géoplateforme","sourceYear":"2026","officialId":"514541102","sourceCleabs":"IRIS____0000000514541102","communeCode":"51454","communeName":"Reims","irisCode":"1102","irisType":"H","officialAreaM2":163401.01391601562,"labelLng":4.02137090840925,"labelLat":49.263403848546105,"bbox":[4.01647528,49.2615713,4.02597976,49.26564209]},"geometry":{"type":"MultiPolygon","coordinates":[[[[4.02597976,49.26203126],[4.02477416,49.2615713],[4.02462489,49.26166427],[4.0213397,49.26225313],[4.01988857,49.26243623],[4.01957517,49.26242629],[4.01905251,49.26232372],[4.01839324,49.26211981],[4.01807195,49.26205779],[4.0175172,49.26234836],[4.01647528,49.2628732],[4.02075276,49.26564209],[4.02344741,49.26470404],[4.02597976,49.26203126]]]]}},{"type":"Feature","id":"reims_514541201_laon_sud_ouest","properties":{"zoneId":"reims_514541201_laon_sud_ouest","label":"Laon Sud-Ouest","districtCode":"514541201","arrondissementCode":"51454","colorIndex":1,"parentZoneId":"reims_parent_51454_reims","parentCode":"51454","parentLabel":"Reims","territoryType":"iris","source":"IGN / INSEE - Contours IRIS WFS Géoplateforme","sourceYear":"2026","officialId":"514541201","sourceCleabs":"IRIS____0000000514541201","communeCode":"51454","communeName":"Reims","irisCode":"1201","irisType":"H","officialAreaM2":261234.92834472656,"labelLng":4.022887560791852,"labelLat":49.266301144035076,"bbox":[4.01750776,49.26203126,4.02812006,49.27007514]},"geometry":{"type":"MultiPolygon","coordinates":[[[[4.01890525,49.26628075],[4.01750776,49.26738038],[4.02009488,49.26926899],[4.02214692,49.27007514],[4.02812006,49.26314044],[4.02744651,49.26256629],[4.02597976,49.26203126],[4.02344741,49.26470404],[4.02075276,49.26564209],[4.01890525,49.26628075]]]]}},{"type":"Feature","id":"reims_514541202_laon_sud_est","properties":{"zoneId":"reims_514541202_laon_sud_est","label":"Laon Sud-Est","districtCode":"514541202","arrondissementCode":"51454","colorIndex":2,"parentZoneId":"reims_parent_51454_reims","parentCode":"51454","parentLabel":"Reims","territoryType":"iris","source":"IGN / INSEE - Contours IRIS WFS Géoplateforme","sourceYear":"2026","officialId":"514541202","sourceCleabs":"IRIS____0000000514541202","communeCode":"51454","communeName":"Reims","irisCode":"1202","irisType":"H","officialAreaM2":154940.6990966797,"labelLng":4.025881661527544,"labelLat":49.26747811466767,"bbox":[4.02214692,49.26314044,4.02959082,49.27108783]},"geometry":{"type":"MultiPolygon","coordinates":[[[[4.02959082,49.26449444],[4.02812006,49.26314044],[4.02214692,49.27007514],[4.02485849,49.27108783],[4.02612359,49.27079658],[4.02576291,49.26965337],[4.02587994,49.26925051],[4.02659189,49.26788151],[4.02679913,49.26752553],[4.02750633,49.2666798],[4.02849391,49.26570402],[4.02959082,49.26449444]]]]}},{"type":"Feature","id":"reims_514541301_lesage","properties":{"zoneId":"reims_514541301_lesage","label":"Lesage","districtCode":"514541301","arrondissementCode":"51454","colorIndex":3,"parentZoneId":"reims_parent_51454_reims","parentCode":"51454","parentLabel":"Reims","territoryType":"iris","source":"IGN / INSEE - Contours IRIS WFS Géoplateforme","sourceYear":"2026","officialId":"514541301","sourceCleabs":"IRIS____0000000514541301","communeCode":"51454","communeName":"Reims","irisCode":"1301","irisType":"H","officialAreaM2":225373.20642089844,"labelLng":4.02963674460409,"labelLat":49.26807857606792,"bbox":[4.02576291,49.26449444,4.03448379,49.27079658]},"geometry":{"type":"MultiPolygon","coordinates":[[[[4.02959082,49.26449444],[4.02849391,49.26570402],[4.02750633,49.2666798],[4.02679913,49.26752553],[4.02659189,49.26788151],[4.02587994,49.26925051],[4.02576291,49.26965337],[4.02612359,49.27079658],[4.03333411,49.26922466],[4.03448379,49.26873113],[4.03201142,49.26635366],[4.03183008,49.26656019],[4.03130463,49.26687126],[4.03116804,49.2664292],[4.03078057,49.26559999],[4.02959082,49.26449444]]]]}},{"type":"Feature","id":"reims_514541401_port_sec","properties":{"zoneId":"reims_514541401_port_sec","label":"Port Sec","districtCode":"514541401","arrondissementCode":"51454","colorIndex":4,"parentZoneId":"reims_parent_51454_reims","parentCode":"51454","parentLabel":"Reims","territoryType":"iris","source":"IGN / INSEE - Contours IRIS WFS Géoplateforme","sourceYear":"2026","officialId":"514541401","sourceCleabs":"IRIS____0000000514541401","communeCode":"51454","communeName":"Reims","irisCode":"1401","irisType":"A","officialAreaM2":595781.365234375,"labelLng":4.037534638916742,"labelLat":49.26777280105332,"bbox":[4.02812006,49.2617653,4.04486976,49.27324547]},"geometry":{"type":"MultiPolygon","coordinates":[[[[4.03936942,49.27324547],[4.04006286,49.27281515],[4.04338943,49.27125807],[4.04367784,49.27070806],[4.04486976,49.26721126],[4.03893332,49.26556603],[4.03423849,49.26430095],[4.03064219,49.26327715],[4.03044655,49.2631107],[4.02982699,49.26186901],[4.02954881,49.2617653],[4.0293787,49.26177664],[4.02858769,49.2626168],[4.02812006,49.26314044],[4.02959082,49.26449444],[4.03078057,49.26559999],[4.03116804,49.2664292],[4.03130463,49.26687126],[4.03183008,49.26656019],[4.03201142,49.26635366],[4.03448379,49.26873113],[4.03625392,49.27040433],[4.03824635,49.2722626],[4.03936942,49.27324547]]]]}},{"type":"Feature","id":"reims_514541501_jamin_sud_ouest","properties":{"zoneId":"reims_514541501_jamin_sud_ouest","label":"Jamin-Sud-Ouest","districtCode":"514541501","arrondissementCode":"51454","colorIndex":5,"parentZoneId":"reims_parent_51454_reims","parentCode":"51454","parentLabel":"Reims","territoryType":"iris","source":"IGN / INSEE - Contours IRIS WFS Géoplateforme","sourceYear":"2026","officialId":"514541501","sourceCleabs":"IRIS____0000000514541501","communeCode":"51454","communeName":"Reims","irisCode":"1501","irisType":"H","officialAreaM2":151283.11596679688,"labelLng":4.043748415806468,"labelLat":49.26181620081039,"bbox":[4.04000148,49.2590328,4.04710744,49.26410037]},"geometry":{"type":"MultiPolygon","coordinates":[[[[4.04710744,49.26021436],[4.04381155,49.2590328],[4.04188151,49.26161627],[4.04000148,49.26410037],[4.04391979,49.26405125],[4.04402547,49.26391008],[4.04420574,49.26392561],[4.0470634,49.26061662],[4.0470552,49.26034787],[4.04710744,49.26021436]]]]}},{"type":"Feature","id":"reims_514541502_jamin_nord_est","properties":{"zoneId":"reims_514541502_jamin_nord_est","label":"Jamin-Nord-Est","districtCode":"514541502","arrondissementCode":"51454","colorIndex":6,"parentZoneId":"reims_parent_51454_reims","parentCode":"51454","parentLabel":"Reims","territoryType":"iris","source":"IGN / INSEE - Contours IRIS WFS Géoplateforme","sourceYear":"2026","officialId":"514541502","sourceCleabs":"IRIS____0000000514541502","communeCode":"51454","communeName":"Reims","irisCode":"1502","irisType":"H","officialAreaM2":259261.46337890625,"labelLng":4.045316776574023,"labelLat":49.26397781607738,"bbox":[4.03893332,49.26021436,4.051024,49.26721126]},"geometry":{"type":"MultiPolygon","coordinates":[[[[4.04750337,49.26036556],[4.04745112,49.26029499],[4.04710744,49.26021436],[4.0470552,49.26034787],[4.0470634,49.26061662],[4.04420574,49.26392561],[4.04402547,49.26391008],[4.04391979,49.26405125],[4.04000148,49.26410037],[4.03893332,49.26556603],[4.04486976,49.26721126],[4.0451746,49.26625294],[4.04535023,49.26624242],[4.04687532,49.26536881],[4.04831065,49.26413635],[4.04823537,49.26408216],[4.04825213,49.26396064],[4.04842376,49.26388813],[4.04855892,49.26391482],[4.05003765,49.26265858],[4.051024,49.26164665],[4.04750337,49.26036556]]]]}},{"type":"Feature","id":"reims_514541601_cernay_sud","properties":{"zoneId":"reims_514541601_cernay_sud","label":"Cernay Sud","districtCode":"514541601","arrondissementCode":"51454","colorIndex":7,"parentZoneId":"reims_parent_51454_reims","parentCode":"51454","parentLabel":"Reims","territoryType":"iris","source":"IGN / INSEE - Contours IRIS WFS Géoplateforme","sourceYear":"2026","officialId":"514541601","sourceCleabs":"IRIS____0000000514541601","communeCode":"51454","communeName":"Reims","irisCode":"1601","irisType":"H","officialAreaM2":213547.58154296875,"labelLng":4.050004268796753,"labelLat":49.25723170606179,"bbox":[4.04381155,49.25330716,4.05605487,49.26036556]},"geometry":{"type":"MultiPolygon","coordinates":[[[[4.04710744,49.26021436],[4.04745112,49.26029499],[4.04750337,49.26036556],[4.04759422,49.26017147],[4.04757298,49.26000444],[4.04862876,49.25855588],[4.04859489,49.2584438],[4.04777831,49.25732708],[4.05444086,49.25796849],[4.05512523,49.25798408],[4.05605487,49.25790312],[4.05584437,49.25714706],[4.05540626,49.2560064],[4.05410129,49.25330716],[4.05306214,49.2535374],[4.05330774,49.25635559],[4.0516135,49.25666077],[4.05035697,49.25647123],[4.04901703,49.25663842],[4.0474435,49.25686967],[4.04643445,49.25547051],[4.04528292,49.25707451],[4.04500395,49.25706794],[4.0448366,49.25714671],[4.04477343,49.25735134],[4.04489945,49.25746982],[4.0450057,49.25749408],[4.04381155,49.2590328],[4.04710744,49.26021436]]]]}},{"type":"Feature","id":"reims_514541602_cernay_centre","properties":{"zoneId":"reims_514541602_cernay_centre","label":"Cernay-Centre","districtCode":"514541602","arrondissementCode":"51454","colorIndex":0,"parentZoneId":"reims_parent_51454_reims","parentCode":"51454","parentLabel":"Reims","territoryType":"iris","source":"IGN / INSEE - Contours IRIS WFS Géoplateforme","sourceYear":"2026","officialId":"514541602","sourceCleabs":"IRIS____0000000514541602","communeCode":"51454","communeName":"Reims","irisCode":"1602","irisType":"H","officialAreaM2":217951.75915527344,"labelLng":4.051613331352178,"labelLat":49.25982397943139,"bbox":[4.04750337,49.25732708,4.0551592,49.26292195]},"geometry":{"type":"MultiPolygon","coordinates":[[[[4.04750337,49.26036556],[4.051024,49.26164665],[4.054476,49.26292195],[4.05495498,49.26088141],[4.0551592,49.25978279],[4.05443102,49.25990963],[4.05444086,49.25796849],[4.04777831,49.25732708],[4.04859489,49.2584438],[4.04862876,49.25855588],[4.04757298,49.26000444],[4.04759422,49.26017147],[4.04750337,49.26036556]]]]}},{"type":"Feature","id":"reims_514541603_cernay_est","properties":{"zoneId":"reims_514541603_cernay_est","label":"Cernay Est","districtCode":"514541603","arrondissementCode":"51454","colorIndex":1,"parentZoneId":"reims_parent_51454_reims","parentCode":"51454","parentLabel":"Reims","territoryType":"iris","source":"IGN / INSEE - Contours IRIS WFS Géoplateforme","sourceYear":"2026","officialId":"514541603","sourceCleabs":"IRIS____0000000514541603","communeCode":"51454","communeName":"Reims","irisCode":"1603","irisType":"H","officialAreaM2":760697.6729736328,"labelLng":4.061511546598333,"labelLat":49.26131632068543,"bbox":[4.05443102,49.25726378,4.0679158,49.26691286]},"geometry":{"type":"MultiPolygon","coordinates":[[[[4.06501365,49.26691286],[4.06610485,49.26493341],[4.0674569,49.2624185],[4.06781541,49.26135355],[4.0679158,49.26049497],[4.06788589,49.25964563],[4.06759086,49.25859634],[4.06722244,49.25778416],[4.06608937,49.25765752],[4.06401823,49.25733507],[4.0625182,49.25726378],[4.06156202,49.25732254],[4.05605487,49.25790312],[4.05512523,49.25798408],[4.05444086,49.25796849],[4.05443102,49.25990963],[4.0551592,49.25978279],[4.05495498,49.26088141],[4.054476,49.26292195],[4.0560446,49.26351778],[4.06501365,49.26691286]]]]}},{"type":"Feature","id":"reims_514541701_coutures_sud","properties":{"zoneId":"reims_514541701_coutures_sud","label":"Coutures Sud","districtCode":"514541701","arrondissementCode":"51454","colorIndex":2,"parentZoneId":"reims_parent_51454_reims","parentCode":"51454","parentLabel":"Reims","territoryType":"iris","source":"IGN / INSEE - Contours IRIS WFS Géoplateforme","sourceYear":"2026","officialId":"514541701","sourceCleabs":"IRIS____0000000514541701","communeCode":"51454","communeName":"Reims","irisCode":"1701","irisType":"H","officialAreaM2":311324.0087890625,"labelLng":4.046931349737705,"labelLat":49.24859843008938,"bbox":[4.04197428,49.24410834,4.05180024,49.25207071]},"geometry":{"type":"MultiPolygon","coordinates":[[[[4.05180024,49.24855863],[4.05105882,49.24701421],[4.05020195,49.24512466],[4.04962514,49.24410834],[4.04933949,49.24437785],[4.0478183,49.24534318],[4.04428036,49.24770064],[4.04399542,49.24793956],[4.04355308,49.24847743],[4.04314888,49.24893226],[4.04197428,49.2514337],[4.04389482,49.25207071],[4.0447426,49.25188535],[4.04731164,49.25144681],[4.04893897,49.25116835],[4.04810654,49.24919675],[4.05180024,49.24855863]]]]}},{"type":"Feature","id":"reims_514541702_coutures_nord_ouest","properties":{"zoneId":"reims_514541702_coutures_nord_ouest","label":"Coutures Nord-Ouest","districtCode":"514541702","arrondissementCode":"51454","colorIndex":3,"parentZoneId":"reims_parent_51454_reims","parentCode":"51454","parentLabel":"Reims","territoryType":"iris","source":"IGN / INSEE - Contours IRIS WFS Géoplateforme","sourceYear":"2026","officialId":"514541702","sourceCleabs":"IRIS____0000000514541702","communeCode":"51454","communeName":"Reims","irisCode":"1702","irisType":"H","officialAreaM2":108208.89855957031,"labelLng":4.04673685942837,"labelLat":49.253912372170184,"bbox":[4.04389482,49.25144681,4.04901703,49.25686967]},"geometry":{"type":"MultiPolygon","coordinates":[[[[4.04731164,49.25144681],[4.0447426,49.25188535],[4.04389482,49.25207071],[4.04643445,49.25547051],[4.0474435,49.25686967],[4.04901703,49.25663842],[4.0481907,49.25443034],[4.0477434,49.2525561],[4.04731164,49.25144681]]]]}},{"type":"Feature","id":"reims_514541703_coutures_nord_est","properties":{"zoneId":"reims_514541703_coutures_nord_est","label":"Coutures Nord-Est","districtCode":"514541703","arrondissementCode":"51454","colorIndex":4,"parentZoneId":"reims_parent_51454_reims","parentCode":"51454","parentLabel":"Reims","territoryType":"iris","source":"IGN / INSEE - Contours IRIS WFS Géoplateforme","sourceYear":"2026","officialId":"514541703","sourceCleabs":"IRIS____0000000514541703","communeCode":"51454","communeName":"Reims","irisCode":"1703","irisType":"H","officialAreaM2":300736.9962158203,"labelLng":4.0506902298694545,"labelLat":49.25279051090711,"bbox":[4.04731164,49.24855863,4.05410129,49.25666077]},"geometry":{"type":"MultiPolygon","coordinates":[[[[4.05180024,49.24855863],[4.04810654,49.24919675],[4.04893897,49.25116835],[4.04731164,49.25144681],[4.0477434,49.2525561],[4.0481907,49.25443034],[4.04901703,49.25663842],[4.05035697,49.25647123],[4.0516135,49.25666077],[4.05330774,49.25635559],[4.05306214,49.2535374],[4.05410129,49.25330716],[4.05277761,49.25055951],[4.05180024,49.24855863]]]]}},{"type":"Feature","id":"reims_514541801_saint_remi_ouest","properties":{"zoneId":"reims_514541801_saint_remi_ouest","label":"Saint-Rémi Ouest","districtCode":"514541801","arrondissementCode":"51454","colorIndex":5,"parentZoneId":"reims_parent_51454_reims","parentCode":"51454","parentLabel":"Reims","territoryType":"iris","source":"IGN / INSEE - Contours IRIS WFS Géoplateforme","sourceYear":"2026","officialId":"514541801","sourceCleabs":"IRIS____0000000514541801","communeCode":"51454","communeName":"Reims","irisCode":"1801","irisType":"H","officialAreaM2":149895.4815673828,"labelLng":4.037838671271162,"labelLat":49.24274874235929,"bbox":[4.03408498,49.24040903,4.04107145,49.24523629]},"geometry":{"type":"MultiPolygon","coordinates":[[[[4.03408498,49.24344962],[4.03897378,49.24523629],[4.04107145,49.24179457],[4.04087444,49.2417621],[4.04071088,49.24168619],[4.03989429,49.24116189],[4.03949625,49.24096573],[4.03825735,49.24060689],[4.03732377,49.24040903],[4.03591844,49.24174814],[4.03408498,49.24344962]]]]}},{"type":"Feature","id":"reims_514541802_saint_remi_nord_est_et_sud","properties":{"zoneId":"reims_514541802_saint_remi_nord_est_et_sud","label":"Saint-Rémi Nord Est et Sud","districtCode":"514541802","arrondissementCode":"51454","colorIndex":6,"parentZoneId":"reims_parent_51454_reims","parentCode":"51454","parentLabel":"Reims","territoryType":"iris","source":"IGN / INSEE - Contours IRIS WFS Géoplateforme","sourceYear":"2026","officialId":"514541802","sourceCleabs":"IRIS____0000000514541802","communeCode":"51454","communeName":"Reims","irisCode":"1802","irisType":"H","officialAreaM2":279364.9073486328,"labelLng":4.041895045813957,"labelLat":49.242303015000005,"bbox":[4.03293351,49.23752412,4.04448467,49.24708191]},"geometry":{"type":"MultiPolygon","coordinates":[[[[4.04032777,49.23752412],[4.03842407,49.2394052],[4.03732377,49.24040903],[4.03825735,49.24060689],[4.03949625,49.24096573],[4.03989429,49.24116189],[4.04071088,49.24168619],[4.04087444,49.2417621],[4.04107145,49.24179457],[4.03897378,49.24523629],[4.03408498,49.24344962],[4.03293351,49.24444396],[4.03907425,49.24668202],[4.03931961,49.24645424],[4.04159817,49.24708191],[4.0422519,49.24640286],[4.0426002,49.24610496],[4.04103235,49.24517179],[4.04073876,49.24504935],[4.04253946,49.24425072],[4.04322044,49.24363167],[4.04347941,49.24346759],[4.04364461,49.24342031],[4.04380628,49.24319774],[4.04259971,49.24281259],[4.04238317,49.24269759],[4.04364059,49.2419288],[4.043921,49.24146695],[4.04448467,49.24129664],[4.04403947,49.24094177],[4.04383694,49.24084013],[4.04147257,49.24009816],[4.0414974,49.23805886],[4.04032777,49.23752412]]]]}},{"type":"Feature","id":"reims_514541901_parc_de_vesle_nord","properties":{"zoneId":"reims_514541901_parc_de_vesle_nord","label":"Parc de Vesle Nord","districtCode":"514541901","arrondissementCode":"51454","colorIndex":7,"parentZoneId":"reims_parent_51454_reims","parentCode":"51454","parentLabel":"Reims","territoryType":"iris","source":"IGN / INSEE - Contours IRIS WFS Géoplateforme","sourceYear":"2026","officialId":"514541901","sourceCleabs":"IRIS____0000000514541901","communeCode":"51454","communeName":"Reims","irisCode":"1901","irisType":"H","officialAreaM2":289102.5050048828,"labelLng":4.034797685961188,"labelLat":49.234536811640965,"bbox":[4.02877176,49.23091969,4.04006575,49.24057588]},"geometry":{"type":"MultiPolygon","coordinates":[[[[4.03307456,49.24057588],[4.03398155,49.23958273],[4.03524207,49.23834918],[4.04006575,49.23419083],[4.03595147,49.23181583],[4.03456202,49.23091969],[4.03356375,49.23228316],[4.03353892,49.23241464],[4.03342569,49.23245067],[4.03328078,49.23241325],[4.03305052,49.23250154],[4.02927836,49.23418629],[4.02877176,49.23453226],[4.02887723,49.2345889],[4.03266161,49.2365381],[4.03315914,49.2351205],[4.03566508,49.23629837],[4.03470835,49.23740884],[4.03409021,49.23911158],[4.03401086,49.23926331],[4.03290229,49.24047576],[4.03307456,49.24057588]]]]}},{"type":"Feature","id":"reims_514541902_zone_de_protection_des_captages","properties":{"zoneId":"reims_514541902_zone_de_protection_des_captages","label":"Zone de Protection des Captages","districtCode":"514541902","arrondissementCode":"51454","colorIndex":0,"parentZoneId":"reims_parent_51454_reims","parentCode":"51454","parentLabel":"Reims","territoryType":"iris","source":"IGN / INSEE - Contours IRIS WFS Géoplateforme","sourceYear":"2026","officialId":"514541902","sourceCleabs":"IRIS____0000000514541902","communeCode":"51454","communeName":"Reims","irisCode":"1902","irisType":"A","officialAreaM2":2384379.6186523438,"labelLng":4.059379832061355,"labelLat":49.22810845128293,"bbox":[4.03307456,49.21969798,4.09611602,49.24174814]},"geometry":{"type":"MultiPolygon","coordinates":[[[[4.09611602,49.22229748],[4.09571417,49.22166548],[4.09610511,49.22152346],[4.09551313,49.22092286],[4.09172848,49.22181672],[4.09021255,49.22224672],[4.0891854,49.22138029],[4.08857673,49.22069978],[4.08811396,49.22082084],[4.08760094,49.22077153],[4.08698176,49.22089579],[4.08651929,49.22037759],[4.08550989,49.21969798],[4.08496138,49.21978833],[4.07454337,49.22209521],[4.07406144,49.22274955],[4.07270773,49.22399425],[4.07223909,49.22423218],[4.07120115,49.22448866],[4.0688639,49.22464427],[4.06817103,49.22452814],[4.06745928,49.22376302],[4.06634796,49.22372341],[4.06513708,49.22378177],[4.06452839,49.22381951],[4.06371563,49.22408023],[4.06257633,49.22414872],[4.06070793,49.22460932],[4.06036621,49.22474719],[4.05970642,49.22530682],[4.05926636,49.22546893],[4.0574212,49.22539162],[4.05724457,49.22541385],[4.05657078,49.22576051],[4.05600457,49.22579604],[4.05551443,49.22579224],[4.05419679,49.22600337],[4.05436605,49.22622576],[4.05424336,49.22653702],[4.05251244,49.22613856],[4.04996128,49.22664991],[4.04905039,49.22695094],[4.04860418,49.22728658],[4.04795391,49.22825605],[4.04761132,49.22903134],[4.04764199,49.22925764],[4.04754387,49.22929355],[4.04716946,49.22904057],[4.04702797,49.22910383],[4.04693778,49.22905697],[4.04445381,49.22739903],[4.04419057,49.22755146],[4.04232939,49.22620456],[4.03866886,49.22780505],[4.03818359,49.22804478],[4.03726938,49.2285957],[4.03711525,49.2287139],[4.03704282,49.22886737],[4.03690764,49.22890359],[4.03680983,49.22888645],[4.03554659,49.22990248],[4.0350452,49.23036711],[4.03456202,49.23091969],[4.03595147,49.23181583],[4.04006575,49.23419083],[4.03524207,49.23834918],[4.03398155,49.23958273],[4.03307456,49.24057588],[4.03450247,49.24139257],[4.03591844,49.24174814],[4.03732377,49.24040903],[4.03842407,49.2394052],[4.04032777,49.23752412],[4.04300751,49.2350519],[4.04394637,49.23442701],[4.04461662,49.23409934],[4.04523547,49.2338782],[4.04598194,49.23365415],[4.04764441,49.23323963],[4.04869417,49.23307766],[4.04840224,49.23262886],[4.05927314,49.22982132],[4.06060551,49.22952101],[4.07000199,49.22756879],[4.07007493,49.22771019],[4.07052272,49.22765677],[4.07106996,49.22749996],[4.07352603,49.22697823],[4.09437844,49.22269628],[4.09501198,49.22260152],[4.09611602,49.22229748]]]]}},{"type":"Feature","id":"reims_514542001_case_fayere","properties":{"zoneId":"reims_514542001_case_fayere","label":"Case Fayère","districtCode":"514542001","arrondissementCode":"51454","colorIndex":1,"parentZoneId":"reims_parent_51454_reims","parentCode":"51454","parentLabel":"Reims","territoryType":"iris","source":"IGN / INSEE - Contours IRIS WFS Géoplateforme","sourceYear":"2026","officialId":"514542001","sourceCleabs":"IRIS____0000000514542001","communeCode":"51454","communeName":"Reims","irisCode":"2001","irisType":"H","officialAreaM2":344141.26171875,"labelLng":4.0291368773595835,"labelLat":49.23115192861461,"bbox":[4.0235147,49.22710448,4.03456202,49.23488261]},"geometry":{"type":"MultiPolygon","coordinates":[[[[4.02827897,49.23488261],[4.0286009,49.23477737],[4.02887723,49.2345889],[4.02877176,49.23453226],[4.02927836,49.23418629],[4.03305052,49.23250154],[4.03328078,49.23241325],[4.03342569,49.23245067],[4.03353892,49.23241464],[4.03356375,49.23228316],[4.03456202,49.23091969],[4.02907462,49.22726067],[4.02883402,49.22710448],[4.02787055,49.22801268],[4.02614329,49.22993523],[4.0260245,49.22996771],[4.02433643,49.23144935],[4.0235147,49.23224391],[4.02379023,49.23236115],[4.02591291,49.23333838],[4.02779535,49.23396788],[4.02827897,49.23488261]]]]}},{"type":"Feature","id":"reims_514542101_wilson_nord","properties":{"zoneId":"reims_514542101_wilson_nord","label":"Wilson Nord","districtCode":"514542101","arrondissementCode":"51454","colorIndex":2,"parentZoneId":"reims_parent_51454_reims","parentCode":"51454","parentLabel":"Reims","territoryType":"iris","source":"IGN / INSEE - Contours IRIS WFS Géoplateforme","sourceYear":"2026","officialId":"514542101","sourceCleabs":"IRIS____0000000514542101","communeCode":"51454","communeName":"Reims","irisCode":"2101","irisType":"H","officialAreaM2":208958.5772705078,"labelLng":4.018708703100634,"labelLat":49.239620955468,"bbox":[4.01414022,49.23639467,4.02443352,49.24340427]},"geometry":{"type":"MultiPolygon","coordinates":[[[[4.01551023,49.24340427],[4.01614542,49.24295478],[4.01778932,49.24191869],[4.01783383,49.24187785],[4.01768443,49.2418917],[4.0175214,49.24184093],[4.01749636,49.24175483],[4.01755241,49.24167255],[4.01764906,49.24162947],[4.01776989,49.24162935],[4.01835112,49.24137001],[4.01932472,49.24081516],[4.02097992,49.23973217],[4.0218886,49.23916076],[4.0219763,49.23922115],[4.02443352,49.23759726],[4.02418231,49.2376003],[4.02262394,49.23739325],[4.02151693,49.23702862],[4.01969406,49.23677613],[4.01951574,49.23678483],[4.01914663,49.23714488],[4.01909874,49.23708325],[4.01969543,49.23649741],[4.01961789,49.23639467],[4.01527837,49.24061823],[4.01481974,49.24110759],[4.01414022,49.24202675],[4.01551023,49.24340427]]]]}},{"type":"Feature","id":"reims_514542102_wilson_sud","properties":{"zoneId":"reims_514542102_wilson_sud","label":"Wilson Sud","districtCode":"514542102","arrondissementCode":"51454","colorIndex":3,"parentZoneId":"reims_parent_51454_reims","parentCode":"51454","parentLabel":"Reims","territoryType":"iris","source":"IGN / INSEE - Contours IRIS WFS Géoplateforme","sourceYear":"2026","officialId":"514542102","sourceCleabs":"IRIS____0000000514542102","communeCode":"51454","communeName":"Reims","irisCode":"2102","irisType":"H","officialAreaM2":203985.59497070312,"labelLng":4.024006235859957,"labelLat":49.235221312585075,"bbox":[4.01909874,49.23236115,4.02827897,49.2376003]},"geometry":{"type":"MultiPolygon","coordinates":[[[[4.02443352,49.23759726],[4.02827897,49.23488261],[4.02779535,49.23396788],[4.02591291,49.23333838],[4.02379023,49.23236115],[4.01961789,49.23639467],[4.01969543,49.23649741],[4.01909874,49.23708325],[4.01914663,49.23714488],[4.01951574,49.23678483],[4.01969406,49.23677613],[4.02151693,49.23702862],[4.02262394,49.23739325],[4.02418231,49.2376003],[4.02443352,49.23759726]]]]}},{"type":"Feature","id":"reims_514542201_mulhouse_francois_d_or","properties":{"zoneId":"reims_514542201_mulhouse_francois_d_or","label":"Mulhouse François d'Or","districtCode":"514542201","arrondissementCode":"51454","colorIndex":4,"parentZoneId":"reims_parent_51454_reims","parentCode":"51454","parentLabel":"Reims","territoryType":"iris","source":"IGN / INSEE - Contours IRIS WFS Géoplateforme","sourceYear":"2026","officialId":"514542201","sourceCleabs":"IRIS____0000000514542201","communeCode":"51454","communeName":"Reims","irisCode":"2201","irisType":"H","officialAreaM2":456997.6813964844,"labelLng":4.01043147515617,"labelLat":49.245753114641396,"bbox":[4.0048794,49.23969494,4.01367019,49.253078]},"geometry":{"type":"MultiPolygon","coordinates":[[[[4.0048794,49.24483921],[4.00830825,49.24603061],[4.00906285,49.24775409],[4.00805318,49.24773915],[4.00790432,49.24792291],[4.00809853,49.24795185],[4.00812263,49.24834274],[4.00896717,49.25023987],[4.01087786,49.2522926],[4.01101474,49.25226897],[4.01167196,49.253078],[4.01312711,49.2508694],[4.01336598,49.2505842],[4.01360314,49.25042217],[4.01356083,49.25022563],[4.01321875,49.24965941],[4.01293244,49.24892549],[4.01264071,49.2489657],[4.01269417,49.24889063],[4.01272059,49.24862698],[4.01245143,49.24722491],[4.0123943,49.24585074],[4.01254631,49.24477778],[4.0127031,49.24422894],[4.01340332,49.24247169],[4.01346661,49.24219784],[4.01350123,49.24137221],[4.0135047,49.24070867],[4.01367019,49.23969494],[4.01334351,49.23991076],[4.0118216,49.24023551],[4.01149978,49.24027957],[4.00989247,49.24024],[4.0098834,49.2404082],[4.01016332,49.24089045],[4.0071038,49.24207852],[4.0080132,49.24280186],[4.00616937,49.24408943],[4.00530195,49.2445363],[4.00497887,49.2447287],[4.0048794,49.24483921]]]]}},{"type":"Feature","id":"reims_514542301_cite_jardin_charles_arnould","properties":{"zoneId":"reims_514542301_cite_jardin_charles_arnould","label":"Cité Jardin Charles Arnould","districtCode":"514542301","arrondissementCode":"51454","colorIndex":5,"parentZoneId":"reims_parent_51454_reims","parentCode":"51454","parentLabel":"Reims","territoryType":"iris","source":"IGN / INSEE - Contours IRIS WFS Géoplateforme","sourceYear":"2026","officialId":"514542301","sourceCleabs":"IRIS____0000000514542301","communeCode":"51454","communeName":"Reims","irisCode":"2301","irisType":"H","officialAreaM2":321191.9636230469,"labelLng":4.01350304238692,"labelLat":49.26765094492486,"bbox":[4.00996843,49.26430365,4.01890525,49.27215081]},"geometry":{"type":"MultiPolygon","coordinates":[[[[4.01750776,49.26738038],[4.01890525,49.26628075],[4.01728902,49.26582958],[4.01315284,49.26430365],[4.01035199,49.26452583],[4.01018072,49.26454884],[4.01009862,49.26470596],[4.00996843,49.26472233],[4.01085656,49.27002371],[4.01100943,49.27060411],[4.01114911,49.27086186],[4.01152511,49.2713298],[4.01207544,49.27178909],[4.01268157,49.27215081],[4.01404493,49.27119088],[4.01433222,49.27091785],[4.01502635,49.27016402],[4.01687886,49.26788465],[4.01750776,49.26738038]]]]}},{"type":"Feature","id":"reims_514542401_laon_nord_ouest","properties":{"zoneId":"reims_514542401_laon_nord_ouest","label":"Laon Nord-Ouest","districtCode":"514542401","arrondissementCode":"51454","colorIndex":6,"parentZoneId":"reims_parent_51454_reims","parentCode":"51454","parentLabel":"Reims","territoryType":"iris","source":"IGN / INSEE - Contours IRIS WFS Géoplateforme","sourceYear":"2026","officialId":"514542401","sourceCleabs":"IRIS____0000000514542401","communeCode":"51454","communeName":"Reims","irisCode":"2401","irisType":"H","officialAreaM2":282454.97998046875,"labelLng":4.017515286004651,"labelLat":49.27128411803568,"bbox":[4.01268157,49.26738038,4.02214692,49.27511617]},"geometry":{"type":"MultiPolygon","coordinates":[[[[4.01750776,49.26738038],[4.01687886,49.26788465],[4.01502635,49.27016402],[4.01433222,49.27091785],[4.01404493,49.27119088],[4.01268157,49.27215081],[4.01787585,49.27511617],[4.01837879,49.27442147],[4.01936981,49.27332527],[4.02214692,49.27007514],[4.02009488,49.26926899],[4.01750776,49.26738038]]]]}},{"type":"Feature","id":"reims_514542402_laon_nord_est","properties":{"zoneId":"reims_514542402_laon_nord_est","label":"Laon Nord-Est","districtCode":"514542402","arrondissementCode":"51454","colorIndex":7,"parentZoneId":"reims_parent_51454_reims","parentCode":"51454","parentLabel":"Reims","territoryType":"iris","source":"IGN / INSEE - Contours IRIS WFS Géoplateforme","sourceYear":"2026","officialId":"514542402","sourceCleabs":"IRIS____0000000514542402","communeCode":"51454","communeName":"Reims","irisCode":"2402","irisType":"H","officialAreaM2":189363.3446044922,"labelLng":4.021777619429108,"labelLat":49.273386213515934,"bbox":[4.01787585,49.27007514,4.02485849,49.2763729]},"geometry":{"type":"MultiPolygon","coordinates":[[[[4.02485849,49.27108783],[4.02214692,49.27007514],[4.01936981,49.27332527],[4.01837879,49.27442147],[4.01787585,49.27511617],[4.0183032,49.27518718],[4.02288711,49.2763729],[4.02319021,49.27571943],[4.02364412,49.27435624],[4.02485849,49.27108783]]]]}},{"type":"Feature","id":"reims_514542501_neufchatel_ouest","properties":{"zoneId":"reims_514542501_neufchatel_ouest","label":"Neufchatel Ouest","districtCode":"514542501","arrondissementCode":"51454","colorIndex":0,"parentZoneId":"reims_parent_51454_reims","parentCode":"51454","parentLabel":"Reims","territoryType":"iris","source":"IGN / INSEE - Contours IRIS WFS Géoplateforme","sourceYear":"2026","officialId":"514542501","sourceCleabs":"IRIS____0000000514542501","communeCode":"51454","communeName":"Reims","irisCode":"2501","irisType":"H","officialAreaM2":241175.92724609375,"labelLng":4.024928638149864,"labelLat":49.2761376323578,"bbox":[4.02167575,49.27079658,4.02708957,49.27992523]},"geometry":{"type":"MultiPolygon","coordinates":[[[[4.02288711,49.2763729],[4.02276662,49.27674162],[4.02225103,49.27769806],[4.021905,49.27847416],[4.02167575,49.27925016],[4.02633359,49.27984625],[4.02708957,49.27992523],[4.02697248,49.27859746],[4.02687191,49.27630309],[4.02682266,49.27527682],[4.02653893,49.27261539],[4.02612359,49.27079658],[4.02485849,49.27108783],[4.02364412,49.27435624],[4.02319021,49.27571943],[4.02288711,49.2763729]]]]}},{"type":"Feature","id":"reims_514542502_neufchatel_nord_est","properties":{"zoneId":"reims_514542502_neufchatel_nord_est","label":"Neufchatel Nord-Est","districtCode":"514542502","arrondissementCode":"51454","colorIndex":1,"parentZoneId":"reims_parent_51454_reims","parentCode":"51454","parentLabel":"Reims","territoryType":"iris","source":"IGN / INSEE - Contours IRIS WFS Géoplateforme","sourceYear":"2026","officialId":"514542502","sourceCleabs":"IRIS____0000000514542502","communeCode":"51454","communeName":"Reims","irisCode":"2502","irisType":"H","officialAreaM2":264122.8680419922,"labelLng":4.030346918894071,"labelLat":49.278936558226185,"bbox":[4.02687191,49.2744966,4.03337433,49.28409737]},"geometry":{"type":"MultiPolygon","coordinates":[[[[4.02687191,49.27630309],[4.02697248,49.27859746],[4.02708957,49.27992523],[4.0288103,49.28055967],[4.03018137,49.28136789],[4.03038581,49.28162776],[4.03063896,49.28219379],[4.03184962,49.2839806],[4.03187914,49.28401361],[4.03259681,49.28409737],[4.0328647,49.28313043],[4.03308026,49.28202098],[4.03309642,49.28159201],[4.03300357,49.28127814],[4.03281993,49.28095966],[4.03209864,49.27993644],[4.0319952,49.27964244],[4.03198347,49.2791238],[4.03318002,49.27471011],[4.03332498,49.2746756],[4.03337433,49.27460146],[4.03336219,49.27454402],[4.03323071,49.2744966],[4.03306581,49.27456454],[4.03282431,49.27458099],[4.03265636,49.27463368],[4.03128399,49.27554265],[4.0295953,49.27623314],[4.02687191,49.27630309]]]]}},{"type":"Feature","id":"reims_514542503_neufchatel_sud_est","properties":{"zoneId":"reims_514542503_neufchatel_sud_est","label":"Neufchatel Sud Est","districtCode":"514542503","arrondissementCode":"51454","colorIndex":2,"parentZoneId":"reims_parent_51454_reims","parentCode":"51454","parentLabel":"Reims","territoryType":"iris","source":"IGN / INSEE - Contours IRIS WFS Géoplateforme","sourceYear":"2026","officialId":"514542503","sourceCleabs":"IRIS____0000000514542503","communeCode":"51454","communeName":"Reims","irisCode":"2503","irisType":"H","officialAreaM2":364481.2258300781,"labelLng":4.030514258950437,"labelLat":49.27251796063468,"bbox":[4.02612359,49.26873113,4.03625392,49.27630309]},"geometry":{"type":"MultiPolygon","coordinates":[[[[4.03448379,49.26873113],[4.03333411,49.26922466],[4.02612359,49.27079658],[4.02653893,49.27261539],[4.02682266,49.27527682],[4.02687191,49.27630309],[4.0295953,49.27623314],[4.03128399,49.27554265],[4.03265636,49.27463368],[4.03282431,49.27458099],[4.03306581,49.27456454],[4.03323071,49.2744966],[4.03327986,49.27413747],[4.0335323,49.27322548],[4.03377023,49.27282517],[4.03393254,49.2721477],[4.03500389,49.27137613],[4.03503962,49.27103329],[4.0349748,49.27054118],[4.0353299,49.27050397],[4.03597773,49.27053976],[4.03625392,49.27040433],[4.03448379,49.26873113]]]]}},{"type":"Feature","id":"reims_514542601_maroc_caravanes","properties":{"zoneId":"reims_514542601_maroc_caravanes","label":"Maroc Caravanes","districtCode":"514542601","arrondissementCode":"51454","colorIndex":3,"parentZoneId":"reims_parent_51454_reims","parentCode":"51454","parentLabel":"Reims","territoryType":"iris","source":"IGN / INSEE - Contours IRIS WFS Géoplateforme","sourceYear":"2026","officialId":"514542601","sourceCleabs":"IRIS____0000000514542601","communeCode":"51454","communeName":"Reims","irisCode":"2601","irisType":"D","officialAreaM2":470207.9567871094,"labelLng":4.035495063507339,"labelLat":49.27667000971111,"bbox":[4.03198347,49.27040433,4.04055252,49.28512068]},"geometry":{"type":"MultiPolygon","coordinates":[[[[4.03220623,49.28504559],[4.03278219,49.28512068],[4.03368899,49.28400981],[4.03437742,49.28379983],[4.03379813,49.28328336],[4.03568391,49.2823385],[4.03571625,49.28148414],[4.0352831,49.27934457],[4.03947629,49.27773792],[4.03839299,49.276209],[4.04055252,49.27522844],[4.03945693,49.27438559],[4.03856763,49.27368661],[4.03936942,49.27324547],[4.03824635,49.2722626],[4.03625392,49.27040433],[4.03597773,49.27053976],[4.0353299,49.27050397],[4.0349748,49.27054118],[4.03503962,49.27103329],[4.03500389,49.27137613],[4.03393254,49.2721477],[4.03377023,49.27282517],[4.0335323,49.27322548],[4.03327986,49.27413747],[4.03323071,49.2744966],[4.03336219,49.27454402],[4.03337433,49.27460146],[4.03332498,49.2746756],[4.03318002,49.27471011],[4.03198347,49.2791238],[4.0319952,49.27964244],[4.03209864,49.27993644],[4.03281993,49.28095966],[4.03300357,49.28127814],[4.03309642,49.28159201],[4.03308026,49.28202098],[4.0328647,49.28313043],[4.03259681,49.28409737],[4.03235983,49.28496067],[4.03220623,49.28504559]]]]}},{"type":"Feature","id":"reims_514542701_tunisie_sud_ouest","properties":{"zoneId":"reims_514542701_tunisie_sud_ouest","label":"Tunisie Sud-Ouest","districtCode":"514542701","arrondissementCode":"51454","colorIndex":4,"parentZoneId":"reims_parent_51454_reims","parentCode":"51454","parentLabel":"Reims","territoryType":"iris","source":"IGN / INSEE - Contours IRIS WFS Géoplateforme","sourceYear":"2026","officialId":"514542701","sourceCleabs":"IRIS____0000000514542701","communeCode":"51454","communeName":"Reims","irisCode":"2701","irisType":"H","officialAreaM2":376329.6491699219,"labelLng":4.049451317442882,"labelLat":49.2659958011348,"bbox":[4.04367784,49.26164665,4.0560446,49.27101517]},"geometry":{"type":"MultiPolygon","coordinates":[[[[4.04367784,49.27070806],[4.04465404,49.27101517],[4.04585328,49.26985132],[4.04650093,49.27001382],[4.04795507,49.26895651],[4.04821001,49.26919794],[4.04975383,49.26836549],[4.05022379,49.26809978],[4.05071145,49.26775929],[4.05162909,49.26701228],[4.05584839,49.2637982],[4.0560446,49.26351778],[4.054476,49.26292195],[4.051024,49.26164665],[4.05003765,49.26265858],[4.04855892,49.26391482],[4.04842376,49.26388813],[4.04825213,49.26396064],[4.04823537,49.26408216],[4.04831065,49.26413635],[4.04687532,49.26536881],[4.04535023,49.26624242],[4.0451746,49.26625294],[4.04486976,49.26721126],[4.04367784,49.27070806]]]]}},{"type":"Feature","id":"reims_514542702_tunisie_centre","properties":{"zoneId":"reims_514542702_tunisie_centre","label":"Tunisie Centre","districtCode":"514542702","arrondissementCode":"51454","colorIndex":5,"parentZoneId":"reims_parent_51454_reims","parentCode":"51454","parentLabel":"Reims","territoryType":"iris","source":"IGN / INSEE - Contours IRIS WFS Géoplateforme","sourceYear":"2026","officialId":"514542702","sourceCleabs":"IRIS____0000000514542702","communeCode":"51454","communeName":"Reims","irisCode":"2702","irisType":"H","officialAreaM2":900104.7030029297,"labelLng":4.0584892370633945,"labelLat":49.269169481349394,"bbox":[4.04975383,49.26351778,4.06849532,49.27457465]},"geometry":{"type":"MultiPolygon","coordinates":[[[[4.04975383,49.26836549],[4.05159104,49.27000283],[4.05082899,49.27043112],[4.05090591,49.27049788],[4.05773946,49.27457465],[4.05774461,49.274491],[4.05854425,49.27401918],[4.06002924,49.27346762],[4.06393353,49.2723697],[4.06508058,49.27209256],[4.06773857,49.27159618],[4.06813208,49.2714902],[4.06849532,49.27131617],[4.06768372,49.27053759],[4.06700672,49.27008866],[4.0665213,49.26986819],[4.06489868,49.26933321],[4.06452583,49.26917467],[4.06428499,49.26902126],[4.06462535,49.26880339],[4.0647689,49.2686358],[4.06563935,49.26714199],[4.06501365,49.26691286],[4.0560446,49.26351778],[4.05584839,49.2637982],[4.05162909,49.26701228],[4.05071145,49.26775929],[4.05022379,49.26809978],[4.04975383,49.26836549]]]]}},{"type":"Feature","id":"reims_51454_group_terres_agricoles","properties":{"zoneId":"reims_51454_group_terres_agricoles","label":"Terres Agricoles","districtCode":"group:514542703+514545001","arrondissementCode":"51454","colorIndex":6,"parentZoneId":"reims_parent_51454_reims","parentCode":"51454","parentLabel":"Reims","territoryType":"quartier","source":"IGN / INSEE - Contours IRIS WFS Géoplateforme / regroupement déterministe par nom officiel","sourceYear":"2026","officialId":"iris-group:514542703+514545001","communeCode":"51454","communeName":"Reims","officialAreaM2":5432663.90222168,"labelLng":4.079046945388028,"labelLat":49.250124696072135,"bbox":[4.05773946,49.23196371,4.09536366,49.27821216],"groupingRule":"shared-exact-official-label","sourceZoneCount":2,"sourceIrisIds":["514542703","514545001"],"sourceIrisLabels":["Terres Agricoles","Terres Agricoles"]},"geometry":{"type":"MultiPolygon","coordinates":[[[[4.05773946,49.27457465],[4.05774461,49.274491],[4.05854425,49.27401918],[4.06002924,49.27346762],[4.06393353,49.2723697],[4.06508058,49.27209256],[4.06773857,49.27159618],[4.06813208,49.2714902],[4.06849532,49.27131617],[4.06958748,49.2722388],[4.07074491,49.27299452],[4.07117953,49.27314799],[4.07297334,49.27358068],[4.07334042,49.27319442],[4.07362155,49.27277207],[4.0745459,49.27090552],[4.07452989,49.27073035],[4.07182392,49.26970343],[4.07175843,49.2695269],[4.07573042,49.27098037],[4.07577483,49.27093592],[4.07673952,49.27127435],[4.07927349,49.27221459],[4.08097343,49.27288714],[4.08359653,49.27387684],[4.08310929,49.27449256],[4.08146408,49.27702912],[4.08021195,49.27688211],[4.07667649,49.27668894],[4.07637772,49.27732004],[4.07490066,49.27719295],[4.07442993,49.27821216],[4.06983841,49.2774564],[4.06867972,49.27757365],[4.06698556,49.27678131],[4.06341855,49.2755865],[4.06147845,49.27679391],[4.05773946,49.27457465]]],[[[4.06610485,49.26493341],[4.0674569,49.2624185],[4.06781541,49.26135355],[4.0679158,49.26049497],[4.06788589,49.25964563],[4.06759086,49.25859634],[4.06722244,49.25778416],[4.06643162,49.25600473],[4.06626292,49.25535081],[4.06618642,49.25470506],[4.06621848,49.25379583],[4.06638699,49.25304273],[4.06663944,49.2523644],[4.07122797,49.24361001],[4.07207634,49.24200752],[4.0726713,49.24103303],[4.07287873,49.24077225],[4.07389793,49.23966451],[4.07460018,49.2390325],[4.07582512,49.23811531],[4.07657229,49.2376645],[4.07639946,49.23740891],[4.07712172,49.23708149],[4.08333154,49.23384941],[4.08526837,49.23291404],[4.08706478,49.23196371],[4.09062637,49.23614194],[4.0871234,49.23710232],[4.08954553,49.23990805],[4.09113601,49.24148863],[4.09536366,49.24899171],[4.0838748,49.2511193],[4.08605411,49.25679165],[4.08927831,49.26033184],[4.08932393,49.26054091],[4.08170737,49.25957643],[4.08053901,49.2626275],[4.07853589,49.26722339],[4.07853328,49.26722971],[4.07841054,49.26727306],[4.07773207,49.26715146],[4.07276382,49.26593886],[4.07093677,49.2659443],[4.06716343,49.26536998],[4.06615949,49.26511813],[4.06610485,49.26493341]]]]}},{"type":"Feature","id":"reims_514542801_pommery","properties":{"zoneId":"reims_514542801_pommery","label":"Pommery","districtCode":"514542801","arrondissementCode":"51454","colorIndex":7,"parentZoneId":"reims_parent_51454_reims","parentCode":"51454","parentLabel":"Reims","territoryType":"iris","source":"IGN / INSEE - Contours IRIS WFS Géoplateforme","sourceYear":"2026","officialId":"514542801","sourceCleabs":"IRIS____0000000514542801","communeCode":"51454","communeName":"Reims","irisCode":"2801","irisType":"H","officialAreaM2":467455.2099609375,"labelLng":4.056165102532374,"labelLat":49.253231240000005,"bbox":[4.05277761,49.24855936,4.06722244,49.25790312]},"geometry":{"type":"MultiPolygon","coordinates":[[[[4.06091628,49.2489508],[4.06023943,49.24855936],[4.05920843,49.24904672],[4.05906938,49.24896343],[4.05832677,49.24931699],[4.05820172,49.24944755],[4.05651629,49.24976801],[4.05644939,49.24978747],[4.05649391,49.24988238],[4.05454598,49.25026265],[4.05277761,49.25055951],[4.05410129,49.25330716],[4.05540626,49.2560064],[4.05584437,49.25714706],[4.05605487,49.25790312],[4.06156202,49.25732254],[4.0625182,49.25726378],[4.06401823,49.25733507],[4.06608937,49.25765752],[4.06722244,49.25778416],[4.06643162,49.25600473],[4.06626292,49.25535081],[4.06618642,49.25470506],[4.06588154,49.25470686],[4.06581406,49.254765],[4.06544599,49.25483298],[4.06315546,49.25519034],[4.06251657,49.25524721],[4.06132323,49.25546],[4.06104149,49.25545169],[4.06089447,49.25551592],[4.05943216,49.25567442],[4.05793111,49.252531],[4.05948966,49.25218108],[4.06141847,49.25180449],[4.06129694,49.25137042],[4.06030224,49.24927806],[4.06042385,49.24918079],[4.06091628,49.2489508]]]]}},{"type":"Feature","id":"reims_514542901_cite_jardin_chemin_vert","properties":{"zoneId":"reims_514542901_cite_jardin_chemin_vert","label":"Cité Jardin Chemin Vert","districtCode":"514542901","arrondissementCode":"51454","colorIndex":0,"parentZoneId":"reims_parent_51454_reims","parentCode":"51454","parentLabel":"Reims","territoryType":"iris","source":"IGN / INSEE - Contours IRIS WFS Géoplateforme","sourceYear":"2026","officialId":"514542901","sourceCleabs":"IRIS____0000000514542901","communeCode":"51454","communeName":"Reims","irisCode":"2901","irisType":"H","officialAreaM2":310377.7069091797,"labelLng":4.056281691903953,"labelLat":49.24766980052827,"bbox":[4.05105882,49.24492267,4.06310813,49.25055951]},"geometry":{"type":"MultiPolygon","coordinates":[[[[4.05105882,49.24701421],[4.05180024,49.24855863],[4.05277761,49.25055951],[4.05454598,49.25026265],[4.05649391,49.24988238],[4.05644939,49.24978747],[4.05651629,49.24976801],[4.05820172,49.24944755],[4.05832677,49.24931699],[4.05906938,49.24896343],[4.05920843,49.24904672],[4.06023943,49.24855936],[4.06091628,49.2489508],[4.06075943,49.24833452],[4.06162547,49.24790704],[4.0613968,49.2476726],[4.06169029,49.24765293],[4.06198673,49.2475766],[4.06218526,49.24748045],[4.06212012,49.24738482],[4.06247705,49.24724502],[4.06241359,49.24716377],[4.06310813,49.24687984],[4.06214949,49.24660867],[4.06218065,49.24652119],[4.06210382,49.24645803],[4.06198962,49.24644735],[4.06187959,49.24650586],[4.0610111,49.24621052],[4.06033103,49.24606186],[4.05851879,49.24588448],[4.05577493,49.2450742],[4.0551113,49.24492267],[4.05508529,49.24499392],[4.05477746,49.24518452],[4.05203908,49.2465957],[4.05105882,49.24701421]]]]}},{"type":"Feature","id":"reims_514543001_maison_de_champagne","properties":{"zoneId":"reims_514543001_maison_de_champagne","label":"Maison de Champagne","districtCode":"514543001","arrondissementCode":"51454","colorIndex":1,"parentZoneId":"reims_parent_51454_reims","parentCode":"51454","parentLabel":"Reims","territoryType":"iris","source":"IGN / INSEE - Contours IRIS WFS Géoplateforme","sourceYear":"2026","officialId":"514543001","sourceCleabs":"IRIS____0000000514543001","communeCode":"51454","communeName":"Reims","irisCode":"3001","irisType":"H","officialAreaM2":846647.3631591797,"labelLng":4.04986676045756,"labelLat":49.240828204091564,"bbox":[4.04032777,49.2338782,4.06295446,49.24701421]},"geometry":{"type":"MultiPolygon","coordinates":[[[[4.05575559,49.2409],[4.05497378,49.24087537],[4.0489011,49.23732308],[4.04923372,49.23706934],[4.04743193,49.2358308],[4.04750587,49.23568541],[4.04595766,49.23455793],[4.04523547,49.2338782],[4.04461662,49.23409934],[4.04394637,49.23442701],[4.04300751,49.2350519],[4.04032777,49.23752412],[4.0414974,49.23805886],[4.04147257,49.24009816],[4.04383694,49.24084013],[4.04403947,49.24094177],[4.04448467,49.24129664],[4.04457609,49.24140373],[4.04473969,49.24148144],[4.04563804,49.2414287],[4.0459247,49.24148015],[4.04649992,49.24167745],[4.04771825,49.2425075],[4.04962514,49.24410834],[4.05020195,49.24512466],[4.05105882,49.24701421],[4.05203908,49.2465957],[4.05477746,49.24518452],[4.05508529,49.24499392],[4.0551113,49.24492267],[4.05577493,49.2450742],[4.05851879,49.24588448],[4.06033103,49.24606186],[4.0610111,49.24621052],[4.06187959,49.24650586],[4.06198962,49.24644735],[4.06210382,49.24645803],[4.06295446,49.24595156],[4.06222995,49.245512],[4.06138383,49.24510139],[4.06070853,49.2448502],[4.05819959,49.24411073],[4.05885124,49.24367795],[4.05797331,49.2432532],[4.05845048,49.24301796],[4.05713225,49.24214664],[4.05575559,49.2409]]]]}},{"type":"Feature","id":"reims_514543101_chatillons_nord_est","properties":{"zoneId":"reims_514543101_chatillons_nord_est","label":"Châtillons Nord-Est","districtCode":"514543101","arrondissementCode":"51454","colorIndex":2,"parentZoneId":"reims_parent_51454_reims","parentCode":"51454","parentLabel":"Reims","territoryType":"iris","source":"IGN / INSEE - Contours IRIS WFS Géoplateforme","sourceYear":"2026","officialId":"514543101","sourceCleabs":"IRIS____0000000514543101","communeCode":"51454","communeName":"Reims","irisCode":"3101","irisType":"H","officialAreaM2":259393.16870117188,"labelLng":4.0310369409965725,"labelLat":49.226894385,"bbox":[4.02907462,49.22286908,4.04260984,49.23091969]},"geometry":{"type":"MultiPolygon","coordinates":[[[[4.04232939,49.22620456],[4.04227794,49.22617174],[4.04260984,49.22602052],[4.03971315,49.22286908],[4.03934679,49.22314916],[4.03927603,49.22324867],[4.03908267,49.22325753],[4.03904187,49.22341342],[4.0375914,49.22473498],[4.03859266,49.22619815],[4.03776175,49.22699919],[4.03780558,49.22713098],[4.03812927,49.22759571],[4.0381321,49.22773684],[4.03743318,49.22813845],[4.03685203,49.22811558],[4.03662824,49.22818314],[4.0363179,49.22817861],[4.03388882,49.22801066],[4.03350646,49.22797438],[4.03330732,49.22790147],[4.0323487,49.22650532],[4.03224151,49.22622483],[4.03227493,49.22604203],[4.03306598,49.22523507],[4.0317944,49.22466246],[4.02907462,49.22726067],[4.03456202,49.23091969],[4.0350452,49.23036711],[4.03554659,49.22990248],[4.03680983,49.22888645],[4.03690764,49.22890359],[4.03704282,49.22886737],[4.03711525,49.2287139],[4.03726938,49.2285957],[4.03818359,49.22804478],[4.03866886,49.22780505],[4.04232939,49.22620456]]]]}},{"type":"Feature","id":"reims_514543102_chatillons_centre","properties":{"zoneId":"reims_514543102_chatillons_centre","label":"Châtillons Centre","districtCode":"514543102","arrondissementCode":"51454","colorIndex":3,"parentZoneId":"reims_parent_51454_reims","parentCode":"51454","parentLabel":"Reims","territoryType":"iris","source":"IGN / INSEE - Contours IRIS WFS Géoplateforme","sourceYear":"2026","officialId":"514543102","sourceCleabs":"IRIS____0000000514543102","communeCode":"51454","communeName":"Reims","irisCode":"3102","irisType":"H","officialAreaM2":142377.36486816406,"labelLng":4.035571695666023,"labelLat":49.226367375156194,"bbox":[4.03224151,49.22411187,4.03859266,49.22818314]},"geometry":{"type":"MultiPolygon","coordinates":[[[[4.03306598,49.22523507],[4.03227493,49.22604203],[4.03224151,49.22622483],[4.0323487,49.22650532],[4.03330732,49.22790147],[4.03350646,49.22797438],[4.03388882,49.22801066],[4.0363179,49.22817861],[4.03662824,49.22818314],[4.03685203,49.22811558],[4.03743318,49.22813845],[4.0381321,49.22773684],[4.03812927,49.22759571],[4.03780558,49.22713098],[4.03776175,49.22699919],[4.03859266,49.22619815],[4.0375914,49.22473498],[4.0372451,49.22423717],[4.03592344,49.22411187],[4.03482227,49.2251274],[4.03455578,49.22532389],[4.03348561,49.22528272],[4.03306598,49.22523507]]]]}},{"type":"Feature","id":"reims_514543103_chatillons_sud","properties":{"zoneId":"reims_514543103_chatillons_sud","label":"Châtillons Sud","districtCode":"514543103","arrondissementCode":"51454","colorIndex":4,"parentZoneId":"reims_parent_51454_reims","parentCode":"51454","parentLabel":"Reims","territoryType":"iris","source":"IGN / INSEE - Contours IRIS WFS Géoplateforme","sourceYear":"2026","officialId":"514543103","sourceCleabs":"IRIS____0000000514543103","communeCode":"51454","communeName":"Reims","irisCode":"3103","irisType":"H","officialAreaM2":165200.47888183594,"labelLng":4.036007567036637,"labelLat":49.222961201908646,"bbox":[4.0317944,49.21975717,4.03971315,49.22532389]},"geometry":{"type":"MultiPolygon","coordinates":[[[[4.03971315,49.22286908],[4.03691643,49.21975717],[4.03569427,49.22103089],[4.0337247,49.22282258],[4.0317944,49.22466246],[4.03306598,49.22523507],[4.03348561,49.22528272],[4.03455578,49.22532389],[4.03482227,49.2251274],[4.03592344,49.22411187],[4.0372451,49.22423717],[4.0375914,49.22473498],[4.03904187,49.22341342],[4.03908267,49.22325753],[4.03927603,49.22324867],[4.03934679,49.22314916],[4.03971315,49.22286908]]]]}},{"type":"Feature","id":"reims_514543201_murigny_nord_nord_ouest","properties":{"zoneId":"reims_514543201_murigny_nord_nord_ouest","label":"Murigny Nord-Nord-Ouest","districtCode":"514543201","arrondissementCode":"51454","colorIndex":5,"parentZoneId":"reims_parent_51454_reims","parentCode":"51454","parentLabel":"Reims","territoryType":"iris","source":"IGN / INSEE - Contours IRIS WFS Géoplateforme","sourceYear":"2026","officialId":"514543201","sourceCleabs":"IRIS____0000000514543201","communeCode":"51454","communeName":"Reims","irisCode":"3201","irisType":"H","officialAreaM2":311638.67248535156,"labelLng":4.022799486159261,"labelLat":49.22487586710205,"bbox":[4.01795058,49.22070355,4.02883402,49.22996771]},"geometry":{"type":"MultiPolygon","coordinates":[[[[4.01802984,49.22400897],[4.01805717,49.22476936],[4.01814525,49.2247812],[4.01825803,49.22486207],[4.01822555,49.22502507],[4.01872104,49.22509192],[4.02037724,49.22575401],[4.02213622,49.22619674],[4.02452854,49.22673297],[4.02489404,49.226889],[4.02492026,49.22710365],[4.02468708,49.2275291],[4.02467122,49.22769826],[4.02574536,49.22925262],[4.02605673,49.22979301],[4.0260245,49.22996771],[4.02614329,49.22993523],[4.02787055,49.22801268],[4.02883402,49.22710448],[4.02658651,49.22549901],[4.02536386,49.22448266],[4.02466453,49.22382779],[4.02544872,49.22495486],[4.02249642,49.22205882],[4.02228458,49.22189699],[4.02188359,49.22167921],[4.02166032,49.22163345],[4.02145088,49.2216622],[4.02076098,49.22189731],[4.02023674,49.22113753],[4.01999649,49.22099571],[4.01977935,49.22070355],[4.01902403,49.22096258],[4.01850846,49.221198],[4.01829876,49.22135351],[4.01803538,49.22170998],[4.01795058,49.22200469],[4.01802984,49.22400897]]]]}},{"type":"Feature","id":"reims_514543202_murigny_nord_sud_est","properties":{"zoneId":"reims_514543202_murigny_nord_sud_est","label":"Murigny Nord-Sud-Est","districtCode":"514543202","arrondissementCode":"51454","colorIndex":6,"parentZoneId":"reims_parent_51454_reims","parentCode":"51454","parentLabel":"Reims","territoryType":"iris","source":"IGN / INSEE - Contours IRIS WFS Géoplateforme","sourceYear":"2026","officialId":"514543202","sourceCleabs":"IRIS____0000000514543202","communeCode":"51454","communeName":"Reims","irisCode":"3202","irisType":"H","officialAreaM2":611049.638671875,"labelLng":4.028098750644305,"labelLat":49.22189953991534,"bbox":[4.01977935,49.21793184,4.03569427,49.22726067]},"geometry":{"type":"MultiPolygon","coordinates":[[[[4.03569427,49.22103089],[4.03565489,49.22098357],[4.0344479,49.2196561],[4.03430509,49.21979039],[4.03413777,49.21986555],[4.0337186,49.21990781],[4.03331497,49.21990318],[4.03272885,49.21983268],[4.03226106,49.21970811],[4.03181517,49.21951143],[4.03010746,49.21860358],[4.029536,49.218372],[4.02902537,49.21823161],[4.0286697,49.2180845],[4.02860525,49.21801852],[4.02833177,49.21793184],[4.02818399,49.21795468],[4.02803941,49.2180692],[4.02724294,49.21811824],[4.02635406,49.21828226],[4.02478735,49.21880357],[4.0240494,49.21910474],[4.02344976,49.21925189],[4.02209703,49.21969942],[4.02181887,49.21972336],[4.02156519,49.21959694],[4.02138895,49.21956876],[4.02100665,49.21960167],[4.02074103,49.21977385],[4.02068244,49.22000451],[4.02076995,49.22019617],[4.02095633,49.22032047],[4.01977935,49.22070355],[4.01999649,49.22099571],[4.02023674,49.22113753],[4.02076098,49.22189731],[4.02145088,49.2216622],[4.02166032,49.22163345],[4.02188359,49.22167921],[4.02228458,49.22189699],[4.02249642,49.22205882],[4.02544872,49.22495486],[4.02466453,49.22382779],[4.02536386,49.22448266],[4.02658651,49.22549901],[4.02883402,49.22710448],[4.02907462,49.22726067],[4.0317944,49.22466246],[4.0337247,49.22282258],[4.03569427,49.22103089]]]]}},{"type":"Feature","id":"reims_514543301_centre_hospitalier_regional_debre","properties":{"zoneId":"reims_514543301_centre_hospitalier_regional_debre","label":"Centre Hospitalier Régional Debré","districtCode":"514543301","arrondissementCode":"51454","colorIndex":7,"parentZoneId":"reims_parent_51454_reims","parentCode":"51454","parentLabel":"Reims","territoryType":"iris","source":"IGN / INSEE - Contours IRIS WFS Géoplateforme","sourceYear":"2026","officialId":"514543301","sourceCleabs":"IRIS____0000000514543301","communeCode":"51454","communeName":"Reims","irisCode":"3301","irisType":"A","officialAreaM2":473220.1015625,"labelLng":4.020077911981749,"labelLat":49.2288004506309,"bbox":[4.01427232,49.22476936,4.02605673,49.23224391]},"geometry":{"type":"MultiPolygon","coordinates":[[[[4.01465771,49.22711494],[4.01468748,49.2273026],[4.01447769,49.22745541],[4.01438758,49.22783018],[4.01427232,49.22923281],[4.01433988,49.22987777],[4.01444681,49.22993981],[4.01457047,49.22994506],[4.01472011,49.22987547],[4.01474617,49.22980423],[4.01578252,49.23042575],[4.01997331,49.23220919],[4.02102076,49.23220572],[4.02267949,49.23208018],[4.02318188,49.23214514],[4.0235147,49.23224391],[4.02433643,49.23144935],[4.0260245,49.22996771],[4.02605673,49.22979301],[4.02574536,49.22925262],[4.02467122,49.22769826],[4.02468708,49.2275291],[4.02492026,49.22710365],[4.02489404,49.226889],[4.02452854,49.22673297],[4.02213622,49.22619674],[4.02037724,49.22575401],[4.01872104,49.22509192],[4.01822555,49.22502507],[4.01825803,49.22486207],[4.01814525,49.2247812],[4.01805717,49.22476936],[4.0178794,49.22480413],[4.01781727,49.2248559],[4.0177896,49.22505393],[4.0176593,49.22519888],[4.01738423,49.22545115],[4.01656609,49.22601008],[4.01661341,49.22604295],[4.01531169,49.22679296],[4.01477515,49.22701326],[4.01465771,49.22711494]]]]}},{"type":"Feature","id":"reims_514543401_cite_jardin_maison_blanche","properties":{"zoneId":"reims_514543401_cite_jardin_maison_blanche","label":"Cité Jardin Maison Blanche","districtCode":"514543401","arrondissementCode":"51454","colorIndex":0,"parentZoneId":"reims_parent_51454_reims","parentCode":"51454","parentLabel":"Reims","territoryType":"iris","source":"IGN / INSEE - Contours IRIS WFS Géoplateforme","sourceYear":"2026","officialId":"514543401","sourceCleabs":"IRIS____0000000514543401","communeCode":"51454","communeName":"Reims","irisCode":"3401","irisType":"H","officialAreaM2":282890.29736328125,"labelLng":4.017861687039417,"labelLat":49.233330503470846,"bbox":[4.0140027,49.22980423,4.02379023,49.23639467]},"geometry":{"type":"MultiPolygon","coordinates":[[[[4.01457047,49.22994506],[4.01432121,49.23011528],[4.01427225,49.2302092],[4.01415788,49.23193728],[4.0140027,49.23417547],[4.01422082,49.23416644],[4.01413684,49.23569467],[4.01473805,49.2354064],[4.01487032,49.23529021],[4.01743855,49.23574777],[4.01799913,49.23590757],[4.01895998,49.23561624],[4.01961789,49.23639467],[4.02379023,49.23236115],[4.0235147,49.23224391],[4.02318188,49.23214514],[4.02267949,49.23208018],[4.02102076,49.23220572],[4.01997331,49.23220919],[4.01578252,49.23042575],[4.01474617,49.22980423],[4.01472011,49.22987547],[4.01457047,49.22994506]]]]}},{"type":"Feature","id":"reims_514543501_maison_blanche_grand_ensemble","properties":{"zoneId":"reims_514543501_maison_blanche_grand_ensemble","label":"Maison Blanche Grand Ensemble","districtCode":"514543501","arrondissementCode":"51454","colorIndex":1,"parentZoneId":"reims_parent_51454_reims","parentCode":"51454","parentLabel":"Reims","territoryType":"iris","source":"IGN / INSEE - Contours IRIS WFS Géoplateforme","sourceYear":"2026","officialId":"514543501","sourceCleabs":"IRIS____0000000514543501","communeCode":"51454","communeName":"Reims","irisCode":"3501","irisType":"H","officialAreaM2":171525.4561767578,"labelLng":4.015814155673938,"labelLat":49.2379059846201,"bbox":[4.01350123,49.23529021,4.01961789,49.24202675]},"geometry":{"type":"MultiPolygon","coordinates":[[[[4.01413684,49.23569467],[4.01393007,49.23572248],[4.01367019,49.23969494],[4.0135047,49.24070867],[4.01350123,49.24137221],[4.01414022,49.24202675],[4.01481974,49.24110759],[4.01527837,49.24061823],[4.01961789,49.23639467],[4.01895998,49.23561624],[4.01799913,49.23590757],[4.01743855,49.23574777],[4.01487032,49.23529021],[4.01473805,49.2354064],[4.01413684,49.23569467]]]]}},{"type":"Feature","id":"reims_514543601_croix_rouge_universite_nord_ouest","properties":{"zoneId":"reims_514543601_croix_rouge_universite_nord_ouest","label":"Croix Rouge Université Nord-Ouest","districtCode":"514543601","arrondissementCode":"51454","colorIndex":2,"parentZoneId":"reims_parent_51454_reims","parentCode":"51454","parentLabel":"Reims","territoryType":"iris","source":"IGN / INSEE - Contours IRIS WFS Géoplateforme","sourceYear":"2026","officialId":"514543601","sourceCleabs":"IRIS____0000000514543601","communeCode":"51454","communeName":"Reims","irisCode":"3601","irisType":"H","officialAreaM2":292621.73669433594,"labelLng":4.002496908163192,"labelLat":49.2416059595645,"bbox":[3.99747018,49.23801745,4.0080132,49.24483921]},"geometry":{"type":"MultiPolygon","coordinates":[[[[3.99869794,49.24210977],[3.99967767,49.24285417],[4.00066002,49.24337826],[4.0048794,49.24483921],[4.00497887,49.2447287],[4.00530195,49.2445363],[4.00616937,49.24408943],[4.0080132,49.24280186],[4.0071038,49.24207852],[4.00629568,49.24140738],[4.00559537,49.24048899],[4.00538461,49.24045478],[4.00429768,49.24076682],[4.00403923,49.24039766],[4.00191495,49.23926003],[4.00182247,49.2391646],[4.00187474,49.23902751],[4.00264423,49.23841964],[4.00189817,49.23804015],[4.00159978,49.23801745],[4.00140745,49.23808288],[4.00023362,49.23901237],[3.9999915,49.23891727],[3.99893591,49.23879116],[3.9984301,49.23883491],[3.99832524,49.23887983],[3.99817165,49.23910317],[3.99784544,49.23920477],[3.99753025,49.2393791],[3.99747018,49.23982373],[3.99761741,49.2401246],[3.99789618,49.24041089],[3.99916104,49.24148828],[3.9989075,49.24165581],[3.99869794,49.24210977]]]]}},{"type":"Feature","id":"reims_514543602_croix_rouge_universite_sud_ouest_et_est","properties":{"zoneId":"reims_514543602_croix_rouge_universite_sud_ouest_et_est","label":"Croix Rouge Université Sud-Ouest et Est","districtCode":"514543602","arrondissementCode":"51454","colorIndex":3,"parentZoneId":"reims_parent_51454_reims","parentCode":"51454","parentLabel":"Reims","territoryType":"iris","source":"IGN / INSEE - Contours IRIS WFS Géoplateforme","sourceYear":"2026","officialId":"514543602","sourceCleabs":"IRIS____0000000514543602","communeCode":"51454","communeName":"Reims","irisCode":"3602","irisType":"H","officialAreaM2":822110.3427734375,"labelLng":4.005802002340831,"labelLat":49.23578069577916,"bbox":[3.99615543,49.23165269,4.01422082,49.24210977]},"geometry":{"type":"MultiPolygon","coordinates":[[[[3.99796059,49.23208142],[3.99763163,49.23225137],[3.99735579,49.23446356],[3.99741922,49.23476243],[3.99684175,49.23664265],[3.99636206,49.23775606],[3.99615543,49.23900387],[3.99619114,49.23928947],[3.99652089,49.23994127],[3.99869794,49.24210977],[3.9989075,49.24165581],[3.99916104,49.24148828],[3.99789618,49.24041089],[3.99761741,49.2401246],[3.99747018,49.23982373],[3.99753025,49.2393791],[3.99784544,49.23920477],[3.99817165,49.23910317],[3.99832524,49.23887983],[3.9984301,49.23883491],[3.99893591,49.23879116],[3.9999915,49.23891727],[4.00023362,49.23901237],[4.00140745,49.23808288],[4.00159978,49.23801745],[4.00189817,49.23804015],[4.00264423,49.23841964],[4.00280377,49.23829155],[4.00436961,49.23768423],[4.00424973,49.23737955],[4.00434663,49.23720792],[4.00631947,49.23564598],[4.00677988,49.23581026],[4.00726548,49.23606963],[4.00754046,49.23623007],[4.00760287,49.23633294],[4.00638514,49.23732668],[4.00642642,49.23740186],[4.00826886,49.23837904],[4.00884346,49.2379202],[4.00900793,49.2380456],[4.01079354,49.23899174],[4.01089823,49.23907897],[4.01091266,49.23918494],[4.01086313,49.23925009],[4.00996333,49.23993103],[4.00989247,49.24024],[4.01149978,49.24027957],[4.0118216,49.24023551],[4.01334351,49.23991076],[4.01367019,49.23969494],[4.01393007,49.23572248],[4.01413684,49.23569467],[4.01422082,49.23416644],[4.0140027,49.23417547],[4.01415788,49.23193728],[4.01293767,49.2318819],[4.01172719,49.23169247],[4.01127211,49.23165853],[4.01100428,49.23165269],[4.01052527,49.23172953],[4.00843801,49.23233859],[4.00797965,49.2325591],[4.00738103,49.23298037],[4.00721851,49.23316514],[4.00707498,49.23305665],[4.00690179,49.23304641],[4.00641656,49.23322758],[4.00619126,49.23322047],[4.00449982,49.23286685],[4.00284779,49.23277451],[4.00196941,49.23278901],[4.00124973,49.23291636],[4.00060425,49.23311862],[4.0000953,49.2333521],[3.99945449,49.23372513],[3.99938163,49.23357829],[3.9991634,49.23351087],[3.99881081,49.23323958],[3.99796059,49.23208142]]]]}},{"type":"Feature","id":"reims_514543603_croix_rouge_universite_centre_est","properties":{"zoneId":"reims_514543603_croix_rouge_universite_centre_est","label":"Croix Rouge Université Centre-Est","districtCode":"514543603","arrondissementCode":"51454","colorIndex":4,"parentZoneId":"reims_parent_51454_reims","parentCode":"51454","parentLabel":"Reims","territoryType":"iris","source":"IGN / INSEE - Contours IRIS WFS Géoplateforme","sourceYear":"2026","officialId":"514543603","sourceCleabs":"IRIS____0000000514543603","communeCode":"51454","communeName":"Reims","irisCode":"3603","irisType":"H","officialAreaM2":220841.40661621094,"labelLng":4.0065160012443135,"labelLat":49.23914694772717,"bbox":[4.00182247,49.23564598,4.01091266,49.24207852]},"geometry":{"type":"MultiPolygon","coordinates":[[[[4.00264423,49.23841964],[4.00187474,49.23902751],[4.00182247,49.2391646],[4.00191495,49.23926003],[4.00403923,49.24039766],[4.00429768,49.24076682],[4.00538461,49.24045478],[4.00559537,49.24048899],[4.00629568,49.24140738],[4.0071038,49.24207852],[4.01016332,49.24089045],[4.0098834,49.2404082],[4.00989247,49.24024],[4.00996333,49.23993103],[4.01086313,49.23925009],[4.01091266,49.23918494],[4.01089823,49.23907897],[4.01079354,49.23899174],[4.00900793,49.2380456],[4.00884346,49.2379202],[4.00826886,49.23837904],[4.00642642,49.23740186],[4.00638514,49.23732668],[4.00760287,49.23633294],[4.00754046,49.23623007],[4.00726548,49.23606963],[4.00677988,49.23581026],[4.00631947,49.23564598],[4.00434663,49.23720792],[4.00424973,49.23737955],[4.00436961,49.23768423],[4.00280377,49.23829155],[4.00264423,49.23841964]]]]}},{"type":"Feature","id":"reims_514543701_z_i_ouest","properties":{"zoneId":"reims_514543701_z_i_ouest","label":"Z.I. Ouest","districtCode":"514543701","arrondissementCode":"51454","colorIndex":5,"parentZoneId":"reims_parent_51454_reims","parentCode":"51454","parentLabel":"Reims","territoryType":"iris","source":"IGN / INSEE - Contours IRIS WFS Géoplateforme","sourceYear":"2026","officialId":"514543701","sourceCleabs":"IRIS____0000000514543701","communeCode":"51454","communeName":"Reims","irisCode":"3701","irisType":"A","officialAreaM2":1681860.747680664,"labelLng":4.004248627630456,"labelLat":49.26794849308999,"bbox":[3.99545669,49.25896447,4.01268157,49.27815788]},"geometry":{"type":"MultiPolygon","coordinates":[[[[3.99545669,49.2622591],[3.9957776,49.26358613],[3.99718875,49.26346119],[3.99735749,49.26473014],[3.99821819,49.26469695],[3.99832722,49.26706951],[3.99758102,49.26762769],[3.99717502,49.27164793],[3.99748315,49.27166696],[3.9974588,49.27190001],[3.99908529,49.27380508],[4.00318387,49.27627847],[4.00423809,49.27678934],[4.00442957,49.27723816],[4.00446778,49.27778985],[4.00518398,49.27815788],[4.00531976,49.27779174],[4.00618983,49.27766402],[4.00737553,49.27758581],[4.00807136,49.27740199],[4.0084934,49.27600407],[4.00856948,49.27588926],[4.00896803,49.2755416],[4.00990249,49.27498447],[4.00997238,49.27490477],[4.01023962,49.27402598],[4.0103912,49.27383771],[4.01057946,49.27369858],[4.01158629,49.27333143],[4.01268157,49.27215081],[4.01207544,49.27178909],[4.01152511,49.2713298],[4.01114911,49.27086186],[4.01100943,49.27060411],[4.01085656,49.27002371],[4.00996843,49.26472233],[4.00978364,49.26468612],[4.00971321,49.2645968],[4.00973834,49.26447702],[4.00990042,49.26440554],[4.00954468,49.26236949],[4.00872545,49.25966932],[4.00972382,49.25902355],[4.00941019,49.25914125],[4.00915537,49.25896447],[4.0089726,49.25903073],[4.00887884,49.25901264],[4.00867989,49.25909432],[4.00844835,49.2590549],[4.00785068,49.2590473],[4.00345369,49.2590435],[4.0023565,49.25948506],[4.00173305,49.25984806],[4.00161382,49.25986254],[4.00150396,49.2597223],[3.99545669,49.2622591]]]]}},{"type":"Feature","id":"reims_514543801_trois_fontaines","properties":{"zoneId":"reims_514543801_trois_fontaines","label":"Trois Fontaines","districtCode":"514543801","arrondissementCode":"51454","colorIndex":6,"parentZoneId":"reims_parent_51454_reims","parentCode":"51454","parentLabel":"Reims","territoryType":"iris","source":"IGN / INSEE - Contours IRIS WFS Géoplateforme","sourceYear":"2026","officialId":"514543801","sourceCleabs":"IRIS____0000000514543801","communeCode":"51454","communeName":"Reims","irisCode":"3801","irisType":"H","officialAreaM2":811430.9041748047,"labelLng":4.014151428780988,"labelLat":49.27851726392039,"bbox":[4.00518398,49.27215081,4.02288711,49.28505216]},"geometry":{"type":"MultiPolygon","coordinates":[[[[4.00518398,49.27815788],[4.00773339,49.27958855],[4.00866972,49.28010845],[4.01147662,49.28183626],[4.01169449,49.28201424],[4.01174377,49.28214509],[4.01218454,49.28226725],[4.01350808,49.28304549],[4.01429659,49.28344972],[4.01470958,49.28362605],[4.0162806,49.28412708],[4.01732844,49.28436908],[4.02107587,49.28505216],[4.02117758,49.28470517],[4.02116531,49.2845012],[4.02056218,49.28298066],[4.02062418,49.282919],[4.0201451,49.28273695],[4.0182151,49.28222013],[4.01786889,49.28208549],[4.0177395,49.28193555],[4.0177401,49.28175664],[4.01808325,49.28131772],[4.01892441,49.28000164],[4.01656968,49.27947309],[4.01652201,49.27942494],[4.01654366,49.27926833],[4.01688265,49.2784087],[4.01825861,49.27738659],[4.01873894,49.27672894],[4.02225103,49.27769806],[4.02276662,49.27674162],[4.02288711,49.2763729],[4.0183032,49.27518718],[4.01787585,49.27511617],[4.01268157,49.27215081],[4.01158629,49.27333143],[4.01057946,49.27369858],[4.0103912,49.27383771],[4.01023962,49.27402598],[4.00997238,49.27490477],[4.00990249,49.27498447],[4.00896803,49.2755416],[4.00856948,49.27588926],[4.0084934,49.27600407],[4.00807136,49.27740199],[4.00737553,49.27758581],[4.00618983,49.27766402],[4.00531976,49.27779174],[4.00518398,49.27815788]]]]}},{"type":"Feature","id":"reims_514543901_orgeval_ouest","properties":{"zoneId":"reims_514543901_orgeval_ouest","label":"Orgeval Ouest","districtCode":"514543901","arrondissementCode":"51454","colorIndex":7,"parentZoneId":"reims_parent_51454_reims","parentCode":"51454","parentLabel":"Reims","territoryType":"iris","source":"IGN / INSEE - Contours IRIS WFS Géoplateforme","sourceYear":"2026","officialId":"514543901","sourceCleabs":"IRIS____0000000514543901","communeCode":"51454","communeName":"Reims","irisCode":"3901","irisType":"H","officialAreaM2":161113.24829101562,"labelLng":4.019555657092785,"labelLat":49.27955493783992,"bbox":[4.01652201,49.27672894,4.02225103,49.282919]},"geometry":{"type":"MultiPolygon","coordinates":[[[[4.02122366,49.28091899],[4.02136947,49.28043947],[4.02137624,49.2803648],[4.02131067,49.280315],[4.02144151,49.28005228],[4.02167575,49.27925016],[4.021905,49.27847416],[4.02225103,49.27769806],[4.01873894,49.27672894],[4.01825861,49.27738659],[4.01688265,49.2784087],[4.01654366,49.27926833],[4.01652201,49.27942494],[4.01656968,49.27947309],[4.01892441,49.28000164],[4.01808325,49.28131772],[4.0177401,49.28175664],[4.0177395,49.28193555],[4.01786889,49.28208549],[4.0182151,49.28222013],[4.0201451,49.28273695],[4.02062418,49.282919],[4.02090829,49.28164897],[4.02100121,49.28134431],[4.02110852,49.28128137],[4.02122366,49.28091899]]]]}},{"type":"Feature","id":"reims_514543902_orgeval_nord_est","properties":{"zoneId":"reims_514543902_orgeval_nord_est","label":"Orgeval Nord-Est","districtCode":"514543902","arrondissementCode":"51454","colorIndex":0,"parentZoneId":"reims_parent_51454_reims","parentCode":"51454","parentLabel":"Reims","territoryType":"iris","source":"IGN / INSEE - Contours IRIS WFS Géoplateforme","sourceYear":"2026","officialId":"514543902","sourceCleabs":"IRIS____0000000514543902","communeCode":"51454","communeName":"Reims","irisCode":"3902","irisType":"H","officialAreaM2":361625.6018066406,"labelLng":4.026048673545962,"labelLat":49.28313884757437,"bbox":[4.02056218,49.27984625,4.03259681,49.28608531]},"geometry":{"type":"MultiPolygon","coordinates":[[[[4.02762299,49.28608531],[4.02746228,49.28443158],[4.02856672,49.28447611],[4.03214973,49.28503798],[4.03220623,49.28504559],[4.03235983,49.28496067],[4.03259681,49.28409737],[4.03187914,49.28401361],[4.03184962,49.2839806],[4.03063896,49.28219379],[4.03038581,49.28162776],[4.03018137,49.28136789],[4.0288103,49.28055967],[4.02708957,49.27992523],[4.02633359,49.27984625],[4.02608162,49.28065123],[4.02643795,49.2815715],[4.02122366,49.28091899],[4.02110852,49.28128137],[4.02100121,49.28134431],[4.02090829,49.28164897],[4.02062418,49.282919],[4.02056218,49.28298066],[4.02116531,49.2845012],[4.02117758,49.28470517],[4.02107587,49.28505216],[4.02404211,49.28556195],[4.02762299,49.28608531]]]]}},{"type":"Feature","id":"reims_514543903_orgeval_sud_est","properties":{"zoneId":"reims_514543903_orgeval_sud_est","label":"Orgeval Sud-Est","districtCode":"514543903","arrondissementCode":"51454","colorIndex":1,"parentZoneId":"reims_parent_51454_reims","parentCode":"51454","parentLabel":"Reims","territoryType":"iris","source":"IGN / INSEE - Contours IRIS WFS Géoplateforme","sourceYear":"2026","officialId":"514543903","sourceCleabs":"IRIS____0000000514543903","communeCode":"51454","communeName":"Reims","irisCode":"3903","irisType":"H","officialAreaM2":66164.87048339844,"labelLng":4.023833247011342,"labelLat":49.28040251491477,"bbox":[4.02122366,49.27925016,4.02643795,49.2815715]},"geometry":{"type":"MultiPolygon","coordinates":[[[[4.02122366,49.28091899],[4.02643795,49.2815715],[4.02608162,49.28065123],[4.02633359,49.27984625],[4.02167575,49.27925016],[4.02144151,49.28005228],[4.02131067,49.280315],[4.02137624,49.2803648],[4.02136947,49.28043947],[4.02122366,49.28091899]]]]}},{"type":"Feature","id":"reims_514544001_epinettes_sud","properties":{"zoneId":"reims_514544001_epinettes_sud","label":"Épinettes Sud","districtCode":"514544001","arrondissementCode":"51454","colorIndex":2,"parentZoneId":"reims_parent_51454_reims","parentCode":"51454","parentLabel":"Reims","territoryType":"iris","source":"IGN / INSEE - Contours IRIS WFS Géoplateforme","sourceYear":"2026","officialId":"514544001","sourceCleabs":"IRIS____0000000514544001","communeCode":"51454","communeName":"Reims","irisCode":"4001","irisType":"H","officialAreaM2":532520.0571289062,"labelLng":4.072803141733353,"labelLat":49.26849792192669,"bbox":[4.06428499,49.26493341,4.08234635,49.27221459]},"geometry":{"type":"MultiPolygon","coordinates":[[[[4.07927349,49.27221459],[4.08234635,49.26896668],[4.08176307,49.26873367],[4.07808619,49.26818939],[4.07853328,49.26722971],[4.07841054,49.26727306],[4.07773207,49.26715146],[4.07276382,49.26593886],[4.07093677,49.2659443],[4.06716343,49.26536998],[4.06615949,49.26511813],[4.06610485,49.26493341],[4.06501365,49.26691286],[4.06563935,49.26714199],[4.0647689,49.2686358],[4.06462535,49.26880339],[4.06428499,49.26902126],[4.06452583,49.26917467],[4.06489868,49.26933321],[4.0665213,49.26986819],[4.06700672,49.27008866],[4.06768372,49.27053759],[4.06849532,49.27131617],[4.06874539,49.27118359],[4.06899539,49.27098179],[4.06999936,49.26950385],[4.07032834,49.26926808],[4.07053527,49.26924287],[4.07069056,49.26917856],[4.07090131,49.26920456],[4.07175843,49.2695269],[4.07573042,49.27098037],[4.07577483,49.27093592],[4.07673952,49.27127435],[4.07927349,49.27221459]]]]}},{"type":"Feature","id":"reims_514544002_epinettes_activites","properties":{"zoneId":"reims_514544002_epinettes_activites","label":"Épinettes Activités","districtCode":"514544002","arrondissementCode":"51454","colorIndex":3,"parentZoneId":"reims_parent_51454_reims","parentCode":"51454","parentLabel":"Reims","territoryType":"iris","source":"IGN / INSEE - Contours IRIS WFS Géoplateforme","sourceYear":"2026","officialId":"514544002","sourceCleabs":"IRIS____0000000514544002","communeCode":"51454","communeName":"Reims","irisCode":"4002","irisType":"A","officialAreaM2":127760.73718261719,"labelLng":4.071627307246542,"labelLat":49.271379997523454,"bbox":[4.06849532,49.26917856,4.0745459,49.27358068]},"geometry":{"type":"MultiPolygon","coordinates":[[[[4.06849532,49.27131617],[4.06958748,49.2722388],[4.07074491,49.27299452],[4.07117953,49.27314799],[4.07297334,49.27358068],[4.07334042,49.27319442],[4.07362155,49.27277207],[4.0745459,49.27090552],[4.07452989,49.27073035],[4.07182392,49.26970343],[4.07175843,49.2695269],[4.07090131,49.26920456],[4.07069056,49.26917856],[4.07053527,49.26924287],[4.07032834,49.26926808],[4.06999936,49.26950385],[4.06899539,49.27098179],[4.06874539,49.27118359],[4.06849532,49.27131617]]]]}},{"type":"Feature","id":"reims_514544101_europe_sud_ouest","properties":{"zoneId":"reims_514544101_europe_sud_ouest","label":"Europe Sud-Ouest","districtCode":"514544101","arrondissementCode":"51454","colorIndex":4,"parentZoneId":"reims_parent_51454_reims","parentCode":"51454","parentLabel":"Reims","territoryType":"iris","source":"IGN / INSEE - Contours IRIS WFS Géoplateforme","sourceYear":"2026","officialId":"514544101","sourceCleabs":"IRIS____0000000514544101","communeCode":"51454","communeName":"Reims","irisCode":"4101","irisType":"H","officialAreaM2":153095.15234375,"labelLng":4.063042103458167,"labelLat":49.24954810182855,"bbox":[4.06030224,49.24687984,4.06569524,49.25212213]},"geometry":{"type":"MultiPolygon","coordinates":[[[[4.06091628,49.2489508],[4.06042385,49.24918079],[4.06030224,49.24927806],[4.06129694,49.25137042],[4.06141847,49.25180449],[4.0629193,49.25212213],[4.06445347,49.25145768],[4.06473858,49.25129693],[4.06487321,49.25116538],[4.06569524,49.24953531],[4.06496665,49.24803492],[4.06478184,49.24772997],[4.06451604,49.24742663],[4.06401902,49.2471658],[4.06310813,49.24687984],[4.06241359,49.24716377],[4.06247705,49.24724502],[4.06212012,49.24738482],[4.06218526,49.24748045],[4.06198673,49.2475766],[4.06169029,49.24765293],[4.0613968,49.2476726],[4.06162547,49.24790704],[4.06075943,49.24833452],[4.06091628,49.2489508]]]]}},{"type":"Feature","id":"reims_514544102_europe_nord_est","properties":{"zoneId":"reims_514544102_europe_nord_est","label":"Europe Nord-Est","districtCode":"514544102","arrondissementCode":"51454","colorIndex":5,"parentZoneId":"reims_parent_51454_reims","parentCode":"51454","parentLabel":"Reims","territoryType":"iris","source":"IGN / INSEE - Contours IRIS WFS Géoplateforme","sourceYear":"2026","officialId":"514544102","sourceCleabs":"IRIS____0000000514544102","communeCode":"51454","communeName":"Reims","irisCode":"4102","irisType":"H","officialAreaM2":302944.72265625,"labelLng":4.064086620101748,"labelLat":49.2519912460246,"bbox":[4.05793111,49.24355744,4.07122797,49.25567442]},"geometry":{"type":"MultiPolygon","coordinates":[[[[4.06569524,49.24953531],[4.06487321,49.25116538],[4.06473858,49.25129693],[4.06445347,49.25145768],[4.0629193,49.25212213],[4.06141847,49.25180449],[4.05948966,49.25218108],[4.05793111,49.252531],[4.05943216,49.25567442],[4.06089447,49.25551592],[4.06104149,49.25545169],[4.06132323,49.25546],[4.06251657,49.25524721],[4.06315546,49.25519034],[4.06544599,49.25483298],[4.06581406,49.254765],[4.06588154,49.25470686],[4.06618642,49.25470506],[4.06621848,49.25379583],[4.06638699,49.25304273],[4.06663944,49.2523644],[4.07122797,49.24361001],[4.07066799,49.24355744],[4.07047019,49.24362123],[4.07012148,49.24428874],[4.06968679,49.24544699],[4.06946665,49.24582476],[4.06870901,49.24611018],[4.06846662,49.24627596],[4.06770267,49.2476529],[4.06666163,49.24971288],[4.06582014,49.24953151],[4.06569524,49.24953531]]]]}},{"type":"Feature","id":"reims_514544201_fac_de_sciences_campus","properties":{"zoneId":"reims_514544201_fac_de_sciences_campus","label":"Fac de Sciences Campus","districtCode":"514544201","arrondissementCode":"51454","colorIndex":6,"parentZoneId":"reims_parent_51454_reims","parentCode":"51454","parentLabel":"Reims","territoryType":"iris","source":"IGN / INSEE - Contours IRIS WFS Géoplateforme","sourceYear":"2026","officialId":"514544201","sourceCleabs":"IRIS____0000000514544201","communeCode":"51454","communeName":"Reims","irisCode":"4201","irisType":"D","officialAreaM2":1174089.9793701172,"labelLng":4.06821628989056,"labelLat":49.240824262849806,"bbox":[4.05575559,49.23190399,4.08706478,49.24971288]},"geometry":{"type":"MultiPolygon","coordinates":[[[[4.08706478,49.23196371],[4.08700724,49.23190399],[4.0862754,49.23196543],[4.08549163,49.23210375],[4.08442073,49.23236423],[4.08241171,49.23293342],[4.07891918,49.23399597],[4.07212017,49.23610921],[4.07165946,49.23627154],[4.07137444,49.23643141],[4.07129011,49.23627123],[4.07109992,49.23617042],[4.07090385,49.23611732],[4.07049538,49.23615062],[4.07010156,49.23655959],[4.06979423,49.23670348],[4.06658951,49.23769837],[4.06659604,49.23774866],[4.06216854,49.23911477],[4.05674879,49.24078611],[4.05618923,49.24088631],[4.05575559,49.2409],[4.05713225,49.24214664],[4.05845048,49.24301796],[4.05797331,49.2432532],[4.05885124,49.24367795],[4.05819959,49.24411073],[4.06070853,49.2448502],[4.06138383,49.24510139],[4.06222995,49.245512],[4.06295446,49.24595156],[4.06210382,49.24645803],[4.06218065,49.24652119],[4.06214949,49.24660867],[4.06310813,49.24687984],[4.06401902,49.2471658],[4.06451604,49.24742663],[4.06478184,49.24772997],[4.06496665,49.24803492],[4.06569524,49.24953531],[4.06582014,49.24953151],[4.06666163,49.24971288],[4.06770267,49.2476529],[4.06846662,49.24627596],[4.06870901,49.24611018],[4.06946665,49.24582476],[4.06968679,49.24544699],[4.07012148,49.24428874],[4.07047019,49.24362123],[4.07066799,49.24355744],[4.07122797,49.24361001],[4.07207634,49.24200752],[4.0726713,49.24103303],[4.07287873,49.24077225],[4.07389793,49.23966451],[4.07460018,49.2390325],[4.07582512,49.23811531],[4.07657229,49.2376645],[4.07639946,49.23740891],[4.07712172,49.23708149],[4.08333154,49.23384941],[4.08526837,49.23291404],[4.08706478,49.23196371]]]]}},{"type":"Feature","id":"reims_514544301_verrerie","properties":{"zoneId":"reims_514544301_verrerie","label":"Verrerie","districtCode":"514544301","arrondissementCode":"51454","colorIndex":7,"parentZoneId":"reims_parent_51454_reims","parentCode":"51454","parentLabel":"Reims","territoryType":"iris","source":"IGN / INSEE - Contours IRIS WFS Géoplateforme","sourceYear":"2026","officialId":"514544301","sourceCleabs":"IRIS____0000000514544301","communeCode":"51454","communeName":"Reims","irisCode":"4301","irisType":"H","officialAreaM2":897213.9437255859,"labelLng":4.055085506187056,"labelLat":49.235177512216346,"bbox":[4.04523547,49.22952101,4.0636408,49.2409]},"geometry":{"type":"MultiPolygon","coordinates":[[[[4.05575559,49.2409],[4.05618923,49.24088631],[4.05674879,49.24078611],[4.06216854,49.23911477],[4.0597171,49.23681404],[4.05964822,49.23666899],[4.05726483,49.23446201],[4.05950995,49.23394152],[4.0623598,49.23365481],[4.0636408,49.23338998],[4.06129277,49.23029806],[4.06115989,49.22997736],[4.06060551,49.22952101],[4.05927314,49.22982132],[4.04840224,49.23262886],[4.04869417,49.23307766],[4.04764441,49.23323963],[4.04598194,49.23365415],[4.04523547,49.2338782],[4.04595766,49.23455793],[4.04750587,49.23568541],[4.04743193,49.2358308],[4.04923372,49.23706934],[4.0489011,49.23732308],[4.05497378,49.24087537],[4.05575559,49.2409]]]]}},{"type":"Feature","id":"reims_514544401_farman_zone_industrielle_sud_est","properties":{"zoneId":"reims_514544401_farman_zone_industrielle_sud_est","label":"Farman Zone Industrielle Sud-Est","districtCode":"514544401","arrondissementCode":"51454","colorIndex":0,"parentZoneId":"reims_parent_51454_reims","parentCode":"51454","parentLabel":"Reims","territoryType":"iris","source":"IGN / INSEE - Contours IRIS WFS Géoplateforme","sourceYear":"2026","officialId":"514544401","sourceCleabs":"IRIS____0000000514544401","communeCode":"51454","communeName":"Reims","irisCode":"4401","irisType":"A","officialAreaM2":3403670.6943359375,"labelLng":4.088092764380263,"labelLat":49.227338622619634,"bbox":[4.05726483,49.21284797,4.12415533,49.23911477]},"geometry":{"type":"MultiPolygon","coordinates":[[[[4.08549163,49.23210375],[4.08537846,49.23194473],[4.08568532,49.23184757],[4.09287814,49.22964726],[4.09922533,49.22760527],[4.1017743,49.22688161],[4.12349677,49.22016718],[4.12415533,49.21996414],[4.11940037,49.21614586],[4.1198866,49.21590937],[4.11678181,49.21284797],[4.10984887,49.21824188],[4.10932304,49.21849127],[4.10275578,49.22359635],[4.10033494,49.2251721],[4.09796647,49.22644073],[4.09528984,49.22314744],[4.09584681,49.22280792],[4.09633188,49.22263807],[4.09611602,49.22229748],[4.09501198,49.22260152],[4.09437844,49.22269628],[4.07352603,49.22697823],[4.07106996,49.22749996],[4.07052272,49.22765677],[4.07007493,49.22771019],[4.07000199,49.22756879],[4.06060551,49.22952101],[4.06115989,49.22997736],[4.06129277,49.23029806],[4.0636408,49.23338998],[4.0623598,49.23365481],[4.05950995,49.23394152],[4.05726483,49.23446201],[4.05964822,49.23666899],[4.0597171,49.23681404],[4.06216854,49.23911477],[4.06659604,49.23774866],[4.06658951,49.23769837],[4.06979423,49.23670348],[4.07010156,49.23655959],[4.07049538,49.23615062],[4.07090385,49.23611732],[4.07109992,49.23617042],[4.07129011,49.23627123],[4.07137444,49.23643141],[4.07165946,49.23627154],[4.07212017,49.23610921],[4.07891918,49.23399597],[4.08241171,49.23293342],[4.08442073,49.23236423],[4.08549163,49.23210375]]]]}},{"type":"Feature","id":"reims_514544501_murigny_sud_ouest","properties":{"zoneId":"reims_514544501_murigny_sud_ouest","label":"Murigny Sud-Ouest","districtCode":"514544501","arrondissementCode":"51454","colorIndex":1,"parentZoneId":"reims_parent_51454_reims","parentCode":"51454","parentLabel":"Reims","territoryType":"iris","source":"IGN / INSEE - Contours IRIS WFS Géoplateforme","sourceYear":"2026","officialId":"514544501","sourceCleabs":"IRIS____0000000514544501","communeCode":"51454","communeName":"Reims","irisCode":"4501","irisType":"H","officialAreaM2":1182607.5826416016,"labelLng":4.017021297187468,"labelLat":49.21662886985006,"bbox":[4.00733687,49.2098508,4.0286102,49.22400897]},"geometry":{"type":"MultiPolygon","coordinates":[[[[4.01774298,49.2098508],[4.01758643,49.21061275],[4.01459794,49.21196411],[4.01373391,49.21227257],[4.01358416,49.21226394],[4.01331252,49.21226892],[4.01281451,49.21241696],[4.01114009,49.2130424],[4.00797931,49.2142305],[4.00818047,49.21448236],[4.00733687,49.21478701],[4.00976743,49.21823084],[4.01111557,49.21993229],[4.01085488,49.22000731],[4.01245307,49.2216464],[4.0134629,49.22246597],[4.01349994,49.2233054],[4.01417615,49.22306955],[4.0149355,49.22280332],[4.01533087,49.22273616],[4.01575745,49.22292946],[4.01758881,49.22398842],[4.01802984,49.22400897],[4.01795058,49.22200469],[4.01803538,49.22170998],[4.01829876,49.22135351],[4.01850846,49.221198],[4.01902403,49.22096258],[4.01977935,49.22070355],[4.02095633,49.22032047],[4.02076995,49.22019617],[4.02068244,49.22000451],[4.02074103,49.21977385],[4.02100665,49.21960167],[4.02138895,49.21956876],[4.02156519,49.21959694],[4.02181887,49.21972336],[4.02209703,49.21969942],[4.02344976,49.21925189],[4.0240494,49.21910474],[4.02478735,49.21880357],[4.02635406,49.21828226],[4.02724294,49.21811824],[4.02803941,49.2180692],[4.02818399,49.21795468],[4.02833177,49.21793184],[4.02852566,49.21774318],[4.02853913,49.21766124],[4.0286102,49.21681819],[4.02855166,49.21649682],[4.0284499,49.21621088],[4.02823323,49.21621992],[4.02809527,49.21618423],[4.02793941,49.21600754],[4.02563981,49.21624831],[4.02503157,49.2162364],[4.02434693,49.21610916],[4.02373891,49.21590034],[4.02308303,49.21563079],[4.02250237,49.21527788],[4.02211973,49.21480551],[4.02202035,49.21456899],[4.02195669,49.21412538],[4.02200887,49.2135711],[4.02247689,49.21232279],[4.02254311,49.21199316],[4.02249244,49.2117904],[4.02232094,49.21151493],[4.02152786,49.21082666],[4.02148735,49.21058245],[4.01993215,49.21042479],[4.01910101,49.21037968],[4.01774298,49.2098508]]]]}},{"type":"Feature","id":"reims_514544502_murigny_sud_centre","properties":{"zoneId":"reims_514544502_murigny_sud_centre","label":"Murigny Sud-Centre","districtCode":"514544502","arrondissementCode":"51454","colorIndex":2,"parentZoneId":"reims_parent_51454_reims","parentCode":"51454","parentLabel":"Reims","territoryType":"iris","source":"IGN / INSEE - Contours IRIS WFS Géoplateforme","sourceYear":"2026","officialId":"514544502","sourceCleabs":"IRIS____0000000514544502","communeCode":"51454","communeName":"Reims","irisCode":"4502","irisType":"H","officialAreaM2":266407.3485107422,"labelLng":4.024874402568808,"labelLat":49.21282304746771,"bbox":[4.02148735,49.20966186,4.02815687,49.21624831]},"geometry":{"type":"MultiPolygon","coordinates":[[[[4.02793941,49.21600754],[4.02800324,49.21583527],[4.02815687,49.21576204],[4.02788692,49.21543797],[4.02728757,49.21497466],[4.02694609,49.21464221],[4.02670776,49.2141821],[4.02666794,49.21397385],[4.02674771,49.21349846],[4.0270205,49.21306727],[4.02725618,49.21284138],[4.02781178,49.2124851],[4.02810544,49.21131018],[4.02814337,49.21080187],[4.02806225,49.21065601],[4.02750801,49.21018152],[4.0273383,49.21006609],[4.02698521,49.20997649],[4.02349195,49.20966186],[4.0231876,49.20967703],[4.02287344,49.20975162],[4.0217052,49.2102866],[4.02156189,49.21039571],[4.02148735,49.21058245],[4.02152786,49.21082666],[4.02232094,49.21151493],[4.02249244,49.2117904],[4.02254311,49.21199316],[4.02247689,49.21232279],[4.02200887,49.2135711],[4.02195669,49.21412538],[4.02202035,49.21456899],[4.02211973,49.21480551],[4.02250237,49.21527788],[4.02308303,49.21563079],[4.02373891,49.21590034],[4.02434693,49.21610916],[4.02503157,49.2162364],[4.02563981,49.21624831],[4.02793941,49.21600754]]]]}},{"type":"Feature","id":"reims_514544503_murigny_sud_est","properties":{"zoneId":"reims_514544503_murigny_sud_est","label":"Murigny Sud-Est","districtCode":"514544503","arrondissementCode":"51454","colorIndex":3,"parentZoneId":"reims_parent_51454_reims","parentCode":"51454","parentLabel":"Reims","territoryType":"iris","source":"IGN / INSEE - Contours IRIS WFS Géoplateforme","sourceYear":"2026","officialId":"514544503","sourceCleabs":"IRIS____0000000514544503","communeCode":"51454","communeName":"Reims","irisCode":"4503","irisType":"H","officialAreaM2":741001.5582275391,"labelLng":4.029164481173199,"labelLat":49.21191254,"bbox":[4.01774298,49.20391727,4.0344479,49.21990781]},"geometry":{"type":"MultiPolygon","coordinates":[[[[4.0344479,49.2196561],[4.03179629,49.21629467],[4.03109704,49.21488458],[4.03075942,49.21378249],[4.03043719,49.21283221],[4.03036757,49.21181773],[4.03127089,49.20859755],[4.02696558,49.20891842],[4.02711603,49.20391727],[4.01785423,49.20448497],[4.0178407,49.20951641],[4.01774298,49.2098508],[4.01910101,49.21037968],[4.01993215,49.21042479],[4.02148735,49.21058245],[4.02156189,49.21039571],[4.0217052,49.2102866],[4.02287344,49.20975162],[4.0231876,49.20967703],[4.02349195,49.20966186],[4.02698521,49.20997649],[4.0273383,49.21006609],[4.02750801,49.21018152],[4.02806225,49.21065601],[4.02814337,49.21080187],[4.02810544,49.21131018],[4.02781178,49.2124851],[4.02725618,49.21284138],[4.0270205,49.21306727],[4.02674771,49.21349846],[4.02666794,49.21397385],[4.02670776,49.2141821],[4.02694609,49.21464221],[4.02728757,49.21497466],[4.02788692,49.21543797],[4.02815687,49.21576204],[4.02800324,49.21583527],[4.02793941,49.21600754],[4.02809527,49.21618423],[4.02823323,49.21621992],[4.0284499,49.21621088],[4.02855166,49.21649682],[4.0286102,49.21681819],[4.02853913,49.21766124],[4.02852566,49.21774318],[4.02833177,49.21793184],[4.02860525,49.21801852],[4.0286697,49.2180845],[4.02902537,49.21823161],[4.029536,49.218372],[4.03010746,49.21860358],[4.03181517,49.21951143],[4.03226106,49.21970811],[4.03272885,49.21983268],[4.03331497,49.21990318],[4.0337186,49.21990781],[4.03413777,49.21986555],[4.03430509,49.21979039],[4.0344479,49.2196561]]]]}},{"type":"Feature","id":"reims_514544601_croix_du_sud_nord_est","properties":{"zoneId":"reims_514544601_croix_du_sud_nord_est","label":"Croix du Sud Nord-Est","districtCode":"514544601","arrondissementCode":"51454","colorIndex":4,"parentZoneId":"reims_parent_51454_reims","parentCode":"51454","parentLabel":"Reims","territoryType":"iris","source":"IGN / INSEE - Contours IRIS WFS Géoplateforme","sourceYear":"2026","officialId":"514544601","sourceCleabs":"IRIS____0000000514544601","communeCode":"51454","communeName":"Reims","irisCode":"4601","irisType":"H","officialAreaM2":201368.57543945312,"labelLng":4.011408318036879,"labelLat":49.2283462350594,"bbox":[4.00643834,49.2248373,4.01468748,49.23193728]},"geometry":{"type":"MultiPolygon","coordinates":[[[[4.00890671,49.2248373],[4.00702461,49.2254653],[4.00710917,49.22557788],[4.00735922,49.22622313],[4.00733954,49.22627004],[4.00643834,49.22679903],[4.00808391,49.22727348],[4.00868951,49.22700319],[4.00889962,49.22700683],[4.00901795,49.22709125],[4.0093231,49.22753374],[4.01025466,49.22778666],[4.01025987,49.22784236],[4.01051789,49.22790943],[4.01070318,49.22804813],[4.00957126,49.22871304],[4.00994344,49.22900212],[4.01024073,49.22939253],[4.01058891,49.22964674],[4.01110336,49.22983933],[4.01127976,49.22994394],[4.01133086,49.2302402],[4.01127211,49.23165853],[4.01172719,49.23169247],[4.01293767,49.2318819],[4.01415788,49.23193728],[4.01427225,49.2302092],[4.01432121,49.23011528],[4.01457047,49.22994506],[4.01444681,49.22993981],[4.01433988,49.22987777],[4.01427232,49.22923281],[4.01438758,49.22783018],[4.01447769,49.22745541],[4.01468748,49.2273026],[4.01465771,49.22711494],[4.01457159,49.22706352],[4.01434315,49.22703487],[4.01419173,49.2270838],[4.013735,49.22703369],[4.01288948,49.227039],[4.0123483,49.227093],[4.01214333,49.22700121],[4.01204873,49.2270074],[4.01189158,49.22711391],[4.01173444,49.22694081],[4.01123824,49.22655747],[4.00890671,49.2248373]]]]}},{"type":"Feature","id":"reims_514544602_croix_du_sud_sud_ouest","properties":{"zoneId":"reims_514544602_croix_du_sud_sud_ouest","label":"Croix du Sud Sud-Ouest","districtCode":"514544602","arrondissementCode":"51454","colorIndex":5,"parentZoneId":"reims_parent_51454_reims","parentCode":"51454","parentLabel":"Reims","territoryType":"iris","source":"IGN / INSEE - Contours IRIS WFS Géoplateforme","sourceYear":"2026","officialId":"514544602","sourceCleabs":"IRIS____0000000514544602","communeCode":"51454","communeName":"Reims","irisCode":"4602","irisType":"H","officialAreaM2":103337.23974609375,"labelLng":4.012259386239207,"labelLat":49.22526246988129,"bbox":[4.00890671,49.22306955,4.01434315,49.22711391]},"geometry":{"type":"MultiPolygon","coordinates":[[[[4.01349994,49.2233054],[4.00890671,49.2248373],[4.01123824,49.22655747],[4.01173444,49.22694081],[4.01189158,49.22711391],[4.01204873,49.2270074],[4.01214333,49.22700121],[4.0123483,49.227093],[4.01288948,49.227039],[4.013735,49.22703369],[4.01419173,49.2270838],[4.01434315,49.22703487],[4.01424779,49.22679203],[4.01422708,49.22650629],[4.01409566,49.22624487],[4.01427613,49.22585765],[4.0142403,49.2252205],[4.01411281,49.22501928],[4.01344688,49.2245205],[4.01395028,49.22443086],[4.0140729,49.22438397],[4.01421584,49.2242533],[4.01417615,49.22306955],[4.01349994,49.2233054]]]]}},{"type":"Feature","id":"reims_514544603_croix_du_sud_sud_est","properties":{"zoneId":"reims_514544603_croix_du_sud_sud_est","label":"Croix du Sud Sud-Est","districtCode":"514544603","arrondissementCode":"51454","colorIndex":6,"parentZoneId":"reims_parent_51454_reims","parentCode":"51454","parentLabel":"Reims","territoryType":"iris","source":"IGN / INSEE - Contours IRIS WFS Géoplateforme","sourceYear":"2026","officialId":"514544603","sourceCleabs":"IRIS____0000000514544603","communeCode":"51454","communeName":"Reims","irisCode":"4603","irisType":"H","officialAreaM2":92309.17114257812,"labelLng":4.015673821499689,"labelLat":49.22478551365359,"bbox":[4.01344688,49.22273616,4.01805717,49.22711494]},"geometry":{"type":"MultiPolygon","coordinates":[[[[4.01434315,49.22703487],[4.01457159,49.22706352],[4.01465771,49.22711494],[4.01477515,49.22701326],[4.01531169,49.22679296],[4.01661341,49.22604295],[4.01656609,49.22601008],[4.01738423,49.22545115],[4.0176593,49.22519888],[4.0177896,49.22505393],[4.01781727,49.2248559],[4.0178794,49.22480413],[4.01805717,49.22476936],[4.01802984,49.22400897],[4.01758881,49.22398842],[4.01575745,49.22292946],[4.01533087,49.22273616],[4.0149355,49.22280332],[4.01417615,49.22306955],[4.01421584,49.2242533],[4.0140729,49.22438397],[4.01395028,49.22443086],[4.01344688,49.2245205],[4.01411281,49.22501928],[4.0142403,49.2252205],[4.01427613,49.22585765],[4.01409566,49.22624487],[4.01422708,49.22650629],[4.01424779,49.22679203],[4.01434315,49.22703487]]]]}},{"type":"Feature","id":"reims_514544701_pays_de_france_nord_ouest_et_sud","properties":{"zoneId":"reims_514544701_pays_de_france_nord_ouest_et_sud","label":"Pays de France Nord-Ouest et Sud","districtCode":"514544701","arrondissementCode":"51454","colorIndex":7,"parentZoneId":"reims_parent_51454_reims","parentCode":"51454","parentLabel":"Reims","territoryType":"iris","source":"IGN / INSEE - Contours IRIS WFS Géoplateforme","sourceYear":"2026","officialId":"514544701","sourceCleabs":"IRIS____0000000514544701","communeCode":"51454","communeName":"Reims","irisCode":"4701","irisType":"H","officialAreaM2":441108.8621826172,"labelLng":3.9986648396543467,"labelLat":49.229595215,"bbox":[3.99523079,49.2254653,4.01070318,49.23372513]},"geometry":{"type":"MultiPolygon","coordinates":[[[[4.00702461,49.2254653],[4.00199397,49.227184],[4.00163892,49.22728045],[4.00141452,49.22703507],[3.99523079,49.22905974],[3.99796059,49.23208142],[3.99881081,49.23323958],[3.9991634,49.23351087],[3.99938163,49.23357829],[3.99945449,49.23372513],[4.0000953,49.2333521],[4.00060425,49.23311862],[4.00124973,49.23291636],[4.00196941,49.23278901],[4.00284779,49.23277451],[4.00449982,49.23286685],[4.00619126,49.23322047],[4.00641656,49.23322758],[4.00690179,49.23304641],[4.00707498,49.23305665],[4.00672008,49.23147006],[4.00444264,49.23161942],[4.00432259,49.23158805],[4.00132961,49.22938505],[4.00127884,49.22931534],[4.00131135,49.22915054],[4.00220303,49.22826744],[4.0022019,49.22820901],[4.00208297,49.22809312],[4.00151072,49.22774903],[4.00153472,49.22757082],[4.00161542,49.22748473],[4.00177601,49.22755443],[4.0020051,49.22754623],[4.00207455,49.22758791],[4.00205232,49.22771576],[4.00258863,49.22783448],[4.0027567,49.2280066],[4.00286963,49.22802544],[4.00294869,49.22842127],[4.00293586,49.22875044],[4.00343406,49.22881462],[4.00368564,49.22897436],[4.00386018,49.2289846],[4.00407735,49.22885692],[4.00466095,49.22893567],[4.00486431,49.22901579],[4.00510321,49.22887624],[4.00525777,49.22898824],[4.00577166,49.22901182],[4.00592391,49.22907529],[4.00717577,49.22998458],[4.00733457,49.22989065],[4.00742647,49.22995732],[4.00957126,49.22871304],[4.01070318,49.22804813],[4.01051789,49.22790943],[4.01025987,49.22784236],[4.01025466,49.22778666],[4.0093231,49.22753374],[4.00901795,49.22709125],[4.00889962,49.22700683],[4.00868951,49.22700319],[4.00808391,49.22727348],[4.00643834,49.22679903],[4.00733954,49.22627004],[4.00735922,49.22622313],[4.00710917,49.22557788],[4.00702461,49.2254653]]]]}},{"type":"Feature","id":"reims_514544702_pays_de_france_centre","properties":{"zoneId":"reims_514544702_pays_de_france_centre","label":"Pays de France Centre","districtCode":"514544702","arrondissementCode":"51454","colorIndex":0,"parentZoneId":"reims_parent_51454_reims","parentCode":"51454","parentLabel":"Reims","territoryType":"iris","source":"IGN / INSEE - Contours IRIS WFS Géoplateforme","sourceYear":"2026","officialId":"514544702","sourceCleabs":"IRIS____0000000514544702","communeCode":"51454","communeName":"Reims","irisCode":"4702","irisType":"H","officialAreaM2":96762.75268554688,"labelLng":4.004261640363683,"labelLat":49.229908418847785,"bbox":[4.00127884,49.22748473,4.00742647,49.23161942]},"geometry":{"type":"MultiPolygon","coordinates":[[[[4.00672008,49.23147006],[4.00665516,49.23067402],[4.00669529,49.23047859],[4.00681599,49.23033193],[4.00742647,49.22995732],[4.00733457,49.22989065],[4.00717577,49.22998458],[4.00592391,49.22907529],[4.00577166,49.22901182],[4.00525777,49.22898824],[4.00510321,49.22887624],[4.00486431,49.22901579],[4.00466095,49.22893567],[4.00407735,49.22885692],[4.00386018,49.2289846],[4.00368564,49.22897436],[4.00343406,49.22881462],[4.00293586,49.22875044],[4.00294869,49.22842127],[4.00286963,49.22802544],[4.0027567,49.2280066],[4.00258863,49.22783448],[4.00205232,49.22771576],[4.00207455,49.22758791],[4.0020051,49.22754623],[4.00177601,49.22755443],[4.00161542,49.22748473],[4.00153472,49.22757082],[4.00151072,49.22774903],[4.00208297,49.22809312],[4.0022019,49.22820901],[4.00220303,49.22826744],[4.00131135,49.22915054],[4.00127884,49.22931534],[4.00132961,49.22938505],[4.00432259,49.23158805],[4.00444264,49.23161942],[4.00672008,49.23147006]]]]}},{"type":"Feature","id":"reims_514544703_pays_de_france_est","properties":{"zoneId":"reims_514544703_pays_de_france_est","label":"Pays de France Est","districtCode":"514544703","arrondissementCode":"51454","colorIndex":1,"parentZoneId":"reims_parent_51454_reims","parentCode":"51454","parentLabel":"Reims","territoryType":"iris","source":"IGN / INSEE - Contours IRIS WFS Géoplateforme","sourceYear":"2026","officialId":"514544703","sourceCleabs":"IRIS____0000000514544703","communeCode":"51454","communeName":"Reims","irisCode":"4703","irisType":"H","officialAreaM2":99619.01599121094,"labelLng":4.008912117636844,"labelLat":49.23084822424393,"bbox":[4.00665516,49.22871304,4.01133086,49.23316514]},"geometry":{"type":"MultiPolygon","coordinates":[[[[4.00742647,49.22995732],[4.00681599,49.23033193],[4.00669529,49.23047859],[4.00665516,49.23067402],[4.00672008,49.23147006],[4.00707498,49.23305665],[4.00721851,49.23316514],[4.00738103,49.23298037],[4.00797965,49.2325591],[4.00843801,49.23233859],[4.01052527,49.23172953],[4.01100428,49.23165269],[4.01127211,49.23165853],[4.01133086,49.2302402],[4.01127976,49.22994394],[4.01110336,49.22983933],[4.01058891,49.22964674],[4.01024073,49.22939253],[4.00994344,49.22900212],[4.00957126,49.22871304],[4.00742647,49.22995732]]]]}},{"type":"Feature","id":"reims_514544801_la_neuvillette_habitat","properties":{"zoneId":"reims_514544801_la_neuvillette_habitat","label":"La Neuvillette Habitat","districtCode":"514544801","arrondissementCode":"51454","colorIndex":2,"parentZoneId":"reims_parent_51454_reims","parentCode":"51454","parentLabel":"Reims","territoryType":"iris","source":"IGN / INSEE - Contours IRIS WFS Géoplateforme","sourceYear":"2026","officialId":"514544801","sourceCleabs":"IRIS____0000000514544801","communeCode":"51454","communeName":"Reims","irisCode":"4801","irisType":"H","officialAreaM2":931670.1070556641,"labelLng":4.00675037522746,"labelLat":49.2859469354252,"bbox":[3.99804352,49.27958855,4.01632304,49.29195473]},"geometry":{"type":"MultiPolygon","coordinates":[[[[4.00773339,49.27958855],[4.00504315,49.28179651],[4.00228443,49.2838863],[3.99804352,49.28687742],[3.99962781,49.28970071],[3.99996169,49.2901924],[4.00088887,49.29101451],[4.00141797,49.29136523],[4.00264032,49.29195473],[4.00372833,49.29086417],[4.00509261,49.29147134],[4.0068886,49.28968621],[4.00801469,49.2906945],[4.00993072,49.28844802],[4.00889176,49.28767816],[4.00966791,49.28688593],[4.01178448,49.2872404],[4.01377985,49.2873702],[4.01632304,49.28670332],[4.0156711,49.2856992],[4.01556655,49.28541419],[4.01565277,49.28525614],[4.01561116,49.28509736],[4.01564625,49.28499458],[4.0162806,49.28412708],[4.01470958,49.28362605],[4.01429659,49.28344972],[4.01350808,49.28304549],[4.01218454,49.28226725],[4.01174377,49.28214509],[4.01169449,49.28201424],[4.01147662,49.28183626],[4.00866972,49.28010845],[4.00773339,49.27958855]]]]}},{"type":"Feature","id":"reims_514544901_neuvillette_activites","properties":{"zoneId":"reims_514544901_neuvillette_activites","label":"Neuvillette Activités","districtCode":"514544901","arrondissementCode":"51454","colorIndex":3,"parentZoneId":"reims_parent_51454_reims","parentCode":"51454","parentLabel":"Reims","territoryType":"iris","source":"IGN / INSEE - Contours IRIS WFS Géoplateforme","sourceYear":"2026","officialId":"514544901","sourceCleabs":"IRIS____0000000514544901","communeCode":"51454","communeName":"Reims","irisCode":"4901","irisType":"A","officialAreaM2":3784438.9150390625,"labelLng":4.009385782600106,"labelLat":49.292782069289665,"bbox":[3.98606062,49.28179678,4.02876462,49.30316388]},"geometry":{"type":"MultiPolygon","coordinates":[[[[3.99804352,49.28687742],[3.99624675,49.28364501],[3.99596827,49.28288673],[3.99440936,49.28193134],[3.99404672,49.28179678],[3.99309109,49.28219662],[3.9926505,49.28272527],[3.99095515,49.2837515],[3.98725018,49.28662995],[3.98823846,49.28685201],[3.99173364,49.28736455],[3.99221023,49.28749189],[3.99381106,49.28840471],[3.99456963,49.28861423],[3.98606062,49.29342902],[3.99729944,49.29731122],[3.99662799,49.29799102],[4.01069011,49.30316388],[4.01193142,49.30161438],[4.01207775,49.30129491],[4.01437242,49.30074704],[4.01761981,49.29915813],[4.01802696,49.29756705],[4.02146117,49.29779426],[4.02876462,49.29772416],[4.0278146,49.28790959],[4.02762299,49.28608531],[4.02404211,49.28556195],[4.02107587,49.28505216],[4.01732844,49.28436908],[4.0162806,49.28412708],[4.01564625,49.28499458],[4.01561116,49.28509736],[4.01565277,49.28525614],[4.01556655,49.28541419],[4.0156711,49.2856992],[4.01632304,49.28670332],[4.01377985,49.2873702],[4.01178448,49.2872404],[4.00966791,49.28688593],[4.00889176,49.28767816],[4.00993072,49.28844802],[4.00801469,49.2906945],[4.0068886,49.28968621],[4.00509261,49.29147134],[4.00372833,49.29086417],[4.00264032,49.29195473],[4.00141797,49.29136523],[4.00088887,49.29101451],[3.99996169,49.2901924],[3.99962781,49.28970071],[3.99804352,49.28687742]]]]}}]}
