"chemin_original","type","classement_audit","statut_git_initial","action_realisee","motif","protection","sha256_original","chemin_archive","sha256_archive","references_entrantes_avant","liens_sortants_avant","informations_a_preserver","revision_source"
"AGENTS.md","document","À conserver","suivi","laisse_en_place","Consignes actives des agents","Consignes actives des agents","4ad518975bd0b65239d7bb4a272149068fff69744385978982e87b4d4aa91e9d","","","ROOMS-REFERENCE.md","[{""url"":""VERSION-VALIDEE.md"",""target"":""VERSION-VALIDEE.md"",""exists"":true}]","protection technique ou juridique; intégrité du fichier","8e07a1071f13d72f07aa0aacfdf3a6534caa0ecb"
"AUTH-VINYL-GEOGRAPHY.md","document","À conserver","suivi","laisse_en_place","Vérité technique conservée; aucune réécriture dans la phase 1","","3200d201a0be2d6521d9fea6ec24fd735ad7fe97dda2b4afe0164b4329557a7d","","","","[]","architecture; contrats audio; limites du prototype; licences","8e07a1071f13d72f07aa0aacfdf3a6534caa0ecb"
"CAGE-BATTLE-FLOW.md","document","À conserver","suivi","laisse_en_place","Vérité technique conservée; aucune réécriture dans la phase 1","","262896a92245e4b0e01b1ac5b6f4bd09032064f2876409f9bd2c21c0c08175a7","","","ROOMS-REFERENCE.md","[]","règles métier; audio/live; permissions; migrations","8e07a1071f13d72f07aa0aacfdf3a6534caa0ecb"
"CARD-COHERENCE-AUDIT-2026-09-13.md","document","À archiver","suivi","deplace_chantier","Document historique autorisé, aucune référence ni lien relatif détecté","","9a8ea9e6114d485b36be2551bdce3724f675888cd5d0626d7b19bc8c13177cfc","docs/archive/2026-09-13/chantier/CARD-COHERENCE-AUDIT-2026-09-13.md","9a8ea9e6114d485b36be2551bdce3724f675888cd5d0626d7b19bc8c13177cfc","","[]","historique et décisions; périmètre de la version","8e07a1071f13d72f07aa0aacfdf3a6534caa0ecb"
"GEMINI.md","document","À remplacer","suivi","copie_reference","Sauvegarde avant remplacement; original actif inchangé","","3f7a2d6ae60930dceb12969e3f7a8f572858f7b074a3e2367e8a5ee75438d73a","docs/archive/2026-09-13/references-remplacees/GEMINI.md","3f7a2d6ae60930dceb12969e3f7a8f572858f7b074a3e2367e8a5ee75438d73a","docs/opendaw-voice-correction-audit.md","[]","historique et décisions; périmètre de la version","8e07a1071f13d72f07aa0aacfdf3a6534caa0ecb"
"GLOBE-VINYLE-INTEGRATION.md","document","À conserver","suivi","laisse_en_place","Vérité technique conservée; aucune réécriture dans la phase 1","","8c8e5a2742edc2352b1482422e6c6a85caa669114a2b8549749ea1859ab4a3ca","","","","[{""url"":""VERSION-VALIDEE.md"",""target"":""VERSION-VALIDEE.md"",""exists"":true}]","architecture; configuration; provenance géographique","8e07a1071f13d72f07aa0aacfdf3a6534caa0ecb"
"HOST-CONSOLE-JURY.md","document","À archiver","suivi","deplace_chantier","Document historique autorisé, aucune référence ni lien relatif détecté","","16d17b6610310480338b51ade4db22c47a9f1f1f96308d804ce033c22a1533c9","docs/archive/2026-09-13/chantier/HOST-CONSOLE-JURY.md","16d17b6610310480338b51ade4db22c47a9f1f1f96308d804ce033c22a1533c9","","[]","règles métier; audio/live; permissions; migrations","8e07a1071f13d72f07aa0aacfdf3a6534caa0ecb"
"LOGE-VIEWER.md","document","À conserver","suivi","laisse_en_place","Vérité technique conservée; aucune réécriture dans la phase 1","","a4930e65ad6fbe24ab039a77c6bd8120b9b06b5f91f0c6adeeedfc6e8a2454a6","","","ROOMS-REFERENCE.md","[]","règles métier; audio/live; permissions; migrations","8e07a1071f13d72f07aa0aacfdf3a6534caa0ecb"
"MASTER PROMPT — REDESIGN UXUI MESSA.txt","document","À archiver","non_suivi","deplace_chantier","Document historique autorisé, aucune référence ni lien relatif détecté","","46921de953a738ce5239c52d1834bb347bac06fbec11358b36d686414fb7d955","docs/archive/2026-09-13/chantier/MASTER PROMPT — REDESIGN UXUI MESSA.txt","46921de953a738ce5239c52d1834bb347bac06fbec11358b36d686414fb7d955","","[]","historique et décisions; périmètre de la version","8e07a1071f13d72f07aa0aacfdf3a6534caa0ecb"
"MESSAGING-PREMIUM-CARDS.md","document","À archiver","suivi","copie_chantier","Références entrantes: copie historique, original maintenu pour ne pas casser les lecteurs","","bc49621fc306e0c2998ff8d398a2a4c653f9fcb30158f64c45b5a52896a4f0ae","docs/archive/2026-09-13/chantier/MESSAGING-PREMIUM-CARDS.md","bc49621fc306e0c2998ff8d398a2a4c653f9fcb30158f64c45b5a52896a4f0ae","ROOMS-REFERENCE.md","[]","contrats; données publiques/privées; médias; simulation","8e07a1071f13d72f07aa0aacfdf3a6534caa0ecb"
"MESSAGING-WIRING-AUDIT.md","document","À archiver","suivi","copie_chantier","Références entrantes: copie historique, original maintenu pour ne pas casser les lecteurs","","16bbfdd38d40f46626a1a93f3e4681a304103ecf3903508b3366579e1cf4a090","docs/archive/2026-09-13/chantier/MESSAGING-WIRING-AUDIT.md","16bbfdd38d40f46626a1a93f3e4681a304103ecf3903508b3366579e1cf4a090","MESSAGING-PREMIUM-CARDS.md | ROOMS-REFERENCE.md","[]","contrats; données publiques/privées; médias; simulation","8e07a1071f13d72f07aa0aacfdf3a6534caa0ecb"
"PROFILE-SMOKED-GLASS.md","document","À archiver","suivi","deplace_chantier","Document historique autorisé, aucune référence ni lien relatif détecté","","ce9f979bc935fa43fd640ebfcb948b929e6f6dfa280ae776758c759478cf39f4","docs/archive/2026-09-13/chantier/PROFILE-SMOKED-GLASS.md","ce9f979bc935fa43fd640ebfcb948b929e6f6dfa280ae776758c759478cf39f4","","[]","contrats; données publiques/privées; médias; simulation","8e07a1071f13d72f07aa0aacfdf3a6534caa0ecb"
"README.md","document","À remplacer","ignore","copie_reference","Sauvegarde avant remplacement; original actif inchangé","Référencé hors documentation","20885590b84ed06d7a519e72060a04d3785725a985487e04c8bc3679a3997710","docs/archive/2026-09-13/references-remplacees/README.md","20885590b84ed06d7a519e72060a04d3785725a985487e04c8bc3679a3997710","docs/meewav-audio-bridge-autotune-2026.md | src/features/globe/README.md | src/features/globe/guide-alpha/CHECKLIST.md | tests/geospatial/generate-city-iris.test.mjs | tests/rooms/livekit-revocation-scheduler-contract.test.mjs","[]","protection technique ou juridique; intégrité du fichier","8e07a1071f13d72f07aa0aacfdf3a6534caa0ecb"
"ROOMS-DISPLAY-FIX.md","document","À archiver","suivi","copie_chantier","Références entrantes: copie historique, original maintenu pour ne pas casser les lecteurs","","2230dabd9b48fe59dd72ce09ec623d0ff48590020af4cc37923904e15bd7eedc","docs/archive/2026-09-13/chantier/ROOMS-DISPLAY-FIX.md","2230dabd9b48fe59dd72ce09ec623d0ff48590020af4cc37923904e15bd7eedc","ROOMS-REFERENCE.md","[]","règles métier; audio/live; permissions; migrations","8e07a1071f13d72f07aa0aacfdf3a6534caa0ecb"
"ROOMS-REFERENCE.md","document","À archiver","suivi","copie_chantier","Références entrantes: copie historique, original maintenu pour ne pas casser les lecteurs","","a46a9936107730787db841ef29a9430efdfbc6285796b1e2d36a0db6be0260df","docs/archive/2026-09-13/chantier/ROOMS-REFERENCE.md","a46a9936107730787db841ef29a9430efdfbc6285796b1e2d36a0db6be0260df","AGENTS.md","[{""url"":""VERSION-VALIDEE.md"",""target"":""VERSION-VALIDEE.md"",""exists"":true}]","règles métier; audio/live; permissions; migrations","8e07a1071f13d72f07aa0aacfdf3a6534caa0ecb"
"SCENE-WATCH-EXPERIENCE.md","document","À conserver","suivi","laisse_en_place","Vérité technique conservée; aucune réécriture dans la phase 1","","068cea0e5e4cf8a61c4c66eb97dffc247468bf9d68a99761c35e4164bf14c0cc","","","ROOMS-REFERENCE.md","[]","contrats; données publiques/privées; médias; simulation","8e07a1071f13d72f07aa0aacfdf3a6534caa0ecb"
"SCENE-WATCH-MENU.md","document","À archiver","suivi","copie_chantier","Références entrantes: copie historique, original maintenu pour ne pas casser les lecteurs","","510da78ca36f868aa00fa9caed7c56628e9d521cf11274c27b04b24172fa2a04","docs/archive/2026-09-13/chantier/SCENE-WATCH-MENU.md","510da78ca36f868aa00fa9caed7c56628e9d521cf11274c27b04b24172fa2a04","ROOMS-REFERENCE.md","[]","contrats; données publiques/privées; médias; simulation","8e07a1071f13d72f07aa0aacfdf3a6534caa0ecb"
"SWITCH-ROOM.md","document","À conserver","suivi","laisse_en_place","Vérité technique conservée; aucune réécriture dans la phase 1","","ab2b84bb7ebc12d28c0917e15f879b8351a7939d249a207ec23f86bd2e954e1b","","","ROOMS-REFERENCE.md","[]","règles métier; audio/live; permissions; migrations","8e07a1071f13d72f07aa0aacfdf3a6534caa0ecb"
"VERSION-VALIDEE.md","document","À conserver","suivi","laisse_en_place","Vérité technique conservée; aucune réécriture dans la phase 1","","1a3f775c2a6ef2c4298bfd180ad1957266daef5b0787306be5bd0e80f2af2496","","","AGENTS.md | GLOBE-VINYLE-INTEGRATION.md | ROOMS-REFERENCE.md","[]","historique et décisions; périmètre de la version","8e07a1071f13d72f07aa0aacfdf3a6534caa0ecb"
"VIEWER-MIXER.md","document","À conserver","suivi","laisse_en_place","Vérité technique conservée; aucune réécriture dans la phase 1","","06d0bca4b71a4c825a0bae40d995601cce998e76401f665fc150e0568aa25be9","","","ROOMS-REFERENCE.md","[]","règles métier; audio/live; permissions; migrations","8e07a1071f13d72f07aa0aacfdf3a6534caa0ecb"
"agents/master.md","document","À archiver","suivi","copie_chantier","Références entrantes: copie historique, original maintenu pour ne pas casser les lecteurs","","65195303d5ec20e96cf0062b44e1c6d5b6059fafc98ed29268790328d869174f","docs/archive/2026-09-13/chantier/agents/master.md","65195303d5ec20e96cf0062b44e1c6d5b6059fafc98ed29268790328d869174f","GEMINI.md | README.md | docs/opendaw-voice-correction-audit.md","[]","historique et décisions; périmètre de la version","8e07a1071f13d72f07aa0aacfdf3a6534caa0ecb"
"apps/meewav-audio-engine/docs/architecture-decisions.md","document","À conserver","suivi","laisse_en_place","Vérité technique conservée; aucune réécriture dans la phase 1","","bdab550cb3827e5ad576a482fa2ad607ae0e56d8de099d9a03d983062510cac7","","","","[]","architecture; contrats audio; limites du prototype; licences","8e07a1071f13d72f07aa0aacfdf3a6534caa0ecb"
"apps/meewav-audio-engine/docs/framework-decision.md","document","À conserver","suivi","laisse_en_place","Vérité technique conservée; aucune réécriture dans la phase 1","","543d792f228e0a0b0487e60904145260ac17beb1b099a10fb13d46a8edfc43ea","","","docs/ios-audio-engine-audit.md","[]","architecture; contrats audio; limites du prototype; licences","8e07a1071f13d72f07aa0aacfdf3a6534caa0ecb"
"apps/meewav-audio-engine/docs/web-engine-contract.md","document","À conserver","suivi","laisse_en_place","Vérité technique conservée; aucune réécriture dans la phase 1","","82d5fc652280d72f4fb23abb6c73f63d08eda1f8e270c33aaadfbe961aac756b","","","","[]","architecture; contrats audio; limites du prototype; licences","8e07a1071f13d72f07aa0aacfdf3a6534caa0ecb"
"apps/meewav-audio-engine/docs/windows-live-poc.md","document","À archiver","suivi","copie_chantier","Références entrantes: copie historique, original maintenu pour ne pas casser les lecteurs","","5ee38b0313ccac235c9ee23f9a718f9dc3bddc32680865a8cbd1889c4dde1488","docs/archive/2026-09-13/chantier/apps/meewav-audio-engine/docs/windows-live-poc.md","5ee38b0313ccac235c9ee23f9a718f9dc3bddc32680865a8cbd1889c4dde1488","apps/meewav-audio-engine/docs/framework-decision.md | docs/meewav-audio-bridge-autotune-2026.md","[]","architecture; contrats audio; limites du prototype; licences","8e07a1071f13d72f07aa0aacfdf3a6534caa0ecb"
"docs/CAGE-VIEWER-AUDIT.md","document","À archiver","suivi","deplace_chantier","Document historique autorisé, aucune référence ni lien relatif détecté","","e819e3952436e2da09cdbe1446029400e81edb1353ea7b8bb25c8f69688cd5cf","docs/archive/2026-09-13/chantier/docs/CAGE-VIEWER-AUDIT.md","e819e3952436e2da09cdbe1446029400e81edb1353ea7b8bb25c8f69688cd5cf","","[]","règles métier; audio/live; permissions; migrations","8e07a1071f13d72f07aa0aacfdf3a6534caa0ecb"
"docs/GLOBE_WEB_MVT_CHECKPOINT.md","document","À archiver","suivi","deplace_chantier","Document historique autorisé, aucune référence ni lien relatif détecté","","b7e3951bbe7fdb745daa05ab2e9a0550551e2675829df6cf06c3a372e8601d45","docs/archive/2026-09-13/chantier/docs/GLOBE_WEB_MVT_CHECKPOINT.md","b7e3951bbe7fdb745daa05ab2e9a0550551e2675829df6cf06c3a372e8601d45","","[]","architecture; configuration; provenance géographique","8e07a1071f13d72f07aa0aacfdf3a6534caa0ecb"
"docs/MAP_PERFORMANCE_AUDIT.md","document","À archiver","suivi","copie_chantier","Références entrantes: copie historique, original maintenu pour ne pas casser les lecteurs","","561a7df1d561d16b01c53fe74a116741c4a725fbce22dad1632b850777aa5c75","docs/archive/2026-09-13/chantier/docs/MAP_PERFORMANCE_AUDIT.md","561a7df1d561d16b01c53fe74a116741c4a725fbce22dad1632b850777aa5c75","docs/geospatial/current-city-pipeline-audit.md | docs/geospatial/national-geo-pipeline-migration-plan.md","[]","historique et décisions; périmètre de la version","8e07a1071f13d72f07aa0aacfdf3a6534caa0ecb"
"docs/MON_GLOBE_CANONICAL.md","document","À remplacer","suivi","copie_reference","Sauvegarde avant remplacement; original actif inchangé","","56b686de048680e1ee2b146f9673b7ebf5a29059929dca0eafbf813354e6f2e4","docs/archive/2026-09-13/references-remplacees/docs/MON_GLOBE_CANONICAL.md","56b686de048680e1ee2b146f9673b7ebf5a29059929dca0eafbf813354e6f2e4","GEMINI.md | docs/geospatial/current-city-pipeline-audit.md","[]","architecture; configuration; provenance géographique","8e07a1071f13d72f07aa0aacfdf3a6534caa0ecb"
"docs/PLATFORM_STATUS.md","document","À remplacer","suivi","copie_reference","Sauvegarde avant remplacement; original actif inchangé","","b449729db6a6827d2e2b1974ec1932ddbca20575800a0e72c70a108cf6f67902","docs/archive/2026-09-13/references-remplacees/docs/PLATFORM_STATUS.md","b449729db6a6827d2e2b1974ec1932ddbca20575800a0e72c70a108cf6f67902","","[]","historique et décisions; périmètre de la version","8e07a1071f13d72f07aa0aacfdf3a6534caa0ecb"
"docs/VINYL-MATERIAL-AUDIT.md","document","À archiver","suivi","deplace_chantier","Document historique autorisé, aucune référence ni lien relatif détecté","","861cc4f18441944316b1142d06064c1ea102f11e3bfd7e2e98fc64d82b77438c","docs/archive/2026-09-13/chantier/docs/VINYL-MATERIAL-AUDIT.md","861cc4f18441944316b1142d06064c1ea102f11e3bfd7e2e98fc64d82b77438c","","[]","architecture; contrats audio; limites du prototype; licences","8e07a1071f13d72f07aa0aacfdf3a6534caa0ecb"
"docs/VINYL-REFERENCE-COMPARISON.md","document","À archiver","suivi","deplace_chantier","Document historique autorisé, aucune référence ni lien relatif détecté","","5e65a6f4e13558cc3672cd71726ac60ac3b4d8ff05237e72fcde5b8e1f884bc3","docs/archive/2026-09-13/chantier/docs/VINYL-REFERENCE-COMPARISON.md","5e65a6f4e13558cc3672cd71726ac60ac3b4d8ff05237e72fcde5b8e1f884bc3","","[]","architecture; contrats audio; limites du prototype; licences","8e07a1071f13d72f07aa0aacfdf3a6534caa0ecb"
"docs/VINYL-REFINEMENT.md","document","À archiver","suivi","deplace_chantier","Document historique autorisé, aucune référence ni lien relatif détecté","","edef8d9cf815aa850b9da17e22563d8b4b0953ace25583ec9253a5e95e1556e4","docs/archive/2026-09-13/chantier/docs/VINYL-REFINEMENT.md","edef8d9cf815aa850b9da17e22563d8b4b0953ace25583ec9253a5e95e1556e4","","[]","architecture; contrats audio; limites du prototype; licences","8e07a1071f13d72f07aa0aacfdf3a6534caa0ecb"
"docs/VINYL-ROTATION.md","document","À conserver","suivi","laisse_en_place","Vérité technique conservée; aucune réécriture dans la phase 1","","9c091386607ae78d5638a18085dee50c0da107721a3d99d56351edb2cc2a79d2","","","","[]","architecture; contrats audio; limites du prototype; licences","8e07a1071f13d72f07aa0aacfdf3a6534caa0ecb"
"docs/WAVE-VIEWER-AUDIT.md","document","À archiver","suivi","deplace_chantier","Document historique autorisé, aucune référence ni lien relatif détecté","","ea8369a39367155f0c213ca1f041d848ccfcd2be4a35a69e3b7549ed6bf8b1e6","docs/archive/2026-09-13/chantier/docs/WAVE-VIEWER-AUDIT.md","ea8369a39367155f0c213ca1f041d848ccfcd2be4a35a69e3b7549ed6bf8b1e6","","[]","règles métier; audio/live; permissions; migrations","8e07a1071f13d72f07aa0aacfdf3a6534caa0ecb"
"docs/audio-engine-framework-decision.md","document","À archiver","suivi","copie_chantier","Références entrantes: copie historique, original maintenu pour ne pas casser les lecteurs","","a599418c4b4e9890ed30d18851b449a800319f6853a264a52acca903a73e63b7","docs/archive/2026-09-13/chantier/docs/audio-engine-framework-decision.md","a599418c4b4e9890ed30d18851b449a800319f6853a264a52acca903a73e63b7","docs/ios-audio-engine-audit.md","[{""url"":""./audio-engine-plugin-host-strategy.md"",""target"":""docs/audio-engine-plugin-host-strategy.md"",""exists"":true},{""url"":""./ios-audio-engine-audit.md"",""target"":""docs/ios-audio-engine-audit.md"",""exists"":true},{""url"":""./audio-engine-room-bridge-decision.md"",""target"":""docs/audio-engine-room-bridge-decision.md"",""exists"":true},{""url"":""./ios-audio-engine-audit.md"",""target"":""docs/ios-audio-engine-audit.md"",""exists"":true},{""url"":""./audio-engine-room-bridge-decision.md"",""target"":""docs/audio-engine-room-bridge-decision.md"",""exists"":true}]","architecture; contrats audio; limites du prototype; licences","8e07a1071f13d72f07aa0aacfdf3a6534caa0ecb"
"docs/audio-engine-plugin-host-strategy.md","document","À remplacer","suivi","copie_reference","Sauvegarde avant remplacement; original actif inchangé","","e2b44afcdae2dd639113a584c91dad246544ecba870cc6fa76d44586f5bf0a73","docs/archive/2026-09-13/references-remplacees/docs/audio-engine-plugin-host-strategy.md","e2b44afcdae2dd639113a584c91dad246544ecba870cc6fa76d44586f5bf0a73","docs/audio-engine-framework-decision.md","[]","architecture; contrats audio; limites du prototype; licences","8e07a1071f13d72f07aa0aacfdf3a6534caa0ecb"
"docs/audio-engine-room-bridge-decision.md","document","À remplacer","suivi","copie_reference","Sauvegarde avant remplacement; original actif inchangé","","b75545d398d839bd80a0839304328a8b17dc6e6ec68f9c32738146cfca81a909","docs/archive/2026-09-13/references-remplacees/docs/audio-engine-room-bridge-decision.md","b75545d398d839bd80a0839304328a8b17dc6e6ec68f9c32738146cfca81a909","docs/audio-engine-framework-decision.md | docs/ios-audio-engine-audit.md","[{""url"":""../src/features/rooms/place/placeLocalAudioEngine.ts"",""target"":""src/features/rooms/place/placeLocalAudioEngine.ts"",""exists"":true},{""url"":""../src/features/rooms/place/usePlaceLocalAudio.ts"",""target"":""src/features/rooms/place/usePlaceLocalAudio.ts"",""exists"":true},{""url"":""../src/features/rooms/place/PlaceStage.tsx"",""target"":""src/features/rooms/place/PlaceStage.tsx"",""exists"":true},{""url"":""../src/features/rooms/place/place.service.ts"",""target"":""src/features/rooms/place/place.service.ts"",""exists"":true},{""url"":""../supabase/migrations/20260603123000_rooms_mux_broadcast.sql"",""target"":""supabase/migrations/20260603123000_rooms_mux_broadcast.sql"",""exists"":true},{""url"":""../supabase/migrations/20260809124500_rooms_host_guest_gain_v3.sql"",""target"":""supabase/migrations/20260809124500_rooms_host_guest_gain_v3.sql"",""exists"":true}]","architecture; contrats audio; limites du prototype; licences","8e07a1071f13d72f07aa0aacfdf3a6534caa0ecb"
"docs/backend/ARCHITECTURE.md","document","À conserver","suivi","laisse_en_place","Vérité technique conservée; aucune réécriture dans la phase 1","","ac84c57534b0331d8036228e11303416312f1016b29224e792ef563b491dbe9b","","","","[]","sécurité; modèle de données; API; déploiement à attester","8e07a1071f13d72f07aa0aacfdf3a6534caa0ecb"
"docs/backend/ENVIRONMENTS_AND_RELEASES.md","document","À conserver","suivi","laisse_en_place","Vérité technique conservée; aucune réécriture dans la phase 1","","6c9686d31b37bf362bcd563f89bcb32fd86bfdc311bf042d7342ca4d9992f030","","","","[]","sécurité; modèle de données; API; déploiement à attester","8e07a1071f13d72f07aa0aacfdf3a6534caa0ecb"
"docs/backend/IOS_CODER_MASTER_PROMPT.md","document","À archiver","suivi","copie_chantier","Références entrantes: copie historique, original maintenu pour ne pas casser les lecteurs","","3bc800edd74ff0a427b7f5f15031990d1141828f2aa437719f029be9c2a8513d","docs/archive/2026-09-13/chantier/docs/backend/IOS_CODER_MASTER_PROMPT.md","3bc800edd74ff0a427b7f5f15031990d1141828f2aa437719f029be9c2a8513d","docs/backend/PLATFORM_V1_ORCHESTRATION.md","[]","sécurité; modèle de données; API; déploiement à attester","8e07a1071f13d72f07aa0aacfdf3a6534caa0ecb"
"docs/backend/MARKETPLACE_SUPABASE_SPEC.md","document","À conserver","suivi","laisse_en_place","Vérité technique conservée; aucune réécriture dans la phase 1","","6ee405b36c9a6ec7f49bd3b631a36560b38d64bcdcdf388eea57e7dddda77e6f","","","","[]","sécurité; modèle de données; API; déploiement à attester","8e07a1071f13d72f07aa0aacfdf3a6534caa0ecb"
"docs/backend/MESSAGING_SUPABASE_SPEC.md","document","À conserver","suivi","laisse_en_place","Vérité technique conservée; aucune réécriture dans la phase 1","","9c7d6371a1263ec789fc44fe23fc5a15ddfd8612bc783febee44df68d73d7e9e","","","docs/backend/PLATFORM_V1_ORCHESTRATION.md | docs/backend/WIRING_MATRIX.md","[]","sécurité; modèle de données; API; déploiement à attester","8e07a1071f13d72f07aa0aacfdf3a6534caa0ecb"
"docs/backend/PLATFORM_V1_ORCHESTRATION.md","document","À archiver","suivi","deplace_chantier","Document historique autorisé, aucune référence ni lien relatif détecté","","2d3bd47063152ab17eea0d28b18ae68159ebb16c8ba800b359dba179caa38f48","docs/archive/2026-09-13/chantier/docs/backend/PLATFORM_V1_ORCHESTRATION.md","2d3bd47063152ab17eea0d28b18ae68159ebb16c8ba800b359dba179caa38f48","","[]","sécurité; modèle de données; API; déploiement à attester","8e07a1071f13d72f07aa0aacfdf3a6534caa0ecb"
"docs/backend/SECURITY_AND_BACKEND_READINESS.md","document","À archiver","suivi","deplace_chantier","Document historique autorisé, aucune référence ni lien relatif détecté","","1675d7aaef920f964d787d790191069102d99b15255eb699c01fb57854bf2e8b","docs/archive/2026-09-13/chantier/docs/backend/SECURITY_AND_BACKEND_READINESS.md","1675d7aaef920f964d787d790191069102d99b15255eb699c01fb57854bf2e8b","","[]","sécurité; modèle de données; API; déploiement à attester","8e07a1071f13d72f07aa0aacfdf3a6534caa0ecb"
"docs/backend/WAVE_ASSET_PIPELINE_V4.md","document","À conserver","suivi","laisse_en_place","Vérité technique conservée; aucune réécriture dans la phase 1","","204f6f17e4818768b36ba1128350455410a42eaa4195bd835037efe44e46c580","","","docs/rooms/WAVE_PRODUCTION_V2.md","[]","sécurité; modèle de données; API; déploiement à attester","8e07a1071f13d72f07aa0aacfdf3a6534caa0ecb"
"docs/backend/WIRING_MATRIX.md","document","À remplacer","suivi","copie_reference","Sauvegarde avant remplacement; original actif inchangé","","45f6543f4fa84ea4f23f37af0d275df979969c4c9d2328e798c1511e9b2eb1c4","docs/archive/2026-09-13/references-remplacees/docs/backend/WIRING_MATRIX.md","45f6543f4fa84ea4f23f37af0d275df979969c4c9d2328e798c1511e9b2eb1c4","","[{""url"":""./MESSAGING_SUPABASE_SPEC.md"",""target"":""docs/backend/MESSAGING_SUPABASE_SPEC.md"",""exists"":true}]","sécurité; modèle de données; API; déploiement à attester","8e07a1071f13d72f07aa0aacfdf3a6534caa0ecb"
"docs/classe-preview.md","document","À archiver","suivi","deplace_chantier","Document historique autorisé, aucune référence ni lien relatif détecté","","73ede0845c8c51c0a18fff6478a6893b00044df70919a765e6555955b858a36e","docs/archive/2026-09-13/chantier/docs/classe-preview.md","73ede0845c8c51c0a18fff6478a6893b00044df70919a765e6555955b858a36e","","[]","historique et décisions; périmètre de la version","8e07a1071f13d72f07aa0aacfdf3a6534caa0ecb"
"docs/cross-feature-wiring-audit.md","document","À archiver","suivi","deplace_chantier","Document historique autorisé, aucune référence ni lien relatif détecté","","4a397cc73ac7a00589705e7dc5f73f565b0a8875dadfaaab5b862a4a673ff548","docs/archive/2026-09-13/chantier/docs/cross-feature-wiring-audit.md","4a397cc73ac7a00589705e7dc5f73f565b0a8875dadfaaab5b862a4a673ff548","","[]","historique et décisions; périmètre de la version","8e07a1071f13d72f07aa0aacfdf3a6534caa0ecb"
"docs/geospatial/acceptance-report.md","document","À archiver","suivi","laisse_en_place","Rapport géographique susceptible de porter sources et transformations: provenance conservée","Rapport géographique susceptible de porter sources et transformations: provenance conservée","dc74ec4379d5e80fec4510b207f43b87ad5db283deae5736c1892191de49f810","","","","[{""url"":""visual-regression/paris-pr6-legacy.jpg"",""target"":""docs/geospatial/visual-regression/paris-pr6-legacy.jpg"",""exists"":true},{""url"":""visual-regression/paris-pr6-national.jpg"",""target"":""docs/geospatial/visual-regression/paris-pr6-national.jpg"",""exists"":true},{""url"":""visual-regression/paris-pr6-diff-x6.jpg"",""target"":""docs/geospatial/visual-regression/paris-pr6-diff-x6.jpg"",""exists"":true},{""url"":""visual-regression/paris-pr6-commune-legacy.jpg"",""target"":""docs/geospatial/visual-regression/paris-pr6-commune-legacy.jpg"",""exists"":true},{""url"":""visual-regression/paris-pr6-commune-national.jpg"",""target"":""docs/geospatial/visual-regression/paris-pr6-commune-national.jpg"",""exists"":true},{""url"":""visual-regression/existing-cities-pr7-legacy.jpg"",""target"":""docs/geospatial/visual-regression/existing-cities-pr7-legacy.jpg"",""exists"":true},{""url"":""visual-regression/existing-cities-pr7-national.jpg"",""target"":""docs/geospatial/visual-regression/existing-cities-pr7-national.jpg"",""exists"":true},{""url"":""visual-regression/trappes-pr7-legacy.jpg"",""target"":""docs/geospatial/visual-regression/trappes-pr7-legacy.jpg"",""exists"":true},{""url"":""visual-regression/trappes-pr7-national.jpg"",""target"":""docs/geospatial/visual-regression/trappes-pr7-national.jpg"",""exists"":true},{""url"":""visual-regression/generic-buildings-pr10.jpg"",""target"":""docs/geospatial/visual-regression/generic-buildings-pr10.jpg"",""exists"":false},{""url"":""visual-regression/national-search-suggestion-pr10b.jpg"",""target"":""docs/geospatial/visual-regression/national-search-suggestion-pr10b.jpg"",""exists"":true},{""url"":""visual-regression/national-search-trappes-pr10b.jpg"",""target"":""docs/geospatial/visual-regression/national-search-trappes-pr10b.jpg"",""exists"":true},{""url"":""rollback.md"",""target"":""docs/geospatial/rollback.md"",""exists"":true}]","architecture; configuration; provenance géographique","8e07a1071f13d72f07aa0aacfdf3a6534caa0ecb"
"docs/geospatial/curation-tool.md","document","À archiver","suivi","laisse_en_place","Rapport géographique susceptible de porter sources et transformations: provenance conservée","Rapport géographique susceptible de porter sources et transformations: provenance conservée","cf79dc5a76555de4659f4ba101e4b9a711971f75c842e4306bec10dd946baa98","","","","[]","architecture; configuration; provenance géographique","8e07a1071f13d72f07aa0aacfdf3a6534caa0ecb"
"docs/geospatial/current-city-pipeline-audit.md","document","À remplacer","suivi","copie_reference","Sauvegarde avant remplacement; original actif inchangé","","d1401a48a503dfe21dadba49eec883e442028a230934867ae2bafcaafe19e18c","docs/archive/2026-09-13/references-remplacees/docs/geospatial/current-city-pipeline-audit.md","d1401a48a503dfe21dadba49eec883e442028a230934867ae2bafcaafe19e18c","","[]","architecture; configuration; provenance géographique","8e07a1071f13d72f07aa0aacfdf3a6534caa0ecb"
"docs/geospatial/existing-cities-validation.md","document","À archiver","suivi","laisse_en_place","Rapport géographique susceptible de porter sources et transformations: provenance conservée","Rapport géographique susceptible de porter sources et transformations: provenance conservée","175a3bc51021de0b8ed88fa64195dbcc1b11adcc2f8b81ff68160dde569b5f1a","","","","[{""url"":""visual-regression/existing-cities-pr7-legacy.jpg"",""target"":""docs/geospatial/visual-regression/existing-cities-pr7-legacy.jpg"",""exists"":true},{""url"":""visual-regression/existing-cities-pr7-national.jpg"",""target"":""docs/geospatial/visual-regression/existing-cities-pr7-national.jpg"",""exists"":true},{""url"":""visual-regression/existing-cities-pr7-diff-x6.jpg"",""target"":""docs/geospatial/visual-regression/existing-cities-pr7-diff-x6.jpg"",""exists"":true},{""url"":""visual-regression/trappes-pr7-legacy.jpg"",""target"":""docs/geospatial/visual-regression/trappes-pr7-legacy.jpg"",""exists"":true},{""url"":""visual-regression/trappes-pr7-national.jpg"",""target"":""docs/geospatial/visual-regression/trappes-pr7-national.jpg"",""exists"":true},{""url"":""visual-regression/trappes-pr7-diff-x6.jpg"",""target"":""docs/geospatial/visual-regression/trappes-pr7-diff-x6.jpg"",""exists"":true}]","architecture; configuration; provenance géographique","8e07a1071f13d72f07aa0aacfdf3a6534caa0ecb"
"docs/geospatial/france-semantic-recovery.md","document","À archiver","suivi","laisse_en_place","Rapport géographique susceptible de porter sources et transformations: provenance conservée","Rapport géographique susceptible de porter sources et transformations: provenance conservée","e2087879826296b98f4a779eb161a9570c9e649dda07292f1d2d12a765781f35","","","geo/catalog/france-city-curation.json | geo/work/france-wave-6-curation-b.json | geo/work/france-wave-7-curation-a.json","[]","architecture; configuration; provenance géographique","8e07a1071f13d72f07aa0aacfdf3a6534caa0ecb"
"docs/geospatial/france-single-plate-national.md","document","À archiver","suivi","laisse_en_place","Rapport géographique susceptible de porter sources et transformations: provenance conservée","Rapport géographique susceptible de porter sources et transformations: provenance conservée","768c9da2f084ccbcf53fa03afe51a171574829546a578d129edfd8e927c054b1","","","","[]","architecture; configuration; provenance géographique","8e07a1071f13d72f07aa0aacfdf3a6534caa0ecb"
"docs/geospatial/france-wave-1.md","document","À archiver","suivi","laisse_en_place","Rapport géographique susceptible de porter sources et transformations: provenance conservée","Rapport géographique susceptible de porter sources et transformations: provenance conservée","a7201d1157de03ac9ad428ed362ce3519b0b7f1952fa40d56d599f7555a8cb8c","","","","[]","architecture; configuration; provenance géographique","8e07a1071f13d72f07aa0aacfdf3a6534caa0ecb"
"docs/geospatial/france-wave-2.md","document","À archiver","suivi","laisse_en_place","Rapport géographique susceptible de porter sources et transformations: provenance conservée","Rapport géographique susceptible de porter sources et transformations: provenance conservée","165dfa6b423f492c8b539ae86d14f924f3832ffbd0aac0e6c308c589532c8b46","","","","[]","architecture; configuration; provenance géographique","8e07a1071f13d72f07aa0aacfdf3a6534caa0ecb"
"docs/geospatial/france-wave-3.md","document","À archiver","suivi","laisse_en_place","Rapport géographique susceptible de porter sources et transformations: provenance conservée","Rapport géographique susceptible de porter sources et transformations: provenance conservée","8d6f0b76d430f93bcdddcb3f5949e7cdac3e77353b718396d36c0af6797bbf3c","","","","[]","architecture; configuration; provenance géographique","8e07a1071f13d72f07aa0aacfdf3a6534caa0ecb"
"docs/geospatial/france-wave-4.md","document","À archiver","suivi","laisse_en_place","Rapport géographique susceptible de porter sources et transformations: provenance conservée","Rapport géographique susceptible de porter sources et transformations: provenance conservée","fb28322354391a4d7ba8b4fb023ca2f81ea47a193ef87aaa1805624a6b2b222c","","","","[]","architecture; configuration; provenance géographique","8e07a1071f13d72f07aa0aacfdf3a6534caa0ecb"
"docs/geospatial/france-wave-5.md","document","À archiver","suivi","laisse_en_place","Rapport géographique susceptible de porter sources et transformations: provenance conservée","Rapport géographique susceptible de porter sources et transformations: provenance conservée","474caaff3b331add52374afcca6bf582aeac7e4293bdda1337ea434f0973ca88","","","","[]","architecture; configuration; provenance géographique","8e07a1071f13d72f07aa0aacfdf3a6534caa0ecb"
"docs/geospatial/france-wave-6.md","document","À archiver","suivi","laisse_en_place","Rapport géographique susceptible de porter sources et transformations: provenance conservée","Rapport géographique susceptible de porter sources et transformations: provenance conservée","5a7339518ce08385cb330d2f7429f2b0a0c67d9a15711100124cf4c717c1ba3a","","","","[]","architecture; configuration; provenance géographique","8e07a1071f13d72f07aa0aacfdf3a6534caa0ecb"
"docs/geospatial/france-wave-7.md","document","À archiver","suivi","laisse_en_place","Rapport géographique susceptible de porter sources et transformations: provenance conservée","Rapport géographique susceptible de porter sources et transformations: provenance conservée","c0bbd90a13dfead5566e3514c65e887dde02492ea34af6b2522e439adc5b82ab","","","","[]","architecture; configuration; provenance géographique","8e07a1071f13d72f07aa0aacfdf3a6534caa0ecb"
"docs/geospatial/france-wave-8.md","document","À archiver","suivi","laisse_en_place","Rapport géographique susceptible de porter sources et transformations: provenance conservée","Rapport géographique susceptible de porter sources et transformations: provenance conservée","a9746f33e15bc029a43cf32c9d907e17b08dfd63458c515b17b88ac47f65977b","","","","[]","architecture; configuration; provenance géographique","8e07a1071f13d72f07aa0aacfdf3a6534caa0ecb"
"docs/geospatial/france-wave-9.md","document","À archiver","suivi","laisse_en_place","Rapport géographique susceptible de porter sources et transformations: provenance conservée","Rapport géographique susceptible de porter sources et transformations: provenance conservée","e90989075ee624666d1b0a2cf1260baa41b746fe8acc5abde3d1e8b97fc787c6","","","","[{""url"":""../../geo/work/france-wave-9-completeness-audit.json"",""target"":""geo/work/france-wave-9-completeness-audit.json"",""exists"":true}]","architecture; configuration; provenance géographique","8e07a1071f13d72f07aa0aacfdf3a6534caa0ecb"
"docs/geospatial/generic-zones-tileset.md","document","À archiver","suivi","laisse_en_place","Rapport géographique susceptible de porter sources et transformations: provenance conservée","Rapport géographique susceptible de porter sources et transformations: provenance conservée","437ac6540e78aa7a08ab9cb60ffdeeca057d4cefa1c85a634ea3f709fc4858b0","","","","[]","architecture; configuration; provenance géographique","8e07a1071f13d72f07aa0aacfdf3a6534caa0ecb"
"docs/geospatial/geography-api-and-search.md","document","À archiver","suivi","laisse_en_place","Rapport géographique susceptible de porter sources et transformations: provenance conservée","Rapport géographique susceptible de porter sources et transformations: provenance conservée","8eff024a1d05a17b1d45c8f7e58ccde300b93028994cd10a341aad704ab005ad","","","","[]","architecture; configuration; provenance géographique","8e07a1071f13d72f07aa0aacfdf3a6534caa0ecb"
"docs/geospatial/hidden-globe-rewards.md","document","À archiver","suivi","laisse_en_place","Rapport géographique susceptible de porter sources et transformations: provenance conservée","Rapport géographique susceptible de porter sources et transformations: provenance conservée","c1c6092c146f7d2ceeda0420b3d4e98d41bc61e338e084538446ae31ea92b3cc","","","","[]","architecture; configuration; provenance géographique","8e07a1071f13d72f07aa0aacfdf3a6534caa0ecb"
"docs/geospatial/human-zone-label-audit.md","document","À archiver","suivi","laisse_en_place","Rapport géographique susceptible de porter sources et transformations: provenance conservée","Rapport géographique susceptible de porter sources et transformations: provenance conservée","51f7b82221b6359bcc9bb25582f0d28f2294bf1f2dcc553070cc3c7a1ecd78e9","","","","[]","architecture; configuration; provenance géographique","8e07a1071f13d72f07aa0aacfdf3a6534caa0ecb"
"docs/geospatial/migrations/README.md","document","À archiver","suivi","laisse_en_place","Rapport géographique susceptible de porter sources et transformations: provenance conservée","Rapport géographique susceptible de porter sources et transformations: provenance conservée","1685e3abb849e1a8687b4de8a155c351969ba096d3fb7d8bfbe3fbfc8b9ab557","","","","[]","architecture; configuration; provenance géographique","8e07a1071f13d72f07aa0aacfdf3a6534caa0ecb"
"docs/geospatial/migrations/aix_en_provence.md","document","À archiver","suivi","laisse_en_place","Rapport géographique susceptible de porter sources et transformations: provenance conservée","Rapport géographique susceptible de porter sources et transformations: provenance conservée","d9f386ea7b0194d72f244d6a2a59c6307b7ad052da662c988b2d1bfee137e5ff","","","","[]","architecture; configuration; provenance géographique","8e07a1071f13d72f07aa0aacfdf3a6534caa0ecb"
"docs/geospatial/migrations/ajaccio.md","document","À archiver","suivi","laisse_en_place","Rapport géographique susceptible de porter sources et transformations: provenance conservée","Rapport géographique susceptible de porter sources et transformations: provenance conservée","a33f50e6f3475d7bfc896db466153484b084217bb9ce73cb4dc80aaf796af6c8","","","","[]","architecture; configuration; provenance géographique","8e07a1071f13d72f07aa0aacfdf3a6534caa0ecb"
"docs/geospatial/migrations/albi.md","document","À archiver","suivi","laisse_en_place","Rapport géographique susceptible de porter sources et transformations: provenance conservée","Rapport géographique susceptible de porter sources et transformations: provenance conservée","100e0694b1e5ec232331b92e10952cc102ca04402f1451f3c16cdb980af9d580","","","","[]","architecture; configuration; provenance géographique","8e07a1071f13d72f07aa0aacfdf3a6534caa0ecb"
"docs/geospatial/migrations/ales.md","document","À archiver","suivi","laisse_en_place","Rapport géographique susceptible de porter sources et transformations: provenance conservée","Rapport géographique susceptible de porter sources et transformations: provenance conservée","f7b77584375933d7582d3771a6c3db4472da0c39ce31ced567d2807f801a7ca9","","","","[]","architecture; configuration; provenance géographique","8e07a1071f13d72f07aa0aacfdf3a6534caa0ecb"
"docs/geospatial/migrations/all.md","document","À archiver","suivi","laisse_en_place","Rapport géographique susceptible de porter sources et transformations: provenance conservée","Rapport géographique susceptible de porter sources et transformations: provenance conservée","9ccfa2612b02976dbb941f3545792bdcfa068affdde15256b149c9027cd6cd80","","","geo/work/france-wave-7-fly-audit-a.json | geo/work/france-wave-7-fly-audit-c.json","[]","architecture; configuration; provenance géographique","8e07a1071f13d72f07aa0aacfdf3a6534caa0ecb"
"docs/geospatial/migrations/amiens.md","document","À archiver","suivi","laisse_en_place","Rapport géographique susceptible de porter sources et transformations: provenance conservée","Rapport géographique susceptible de porter sources et transformations: provenance conservée","fd301c5db7a9e0a4c0a09fb8db491bf4c9b362c9703adcf6b7342539497c8b29","","","","[]","architecture; configuration; provenance géographique","8e07a1071f13d72f07aa0aacfdf3a6534caa0ecb"
"docs/geospatial/migrations/angers.md","document","À archiver","suivi","laisse_en_place","Rapport géographique susceptible de porter sources et transformations: provenance conservée","Rapport géographique susceptible de porter sources et transformations: provenance conservée","31da11ab87b46bc81e7c3750efc5078d65b6c3e8d793ae1242327c9134a8efa2","","","","[]","architecture; configuration; provenance géographique","8e07a1071f13d72f07aa0aacfdf3a6534caa0ecb"
"docs/geospatial/migrations/angouleme.md","document","À archiver","suivi","laisse_en_place","Rapport géographique susceptible de porter sources et transformations: provenance conservée","Rapport géographique susceptible de porter sources et transformations: provenance conservée","69a64b8b5c471bc1458cf445fd2a94d9bccec079099ca6eb4d79f95a5c89381b","","","","[]","architecture; configuration; provenance géographique","8e07a1071f13d72f07aa0aacfdf3a6534caa0ecb"
"docs/geospatial/migrations/annecy.md","document","À archiver","suivi","laisse_en_place","Rapport géographique susceptible de porter sources et transformations: provenance conservée","Rapport géographique susceptible de porter sources et transformations: provenance conservée","8469d0743842306eaa57706fa65bc09a58e38799d137d95fd5e12a6eff44e517","","","","[]","architecture; configuration; provenance géographique","8e07a1071f13d72f07aa0aacfdf3a6534caa0ecb"
"docs/geospatial/migrations/annemasse.md","document","À archiver","suivi","laisse_en_place","Rapport géographique susceptible de porter sources et transformations: provenance conservée","Rapport géographique susceptible de porter sources et transformations: provenance conservée","de9f7dfbbd6ece8e22b33790baf27956c99d3987f1babb940758a9f577d31fda","","","","[]","architecture; configuration; provenance géographique","8e07a1071f13d72f07aa0aacfdf3a6534caa0ecb"
"docs/geospatial/migrations/antibes.md","document","À archiver","suivi","laisse_en_place","Rapport géographique susceptible de porter sources et transformations: provenance conservée","Rapport géographique susceptible de porter sources et transformations: provenance conservée","3f16353ef6cf7c3a9bb2547ccece52b021baa7da23ea3330605b8db2a3169578","","","","[]","architecture; configuration; provenance géographique","8e07a1071f13d72f07aa0aacfdf3a6534caa0ecb"
"docs/geospatial/migrations/arles.md","document","À archiver","suivi","laisse_en_place","Rapport géographique susceptible de porter sources et transformations: provenance conservée","Rapport géographique susceptible de porter sources et transformations: provenance conservée","f7d1f7bf4a290fdc4fc0ecdd8653f7c8babd9f58bfffe651b6a5b33d3f8beb46","","","","[]","architecture; configuration; provenance géographique","8e07a1071f13d72f07aa0aacfdf3a6534caa0ecb"
"docs/geospatial/migrations/arras.md","document","À archiver","suivi","laisse_en_place","Rapport géographique susceptible de porter sources et transformations: provenance conservée","Rapport géographique susceptible de porter sources et transformations: provenance conservée","10fcc88de3ca396562012ac6474c6db1291d5e296122bcac69061fd58b98adbc","","","","[]","architecture; configuration; provenance géographique","8e07a1071f13d72f07aa0aacfdf3a6534caa0ecb"
"docs/geospatial/migrations/aubagne.md","document","À archiver","suivi","laisse_en_place","Rapport géographique susceptible de porter sources et transformations: provenance conservée","Rapport géographique susceptible de porter sources et transformations: provenance conservée","b58cdfa2fd60ad2be79b9406d71abf01e29ff29b631b68b3c5838a8c2adfa252","","","","[]","architecture; configuration; provenance géographique","8e07a1071f13d72f07aa0aacfdf3a6534caa0ecb"
"docs/geospatial/migrations/avignon.md","document","À archiver","suivi","laisse_en_place","Rapport géographique susceptible de porter sources et transformations: provenance conservée","Rapport géographique susceptible de porter sources et transformations: provenance conservée","e433ccb8b87a81318cbac9f9ebafc18c35ab6a8f7570cebac5fb3e523dc24c34","","","","[]","architecture; configuration; provenance géographique","8e07a1071f13d72f07aa0aacfdf3a6534caa0ecb"
"docs/geospatial/migrations/bastia.md","document","À archiver","suivi","laisse_en_place","Rapport géographique susceptible de porter sources et transformations: provenance conservée","Rapport géographique susceptible de porter sources et transformations: provenance conservée","610f87a8aa78af093977a02329a6d553718239c5f72f9a56f8f9154118c607e5","","","","[]","architecture; configuration; provenance géographique","8e07a1071f13d72f07aa0aacfdf3a6534caa0ecb"
"docs/geospatial/migrations/bayonne.md","document","À archiver","suivi","laisse_en_place","Rapport géographique susceptible de porter sources et transformations: provenance conservée","Rapport géographique susceptible de porter sources et transformations: provenance conservée","6c9f898b0e26789e66cca78118c92154e927caba679faf33c2e5f9f6755f88dd","","","","[]","architecture; configuration; provenance géographique","8e07a1071f13d72f07aa0aacfdf3a6534caa0ecb"
"docs/geospatial/migrations/beauvais.md","document","À archiver","suivi","laisse_en_place","Rapport géographique susceptible de porter sources et transformations: provenance conservée","Rapport géographique susceptible de porter sources et transformations: provenance conservée","3ea25039bece1ce14bd954290c7e2cff1ff44c076f965e8f39da3e204fd9f918","","","","[]","architecture; configuration; provenance géographique","8e07a1071f13d72f07aa0aacfdf3a6534caa0ecb"
"docs/geospatial/migrations/belfort.md","document","À archiver","suivi","laisse_en_place","Rapport géographique susceptible de porter sources et transformations: provenance conservée","Rapport géographique susceptible de porter sources et transformations: provenance conservée","01cb16ae9c2e3b4d31c2448e8d46493a2fd1c7c24c34f10b01fe838ef550225f","","","","[]","architecture; configuration; provenance géographique","8e07a1071f13d72f07aa0aacfdf3a6534caa0ecb"
"docs/geospatial/migrations/besancon.md","document","À archiver","suivi","laisse_en_place","Rapport géographique susceptible de porter sources et transformations: provenance conservée","Rapport géographique susceptible de porter sources et transformations: provenance conservée","89cfd239ef32228833be95f6d6a878d7632753aaf1dde2487cbbfe2b6bd7fa38","","","","[]","architecture; configuration; provenance géographique","8e07a1071f13d72f07aa0aacfdf3a6534caa0ecb"
"docs/geospatial/migrations/beziers.md","document","À archiver","suivi","laisse_en_place","Rapport géographique susceptible de porter sources et transformations: provenance conservée","Rapport géographique susceptible de porter sources et transformations: provenance conservée","6c013c4a9474c42708241782c5441bbed8de8cf5293385dbfe5a7691b27b1a59","","","","[]","architecture; configuration; provenance géographique","8e07a1071f13d72f07aa0aacfdf3a6534caa0ecb"
"docs/geospatial/migrations/blois.md","document","À archiver","suivi","laisse_en_place","Rapport géographique susceptible de porter sources et transformations: provenance conservée","Rapport géographique susceptible de porter sources et transformations: provenance conservée","52dcc90950d22acdc3b9911ed7e6ceeb044f5b88c6deee8f4ac3b12a3b7f62ea","","","","[]","architecture; configuration; provenance géographique","8e07a1071f13d72f07aa0aacfdf3a6534caa0ecb"
"docs/geospatial/migrations/bordeaux.md","document","À archiver","suivi","laisse_en_place","Rapport géographique susceptible de porter sources et transformations: provenance conservée","Rapport géographique susceptible de porter sources et transformations: provenance conservée","e836e055d368c07b7e01bc9adb5552c7a93650e6e3d53df26858063684818696","","","","[]","architecture; configuration; provenance géographique","8e07a1071f13d72f07aa0aacfdf3a6534caa0ecb"
"docs/geospatial/migrations/bourg_en_bresse.md","document","À archiver","suivi","laisse_en_place","Rapport géographique susceptible de porter sources et transformations: provenance conservée","Rapport géographique susceptible de porter sources et transformations: provenance conservée","b81685c7cbb8fc52a316c92cc550d71f0568a2b8fc4a465c69454da12c4023fa","","","","[]","architecture; configuration; provenance géographique","8e07a1071f13d72f07aa0aacfdf3a6534caa0ecb"
"docs/geospatial/migrations/bourges.md","document","À archiver","suivi","laisse_en_place","Rapport géographique susceptible de porter sources et transformations: provenance conservée","Rapport géographique susceptible de porter sources et transformations: provenance conservée","48a287135a04ff1813f674dbbc2529dd9e4b3dc11028bcbadc5826e74e64b7b6","","","","[]","architecture; configuration; provenance géographique","8e07a1071f13d72f07aa0aacfdf3a6534caa0ecb"
"docs/geospatial/migrations/brest.md","document","À archiver","suivi","laisse_en_place","Rapport géographique susceptible de porter sources et transformations: provenance conservée","Rapport géographique susceptible de porter sources et transformations: provenance conservée","197538cc3cf6a5ea6388b725b83716aaa34f3c558aa3a60455eeb9808e08da2b","","","","[]","architecture; configuration; provenance géographique","8e07a1071f13d72f07aa0aacfdf3a6534caa0ecb"
"docs/geospatial/migrations/brive_la_gaillarde.md","document","À archiver","suivi","laisse_en_place","Rapport géographique susceptible de porter sources et transformations: provenance conservée","Rapport géographique susceptible de porter sources et transformations: provenance conservée","62f71295243c6c803303bbd0b7e005e02fb987d43d9cdeec2940ea08d957d8a5","","","","[]","architecture; configuration; provenance géographique","8e07a1071f13d72f07aa0aacfdf3a6534caa0ecb"
"docs/geospatial/migrations/caen.md","document","À archiver","suivi","laisse_en_place","Rapport géographique susceptible de porter sources et transformations: provenance conservée","Rapport géographique susceptible de porter sources et transformations: provenance conservée","7ad7301595cc80c601025d7ca2bbdc16629cfbefd429636ca17e720fc8564c5d","","","","[]","architecture; configuration; provenance géographique","8e07a1071f13d72f07aa0aacfdf3a6534caa0ecb"
"docs/geospatial/migrations/cagnes_sur_mer.md","document","À archiver","suivi","laisse_en_place","Rapport géographique susceptible de porter sources et transformations: provenance conservée","Rapport géographique susceptible de porter sources et transformations: provenance conservée","86e9552a7e064a8b853f2b7b20be68de14ce531b60ef8afafd17a41f7d56e639","","","","[]","architecture; configuration; provenance géographique","8e07a1071f13d72f07aa0aacfdf3a6534caa0ecb"
"docs/geospatial/migrations/calais.md","document","À archiver","suivi","laisse_en_place","Rapport géographique susceptible de porter sources et transformations: provenance conservée","Rapport géographique susceptible de porter sources et transformations: provenance conservée","0d1d22c81aba8f4f64b2fe2cdae14073a749307c982184ea461a926f493c8e44","","","","[]","architecture; configuration; provenance géographique","8e07a1071f13d72f07aa0aacfdf3a6534caa0ecb"
"docs/geospatial/migrations/cannes.md","document","À archiver","suivi","laisse_en_place","Rapport géographique susceptible de porter sources et transformations: provenance conservée","Rapport géographique susceptible de porter sources et transformations: provenance conservée","b6767f94447a68f889e6c9f1d21262bd552f53c391cdd250f0b5738f4a12c55a","","","","[]","architecture; configuration; provenance géographique","8e07a1071f13d72f07aa0aacfdf3a6534caa0ecb"
"docs/geospatial/migrations/carcassonne.md","document","À archiver","suivi","laisse_en_place","Rapport géographique susceptible de porter sources et transformations: provenance conservée","Rapport géographique susceptible de porter sources et transformations: provenance conservée","2f317a5678a8000256ce6c1f0aadeb572744bf6bcd9618316c0e5292a4f0cda5","","","","[]","architecture; configuration; provenance géographique","8e07a1071f13d72f07aa0aacfdf3a6534caa0ecb"
"docs/geospatial/migrations/castres.md","document","À archiver","suivi","laisse_en_place","Rapport géographique susceptible de porter sources et transformations: provenance conservée","Rapport géographique susceptible de porter sources et transformations: provenance conservée","4cffaae3fd1fa304a7d790b646d2ca6d71ffeccfaea360a957c520aa12f901a5","","","","[]","architecture; configuration; provenance géographique","8e07a1071f13d72f07aa0aacfdf3a6534caa0ecb"
"docs/geospatial/migrations/chalon_sur_saone.md","document","À archiver","suivi","laisse_en_place","Rapport géographique susceptible de porter sources et transformations: provenance conservée","Rapport géographique susceptible de porter sources et transformations: provenance conservée","ae2995b7fb354cfcb7112b3739c9486bc9c2da7734cb3d5fdf29c4943fd19ede","","","","[]","architecture; configuration; provenance géographique","8e07a1071f13d72f07aa0aacfdf3a6534caa0ecb"
"docs/geospatial/migrations/chalons_en_champagne.md","document","À archiver","suivi","laisse_en_place","Rapport géographique susceptible de porter sources et transformations: provenance conservée","Rapport géographique susceptible de porter sources et transformations: provenance conservée","0388105375c1c93f8bb520aae4c690c6993f13229f7be065bab1d853ad8ddba7","","","","[]","architecture; configuration; provenance géographique","8e07a1071f13d72f07aa0aacfdf3a6534caa0ecb"
"docs/geospatial/migrations/chambery.md","document","À archiver","suivi","laisse_en_place","Rapport géographique susceptible de porter sources et transformations: provenance conservée","Rapport géographique susceptible de porter sources et transformations: provenance conservée","5a30accdcb1ae12213a4bdf25ec65bee00489b6e8098d46229e914e3a8eb1db0","","","","[]","architecture; configuration; provenance géographique","8e07a1071f13d72f07aa0aacfdf3a6534caa0ecb"
"docs/geospatial/migrations/charleville_mezieres.md","document","À archiver","suivi","laisse_en_place","Rapport géographique susceptible de porter sources et transformations: provenance conservée","Rapport géographique susceptible de porter sources et transformations: provenance conservée","b737c3dd55ad0da97797f6d9a4ab55e2c3b6d42766882d04b25f8134e9fb0932","","","","[]","architecture; configuration; provenance géographique","8e07a1071f13d72f07aa0aacfdf3a6534caa0ecb"
"docs/geospatial/migrations/chartres.md","document","À archiver","suivi","laisse_en_place","Rapport géographique susceptible de porter sources et transformations: provenance conservée","Rapport géographique susceptible de porter sources et transformations: provenance conservée","64cad5866a2cf60b450e286a138fff72b00ca2bd28e94bcdc69f000227f6b699","","","","[]","architecture; configuration; provenance géographique","8e07a1071f13d72f07aa0aacfdf3a6534caa0ecb"
"docs/geospatial/migrations/chateauroux.md","document","À archiver","suivi","laisse_en_place","Rapport géographique susceptible de porter sources et transformations: provenance conservée","Rapport géographique susceptible de porter sources et transformations: provenance conservée","904c8ae7572faee8972d331215a70914767d874f63cca9b8e0db17e9681971e1","","","","[]","architecture; configuration; provenance géographique","8e07a1071f13d72f07aa0aacfdf3a6534caa0ecb"
"docs/geospatial/migrations/cherbourg_en_cotentin.md","document","À archiver","suivi","laisse_en_place","Rapport géographique susceptible de porter sources et transformations: provenance conservée","Rapport géographique susceptible de porter sources et transformations: provenance conservée","e28bb24e4d4b68484c381452dd39c3a76ef7020acc9bbfe10fa7ff00a8a612ea","","","","[]","architecture; configuration; provenance géographique","8e07a1071f13d72f07aa0aacfdf3a6534caa0ecb"
"docs/geospatial/migrations/cholet.md","document","À archiver","suivi","laisse_en_place","Rapport géographique susceptible de porter sources et transformations: provenance conservée","Rapport géographique susceptible de porter sources et transformations: provenance conservée","ab276315cbb3c4e216098eaf1a5870957a084f54a43f90f7bce67daeccd8f803","","","","[]","architecture; configuration; provenance géographique","8e07a1071f13d72f07aa0aacfdf3a6534caa0ecb"
"docs/geospatial/migrations/clermont_ferrand.md","document","À archiver","suivi","laisse_en_place","Rapport géographique susceptible de porter sources et transformations: provenance conservée","Rapport géographique susceptible de porter sources et transformations: provenance conservée","897cf9c3c183ab033a373519d8e821888fc6b429c82aa521e6e2923e896aab83","","","","[]","architecture; configuration; provenance géographique","8e07a1071f13d72f07aa0aacfdf3a6534caa0ecb"
"docs/geospatial/migrations/colmar.md","document","À archiver","suivi","laisse_en_place","Rapport géographique susceptible de porter sources et transformations: provenance conservée","Rapport géographique susceptible de porter sources et transformations: provenance conservée","113ea0f0886d348b10d3d609e6fa62d92c3fdc5d79ddc07d15efbd0fff45ab96","","","","[]","architecture; configuration; provenance géographique","8e07a1071f13d72f07aa0aacfdf3a6534caa0ecb"
"docs/geospatial/migrations/compiegne.md","document","À archiver","suivi","laisse_en_place","Rapport géographique susceptible de porter sources et transformations: provenance conservée","Rapport géographique susceptible de porter sources et transformations: provenance conservée","f639c3b6d6efd8f9faea045a392aea4433377f4c7d6fa074eb91e15f00219944","","","","[]","architecture; configuration; provenance géographique","8e07a1071f13d72f07aa0aacfdf3a6534caa0ecb"
"docs/geospatial/migrations/creil.md","document","À archiver","suivi","laisse_en_place","Rapport géographique susceptible de porter sources et transformations: provenance conservée","Rapport géographique susceptible de porter sources et transformations: provenance conservée","4a175715c033d8ff75d036e9050245c3d059f3b10514d39d4097f4a3b3990ed9","","","","[]","architecture; configuration; provenance géographique","8e07a1071f13d72f07aa0aacfdf3a6534caa0ecb"
"docs/geospatial/migrations/dijon.md","document","À archiver","suivi","laisse_en_place","Rapport géographique susceptible de porter sources et transformations: provenance conservée","Rapport géographique susceptible de porter sources et transformations: provenance conservée","a454a7c83c474724fac62f9757f0481c774d48ca47919995469cc021313578b8","","","","[]","architecture; configuration; provenance géographique","8e07a1071f13d72f07aa0aacfdf3a6534caa0ecb"
"docs/geospatial/migrations/douai.md","document","À archiver","suivi","laisse_en_place","Rapport géographique susceptible de porter sources et transformations: provenance conservée","Rapport géographique susceptible de porter sources et transformations: provenance conservée","a11edb9812d411b2ce8a9db969d4118046dc6c1168cefef1f489d9833bfbd8ff","","","","[]","architecture; configuration; provenance géographique","8e07a1071f13d72f07aa0aacfdf3a6534caa0ecb"
"docs/geospatial/migrations/draguignan.md","document","À archiver","suivi","laisse_en_place","Rapport géographique susceptible de porter sources et transformations: provenance conservée","Rapport géographique susceptible de porter sources et transformations: provenance conservée","c52498b0a7bd1a0ad3ba389d1b9a58f79b03d767a3479fb8815ddd757f66c8cc","","","","[]","architecture; configuration; provenance géographique","8e07a1071f13d72f07aa0aacfdf3a6534caa0ecb"
"docs/geospatial/migrations/dunkerque.md","document","À archiver","suivi","laisse_en_place","Rapport géographique susceptible de porter sources et transformations: provenance conservée","Rapport géographique susceptible de porter sources et transformations: provenance conservée","aac8ba37dc8ddc38fae5df60a9451b2f3dab075a082f9ea209a0a7cae05f73f4","","","","[]","architecture; configuration; provenance géographique","8e07a1071f13d72f07aa0aacfdf3a6534caa0ecb"
"docs/geospatial/migrations/evreux.md","document","À archiver","suivi","laisse_en_place","Rapport géographique susceptible de porter sources et transformations: provenance conservée","Rapport géographique susceptible de porter sources et transformations: provenance conservée","51c6f7747bd56c10bf06634c4d6b05b14179fc0eb3e1a70186da46514b1936c4","","","","[]","architecture; configuration; provenance géographique","8e07a1071f13d72f07aa0aacfdf3a6534caa0ecb"
"docs/geospatial/migrations/frejus.md","document","À archiver","suivi","laisse_en_place","Rapport géographique susceptible de porter sources et transformations: provenance conservée","Rapport géographique susceptible de porter sources et transformations: provenance conservée","6a8f1b191952a508ac504c20ab27500ed32645ffe486622062afd076a11ea423","","","","[]","architecture; configuration; provenance géographique","8e07a1071f13d72f07aa0aacfdf3a6534caa0ecb"
"docs/geospatial/migrations/gap.md","document","À archiver","suivi","laisse_en_place","Rapport géographique susceptible de porter sources et transformations: provenance conservée","Rapport géographique susceptible de porter sources et transformations: provenance conservée","195fdcac53c690ba2ff497acfa55ec9f1d2aaa5c3e71cac41d15c73a86e85eaf","","","","[]","architecture; configuration; provenance géographique","8e07a1071f13d72f07aa0aacfdf3a6534caa0ecb"
"docs/geospatial/migrations/grasse.md","document","À archiver","suivi","laisse_en_place","Rapport géographique susceptible de porter sources et transformations: provenance conservée","Rapport géographique susceptible de porter sources et transformations: provenance conservée","a379ab0a3dc0dbbd14549c9b8c3d7a6e9595c3fb97c70d7f0099032d00ab5243","","","","[]","architecture; configuration; provenance géographique","8e07a1071f13d72f07aa0aacfdf3a6534caa0ecb"
"docs/geospatial/migrations/grenoble.md","document","À archiver","suivi","laisse_en_place","Rapport géographique susceptible de porter sources et transformations: provenance conservée","Rapport géographique susceptible de porter sources et transformations: provenance conservée","21058292fcbf5872aa3480eab8e017e54275c8a4ee79d03f261091b06675e28c","","","","[]","architecture; configuration; provenance géographique","8e07a1071f13d72f07aa0aacfdf3a6534caa0ecb"
"docs/geospatial/migrations/haguenau.md","document","À archiver","suivi","laisse_en_place","Rapport géographique susceptible de porter sources et transformations: provenance conservée","Rapport géographique susceptible de porter sources et transformations: provenance conservée","1fb83f7e2b40c4066459fba96ff38ee1d84f9be5b5dc903287a7a441a02512a7","","","","[]","architecture; configuration; provenance géographique","8e07a1071f13d72f07aa0aacfdf3a6534caa0ecb"
"docs/geospatial/migrations/hyeres.md","document","À archiver","suivi","laisse_en_place","Rapport géographique susceptible de porter sources et transformations: provenance conservée","Rapport géographique susceptible de porter sources et transformations: provenance conservée","a866d8e89132682f8272d645fe01820b6ed49e34e60337ba860e2fa26880a7a2","","","","[]","architecture; configuration; provenance géographique","8e07a1071f13d72f07aa0aacfdf3a6534caa0ecb"
"docs/geospatial/migrations/istres.md","document","À archiver","suivi","laisse_en_place","Rapport géographique susceptible de porter sources et transformations: provenance conservée","Rapport géographique susceptible de porter sources et transformations: provenance conservée","aca6e440021178901118cb4bf3c62b19a86206f79641d87e2429e094470cb143","","","","[]","architecture; configuration; provenance géographique","8e07a1071f13d72f07aa0aacfdf3a6534caa0ecb"
"docs/geospatial/migrations/la_roche_sur_yon.md","document","À archiver","suivi","laisse_en_place","Rapport géographique susceptible de porter sources et transformations: provenance conservée","Rapport géographique susceptible de porter sources et transformations: provenance conservée","246ec1d95c332aae0946eeaf925e15d7cca280217c33c7955a617d00d04cc719","","","","[]","architecture; configuration; provenance géographique","8e07a1071f13d72f07aa0aacfdf3a6534caa0ecb"
"docs/geospatial/migrations/la_rochelle.md","document","À archiver","suivi","laisse_en_place","Rapport géographique susceptible de porter sources et transformations: provenance conservée","Rapport géographique susceptible de porter sources et transformations: provenance conservée","a19e9f34a05c23eaaea047a2d8d4f572348b0077b32ad32cf264eeb27b1dc98e","","","","[]","architecture; configuration; provenance géographique","8e07a1071f13d72f07aa0aacfdf3a6534caa0ecb"
"docs/geospatial/migrations/la_seyne_sur_mer.md","document","À archiver","suivi","laisse_en_place","Rapport géographique susceptible de porter sources et transformations: provenance conservée","Rapport géographique susceptible de porter sources et transformations: provenance conservée","bc7e1a971b015404bd83027043f7fe01e14a2b8b01adede44cd7d68dfc632b1e","","","","[]","architecture; configuration; provenance géographique","8e07a1071f13d72f07aa0aacfdf3a6534caa0ecb"
"docs/geospatial/migrations/laval.md","document","À archiver","suivi","laisse_en_place","Rapport géographique susceptible de porter sources et transformations: provenance conservée","Rapport géographique susceptible de porter sources et transformations: provenance conservée","e84a1a574f6eaf65bac417cddc91fe7697c58161890dabae29d2df09e9f22b2b","","","","[]","architecture; configuration; provenance géographique","8e07a1071f13d72f07aa0aacfdf3a6534caa0ecb"
"docs/geospatial/migrations/le_havre.md","document","À archiver","suivi","laisse_en_place","Rapport géographique susceptible de porter sources et transformations: provenance conservée","Rapport géographique susceptible de porter sources et transformations: provenance conservée","afde36801a3d76699b451501e9c2828d78364778ec0e98c2c5ea31bcfb2b379b","","","","[]","architecture; configuration; provenance géographique","8e07a1071f13d72f07aa0aacfdf3a6534caa0ecb"
"docs/geospatial/migrations/le_mans.md","document","À archiver","suivi","laisse_en_place","Rapport géographique susceptible de porter sources et transformations: provenance conservée","Rapport géographique susceptible de porter sources et transformations: provenance conservée","3892501aea99e49434c88d862ff5ad4c078e355e05a3a131843bfb74eb9971ab","","","","[]","architecture; configuration; provenance géographique","8e07a1071f13d72f07aa0aacfdf3a6534caa0ecb"
"docs/geospatial/migrations/les_sables_d_olonne.md","document","À archiver","suivi","laisse_en_place","Rapport géographique susceptible de porter sources et transformations: provenance conservée","Rapport géographique susceptible de porter sources et transformations: provenance conservée","4bcfc211a49dba8b1640d2e0eaf03cc3aebe1546ee0b049a5ef56849a3dcfd04","","","","[]","architecture; configuration; provenance géographique","8e07a1071f13d72f07aa0aacfdf3a6534caa0ecb"
"docs/geospatial/migrations/lille.md","document","À archiver","suivi","laisse_en_place","Rapport géographique susceptible de porter sources et transformations: provenance conservée","Rapport géographique susceptible de porter sources et transformations: provenance conservée","98fef5ea65fbd0f29fedce6787cc4773d3b98c10167ee38fc99fa1f941774aa9","","","docs/geospatial/national-geo-pipeline-migration-plan.md","[]","architecture; configuration; provenance géographique","8e07a1071f13d72f07aa0aacfdf3a6534caa0ecb"
"docs/geospatial/migrations/limoges.md","document","À archiver","suivi","laisse_en_place","Rapport géographique susceptible de porter sources et transformations: provenance conservée","Rapport géographique susceptible de porter sources et transformations: provenance conservée","adcb71a821b772782ba2b17d353da5330694e42210811982f89ea5e0f03c21e9","","","","[]","architecture; configuration; provenance géographique","8e07a1071f13d72f07aa0aacfdf3a6534caa0ecb"
"docs/geospatial/migrations/lorient.md","document","À archiver","suivi","laisse_en_place","Rapport géographique susceptible de porter sources et transformations: provenance conservée","Rapport géographique susceptible de porter sources et transformations: provenance conservée","9897c9022daa0908f9d8daef7a1b86caef9c0079736f446ace30ce022e4c5dd4","","","","[]","architecture; configuration; provenance géographique","8e07a1071f13d72f07aa0aacfdf3a6534caa0ecb"
"docs/geospatial/migrations/lyon.md","document","À archiver","suivi","laisse_en_place","Rapport géographique susceptible de porter sources et transformations: provenance conservée","Rapport géographique susceptible de porter sources et transformations: provenance conservée","67009cf8955664e58eee51a65be992bca98aa2e0eea0d404f19267cd9fbbf715","","","docs/geospatial/national-geo-pipeline-migration-plan.md","[]","architecture; configuration; provenance géographique","8e07a1071f13d72f07aa0aacfdf3a6534caa0ecb"
"docs/geospatial/migrations/macon.md","document","À archiver","suivi","laisse_en_place","Rapport géographique susceptible de porter sources et transformations: provenance conservée","Rapport géographique susceptible de porter sources et transformations: provenance conservée","a01948042373ef99685563a75cc00869c94615639cd92b4fd1e83fc8c0c0459b","","","","[]","architecture; configuration; provenance géographique","8e07a1071f13d72f07aa0aacfdf3a6534caa0ecb"
"docs/geospatial/migrations/marseille.md","document","À archiver","suivi","laisse_en_place","Rapport géographique susceptible de porter sources et transformations: provenance conservée","Rapport géographique susceptible de porter sources et transformations: provenance conservée","315aab3e9a589d78d3e36929197de635fa9c41c827214d713c15df61ba7426ec","","","docs/geospatial/national-geo-pipeline-migration-plan.md","[]","architecture; configuration; provenance géographique","8e07a1071f13d72f07aa0aacfdf3a6534caa0ecb"
"docs/geospatial/migrations/martigues.md","document","À archiver","suivi","laisse_en_place","Rapport géographique susceptible de porter sources et transformations: provenance conservée","Rapport géographique susceptible de porter sources et transformations: provenance conservée","f65002c5010427d8d0be911f8d6e701630a2a3a9d929ee1aa175d877ab35201f","","","","[]","architecture; configuration; provenance géographique","8e07a1071f13d72f07aa0aacfdf3a6534caa0ecb"
"docs/geospatial/migrations/meaux.md","document","À archiver","suivi","laisse_en_place","Rapport géographique susceptible de porter sources et transformations: provenance conservée","Rapport géographique susceptible de porter sources et transformations: provenance conservée","cf72a6edadc1612e33796512fc551ce0bdd884ffc6e1990e6fc89adbc39c2a2b","","","","[]","architecture; configuration; provenance géographique","8e07a1071f13d72f07aa0aacfdf3a6534caa0ecb"
"docs/geospatial/migrations/metz.md","document","À archiver","suivi","laisse_en_place","Rapport géographique susceptible de porter sources et transformations: provenance conservée","Rapport géographique susceptible de porter sources et transformations: provenance conservée","47e20bc953d392e2b0ff0c21837dd3c681854243c737cbf28fb8c01423fa10ef","","","","[]","architecture; configuration; provenance géographique","8e07a1071f13d72f07aa0aacfdf3a6534caa0ecb"
"docs/geospatial/migrations/montauban.md","document","À archiver","suivi","laisse_en_place","Rapport géographique susceptible de porter sources et transformations: provenance conservée","Rapport géographique susceptible de porter sources et transformations: provenance conservée","92612bdcd3eb44092d38ad6efc09c0da1b5c79fc0a7b24edd75b7d6471014f50","","","","[]","architecture; configuration; provenance géographique","8e07a1071f13d72f07aa0aacfdf3a6534caa0ecb"
"docs/geospatial/migrations/montelimar.md","document","À archiver","suivi","laisse_en_place","Rapport géographique susceptible de porter sources et transformations: provenance conservée","Rapport géographique susceptible de porter sources et transformations: provenance conservée","8ebf19f07213cca98f1811890aa4ef62af82244a06bd988948c4aadc1be2709b","","","","[]","architecture; configuration; provenance géographique","8e07a1071f13d72f07aa0aacfdf3a6534caa0ecb"
"docs/geospatial/migrations/montpellier.md","document","À archiver","suivi","laisse_en_place","Rapport géographique susceptible de porter sources et transformations: provenance conservée","Rapport géographique susceptible de porter sources et transformations: provenance conservée","1c0b03372a8f0b8ce284cfe3376f1d9aa04935b735cb3279257d795bca7d2337","","","","[]","architecture; configuration; provenance géographique","8e07a1071f13d72f07aa0aacfdf3a6534caa0ecb"
"docs/geospatial/migrations/mulhouse.md","document","À archiver","suivi","laisse_en_place","Rapport géographique susceptible de porter sources et transformations: provenance conservée","Rapport géographique susceptible de porter sources et transformations: provenance conservée","d5dc85caef21b6b9680cc4fb5d3c4220662ff3de6339894068f0b5984d55fbe4","","","","[]","architecture; configuration; provenance géographique","8e07a1071f13d72f07aa0aacfdf3a6534caa0ecb"
"docs/geospatial/migrations/nancy.md","document","À archiver","suivi","laisse_en_place","Rapport géographique susceptible de porter sources et transformations: provenance conservée","Rapport géographique susceptible de porter sources et transformations: provenance conservée","71e8fee10e92aaa0ad2724236d21996d3cf883182f56c1139f822268ca6115d9","","","","[]","architecture; configuration; provenance géographique","8e07a1071f13d72f07aa0aacfdf3a6534caa0ecb"
"docs/geospatial/migrations/nantes.md","document","À archiver","suivi","laisse_en_place","Rapport géographique susceptible de porter sources et transformations: provenance conservée","Rapport géographique susceptible de porter sources et transformations: provenance conservée","5f2f66eec1869a17dc7e3ef343d40f75cc7f31b9c1208080c4927bdd88b4ede9","","","docs/geospatial/national-geo-pipeline-migration-plan.md","[]","architecture; configuration; provenance géographique","8e07a1071f13d72f07aa0aacfdf3a6534caa0ecb"
"docs/geospatial/migrations/narbonne.md","document","À archiver","suivi","laisse_en_place","Rapport géographique susceptible de porter sources et transformations: provenance conservée","Rapport géographique susceptible de porter sources et transformations: provenance conservée","4960ce95dc8b71d9231e0f83a209e9aee664ccc456a87ad39034d506a93c5dc1","","","","[]","architecture; configuration; provenance géographique","8e07a1071f13d72f07aa0aacfdf3a6534caa0ecb"
"docs/geospatial/migrations/nice.md","document","À archiver","suivi","laisse_en_place","Rapport géographique susceptible de porter sources et transformations: provenance conservée","Rapport géographique susceptible de porter sources et transformations: provenance conservée","a16f1ea369a12763a242bffbb1534497e5b8ffc3fcca22d1cea9285228c4df35","","","docs/geospatial/national-geo-pipeline-migration-plan.md","[]","architecture; configuration; provenance géographique","8e07a1071f13d72f07aa0aacfdf3a6534caa0ecb"
"docs/geospatial/migrations/nimes.md","document","À archiver","suivi","laisse_en_place","Rapport géographique susceptible de porter sources et transformations: provenance conservée","Rapport géographique susceptible de porter sources et transformations: provenance conservée","4d32f36fbc7d23869a7d9a458a40e42024f031687b56871e17f408a0dc71483f","","","","[]","architecture; configuration; provenance géographique","8e07a1071f13d72f07aa0aacfdf3a6534caa0ecb"
"docs/geospatial/migrations/niort.md","document","À archiver","suivi","laisse_en_place","Rapport géographique susceptible de porter sources et transformations: provenance conservée","Rapport géographique susceptible de porter sources et transformations: provenance conservée","f3c188c6ee7e2c80df007cb87aa371a675600250e2a3ee9f45a104ef453028cc","","","","[]","architecture; configuration; provenance géographique","8e07a1071f13d72f07aa0aacfdf3a6534caa0ecb"
"docs/geospatial/migrations/orleans.md","document","À archiver","suivi","laisse_en_place","Rapport géographique susceptible de porter sources et transformations: provenance conservée","Rapport géographique susceptible de porter sources et transformations: provenance conservée","a6079983a83d85b23c60326d2471e813a76be09356fa2751846375783acd9068","","","","[]","architecture; configuration; provenance géographique","8e07a1071f13d72f07aa0aacfdf3a6534caa0ecb"
"docs/geospatial/migrations/paris.md","document","À archiver","suivi","laisse_en_place","Rapport géographique susceptible de porter sources et transformations: provenance conservée","Rapport géographique susceptible de porter sources et transformations: provenance conservée","e5550f8267933759c4cfd50d9fd6a484b7177aa9fd5442eea0851a018a96c93c","","","docs/geospatial/national-geo-pipeline-migration-plan.md","[{""url"":""../visual-regression/paris-pr6-legacy.jpg"",""target"":""docs/geospatial/visual-regression/paris-pr6-legacy.jpg"",""exists"":true},{""url"":""../visual-regression/paris-pr6-national.jpg"",""target"":""docs/geospatial/visual-regression/paris-pr6-national.jpg"",""exists"":true},{""url"":""../visual-regression/paris-pr6-diff-x6.jpg"",""target"":""docs/geospatial/visual-regression/paris-pr6-diff-x6.jpg"",""exists"":true},{""url"":""../visual-regression/paris-pr6-commune-legacy.jpg"",""target"":""docs/geospatial/visual-regression/paris-pr6-commune-legacy.jpg"",""exists"":true},{""url"":""../visual-regression/paris-pr6-commune-national.jpg"",""target"":""docs/geospatial/visual-regression/paris-pr6-commune-national.jpg"",""exists"":true},{""url"":""../visual-regression/paris-pr6-commune-diff-x6.jpg"",""target"":""docs/geospatial/visual-regression/paris-pr6-commune-diff-x6.jpg"",""exists"":true}]","architecture; configuration; provenance géographique","8e07a1071f13d72f07aa0aacfdf3a6534caa0ecb"
"docs/geospatial/migrations/pau.md","document","À archiver","suivi","laisse_en_place","Rapport géographique susceptible de porter sources et transformations: provenance conservée","Rapport géographique susceptible de porter sources et transformations: provenance conservée","8d69e9498f5aea5c7c91987445f0399bbbc55ebfceb62a690849c546438ec99e","","","","[]","architecture; configuration; provenance géographique","8e07a1071f13d72f07aa0aacfdf3a6534caa0ecb"
"docs/geospatial/migrations/perpignan.md","document","À archiver","suivi","laisse_en_place","Rapport géographique susceptible de porter sources et transformations: provenance conservée","Rapport géographique susceptible de porter sources et transformations: provenance conservée","0f3af1b7505a75f4514d8df9376585db1c1e9980f0052f98cce1f4a5a0ae0bb9","","","","[]","architecture; configuration; provenance géographique","8e07a1071f13d72f07aa0aacfdf3a6534caa0ecb"
"docs/geospatial/migrations/poitiers.md","document","À archiver","suivi","laisse_en_place","Rapport géographique susceptible de porter sources et transformations: provenance conservée","Rapport géographique susceptible de porter sources et transformations: provenance conservée","379e68bbc5217f516be4d423390fd6cc513e6966fdab80df40c982203c8bd6fc","","","","[]","architecture; configuration; provenance géographique","8e07a1071f13d72f07aa0aacfdf3a6534caa0ecb"
"docs/geospatial/migrations/quimper.md","document","À archiver","suivi","laisse_en_place","Rapport géographique susceptible de porter sources et transformations: provenance conservée","Rapport géographique susceptible de porter sources et transformations: provenance conservée","3686f473e6a10fc453df7a17e534224335aaa4579101e029e823f8d2f6efae29","","","","[]","architecture; configuration; provenance géographique","8e07a1071f13d72f07aa0aacfdf3a6534caa0ecb"
"docs/geospatial/migrations/reims.md","document","À archiver","suivi","laisse_en_place","Rapport géographique susceptible de porter sources et transformations: provenance conservée","Rapport géographique susceptible de porter sources et transformations: provenance conservée","e871d4cdd58278c8d106d797effba06d61e4e25bd25adf6bdc5e3794797eaa38","","","","[]","architecture; configuration; provenance géographique","8e07a1071f13d72f07aa0aacfdf3a6534caa0ecb"
"docs/geospatial/migrations/rennes.md","document","À archiver","suivi","laisse_en_place","Rapport géographique susceptible de porter sources et transformations: provenance conservée","Rapport géographique susceptible de porter sources et transformations: provenance conservée","4977b831e798f8423b113b675a31c6e0c5d3f6cddb884bd53b05eab6b9bf1586","","","","[]","architecture; configuration; provenance géographique","8e07a1071f13d72f07aa0aacfdf3a6534caa0ecb"
"docs/geospatial/migrations/roanne.md","document","À archiver","suivi","laisse_en_place","Rapport géographique susceptible de porter sources et transformations: provenance conservée","Rapport géographique susceptible de porter sources et transformations: provenance conservée","7e817b3ee8bab9d787d273c6edd4b8b7c494eae7c234d16291829e2c1102fa61","","","","[]","architecture; configuration; provenance géographique","8e07a1071f13d72f07aa0aacfdf3a6534caa0ecb"
"docs/geospatial/migrations/rouen.md","document","À archiver","suivi","laisse_en_place","Rapport géographique susceptible de porter sources et transformations: provenance conservée","Rapport géographique susceptible de porter sources et transformations: provenance conservée","73278462300a3e90bfafe39d661106a6de63430f2509f3ba9b4afe2ab65ada7c","","","","[]","architecture; configuration; provenance géographique","8e07a1071f13d72f07aa0aacfdf3a6534caa0ecb"
"docs/geospatial/migrations/saint_brieuc.md","document","À archiver","suivi","laisse_en_place","Rapport géographique susceptible de porter sources et transformations: provenance conservée","Rapport géographique susceptible de porter sources et transformations: provenance conservée","c468eb0fd65e1ae6e0584885c4fd760895217fff041b0497845b848a17017acd","","","","[]","architecture; configuration; provenance géographique","8e07a1071f13d72f07aa0aacfdf3a6534caa0ecb"
"docs/geospatial/migrations/saint_etienne.md","document","À archiver","suivi","laisse_en_place","Rapport géographique susceptible de porter sources et transformations: provenance conservée","Rapport géographique susceptible de porter sources et transformations: provenance conservée","1427198c2902b1ead794222327e59280b3ecd0ac9e547d1ef86b43f8524d2edc","","","","[]","architecture; configuration; provenance géographique","8e07a1071f13d72f07aa0aacfdf3a6534caa0ecb"
"docs/geospatial/migrations/saint_malo.md","document","À archiver","suivi","laisse_en_place","Rapport géographique susceptible de porter sources et transformations: provenance conservée","Rapport géographique susceptible de porter sources et transformations: provenance conservée","2e81e63d699b58342873034ebf9f4c9f9beb5e991e92a7546a3237a0747a5fa0","","","","[]","architecture; configuration; provenance géographique","8e07a1071f13d72f07aa0aacfdf3a6534caa0ecb"
"docs/geospatial/migrations/saint_nazaire.md","document","À archiver","suivi","laisse_en_place","Rapport géographique susceptible de porter sources et transformations: provenance conservée","Rapport géographique susceptible de porter sources et transformations: provenance conservée","0bfaaa5083a4721fb25a7f9e6812f7788ae222db3d16fcd0037f5455ea6c5f10","","","","[]","architecture; configuration; provenance géographique","8e07a1071f13d72f07aa0aacfdf3a6534caa0ecb"
"docs/geospatial/migrations/saint_quentin.md","document","À archiver","suivi","laisse_en_place","Rapport géographique susceptible de porter sources et transformations: provenance conservée","Rapport géographique susceptible de porter sources et transformations: provenance conservée","a09c0487ecca108940a60dc7820d1dff8261a81f7e859760ed9317d63dab42d1","","","","[]","architecture; configuration; provenance géographique","8e07a1071f13d72f07aa0aacfdf3a6534caa0ecb"
"docs/geospatial/migrations/saint_raphael.md","document","À archiver","suivi","laisse_en_place","Rapport géographique susceptible de porter sources et transformations: provenance conservée","Rapport géographique susceptible de porter sources et transformations: provenance conservée","e9a43aeb2de483db6105cf8d267dfeda75f9a264dc541b45c88ffbe46b09db48","","","","[]","architecture; configuration; provenance géographique","8e07a1071f13d72f07aa0aacfdf3a6534caa0ecb"
"docs/geospatial/migrations/salon_de_provence.md","document","À archiver","suivi","laisse_en_place","Rapport géographique susceptible de porter sources et transformations: provenance conservée","Rapport géographique susceptible de porter sources et transformations: provenance conservée","d872f516276b9850846a558150e7085ca56fdcff7bf63c32e85091b00441d14b","","","","[]","architecture; configuration; provenance géographique","8e07a1071f13d72f07aa0aacfdf3a6534caa0ecb"
"docs/geospatial/migrations/sete.md","document","À archiver","suivi","laisse_en_place","Rapport géographique susceptible de porter sources et transformations: provenance conservée","Rapport géographique susceptible de porter sources et transformations: provenance conservée","50d7943f21ca2f1946ae05be971b0351566157de64188da11321d233d6154654","","","","[]","architecture; configuration; provenance géographique","8e07a1071f13d72f07aa0aacfdf3a6534caa0ecb"
"docs/geospatial/migrations/strasbourg.md","document","À archiver","suivi","laisse_en_place","Rapport géographique susceptible de porter sources et transformations: provenance conservée","Rapport géographique susceptible de porter sources et transformations: provenance conservée","694991d60ce0b437b139e779aea0117c6c526ee8dfbc6ea5a22b8a050d2515b5","","","","[]","architecture; configuration; provenance géographique","8e07a1071f13d72f07aa0aacfdf3a6534caa0ecb"
"docs/geospatial/migrations/tarbes.md","document","À archiver","suivi","laisse_en_place","Rapport géographique susceptible de porter sources et transformations: provenance conservée","Rapport géographique susceptible de porter sources et transformations: provenance conservée","df45a71daa9e4ed4f0a978d89ca82b346529be66752fe3d5fa2c5983db5676d8","","","","[]","architecture; configuration; provenance géographique","8e07a1071f13d72f07aa0aacfdf3a6534caa0ecb"
"docs/geospatial/migrations/thionville.md","document","À archiver","suivi","laisse_en_place","Rapport géographique susceptible de porter sources et transformations: provenance conservée","Rapport géographique susceptible de porter sources et transformations: provenance conservée","e98ad96a4fe8b6df0fa663120a5625023e4c74bdc65ec71c23ea91bb81576206","","","","[]","architecture; configuration; provenance géographique","8e07a1071f13d72f07aa0aacfdf3a6534caa0ecb"
"docs/geospatial/migrations/toulon.md","document","À archiver","suivi","laisse_en_place","Rapport géographique susceptible de porter sources et transformations: provenance conservée","Rapport géographique susceptible de porter sources et transformations: provenance conservée","9a4a5fe3c6e370182add977a0e2e793ba86498ca4b05e59aff54b0c9c8ffb512","","","","[]","architecture; configuration; provenance géographique","8e07a1071f13d72f07aa0aacfdf3a6534caa0ecb"
"docs/geospatial/migrations/toulouse.md","document","À archiver","suivi","laisse_en_place","Rapport géographique susceptible de porter sources et transformations: provenance conservée","Rapport géographique susceptible de porter sources et transformations: provenance conservée","9dad01b02384f6c7d92e9e6baf8f46df332b219553bacafd34e7665adbd3b5e9","","","","[]","architecture; configuration; provenance géographique","8e07a1071f13d72f07aa0aacfdf3a6534caa0ecb"
"docs/geospatial/migrations/tours.md","document","À archiver","suivi","laisse_en_place","Rapport géographique susceptible de porter sources et transformations: provenance conservée","Rapport géographique susceptible de porter sources et transformations: provenance conservée","7aef779c919ef4415afe8f511a9f0884aa37c1b95d861d2f9dd3a67a078131ca","","","","[]","architecture; configuration; provenance géographique","8e07a1071f13d72f07aa0aacfdf3a6534caa0ecb"
"docs/geospatial/migrations/trappes.md","document","À archiver","suivi","laisse_en_place","Rapport géographique susceptible de porter sources et transformations: provenance conservée","Rapport géographique susceptible de porter sources et transformations: provenance conservée","3dfcf9d028d68c2a41e6cec981a0a1b418b198e322dddb99d5b1906b942251ef","","","docs/geospatial/national-geo-pipeline-migration-plan.md","[]","architecture; configuration; provenance géographique","8e07a1071f13d72f07aa0aacfdf3a6534caa0ecb"
"docs/geospatial/migrations/troyes.md","document","À archiver","suivi","laisse_en_place","Rapport géographique susceptible de porter sources et transformations: provenance conservée","Rapport géographique susceptible de porter sources et transformations: provenance conservée","868592562a605df362c1f37de884d230ad8996267c19bcbbf8de25ae5b511a7b","","","","[]","architecture; configuration; provenance géographique","8e07a1071f13d72f07aa0aacfdf3a6534caa0ecb"
"docs/geospatial/migrations/valence.md","document","À archiver","suivi","laisse_en_place","Rapport géographique susceptible de porter sources et transformations: provenance conservée","Rapport géographique susceptible de porter sources et transformations: provenance conservée","389657f5590cd41e192f1b78ca578cb9719f35826fec4b9bb7aed373668a9519","","","","[]","architecture; configuration; provenance géographique","8e07a1071f13d72f07aa0aacfdf3a6534caa0ecb"
"docs/geospatial/migrations/valenciennes.md","document","À archiver","suivi","laisse_en_place","Rapport géographique susceptible de porter sources et transformations: provenance conservée","Rapport géographique susceptible de porter sources et transformations: provenance conservée","b7a8405ba7f6dcc49f97d9ac748b79cd7eafcb77aa6b2679203a083da87785bf","","","","[]","architecture; configuration; provenance géographique","8e07a1071f13d72f07aa0aacfdf3a6534caa0ecb"
"docs/geospatial/migrations/vannes.md","document","À archiver","suivi","laisse_en_place","Rapport géographique susceptible de porter sources et transformations: provenance conservée","Rapport géographique susceptible de porter sources et transformations: provenance conservée","86e74b937ffd13956cf43d1e98135202e72ffba2106740efd25fe0de42c4a08f","","","","[]","architecture; configuration; provenance géographique","8e07a1071f13d72f07aa0aacfdf3a6534caa0ecb"
"docs/geospatial/migrations/versailles.md","document","À archiver","suivi","laisse_en_place","Rapport géographique susceptible de porter sources et transformations: provenance conservée","Rapport géographique susceptible de porter sources et transformations: provenance conservée","f5a8551b3bec3a0aa21fd8d78e1f16bedb6889b9fa227831e6997bd5a7fe6575","","","","[]","architecture; configuration; provenance géographique","8e07a1071f13d72f07aa0aacfdf3a6534caa0ecb"
"docs/geospatial/montpellier-national-test.md","document","À archiver","suivi","laisse_en_place","Rapport géographique susceptible de porter sources et transformations: provenance conservée","Rapport géographique susceptible de porter sources et transformations: provenance conservée","fb31c196fa5e4a193c6d689bd9a6ba5bfef13d9f9a1efe92e037a60c17c3048f","","","","[]","architecture; configuration; provenance géographique","8e07a1071f13d72f07aa0aacfdf3a6534caa0ecb"
"docs/geospatial/national-extrusion-artifact-fix.md","document","À archiver","suivi","laisse_en_place","Rapport géographique susceptible de porter sources et transformations: provenance conservée","Rapport géographique susceptible de porter sources et transformations: provenance conservée","e2393de80c650aee70f5a163e7a9bf794349231b2ed508e7ce089a747674b3c9","","","","[]","architecture; configuration; provenance géographique","8e07a1071f13d72f07aa0aacfdf3a6534caa0ecb"
"docs/geospatial/national-geo-pipeline-migration-plan.md","document","À archiver","suivi","laisse_en_place","Rapport géographique susceptible de porter sources et transformations: provenance conservée","Rapport géographique susceptible de porter sources et transformations: provenance conservée","c03b7a8bcbc94f3d8707c05fd34892c81234350350f21a7c1d1f872060461ec5","","","","[]","architecture; configuration; provenance géographique","8e07a1071f13d72f07aa0aacfdf3a6534caa0ecb"
"docs/geospatial/national-import-and-publish.md","document","À archiver","suivi","laisse_en_place","Rapport géographique susceptible de porter sources et transformations: provenance conservée","Rapport géographique susceptible de porter sources et transformations: provenance conservée","618e64c5d4979f8f5a780e582cdd2a41c4c33daa6deb20d4b02d38cc37886709","","","","[]","architecture; configuration; provenance géographique","8e07a1071f13d72f07aa0aacfdf3a6534caa0ecb"
"docs/geospatial/rollback.md","document","À remplacer","suivi","copie_reference","Sauvegarde avant remplacement; original actif inchangé","","4b55192df82693052e152ddac776a33ced5992b94261fad776a7e71f0c44a157","docs/archive/2026-09-13/references-remplacees/docs/geospatial/rollback.md","4b55192df82693052e152ddac776a33ced5992b94261fad776a7e71f0c44a157","docs/geospatial/acceptance-report.md | docs/geospatial/current-city-pipeline-audit.md","[]","architecture; configuration; provenance géographique","8e07a1071f13d72f07aa0aacfdf3a6534caa0ecb"
"docs/geospatial/runtime-feature-flag.md","document","À remplacer","suivi","copie_reference","Sauvegarde avant remplacement; original actif inchangé","","4b979a65b20967721c71211d9ffcaca0251123dc1d0da879d5d1e47d4eef3bc2","docs/archive/2026-09-13/references-remplacees/docs/geospatial/runtime-feature-flag.md","4b979a65b20967721c71211d9ffcaca0251123dc1d0da879d5d1e47d4eef3bc2","docs/geospatial/generic-zones-tileset.md","[]","architecture; configuration; provenance géographique","8e07a1071f13d72f07aa0aacfdf3a6534caa0ecb"
"docs/geospatial/schema-and-validation.md","document","À archiver","suivi","laisse_en_place","Rapport géographique susceptible de porter sources et transformations: provenance conservée","Rapport géographique susceptible de porter sources et transformations: provenance conservée","50d5ed93f6a8df0a369cc9739736fe09fc8f517d5909bae110a96181fcd7d9df","","","","[]","architecture; configuration; provenance géographique","8e07a1071f13d72f07aa0aacfdf3a6534caa0ecb"
"docs/handoffs/platform-latest-reconcile/market-commerce-handoff.md","document","À archiver","suivi","deplace_chantier","Document historique autorisé, aucune référence ni lien relatif détecté","","ae4f419b42ab49c315a76b6a0f3409c3a4e8b9869aef831ef09c075336cd8590","docs/archive/2026-09-13/chantier/docs/handoffs/platform-latest-reconcile/market-commerce-handoff.md","ae4f419b42ab49c315a76b6a0f3409c3a4e8b9869aef831ef09c075336cd8590","","[]","métier; simulation vs opérations réelles; contrats cibles","8e07a1071f13d72f07aa0aacfdf3a6534caa0ecb"
"docs/ios-audio-engine-audit.md","document","À archiver","suivi","copie_chantier","Références entrantes: copie historique, original maintenu pour ne pas casser les lecteurs","","05e127feb49dafd87b910fe8b26619d92623da1a64110d446b968865e29d926d","docs/archive/2026-09-13/chantier/docs/ios-audio-engine-audit.md","05e127feb49dafd87b910fe8b26619d92623da1a64110d446b968865e29d926d","docs/audio-engine-framework-decision.md","[{""url"":""./audio-engine-room-bridge-decision.md"",""target"":""docs/audio-engine-room-bridge-decision.md"",""exists"":true},{""url"":""./audio-engine-framework-decision.md"",""target"":""docs/audio-engine-framework-decision.md"",""exists"":true}]","architecture; contrats audio; limites du prototype; licences","8e07a1071f13d72f07aa0aacfdf3a6534caa0ecb"
"docs/meewav-audio-bridge-autotune-2026.md","document","À archiver","suivi","copie_chantier","Liens relatifs sortants: copie historique, original maintenu pour conserver leur résolution","","25a59f2a2c9927c67cbdf2ba81c54a2706a4b245ee1a24c1d2cca4c6da9372cd","docs/archive/2026-09-13/chantier/docs/meewav-audio-bridge-autotune-2026.md","25a59f2a2c9927c67cbdf2ba81c54a2706a4b245ee1a24c1d2cca4c6da9372cd","","[{""url"":""../experiments/voice-correction/candidates.json"",""target"":""experiments/voice-correction/candidates.json"",""exists"":true},{""url"":""../experiments/voice-correction/corpus.manifest.json"",""target"":""experiments/voice-correction/corpus.manifest.json"",""exists"":true}]","architecture; contrats audio; limites du prototype; licences","8e07a1071f13d72f07aa0aacfdf3a6534caa0ecb"
"docs/meewav-test-pitch-engine.md","document","À archiver","suivi","copie_chantier","Références entrantes: copie historique, original maintenu pour ne pas casser les lecteurs","","67f3b95de1182bb3cca9e3d2024d822aa57f2e2c7d7f21a674a6b8eb2613aed8","docs/archive/2026-09-13/chantier/docs/meewav-test-pitch-engine.md","67f3b95de1182bb3cca9e3d2024d822aa57f2e2c7d7f21a674a6b8eb2613aed8","docs/rooms-local-audio.md","[]","historique et décisions; périmètre de la version","8e07a1071f13d72f07aa0aacfdf3a6534caa0ecb"
"docs/opendaw-voice-correction-audit.md","document","À archiver","suivi","copie_chantier","Références entrantes: copie historique, original maintenu pour ne pas casser les lecteurs","","7b9829da87590564217da7c1fcf4f27bff39a55e6012603768f2826098579856","docs/archive/2026-09-13/chantier/docs/opendaw-voice-correction-audit.md","7b9829da87590564217da7c1fcf4f27bff39a55e6012603768f2826098579856","docs/opendaw-voice-correction-poc.md","[]","historique et décisions; périmètre de la version","8e07a1071f13d72f07aa0aacfdf3a6534caa0ecb"
"docs/opendaw-voice-correction-poc.md","document","À archiver","suivi","laisse_en_place","Référence depuis code, configuration ou script; fichier maintenu à son emplacement","Référencé hors documentation","47bae9a6cd38a1cee6aaf74a6f7ec18e5ee13c19394ab80b0021491bc3f906d0","","","docs/meewav-audio-bridge-autotune-2026.md | experiments/voice-correction/candidates.json","[]","protection technique ou juridique; intégrité du fichier","8e07a1071f13d72f07aa0aacfdf3a6534caa0ecb"
"docs/profile-viewer-public-hub.md","document","À conserver","suivi","laisse_en_place","Vérité technique conservée; aucune réécriture dans la phase 1","","588fc86aab5bab1fdc685ff1945e52b8da436d9d1ed22b4a06c9dca0d61a07f0","","","","[]","règles métier; audio/live; permissions; migrations","8e07a1071f13d72f07aa0aacfdf3a6534caa0ecb"
"docs/rooms-local-audio.md","document","À conserver","suivi","laisse_en_place","Vérité technique conservée; aucune réécriture dans la phase 1","","ca820bb6114412823f9a298d3aade20ff315e3885a7765b38c5d525c074625f3","","","","[{""url"":""./meewav-test-pitch-engine.md"",""target"":""docs/meewav-test-pitch-engine.md"",""exists"":true}]","architecture; contrats audio; limites du prototype; licences","8e07a1071f13d72f07aa0aacfdf3a6534caa0ecb"
"docs/rooms-place-context.md","document","À archiver","suivi","deplace_chantier","Document historique autorisé, aucune référence ni lien relatif détecté","","5792e6ba07da175e7ba48a73a017515bec327a028d454fac9ad3d733364d4ed5","docs/archive/2026-09-13/chantier/docs/rooms-place-context.md","5792e6ba07da175e7ba48a73a017515bec327a028d454fac9ad3d733364d4ed5","","[]","règles métier; audio/live; permissions; migrations","8e07a1071f13d72f07aa0aacfdf3a6534caa0ecb"
"docs/rooms-place-infrastructure-contract.md","document","À conserver","suivi","laisse_en_place","Vérité technique conservée; aucune réécriture dans la phase 1","","009a3f0562e37f1f3393861ce51e8da8dfc186906911f96f0f8baa81f3fd041a","","","","[]","règles métier; audio/live; permissions; migrations","8e07a1071f13d72f07aa0aacfdf3a6534caa0ecb"
"docs/rooms-place-video-direction.md","document","À conserver","suivi","laisse_en_place","Vérité technique conservée; aucune réécriture dans la phase 1","","c1dacd0b69dce76d25544c0636158fab34ea208258e6821242285483313396db","","","","[]","règles métier; audio/live; permissions; migrations","8e07a1071f13d72f07aa0aacfdf3a6534caa0ecb"
"docs/rooms/CAGE_COMPETITION_V1.md","document","À conserver","suivi","laisse_en_place","Vérité technique conservée; aucune réécriture dans la phase 1","","ba9e69d0bc8f42b885d7e5fee3a80eccd6cff1e1e2de969c4de8a2876a18f877","","","ROOMS-REFERENCE.md","[]","règles métier; audio/live; permissions; migrations","8e07a1071f13d72f07aa0aacfdf3a6534caa0ecb"
"docs/rooms/PLACE_IOS_COMPLETE_CONTEXT.md","document","À archiver","suivi","copie_chantier","Références entrantes: copie historique, original maintenu pour ne pas casser les lecteurs","","70414ad1cc79ec0a5e0e7c1237c745ec42c9a2e56e652f6a09d6c7cbae05dcc9","docs/archive/2026-09-13/chantier/docs/rooms/PLACE_IOS_COMPLETE_CONTEXT.md","70414ad1cc79ec0a5e0e7c1237c745ec42c9a2e56e652f6a09d6c7cbae05dcc9","docs/rooms/PLACE_WEB_V1.md","[]","règles métier; audio/live; permissions; migrations","8e07a1071f13d72f07aa0aacfdf3a6534caa0ecb"
"docs/rooms/PLACE_WEB_MASTER_CORRECTION_AUDIT.md","document","À archiver","suivi","deplace_chantier","Document historique autorisé, aucune référence ni lien relatif détecté","","6dc5b9b638fb2a2dc13cc8e15353ec3c16a74031a9001062ca3e9912f3fbeba4","docs/archive/2026-09-13/chantier/docs/rooms/PLACE_WEB_MASTER_CORRECTION_AUDIT.md","6dc5b9b638fb2a2dc13cc8e15353ec3c16a74031a9001062ca3e9912f3fbeba4","","[]","règles métier; audio/live; permissions; migrations","8e07a1071f13d72f07aa0aacfdf3a6534caa0ecb"
"docs/rooms/PLACE_WEB_V1.md","document","À remplacer","suivi","copie_reference","Sauvegarde avant remplacement; original actif inchangé","","38ae757d85cc4451c9acf62fa1c0a41c3d59864b95e9a053d20c8a6c586872ef","docs/archive/2026-09-13/references-remplacees/docs/rooms/PLACE_WEB_V1.md","38ae757d85cc4451c9acf62fa1c0a41c3d59864b95e9a053d20c8a6c586872ef","","[{""url"":""./PLACE_IOS_COMPLETE_CONTEXT.md"",""target"":""docs/rooms/PLACE_IOS_COMPLETE_CONTEXT.md"",""exists"":true}]","règles métier; audio/live; permissions; migrations","8e07a1071f13d72f07aa0aacfdf3a6534caa0ecb"
"docs/rooms/ROOMS_FINISHING_PLAN.md","document","À archiver","suivi","copie_chantier","Liens relatifs sortants: copie historique, original maintenu pour conserver leur résolution","","ead03d31082c4aba6b56dcc0cace8c83c2689c2fee90765d90eead1a1ed451d2","docs/archive/2026-09-13/chantier/docs/rooms/ROOMS_FINISHING_PLAN.md","ead03d31082c4aba6b56dcc0cace8c83c2689c2fee90765d90eead1a1ed451d2","","[{""url"":""ROOMS_LAUNCH_AUDIT.md"",""target"":""docs/rooms/ROOMS_LAUNCH_AUDIT.md"",""exists"":true}]","règles métier; audio/live; permissions; migrations","8e07a1071f13d72f07aa0aacfdf3a6534caa0ecb"
"docs/rooms/ROOMS_LAUNCH_AUDIT.md","document","À archiver","suivi","copie_chantier","Références entrantes: copie historique, original maintenu pour ne pas casser les lecteurs","","c2266caa9b83f81b81fe68e74e8dc7fd4cfdb6a96a32247c2d6d69f70a6daf71","docs/archive/2026-09-13/chantier/docs/rooms/ROOMS_LAUNCH_AUDIT.md","c2266caa9b83f81b81fe68e74e8dc7fd4cfdb6a96a32247c2d6d69f70a6daf71","docs/rooms/ROOMS_FINISHING_PLAN.md","[]","règles métier; audio/live; permissions; migrations","8e07a1071f13d72f07aa0aacfdf3a6534caa0ecb"
"docs/rooms/WAVE_PRODUCTION_V2.md","document","À conserver","suivi","laisse_en_place","Vérité technique conservée; aucune réécriture dans la phase 1","","e3ad14298a7db5db43f833a5ecf0f543fcd0ced417c60e6fdb44a61c57a5981c","","","","[{""url"":""WAVE_VIEWER_V6.md"",""target"":""docs/rooms/WAVE_VIEWER_V6.md"",""exists"":true}]","règles métier; audio/live; permissions; migrations","8e07a1071f13d72f07aa0aacfdf3a6534caa0ecb"
"docs/rooms/WAVE_VIEWER_V6.md","document","À conserver","suivi","laisse_en_place","Vérité technique conservée; aucune réécriture dans la phase 1","","3af8f1d7e3cecc07434a892d28f0ef4a33ffc25445149ebc5fec34be4b0302ca","","","docs/rooms/WAVE_PRODUCTION_V2.md","[]","règles métier; audio/live; permissions; migrations","8e07a1071f13d72f07aa0aacfdf3a6534caa0ecb"
"docs/rooms/place-conversation-tools.md","document","À conserver","suivi","laisse_en_place","Vérité technique conservée; aucune réécriture dans la phase 1","","f6f4db011e5090238c3f963a4c0f86dcce176957dd61f17b034657f944302fef","","","","[]","règles métier; audio/live; permissions; migrations","8e07a1071f13d72f07aa0aacfdf3a6534caa0ecb"
"docs/scene-acceptance-matrix.md","document","À archiver","suivi","deplace_chantier","Document historique autorisé, aucune référence ni lien relatif détecté","","dd342a75da296b10571d8cd8d7f72b86424a845ddfe8a127a920f1c7ff0e9117","docs/archive/2026-09-13/chantier/docs/scene-acceptance-matrix.md","dd342a75da296b10571d8cd8d7f72b86424a845ddfe8a127a920f1c7ff0e9117","","[]","contrats; données publiques/privées; médias; simulation","8e07a1071f13d72f07aa0aacfdf3a6534caa0ecb"
"docs/scene-final-audit.md","document","À archiver","suivi","copie_chantier","Références entrantes: copie historique, original maintenu pour ne pas casser les lecteurs","","365921747bf951f5ed55949db39e6d0a3c0441c43ca96299d38560b0639db2e4","docs/archive/2026-09-13/chantier/docs/scene-final-audit.md","365921747bf951f5ed55949db39e6d0a3c0441c43ca96299d38560b0639db2e4","docs/scene-acceptance-matrix.md | docs/scene-refactor.md","[]","contrats; données publiques/privées; médias; simulation","8e07a1071f13d72f07aa0aacfdf3a6534caa0ecb"
"docs/scene-investor-demo-script.md","document","À archiver","suivi","copie_chantier","Références entrantes: copie historique, original maintenu pour ne pas casser les lecteurs","","0f14d04a1dcc534333cd44c1d78786234f4db54b0750b07a18542f6f52e26578","docs/archive/2026-09-13/chantier/docs/scene-investor-demo-script.md","0f14d04a1dcc534333cd44c1d78786234f4db54b0750b07a18542f6f52e26578","docs/scene-acceptance-matrix.md | docs/scene-refactor.md","[]","contrats; données publiques/privées; médias; simulation","8e07a1071f13d72f07aa0aacfdf3a6534caa0ecb"
"docs/scene-refactor.md","document","À archiver","suivi","copie_chantier","Références entrantes: copie historique, original maintenu pour ne pas casser les lecteurs","","390ff0e9469be800610e5256e4a1e15329eddfafe255f7358078f1085cc76c3f","docs/archive/2026-09-13/chantier/docs/scene-refactor.md","390ff0e9469be800610e5256e4a1e15329eddfafe255f7358078f1085cc76c3f","docs/scene-acceptance-matrix.md","[{""url"":""./scene-final-audit.md"",""target"":""docs/scene-final-audit.md"",""exists"":true},{""url"":""./scene-investor-demo-script.md"",""target"":""docs/scene-investor-demo-script.md"",""exists"":true}]","contrats; données publiques/privées; médias; simulation","8e07a1071f13d72f07aa0aacfdf3a6534caa0ecb"
"docs/scene-studio-spec.md","document","À conserver","suivi","laisse_en_place","Vérité technique conservée; aucune réécriture dans la phase 1","","3f02483ff3cf62f45c64d6f304206434190dfc612209c66ddcbea5325ef6f660","","","docs/scene-final-audit.md","[]","contrats; données publiques/privées; médias; simulation","8e07a1071f13d72f07aa0aacfdf3a6534caa0ecb"
"docs/tremplin-correction-plan.md","document","À archiver","suivi","deplace_chantier","Document historique autorisé, aucune référence ni lien relatif détecté","","1907e3b3886464af42832b869842679f65376008499c4d69807eca3a595255ce","docs/archive/2026-09-13/chantier/docs/tremplin-correction-plan.md","1907e3b3886464af42832b869842679f65376008499c4d69807eca3a595255ce","","[]","métier; simulation vs opérations réelles; contrats cibles","8e07a1071f13d72f07aa0aacfdf3a6534caa0ecb"
"docs/tremplin-delivery.md","document","À archiver","suivi","deplace_chantier","Document historique autorisé, aucune référence ni lien relatif détecté","","24134be5e84da0de9dbb9c456e257242fd51a47b4efcc2bd3871cb5593860003","docs/archive/2026-09-13/chantier/docs/tremplin-delivery.md","24134be5e84da0de9dbb9c456e257242fd51a47b4efcc2bd3871cb5593860003","","[]","métier; simulation vs opérations réelles; contrats cibles","8e07a1071f13d72f07aa0aacfdf3a6534caa0ecb"
"docs/tremplin-discovery-guide.md","document","À archiver","suivi","laisse_en_place","Provenance et intégration des ressources: maintien conservatoire","Provenance et intégration des ressources: maintien conservatoire","53c9c20682f62d05cb5ea3be544bf9febb1383f3267063a263ec1d2c4e6cedab","","","","[]","métier; simulation vs opérations réelles; contrats cibles","8e07a1071f13d72f07aa0aacfdf3a6534caa0ecb"
"docs/tremplin-final-cards-images.md","document","À archiver","suivi","laisse_en_place","Provenance et intégration des ressources: maintien conservatoire","Provenance et intégration des ressources: maintien conservatoire","cbb59351d983a310242de261795742aa880e664261835ac5f2fa062544e2d258","","","","[]","métier; simulation vs opérations réelles; contrats cibles","8e07a1071f13d72f07aa0aacfdf3a6534caa0ecb"
"docs/tremplin-grades-prestige.md","document","À archiver","suivi","laisse_en_place","Provenance et intégration des ressources: maintien conservatoire","Provenance et intégration des ressources: maintien conservatoire","2a227665cfa4112207a3aa37f2d58dc3785706bd6be933d03289c86de4bf2203","","","","[]","métier; simulation vs opérations réelles; contrats cibles","8e07a1071f13d72f07aa0aacfdf3a6534caa0ecb"
"docs/tremplin-home-refactor.md","document","À archiver","suivi","deplace_chantier","Document historique autorisé, aucune référence ni lien relatif détecté","","cc00dc6dcc0f51ad0f0989022ee9055f3b257caa62ff21f8800af7580b112eff","docs/archive/2026-09-13/chantier/docs/tremplin-home-refactor.md","cc00dc6dcc0f51ad0f0989022ee9055f3b257caa62ff21f8800af7580b112eff","","[]","métier; simulation vs opérations réelles; contrats cibles","8e07a1071f13d72f07aa0aacfdf3a6534caa0ecb"
"docs/tremplin-home-refonte.md","document","À archiver","suivi","copie_chantier","Références entrantes: copie historique, original maintenu pour ne pas casser les lecteurs","","bd2b90c169b3eed7404210f200b85978fbbaeebd021b551b9e7a67ad9db47869","docs/archive/2026-09-13/chantier/docs/tremplin-home-refonte.md","bd2b90c169b3eed7404210f200b85978fbbaeebd021b551b9e7a67ad9db47869","docs/tremplin-correction-plan.md","[]","métier; simulation vs opérations réelles; contrats cibles","8e07a1071f13d72f07aa0aacfdf3a6534caa0ecb"
"docs/tremplin-home-talents-image.md","document","À archiver","suivi","laisse_en_place","Provenance et intégration des ressources: maintien conservatoire","Provenance et intégration des ressources: maintien conservatoire","0779c04e42a6d6af68b990d651b71dff96e8e87fd7977773d6213fe26bddf08e","","","","[]","métier; simulation vs opérations réelles; contrats cibles","8e07a1071f13d72f07aa0aacfdf3a6534caa0ecb"
"docs/tremplin-project-wall.md","document","À archiver","suivi","laisse_en_place","Provenance et intégration des ressources: maintien conservatoire","Provenance et intégration des ressources: maintien conservatoire","b7b35b513cc36bb03c1bdba0d2f622ca9afac643d658ffa878264efdfa134290","","","","[]","métier; simulation vs opérations réelles; contrats cibles","8e07a1071f13d72f07aa0aacfdf3a6534caa0ecb"
"docs/tremplin-vocabulary-audit.md","document","À archiver","suivi","deplace_chantier","Document historique autorisé, aucune référence ni lien relatif détecté","","3683ecca11c092c2a0449531dedb31d54c165d5cbcf8b84121e3ef254e52d22c","docs/archive/2026-09-13/chantier/docs/tremplin-vocabulary-audit.md","3683ecca11c092c2a0449531dedb31d54c165d5cbcf8b84121e3ef254e52d22c","","[]","métier; simulation vs opérations réelles; contrats cibles","8e07a1071f13d72f07aa0aacfdf3a6534caa0ecb"
"docs/tremplin/TREMPLIN_PRODUCT_SPEC.md","document","À archiver","suivi","deplace_chantier","Document historique autorisé, aucune référence ni lien relatif détecté","","23c19f11590f3ac221d6b2ebb4e7e28640853858093958a196ff984e5f50fd05","docs/archive/2026-09-13/chantier/docs/tremplin/TREMPLIN_PRODUCT_SPEC.md","23c19f11590f3ac221d6b2ebb4e7e28640853858093958a196ff984e5f50fd05","","[]","métier; simulation vs opérations réelles; contrats cibles","8e07a1071f13d72f07aa0aacfdf3a6534caa0ecb"
"docs/tremplin/token-backend-contract.md","document","À conserver","suivi","laisse_en_place","Vérité technique conservée; aucune réécriture dans la phase 1","","87435af9c3cbbdeb6e009e2622e88509cc74272b04cae16112f28302a46b8f34","","","docs/tremplin-correction-plan.md | docs/tremplin-delivery.md","[]","sécurité; modèle de données; API; déploiement à attester","8e07a1071f13d72f07aa0aacfdf3a6534caa0ecb"
"docs/tremplin/wiring-spec.md","document","À conserver","suivi","laisse_en_place","Vérité technique conservée; aucune réécriture dans la phase 1","","b7ff9d9090e41313cb28cca3bf78dea063aac6fbe6a5ee4f50ec632a9e092d7a","","","","[]","métier; simulation vs opérations réelles; contrats cibles","8e07a1071f13d72f07aa0aacfdf3a6534caa0ecb"
"docs/tv-editorial-policy.md","document","À conserver","suivi","laisse_en_place","Vérité technique conservée; aucune réécriture dans la phase 1","","a1fbdf100074f44de50b00c54d9b0cea5bb8da0a064b647c8826f9a28d7d88d1","","","docs/scene-acceptance-matrix.md | docs/tv-investor-demo-script.md","[]","historique et décisions; périmètre de la version","8e07a1071f13d72f07aa0aacfdf3a6534caa0ecb"
"docs/tv-investor-demo-script.md","document","À archiver","suivi","deplace_chantier","Document historique autorisé, aucune référence ni lien relatif détecté","","0ce5c32201408b254ba05693de21008d54e2a6a3e7231ed33928bdf98cfe6c06","docs/archive/2026-09-13/chantier/docs/tv-investor-demo-script.md","0ce5c32201408b254ba05693de21008d54e2a6a3e7231ed33928bdf98cfe6c06","","[]","historique et décisions; périmètre de la version","8e07a1071f13d72f07aa0aacfdf3a6534caa0ecb"
"docsDO_NOT_USE_FOR_UI_TASKS_SUPABASE_SETUP.md","document","À remplacer","suivi","copie_reference","Sauvegarde avant remplacement; original actif inchangé","","1a8f25286f3f79fa193fe60105d2629dfcc6e3f6e2216b56902ecfe08648f127","docs/archive/2026-09-13/references-remplacees/docsDO_NOT_USE_FOR_UI_TASKS_SUPABASE_SETUP.md","1a8f25286f3f79fa193fe60105d2629dfcc6e3f6e2216b56902ecfe08648f127","","[]","sécurité; modèle de données; API; déploiement à attester","8e07a1071f13d72f07aa0aacfdf3a6534caa0ecb"
"experiments/voice-correction/README.md","document","À archiver","suivi","copie_chantier","Références entrantes: copie historique, original maintenu pour ne pas casser les lecteurs","","51a0327a5f164635edf694940edd3da6f1e064c8fd00f7832b6c563712157dd8","docs/archive/2026-09-13/chantier/experiments/voice-correction/README.md","51a0327a5f164635edf694940edd3da6f1e064c8fd00f7832b6c563712157dd8","docs/meewav-audio-bridge-autotune-2026.md","[{""url"":""./candidates.json"",""target"":""experiments/voice-correction/candidates.json"",""exists"":true},{""url"":""./corpus.manifest.json"",""target"":""experiments/voice-correction/corpus.manifest.json"",""exists"":true},{""url"":""./latency-measurement.mjs"",""target"":""experiments/voice-correction/latency-measurement.mjs"",""exists"":true}]","historique et décisions; périmètre de la version","8e07a1071f13d72f07aa0aacfdf3a6534caa0ecb"
"public/audio/rooms/twists/THIRD_PARTY_NOTICES.md","document","À conserver","suivi","laisse_en_place","Ressource publique, fixture, crédit ou rapport lié aux scripts: maintien conservatoire","Ressource publique, fixture, crédit ou rapport lié aux scripts: maintien conservatoire","c80f8a196f2aa36a9ed73a379a3f4234b448e18686bd658da16f964272da2c4b","","","docs/rooms/PLACE_IOS_COMPLETE_CONTEXT.md","[]","architecture; contrats audio; limites du prototype; licences","8e07a1071f13d72f07aa0aacfdf3a6534caa0ecb"
"public/audio/rooms/wave-test-pack/README.txt","document","À archiver","suivi","laisse_en_place","Ressource publique, fixture, crédit ou rapport lié aux scripts: maintien conservatoire","Ressource publique, fixture, crédit ou rapport lié aux scripts: maintien conservatoire","fdb81be804d591acb910622055c7cbe2edfa3e16c4f2c784deda784941d446db","","","","[]","architecture; contrats audio; limites du prototype; licences","8e07a1071f13d72f07aa0aacfdf3a6534caa0ecb"
"public/avatar/optimization-report-v3.md","document","À archiver","suivi","laisse_en_place","Ressource publique, fixture, crédit ou rapport lié aux scripts: maintien conservatoire","Ressource publique, fixture, crédit ou rapport lié aux scripts: maintien conservatoire","b78e954aa81a3dcc61e2cbe56bf94a476f5b10bf02645552d9b3a9a657b49402","","","scripts/optimize-avatars-v3.mjs","[]","protection technique ou juridique; intégrité du fichier","8e07a1071f13d72f07aa0aacfdf3a6534caa0ecb"
"public/avatar/optimization-report.md","document","À archiver","suivi","laisse_en_place","Ressource publique, fixture, crédit ou rapport lié aux scripts: maintien conservatoire","Ressource publique, fixture, crédit ou rapport lié aux scripts: maintien conservatoire","7dd517881875393daf49a785f212e31a54a8c3d3c3eb217acd14b2dd8f7b4854","","","","[]","protection technique ou juridique; intégrité du fichier","8e07a1071f13d72f07aa0aacfdf3a6534caa0ecb"
"public/images/cage/portraits/CREDITS.md","document","À conserver","suivi","laisse_en_place","Ressource publique, fixture, crédit ou rapport lié aux scripts: maintien conservatoire","Ressource publique, fixture, crédit ou rapport lié aux scripts: maintien conservatoire","7deb752a7d1b2c7564acc544c411b405cabee3fca57531a8319a9befd07a95d1","","","","[]","règles métier; audio/live; permissions; migrations","8e07a1071f13d72f07aa0aacfdf3a6534caa0ecb"
"public/images/rooms/launch/ASSET.md","document","À conserver","suivi","laisse_en_place","Ressource publique, fixture, crédit ou rapport lié aux scripts: maintien conservatoire","Ressource publique, fixture, crédit ou rapport lié aux scripts: maintien conservatoire","9cd84413be0dea0a440790851dbe4a68bb1417e037addf2e961e455d236975a3","","","","[]","règles métier; audio/live; permissions; migrations","8e07a1071f13d72f07aa0aacfdf3a6534caa0ecb"
"public/media/demo/concept-album.txt","document","À archiver","suivi","laisse_en_place","Ressource publique, fixture, crédit ou rapport lié aux scripts: maintien conservatoire","Ressource publique, fixture, crédit ou rapport lié aux scripts: maintien conservatoire","4d941f6f41f4885dd7418ff4b58edabd91b42f9256f470a50b7503facd78be39","","","src/features/profile/profile.data.ts","[]","contrats; données publiques/privées; médias; simulation","8e07a1071f13d72f07aa0aacfdf3a6534caa0ecb"
"scripts/avatar-dispatch/DISPATCH-GUIDE.md","document","À archiver","suivi","laisse_en_place","Provenance et transformation déterministe des données géographiques et fixtures","Provenance et transformation déterministe des données géographiques et fixtures","ed9f766c0505a8367f400f8d15347838e6ab0eba8551abcce218bfc9dfa354c6","","","","[]","architecture; configuration; provenance géographique","8e07a1071f13d72f07aa0aacfdf3a6534caa0ecb"
"server/mvt-tile-server/README.md","document","À archiver","suivi","deplace_chantier","Document historique autorisé, aucune référence ni lien relatif détecté","","93e578d512b93042e72f41599b334356d302eb6f671d27abc4dd04f4caa41896","docs/archive/2026-09-13/chantier/server/mvt-tile-server/README.md","93e578d512b93042e72f41599b334356d302eb6f671d27abc4dd04f4caa41896","","[]","historique et décisions; périmètre de la version","8e07a1071f13d72f07aa0aacfdf3a6534caa0ecb"
"src/features/globe/README.md","document","À remplacer","suivi","copie_reference","Sauvegarde avant remplacement; original actif inchangé","","0d59efd820e1065a89eeb2690805d3cc25ec4c47f3545a4cf3dd7f47bdfa5611","docs/archive/2026-09-13/references-remplacees/src/features/globe/README.md","0d59efd820e1065a89eeb2690805d3cc25ec4c47f3545a4cf3dd7f47bdfa5611","","[{""url"":""./guide-alpha/README.md"",""target"":""src/features/globe/guide-alpha/README.md"",""exists"":false}]","architecture; configuration; provenance géographique","8e07a1071f13d72f07aa0aacfdf3a6534caa0ecb"
"src/features/globe/guide-alpha/CHECKLIST.md","document","À archiver","suivi","laisse_en_place","Référence depuis code, configuration ou script; fichier maintenu à son emplacement","Référencé hors documentation","6e85cf04e41eb675f3c9f1650c75afb74f43f733d28c9e2a06b73bd3ca4e4f74","","","src/features/globe/guide-alpha/COMMUNES-METROPOLITAINES.md | tests/geospatial/generate-city-iris.test.mjs","[]","architecture; configuration; provenance géographique","8e07a1071f13d72f07aa0aacfdf3a6534caa0ecb"
"src/features/globe/guide-alpha/COMMUNES-METROPOLITAINES.md","document","À archiver","suivi","laisse_en_place","Contrat ou provenance géographique","Contrat ou provenance géographique","269a716ddfc0a0056f92a3efaa4e16ee21c419b10f84e7be4a858985614803e7","","","src/features/globe/guide-alpha/CHECKLIST.md","[]","architecture; configuration; provenance géographique","8e07a1071f13d72f07aa0aacfdf3a6534caa0ecb"
"src/features/globe/guide-alpha/COMMUNES-MONO-PLAQUE.md","document","À archiver","suivi","laisse_en_place","Contrat ou provenance géographique","Contrat ou provenance géographique","28b166b4bf330539956040c5b1ea2326d9f43b885711ca7ead07156cf0329984","","","docs/geospatial/france-single-plate-national.md | docs/geospatial/france-wave-6.md | src/features/globe/guide-alpha/CHECKLIST.md | tests/geospatial/generate-city-iris.test.mjs","[]","architecture; configuration; provenance géographique","8e07a1071f13d72f07aa0aacfdf3a6534caa0ecb"
"src/features/globe/guide-alpha/CONTRATS-DONNEES.md","document","À archiver","suivi","laisse_en_place","Contrat ou provenance géographique","Contrat ou provenance géographique","e3a83a4dc011582c339f07df893fd46c53460c01e373c73abdf87e6de91ce5be","","","src/features/globe/guide-alpha/CHECKLIST.md | tests/geospatial/generate-city-iris.test.mjs","[]","architecture; configuration; provenance géographique","8e07a1071f13d72f07aa0aacfdf3a6534caa0ecb"
"src/features/globe/mapMechanics/flyMechanicsSnapshot.md","document","À archiver","suivi","deplace_chantier","Document historique autorisé, aucune référence ni lien relatif détecté","","8500fe0ffde4515b77dca94461ceb158650b65b9d494205c73e7ea0bdba2c67c","docs/archive/2026-09-13/chantier/src/features/globe/mapMechanics/flyMechanicsSnapshot.md","8500fe0ffde4515b77dca94461ceb158650b65b9d494205c73e7ea0bdba2c67c","","[]","architecture; configuration; provenance géographique","8e07a1071f13d72f07aa0aacfdf3a6534caa0ecb"
"src/features/scene/mediaGovernance/BACKEND_DEPENDENCIES.md","document","À conserver","suivi","laisse_en_place","Vérité technique conservée; aucune réécriture dans la phase 1","","a63a3f0260621f28416a89cbdd40d6f4e82120a504a2e28fb73c63c611dd4536","","","docs/scene-acceptance-matrix.md | docs/scene-final-audit.md","[]","sécurité; modèle de données; API; déploiement à attester","8e07a1071f13d72f07aa0aacfdf3a6534caa0ecb"
"src/features/scene/mediaSession/INTEGRATION.md","document","À conserver","suivi","laisse_en_place","Vérité technique conservée; aucune réécriture dans la phase 1","","cc33a045af8fc7449c80faa62c8053ea8bcbf8859c16429b632f100ec5709408","","","","[]","contrats; données publiques/privées; médias; simulation","8e07a1071f13d72f07aa0aacfdf3a6534caa0ecb"
"src/features/scene/tv/AVAILABILITY_GATE.md","document","À conserver","suivi","laisse_en_place","Vérité technique conservée; aucune réécriture dans la phase 1","","6beab0ee51e5fd2869d4e15569023d93dea6754e3215d64ecf349c2644f9c2c5","","","","[]","contrats; données publiques/privées; médias; simulation","8e07a1071f13d72f07aa0aacfdf3a6534caa0ecb"
"src/features/scene/tv/BROADCAST_PRESENTATION.md","document","À conserver","suivi","laisse_en_place","Vérité technique conservée; aucune réécriture dans la phase 1","","85a724eaa2c1aa59cc098f71eeae026298ac9c0f7597905497c9e3a5d964352d","","","","[]","contrats; données publiques/privées; médias; simulation","8e07a1071f13d72f07aa0aacfdf3a6534caa0ecb"
"supabase/functions/livekit-revocation-worker/README.md","document","À conserver","suivi","laisse_en_place","Vérité technique conservée; aucune réécriture dans la phase 1","Référencé hors documentation","39467424a8aecae0095393761f798710e66b30988dfa1c9d2d7220f4d9b8ded4","","","tests/rooms/livekit-revocation-scheduler-contract.test.mjs","[]","sécurité; modèle de données; API; déploiement à attester","8e07a1071f13d72f07aa0aacfdf3a6534caa0ecb"
"vendor/globe-vinyle/CITY-LANDMARKS.md","document","À conserver","suivi","laisse_en_place","Vérité technique conservée; aucune réécriture dans la phase 1","","539bdba6dfed193d4ee4b7a383f219f546fa412a6c218950d17a87d3876c62a3","","","","[]","architecture; configuration; provenance géographique","8e07a1071f13d72f07aa0aacfdf3a6534caa0ecb"
"vendor/globe-vinyle/EIFFEL-AVATAR-CLEARANCE.md","document","À conserver","suivi","laisse_en_place","Vérité technique conservée; aucune réécriture dans la phase 1","","41a751cde1c02330ec0abe9f7d978da5c7ab2a0e046ebeb06c79cac95608d528","","","","[]","architecture; configuration; provenance géographique","8e07a1071f13d72f07aa0aacfdf3a6534caa0ecb"
"vendor/globe-vinyle/NICE-NEGRESCO.md","document","À conserver","suivi","laisse_en_place","Vérité technique conservée; aucune réécriture dans la phase 1","","4cb12ffb60161a9ee30eeb7a7b5bbad90aa681b5ec8d90d5e4cd8d5c7c6b6094","","","","[]","architecture; configuration; provenance géographique","8e07a1071f13d72f07aa0aacfdf3a6534caa0ecb"
"vendor/globe-vinyle/README.md","document","À conserver","suivi","laisse_en_place","Vérité technique conservée; aucune réécriture dans la phase 1","","a497de5c1ece61e3acb2ba7afd68854455439f656491f38c2a76377155dd746c","","","","[]","architecture; configuration; provenance géographique","8e07a1071f13d72f07aa0aacfdf3a6534caa0ecb"
"vendor/globe-vinyle/assets/models/README.md","document","À conserver","suivi","laisse_en_place","Provenance ou notice juridique","Provenance ou notice juridique","a175f20298d3eb4fd5c3901a9948e6d9248e4181a9e8d483723fe44826598ba6","","","","[]","architecture; configuration; provenance géographique","8e07a1071f13d72f07aa0aacfdf3a6534caa0ecb"
"vendor/globe-vinyle/data/SOURCES.md","document","À conserver","suivi","laisse_en_place","Provenance ou notice juridique","Provenance ou notice juridique","b1286de8c3d54d6ffc775374174598ce1cc73cf8483d7214d256a75ad3f2be5f","","","","[]","architecture; configuration; provenance géographique","8e07a1071f13d72f07aa0aacfdf3a6534caa0ecb"
"vendor/globe-vinyle/shared/src/vendor/vinyl-v2/README.md","document","À conserver","suivi","laisse_en_place","Vérité technique conservée; aucune réécriture dans la phase 1","","70d91138086dc998b73158ef0ed86a3809e2557b6c9918e8acb9ab8ba220abf2","","","","[]","architecture; configuration; provenance géographique","8e07a1071f13d72f07aa0aacfdf3a6534caa0ecb"
"vendor/meewav-vinyl/INTEGRATION.md","document","À conserver","suivi","laisse_en_place","Vérité technique conservée; aucune réécriture dans la phase 1","","c857fb146b8f66efcd88111491bea6ec6affcd9004697648cdfba674e5c919b6","","","GLOBE-VINYLE-INTEGRATION.md | vendor/globe-vinyle/shared/src/vendor/vinyl-v2/README.md","[]","architecture; contrats audio; limites du prototype; licences","8e07a1071f13d72f07aa0aacfdf3a6534caa0ecb"
"vendor/meewav-vinyl/README.md","document","À archiver","suivi","deplace_chantier","Document historique autorisé, aucune référence ni lien relatif détecté","","52828d9a28afdab260282507dae542d0360bfb5f31830db2f7af1c6aceec4453","docs/archive/2026-09-13/chantier/vendor/meewav-vinyl/README.md","52828d9a28afdab260282507dae542d0360bfb5f31830db2f7af1c6aceec4453","","[]","architecture; contrats audio; limites du prototype; licences","8e07a1071f13d72f07aa0aacfdf3a6534caa0ecb"
"vendor/meewav-vinyl/demo/THIRD_PARTY_NOTICES.txt","document","À conserver","suivi","laisse_en_place","Provenance ou notice juridique","Provenance ou notice juridique","df796ef71737094f478a0abf5a644c41a2644272637b29f755771ca9d4fe8c53","","","","[]","architecture; contrats audio; limites du prototype; licences","8e07a1071f13d72f07aa0aacfdf3a6534caa0ecb"
".env.audio-lab","configuration_ou_provenance","À conserver","suivi","laisse_en_place","Fichier protégé, aucune modification","SQL, schéma, configuration, licence ou provenance","dd81afcf73d2165b8c9d44f7bd25b62bc60bcf5cc1560709dd9de573ffd0fafb","","","","[]","architecture; contrats audio; limites du prototype; licences","8e07a1071f13d72f07aa0aacfdf3a6534caa0ecb"
".env.example","configuration_ou_provenance","À conserver","suivi","laisse_en_place","Fichier protégé, aucune modification","SQL, schéma, configuration, licence ou provenance","fbcc558afd18fd8afd40e3f2cbd74e612f010e4cebe602af71f587c7022497f3","","","","[]","protection technique ou juridique; intégrité du fichier","8e07a1071f13d72f07aa0aacfdf3a6534caa0ecb"
".gitattributes","configuration_ou_provenance","À conserver","suivi","laisse_en_place","Fichier protégé, aucune modification","SQL, schéma, configuration, licence ou provenance","c172e1bbd16bed9a4fa7ac177abdeaf84e8ecea85459f00265a0e3a56bc79cdd","","","","[]","protection technique ou juridique; intégrité du fichier","8e07a1071f13d72f07aa0aacfdf3a6534caa0ecb"
".gitignore","configuration_ou_provenance","À conserver","suivi","laisse_en_place","Fichier protégé, aucune modification","SQL, schéma, configuration, licence ou provenance","343098047dcd6453d23f97a699bc02316d09e2b306cd64cdab4b08cfcc33df08","","","","[]","protection technique ou juridique; intégrité du fichier","8e07a1071f13d72f07aa0aacfdf3a6534caa0ecb"
"apps/meewav-audio-engine/.gitignore","configuration_ou_provenance","À conserver","suivi","laisse_en_place","Fichier protégé, aucune modification","SQL, schéma, configuration, licence ou provenance","9a8dd001590629e298b9de44f2f7a2ccce21ed4fa8c5ac8aa0a7ce3cd24bb670","","","","[]","architecture; contrats audio; limites du prototype; licences","8e07a1071f13d72f07aa0aacfdf3a6534caa0ecb"
"apps/meewav-audio-engine/CMakeLists.txt","configuration_ou_provenance","À conserver","suivi","laisse_en_place","Fichier protégé, aucune modification","SQL, schéma, configuration, licence ou provenance","f9752131824b8b1412eb4e2a56ae345b263cb10600ff451f255b3d987d39e5df","","","","[]","architecture; contrats audio; limites du prototype; licences","8e07a1071f13d72f07aa0aacfdf3a6534caa0ecb"
"apps/meewav-audio-engine/schemas/control-command.schema.json","schema","À conserver","suivi","laisse_en_place","Fichier protégé, aucune modification","SQL, schéma, configuration, licence ou provenance","e3f861d15a97661c524742be3818bdb024e873149f4a62a3f4dc247119c22cc0","","","","[]","architecture; contrats audio; limites du prototype; licences","8e07a1071f13d72f07aa0aacfdf3a6534caa0ecb"
"apps/meewav-audio-engine/schemas/plugin-scan-request.schema.json","schema","À conserver","suivi","laisse_en_place","Fichier protégé, aucune modification","SQL, schéma, configuration, licence ou provenance","67c4f4e7c17caee3db6b375d0b4a861e7a32313f6d093860859022c07427f225","","","","[]","architecture; contrats audio; limites du prototype; licences","8e07a1071f13d72f07aa0aacfdf3a6534caa0ecb"
"apps/meewav-audio-engine/schemas/plugin-scan-response.schema.json","schema","À conserver","suivi","laisse_en_place","Fichier protégé, aucune modification","SQL, schéma, configuration, licence ou provenance","9d11c826a7ea9a2b94edaaac674eb07ea34de5a5f144a7348388a4b86ed3a891","","","","[]","architecture; contrats audio; limites du prototype; licences","8e07a1071f13d72f07aa0aacfdf3a6534caa0ecb"
"data/scene-media-license-manifest.json","configuration_ou_provenance","À conserver","suivi","laisse_en_place","Fichier protégé, aucune modification","SQL, schéma, configuration, licence ou provenance","f19d6cbaac25fdbf54c4785bedc1922d85148e4805d5c24c43a0650b370fdeb5","","","","[]","contrats; données publiques/privées; médias; simulation","8e07a1071f13d72f07aa0aacfdf3a6534caa0ecb"
"data/tv-media-license-manifest.json","configuration_ou_provenance","À conserver","suivi","laisse_en_place","Fichier protégé, aucune modification","SQL, schéma, configuration, licence ou provenance","a895053bff95cced52c3f433338c5e30e3e40b806dc9defaf65562727f616a2c","","","","[]","contrats; données publiques/privées; médias; simulation","8e07a1071f13d72f07aa0aacfdf3a6534caa0ecb"
"eslint.config.js","configuration_ou_provenance","À conserver","suivi","laisse_en_place","Fichier protégé, aucune modification","SQL, schéma, configuration, licence ou provenance","2c4786df2cdb14aa680bfa299f0c24113c5387f89ae2ffc2f06a3d77aee2d3dd","","","","[]","protection technique ou juridique; intégrité du fichier","8e07a1071f13d72f07aa0aacfdf3a6534caa0ecb"
"experiments/voice-correction/generated/.gitignore","configuration_ou_provenance","À conserver","suivi","laisse_en_place","Fichier protégé, aucune modification","SQL, schéma, configuration, licence ou provenance","4bb38be6d6d9ef0d2f9bcc339850ff48d821eccfa739369402b354c9ba946ea2","","","","[]","protection technique ou juridique; intégrité du fichier","8e07a1071f13d72f07aa0aacfdf3a6534caa0ecb"
"geo/output/.gitignore","configuration_ou_provenance","À conserver","suivi","laisse_en_place","Fichier protégé, aucune modification","SQL, schéma, configuration, licence ou provenance","4bb38be6d6d9ef0d2f9bcc339850ff48d821eccfa739369402b354c9ba946ea2","","","","[]","protection technique ou juridique; intégrité du fichier","8e07a1071f13d72f07aa0aacfdf3a6534caa0ecb"
"geo/schema/administrative-zone.schema.json","schema","À conserver","suivi","laisse_en_place","Fichier protégé, aucune modification","SQL, schéma, configuration, licence ou provenance","8cf9fdc87c2ad246b836e95645b3a57e27c4472a16c8d2d5a960838047c0d2ab","","","","[]","sécurité; modèle de données; API; déploiement à attester","8e07a1071f13d72f07aa0aacfdf3a6534caa0ecb"
"geo/schema/dataset-version.schema.json","schema","À conserver","suivi","laisse_en_place","Fichier protégé, aucune modification","SQL, schéma, configuration, licence ou provenance","c2ba7b388978e7e7c466e7a34a0fefb45fc11768e995b4817a2b5f77652fd159","","","","[]","sécurité; modèle de données; API; déploiement à attester","8e07a1071f13d72f07aa0aacfdf3a6534caa0ecb"
"geo/schema/music-zone.schema.json","schema","À conserver","suivi","laisse_en_place","Fichier protégé, aucune modification","SQL, schéma, configuration, licence ou provenance","5c93df3a7264418e97a614b109acc9ac1d81831ebb9592ade6a9481e8c5dd192","","","","[]","sécurité; modèle de données; API; déploiement à attester","8e07a1071f13d72f07aa0aacfdf3a6534caa0ecb"
"meewav_mock_artists_schema.sql","sql","À conserver","suivi","laisse_en_place","Fichier protégé, aucune modification","SQL, schéma, configuration, licence ou provenance","fb3d6545834b52135dd130fd3e3530b1e3c18370c0b3a5d55b19351936bf170e","","","","[]","sécurité; modèle de données; API; déploiement à attester","8e07a1071f13d72f07aa0aacfdf3a6534caa0ecb"
"package-lock.json","configuration_ou_provenance","À conserver","suivi","laisse_en_place","Fichier protégé, aucune modification","SQL, schéma, configuration, licence ou provenance","873e08446dcb6c65354a8cb7d49ec20c4d0bc0b1300c2f72ba4c685636b96ca8","","","","[]","protection technique ou juridique; intégrité du fichier","8e07a1071f13d72f07aa0aacfdf3a6534caa0ecb"
"package.json","configuration_ou_provenance","À conserver","suivi","laisse_en_place","Fichier protégé, aucune modification","SQL, schéma, configuration, licence ou provenance","5e935e2cd9ec119b78ef42ed45cf3a53736c57df320327cb85f69ebecaf53f77","","","","[]","protection technique ou juridique; intégrité du fichier","8e07a1071f13d72f07aa0aacfdf3a6534caa0ecb"
"public/media/preprofile-demo/media-license-manifest.json","configuration_ou_provenance","À conserver","suivi","laisse_en_place","Fichier protégé, aucune modification","SQL, schéma, configuration, licence ou provenance","9974b0c93081ca678d6596fd6065e1ad95f25ffc1a75cd502dae704e65cbaf7b","","","","[]","contrats; données publiques/privées; médias; simulation","8e07a1071f13d72f07aa0aacfdf3a6534caa0ecb"
"scripts/avatar-dispatch/backups/.gitignore","configuration_ou_provenance","À conserver","suivi","laisse_en_place","Fichier protégé, aucune modification","SQL, schéma, configuration, licence ou provenance","4bb38be6d6d9ef0d2f9bcc339850ff48d821eccfa739369402b354c9ba946ea2","","","","[]","architecture; configuration; provenance géographique","8e07a1071f13d72f07aa0aacfdf3a6534caa0ecb"
"scripts/avatar-dispatch/reports/.gitignore","configuration_ou_provenance","À conserver","suivi","laisse_en_place","Fichier protégé, aucune modification","SQL, schéma, configuration, licence ou provenance","4bb38be6d6d9ef0d2f9bcc339850ff48d821eccfa739369402b354c9ba946ea2","","","","[]","architecture; configuration; provenance géographique","8e07a1071f13d72f07aa0aacfdf3a6534caa0ecb"
"scripts/market-scene-sources.json","configuration_ou_provenance","À conserver","suivi","laisse_en_place","Fichier protégé, aucune modification","SQL, schéma, configuration, licence ou provenance","5fcfe1ae924c8dcc36869315a780bf0c2922629d105c5929affd12da428e5247","","","","[]","métier; simulation vs opérations réelles; contrats cibles","8e07a1071f13d72f07aa0aacfdf3a6534caa0ecb"
"server/mvt-tile-server/.env.example","configuration_ou_provenance","À conserver","suivi","laisse_en_place","Fichier protégé, aucune modification","SQL, schéma, configuration, licence ou provenance","802b7a5b08e5a4a2cceaa0d247bbbcd3cf206657cef755d5b4a4a2a42a63d6ac","","","","[]","protection technique ou juridique; intégrité du fichier","8e07a1071f13d72f07aa0aacfdf3a6534caa0ecb"
"server/mvt-tile-server/init.sql","sql","À conserver","suivi","laisse_en_place","Fichier protégé, aucune modification","SQL, schéma, configuration, licence ou provenance","aa6d5850c79ae8d1d079dd736b0c01147c396be6b5fa81a87fe25ba746477e09","","","","[]","protection technique ou juridique; intégrité du fichier","8e07a1071f13d72f07aa0aacfdf3a6534caa0ecb"
"server/mvt-tile-server/package-lock.json","configuration_ou_provenance","À conserver","suivi","laisse_en_place","Fichier protégé, aucune modification","SQL, schéma, configuration, licence ou provenance","6710f80cdfe916687f8bd6e6ed22af3906698739dfb47618d9212671a0998baa","","","","[]","protection technique ou juridique; intégrité du fichier","8e07a1071f13d72f07aa0aacfdf3a6534caa0ecb"
"server/mvt-tile-server/package.json","configuration_ou_provenance","À conserver","suivi","laisse_en_place","Fichier protégé, aucune modification","SQL, schéma, configuration, licence ou provenance","aaf0a8c8002b4a86a93b7f98903afe5e02f7259e6fcbe20398b2ef835bb3c6a4","","","","[]","protection technique ou juridique; intégrité du fichier","8e07a1071f13d72f07aa0aacfdf3a6534caa0ecb"
"server/mvt-tile-server/sql/geography.sql","sql","À conserver","suivi","laisse_en_place","Fichier protégé, aucune modification","SQL, schéma, configuration, licence ou provenance","9fd29c749777c7e6415ec5ed3a4cea562ebe86b5647689d56d80e6140bf059a9","","","","[]","protection technique ou juridique; intégrité du fichier","8e07a1071f13d72f07aa0aacfdf3a6534caa0ecb"
"supabase/.gitignore","configuration_ou_provenance","À conserver","suivi","laisse_en_place","Fichier protégé, aucune modification","SQL, schéma, configuration, licence ou provenance","eccd25cd50cd8cb5447b70754f7dfa8dfc0008ce7b147c96f53fc4cfe6c78783","","","","[]","sécurité; modèle de données; API; déploiement à attester","8e07a1071f13d72f07aa0aacfdf3a6534caa0ecb"
"supabase/config.toml","configuration_ou_provenance","À conserver","suivi","laisse_en_place","Fichier protégé, aucune modification","SQL, schéma, configuration, licence ou provenance","3351cd5c83545cb4c82315b054f713e5c7881b6a9958227b6c8c5afe8b04d6b2","","","","[]","sécurité; modèle de données; API; déploiement à attester","8e07a1071f13d72f07aa0aacfdf3a6534caa0ecb"
"supabase/legacy_migrations_unapplied/20260707170000_artist_grades.sql","sql","À conserver","suivi","laisse_en_place","Fichier protégé, aucune modification","SQL, schéma, configuration, licence ou provenance","84210cb64e20b6bf9a0d3a8b11483f67da5fd8e62f86d97d16bdf7bf66c17376","","","","[]","sécurité; modèle de données; API; déploiement à attester","8e07a1071f13d72f07aa0aacfdf3a6534caa0ecb"
"supabase/legacy_migrations_unapplied/20260708110000_artist_grade_level_badges.sql","sql","À conserver","suivi","laisse_en_place","Fichier protégé, aucune modification","SQL, schéma, configuration, licence ou provenance","67be0e3e0329af3188002fa2abec980613211fa31c724fded8004a3ca1b4a1af","","","","[]","sécurité; modèle de données; API; déploiement à attester","8e07a1071f13d72f07aa0aacfdf3a6534caa0ecb"
"supabase/legacy_migrations_unapplied/20260708123000_golden_likes.sql","sql","À conserver","suivi","laisse_en_place","Fichier protégé, aucune modification","SQL, schéma, configuration, licence ou provenance","ef14e9cf88855aa9cd9769d8a1060286dce789e58e570f35ade0408bcf7538ce","","","","[]","sécurité; modèle de données; API; déploiement à attester","8e07a1071f13d72f07aa0aacfdf3a6534caa0ecb"
"supabase/legacy_migrations_unapplied/20260708143000_artist_filter_roles.sql","sql","À conserver","suivi","laisse_en_place","Fichier protégé, aucune modification","SQL, schéma, configuration, licence ou provenance","b3d2ce5ff94832cfe58023f9cc92fe8a1ee7d0dafef666fa595999387eb0120f","","","","[]","sécurité; modèle de données; API; déploiement à attester","8e07a1071f13d72f07aa0aacfdf3a6534caa0ecb"
"supabase/legacy_migrations_unapplied/20260709153000_owner_preprofile_editing.sql","sql","À conserver","suivi","laisse_en_place","Fichier protégé, aucune modification","SQL, schéma, configuration, licence ou provenance","c7b40a58dcc696de4e3b37654ac9b33d762c4577bc3593200ee901440da323ab","","","","[]","sécurité; modèle de données; API; déploiement à attester","8e07a1071f13d72f07aa0aacfdf3a6534caa0ecb"
"supabase/migrations/20260508101304_remote_schema.sql","sql","À conserver","suivi","laisse_en_place","Fichier protégé, aucune modification","SQL, schéma, configuration, licence ou provenance","1b35c77f756a68f80d9b419e6936d4d99f5ef9ebf38117aaa1925dda99f9957f","","","","[]","sécurité; modèle de données; API; déploiement à attester","8e07a1071f13d72f07aa0aacfdf3a6534caa0ecb"
"supabase/migrations/20260508174330_auth_profile_metadata.sql","sql","À conserver","suivi","laisse_en_place","Fichier protégé, aucune modification","SQL, schéma, configuration, licence ou provenance","fccab5b3dcca95af70ba0adac56eb2ab88c37d49e0de20c5d1629aa5502e56ce","","","","[]","sécurité; modèle de données; API; déploiement à attester","8e07a1071f13d72f07aa0aacfdf3a6534caa0ecb"
"supabase/migrations/20260508194256_profile_visibility_and_username_lookup.sql","sql","À conserver","suivi","laisse_en_place","Fichier protégé, aucune modification","SQL, schéma, configuration, licence ou provenance","177e6594749b209e7f6aab9b58170bbee8eed7f04e11255b05f27891e96d87bd","","","","[]","sécurité; modèle de données; API; déploiement à attester","8e07a1071f13d72f07aa0aacfdf3a6534caa0ecb"
"supabase/migrations/20260526111500_profile_backend_wiring.sql","sql","À conserver","suivi","laisse_en_place","Fichier protégé, aucune modification","SQL, schéma, configuration, licence ou provenance","aef392e94e521bf42a449924792491c8155b09d27044e88c45d1e0771cfb2794","","","","[]","sécurité; modèle de données; API; déploiement à attester","8e07a1071f13d72f07aa0aacfdf3a6534caa0ecb"
"supabase/migrations/20260528123000_rooms_place_invite_workflow.sql","sql","À conserver","suivi","laisse_en_place","Fichier protégé, aucune modification","SQL, schéma, configuration, licence ou provenance","a0e3656c3f414146c046919f1add654966f3cadf6b161a584e551927ce7a79e1","","","","[]","sécurité; modèle de données; API; déploiement à attester","8e07a1071f13d72f07aa0aacfdf3a6534caa0ecb"
"supabase/migrations/20260529133500_rooms_place_mixer_state.sql","sql","À conserver","suivi","laisse_en_place","Fichier protégé, aucune modification","SQL, schéma, configuration, licence ou provenance","031fae31494496ff6e2a42b6ccd38ddc4476ba24b2d1ec613ee19b96bea83b78","","","","[]","sécurité; modèle de données; API; déploiement à attester","8e07a1071f13d72f07aa0aacfdf3a6534caa0ecb"
"supabase/migrations/20260530210500_rooms_own_mixer_gains.sql","sql","À conserver","suivi","laisse_en_place","Fichier protégé, aucune modification","SQL, schéma, configuration, licence ou provenance","4f08ec54c09e3de77b5cfe84b43f12023908bd496ec6f1a9e7b8316186db67a1","","","","[]","sécurité; modèle de données; API; déploiement à attester","8e07a1071f13d72f07aa0aacfdf3a6534caa0ecb"
"supabase/migrations/20260531172000_rooms_tools_polls_and_pins.sql","sql","À conserver","suivi","laisse_en_place","Fichier protégé, aucune modification","SQL, schéma, configuration, licence ou provenance","561c2489d11da8797eb142e979a00bd7e9c02d0c65cc4ea89be8cb41a21f56a7","","","","[]","sécurité; modèle de données; API; déploiement à attester","8e07a1071f13d72f07aa0aacfdf3a6534caa0ecb"
"supabase/migrations/20260603123000_rooms_mux_broadcast.sql","sql","À conserver","suivi","laisse_en_place","Fichier protégé, aucune modification","SQL, schéma, configuration, licence ou provenance","327f2a3073e7fc322c92c39c17f5915a465adc2cc9a008d05f5b8d091b5ebc55","","","","[]","sécurité; modèle de données; API; déploiement à attester","8e07a1071f13d72f07aa0aacfdf3a6534caa0ecb"
"supabase/migrations/20260613111500_rooms_chat_moderation_actions.sql","sql","À conserver","suivi","laisse_en_place","Fichier protégé, aucune modification","SQL, schéma, configuration, licence ou provenance","71f7f500b769f7e9693606bc8c23216f91bb14b2b51b0e1395d759a898a85ed8","","","","[]","sécurité; modèle de données; API; déploiement à attester","8e07a1071f13d72f07aa0aacfdf3a6534caa0ecb"
"supabase/migrations/20260715021500_signup_music_scene_profile.sql","sql","À conserver","suivi","laisse_en_place","Fichier protégé, aucune modification","SQL, schéma, configuration, licence ou provenance","cc80a5d48e35eaa95a038c7f476b266fe36ebdc824a81b25e47efcdce2250cb7","","","","[]","sécurité; modèle de données; API; déploiement à attester","8e07a1071f13d72f07aa0aacfdf3a6534caa0ecb"
"supabase/migrations/20260715033000_profile_username_length_guard.sql","sql","À conserver","suivi","laisse_en_place","Fichier protégé, aucune modification","SQL, schéma, configuration, licence ou provenance","531b9a2a33215bfd368ad0229dd2e4ec2f89c50a676645c752e4114ee2e14a82","","","","[]","sécurité; modèle de données; API; déploiement à attester","8e07a1071f13d72f07aa0aacfdf3a6534caa0ecb"
"supabase/migrations/20260716203000_meewav_identity_social_foundation.sql","sql","À conserver","suivi","laisse_en_place","Fichier protégé, aucune modification","SQL, schéma, configuration, licence ou provenance","4519224575d4ca920e36bb947d017fee6d7ea8e1f4805c42de53d9a60307da40","","","","[]","sécurité; modèle de données; API; déploiement à attester","8e07a1071f13d72f07aa0aacfdf3a6534caa0ecb"
"supabase/migrations/20260716204000_meewav_grades_analytics_foundation.sql","sql","À conserver","suivi","laisse_en_place","Fichier protégé, aucune modification","SQL, schéma, configuration, licence ou provenance","e46777c3e3074a04b1e0a5b302bbca26b39dc1b125ca3820eaa58b66ac41279f","","","","[]","sécurité; modèle de données; API; déploiement à attester","8e07a1071f13d72f07aa0aacfdf3a6534caa0ecb"
"supabase/migrations/20260716205000_meewav_media_foundation.sql","sql","À conserver","suivi","laisse_en_place","Fichier protégé, aucune modification","SQL, schéma, configuration, licence ou provenance","5bd009df46736cb5d9917f01d3d8f01290537f8bc1a2f33dbcf979bde8451717","","","","[]","sécurité; modèle de données; API; déploiement à attester","8e07a1071f13d72f07aa0aacfdf3a6534caa0ecb"
"supabase/migrations/20260716210000_profile_globe_golden_likes_foundation.sql","sql","À conserver","suivi","laisse_en_place","Fichier protégé, aucune modification","SQL, schéma, configuration, licence ou provenance","20ec76a0380dc226a0da35b6be9cd640beba59ce879004cd2d81f2aa97e29faa","","","","[]","architecture; configuration; provenance géographique","8e07a1071f13d72f07aa0aacfdf3a6534caa0ecb"
"supabase/migrations/20260716211000_globe_collaboration_requests.sql","sql","À conserver","suivi","laisse_en_place","Fichier protégé, aucune modification","SQL, schéma, configuration, licence ou provenance","9ab737f834023614c826933c5b19273955849d890a017d2510ffd8b870c50810","","","","[]","architecture; configuration; provenance géographique","8e07a1071f13d72f07aa0aacfdf3a6534caa0ecb"
"supabase/migrations/20260718183000_meewav_public_write_lockdown.sql","sql","À conserver","suivi","laisse_en_place","Fichier protégé, aucune modification","SQL, schéma, configuration, licence ou provenance","1f618839702c918fb26b1a98625ccc66e7e650a37e19bdb0cd0b97a84c6182a2","","","","[]","sécurité; modèle de données; API; déploiement à attester","8e07a1071f13d72f07aa0aacfdf3a6534caa0ecb"
"supabase/migrations/20260718190000_meewav_cross_client_contract_v1.sql","sql","À conserver","suivi","laisse_en_place","Fichier protégé, aucune modification","SQL, schéma, configuration, licence ou provenance","c2a279f09fdfc5e1af9d8d48ae1f5da8291b68b5d4cf276601667f2d7860be35","","","","[]","sécurité; modèle de données; API; déploiement à attester","8e07a1071f13d72f07aa0aacfdf3a6534caa0ecb"
"supabase/migrations/20260718191000_meewav_messaging_foundation_v1.sql","sql","À conserver","suivi","laisse_en_place","Fichier protégé, aucune modification","SQL, schéma, configuration, licence ou provenance","28d58471b1678e4b4323bee8ab3cb242069592fa1ef5aca2e4368aaa004421b8","","","","[]","sécurité; modèle de données; API; déploiement à attester","8e07a1071f13d72f07aa0aacfdf3a6534caa0ecb"
"supabase/migrations/20260718192000_messaging_collaboration_workflow_v1.sql","sql","À conserver","suivi","laisse_en_place","Fichier protégé, aucune modification","SQL, schéma, configuration, licence ou provenance","9c8ade1b9f600119854f248784a7572c60dad7865bc5f602f1881c702a5168f3","","","","[]","sécurité; modèle de données; API; déploiement à attester","8e07a1071f13d72f07aa0aacfdf3a6534caa0ecb"
"supabase/migrations/20260718193000_messaging_projects_core_v1.sql","sql","À conserver","suivi","laisse_en_place","Fichier protégé, aucune modification","SQL, schéma, configuration, licence ou provenance","d158d2c849814f642a9496a7fcf630d4e7f5699e6c923b4cc22e73541da5d801","","","","[]","sécurité; modèle de données; API; déploiement à attester","8e07a1071f13d72f07aa0aacfdf3a6534caa0ecb"
"supabase/migrations/20260718194000_messaging_attachments_v1.sql","sql","À conserver","suivi","laisse_en_place","Fichier protégé, aucune modification","SQL, schéma, configuration, licence ou provenance","682de00d6cee5a1ae9be985ad4cd4011068fc47916b7000f40fb24517d81a282","","","","[]","sécurité; modèle de données; API; déploiement à attester","8e07a1071f13d72f07aa0aacfdf3a6534caa0ecb"
"supabase/migrations/20260718195000_messaging_artist_groups_core_v1.sql","sql","À conserver","suivi","laisse_en_place","Fichier protégé, aucune modification","SQL, schéma, configuration, licence ou provenance","47ed32663b18c7eec0655945f3771ad01e1e6b111460c985437e231901d1f8e7","","","","[]","sécurité; modèle de données; API; déploiement à attester","8e07a1071f13d72f07aa0aacfdf3a6534caa0ecb"
"supabase/migrations/20260718200000_messaging_realtime_broadcast_v1.sql","sql","À conserver","suivi","laisse_en_place","Fichier protégé, aucune modification","SQL, schéma, configuration, licence ou provenance","d4c411fd6aa49c0705827fe5ec024858b0c0ea0cc183db6e1aa1d618744fd693","","","","[]","sécurité; modèle de données; API; déploiement à attester","8e07a1071f13d72f07aa0aacfdf3a6534caa0ecb"
"supabase/migrations/20260719030000_marketplace_catalog_foundation_v1.sql","sql","À conserver","suivi","laisse_en_place","Fichier protégé, aucune modification","SQL, schéma, configuration, licence ou provenance","aa6646062a048088d92fb0a89d6252547ee462feb1928eb02db51f32ae12047f","","","","[]","sécurité; modèle de données; API; déploiement à attester","8e07a1071f13d72f07aa0aacfdf3a6534caa0ecb"
"supabase/migrations/20260719040000_marketplace_catalog_filters_v2.sql","sql","À conserver","suivi","laisse_en_place","Fichier protégé, aucune modification","SQL, schéma, configuration, licence ou provenance","f882cec4fced32a7a780447a2ac5c8e5ff0c45fb0be25097a6241833eb764bbc","","","","[]","sécurité; modèle de données; API; déploiement à attester","8e07a1071f13d72f07aa0aacfdf3a6534caa0ecb"
"supabase/migrations/20260719050000_globe_treasure_campaign_v1.sql","sql","À conserver","suivi","laisse_en_place","Fichier protégé, aucune modification","SQL, schéma, configuration, licence ou provenance","927642d055649a3f8403b6b3a412459a2b3e93ac09cc19df8b1b81311d23eed4","","","","[]","architecture; configuration; provenance géographique","8e07a1071f13d72f07aa0aacfdf3a6534caa0ecb"
"supabase/migrations/20260720090000_profile_geographic_rankings_v1.sql","sql","À conserver","suivi","laisse_en_place","Fichier protégé, aucune modification","SQL, schéma, configuration, licence ou provenance","cd056ac469753382c779a96991c8abc666d07f834dc92e3161eecfb920cedf1a","","","","[]","sécurité; modèle de données; API; déploiement à attester","8e07a1071f13d72f07aa0aacfdf3a6534caa0ecb"
"supabase/migrations/20260731120000_shorts_client_collaboration_source.sql","sql","À conserver","suivi","laisse_en_place","Fichier protégé, aucune modification","SQL, schéma, configuration, licence ou provenance","c5b083aaa9a2081d35f29a3e40d3a987291279f4b15e952cabf5897b0908633a","","","","[]","sécurité; modèle de données; API; déploiement à attester","8e07a1071f13d72f07aa0aacfdf3a6534caa0ecb"
"supabase/migrations/20260731121000_golden_like_given_artist_state.sql","sql","À conserver","suivi","laisse_en_place","Fichier protégé, aucune modification","SQL, schéma, configuration, licence ou provenance","7c48f1cb232fd477399a61d1f8db6ccda244c60edcd7dcf079493a2a96f74fc3","","","","[]","sécurité; modèle de données; API; déploiement à attester","8e07a1071f13d72f07aa0aacfdf3a6534caa0ecb"
"supabase/migrations/20260803190000_rooms_live_engagement.sql","sql","À conserver","suivi","laisse_en_place","Fichier protégé, aucune modification","SQL, schéma, configuration, licence ou provenance","6c9528482b7de68158b0e078b178a3ed3dc87b70ca78f7030382be6e8e7e52bc","","","","[]","sécurité; modèle de données; API; déploiement à attester","8e07a1071f13d72f07aa0aacfdf3a6534caa0ecb"
"supabase/migrations/20260803194500_rooms_golden_like_serialization.sql","sql","À conserver","suivi","laisse_en_place","Fichier protégé, aucune modification","SQL, schéma, configuration, licence ou provenance","0b509df5c1fe5097c572b7dc4fb3b40fad652ca80b29d641870b35dd070c0677","","","","[]","sécurité; modèle de données; API; déploiement à attester","8e07a1071f13d72f07aa0aacfdf3a6534caa0ecb"
"supabase/migrations/20260805062000_rooms_rpc_privilege_hardening.sql","sql","À conserver","suivi","laisse_en_place","Fichier protégé, aucune modification","SQL, schéma, configuration, licence ou provenance","a622b58fd850e57d748cccdcc9ade8bd7724b8ffc5be97c3c231447b08296a3d","","","","[]","sécurité; modèle de données; API; déploiement à attester","8e07a1071f13d72f07aa0aacfdf3a6534caa0ecb"
"supabase/migrations/20260808090000_cross_feature_collaboration_sources.sql","sql","À conserver","suivi","laisse_en_place","Fichier protégé, aucune modification","SQL, schéma, configuration, licence ou provenance","b50beda9a7abdd3da8fe1297372ecf1d2a1a2c4d89b464a03601cff0d62f3d4b","","","","[]","sécurité; modèle de données; API; déploiement à attester","8e07a1071f13d72f07aa0aacfdf3a6534caa0ecb"
"supabase/migrations/20260808091000_scene_media_likes.sql","sql","À conserver","suivi","laisse_en_place","Fichier protégé, aucune modification","SQL, schéma, configuration, licence ou provenance","820e1f2ebffc3dcc4fded279c868092b9170c0b2cc04a718f3e6cad85b56da09","","","","[]","sécurité; modèle de données; API; déploiement à attester","8e07a1071f13d72f07aa0aacfdf3a6534caa0ecb"
"supabase/migrations/20260809124500_rooms_host_guest_gain_v3.sql","sql","À conserver","suivi","laisse_en_place","Fichier protégé, aucune modification","SQL, schéma, configuration, licence ou provenance","774c40f15ba4fd8d627751dffa97ad596f6f98fe7afae44c0567a5654a9ad390","","","","[]","sécurité; modèle de données; API; déploiement à attester","8e07a1071f13d72f07aa0aacfdf3a6534caa0ecb"
"supabase/migrations/20260810130000_rooms_audio_engine_pairing.sql","sql","À conserver","suivi","laisse_en_place","Fichier protégé, aucune modification","SQL, schéma, configuration, licence ou provenance","bbb28932d346b10121571656e1495a20752fc49b206d6b010e6463f7d7407368","","","","[]","architecture; contrats audio; limites du prototype; licences","8e07a1071f13d72f07aa0aacfdf3a6534caa0ecb"
"supabase/migrations/20260810143000_rooms_tools_duration_alignment.sql","sql","À conserver","suivi","laisse_en_place","Fichier protégé, aucune modification","SQL, schéma, configuration, licence ou provenance","a28cb2d8b9a7bffe2ebfaaacb40d4d6340966d57535c79cdeaa8b3582d0add21","","","","[]","sécurité; modèle de données; API; déploiement à attester","8e07a1071f13d72f07aa0aacfdf3a6534caa0ecb"
"supabase/migrations/20260810145000_rooms_public_stage_projection.sql","sql","À conserver","suivi","laisse_en_place","Fichier protégé, aucune modification","SQL, schéma, configuration, licence ou provenance","fe2c4d1a4cfb8774697ca68b19520533bd0d2abe21ef2658e6b7e31c0349658f","","","","[]","sécurité; modèle de données; API; déploiement à attester","8e07a1071f13d72f07aa0aacfdf3a6534caa0ecb"
"supabase/migrations/20260810151000_room_program_layout_v1.sql","sql","À conserver","suivi","laisse_en_place","Fichier protégé, aucune modification","SQL, schéma, configuration, licence ou provenance","3e846fa049ee84bf47f5c29ae0e266da66479e0fededb4924f6eed6e016780fa","","","","[]","sécurité; modèle de données; API; déploiement à attester","8e07a1071f13d72f07aa0aacfdf3a6534caa0ecb"
"supabase/migrations/20260810152000_rooms_own_camera_state.sql","sql","À conserver","suivi","laisse_en_place","Fichier protégé, aucune modification","SQL, schéma, configuration, licence ou provenance","141d849c3a6821b8dc21b4eb67ccd0bc27da110f3c3396c1c773c7368413b7e3","","","","[]","sécurité; modèle de données; API; déploiement à attester","8e07a1071f13d72f07aa0aacfdf3a6534caa0ecb"
"supabase/migrations/20260810153000_rooms_program_transition_lock.sql","sql","À conserver","suivi","laisse_en_place","Fichier protégé, aucune modification","SQL, schéma, configuration, licence ou provenance","4a7a1b7d568f32c4a25c839fd00f7916ec2ce52233fe6e33a3b3dcde2a6bd1c9","","","","[]","sécurité; modèle de données; API; déploiement à attester","8e07a1071f13d72f07aa0aacfdf3a6534caa0ecb"
"supabase/migrations/20260812130000_messaging_message_actions_v1.sql","sql","À conserver","suivi","laisse_en_place","Fichier protégé, aucune modification","SQL, schéma, configuration, licence ou provenance","d05b11a65404e13120c0b478b6c6956a8af8dbbf4b145c63e9bcf9c7a90b5c7e","","","","[]","sécurité; modèle de données; API; déploiement à attester","8e07a1071f13d72f07aa0aacfdf3a6534caa0ecb"
"supabase/migrations/20260814100000_rooms_host_camera_control.sql","sql","À conserver","suivi","laisse_en_place","Fichier protégé, aucune modification","SQL, schéma, configuration, licence ou provenance","00d6e9dd0b53b27fd9abf9862681ae7bd36d9ae10c232b5130718d27fabf00e4","","","","[]","sécurité; modèle de données; API; déploiement à attester","8e07a1071f13d72f07aa0aacfdf3a6534caa0ecb"
"supabase/migrations/20260814113000_rooms_gift_draws_v1.sql","sql","À conserver","suivi","laisse_en_place","Fichier protégé, aucune modification","SQL, schéma, configuration, licence ou provenance","ded2ccbf14dddba938074a845daa98d0df528cceacafc2c6108069c139aef057","","","","[]","sécurité; modèle de données; API; déploiement à attester","8e07a1071f13d72f07aa0aacfdf3a6534caa0ecb"
"supabase/migrations/20260815120000_rooms_host_audio_state_commit_v1.sql","sql","À conserver","suivi","laisse_en_place","Fichier protégé, aucune modification","SQL, schéma, configuration, licence ou provenance","09a0c1713f17ebf37cf6e18f2447c36d563125514c55e5d3f9e1dfbb28545e16","","","","[]","architecture; contrats audio; limites du prototype; licences","8e07a1071f13d72f07aa0aacfdf3a6534caa0ecb"
"supabase/migrations/20260815133000_rooms_end_gift_draw_cleanup_v1.sql","sql","À conserver","suivi","laisse_en_place","Fichier protégé, aucune modification","SQL, schéma, configuration, licence ou provenance","eaadc582a425b2f7d2aae5b419fbd480f122e99ba1c4b40abab50b6997b01304","","","","[]","sécurité; modèle de données; API; déploiement à attester","8e07a1071f13d72f07aa0aacfdf3a6534caa0ecb"
"supabase/migrations/20260815142000_profile_certif_endorsements_v1.sql","sql","À conserver","suivi","laisse_en_place","Fichier protégé, aucune modification","SQL, schéma, configuration, licence ou provenance","7117c09996e4d60ca91925a808b82ef6a259df88cc83a023063e7c540093a074","","","","[]","sécurité; modèle de données; API; déploiement à attester","8e07a1071f13d72f07aa0aacfdf3a6534caa0ecb"
"supabase/migrations/20260815150000_rooms_livekit_revocation_outbox_v1.sql","sql","À conserver","suivi","laisse_en_place","Fichier protégé, aucune modification","SQL, schéma, configuration, licence ou provenance","84f2d4cb2970520314b28ad4f9ff2b46ddcaed5d2b1d577875c47d49e8a834c9","","","","[]","sécurité; modèle de données; API; déploiement à attester","8e07a1071f13d72f07aa0aacfdf3a6534caa0ecb"
"supabase/migrations/20260815153000_rooms_public_audio_channels_v1.sql","sql","À conserver","suivi","laisse_en_place","Fichier protégé, aucune modification","SQL, schéma, configuration, licence ou provenance","1b2591b620c06b50aeca0722e45fd8e3a71a16fdd25bb20897920f813a2a26cf","","","","[]","architecture; contrats audio; limites du prototype; licences","8e07a1071f13d72f07aa0aacfdf3a6534caa0ecb"
"supabase/migrations/20260815154500_rooms_livekit_revocation_scheduler_v1.sql","sql","À conserver","suivi","laisse_en_place","Fichier protégé, aucune modification","SQL, schéma, configuration, licence ou provenance","5eb653f864abc9e2b46dec58dc55fa3db9d04a747f240198ec18131026a280a1","","","","[]","sécurité; modèle de données; API; déploiement à attester","8e07a1071f13d72f07aa0aacfdf3a6534caa0ecb"
"supabase/migrations/20260815160000_profile_gift_inventory_v1.sql","sql","À conserver","suivi","laisse_en_place","Fichier protégé, aucune modification","SQL, schéma, configuration, licence ou provenance","21722b86239d8d78184fdacf69a3ebc827e3a88e7218c27fae4005d0b338eb43","","","","[]","sécurité; modèle de données; API; déploiement à attester","8e07a1071f13d72f07aa0aacfdf3a6534caa0ecb"
"supabase/migrations/20260815171000_rooms_host_public_chat_v1.sql","sql","À conserver","suivi","laisse_en_place","Fichier protégé, aucune modification","SQL, schéma, configuration, licence ou provenance","d979f6d838ae5a6b55ca685df22f28d6cc4e937c4959e0c06566a7e95bf35b46","","","","[]","sécurité; modèle de données; API; déploiement à attester","8e07a1071f13d72f07aa0aacfdf3a6534caa0ecb"
"supabase/migrations/20260815180000_rooms_live_call_invitations_v1.sql","sql","À conserver","suivi","laisse_en_place","Fichier protégé, aucune modification","SQL, schéma, configuration, licence ou provenance","2eeea4f1b5b677cdceed2f8c5d840271e908545920b6085f76f05fef5a00cc34","","","","[]","sécurité; modèle de données; API; déploiement à attester","8e07a1071f13d72f07aa0aacfdf3a6534caa0ecb"
"supabase/migrations/20260815181000_rooms_live_call_revocation_scheduler_v1.sql","sql","À conserver","suivi","laisse_en_place","Fichier protégé, aucune modification","SQL, schéma, configuration, licence ou provenance","122857d1dba4e3d1e4a88f4683719ee20d0529ab7f9abc09963de88321e46d30","","","","[]","sécurité; modèle de données; API; déploiement à attester","8e07a1071f13d72f07aa0aacfdf3a6534caa0ecb"
"supabase/migrations/20260817120000_rooms_specialized_audience_v1.sql","sql","À conserver","suivi","laisse_en_place","Fichier protégé, aucune modification","SQL, schéma, configuration, licence ou provenance","843faa9f49b9246e1f64068c545c76bf4ffb39bf6b5b2fe32e607aa61e1167b5","","","","[]","sécurité; modèle de données; API; déploiement à attester","8e07a1071f13d72f07aa0aacfdf3a6534caa0ecb"
"supabase/migrations/20260817123000_rooms_direct_profile_invitation_v1.sql","sql","À conserver","suivi","laisse_en_place","Fichier protégé, aucune modification","SQL, schéma, configuration, licence ou provenance","6f52033d89b2307ba2d78e0f4bf68ab88acc84b4698dc426a0d1e75ff12447f7","","","","[]","sécurité; modèle de données; API; déploiement à attester","8e07a1071f13d72f07aa0aacfdf3a6534caa0ecb"
"supabase/migrations/20260820143000_loge_preview_pcm_peaks_v1.sql","sql","À conserver","suivi","laisse_en_place","Fichier protégé, aucune modification","SQL, schéma, configuration, licence ou provenance","77792493daf94beb20b6ea907a01709914d79e84a03f9f122279a3924a061320","","","","[]","sécurité; modèle de données; API; déploiement à attester","8e07a1071f13d72f07aa0aacfdf3a6534caa0ecb"
"supabase/migrations/20260820150000_loge_preview_private_media_v1.sql","sql","À conserver","suivi","laisse_en_place","Fichier protégé, aucune modification","SQL, schéma, configuration, licence ou provenance","45ed33ebcd729c821fb05a7f013642001c41943926b4b2e765cdce2f8a338422","","","","[]","sécurité; modèle de données; API; déploiement à attester","8e07a1071f13d72f07aa0aacfdf3a6534caa0ecb"
"supabase/migrations/20260821143000_loge_public_choice_v1.sql","sql","À conserver","suivi","laisse_en_place","Fichier protégé, aucune modification","SQL, schéma, configuration, licence ou provenance","e9f1df0f63533cfc9840bd43ecc5b25451fb943ef8925566fd729602560753c3","","","","[]","sécurité; modèle de données; API; déploiement à attester","8e07a1071f13d72f07aa0aacfdf3a6534caa0ecb"
"supabase/migrations/20260821150000_loge_preview_live_media_v2.sql","sql","À conserver","suivi","laisse_en_place","Fichier protégé, aucune modification","SQL, schéma, configuration, licence ou provenance","3ae16af48719fb1b6dbdc5586bf3c6e158ad8140c381fc5d0c3292b8219f1ed8","","","","[]","sécurité; modèle de données; API; déploiement à attester","8e07a1071f13d72f07aa0aacfdf3a6534caa0ecb"
"supabase/migrations/20260821170000_rooms_classe_participant_tools_v1.sql","sql","À conserver","suivi","laisse_en_place","Fichier protégé, aucune modification","SQL, schéma, configuration, licence ou provenance","65470c88d28b30a6d62a5937375c2f2ae5840e402fc92a784ab7d20f32e1f20e","","","","[]","sécurité; modèle de données; API; déploiement à attester","8e07a1071f13d72f07aa0aacfdf3a6534caa0ecb"
"supabase/migrations/20260821183000_rooms_scene_tools_v1.sql","sql","À conserver","suivi","laisse_en_place","Fichier protégé, aucune modification","SQL, schéma, configuration, licence ou provenance","105c53cf0f9b73e44210cb36863f9a04ce51228340e3c5765dc72ab2a3d214a0","","","","[]","sécurité; modèle de données; API; déploiement à attester","8e07a1071f13d72f07aa0aacfdf3a6534caa0ecb"
"supabase/migrations/20260821213000_wave_tools_public_verdict_v1.sql","sql","À conserver","suivi","laisse_en_place","Fichier protégé, aucune modification","SQL, schéma, configuration, licence ou provenance","3014bab0fb7e79ac59ab82c63856e6d50351f017c4f6b9c0ac7deb9b7043b7f9","","","","[]","sécurité; modèle de données; API; déploiement à attester","8e07a1071f13d72f07aa0aacfdf3a6534caa0ecb"
"supabase/migrations/20260822193000_wave_tools_lifecycle_v2.sql","sql","À conserver","suivi","laisse_en_place","Fichier protégé, aucune modification","SQL, schéma, configuration, licence ou provenance","5e4d9b2eb383d96f841ec850b45b13690323104134b5baec5dcdacf178da7de4","","","","[]","sécurité; modèle de données; API; déploiement à attester","8e07a1071f13d72f07aa0aacfdf3a6534caa0ecb"
"supabase/migrations/20260822220000_wave_production_core_v3.sql","sql","À conserver","suivi","laisse_en_place","Fichier protégé, aucune modification","SQL, schéma, configuration, licence ou provenance","3cd809c6277e077885ad66aded04aa711411da077d8702c583fda8a260bf98be","","","","[]","sécurité; modèle de données; API; déploiement à attester","8e07a1071f13d72f07aa0aacfdf3a6534caa0ecb"
"supabase/migrations/20260822224500_wave_asset_pipeline_v4.sql","sql","À conserver","suivi","laisse_en_place","Fichier protégé, aucune modification","SQL, schéma, configuration, licence ou provenance","bc248407d86813f91e4f12c0ca668e482c08fb1832b3b7d532023d04c48c6f03","","","","[]","sécurité; modèle de données; API; déploiement à attester","8e07a1071f13d72f07aa0aacfdf3a6534caa0ecb"
"supabase/migrations/20260822232000_rooms_wave_livekit_host_v1.sql","sql","À conserver","suivi","laisse_en_place","Fichier protégé, aucune modification","SQL, schéma, configuration, licence ou provenance","88e4a3ddc902b63fd6faa4ee27c41add04e7a2017840e619e1323f2e515541c6","","","","[]","sécurité; modèle de données; API; déploiement à attester","8e07a1071f13d72f07aa0aacfdf3a6534caa0ecb"
"supabase/migrations/20260822233000_wave_production_runtime_v5.sql","sql","À conserver","suivi","laisse_en_place","Fichier protégé, aucune modification","SQL, schéma, configuration, licence ou provenance","572a7db33a8d2d0e3a7206b53b71faef9bd79b38c55d097d63be16b4a4d6999a","","","","[]","sécurité; modèle de données; API; déploiement à attester","8e07a1071f13d72f07aa0aacfdf3a6534caa0ecb"
"supabase/migrations/20260904120000_rooms_classe_resources_v1.sql","sql","À conserver","suivi","laisse_en_place","Fichier protégé, aucune modification","SQL, schéma, configuration, licence ou provenance","5399e64448211802746d82fb4cbf9547a52dac05a80f1c4a6f0959cc451219de","","","","[]","sécurité; modèle de données; API; déploiement à attester","8e07a1071f13d72f07aa0aacfdf3a6534caa0ecb"
"supabase/migrations/20260904123000_rooms_classe_private_messaging_v1.sql","sql","À conserver","suivi","laisse_en_place","Fichier protégé, aucune modification","SQL, schéma, configuration, licence ou provenance","831536e4b7a9c41b3a6edd1c1438f0d2e7cc189f2d7b5da48ad1f6c371b722ca","","","","[]","sécurité; modèle de données; API; déploiement à attester","8e07a1071f13d72f07aa0aacfdf3a6534caa0ecb"
"supabase/migrations/20260905150000_rooms_place_conversation_tools_v1.sql","sql","À conserver","suivi","laisse_en_place","Fichier protégé, aucune modification","SQL, schéma, configuration, licence ou provenance","d7ba65f92b89ce27516140f7b4d951349d3481f5d6ee3bffcbf12e4027616d53","","","","[]","sécurité; modèle de données; API; déploiement à attester","8e07a1071f13d72f07aa0aacfdf3a6534caa0ecb"
"supabase/migrations/20260906120000_wave_viewer_v6.sql","sql","À conserver","suivi","laisse_en_place","Fichier protégé, aucune modification","SQL, schéma, configuration, licence ou provenance","e768651a5a7da157e1db59fb487a1215fad00b2bbf83f705e2670fa9d5125035","","","","[]","sécurité; modèle de données; API; déploiement à attester","8e07a1071f13d72f07aa0aacfdf3a6534caa0ecb"
"supabase/migrations/20260906180000_rooms_cage_competition_v1.sql","sql","À conserver","suivi","laisse_en_place","Fichier protégé, aucune modification","SQL, schéma, configuration, licence ou provenance","f489cfcae7def6e66fbd27d5ae5d8a2a0c372a2344f68e6b0a3171df86c9594a","","","","[]","sécurité; modèle de données; API; déploiement à attester","8e07a1071f13d72f07aa0aacfdf3a6534caa0ecb"
"supabase/migrations/20260906190000_wave_viewer_downloads.sql","sql","À conserver","suivi","laisse_en_place","Fichier protégé, aucune modification","SQL, schéma, configuration, licence ou provenance","6b94f90788be2caadf20dfd8249de721b68cc38ef20d0ea507e01ac4146c8bb4","","","","[]","sécurité; modèle de données; API; déploiement à attester","8e07a1071f13d72f07aa0aacfdf3a6534caa0ecb"
"supabase/migrations/20260907190000_rooms_switch_experience_v1.sql","sql","À conserver","suivi","laisse_en_place","Fichier protégé, aucune modification","SQL, schéma, configuration, licence ou provenance","18d7157ea505f55e58f89660e91f7085528fae1bbcd77301ac536b013b5dcbaf","","","","[]","sécurité; modèle de données; API; déploiement à attester","8e07a1071f13d72f07aa0aacfdf3a6534caa0ecb"
"supabase/migrations/20260907191000_rooms_switch_wave_preparation_v1.sql","sql","À conserver","suivi","laisse_en_place","Fichier protégé, aucune modification","SQL, schéma, configuration, licence ou provenance","a80571b5b964332f10c011d549e22406ab33ea04e5e1235ce888f656880284de","","","","[]","sécurité; modèle de données; API; déploiement à attester","8e07a1071f13d72f07aa0aacfdf3a6534caa0ecb"
"supabase/migrations/20260907220000_rooms_switch_class_roster_v1.sql","sql","À conserver","suivi","laisse_en_place","Fichier protégé, aucune modification","SQL, schéma, configuration, licence ou provenance","3f48d51edeac41ba46939aa877b78944ae46d012be59642bc109a9959e0347da","","","","[]","sécurité; modèle de données; API; déploiement à attester","8e07a1071f13d72f07aa0aacfdf3a6534caa0ecb"
"supabase/migrations/20260908001000_loge_viewer_requests_v1.sql","sql","À conserver","suivi","laisse_en_place","Fichier protégé, aucune modification","SQL, schéma, configuration, licence ou provenance","43a230ef80d2e206b910ee8d6f4baff9d9dae90f42b5b1fa3722f756ea247a42","","","","[]","sécurité; modèle de données; API; déploiement à attester","8e07a1071f13d72f07aa0aacfdf3a6534caa0ecb"
"supabase/migrations/20260908021000_rooms_unlike.sql","sql","À conserver","suivi","laisse_en_place","Fichier protégé, aucune modification","SQL, schéma, configuration, licence ou provenance","89ce4c2025b5a92a298c1490566ff52ffa7bdd1fdfb0d1bcc8d65c337ae2d692","","","","[]","sécurité; modèle de données; API; déploiement à attester","8e07a1071f13d72f07aa0aacfdf3a6534caa0ecb"
"supabase/migrations/20260908030000_rooms_cage_mode_controls.sql","sql","À conserver","suivi","laisse_en_place","Fichier protégé, aucune modification","SQL, schéma, configuration, licence ou provenance","67502f75b38ee6e26bc2447cb062fecaa2ebc1e521a258bf185f63800b018b77","","","","[]","sécurité; modèle de données; API; déploiement à attester","8e07a1071f13d72f07aa0aacfdf3a6534caa0ecb"
"supabase/migrations/20260908040000_rooms_cage_results_and_openmic.sql","sql","À conserver","suivi","laisse_en_place","Fichier protégé, aucune modification","SQL, schéma, configuration, licence ou provenance","e474cfabc72932d8a63ede5b3c91990cef0dd4294913ca97b954f10d332e4a29","","","","[]","sécurité; modèle de données; API; déploiement à attester","8e07a1071f13d72f07aa0aacfdf3a6534caa0ecb"
"supabase/migrations/20260908060000_rooms_shared_jury.sql","sql","À conserver","suivi","laisse_en_place","Fichier protégé, aucune modification","SQL, schéma, configuration, licence ou provenance","e01f3f42efa8af28bf8f3ff43522f98725c4b1c0b8efb078b1c935724be30680","","","","[]","sécurité; modèle de données; API; déploiement à attester","8e07a1071f13d72f07aa0aacfdf3a6534caa0ecb"
"supabase/migrations/20260908070000_rooms_cage_open_mic_battle.sql","sql","À conserver","suivi","laisse_en_place","Fichier protégé, aucune modification","SQL, schéma, configuration, licence ou provenance","c90f8da1629df4f0f1225c58b79e73dd40539783e7aa0cefd4b6f3fe08e3866c","","","","[]","sécurité; modèle de données; API; déploiement à attester","8e07a1071f13d72f07aa0aacfdf3a6534caa0ecb"
"supabase/migrations/20260908080000_rooms_cage_battle_roster_flow.sql","sql","À conserver","suivi","laisse_en_place","Fichier protégé, aucune modification","SQL, schéma, configuration, licence ou provenance","be46789abc513f8520978d0b9179210f2d0fa64fecf2d69277f4e73618e501fc","","","","[]","sécurité; modèle de données; API; déploiement à attester","8e07a1071f13d72f07aa0aacfdf3a6534caa0ecb"
"supabase/migrations/20260909093000_messaging_meewav_reactions.sql","sql","À conserver","suivi","laisse_en_place","Fichier protégé, aucune modification","SQL, schéma, configuration, licence ou provenance","f5859e09fb498fb8b6ea727ae5c63fdf9589b1654da00451eedf1dad99a7680c","","","","[]","sécurité; modèle de données; API; déploiement à attester","8e07a1071f13d72f07aa0aacfdf3a6534caa0ecb"
"supabase/migrations/20260909100000_messaging_collaboration_chats.sql","sql","À conserver","suivi","laisse_en_place","Fichier protégé, aucune modification","SQL, schéma, configuration, licence ou provenance","0a9298de7c5c8a126c96f3f67f14d0630da1899addbbce594d28808dcd33d9fb","","","","[]","sécurité; modèle de données; API; déploiement à attester","8e07a1071f13d72f07aa0aacfdf3a6534caa0ecb"
"supabase/seed.sql","sql","À conserver","suivi","laisse_en_place","Fichier protégé, aucune modification","SQL, schéma, configuration, licence ou provenance","6f7510c21ad97495889db45c124be965bc209f314a818ebb62e4f4d7bb23d423","","","","[]","sécurité; modèle de données; API; déploiement à attester","8e07a1071f13d72f07aa0aacfdf3a6534caa0ecb"
"supabase/tests/database/001_foundation_schema.test.sql","sql","À conserver","suivi","laisse_en_place","Fichier protégé, aucune modification","SQL, schéma, configuration, licence ou provenance","1e53882c2296ae655d624271cfc5a07ab20f6974af239c7922dae7606ffe04d3","","","","[]","sécurité; modèle de données; API; déploiement à attester","8e07a1071f13d72f07aa0aacfdf3a6534caa0ecb"
"supabase/tests/database/002_foundation_rls.test.sql","sql","À conserver","suivi","laisse_en_place","Fichier protégé, aucune modification","SQL, schéma, configuration, licence ou provenance","f6e60ca0a09c85867f6fed8986a34f8b1bb89398fba7711266dabe245636b3f8","","","","[]","sécurité; modèle de données; API; déploiement à attester","8e07a1071f13d72f07aa0aacfdf3a6534caa0ecb"
"supabase/tests/database/003_globe_social_collaboration.test.sql","sql","À conserver","suivi","laisse_en_place","Fichier protégé, aucune modification","SQL, schéma, configuration, licence ou provenance","de580c6285869109b079f160f5a98bb17e3b2504a2faa8e85439173837d83eba","","","","[]","architecture; configuration; provenance géographique","8e07a1071f13d72f07aa0aacfdf3a6534caa0ecb"
"supabase/tests/database/004_cross_client_contract_v1.test.sql","sql","À conserver","suivi","laisse_en_place","Fichier protégé, aucune modification","SQL, schéma, configuration, licence ou provenance","500137be69026885f2db3f8ab4d63c45e0b4e16bb811742e3d4cef493db83b68","","","","[]","sécurité; modèle de données; API; déploiement à attester","8e07a1071f13d72f07aa0aacfdf3a6534caa0ecb"
"supabase/tests/database/005_messaging_foundation_v1.test.sql","sql","À conserver","suivi","laisse_en_place","Fichier protégé, aucune modification","SQL, schéma, configuration, licence ou provenance","97b90e72c2077e587a3a2e110f6bfcf43bf64e58fae30c0810feb9e439622bba","","","","[]","sécurité; modèle de données; API; déploiement à attester","8e07a1071f13d72f07aa0aacfdf3a6534caa0ecb"
"supabase/tests/database/006_messaging_collaboration_workflow_v1.test.sql","sql","À conserver","suivi","laisse_en_place","Fichier protégé, aucune modification","SQL, schéma, configuration, licence ou provenance","3d457f8d2274084ee672aef12779fbf7a11cb8cb54c50c446c303bb13520a33b","","","","[]","sécurité; modèle de données; API; déploiement à attester","8e07a1071f13d72f07aa0aacfdf3a6534caa0ecb"
"supabase/tests/database/007_messaging_artist_groups_core_v1.test.sql","sql","À conserver","suivi","laisse_en_place","Fichier protégé, aucune modification","SQL, schéma, configuration, licence ou provenance","ee5be31a115317a299c12ba471433d59000aa63b8bb8bd70a2fb769881de45a5","","","","[]","sécurité; modèle de données; API; déploiement à attester","8e07a1071f13d72f07aa0aacfdf3a6534caa0ecb"
"supabase/tests/database/008_messaging_attachments_v1.test.sql","sql","À conserver","suivi","laisse_en_place","Fichier protégé, aucune modification","SQL, schéma, configuration, licence ou provenance","31d3499584917a9e1757bd4041a4004aabf752f63e4095fedb95231f4c6049f9","","","","[]","sécurité; modèle de données; API; déploiement à attester","8e07a1071f13d72f07aa0aacfdf3a6534caa0ecb"
"supabase/tests/database/009_messaging_projects_core_v1.test.sql","sql","À conserver","suivi","laisse_en_place","Fichier protégé, aucune modification","SQL, schéma, configuration, licence ou provenance","3456c6307769427abf3eed3e8e6e9905570431d43d27f2b766e10bcd2c9e42ab","","","","[]","sécurité; modèle de données; API; déploiement à attester","8e07a1071f13d72f07aa0aacfdf3a6534caa0ecb"
"supabase/tests/database/010_messaging_realtime_broadcast_v1.test.sql","sql","À conserver","suivi","laisse_en_place","Fichier protégé, aucune modification","SQL, schéma, configuration, licence ou provenance","ad7ac8f6db0ce361b11de8669928e820e096c6ca1fe877a3ee7071770646672d","","","","[]","sécurité; modèle de données; API; déploiement à attester","8e07a1071f13d72f07aa0aacfdf3a6534caa0ecb"
"supabase/tests/database/011_marketplace_catalog_foundation_v1.test.sql","sql","À conserver","suivi","laisse_en_place","Fichier protégé, aucune modification","SQL, schéma, configuration, licence ou provenance","53f731075ca739a248f189c4af2cca1340ed5c343a0fa97b0278769d7631afd3","","","","[]","sécurité; modèle de données; API; déploiement à attester","8e07a1071f13d72f07aa0aacfdf3a6534caa0ecb"
"supabase/tests/database/012_marketplace_catalog_filters_v2.test.sql","sql","À conserver","suivi","laisse_en_place","Fichier protégé, aucune modification","SQL, schéma, configuration, licence ou provenance","f7ae0286ebd947797db366c2e446e678cf3a278c7eef180a3368f2c88dd3326f","","","","[]","sécurité; modèle de données; API; déploiement à attester","8e07a1071f13d72f07aa0aacfdf3a6534caa0ecb"
"supabase/tests/database/013_globe_treasure_campaign_v1.test.sql","sql","À conserver","suivi","laisse_en_place","Fichier protégé, aucune modification","SQL, schéma, configuration, licence ou provenance","2c0485540aabd50d0067f092803377fdfad074d075c20632e3505234e50ce1d0","","","","[]","architecture; configuration; provenance géographique","8e07a1071f13d72f07aa0aacfdf3a6534caa0ecb"
"supabase/tests/database/014_profile_geographic_rankings_v1.test.sql","sql","À conserver","suivi","laisse_en_place","Fichier protégé, aucune modification","SQL, schéma, configuration, licence ou provenance","a3ea4942c0990d34fc8953856727cc0066ab87ef9e5143e42825239843dc65f1","","","","[]","sécurité; modèle de données; API; déploiement à attester","8e07a1071f13d72f07aa0aacfdf3a6534caa0ecb"
"supabase/tests/database/015_messaging_message_actions_v1.test.sql","sql","À conserver","suivi","laisse_en_place","Fichier protégé, aucune modification","SQL, schéma, configuration, licence ou provenance","3d058914f4e86c70c8b75e80a0a19207d6760624c5224339af435f006099bdcc","","","","[]","sécurité; modèle de données; API; déploiement à attester","8e07a1071f13d72f07aa0aacfdf3a6534caa0ecb"
"supabase/tests/database/016_rooms_loge_preview_media_v1.test.sql","sql","À conserver","suivi","laisse_en_place","Fichier protégé, aucune modification","SQL, schéma, configuration, licence ou provenance","2a00ca0f58989f84d3d1e1188d19a331ba5d51b9e9f47564dd28b179636a5ca8","","","","[]","sécurité; modèle de données; API; déploiement à attester","8e07a1071f13d72f07aa0aacfdf3a6534caa0ecb"
"tsconfig.json","configuration_ou_provenance","À conserver","suivi","laisse_en_place","Fichier protégé, aucune modification","SQL, schéma, configuration, licence ou provenance","f94bbdd3b1027c477da0fc545d0c4b80fc575dfeb61371c178eabe39bdbbe6d5","","","","[]","protection technique ou juridique; intégrité du fichier","8e07a1071f13d72f07aa0aacfdf3a6534caa0ecb"
"vendor/globe-vinyle/assets/ui/preprofile-demo/media-license-manifest.json","configuration_ou_provenance","À conserver","suivi","laisse_en_place","Fichier protégé, aucune modification","SQL, schéma, configuration, licence ou provenance","9974b0c93081ca678d6596fd6065e1ad95f25ffc1a75cd502dae704e65cbaf7b","","","","[]","architecture; configuration; provenance géographique","8e07a1071f13d72f07aa0aacfdf3a6534caa0ecb"
"vendor/globe-vinyle/data/quarters/sources.json","configuration_ou_provenance","À conserver","suivi","laisse_en_place","Fichier protégé, aucune modification","SQL, schéma, configuration, licence ou provenance","be2d61c9fda27f72f356fb04cc4a7b4a4f99a2bfdf867d2c2ee7d9e96a59ae5f","","","","[]","architecture; configuration; provenance géographique","8e07a1071f13d72f07aa0aacfdf3a6534caa0ecb"
"vendor/globe-vinyle/package-lock.json","configuration_ou_provenance","À conserver","suivi","laisse_en_place","Fichier protégé, aucune modification","SQL, schéma, configuration, licence ou provenance","4d26a71d8726293e07e833da15715676e71e5501b283c438b46d4d4d2ffbb092","","","","[]","architecture; configuration; provenance géographique","8e07a1071f13d72f07aa0aacfdf3a6534caa0ecb"
"vendor/globe-vinyle/package.json","configuration_ou_provenance","À conserver","suivi","laisse_en_place","Fichier protégé, aucune modification","SQL, schéma, configuration, licence ou provenance","424eddeb33b67a358a425521f3551252c890c677cce60c26803e3fb3b1bbf4b0","","","","[]","architecture; configuration; provenance géographique","8e07a1071f13d72f07aa0aacfdf3a6534caa0ecb"
"vite.config.js","configuration_ou_provenance","À conserver","suivi","laisse_en_place","Fichier protégé, aucune modification","SQL, schéma, configuration, licence ou provenance","3535c4dbe3d349423033e70bac421f3cf6384f7c5209d0b4afe56a32628c8ae0","","","","[]","protection technique ou juridique; intégrité du fichier","8e07a1071f13d72f07aa0aacfdf3a6534caa0ecb"
"vitest.config.ts","configuration_ou_provenance","À conserver","suivi","laisse_en_place","Fichier protégé, aucune modification","SQL, schéma, configuration, licence ou provenance","ed5cfffebf6e9bb093aaa00a862a74ea17ade47d93efcb769dc3f8276b782973","","","","[]","protection technique ou juridique; intégrité du fichier","8e07a1071f13d72f07aa0aacfdf3a6534caa0ecb"
