{"type":"FeatureCollection","bbox":[1.83959,43.69061,3.45176,44.94144],"license":"ODbL-1.0","licenseUrl":"https://opendatacommons.org/licenses/odbl/1-0/","attribution":"Contours administratifs — data.gouv.fr / IGN et sources des collectivités d’outre-mer","sourceIds":["contours-france-50m"],"features":[{"type":"Feature","id":"fr-commune-12001","properties":{"id":"fr-commune-12001","name":"Agen-d'Aveyron","kind":"commune","center":[2.6915,44.3509],"code":"12001","department":"12"},"bbox":[2.64699,44.32632,2.73601,44.37543],"geometry":{"type":"Polygon","coordinates":[[[2.72533,44.33974],[2.72043,44.3398],[2.71873,44.34018],[2.71396,44.34034],[2.71106,44.34097],[2.70925,44.34091],[2.71006,44.33817],[2.70943,44.33526],[2.7051,44.33398],[2.7025,44.33354],[2.70036,44.33348],[2.69694,44.334],[2.69517,44.33481],[2.69269,44.33083],[2.69111,44.33039],[2.68921,44.32901],[2.68736,44.32915],[2.68524,44.32874],[2.68193,44.32764],[2.68113,44.32655],[2.67932,44.32632],[2.67814,44.32704],[2.67507,44.32763],[2.67308,44.32877],[2.67171,44.33039],[2.67113,44.33307],[2.66903,44.33511],[2.66569,44.3366],[2.66434,44.33783],[2.664,44.3398],[2.66435,44.34068],[2.66358,44.34269],[2.66197,44.34396],[2.65777,44.34196],[2.65798,44.34383],[2.65727,44.34526],[2.65724,44.34679],[2.65466,44.34673],[2.6516,44.34717],[2.65058,44.34631],[2.64908,44.34676],[2.64699,44.34913],[2.64933,44.35137],[2.65038,44.35571],[2.6501,44.3574],[2.65101,44.35985],[2.65488,44.36023],[2.6568,44.35996],[2.65927,44.35654],[2.65919,44.35512],[2.66058,44.3553],[2.66311,44.35405],[2.66502,44.35425],[2.66547,44.35573],[2.66452,44.3572],[2.66492,44.35804],[2.66801,44.35952],[2.66942,44.35988],[2.66972,44.36103],[2.66899,44.36268],[2.67576,44.36554],[2.6816,44.36682],[2.68378,44.36782],[2.6842,44.3662],[2.68531,44.36543],[2.68876,44.36964],[2.69022,44.37067],[2.69155,44.3726],[2.69369,44.37318],[2.69633,44.37258],[2.69892,44.37358],[2.70228,44.37541],[2.70306,44.37543],[2.70681,44.37418],[2.716,44.3705],[2.72163,44.3676],[2.72768,44.36277],[2.73105,44.35952],[2.73197,44.35685],[2.73576,44.3523],[2.73601,44.35131],[2.73467,44.34808],[2.73226,44.34434],[2.73087,44.34305],[2.72929,44.34094],[2.72896,44.33984],[2.72533,44.33974]]]}},{"type":"Feature","id":"fr-commune-12002","properties":{"id":"fr-commune-12002","name":"Aguessac","kind":"commune","center":[3.0669,44.1584],"code":"12002","department":"12"},"bbox":[3.02798,44.13183,3.10525,44.18505],"geometry":{"type":"Polygon","coordinates":[[[3.0777,44.18249],[3.07899,44.18237],[3.0795,44.1793],[3.07944,44.17812],[3.08067,44.17642],[3.08196,44.17373],[3.08285,44.17073],[3.08654,44.16747],[3.08591,44.16713],[3.08623,44.16546],[3.08708,44.16515],[3.08832,44.1625],[3.09057,44.16155],[3.09308,44.16125],[3.09346,44.16052],[3.09695,44.15937],[3.09964,44.15756],[3.10377,44.15829],[3.10525,44.15773],[3.10266,44.15779],[3.10103,44.15712],[3.09994,44.15598],[3.10006,44.15399],[3.10133,44.15178],[3.10107,44.14915],[3.101,44.14532],[3.10026,44.14488],[3.10023,44.14355],[3.10148,44.14187],[3.10194,44.13941],[3.10086,44.1378],[3.10065,44.13447],[3.09962,44.13183],[3.09185,44.13336],[3.08873,44.13343],[3.07992,44.13317],[3.07914,44.13619],[3.07887,44.13907],[3.07912,44.14015],[3.07846,44.14092],[3.07568,44.14034],[3.07429,44.139],[3.07167,44.13884],[3.0713,44.13921],[3.07073,44.14349],[3.0696,44.14442],[3.07014,44.14577],[3.06991,44.14679],[3.07018,44.14919],[3.06868,44.15117],[3.06946,44.15418],[3.06861,44.15517],[3.06697,44.15478],[3.06338,44.15506],[3.06291,44.15434],[3.05893,44.15487],[3.05737,44.15451],[3.05319,44.15672],[3.0521,44.15752],[3.05009,44.15977],[3.04679,44.1588],[3.04521,44.15876],[3.04435,44.15661],[3.04235,44.15674],[3.04189,44.15903],[3.04113,44.16037],[3.03807,44.16178],[3.03447,44.16003],[3.03232,44.16251],[3.0349,44.16613],[3.03508,44.16722],[3.03437,44.1686],[3.03448,44.17072],[3.0335,44.1715],[3.03261,44.17339],[3.03187,44.17398],[3.03244,44.17539],[3.03227,44.17658],[3.03008,44.17955],[3.02798,44.18184],[3.03234,44.18505],[3.03645,44.18331],[3.0395,44.18221],[3.04176,44.18224],[3.04285,44.18271],[3.04391,44.18216],[3.04791,44.18157],[3.04998,44.18186],[3.05129,44.18134],[3.0566,44.18203],[3.06136,44.18087],[3.06264,44.1815],[3.06663,44.18219],[3.07123,44.18087],[3.07366,44.18097],[3.07728,44.18163],[3.0777,44.18249]]]}},{"type":"Feature","id":"fr-commune-12003","properties":{"id":"fr-commune-12003","name":"Les Albres","kind":"commune","center":[2.1801,44.5401],"code":"12003","department":"12"},"bbox":[2.15073,44.50891,2.20953,44.57129],"geometry":{"type":"Polygon","coordinates":[[[2.2013,44.53691],[2.19766,44.53659],[2.1963,44.53571],[2.19274,44.53479],[2.19048,44.53283],[2.18812,44.53187],[2.18761,44.53007],[2.18801,44.52929],[2.18769,44.52767],[2.18676,44.52614],[2.18737,44.52265],[2.18683,44.52139],[2.18502,44.52078],[2.18301,44.52079],[2.17957,44.51997],[2.17675,44.52116],[2.17596,44.52063],[2.17319,44.52048],[2.17227,44.52],[2.16936,44.51957],[2.16983,44.51863],[2.17166,44.51698],[2.1714,44.51627],[2.16783,44.51338],[2.16262,44.50975],[2.15954,44.50891],[2.15633,44.50935],[2.15519,44.51079],[2.15679,44.51217],[2.15779,44.51379],[2.16028,44.51445],[2.1613,44.51523],[2.16034,44.51684],[2.1595,44.52088],[2.15799,44.52224],[2.15823,44.52321],[2.15744,44.52457],[2.15796,44.52632],[2.15666,44.52715],[2.15266,44.52788],[2.15073,44.52744],[2.15139,44.52793],[2.15127,44.5296],[2.15284,44.53187],[2.15149,44.53433],[2.15252,44.53928],[2.15486,44.54081],[2.15548,44.5431],[2.15793,44.54528],[2.16177,44.54624],[2.16297,44.54739],[2.16363,44.54914],[2.16492,44.55006],[2.16746,44.55325],[2.16832,44.5537],[2.17263,44.55351],[2.17658,44.5552],[2.17827,44.55464],[2.17924,44.5565],[2.18206,44.55773],[2.18401,44.55814],[2.18763,44.55933],[2.18907,44.56019],[2.19171,44.56171],[2.1941,44.56358],[2.1955,44.56524],[2.19901,44.57129],[2.20096,44.56999],[2.20134,44.56846],[2.20216,44.5681],[2.20463,44.56693],[2.20342,44.56612],[2.20408,44.5655],[2.20642,44.56456],[2.20646,44.56387],[2.20867,44.5609],[2.20936,44.55942],[2.20925,44.55805],[2.20792,44.5569],[2.20552,44.55645],[2.20571,44.55461],[2.20711,44.55425],[2.20572,44.55245],[2.20623,44.55106],[2.20865,44.54962],[2.20863,44.54792],[2.20953,44.54674],[2.20702,44.54583],[2.20813,44.54508],[2.20604,44.54252],[2.20498,44.54247],[2.20154,44.54097],[2.20178,44.54018],[2.20263,44.53975],[2.20318,44.53785],[2.20267,44.53695],[2.2013,44.53691]]]}},{"type":"Feature","id":"fr-commune-12004","properties":{"id":"fr-commune-12004","name":"Almont-les-Junies","kind":"commune","center":[2.3172,44.6007],"code":"12004","department":"12"},"bbox":[2.26497,44.57659,2.36898,44.62479],"geometry":{"type":"Polygon","coordinates":[[[2.31504,44.57906],[2.31407,44.57915],[2.31019,44.57788],[2.30683,44.578],[2.30406,44.57701],[2.30083,44.57659],[2.29588,44.57685],[2.29435,44.57818],[2.29276,44.58059],[2.28995,44.58179],[2.29007,44.58248],[2.28892,44.58412],[2.28905,44.58596],[2.28665,44.58783],[2.28589,44.58771],[2.28281,44.5895],[2.28177,44.58855],[2.27976,44.58786],[2.27833,44.58696],[2.27728,44.58834],[2.27443,44.58863],[2.27132,44.58999],[2.26922,44.59057],[2.26967,44.59172],[2.26718,44.59206],[2.26689,44.59336],[2.26829,44.59396],[2.26992,44.59534],[2.27212,44.5961],[2.27416,44.59838],[2.27581,44.59864],[2.27791,44.59819],[2.27987,44.59868],[2.28071,44.59952],[2.28068,44.6006],[2.28141,44.60194],[2.28,44.60205],[2.27635,44.60304],[2.27929,44.60429],[2.28017,44.60523],[2.27897,44.60599],[2.2763,44.60619],[2.27716,44.60785],[2.27886,44.60806],[2.27883,44.60903],[2.2771,44.60983],[2.27773,44.61082],[2.27685,44.61256],[2.27361,44.61312],[2.27204,44.61404],[2.26926,44.61652],[2.26982,44.617],[2.26788,44.61888],[2.26497,44.61987],[2.27158,44.62238],[2.27435,44.62232],[2.279,44.62135],[2.28577,44.62107],[2.28688,44.62088],[2.29071,44.62128],[2.29522,44.62329],[2.29655,44.62363],[2.29804,44.62479],[2.30091,44.62273],[2.30291,44.6201],[2.30392,44.6196],[2.3061,44.62071],[2.30785,44.61998],[2.3085,44.62106],[2.3103,44.61997],[2.31297,44.61929],[2.31377,44.61859],[2.3164,44.61961],[2.31734,44.62082],[2.32112,44.61983],[2.32527,44.61991],[2.32538,44.61836],[2.32646,44.61761],[2.32944,44.61947],[2.33042,44.61921],[2.33193,44.61814],[2.33254,44.61551],[2.33349,44.61503],[2.33526,44.61316],[2.33676,44.61237],[2.33713,44.61048],[2.33479,44.60873],[2.33891,44.60748],[2.34157,44.60646],[2.34749,44.60347],[2.35012,44.60037],[2.35337,44.59821],[2.35464,44.59781],[2.3587,44.59508],[2.35997,44.59247],[2.35958,44.59078],[2.36047,44.58916],[2.36248,44.58822],[2.36393,44.5871],[2.36898,44.58611],[2.36632,44.58494],[2.36287,44.58266],[2.36134,44.58254],[2.35841,44.5837],[2.35705,44.58503],[2.35081,44.58493],[2.34823,44.58578],[2.34714,44.58491],[2.34458,44.58575],[2.34121,44.58603],[2.34016,44.58561],[2.33843,44.58583],[2.33598,44.58746],[2.33624,44.58832],[2.33365,44.59075],[2.32705,44.58851],[2.32535,44.58936],[2.32378,44.58944],[2.32332,44.59035],[2.32141,44.5904],[2.32063,44.58888],[2.31826,44.58827],[2.31647,44.58511],[2.31583,44.58494],[2.3171,44.58271],[2.31592,44.58109],[2.31504,44.57906]]]}},{"type":"Feature","id":"fr-commune-12006","properties":{"id":"fr-commune-12006","name":"Alrance","kind":"commune","center":[2.6756,44.1396],"code":"12006","department":"12"},"bbox":[2.63069,44.09649,2.72046,44.18301],"geometry":{"type":"Polygon","coordinates":[[[2.67579,44.16942],[2.67563,44.16874],[2.67905,44.16513],[2.68576,44.1623],[2.68943,44.16291],[2.69117,44.16109],[2.68977,44.15939],[2.69008,44.15884],[2.69311,44.15748],[2.69353,44.1566],[2.69814,44.15515],[2.69532,44.15412],[2.69387,44.15415],[2.69082,44.15533],[2.6906,44.15303],[2.69375,44.15097],[2.69712,44.15021],[2.69874,44.15097],[2.70057,44.1513],[2.70404,44.15055],[2.70933,44.14903],[2.7114,44.14811],[2.71422,44.1459],[2.71616,44.14408],[2.7201,44.14231],[2.7164,44.13995],[2.71688,44.13657],[2.71892,44.13404],[2.72046,44.13296],[2.71774,44.13069],[2.7162,44.12976],[2.7154,44.12775],[2.71512,44.12535],[2.71599,44.12424],[2.71429,44.12308],[2.71522,44.12173],[2.71712,44.12151],[2.71766,44.12001],[2.71571,44.12041],[2.71273,44.1197],[2.71054,44.11871],[2.70914,44.11583],[2.7077,44.11429],[2.70652,44.11398],[2.70331,44.11132],[2.70248,44.11151],[2.69818,44.11103],[2.6946,44.10933],[2.6949,44.10834],[2.69321,44.10761],[2.69327,44.106],[2.69176,44.10492],[2.68883,44.10435],[2.68595,44.10494],[2.68262,44.10393],[2.67988,44.10172],[2.67993,44.10059],[2.68074,44.09973],[2.68054,44.09807],[2.67922,44.09691],[2.67316,44.09663],[2.67182,44.09716],[2.66663,44.09649],[2.66561,44.09659],[2.66354,44.09772],[2.66223,44.09875],[2.65932,44.09939],[2.65617,44.1006],[2.64882,44.10253],[2.65206,44.10276],[2.65265,44.10394],[2.65473,44.10459],[2.65467,44.10544],[2.65683,44.10731],[2.65593,44.10845],[2.65225,44.11012],[2.64967,44.11096],[2.64619,44.11262],[2.64566,44.11478],[2.6486,44.11545],[2.64848,44.11675],[2.65118,44.11904],[2.65474,44.11979],[2.6579,44.12112],[2.65977,44.11985],[2.66194,44.12153],[2.66008,44.12473],[2.65897,44.12608],[2.65684,44.12748],[2.6549,44.12749],[2.65309,44.12605],[2.65277,44.1252],[2.65066,44.12673],[2.64535,44.12713],[2.64363,44.12671],[2.64452,44.12912],[2.64533,44.1299],[2.64619,44.13226],[2.64454,44.13603],[2.64302,44.13697],[2.64314,44.13844],[2.6425,44.13989],[2.64064,44.14131],[2.6378,44.14419],[2.63608,44.14477],[2.63462,44.14582],[2.63401,44.14742],[2.63397,44.14885],[2.63253,44.15109],[2.63069,44.15268],[2.63336,44.15495],[2.63424,44.1554],[2.63882,44.15615],[2.64074,44.15699],[2.64377,44.15979],[2.64809,44.16117],[2.65164,44.16107],[2.6534,44.16261],[2.65323,44.16499],[2.6536,44.16809],[2.65232,44.16852],[2.65296,44.17227],[2.65274,44.17269],[2.65291,44.17606],[2.65365,44.17759],[2.65526,44.17882],[2.65653,44.18098],[2.66103,44.18301],[2.66196,44.18132],[2.66081,44.17734],[2.65968,44.17648],[2.65942,44.17554],[2.66029,44.1737],[2.66009,44.17293],[2.66308,44.17112],[2.66628,44.1712],[2.66755,44.16904],[2.66761,44.16749],[2.67017,44.16636],[2.67143,44.16827],[2.67068,44.16958],[2.67076,44.17067],[2.6745,44.17012],[2.67579,44.16942]]]}},{"type":"Feature","id":"fr-commune-12007","properties":{"id":"fr-commune-12007","name":"Ambeyrac","kind":"commune","center":[1.9356,44.4919],"code":"12007","department":"12"},"bbox":[1.91112,44.46658,1.96009,44.51734],"geometry":{"type":"Polygon","coordinates":[[[1.94819,44.5173],[1.94864,44.51618],[1.95009,44.51502],[1.95187,44.5129],[1.95362,44.51208],[1.9547,44.51208],[1.95631,44.51046],[1.95808,44.51029],[1.95982,44.50798],[1.96009,44.50555],[1.95893,44.49983],[1.95956,44.49934],[1.9536,44.49855],[1.95101,44.49886],[1.94403,44.49453],[1.94474,44.49216],[1.94541,44.49136],[1.94387,44.48846],[1.94197,44.48591],[1.9462,44.4822],[1.94707,44.47819],[1.94569,44.47773],[1.9425,44.47395],[1.93781,44.47056],[1.93537,44.47032],[1.93503,44.46658],[1.93064,44.46679],[1.92791,44.46733],[1.92649,44.47164],[1.9261,44.47294],[1.92288,44.47569],[1.91997,44.48055],[1.91855,44.48408],[1.9165,44.48628],[1.91916,44.4879],[1.92111,44.49069],[1.92062,44.49199],[1.91729,44.49445],[1.91237,44.4989],[1.91131,44.50054],[1.91112,44.50205],[1.91199,44.50423],[1.91405,44.50538],[1.91591,44.5053],[1.91893,44.50443],[1.92429,44.50401],[1.9258,44.50425],[1.93065,44.50579],[1.93209,44.50708],[1.93463,44.51154],[1.93568,44.51396],[1.93798,44.5159],[1.94029,44.51665],[1.94492,44.51734],[1.94819,44.5173]]]}},{"type":"Feature","id":"fr-commune-12008","properties":{"id":"fr-commune-12008","name":"Anglars-Saint-Félix","kind":"commune","center":[2.2352,44.4143],"code":"12008","department":"12"},"bbox":[2.1983,44.38671,2.27225,44.44156],"geometry":{"type":"Polygon","coordinates":[[[2.27182,44.42624],[2.27096,44.42253],[2.26946,44.42172],[2.26761,44.42126],[2.26827,44.42031],[2.27225,44.41793],[2.2689,44.41635],[2.27015,44.41303],[2.27155,44.41126],[2.26938,44.41134],[2.26746,44.41098],[2.26605,44.40978],[2.26653,44.40837],[2.26512,44.40553],[2.26488,44.40361],[2.26347,44.40191],[2.26293,44.40005],[2.26432,44.3981],[2.26764,44.39657],[2.26671,44.39502],[2.26392,44.39273],[2.25701,44.39111],[2.25288,44.3946],[2.25051,44.3939],[2.24749,44.39238],[2.24738,44.39172],[2.24872,44.38857],[2.24742,44.38785],[2.2432,44.38684],[2.24061,44.38671],[2.23568,44.38768],[2.23415,44.39015],[2.23398,44.39147],[2.23298,44.39239],[2.22908,44.39493],[2.22796,44.396],[2.22736,44.39836],[2.22747,44.39973],[2.2266,44.4006],[2.22348,44.40069],[2.22197,44.40183],[2.22134,44.40303],[2.21914,44.4048],[2.21874,44.40691],[2.21664,44.40997],[2.21455,44.4102],[2.2112,44.40933],[2.20945,44.40942],[2.20932,44.41179],[2.20804,44.41316],[2.20728,44.41129],[2.20693,44.40931],[2.20528,44.40882],[2.20394,44.40989],[2.20632,44.41153],[2.20532,44.41291],[2.20646,44.41305],[2.20487,44.41652],[2.20251,44.4161],[2.20059,44.4174],[2.20073,44.4191],[2.20252,44.42265],[2.20245,44.42395],[2.20126,44.42452],[2.20004,44.42666],[2.19997,44.42856],[2.1983,44.43288],[2.20435,44.43211],[2.20533,44.43215],[2.20349,44.43427],[2.20593,44.43515],[2.20525,44.43747],[2.20881,44.43811],[2.20957,44.43685],[2.21346,44.43549],[2.21556,44.43503],[2.21436,44.43311],[2.21868,44.43168],[2.21912,44.43114],[2.22136,44.43153],[2.22232,44.43369],[2.22885,44.43272],[2.23299,44.43322],[2.23362,44.43439],[2.23698,44.43563],[2.23479,44.43745],[2.23644,44.43813],[2.23804,44.43932],[2.23618,44.44002],[2.23644,44.4411],[2.2377,44.44155],[2.24216,44.44156],[2.24486,44.43958],[2.24856,44.43868],[2.25088,44.43936],[2.25228,44.43914],[2.25585,44.43945],[2.25876,44.44036],[2.26025,44.43665],[2.25964,44.43075],[2.25974,44.42956],[2.26453,44.42915],[2.26672,44.42862],[2.26969,44.4274],[2.27182,44.42624]]]}},{"type":"Feature","id":"fr-commune-12009","properties":{"id":"fr-commune-12009","name":"Arnac-sur-Dourdou","kind":"commune","center":[2.9484,43.7189],"code":"12009","department":"12"},"bbox":[2.91802,43.69061,2.97863,43.74716],"geometry":{"type":"Polygon","coordinates":[[[2.93542,43.69456],[2.93746,43.69677],[2.93659,43.69806],[2.93526,43.69855],[2.93226,43.69874],[2.93182,43.70013],[2.93035,43.70079],[2.92829,43.70251],[2.92629,43.70338],[2.92503,43.7062],[2.92543,43.71006],[2.92465,43.71327],[2.9239,43.71409],[2.92352,43.7166],[2.92254,43.71952],[2.92371,43.72059],[2.92355,43.72252],[2.92407,43.72355],[2.92379,43.72542],[2.91906,43.73071],[2.91802,43.73125],[2.92039,43.73362],[2.92157,43.73544],[2.9243,43.73481],[2.92983,43.73657],[2.93255,43.73861],[2.93286,43.73808],[2.93583,43.73672],[2.93674,43.7383],[2.93813,43.73906],[2.94083,43.7414],[2.94207,43.74201],[2.94138,43.74277],[2.94165,43.74388],[2.94106,43.74592],[2.94158,43.74716],[2.94316,43.7469],[2.94356,43.74599],[2.94592,43.74508],[2.94714,43.7441],[2.94758,43.74291],[2.95074,43.74196],[2.95229,43.73955],[2.95394,43.73832],[2.95413,43.73669],[2.95687,43.73419],[2.9586,43.73386],[2.96121,43.73227],[2.96562,43.73071],[2.96663,43.73131],[2.96829,43.73129],[2.96872,43.73198],[2.97138,43.7324],[2.97216,43.73146],[2.97179,43.73016],[2.97514,43.7299],[2.97611,43.72863],[2.97863,43.72875],[2.97798,43.72758],[2.97555,43.72515],[2.97491,43.72415],[2.97346,43.72318],[2.97473,43.72176],[2.97663,43.72161],[2.97607,43.71927],[2.97418,43.71855],[2.97021,43.7154],[2.9686,43.7128],[2.96707,43.71226],[2.9657,43.71241],[2.96522,43.71017],[2.96293,43.70989],[2.96402,43.70817],[2.96335,43.7072],[2.96062,43.70522],[2.9597,43.70297],[2.95829,43.70144],[2.95788,43.69944],[2.9552,43.69634],[2.95323,43.69537],[2.951,43.69481],[2.94584,43.69295],[2.94119,43.69186],[2.93951,43.69081],[2.9382,43.69061],[2.93683,43.69261],[2.93527,43.69382],[2.93542,43.69456]]]}},{"type":"Feature","id":"fr-commune-12010","properties":{"id":"fr-commune-12010","name":"Arques","kind":"commune","center":[2.8134758998599416,44.332359999999994],"code":"12010","department":"12"},"bbox":[2.77254,44.30216,2.84134,44.34091],"geometry":{"type":"Polygon","coordinates":[[[2.77859,44.3051],[2.77615,44.30885],[2.7763,44.3101],[2.77339,44.31022],[2.77254,44.3107],[2.77442,44.31287],[2.77568,44.31363],[2.77644,44.31475],[2.77826,44.31573],[2.78117,44.31846],[2.78236,44.31896],[2.78262,44.32054],[2.78403,44.32224],[2.78346,44.32373],[2.78392,44.32597],[2.78723,44.32542],[2.78897,44.32884],[2.78671,44.33069],[2.78616,44.33195],[2.78746,44.33552],[2.7865,44.33954],[2.78709,44.34091],[2.7889,44.34032],[2.79111,44.34026],[2.80082,44.33797],[2.80662,44.33585],[2.80925,44.33395],[2.81282,44.33356],[2.81765,44.33277],[2.81941,44.33294],[2.82142,44.3337],[2.82428,44.33424],[2.82929,44.33438],[2.83466,44.33512],[2.83604,44.33575],[2.83905,44.33615],[2.84087,44.33575],[2.84134,44.33449],[2.84041,44.33165],[2.83644,44.33111],[2.83442,44.32914],[2.8378,44.32859],[2.83781,44.32785],[2.83396,44.32694],[2.83156,44.32497],[2.82954,44.32223],[2.83021,44.32007],[2.83224,44.31664],[2.83254,44.31538],[2.83018,44.31481],[2.82796,44.31369],[2.82719,44.3123],[2.82642,44.30967],[2.82379,44.3105],[2.82263,44.31212],[2.82042,44.31317],[2.81959,44.31397],[2.81982,44.31485],[2.81801,44.31593],[2.81696,44.31908],[2.81717,44.32155],[2.81776,44.32325],[2.81613,44.32387],[2.81402,44.32594],[2.814,44.32721],[2.81282,44.32846],[2.81223,44.33133],[2.81055,44.33185],[2.8084,44.32938],[2.80639,44.32813],[2.80461,44.32565],[2.80514,44.32432],[2.80489,44.32274],[2.80352,44.32115],[2.80635,44.31996],[2.80534,44.31888],[2.80528,44.31505],[2.80649,44.31309],[2.80777,44.31242],[2.80909,44.31255],[2.80947,44.31377],[2.8126,44.31317],[2.81465,44.3115],[2.81557,44.31129],[2.81532,44.3097],[2.81566,44.30839],[2.81485,44.30739],[2.81538,44.30592],[2.81398,44.3033],[2.81099,44.30216],[2.80638,44.30361],[2.80627,44.30465],[2.80452,44.30497],[2.80174,44.30462],[2.80119,44.30593],[2.79958,44.30741],[2.79751,44.30728],[2.79484,44.30778],[2.79124,44.30918],[2.79042,44.30818],[2.78814,44.30801],[2.78831,44.30595],[2.78749,44.30552],[2.7855,44.30578],[2.78493,44.3053],[2.78549,44.30348],[2.78378,44.30249],[2.78177,44.30282],[2.78127,44.30479],[2.77967,44.30543],[2.77859,44.3051]]]}},{"type":"Feature","id":"fr-commune-12011","properties":{"id":"fr-commune-12011","name":"Arvieu","kind":"commune","center":[2.6704,44.1908],"code":"12011","department":"12"},"bbox":[2.59537,44.15681,2.74537,44.22472],"geometry":{"type":"Polygon","coordinates":[[[2.64416,44.2134],[2.64543,44.21365],[2.64559,44.21584],[2.64358,44.21762],[2.64354,44.21923],[2.64438,44.22025],[2.64684,44.22027],[2.65216,44.2197],[2.65189,44.21872],[2.65268,44.21757],[2.65518,44.21699],[2.65789,44.21671],[2.65925,44.21619],[2.6619,44.21723],[2.66244,44.21784],[2.66514,44.21901],[2.66629,44.21899],[2.66747,44.21814],[2.67035,44.22006],[2.67033,44.22079],[2.67189,44.22205],[2.67325,44.22194],[2.67519,44.22266],[2.67595,44.22352],[2.67921,44.22472],[2.67957,44.22337],[2.68245,44.22255],[2.68408,44.22128],[2.68561,44.22139],[2.68708,44.21925],[2.68883,44.22099],[2.69107,44.21986],[2.6915,44.21905],[2.68956,44.21835],[2.69097,44.2173],[2.69016,44.21497],[2.6921,44.21482],[2.69267,44.21581],[2.69615,44.21477],[2.6961,44.21382],[2.6971,44.21283],[2.69746,44.2108],[2.699,44.21042],[2.69804,44.21283],[2.69942,44.21327],[2.70044,44.21436],[2.70126,44.21385],[2.70355,44.21459],[2.70796,44.21243],[2.70933,44.21254],[2.71455,44.20945],[2.71558,44.20786],[2.71828,44.20762],[2.71979,44.20866],[2.72166,44.20847],[2.72602,44.20557],[2.72714,44.2057],[2.72746,44.20684],[2.73029,44.20642],[2.73259,44.20541],[2.73384,44.20551],[2.73389,44.20325],[2.73139,44.20317],[2.73002,44.20275],[2.72894,44.20095],[2.73089,44.20006],[2.73518,44.20001],[2.73786,44.19865],[2.73898,44.19694],[2.73934,44.195],[2.73846,44.19379],[2.73858,44.1928],[2.74081,44.19076],[2.74137,44.18955],[2.74404,44.18742],[2.74359,44.18557],[2.74463,44.18305],[2.74537,44.18206],[2.74536,44.18058],[2.74367,44.17888],[2.74217,44.17965],[2.73973,44.17929],[2.73639,44.17708],[2.73581,44.17584],[2.73481,44.17521],[2.73231,44.17505],[2.72981,44.17411],[2.72998,44.17688],[2.73181,44.17809],[2.73412,44.17907],[2.73568,44.18043],[2.73139,44.18494],[2.73058,44.18531],[2.72671,44.18573],[2.72455,44.18561],[2.72494,44.18411],[2.72683,44.18182],[2.72805,44.17911],[2.72966,44.17792],[2.72646,44.17736],[2.7236,44.17943],[2.72299,44.18084],[2.72118,44.18309],[2.71985,44.1834],[2.71871,44.18086],[2.71634,44.18084],[2.7158,44.18043],[2.71596,44.17745],[2.71477,44.17708],[2.71146,44.17686],[2.71054,44.17416],[2.70788,44.17405],[2.70541,44.17277],[2.70353,44.17127],[2.70016,44.17047],[2.69805,44.1688],[2.69256,44.17195],[2.69038,44.17245],[2.68883,44.17232],[2.68751,44.16976],[2.68513,44.16762],[2.68189,44.16751],[2.6797,44.16873],[2.67579,44.16942],[2.6745,44.17012],[2.67076,44.17067],[2.67068,44.16958],[2.67143,44.16827],[2.67017,44.16636],[2.66761,44.16749],[2.66755,44.16904],[2.66628,44.1712],[2.66308,44.17112],[2.66009,44.17293],[2.66029,44.1737],[2.65942,44.17554],[2.65968,44.17648],[2.66081,44.17734],[2.66196,44.18132],[2.66103,44.18301],[2.65653,44.18098],[2.65526,44.17882],[2.65365,44.17759],[2.65291,44.17606],[2.65274,44.17269],[2.65296,44.17227],[2.65232,44.16852],[2.65024,44.16999],[2.64756,44.17119],[2.64674,44.17036],[2.64494,44.17068],[2.64365,44.16867],[2.64429,44.16663],[2.64341,44.16482],[2.64178,44.16388],[2.64038,44.16363],[2.63452,44.16396],[2.63236,44.16361],[2.63125,44.16293],[2.62805,44.16295],[2.62671,44.16155],[2.62558,44.16159],[2.62426,44.16011],[2.62362,44.15768],[2.62292,44.15681],[2.62057,44.15734],[2.61751,44.15956],[2.61784,44.16064],[2.61709,44.16123],[2.61521,44.16103],[2.61484,44.16187],[2.61076,44.16225],[2.60998,44.16436],[2.60848,44.16436],[2.60605,44.16617],[2.6059,44.16737],[2.60398,44.16877],[2.60354,44.17073],[2.60198,44.17303],[2.59922,44.17442],[2.59922,44.1756],[2.59688,44.17747],[2.59642,44.17827],[2.5981,44.1801],[2.59605,44.18159],[2.59537,44.18354],[2.59642,44.1853],[2.59821,44.18532],[2.5992,44.18463],[2.60048,44.18491],[2.60055,44.18614],[2.60151,44.18695],[2.60436,44.18716],[2.60333,44.18821],[2.60351,44.18918],[2.60511,44.18991],[2.60324,44.19105],[2.60513,44.19148],[2.60447,44.19344],[2.60538,44.19451],[2.60899,44.19592],[2.61116,44.19721],[2.61734,44.19917],[2.61746,44.20117],[2.61964,44.20107],[2.62066,44.20316],[2.62329,44.20228],[2.62588,44.20208],[2.62734,44.20374],[2.62975,44.20555],[2.6307,44.20707],[2.63273,44.20724],[2.63351,44.20823],[2.63513,44.20751],[2.63618,44.20765],[2.63871,44.20959],[2.63896,44.21056],[2.6404,44.21059],[2.64229,44.21193],[2.64363,44.21173],[2.64416,44.2134]]]}},{"type":"Feature","id":"fr-commune-12012","properties":{"id":"fr-commune-12012","name":"Asprières","kind":"commune","center":[2.1412,44.5517],"code":"12012","department":"12"},"bbox":[2.09329,44.52407,2.18907,44.57938],"geometry":{"type":"Polygon","coordinates":[[[2.15073,44.52744],[2.14899,44.52617],[2.14674,44.52606],[2.14618,44.52511],[2.14373,44.52407],[2.14333,44.52727],[2.13846,44.52953],[2.13543,44.53062],[2.13439,44.53066],[2.133,44.53163],[2.1316,44.5333],[2.12975,44.53321],[2.12944,44.53477],[2.12809,44.53476],[2.12468,44.53703],[2.12169,44.53753],[2.12158,44.54068],[2.12126,44.54235],[2.11993,44.54345],[2.12408,44.54579],[2.12699,44.54865],[2.12786,44.54895],[2.12774,44.55171],[2.12882,44.55234],[2.12937,44.55369],[2.1314,44.55326],[2.12961,44.55659],[2.12621,44.55666],[2.12238,44.55768],[2.12043,44.55728],[2.12124,44.55538],[2.11914,44.55248],[2.11501,44.55427],[2.11298,44.55602],[2.11313,44.55743],[2.11397,44.55812],[2.11291,44.55892],[2.10967,44.55824],[2.10526,44.55913],[2.10356,44.5601],[2.10311,44.56195],[2.10136,44.56432],[2.10188,44.56605],[2.09868,44.56464],[2.09792,44.56622],[2.09962,44.56623],[2.09989,44.56738],[2.09855,44.56888],[2.09893,44.56978],[2.09713,44.57164],[2.09475,44.57283],[2.09468,44.57366],[2.09329,44.5747],[2.09367,44.57634],[2.09543,44.57804],[2.09868,44.57553],[2.10056,44.57304],[2.10379,44.57149],[2.10629,44.57125],[2.10951,44.57131],[2.11273,44.57167],[2.11629,44.57305],[2.11817,44.57425],[2.12225,44.57854],[2.12411,44.57933],[2.12552,44.57938],[2.12746,44.57835],[2.12916,44.57513],[2.12991,44.57255],[2.13122,44.57014],[2.13244,44.56955],[2.13383,44.5696],[2.13838,44.57146],[2.13984,44.5717],[2.14278,44.57133],[2.14614,44.57055],[2.14846,44.57054],[2.15257,44.57155],[2.15306,44.56858],[2.15415,44.56829],[2.15472,44.56555],[2.15585,44.56525],[2.15761,44.56376],[2.15869,44.55962],[2.15832,44.5585],[2.16002,44.55683],[2.16267,44.55688],[2.1655,44.55576],[2.16707,44.55563],[2.16798,44.55466],[2.16965,44.55543],[2.1724,44.55547],[2.1743,44.55616],[2.1715,44.55702],[2.17032,44.56069],[2.1709,44.56239],[2.17274,44.56487],[2.17378,44.56858],[2.17737,44.56745],[2.17992,44.566],[2.18329,44.56463],[2.18485,44.56482],[2.18593,44.56375],[2.18619,44.56117],[2.18907,44.56019],[2.18763,44.55933],[2.18401,44.55814],[2.18206,44.55773],[2.17924,44.5565],[2.17827,44.55464],[2.17658,44.5552],[2.17263,44.55351],[2.16832,44.5537],[2.16746,44.55325],[2.16492,44.55006],[2.16363,44.54914],[2.16297,44.54739],[2.16177,44.54624],[2.15793,44.54528],[2.15548,44.5431],[2.15486,44.54081],[2.15252,44.53928],[2.15149,44.53433],[2.15284,44.53187],[2.15127,44.5296],[2.15139,44.52793],[2.15073,44.52744]]]}},{"type":"Feature","id":"fr-commune-12013","properties":{"id":"fr-commune-12013","name":"Aubin","kind":"commune","center":[2.2531,44.5309],"code":"12013","department":"12"},"bbox":[2.2013,44.49769,2.30517,44.56372],"geometry":{"type":"Polygon","coordinates":[[[2.2196,44.52237],[2.21804,44.5234],[2.2159,44.52392],[2.21545,44.52511],[2.21669,44.52609],[2.21677,44.52794],[2.21531,44.52825],[2.21495,44.52902],[2.21183,44.52938],[2.21109,44.53066],[2.20842,44.52967],[2.20539,44.52999],[2.20466,44.53159],[2.20266,44.53211],[2.20284,44.53463],[2.20158,44.53542],[2.2013,44.53691],[2.20267,44.53695],[2.20318,44.53785],[2.20263,44.53975],[2.20178,44.54018],[2.2048,44.54066],[2.20922,44.53867],[2.2091,44.538],[2.21124,44.53742],[2.21349,44.54413],[2.21538,44.54606],[2.21803,44.54696],[2.21972,44.54619],[2.22099,44.54615],[2.22361,44.54497],[2.22656,44.54496],[2.22681,44.54561],[2.23046,44.54636],[2.23693,44.54678],[2.23991,44.54931],[2.2402,44.55046],[2.2397,44.55166],[2.24037,44.55229],[2.23993,44.55384],[2.24067,44.55412],[2.24188,44.55575],[2.24356,44.55528],[2.24723,44.55528],[2.24854,44.55364],[2.25216,44.55122],[2.25372,44.54968],[2.25493,44.54909],[2.2557,44.54778],[2.25777,44.54696],[2.25777,44.54448],[2.25986,44.5453],[2.26112,44.54494],[2.2632,44.54296],[2.26578,44.54319],[2.26791,44.54476],[2.26996,44.54375],[2.27142,44.54543],[2.27584,44.54643],[2.27653,44.54778],[2.27785,44.54845],[2.28053,44.551],[2.28219,44.55334],[2.28162,44.55403],[2.28201,44.55517],[2.28024,44.5558],[2.2774,44.55786],[2.28091,44.56042],[2.28099,44.56173],[2.28207,44.56372],[2.2871,44.56364],[2.28927,44.56306],[2.29109,44.56204],[2.29312,44.56094],[2.296,44.56052],[2.29694,44.5599],[2.29903,44.55987],[2.30146,44.56034],[2.30357,44.56026],[2.30339,44.55756],[2.30517,44.5554],[2.30019,44.54725],[2.29821,44.54481],[2.29617,44.54392],[2.29573,44.54274],[2.2941,44.54261],[2.29251,44.54328],[2.29088,44.5427],[2.28952,44.54073],[2.29406,44.53966],[2.29592,44.53885],[2.3008,44.53461],[2.30096,44.53315],[2.30181,44.531],[2.30096,44.52947],[2.29868,44.5285],[2.29676,44.52891],[2.29416,44.52812],[2.29227,44.5292],[2.29026,44.52987],[2.28385,44.53063],[2.2797,44.53063],[2.27839,44.53166],[2.27675,44.53095],[2.27718,44.53019],[2.27598,44.52946],[2.27422,44.52919],[2.27151,44.52928],[2.2712,44.5286],[2.26894,44.527],[2.26796,44.52741],[2.2676,44.52412],[2.26662,44.52338],[2.26652,44.5222],[2.26568,44.52161],[2.26474,44.51893],[2.26587,44.51838],[2.2654,44.51732],[2.26705,44.51572],[2.26703,44.51471],[2.26927,44.51269],[2.27018,44.51222],[2.27342,44.51151],[2.27569,44.51302],[2.27728,44.51207],[2.27694,44.51048],[2.27884,44.50872],[2.27775,44.50724],[2.27581,44.50705],[2.27443,44.50615],[2.27679,44.50443],[2.2777,44.50341],[2.28061,44.50439],[2.28308,44.50037],[2.28035,44.49974],[2.27936,44.49885],[2.27709,44.49851],[2.27548,44.49778],[2.27482,44.49895],[2.27312,44.49963],[2.2713,44.49769],[2.27023,44.49839],[2.26749,44.49919],[2.26583,44.4995],[2.26352,44.499],[2.26112,44.49925],[2.25651,44.50228],[2.25466,44.50257],[2.25357,44.50331],[2.25228,44.5019],[2.25208,44.49788],[2.2486,44.49844],[2.24866,44.50163],[2.24948,44.5043],[2.25056,44.50654],[2.24802,44.50761],[2.24412,44.50762],[2.24229,44.50829],[2.23954,44.50981],[2.24133,44.51072],[2.2398,44.51173],[2.23725,44.51241],[2.23619,44.51502],[2.23401,44.51561],[2.23346,44.51636],[2.23028,44.51849],[2.23017,44.51904],[2.22825,44.5199],[2.22584,44.52154],[2.22532,44.52292],[2.22421,44.52313],[2.22203,44.52233],[2.2196,44.52237]]]}},{"type":"Feature","id":"fr-commune-12015","properties":{"id":"fr-commune-12015","name":"Auriac-Lagast","kind":"commune","center":[2.6002,44.1421],"code":"12015","department":"12"},"bbox":[2.54674,44.1131,2.6536,44.17119],"geometry":{"type":"Polygon","coordinates":[[[2.58663,44.12126],[2.58315,44.12037],[2.58103,44.12052],[2.57955,44.12116],[2.57787,44.12066],[2.5717,44.12049],[2.57,44.1213],[2.56481,44.12149],[2.56199,44.12308],[2.55968,44.12294],[2.55994,44.12473],[2.55835,44.12604],[2.55738,44.12853],[2.55361,44.13158],[2.5501,44.13185],[2.55043,44.1327],[2.55003,44.13502],[2.5519,44.1384],[2.55106,44.13916],[2.54808,44.14053],[2.54762,44.14245],[2.54674,44.14371],[2.54738,44.14475],[2.54931,44.14497],[2.55132,44.14645],[2.55513,44.14698],[2.55958,44.14891],[2.55997,44.15282],[2.55941,44.15392],[2.56072,44.1549],[2.56083,44.15569],[2.55834,44.15693],[2.55736,44.15728],[2.55544,44.15906],[2.55678,44.15936],[2.5584,44.1604],[2.5635,44.16083],[2.56288,44.16254],[2.5632,44.16339],[2.5653,44.16536],[2.56789,44.16532],[2.56914,44.16564],[2.57046,44.16703],[2.57171,44.16703],[2.57271,44.1654],[2.5747,44.16391],[2.57682,44.16282],[2.58207,44.1639],[2.58471,44.16416],[2.58809,44.16595],[2.59115,44.16795],[2.59475,44.17103],[2.5965,44.16795],[2.60129,44.16786],[2.60398,44.16877],[2.6059,44.16737],[2.60605,44.16617],[2.60848,44.16436],[2.60998,44.16436],[2.61076,44.16225],[2.61484,44.16187],[2.61521,44.16103],[2.61709,44.16123],[2.61784,44.16064],[2.61751,44.15956],[2.62057,44.15734],[2.62292,44.15681],[2.62362,44.15768],[2.62426,44.16011],[2.62558,44.16159],[2.62671,44.16155],[2.62805,44.16295],[2.63125,44.16293],[2.63236,44.16361],[2.63452,44.16396],[2.64038,44.16363],[2.64178,44.16388],[2.64341,44.16482],[2.64429,44.16663],[2.64365,44.16867],[2.64494,44.17068],[2.64674,44.17036],[2.64756,44.17119],[2.65024,44.16999],[2.65232,44.16852],[2.6536,44.16809],[2.65323,44.16499],[2.6534,44.16261],[2.65164,44.16107],[2.64809,44.16117],[2.64377,44.15979],[2.64074,44.15699],[2.63882,44.15615],[2.63424,44.1554],[2.63336,44.15495],[2.63069,44.15268],[2.63253,44.15109],[2.63397,44.14885],[2.63401,44.14742],[2.63462,44.14582],[2.63608,44.14477],[2.6378,44.14419],[2.64064,44.14131],[2.6425,44.13989],[2.64314,44.13844],[2.64302,44.13697],[2.64454,44.13603],[2.64619,44.13226],[2.64533,44.1299],[2.64452,44.12912],[2.64363,44.12671],[2.64247,44.12723],[2.63955,44.1294],[2.63618,44.13073],[2.63432,44.13239],[2.63275,44.13089],[2.63049,44.12946],[2.62694,44.13213],[2.62205,44.13198],[2.61983,44.13079],[2.61617,44.13058],[2.61516,44.13001],[2.61137,44.13045],[2.60929,44.12939],[2.60747,44.13002],[2.60327,44.12998],[2.60204,44.12889],[2.60205,44.12708],[2.60435,44.12581],[2.60491,44.12451],[2.60397,44.12424],[2.60123,44.11928],[2.60101,44.11738],[2.60013,44.11668],[2.6001,44.11564],[2.59875,44.11548],[2.59705,44.11391],[2.59372,44.1131],[2.5921,44.11324],[2.59068,44.11399],[2.59106,44.11603],[2.5919,44.11667],[2.59192,44.11785],[2.58909,44.11964],[2.5881,44.12212],[2.58663,44.12126]]]}},{"type":"Feature","id":"fr-commune-12016","properties":{"id":"fr-commune-12016","name":"Auzits","kind":"commune","center":[2.32,44.4954],"code":"12016","department":"12"},"bbox":[2.26614,44.4654,2.37384,44.52547],"geometry":{"type":"Polygon","coordinates":[[[2.32299,44.4654],[2.32151,44.46625],[2.32097,44.46743],[2.31824,44.47056],[2.3159,44.47208],[2.31553,44.47295],[2.31251,44.47461],[2.31322,44.47818],[2.30945,44.47901],[2.30958,44.48138],[2.31125,44.48206],[2.31453,44.48269],[2.31445,44.48355],[2.31297,44.48465],[2.30997,44.48469],[2.30522,44.48603],[2.30463,44.48665],[2.30183,44.48805],[2.30062,44.48922],[2.29439,44.49162],[2.29425,44.48936],[2.29373,44.4882],[2.29476,44.487],[2.29168,44.48578],[2.2872,44.48556],[2.28708,44.48417],[2.28941,44.48326],[2.29014,44.48187],[2.28856,44.47946],[2.28602,44.47728],[2.27993,44.47875],[2.27787,44.47907],[2.28083,44.48112],[2.28294,44.484],[2.28257,44.48498],[2.28088,44.48526],[2.28037,44.4866],[2.27646,44.48667],[2.27439,44.4861],[2.27179,44.48804],[2.27118,44.4899],[2.26966,44.49167],[2.26745,44.49243],[2.26629,44.4941],[2.26614,44.49551],[2.26789,44.49852],[2.26749,44.49919],[2.27023,44.49839],[2.2713,44.49769],[2.27312,44.49963],[2.27482,44.49895],[2.27548,44.49778],[2.27709,44.49851],[2.27936,44.49885],[2.28035,44.49974],[2.28308,44.50037],[2.28061,44.50439],[2.28171,44.50489],[2.28018,44.50673],[2.28191,44.50729],[2.28341,44.50859],[2.2855,44.50973],[2.2886,44.50945],[2.28965,44.50728],[2.29055,44.50643],[2.29303,44.50775],[2.29609,44.51015],[2.29891,44.51204],[2.30082,44.512],[2.30264,44.51268],[2.30515,44.51195],[2.31188,44.51166],[2.31381,44.51111],[2.31545,44.51344],[2.3173,44.51302],[2.31952,44.51192],[2.32078,44.51076],[2.32241,44.51004],[2.32316,44.51189],[2.32188,44.51284],[2.32338,44.51386],[2.3254,44.51595],[2.32749,44.51651],[2.32922,44.51617],[2.33107,44.5153],[2.33093,44.51784],[2.32995,44.51874],[2.33104,44.51959],[2.33166,44.52105],[2.33254,44.52084],[2.33353,44.52246],[2.33542,44.52349],[2.33342,44.52498],[2.33593,44.52497],[2.34046,44.52462],[2.34027,44.52341],[2.33939,44.52201],[2.3412,44.52085],[2.34631,44.51913],[2.34707,44.52093],[2.34964,44.52086],[2.35077,44.52213],[2.3515,44.52386],[2.35333,44.52506],[2.35625,44.52547],[2.3575,44.52534],[2.3614,44.52358],[2.36171,44.52253],[2.36338,44.51994],[2.36536,44.51815],[2.3656,44.51682],[2.36889,44.51404],[2.36951,44.51094],[2.37067,44.5097],[2.37014,44.50927],[2.37064,44.50717],[2.37384,44.50297],[2.37095,44.50171],[2.36945,44.50297],[2.36536,44.50135],[2.36573,44.50035],[2.36806,44.49862],[2.36768,44.49686],[2.36598,44.49564],[2.36355,44.49644],[2.35953,44.49709],[2.35782,44.49808],[2.35787,44.49933],[2.35621,44.50111],[2.35476,44.50332],[2.35471,44.50436],[2.35312,44.50585],[2.35055,44.5049],[2.34976,44.50239],[2.34795,44.50022],[2.34843,44.49775],[2.34909,44.49726],[2.34997,44.4953],[2.35007,44.49435],[2.34823,44.49257],[2.3487,44.49121],[2.34702,44.48902],[2.34565,44.4878],[2.34215,44.48768],[2.34165,44.4888],[2.33989,44.48925],[2.33893,44.48819],[2.33874,44.48685],[2.337,44.487],[2.33336,44.48624],[2.33135,44.48529],[2.32934,44.4829],[2.32959,44.48133],[2.32865,44.48025],[2.3299,44.47939],[2.32769,44.47791],[2.3265,44.47598],[2.32675,44.47499],[2.32382,44.47445],[2.32362,44.47263],[2.3257,44.47002],[2.3254,44.46788],[2.32299,44.4654]]]}},{"type":"Feature","id":"fr-commune-12017","properties":{"id":"fr-commune-12017","name":"Ayssènes","kind":"commune","center":[2.7619,44.0916],"code":"12017","department":"12"},"bbox":[2.72249,44.05851,2.80136,44.12473],"geometry":{"type":"Polygon","coordinates":[[[2.79082,44.10269],[2.79087,44.10125],[2.78942,44.10083],[2.78776,44.09963],[2.78672,44.09761],[2.78603,44.0954],[2.7862,44.09427],[2.78721,44.09306],[2.78704,44.09027],[2.78879,44.0906],[2.79013,44.09013],[2.79313,44.09186],[2.79695,44.09073],[2.79797,44.08989],[2.8004,44.08919],[2.80136,44.08751],[2.80129,44.08622],[2.80043,44.08406],[2.79743,44.08169],[2.79617,44.08004],[2.79597,44.07896],[2.79459,44.07728],[2.79391,44.07526],[2.79379,44.07265],[2.79124,44.06902],[2.79158,44.06573],[2.79241,44.06207],[2.79382,44.05985],[2.78952,44.05851],[2.78753,44.05851],[2.78656,44.05931],[2.78752,44.06172],[2.78625,44.06352],[2.78395,44.06424],[2.78152,44.06413],[2.77866,44.06179],[2.77654,44.06134],[2.77349,44.06232],[2.77105,44.06217],[2.76969,44.06136],[2.76543,44.06414],[2.76745,44.06515],[2.76582,44.06733],[2.76863,44.06659],[2.76917,44.06679],[2.76809,44.06954],[2.76849,44.07029],[2.76597,44.07153],[2.76477,44.07271],[2.76454,44.07371],[2.76242,44.07402],[2.76136,44.07376],[2.75735,44.07523],[2.75524,44.07763],[2.75462,44.07926],[2.75047,44.08073],[2.74778,44.08145],[2.74597,44.08248],[2.74337,44.08343],[2.74062,44.08634],[2.73495,44.08893],[2.73293,44.08965],[2.72785,44.0899],[2.72249,44.09121],[2.72478,44.09544],[2.72476,44.09838],[2.72509,44.10058],[2.72491,44.10261],[2.72866,44.10283],[2.73347,44.10285],[2.7356,44.10384],[2.73774,44.10554],[2.7408,44.10588],[2.74367,44.10686],[2.74437,44.1083],[2.74477,44.11072],[2.74571,44.11223],[2.7445,44.11395],[2.74402,44.11547],[2.74253,44.11655],[2.74497,44.11736],[2.7473,44.11721],[2.75169,44.11841],[2.75323,44.11971],[2.75559,44.11866],[2.75777,44.11836],[2.75857,44.11913],[2.76311,44.12085],[2.7659,44.12281],[2.76749,44.12304],[2.76898,44.12473],[2.7704,44.12266],[2.77187,44.12198],[2.77428,44.12033],[2.77449,44.11971],[2.77661,44.11792],[2.77806,44.1156],[2.78069,44.11263],[2.78074,44.11119],[2.78023,44.10934],[2.7838,44.10662],[2.78657,44.10522],[2.78862,44.10355],[2.79082,44.10269]]]}},{"type":"Feature","id":"fr-commune-12018","properties":{"id":"fr-commune-12018","name":"Balaguier-d'Olt","kind":"commune","center":[1.9778,44.5188],"code":"12018","department":"12"},"bbox":[1.94819,44.49672,2.00724,44.54107],"geometry":{"type":"Polygon","coordinates":[[[1.95956,44.49934],[1.95893,44.49983],[1.96009,44.50555],[1.95982,44.50798],[1.95808,44.51029],[1.95631,44.51046],[1.9547,44.51208],[1.95362,44.51208],[1.95187,44.5129],[1.95009,44.51502],[1.94864,44.51618],[1.94819,44.5173],[1.9537,44.51793],[1.95811,44.51912],[1.95982,44.51972],[1.96263,44.52132],[1.96666,44.52553],[1.97013,44.52843],[1.97097,44.52953],[1.97182,44.53253],[1.97404,44.53586],[1.97688,44.53882],[1.97774,44.53922],[1.97937,44.54107],[1.98332,44.53858],[1.98529,44.53776],[1.98674,44.53889],[1.98826,44.53948],[1.98985,44.53888],[1.99365,44.53874],[1.99568,44.53816],[1.99819,44.53891],[2.00047,44.53748],[2.00157,44.53575],[2.00334,44.53465],[2.00548,44.53255],[2.00724,44.53213],[2.00693,44.53029],[2.00352,44.52981],[2.0012,44.52917],[1.99907,44.52813],[1.99619,44.52551],[1.99645,44.52462],[1.99432,44.52526],[1.99252,44.52378],[1.9882,44.52293],[1.98891,44.52165],[1.99142,44.52009],[1.99183,44.51901],[1.98963,44.51176],[1.98787,44.51201],[1.98665,44.51333],[1.98465,44.51225],[1.98287,44.51201],[1.98285,44.50961],[1.98351,44.50853],[1.98452,44.50538],[1.98548,44.50333],[1.98567,44.50155],[1.98924,44.49935],[1.98692,44.49817],[1.98395,44.49747],[1.98217,44.49793],[1.97983,44.4971],[1.97861,44.4977],[1.97759,44.49737],[1.97517,44.49819],[1.97233,44.49751],[1.97165,44.49676],[1.96602,44.49672],[1.96541,44.49774],[1.96391,44.49693],[1.96172,44.4975],[1.96017,44.4993],[1.95956,44.49934]]]}},{"type":"Feature","id":"fr-commune-12019","properties":{"id":"fr-commune-12019","name":"Balaguier-sur-Rance","kind":"commune","center":[2.5761,43.8945],"code":"12019","department":"12"},"bbox":[2.55047,43.87618,2.6019,43.91283],"geometry":{"type":"Polygon","coordinates":[[[2.55083,43.90188],[2.55241,43.90496],[2.55268,43.90795],[2.55346,43.90603],[2.55469,43.905],[2.55581,43.90303],[2.55729,43.90246],[2.56056,43.90297],[2.56499,43.90319],[2.56509,43.90467],[2.56768,43.90771],[2.57004,43.90908],[2.57173,43.91086],[2.57445,43.91283],[2.58095,43.91139],[2.58259,43.91137],[2.58512,43.91075],[2.59172,43.90724],[2.59386,43.90674],[2.59671,43.90499],[2.59861,43.9017],[2.60142,43.90142],[2.6019,43.90106],[2.60078,43.90081],[2.59953,43.8986],[2.59735,43.89716],[2.59286,43.89382],[2.59511,43.89379],[2.59795,43.89547],[2.60001,43.89518],[2.59896,43.89285],[2.59786,43.89224],[2.59689,43.89082],[2.59521,43.89028],[2.59582,43.88929],[2.59476,43.88867],[2.5927,43.88588],[2.59279,43.88467],[2.59203,43.88334],[2.59207,43.88186],[2.59054,43.8802],[2.58577,43.88067],[2.58272,43.87914],[2.58113,43.87786],[2.57999,43.87618],[2.58013,43.87882],[2.57926,43.8803],[2.57688,43.8815],[2.57348,43.88255],[2.57042,43.88395],[2.56672,43.88493],[2.56375,43.8864],[2.56162,43.8864],[2.56027,43.88709],[2.55778,43.88776],[2.55459,43.88978],[2.5527,43.89126],[2.55068,43.89219],[2.55138,43.89324],[2.55057,43.89655],[2.55047,43.8985],[2.55144,43.89934],[2.55083,43.90188]]]}},{"type":"Feature","id":"fr-commune-12021","properties":{"id":"fr-commune-12021","name":"Le Bas Ségala","kind":"commune","center":[2.1369,44.3056],"code":"12021","department":"12"},"bbox":[2.06966,44.23946,2.20396,44.37188],"geometry":{"type":"Polygon","coordinates":[[[2.07009,44.27867],[2.06976,44.27942],[2.06966,44.28242],[2.07059,44.28284],[2.07044,44.28459],[2.07113,44.28532],[2.07329,44.28393],[2.07412,44.28524],[2.07597,44.28592],[2.07676,44.28701],[2.07617,44.28756],[2.07666,44.2907],[2.07669,44.29259],[2.0786,44.29272],[2.07954,44.29506],[2.07992,44.29718],[2.08125,44.29706],[2.082,44.29788],[2.08504,44.29926],[2.08643,44.29926],[2.08932,44.29523],[2.09104,44.29496],[2.09076,44.29207],[2.09403,44.29098],[2.10004,44.29207],[2.10322,44.29251],[2.10414,44.29304],[2.10784,44.29224],[2.10896,44.29282],[2.10736,44.29502],[2.1058,44.29542],[2.10305,44.29956],[2.10599,44.29926],[2.10694,44.3],[2.10502,44.30113],[2.1049,44.30288],[2.10777,44.30533],[2.10985,44.30549],[2.11404,44.30927],[2.11381,44.31229],[2.11118,44.31331],[2.11006,44.3145],[2.11294,44.31605],[2.10909,44.31771],[2.10602,44.31801],[2.10682,44.31968],[2.1089,44.31959],[2.11242,44.3208],[2.11375,44.3227],[2.11738,44.32278],[2.11552,44.32438],[2.11483,44.32424],[2.10952,44.3321],[2.10704,44.33383],[2.10691,44.33444],[2.09938,44.33832],[2.09618,44.33775],[2.09651,44.33916],[2.09508,44.3406],[2.09499,44.34338],[2.09205,44.34571],[2.08848,44.34988],[2.08615,44.35097],[2.08352,44.35336],[2.08279,44.35447],[2.08012,44.3572],[2.08344,44.36006],[2.08229,44.3615],[2.08272,44.36216],[2.08486,44.36248],[2.0875,44.36249],[2.09019,44.36354],[2.09364,44.36283],[2.09424,44.36217],[2.09585,44.36242],[2.09757,44.36346],[2.10077,44.36464],[2.10198,44.36465],[2.10257,44.36378],[2.10223,44.36135],[2.10249,44.36037],[2.10551,44.35844],[2.10677,44.35879],[2.1084,44.36129],[2.11031,44.36267],[2.11186,44.36288],[2.11326,44.36145],[2.11599,44.36253],[2.11755,44.36388],[2.11888,44.36586],[2.11871,44.36732],[2.11767,44.36784],[2.11816,44.36915],[2.11959,44.36956],[2.12176,44.36959],[2.12363,44.36926],[2.12695,44.37035],[2.13009,44.37001],[2.13145,44.37029],[2.13313,44.36979],[2.13642,44.36827],[2.13812,44.36818],[2.13912,44.36721],[2.13993,44.36393],[2.13914,44.36247],[2.14084,44.36202],[2.14401,44.36405],[2.14599,44.3627],[2.14779,44.36233],[2.14926,44.36049],[2.15189,44.36023],[2.15297,44.36152],[2.15302,44.36264],[2.15065,44.36423],[2.14972,44.36551],[2.15133,44.36783],[2.15514,44.3685],[2.15511,44.37031],[2.1566,44.37094],[2.15908,44.37094],[2.1623,44.37188],[2.16487,44.3715],[2.16586,44.37058],[2.16539,44.36977],[2.1664,44.36828],[2.16786,44.36867],[2.16934,44.37013],[2.17144,44.36966],[2.17251,44.36811],[2.1724,44.36556],[2.17165,44.36333],[2.17367,44.3608],[2.17758,44.35968],[2.17852,44.35859],[2.17781,44.35752],[2.17896,44.35638],[2.18048,44.35623],[2.18207,44.35662],[2.18264,44.3582],[2.18536,44.35717],[2.18567,44.35665],[2.18643,44.35243],[2.18949,44.34932],[2.19087,44.34928],[2.193,44.3476],[2.19484,44.34556],[2.19866,44.34453],[2.20086,44.34428],[2.19994,44.34316],[2.19914,44.33977],[2.20212,44.33859],[2.20315,44.33856],[2.20396,44.33755],[2.20338,44.33684],[2.2022,44.33365],[2.20101,44.33293],[2.19801,44.3319],[2.1981,44.33119],[2.19641,44.33116],[2.19537,44.33065],[2.19248,44.32829],[2.1903,44.32504],[2.18548,44.32575],[2.18366,44.32498],[2.18197,44.32552],[2.17915,44.32691],[2.17728,44.32656],[2.17363,44.32804],[2.17011,44.32806],[2.16987,44.32567],[2.17059,44.32371],[2.16941,44.32216],[2.16947,44.3207],[2.16859,44.31941],[2.16591,44.31947],[2.16487,44.31842],[2.16164,44.31729],[2.15959,44.31768],[2.15743,44.31736],[2.15585,44.31663],[2.15238,44.31621],[2.15011,44.31622],[2.14965,44.31564],[2.15167,44.31479],[2.15544,44.31408],[2.15657,44.31305],[2.16061,44.31161],[2.16159,44.30962],[2.16121,44.30672],[2.1616,44.30625],[2.16047,44.30407],[2.16033,44.30237],[2.15859,44.30163],[2.15751,44.29966],[2.1572,44.2977],[2.15619,44.29529],[2.15501,44.29383],[2.15396,44.2935],[2.15289,44.29193],[2.15411,44.29051],[2.15429,44.28943],[2.15371,44.28683],[2.15662,44.28795],[2.15806,44.28936],[2.15977,44.28859],[2.15934,44.28579],[2.1599,44.28517],[2.15947,44.28355],[2.15981,44.2827],[2.15892,44.28151],[2.16062,44.28064],[2.16507,44.27995],[2.16649,44.28045],[2.1697,44.2809],[2.17099,44.28223],[2.17125,44.28352],[2.17288,44.28312],[2.17864,44.28079],[2.18024,44.27967],[2.18212,44.27946],[2.183,44.2788],[2.18282,44.27804],[2.18067,44.27786],[2.18,44.27662],[2.18082,44.2754],[2.18209,44.2754],[2.18268,44.27425],[2.18123,44.27125],[2.17895,44.27116],[2.17643,44.27067],[2.17512,44.26952],[2.17529,44.268],[2.17327,44.26737],[2.17328,44.26642],[2.17225,44.26571],[2.1721,44.26333],[2.16878,44.26216],[2.16853,44.26145],[2.16592,44.26104],[2.16706,44.25934],[2.16465,44.25948],[2.16516,44.25797],[2.16279,44.2576],[2.16401,44.25663],[2.16389,44.25508],[2.16259,44.25402],[2.16072,44.25361],[2.15943,44.2534],[2.156,44.25546],[2.15524,44.25338],[2.15337,44.25111],[2.15218,44.252],[2.14695,44.25355],[2.14561,44.25415],[2.14229,44.25665],[2.14017,44.25546],[2.13863,44.25643],[2.13438,44.25591],[2.13315,44.25532],[2.1324,44.25403],[2.1307,44.25374],[2.13,44.25258],[2.13231,44.25114],[2.13293,44.24957],[2.13047,44.24925],[2.1292,44.24867],[2.12796,44.24933],[2.12587,44.2502],[2.12444,44.24955],[2.12109,44.24994],[2.12246,44.2475],[2.12215,44.24522],[2.11918,44.24501],[2.1204,44.2423],[2.11828,44.24025],[2.11668,44.23946],[2.11378,44.24125],[2.11156,44.24305],[2.10806,44.24391],[2.10614,44.24558],[2.10566,44.24654],[2.10407,44.24632],[2.10343,44.24555],[2.09951,44.2456],[2.09771,44.24528],[2.09693,44.24637],[2.09508,44.24567],[2.0938,44.24939],[2.09402,44.25076],[2.088,44.252],[2.09132,44.25635],[2.09059,44.2568],[2.0918,44.25797],[2.09115,44.25941],[2.09183,44.26156],[2.08972,44.26308],[2.08988,44.2656],[2.08654,44.26671],[2.08522,44.26764],[2.08657,44.26946],[2.08747,44.26951],[2.08913,44.27069],[2.08855,44.27177],[2.0859,44.27338],[2.08397,44.27493],[2.08261,44.27448],[2.0821,44.27347],[2.07996,44.27427],[2.07706,44.27401],[2.07434,44.27565],[2.07218,44.27585],[2.07115,44.27658],[2.07009,44.27867]]]}},{"type":"Feature","id":"fr-commune-12022","properties":{"id":"fr-commune-12022","name":"La Bastide-Pradines","kind":"commune","center":[3.0549,44.0098],"code":"12022","department":"12"},"bbox":[3.02644,43.97588,3.08344,44.04376],"geometry":{"type":"Polygon","coordinates":[[[3.07859,44.032],[3.07812,44.02926],[3.07754,44.02301],[3.0782,44.02112],[3.08186,44.01425],[3.08344,44.01154],[3.08026,44.00908],[3.08101,44.00849],[3.07999,44.0067],[3.07981,44.00527],[3.08167,44.00454],[3.08059,44.00273],[3.07755,44.00056],[3.07589,44.00119],[3.07511,43.99845],[3.07424,43.99694],[3.07333,43.99758],[3.07063,43.99725],[3.06949,43.99667],[3.065,43.99764],[3.06323,43.99693],[3.06311,43.99597],[3.06699,43.99208],[3.0651,43.99069],[3.06376,43.98897],[3.06432,43.98727],[3.06369,43.98633],[3.06445,43.9829],[3.06311,43.97981],[3.06296,43.97837],[3.06058,43.97707],[3.05696,43.97588],[3.04939,43.97775],[3.04545,43.97885],[3.04558,43.98628],[3.04534,43.98732],[3.04338,43.98912],[3.03912,43.9894],[3.03826,43.98635],[3.0326,43.98744],[3.03035,43.98763],[3.03168,43.99425],[3.03156,43.99558],[3.03346,43.99799],[3.02702,44.001],[3.02644,44.00555],[3.0274,44.00761],[3.03157,44.01768],[3.03167,44.02007],[3.03279,44.01959],[3.03856,44.01925],[3.0403,44.01889],[3.04317,44.01903],[3.04405,44.0196],[3.04591,44.02203],[3.0458,44.02472],[3.04425,44.02666],[3.04367,44.0282],[3.04082,44.02954],[3.04032,44.03052],[3.04113,44.03123],[3.04272,44.0316],[3.04417,44.03258],[3.04554,44.03283],[3.04759,44.03193],[3.05061,44.03156],[3.05146,44.03254],[3.05273,44.03499],[3.05345,44.03565],[3.05514,44.03924],[3.05648,44.04305],[3.05954,44.04339],[3.06321,44.04198],[3.06724,44.04256],[3.07044,44.04376],[3.07431,44.03907],[3.07646,44.03815],[3.07941,44.03876],[3.0787,44.03445],[3.07859,44.032]]]}},{"type":"Feature","id":"fr-commune-12023","properties":{"id":"fr-commune-12023","name":"La Bastide-Solages","kind":"commune","center":[2.5243,43.9488],"code":"12023","department":"12"},"bbox":[2.49899,43.9338,2.54935,43.96381],"geometry":{"type":"Polygon","coordinates":[[[2.49899,43.94514],[2.49964,43.94768],[2.4993,43.94955],[2.4999,43.95153],[2.5012,43.95303],[2.50356,43.95469],[2.5059,43.9558],[2.51175,43.95746],[2.51553,43.95827],[2.51847,43.9586],[2.51948,43.95954],[2.52092,43.96337],[2.523,43.96364],[2.52681,43.96337],[2.53078,43.96381],[2.53267,43.96321],[2.53537,43.96323],[2.53902,43.96172],[2.53704,43.96018],[2.53772,43.95899],[2.5397,43.95808],[2.54187,43.95609],[2.53899,43.95382],[2.53898,43.952],[2.53968,43.95006],[2.54297,43.95086],[2.54374,43.95142],[2.5477,43.9512],[2.5493,43.95044],[2.54935,43.94889],[2.54798,43.94922],[2.54667,43.95027],[2.54457,43.9493],[2.54258,43.94683],[2.54112,43.94623],[2.53907,43.94436],[2.53959,43.94078],[2.53937,43.93805],[2.53961,43.93683],[2.5372,43.93553],[2.53726,43.9338],[2.53582,43.93405],[2.53426,43.93598],[2.53297,43.93671],[2.53104,43.93666],[2.52669,43.93739],[2.52572,43.93878],[2.52128,43.93974],[2.51839,43.93998],[2.51818,43.94142],[2.51647,43.94267],[2.51352,43.9436],[2.50982,43.94228],[2.50816,43.9424],[2.50822,43.94371],[2.50766,43.94553],[2.50817,43.94746],[2.50671,43.94855],[2.50538,43.948],[2.50433,43.94568],[2.50244,43.94439],[2.49899,43.94514]]]}},{"type":"Feature","id":"fr-commune-12024","properties":{"id":"fr-commune-12024","name":"Belcastel","kind":"commune","center":[2.331,44.397],"code":"12024","department":"12"},"bbox":[2.29976,44.37651,2.36231,44.41742],"geometry":{"type":"Polygon","coordinates":[[[2.36231,44.41374],[2.35732,44.41295],[2.35671,44.41144],[2.35525,44.41108],[2.35392,44.41015],[2.35265,44.40864],[2.35025,44.40705],[2.3487,44.40543],[2.34875,44.40411],[2.34961,44.40297],[2.35104,44.40377],[2.35283,44.40413],[2.35575,44.40388],[2.35512,44.40228],[2.35619,44.39883],[2.35266,44.39717],[2.35249,44.39543],[2.35112,44.39402],[2.35119,44.38948],[2.35027,44.38777],[2.34668,44.38813],[2.34607,44.38451],[2.34794,44.38471],[2.34842,44.38377],[2.35029,44.38238],[2.35066,44.3814],[2.35036,44.37992],[2.35102,44.37891],[2.34742,44.377],[2.34657,44.37746],[2.3428,44.37771],[2.33951,44.38013],[2.33714,44.38249],[2.33724,44.3837],[2.33581,44.38431],[2.33426,44.38386],[2.33377,44.38474],[2.33201,44.38397],[2.33153,44.38514],[2.32778,44.38507],[2.32499,44.3832],[2.32212,44.38214],[2.31993,44.37843],[2.3177,44.37768],[2.3121,44.37651],[2.31038,44.37671],[2.30556,44.37811],[2.30156,44.37873],[2.29976,44.3791],[2.30168,44.3816],[2.30165,44.3822],[2.30364,44.38471],[2.3041,44.38585],[2.30584,44.38741],[2.30584,44.38924],[2.30682,44.39207],[2.30734,44.39483],[2.30628,44.39603],[2.30606,44.39723],[2.30672,44.39909],[2.30811,44.3991],[2.31001,44.39772],[2.31191,44.39561],[2.31526,44.39379],[2.31688,44.39421],[2.31661,44.39564],[2.31544,44.39722],[2.3164,44.39909],[2.31608,44.40141],[2.31405,44.40214],[2.31162,44.40519],[2.31059,44.40683],[2.31177,44.40983],[2.31472,44.40821],[2.31669,44.40757],[2.3204,44.40788],[2.3208,44.40845],[2.32352,44.40951],[2.32493,44.40919],[2.32709,44.40716],[2.32801,44.40575],[2.33187,44.40436],[2.33583,44.40323],[2.33935,44.40273],[2.34098,44.40388],[2.34231,44.40419],[2.34319,44.40693],[2.34446,44.40744],[2.3451,44.40933],[2.35001,44.41232],[2.35184,44.4124],[2.35195,44.41392],[2.34984,44.41444],[2.34736,44.41584],[2.34824,44.41742],[2.34973,44.41675],[2.35285,44.41647],[2.3557,44.41727],[2.35893,44.41683],[2.36231,44.41374]]]}},{"type":"Feature","id":"fr-commune-12025","properties":{"id":"fr-commune-12025","name":"Belmont-sur-Rance","kind":"commune","center":[2.7517,43.8248],"code":"12025","department":"12"},"bbox":[2.70083,43.7839,2.80262,43.86583],"geometry":{"type":"Polygon","coordinates":[[[2.70083,43.80623],[2.70166,43.80836],[2.70415,43.8101],[2.70458,43.81145],[2.70704,43.81264],[2.7096,43.81444],[2.7113,43.81511],[2.71181,43.81649],[2.71347,43.81875],[2.7159,43.81992],[2.71548,43.82164],[2.71434,43.8221],[2.71583,43.82452],[2.71555,43.82552],[2.71827,43.82503],[2.72065,43.82536],[2.71876,43.82758],[2.71687,43.82862],[2.71574,43.83047],[2.71579,43.83199],[2.71352,43.83221],[2.71323,43.83301],[2.71502,43.83409],[2.71555,43.83558],[2.71822,43.83843],[2.71958,43.83913],[2.72266,43.83858],[2.72572,43.84021],[2.72765,43.84028],[2.72988,43.84149],[2.7315,43.84323],[2.73135,43.84407],[2.72961,43.84575],[2.7288,43.848],[2.72946,43.85236],[2.72509,43.85429],[2.72413,43.85542],[2.71811,43.85875],[2.7193,43.85982],[2.72175,43.8611],[2.72286,43.86358],[2.72318,43.86583],[2.72646,43.86259],[2.72893,43.86132],[2.73191,43.86137],[2.7341,43.85987],[2.73713,43.859],[2.73783,43.86062],[2.74004,43.86302],[2.74141,43.86536],[2.74376,43.86506],[2.74858,43.86494],[2.75012,43.86473],[2.75171,43.86384],[2.75375,43.86408],[2.75541,43.86365],[2.75771,43.86229],[2.75788,43.86105],[2.76191,43.85851],[2.7658,43.85759],[2.76925,43.85857],[2.7701,43.85771],[2.77264,43.85779],[2.77489,43.85702],[2.77573,43.8562],[2.77527,43.85496],[2.77666,43.85435],[2.77865,43.85417],[2.78244,43.8549],[2.78464,43.85446],[2.78645,43.85175],[2.78708,43.84909],[2.78974,43.84836],[2.79483,43.84665],[2.79986,43.84657],[2.79773,43.84547],[2.79833,43.84384],[2.7981,43.84252],[2.79856,43.84129],[2.79677,43.83895],[2.79509,43.83753],[2.79516,43.83649],[2.79791,43.83447],[2.80088,43.83173],[2.80262,43.8308],[2.79928,43.82726],[2.79784,43.82506],[2.79514,43.82296],[2.79178,43.82193],[2.78836,43.82138],[2.78524,43.8191],[2.78256,43.81815],[2.78084,43.81709],[2.77689,43.81713],[2.77407,43.81575],[2.77357,43.81462],[2.77219,43.81346],[2.77399,43.81128],[2.77104,43.81004],[2.76901,43.80798],[2.76669,43.80767],[2.76759,43.8042],[2.76956,43.80208],[2.77223,43.79996],[2.77412,43.79662],[2.77536,43.79526],[2.7787,43.79228],[2.77954,43.78881],[2.77922,43.78796],[2.78167,43.78731],[2.77896,43.78625],[2.7764,43.78657],[2.77459,43.78643],[2.77299,43.78529],[2.76723,43.78664],[2.76648,43.78658],[2.76475,43.78524],[2.76257,43.78401],[2.75827,43.7839],[2.7557,43.78477],[2.75424,43.7843],[2.75256,43.78454],[2.75064,43.78411],[2.74874,43.78414],[2.74816,43.78483],[2.74467,43.78603],[2.74275,43.78745],[2.74151,43.7892],[2.74014,43.79005],[2.7387,43.79161],[2.73767,43.79169],[2.73609,43.7899],[2.73563,43.78874],[2.73253,43.78982],[2.72846,43.79001],[2.72575,43.79104],[2.72168,43.79136],[2.71876,43.79123],[2.71694,43.79304],[2.71488,43.79449],[2.71203,43.79761],[2.71282,43.79955],[2.71303,43.80313],[2.71461,43.8036],[2.70701,43.80648],[2.70596,43.80721],[2.70335,43.80681],[2.70198,43.80565],[2.70083,43.80623]]]}},{"type":"Feature","id":"fr-commune-12026","properties":{"id":"fr-commune-12026","name":"Bertholène","kind":"commune","center":[2.7926,44.3904],"code":"12026","department":"12"},"bbox":[2.75009,44.33586,2.83407,44.44491],"geometry":{"type":"Polygon","coordinates":[[[2.75451,44.33586],[2.75432,44.33668],[2.75258,44.33933],[2.75206,44.3413],[2.75232,44.34234],[2.75352,44.3431],[2.75309,44.34473],[2.75392,44.34621],[2.75193,44.35102],[2.75219,44.35165],[2.75126,44.35332],[2.75009,44.3563],[2.75236,44.36619],[2.75275,44.36857],[2.75159,44.372],[2.75081,44.37594],[2.75258,44.37852],[2.75316,44.38126],[2.75256,44.38485],[2.75287,44.38597],[2.75252,44.38747],[2.75354,44.38895],[2.75495,44.39227],[2.75428,44.3945],[2.75511,44.3963],[2.75645,44.39564],[2.75733,44.3964],[2.75988,44.39674],[2.75939,44.39796],[2.75952,44.40015],[2.76205,44.40157],[2.76361,44.4015],[2.76501,44.40309],[2.76454,44.40538],[2.76635,44.40598],[2.76622,44.40808],[2.76541,44.40823],[2.76558,44.41138],[2.76618,44.41163],[2.76607,44.41384],[2.76665,44.41454],[2.76502,44.41616],[2.76291,44.41689],[2.75859,44.41741],[2.75744,44.41825],[2.7567,44.41977],[2.75757,44.42069],[2.75753,44.42296],[2.75402,44.42311],[2.75315,44.42382],[2.7545,44.42453],[2.75605,44.42625],[2.75659,44.42791],[2.75653,44.43015],[2.75731,44.43161],[2.75858,44.43197],[2.75941,44.4333],[2.75855,44.43475],[2.75705,44.43543],[2.75516,44.43542],[2.75451,44.43633],[2.75594,44.43872],[2.75708,44.43974],[2.7564,44.44057],[2.76023,44.44221],[2.76071,44.44264],[2.76488,44.44298],[2.76515,44.4437],[2.76738,44.44398],[2.76931,44.44491],[2.77089,44.44443],[2.77028,44.44236],[2.77081,44.44155],[2.77009,44.44033],[2.77107,44.43891],[2.77352,44.43907],[2.77247,44.44087],[2.77552,44.4426],[2.77988,44.44185],[2.7817,44.44204],[2.78167,44.44072],[2.78297,44.43969],[2.78454,44.43946],[2.78525,44.43774],[2.78654,44.43734],[2.78901,44.43726],[2.79214,44.43782],[2.79454,44.43751],[2.79461,44.43849],[2.79672,44.44],[2.80021,44.43903],[2.8005,44.44207],[2.80195,44.44174],[2.80333,44.44232],[2.80484,44.44231],[2.80597,44.44298],[2.80767,44.44208],[2.80837,44.443],[2.81018,44.44357],[2.81393,44.44155],[2.81458,44.44079],[2.81643,44.44038],[2.81682,44.44382],[2.82021,44.44242],[2.81941,44.44171],[2.82008,44.43964],[2.82244,44.43373],[2.8241,44.43328],[2.82513,44.43385],[2.82573,44.4353],[2.82665,44.43586],[2.8289,44.43533],[2.82833,44.43398],[2.82927,44.43371],[2.82863,44.4325],[2.8317,44.43157],[2.83376,44.43232],[2.83407,44.43108],[2.83306,44.42896],[2.83196,44.42791],[2.82931,44.42282],[2.82973,44.4211],[2.82798,44.42133],[2.82619,44.41945],[2.82268,44.41951],[2.82179,44.41857],[2.81879,44.41908],[2.81778,44.41895],[2.8177,44.41671],[2.81664,44.41487],[2.81523,44.41391],[2.81247,44.41424],[2.81188,44.41127],[2.80992,44.40926],[2.80889,44.40941],[2.80681,44.40543],[2.80572,44.4035],[2.80437,44.40309],[2.80612,44.4006],[2.80665,44.39933],[2.80857,44.3973],[2.80673,44.39479],[2.80847,44.3932],[2.80834,44.39266],[2.80507,44.39141],[2.80431,44.39056],[2.80417,44.38917],[2.80297,44.38764],[2.80289,44.38585],[2.80238,44.38481],[2.80072,44.38478],[2.8022,44.38337],[2.80181,44.38291],[2.80403,44.3794],[2.80571,44.37818],[2.80634,44.37682],[2.80391,44.37599],[2.80246,44.37615],[2.80155,44.37516],[2.80145,44.37356],[2.80033,44.3739],[2.79867,44.37264],[2.79816,44.37169],[2.7977,44.36854],[2.79723,44.36759],[2.79444,44.36605],[2.7937,44.36312],[2.79121,44.36112],[2.79359,44.36021],[2.79454,44.3556],[2.79583,44.35389],[2.79723,44.3532],[2.80015,44.35001],[2.79995,44.34909],[2.80067,44.34799],[2.80038,44.34672],[2.79908,44.34494],[2.79716,44.34348],[2.79452,44.34437],[2.79246,44.34435],[2.79072,44.34329],[2.79037,44.34188],[2.79111,44.34026],[2.7889,44.34032],[2.78709,44.34091],[2.78047,44.34019],[2.7767,44.33923],[2.77197,44.3388],[2.77006,44.33948],[2.76625,44.33879],[2.76352,44.33953],[2.7607,44.3397],[2.7568,44.33852],[2.75542,44.33788],[2.75451,44.33586]]]}},{"type":"Feature","id":"fr-commune-12027","properties":{"id":"fr-commune-12027","name":"Bessuéjouls","kind":"commune","center":[2.711675171500629,44.52588],"code":"12027","department":"12"},"bbox":[2.68383,44.48861,2.73967,44.54377],"geometry":{"type":"Polygon","coordinates":[[[2.73566,44.48884],[2.73241,44.48861],[2.73135,44.48989],[2.72996,44.4894],[2.72827,44.48939],[2.72512,44.48872],[2.72331,44.49063],[2.71968,44.49267],[2.71848,44.49299],[2.71258,44.49377],[2.71443,44.49717],[2.71476,44.49845],[2.71243,44.49935],[2.71172,44.49909],[2.71199,44.49741],[2.70919,44.49765],[2.70905,44.50085],[2.71087,44.50079],[2.71213,44.5015],[2.71232,44.50237],[2.71496,44.50217],[2.7165,44.50254],[2.71322,44.50497],[2.71442,44.50551],[2.71655,44.50519],[2.71808,44.50641],[2.7179,44.50887],[2.71621,44.50942],[2.71538,44.50906],[2.71361,44.50983],[2.71437,44.51107],[2.71309,44.51334],[2.71157,44.51231],[2.71304,44.5117],[2.71354,44.51075],[2.71191,44.5087],[2.71061,44.5093],[2.70807,44.51376],[2.71139,44.51462],[2.71247,44.51453],[2.71521,44.51527],[2.71717,44.51483],[2.71938,44.51595],[2.72159,44.51666],[2.72251,44.51791],[2.72154,44.51845],[2.72059,44.51983],[2.71875,44.52053],[2.71939,44.52155],[2.71712,44.52208],[2.7175,44.52373],[2.71714,44.52485],[2.71462,44.5232],[2.71445,44.52234],[2.71272,44.52046],[2.71156,44.52033],[2.71154,44.51833],[2.71037,44.51677],[2.70722,44.51664],[2.70707,44.51778],[2.7095,44.51787],[2.70968,44.51842],[2.70627,44.51933],[2.70278,44.51946],[2.70132,44.52008],[2.69557,44.5192],[2.69552,44.52023],[2.69354,44.52117],[2.69087,44.52109],[2.68829,44.52244],[2.68548,44.52326],[2.68521,44.52424],[2.68384,44.52607],[2.68383,44.5273],[2.68963,44.52888],[2.68843,44.53094],[2.69075,44.53236],[2.68994,44.5339],[2.68997,44.53505],[2.69119,44.53595],[2.69353,44.53852],[2.69511,44.53718],[2.69597,44.53506],[2.69647,44.53257],[2.69935,44.53107],[2.70011,44.53125],[2.70284,44.53313],[2.70428,44.53344],[2.70744,44.53528],[2.7109,44.53599],[2.71123,44.53759],[2.70958,44.53927],[2.71175,44.54138],[2.71161,44.54336],[2.71521,44.54377],[2.71884,44.54288],[2.72026,44.54191],[2.72166,44.54027],[2.72591,44.53755],[2.72713,44.53644],[2.72839,44.53463],[2.72885,44.53137],[2.73172,44.53093],[2.73583,44.53104],[2.73967,44.53011],[2.73836,44.52813],[2.73898,44.52764],[2.73941,44.52569],[2.73753,44.52335],[2.73708,44.5179],[2.73613,44.51727],[2.7358,44.51481],[2.73366,44.51452],[2.73366,44.51527],[2.73188,44.51562],[2.72837,44.51575],[2.72571,44.51271],[2.72487,44.51223],[2.72631,44.51079],[2.72715,44.51064],[2.72833,44.50926],[2.72608,44.50738],[2.72743,44.50606],[2.72676,44.50412],[2.72715,44.50353],[2.72767,44.50052],[2.72916,44.4988],[2.73178,44.49761],[2.73388,44.4963],[2.7362,44.49157],[2.73617,44.48914],[2.73566,44.48884]]]}},{"type":"Feature","id":"fr-commune-12028","properties":{"id":"fr-commune-12028","name":"Boisse-Penchot","kind":"commune","center":[2.2129,44.582],"code":"12028","department":"12"},"bbox":[2.19874,44.5681,2.22706,44.5959],"geometry":{"type":"Polygon","coordinates":[[[2.19901,44.57129],[2.20106,44.57215],[2.20076,44.57421],[2.19874,44.57665],[2.19949,44.57782],[2.2007,44.58124],[2.19994,44.58186],[2.20098,44.58273],[2.20285,44.5865],[2.20341,44.58948],[2.20448,44.59369],[2.20587,44.59525],[2.20925,44.5959],[2.21258,44.59481],[2.21702,44.59142],[2.21917,44.59098],[2.22248,44.58927],[2.22519,44.5874],[2.22706,44.58662],[2.22687,44.58509],[2.22411,44.58311],[2.22001,44.57967],[2.22094,44.57693],[2.22045,44.57453],[2.22134,44.57205],[2.22211,44.57086],[2.21972,44.56956],[2.21966,44.56879],[2.21727,44.56843],[2.21507,44.56875],[2.21224,44.56984],[2.20972,44.56968],[2.20821,44.56856],[2.20705,44.56928],[2.20386,44.5687],[2.20216,44.5681],[2.20134,44.56846],[2.20096,44.56999],[2.19901,44.57129]]]}},{"type":"Feature","id":"fr-commune-12029","properties":{"id":"fr-commune-12029","name":"Bor-et-Bar","kind":"commune","center":[2.0822,44.1971],"code":"12029","department":"12"},"bbox":[2.04987,44.1743,2.11444,44.21932],"geometry":{"type":"Polygon","coordinates":[[[2.11368,44.19939],[2.11362,44.19724],[2.11444,44.19594],[2.1061,44.19442],[2.10488,44.19396],[2.1031,44.19223],[2.10327,44.19155],[2.10576,44.18943],[2.10615,44.18831],[2.10637,44.18545],[2.1079,44.18301],[2.10724,44.18107],[2.10179,44.17838],[2.09807,44.17741],[2.0976,44.17569],[2.09667,44.1745],[2.09514,44.1743],[2.0941,44.17499],[2.09414,44.17594],[2.09665,44.17838],[2.09852,44.18187],[2.09791,44.18268],[2.09461,44.18353],[2.09375,44.18498],[2.09659,44.18765],[2.09651,44.1885],[2.09411,44.18894],[2.09221,44.1885],[2.09098,44.18649],[2.08662,44.1856],[2.08481,44.18456],[2.08292,44.18239],[2.08261,44.18091],[2.08033,44.17987],[2.0775,44.18025],[2.07439,44.18241],[2.06971,44.18415],[2.06874,44.18595],[2.06975,44.18826],[2.06966,44.18902],[2.06779,44.19002],[2.06812,44.19165],[2.06787,44.19318],[2.06864,44.19463],[2.06844,44.19565],[2.06611,44.19686],[2.06492,44.19806],[2.06489,44.20006],[2.06529,44.20084],[2.06031,44.2025],[2.05573,44.20262],[2.05524,44.20361],[2.05332,44.20466],[2.05167,44.20623],[2.05085,44.2079],[2.04987,44.20855],[2.05303,44.20972],[2.05347,44.21134],[2.05732,44.21189],[2.06052,44.21111],[2.06182,44.21251],[2.06406,44.21309],[2.06478,44.21398],[2.06393,44.21546],[2.07147,44.21515],[2.07373,44.21458],[2.07803,44.21446],[2.08102,44.21415],[2.08312,44.21459],[2.08109,44.21804],[2.08351,44.21684],[2.08523,44.2171],[2.08728,44.21574],[2.0928,44.21363],[2.09407,44.21146],[2.09341,44.21077],[2.09279,44.20847],[2.09378,44.20852],[2.09633,44.20979],[2.09681,44.21112],[2.10086,44.21347],[2.10079,44.21545],[2.09873,44.21675],[2.09797,44.21817],[2.10335,44.21932],[2.10855,44.2181],[2.10913,44.21821],[2.10892,44.21721],[2.10655,44.21655],[2.10431,44.21513],[2.10604,44.21322],[2.10525,44.21137],[2.10625,44.20745],[2.10712,44.20624],[2.10871,44.20542],[2.1098,44.20427],[2.11057,44.20202],[2.11018,44.20129],[2.11368,44.19939]]]}},{"type":"Feature","id":"fr-commune-12030","properties":{"id":"fr-commune-12030","name":"Bouillac","kind":"commune","center":[2.1768,44.5745],"code":"12030","department":"12"},"bbox":[2.15257,44.55466,2.20106,44.59443],"geometry":{"type":"Polygon","coordinates":[[[2.16914,44.59153],[2.1696,44.59158],[2.17262,44.59143],[2.17412,44.5917],[2.17848,44.59443],[2.18022,44.59279],[2.17972,44.59173],[2.17947,44.58902],[2.18087,44.58778],[2.18449,44.59022],[2.1858,44.59073],[2.18492,44.5885],[2.18631,44.58621],[2.18459,44.58549],[2.18225,44.58578],[2.18114,44.58535],[2.17971,44.58614],[2.17688,44.58625],[2.17726,44.58539],[2.17892,44.58424],[2.17574,44.58313],[2.17393,44.58017],[2.17368,44.57927],[2.17538,44.57788],[2.17601,44.57801],[2.17891,44.57644],[2.18068,44.57636],[2.17979,44.57781],[2.17839,44.57874],[2.17907,44.58024],[2.18091,44.58091],[2.18173,44.58004],[2.18571,44.57919],[2.18848,44.5778],[2.19151,44.57727],[2.19339,44.57727],[2.19484,44.57669],[2.19635,44.57705],[2.1973,44.57651],[2.19874,44.57665],[2.20076,44.57421],[2.20106,44.57215],[2.19901,44.57129],[2.1955,44.56524],[2.1941,44.56358],[2.19171,44.56171],[2.18907,44.56019],[2.18619,44.56117],[2.18593,44.56375],[2.18485,44.56482],[2.18329,44.56463],[2.17992,44.566],[2.17737,44.56745],[2.17378,44.56858],[2.17274,44.56487],[2.1709,44.56239],[2.17032,44.56069],[2.1715,44.55702],[2.1743,44.55616],[2.1724,44.55547],[2.16965,44.55543],[2.16798,44.55466],[2.16707,44.55563],[2.1655,44.55576],[2.16267,44.55688],[2.16002,44.55683],[2.15832,44.5585],[2.15869,44.55962],[2.15761,44.56376],[2.15585,44.56525],[2.15472,44.56555],[2.15415,44.56829],[2.15306,44.56858],[2.15257,44.57155],[2.15385,44.57183],[2.15286,44.57496],[2.15422,44.5753],[2.15547,44.57638],[2.15665,44.57839],[2.15958,44.5797],[2.16026,44.58145],[2.16145,44.5824],[2.16289,44.58505],[2.16554,44.58621],[2.16715,44.58967],[2.16914,44.59153]]]}},{"type":"Feature","id":"fr-commune-12031","properties":{"id":"fr-commune-12031","name":"Bournazel","kind":"commune","center":[2.3054,44.4615],"code":"12031","department":"12"},"bbox":[2.27519,44.43142,2.33554,44.49162],"geometry":{"type":"Polygon","coordinates":[[[2.28602,44.47728],[2.28856,44.47946],[2.29014,44.48187],[2.28941,44.48326],[2.28708,44.48417],[2.2872,44.48556],[2.29168,44.48578],[2.29476,44.487],[2.29373,44.4882],[2.29425,44.48936],[2.29439,44.49162],[2.30062,44.48922],[2.30183,44.48805],[2.30463,44.48665],[2.30522,44.48603],[2.30997,44.48469],[2.31297,44.48465],[2.31445,44.48355],[2.31453,44.48269],[2.31125,44.48206],[2.30958,44.48138],[2.30945,44.47901],[2.31322,44.47818],[2.31251,44.47461],[2.31553,44.47295],[2.3159,44.47208],[2.31824,44.47056],[2.32097,44.46743],[2.32151,44.46625],[2.32299,44.4654],[2.32512,44.46404],[2.32559,44.46309],[2.32749,44.46191],[2.32877,44.45872],[2.32888,44.45522],[2.33298,44.45468],[2.33313,44.45417],[2.33554,44.45331],[2.33421,44.45217],[2.33506,44.45008],[2.3344,44.44832],[2.3312,44.44831],[2.33056,44.44763],[2.32739,44.44748],[2.32603,44.44661],[2.32223,44.44629],[2.31965,44.44573],[2.31778,44.44628],[2.31651,44.44456],[2.31508,44.44399],[2.31335,44.44219],[2.31087,44.43949],[2.31045,44.4387],[2.30847,44.43735],[2.30785,44.43574],[2.30641,44.43481],[2.30406,44.43492],[2.30234,44.43426],[2.30188,44.43349],[2.29975,44.43298],[2.2997,44.43421],[2.2971,44.43709],[2.29483,44.43552],[2.29292,44.43354],[2.29285,44.43142],[2.28805,44.4327],[2.28927,44.4342],[2.28741,44.43579],[2.28833,44.43785],[2.28795,44.43907],[2.2897,44.44289],[2.28876,44.44339],[2.28675,44.44352],[2.28512,44.44406],[2.28462,44.44518],[2.28783,44.44699],[2.28892,44.44714],[2.28792,44.4493],[2.2856,44.44995],[2.28693,44.45237],[2.28697,44.45421],[2.28782,44.45523],[2.28743,44.4563],[2.28592,44.45828],[2.27992,44.45893],[2.27855,44.4589],[2.27693,44.46025],[2.27769,44.46147],[2.276,44.4632],[2.27519,44.46554],[2.27923,44.46915],[2.27937,44.47168],[2.28018,44.47277],[2.28082,44.47478],[2.28336,44.47613],[2.28496,44.47649],[2.28602,44.47728]]]}},{"type":"Feature","id":"fr-commune-12032","properties":{"id":"fr-commune-12032","name":"Boussac","kind":"commune","center":[2.3846,44.2961],"code":"12032","department":"12"},"bbox":[2.34776,44.26875,2.42136,44.32347],"geometry":{"type":"Polygon","coordinates":[[[2.36053,44.27454],[2.36038,44.27541],[2.3623,44.27685],[2.36158,44.27765],[2.36154,44.27923],[2.36093,44.27996],[2.35933,44.27992],[2.35807,44.28103],[2.35774,44.28213],[2.3584,44.28304],[2.3569,44.28409],[2.35506,44.28597],[2.35462,44.28712],[2.35331,44.28684],[2.35167,44.28752],[2.35249,44.28872],[2.35256,44.29026],[2.35098,44.29197],[2.35128,44.29292],[2.35007,44.2949],[2.3488,44.29798],[2.3495,44.29908],[2.34776,44.3012],[2.34847,44.30244],[2.34804,44.30503],[2.34895,44.30594],[2.34957,44.30774],[2.35358,44.30944],[2.35355,44.31136],[2.35411,44.31347],[2.356,44.31553],[2.35693,44.31524],[2.36638,44.31105],[2.36868,44.31028],[2.36959,44.31095],[2.37106,44.31488],[2.37296,44.31649],[2.37313,44.31765],[2.37603,44.31987],[2.37723,44.32114],[2.37872,44.3207],[2.37958,44.32138],[2.37924,44.32333],[2.38087,44.32347],[2.38397,44.32297],[2.38494,44.32291],[2.38894,44.32092],[2.39044,44.31925],[2.39363,44.31751],[2.39523,44.31628],[2.39738,44.31371],[2.39802,44.31145],[2.39902,44.30972],[2.39899,44.30684],[2.39819,44.30508],[2.39879,44.30345],[2.39863,44.3],[2.39957,44.29818],[2.40218,44.29593],[2.4035,44.29594],[2.40913,44.2947],[2.41753,44.28976],[2.41903,44.29017],[2.42136,44.28754],[2.41832,44.28789],[2.4166,44.28925],[2.41369,44.29034],[2.41148,44.29157],[2.40681,44.29145],[2.40461,44.29194],[2.40017,44.29168],[2.40036,44.29005],[2.39946,44.2883],[2.3995,44.28605],[2.39795,44.28466],[2.3955,44.28301],[2.39399,44.28104],[2.39232,44.2771],[2.39217,44.2755],[2.39342,44.27539],[2.393,44.2738],[2.3919,44.27178],[2.39067,44.27215],[2.38968,44.27141],[2.38785,44.27131],[2.38566,44.27075],[2.38267,44.27174],[2.38167,44.27118],[2.37927,44.27071],[2.3774,44.27075],[2.37602,44.27276],[2.37201,44.27284],[2.37106,44.27197],[2.37165,44.27089],[2.37087,44.27017],[2.37119,44.26875],[2.36921,44.2689],[2.36699,44.26992],[2.36557,44.27203],[2.36566,44.27333],[2.36504,44.27412],[2.36191,44.27464],[2.36053,44.27454]]]}},{"type":"Feature","id":"fr-commune-12033","properties":{"id":"fr-commune-12033","name":"Bozouls","kind":"commune","center":[2.7142,44.4724],"code":"12033","department":"12"},"bbox":[2.64694,44.41882,2.78153,44.52607],"geometry":{"type":"Polygon","coordinates":[[[2.77377,44.47956],[2.77526,44.47663],[2.77607,44.47442],[2.77799,44.47158],[2.7796,44.47053],[2.77904,44.46932],[2.78013,44.46707],[2.77871,44.46617],[2.77982,44.46521],[2.77948,44.46445],[2.78153,44.4635],[2.77999,44.46304],[2.77917,44.46131],[2.77986,44.45973],[2.78135,44.45942],[2.78121,44.45798],[2.77945,44.45771],[2.77957,44.4565],[2.777,44.45656],[2.77574,44.45601],[2.77348,44.45688],[2.77241,44.45612],[2.77078,44.45711],[2.77054,44.4578],[2.76847,44.45761],[2.76852,44.45609],[2.76726,44.45622],[2.7663,44.45546],[2.76861,44.4526],[2.77039,44.45189],[2.77307,44.44945],[2.77219,44.44737],[2.77072,44.44594],[2.77089,44.44443],[2.76931,44.44491],[2.76738,44.44398],[2.76515,44.4437],[2.76488,44.44298],[2.76071,44.44264],[2.76023,44.44221],[2.7564,44.44057],[2.75708,44.43974],[2.75594,44.43872],[2.75451,44.43633],[2.749,44.4374],[2.74652,44.43465],[2.74538,44.43241],[2.74415,44.43102],[2.74312,44.42851],[2.73942,44.42946],[2.73795,44.42885],[2.73729,44.42966],[2.73469,44.43001],[2.73004,44.42963],[2.7247,44.43111],[2.72159,44.43107],[2.71461,44.42919],[2.71244,44.42934],[2.71174,44.42853],[2.71333,44.4277],[2.71279,44.42681],[2.7101,44.42835],[2.70934,44.42709],[2.71153,44.42668],[2.7109,44.42578],[2.70907,44.42479],[2.70743,44.42502],[2.70692,44.42354],[2.7046,44.42377],[2.70409,44.42283],[2.70246,44.42294],[2.70123,44.41882],[2.69648,44.42091],[2.69197,44.42089],[2.68793,44.42219],[2.68488,44.42178],[2.68329,44.42208],[2.68147,44.42297],[2.67745,44.4236],[2.67171,44.4219],[2.66999,44.42164],[2.66696,44.42346],[2.66885,44.42495],[2.6704,44.42716],[2.67653,44.43448],[2.68068,44.43961],[2.67824,44.44046],[2.67639,44.44212],[2.67445,44.44218],[2.67265,44.44296],[2.66762,44.4472],[2.66373,44.44744],[2.66212,44.44791],[2.65989,44.44922],[2.65735,44.44855],[2.65661,44.44998],[2.65432,44.45008],[2.65529,44.45196],[2.65308,44.45281],[2.65145,44.45121],[2.64987,44.45298],[2.64694,44.45544],[2.64927,44.45728],[2.64946,44.45854],[2.65212,44.46196],[2.65241,44.46678],[2.65119,44.46841],[2.65294,44.47025],[2.6559,44.47482],[2.65548,44.4785],[2.65492,44.4794],[2.65624,44.48035],[2.65968,44.48135],[2.6629,44.47925],[2.66548,44.48098],[2.66678,44.48088],[2.66847,44.47979],[2.6696,44.47958],[2.67135,44.48004],[2.66946,44.48243],[2.66855,44.48488],[2.6673,44.48628],[2.66658,44.48852],[2.66794,44.49065],[2.66773,44.49222],[2.66864,44.49343],[2.67071,44.49457],[2.67116,44.49644],[2.67195,44.49733],[2.67193,44.49894],[2.67033,44.50225],[2.66919,44.50361],[2.66663,44.5052],[2.66645,44.5057],[2.6674,44.50701],[2.66992,44.50856],[2.6695,44.51253],[2.67031,44.51562],[2.6698,44.51758],[2.67046,44.51898],[2.67149,44.51935],[2.67288,44.52072],[2.67347,44.52195],[2.67547,44.52429],[2.67778,44.52545],[2.68339,44.52587],[2.68384,44.52607],[2.68521,44.52424],[2.68548,44.52326],[2.68829,44.52244],[2.69087,44.52109],[2.69354,44.52117],[2.69552,44.52023],[2.69557,44.5192],[2.70132,44.52008],[2.70278,44.51946],[2.70627,44.51933],[2.70968,44.51842],[2.7095,44.51787],[2.70707,44.51778],[2.70722,44.51664],[2.71037,44.51677],[2.71154,44.51833],[2.71156,44.52033],[2.71272,44.52046],[2.71445,44.52234],[2.71462,44.5232],[2.71714,44.52485],[2.7175,44.52373],[2.71712,44.52208],[2.71939,44.52155],[2.71875,44.52053],[2.72059,44.51983],[2.72154,44.51845],[2.72251,44.51791],[2.72159,44.51666],[2.71938,44.51595],[2.71717,44.51483],[2.71521,44.51527],[2.71247,44.51453],[2.71139,44.51462],[2.70807,44.51376],[2.71061,44.5093],[2.71191,44.5087],[2.71354,44.51075],[2.71304,44.5117],[2.71157,44.51231],[2.71309,44.51334],[2.71437,44.51107],[2.71361,44.50983],[2.71538,44.50906],[2.71621,44.50942],[2.7179,44.50887],[2.71808,44.50641],[2.71655,44.50519],[2.71442,44.50551],[2.71322,44.50497],[2.7165,44.50254],[2.71496,44.50217],[2.71232,44.50237],[2.71213,44.5015],[2.71087,44.50079],[2.70905,44.50085],[2.70919,44.49765],[2.71199,44.49741],[2.71172,44.49909],[2.71243,44.49935],[2.71476,44.49845],[2.71443,44.49717],[2.71258,44.49377],[2.71848,44.49299],[2.71968,44.49267],[2.72331,44.49063],[2.72512,44.48872],[2.72827,44.48939],[2.72996,44.4894],[2.73135,44.48989],[2.73241,44.48861],[2.73566,44.48884],[2.73643,44.48836],[2.74034,44.48785],[2.74249,44.48794],[2.74511,44.48679],[2.74563,44.48611],[2.74927,44.48293],[2.75233,44.48164],[2.75567,44.47634],[2.75576,44.47526],[2.75739,44.47427],[2.75914,44.47397],[2.76182,44.47118],[2.76566,44.47588],[2.76685,44.47696],[2.76855,44.47735],[2.77377,44.47956]]]}},{"type":"Feature","id":"fr-commune-12034","properties":{"id":"fr-commune-12034","name":"Brandonnet","kind":"commune","center":[2.1383,44.3842],"code":"12034","department":"12"},"bbox":[2.11019,44.36023,2.16662,44.40822],"geometry":{"type":"Polygon","coordinates":[[[2.1623,44.37188],[2.15908,44.37094],[2.1566,44.37094],[2.15511,44.37031],[2.15514,44.3685],[2.15133,44.36783],[2.14972,44.36551],[2.15065,44.36423],[2.15302,44.36264],[2.15297,44.36152],[2.15189,44.36023],[2.14926,44.36049],[2.14779,44.36233],[2.14599,44.3627],[2.14401,44.36405],[2.14084,44.36202],[2.13914,44.36247],[2.13993,44.36393],[2.13912,44.36721],[2.13812,44.36818],[2.13642,44.36827],[2.13313,44.36979],[2.13145,44.37029],[2.13009,44.37001],[2.12695,44.37035],[2.12363,44.36926],[2.12176,44.36959],[2.11959,44.36956],[2.11816,44.36915],[2.11673,44.37113],[2.11353,44.37221],[2.11222,44.37305],[2.1108,44.37319],[2.11019,44.37492],[2.11263,44.37639],[2.11482,44.37684],[2.1155,44.37847],[2.11709,44.37985],[2.11884,44.38043],[2.11815,44.38176],[2.11838,44.38331],[2.11691,44.38515],[2.11432,44.38395],[2.11309,44.38424],[2.11151,44.38607],[2.11373,44.38664],[2.11481,44.38734],[2.11704,44.38767],[2.11928,44.38864],[2.12022,44.3898],[2.12172,44.3889],[2.12347,44.392],[2.12304,44.39442],[2.12347,44.39556],[2.12098,44.39684],[2.11873,44.39987],[2.12033,44.40042],[2.12267,44.39943],[2.12673,44.40039],[2.12876,44.40284],[2.12595,44.40356],[2.12667,44.40452],[2.12907,44.40581],[2.13092,44.40537],[2.13285,44.4068],[2.13395,44.40822],[2.13686,44.40606],[2.13892,44.40503],[2.14096,44.4026],[2.14135,44.39879],[2.14296,44.39733],[2.14796,44.39684],[2.15164,44.39577],[2.15338,44.3942],[2.15215,44.39287],[2.15422,44.39148],[2.15339,44.39064],[2.1539,44.38866],[2.15569,44.38749],[2.15395,44.38595],[2.1547,44.38438],[2.15694,44.383],[2.16149,44.38094],[2.16231,44.38075],[2.1649,44.37895],[2.16662,44.37712],[2.16373,44.37644],[2.16268,44.37552],[2.16279,44.37433],[2.16144,44.37322],[2.1623,44.37188]]]}},{"type":"Feature","id":"fr-commune-12035","properties":{"id":"fr-commune-12035","name":"Brasc","kind":"commune","center":[2.5777,43.9803],"code":"12035","department":"12"},"bbox":[2.52092,43.95609,2.63445,44.00449],"geometry":{"type":"Polygon","coordinates":[[[2.52092,43.96337],[2.52166,43.96645],[2.52299,43.9689],[2.52361,43.97078],[2.52296,43.97342],[2.52569,43.97386],[2.52672,43.9748],[2.52922,43.97571],[2.53079,43.97672],[2.53222,43.97652],[2.53266,43.97771],[2.52935,43.97956],[2.52934,43.98134],[2.52859,43.98321],[2.52902,43.98448],[2.53122,43.9859],[2.53328,43.98637],[2.53386,43.98375],[2.53517,43.98209],[2.53639,43.98131],[2.53983,43.9819],[2.54109,43.98264],[2.54515,43.98341],[2.54587,43.984],[2.5439,43.98546],[2.54559,43.98624],[2.54487,43.98766],[2.54533,43.98933],[2.5461,43.99017],[2.54552,43.99106],[2.54545,43.99409],[2.54595,43.99531],[2.54975,43.99263],[2.55095,43.99119],[2.55262,43.98849],[2.55523,43.98609],[2.55914,43.98582],[2.56225,43.98499],[2.56298,43.98554],[2.56629,43.98677],[2.56553,43.98976],[2.56449,43.99116],[2.56638,43.99135],[2.56745,43.99278],[2.57069,43.99298],[2.56938,43.99414],[2.56943,43.99589],[2.57135,43.99641],[2.57298,43.99732],[2.57457,43.99757],[2.57374,44.00169],[2.57623,44.00218],[2.57817,44.00315],[2.58217,44.00449],[2.58408,44.00286],[2.58134,44.00138],[2.582,43.99898],[2.58455,43.99844],[2.58671,43.99713],[2.58837,43.99651],[2.59051,43.99619],[2.5928,43.99623],[2.59424,43.99507],[2.5972,43.9939],[2.60181,43.99329],[2.60374,43.99272],[2.60775,43.99221],[2.60763,43.99063],[2.60852,43.98913],[2.61061,43.98717],[2.61286,43.98572],[2.61401,43.98415],[2.61611,43.98386],[2.62017,43.98276],[2.62326,43.98131],[2.62702,43.97927],[2.62847,43.97821],[2.63051,43.97561],[2.63065,43.9749],[2.63216,43.97373],[2.63445,43.97358],[2.6341,43.97194],[2.63135,43.97173],[2.62737,43.97078],[2.62537,43.97113],[2.62359,43.97193],[2.61161,43.97141],[2.60964,43.97087],[2.60731,43.96906],[2.60523,43.96791],[2.60442,43.96829],[2.60481,43.97041],[2.60228,43.97153],[2.60023,43.97153],[2.59821,43.97112],[2.59757,43.97339],[2.59355,43.97224],[2.59271,43.97094],[2.59269,43.96914],[2.59148,43.96667],[2.58913,43.96724],[2.58785,43.96891],[2.58416,43.97073],[2.581,43.9696],[2.57855,43.9716],[2.57575,43.97224],[2.57433,43.97325],[2.5722,43.97279],[2.57024,43.97187],[2.56901,43.97085],[2.56602,43.97054],[2.56494,43.96871],[2.56285,43.96747],[2.55911,43.96613],[2.55832,43.96556],[2.55461,43.96456],[2.55186,43.9641],[2.54928,43.96209],[2.54598,43.96028],[2.54459,43.95879],[2.5445,43.95785],[2.54187,43.95609],[2.5397,43.95808],[2.53772,43.95899],[2.53704,43.96018],[2.53902,43.96172],[2.53537,43.96323],[2.53267,43.96321],[2.53078,43.96381],[2.52681,43.96337],[2.523,43.96364],[2.52092,43.96337]]]}},{"type":"Feature","id":"fr-commune-12036","properties":{"id":"fr-commune-12036","name":"Brommat","kind":"commune","center":[2.7081,44.8179],"code":"12036","department":"12"},"bbox":[2.66151,44.75996,2.75475,44.87634],"geometry":{"type":"Polygon","coordinates":[[[2.70174,44.86476],[2.7018,44.86427],[2.70426,44.8635],[2.70522,44.86439],[2.70522,44.86561],[2.70717,44.86522],[2.7066,44.86344],[2.70963,44.86303],[2.71129,44.86523],[2.71361,44.86549],[2.71435,44.86667],[2.71587,44.86679],[2.71713,44.86906],[2.71618,44.87008],[2.71955,44.8711],[2.72119,44.87051],[2.72279,44.87208],[2.72531,44.8718],[2.73001,44.87408],[2.73119,44.8733],[2.7335,44.87469],[2.73719,44.87634],[2.7383,44.87274],[2.74083,44.873],[2.74366,44.87137],[2.74479,44.86998],[2.7465,44.86979],[2.74757,44.86866],[2.74756,44.86745],[2.74898,44.86613],[2.75125,44.86483],[2.75108,44.86316],[2.75145,44.86199],[2.75024,44.86082],[2.75193,44.85897],[2.75079,44.85848],[2.75104,44.85718],[2.75246,44.85386],[2.75444,44.85206],[2.75475,44.84919],[2.75245,44.84886],[2.74915,44.84728],[2.74513,44.84198],[2.7448,44.84015],[2.74072,44.83524],[2.74004,44.83419],[2.7407,44.83236],[2.7409,44.83055],[2.7399,44.82773],[2.73787,44.8261],[2.7362,44.8258],[2.72971,44.82587],[2.72745,44.82693],[2.72566,44.8285],[2.72399,44.82868],[2.72362,44.82644],[2.72173,44.82279],[2.72036,44.8196],[2.71934,44.81823],[2.71714,44.81777],[2.71573,44.81685],[2.71585,44.81575],[2.71718,44.81362],[2.71979,44.81159],[2.7203,44.81043],[2.71908,44.80834],[2.71787,44.80745],[2.71388,44.80722],[2.71233,44.80618],[2.71243,44.80383],[2.71358,44.80249],[2.71332,44.80164],[2.71202,44.80085],[2.71073,44.79798],[2.71087,44.79682],[2.71199,44.79477],[2.7116,44.79365],[2.7101,44.79195],[2.70702,44.78899],[2.70682,44.78803],[2.70773,44.78585],[2.70795,44.7833],[2.7073,44.78241],[2.70527,44.78203],[2.70404,44.77996],[2.70074,44.77811],[2.70009,44.77693],[2.69888,44.77639],[2.69772,44.77454],[2.69833,44.77397],[2.69757,44.77271],[2.69601,44.77327],[2.69288,44.77203],[2.69142,44.77102],[2.69002,44.76931],[2.69034,44.76876],[2.6938,44.76697],[2.69275,44.76529],[2.69127,44.76462],[2.68948,44.76502],[2.68755,44.76605],[2.68564,44.76573],[2.68249,44.76305],[2.6821,44.76222],[2.68293,44.75996],[2.68083,44.75998],[2.67985,44.76138],[2.67897,44.76131],[2.67784,44.76357],[2.68127,44.76611],[2.68002,44.7677],[2.68073,44.7715],[2.67955,44.77306],[2.67912,44.77647],[2.67992,44.77751],[2.68183,44.77854],[2.6814,44.78028],[2.68184,44.78142],[2.68369,44.78295],[2.68665,44.78456],[2.68867,44.78609],[2.68673,44.78709],[2.68708,44.78858],[2.68404,44.78965],[2.68434,44.79113],[2.68223,44.79134],[2.68163,44.79227],[2.68235,44.79304],[2.6807,44.79366],[2.68072,44.79455],[2.68257,44.79512],[2.684,44.79637],[2.68229,44.79771],[2.68328,44.79864],[2.68318,44.80074],[2.6824,44.80152],[2.6837,44.80252],[2.68172,44.80334],[2.68007,44.80516],[2.67842,44.80521],[2.67703,44.80472],[2.67445,44.8064],[2.67155,44.80757],[2.66683,44.80888],[2.66529,44.80872],[2.66416,44.80971],[2.66151,44.81017],[2.66254,44.81355],[2.6633,44.81507],[2.66501,44.81471],[2.66458,44.81696],[2.66567,44.81916],[2.66511,44.82145],[2.66657,44.82257],[2.66534,44.82399],[2.66296,44.82432],[2.66173,44.82511],[2.66374,44.82555],[2.66287,44.82654],[2.66176,44.82652],[2.66376,44.83279],[2.66288,44.83617],[2.66501,44.83428],[2.66623,44.83227],[2.66741,44.83254],[2.66708,44.83396],[2.66873,44.83562],[2.67012,44.83467],[2.67215,44.83556],[2.67437,44.83704],[2.67534,44.83831],[2.67407,44.83998],[2.67346,44.84175],[2.67247,44.84232],[2.67285,44.84464],[2.67374,44.84494],[2.67374,44.84616],[2.67237,44.84634],[2.67264,44.84822],[2.6746,44.8499],[2.67357,44.85086],[2.67653,44.85157],[2.67902,44.85385],[2.68104,44.85367],[2.68237,44.8542],[2.68629,44.85419],[2.68741,44.85549],[2.68926,44.85691],[2.69429,44.85962],[2.69664,44.85893],[2.69818,44.8595],[2.69848,44.8616],[2.69989,44.86234],[2.69863,44.86383],[2.69851,44.86473],[2.70054,44.86441],[2.70174,44.86476]]]}},{"type":"Feature","id":"fr-commune-12037","properties":{"id":"fr-commune-12037","name":"Broquiès","kind":"commune","center":[2.7155,44.024],"code":"12037","department":"12"},"bbox":[2.65147,43.98237,2.77946,44.06564],"geometry":{"type":"Polygon","coordinates":[[[2.74802,44.00522],[2.74678,44.00459],[2.74535,44.00474],[2.74298,44.00433],[2.73943,44.00256],[2.73799,44.00209],[2.73636,44.00061],[2.73498,44.00006],[2.73532,43.99834],[2.73523,43.99643],[2.73591,43.99606],[2.73697,43.99304],[2.73178,43.99142],[2.73116,43.99095],[2.72775,43.99299],[2.72402,43.99321],[2.7221,43.99452],[2.72057,43.99438],[2.71909,43.99345],[2.71547,43.99319],[2.71447,43.99225],[2.7141,43.99037],[2.71324,43.98961],[2.71179,43.98935],[2.71143,43.9884],[2.71223,43.98669],[2.70989,43.98604],[2.70787,43.98468],[2.70766,43.98365],[2.70558,43.9831],[2.70454,43.98237],[2.70325,43.98325],[2.701,43.98566],[2.69752,43.98734],[2.69727,43.98797],[2.70049,43.98924],[2.70155,43.99106],[2.70093,43.99212],[2.69856,43.99295],[2.69665,43.99307],[2.69211,43.99187],[2.68939,43.99272],[2.68636,43.99537],[2.68384,43.9968],[2.68093,43.99659],[2.67248,43.99513],[2.66838,43.99428],[2.66568,43.99314],[2.66308,43.9938],[2.66282,43.99479],[2.6655,43.99642],[2.66661,43.99677],[2.66641,43.99782],[2.66806,43.99823],[2.66928,43.99971],[2.66881,44.00061],[2.6709,44.00137],[2.67118,44.00335],[2.67049,44.00405],[2.66801,44.00471],[2.6678,44.00579],[2.66565,44.00545],[2.66302,44.00674],[2.66088,44.00894],[2.65997,44.0107],[2.65767,44.01113],[2.65498,44.01206],[2.6533,44.01326],[2.65147,44.01407],[2.6516,44.01501],[2.65284,44.01609],[2.65274,44.01722],[2.65442,44.01906],[2.65579,44.01943],[2.65561,44.02155],[2.65596,44.02378],[2.66084,44.0238],[2.66475,44.02263],[2.66893,44.0219],[2.66988,44.02153],[2.67061,44.02366],[2.67323,44.02583],[2.6739,44.02728],[2.67073,44.0306],[2.66888,44.03052],[2.66644,44.02897],[2.66197,44.02809],[2.65936,44.02832],[2.65658,44.02891],[2.65721,44.03327],[2.65858,44.03442],[2.66007,44.03688],[2.66272,44.037],[2.66436,44.0382],[2.66771,44.03625],[2.67276,44.03437],[2.6755,44.03536],[2.67668,44.03634],[2.67865,44.03579],[2.6804,44.03589],[2.68425,44.03724],[2.6861,44.03896],[2.68609,44.04096],[2.68826,44.04303],[2.68903,44.04427],[2.69072,44.04552],[2.69528,44.04729],[2.69551,44.0488],[2.69644,44.0502],[2.69351,44.05032],[2.68989,44.05004],[2.68901,44.05069],[2.69062,44.05174],[2.69482,44.05899],[2.69325,44.06371],[2.69428,44.06394],[2.69549,44.06541],[2.69805,44.06564],[2.70031,44.06471],[2.70427,44.06306],[2.70565,44.06315],[2.7067,44.064],[2.70866,44.06314],[2.70779,44.06101],[2.70603,44.05914],[2.70841,44.05866],[2.70886,44.05547],[2.70758,44.05171],[2.70552,44.04976],[2.7053,44.04761],[2.70615,44.04641],[2.70589,44.04469],[2.70689,44.04301],[2.70892,44.04173],[2.71119,44.04161],[2.71255,44.03874],[2.71437,44.03722],[2.71407,44.0347],[2.71533,44.03363],[2.71575,44.03138],[2.71544,44.02858],[2.7178,44.0258],[2.71975,44.02691],[2.72034,44.02872],[2.72263,44.03154],[2.72442,44.03233],[2.72809,44.03256],[2.73084,44.03338],[2.73168,44.03451],[2.73331,44.03399],[2.73854,44.03439],[2.74109,44.03254],[2.74091,44.03088],[2.74208,44.02834],[2.74273,44.02566],[2.74243,44.02481],[2.74411,44.02343],[2.74332,44.021],[2.74356,44.01926],[2.74668,44.01885],[2.74952,44.0205],[2.75418,44.0203],[2.75638,44.01944],[2.76066,44.01867],[2.76128,44.0197],[2.76386,44.02151],[2.76802,44.02264],[2.76914,44.02406],[2.77135,44.02381],[2.77208,44.02333],[2.77518,44.0229],[2.77504,44.01872],[2.77227,44.01508],[2.77131,44.01326],[2.76979,44.01184],[2.77063,44.01151],[2.77322,44.01185],[2.77652,44.0117],[2.77946,44.01011],[2.77846,44.00923],[2.77522,44.00795],[2.77388,44.00795],[2.7672,44.00905],[2.76472,44.0084],[2.76215,44.00671],[2.75989,44.00721],[2.75816,44.00712],[2.75543,44.00835],[2.75192,44.00962],[2.74807,44.0105],[2.74823,44.00848],[2.74903,44.00717],[2.74802,44.00522]]]}},{"type":"Feature","id":"fr-commune-12038","properties":{"id":"fr-commune-12038","name":"Brousse-le-Château","kind":"commune","center":[2.6401,44.0078],"code":"12038","department":"12"},"bbox":[2.60892,43.98411,2.67118,44.03167],"geometry":{"type":"Polygon","coordinates":[[[2.61739,44.02446],[2.61817,44.02495],[2.62241,44.0257],[2.62349,44.0272],[2.62432,44.02751],[2.62548,44.02897],[2.63232,44.02922],[2.63703,44.03099],[2.63799,44.03167],[2.6396,44.03128],[2.64144,44.03006],[2.64433,44.02929],[2.64458,44.02718],[2.64366,44.02367],[2.64481,44.02094],[2.6449,44.01963],[2.64611,44.01889],[2.64662,44.01654],[2.64752,44.01554],[2.64876,44.01562],[2.65147,44.01407],[2.6533,44.01326],[2.65498,44.01206],[2.65767,44.01113],[2.65997,44.0107],[2.66088,44.00894],[2.66302,44.00674],[2.66565,44.00545],[2.6678,44.00579],[2.66801,44.00471],[2.67049,44.00405],[2.67118,44.00335],[2.6709,44.00137],[2.66881,44.00061],[2.66928,43.99971],[2.66806,43.99823],[2.66641,43.99782],[2.66661,43.99677],[2.6655,43.99642],[2.66282,43.99479],[2.66308,43.9938],[2.66568,43.99314],[2.66503,43.99199],[2.66546,43.99118],[2.66777,43.98917],[2.66898,43.98707],[2.6689,43.98542],[2.66733,43.98411],[2.66394,43.98431],[2.66249,43.98625],[2.65906,43.98866],[2.65646,43.98967],[2.65394,43.98975],[2.64962,43.99067],[2.64767,43.99048],[2.64412,43.98931],[2.64587,43.98742],[2.64342,43.98685],[2.64248,43.98612],[2.63928,43.98934],[2.63487,43.98951],[2.63454,43.98878],[2.63066,43.98765],[2.6284,43.98854],[2.6267,43.98991],[2.62361,43.99127],[2.62148,43.99114],[2.61974,43.99296],[2.61986,43.99423],[2.61856,43.99471],[2.61915,43.99566],[2.61798,43.99701],[2.61618,43.99667],[2.61548,43.99755],[2.61332,43.99815],[2.61543,44.00127],[2.61304,44.00212],[2.61033,44.00437],[2.60983,44.00686],[2.60892,44.00803],[2.61077,44.00959],[2.6124,44.01409],[2.61333,44.01587],[2.61319,44.01781],[2.61251,44.0203],[2.61385,44.02137],[2.61559,44.0216],[2.61739,44.02446]]]}},{"type":"Feature","id":"fr-commune-12039","properties":{"id":"fr-commune-12039","name":"Brusque","kind":"commune","center":[2.9513,43.7645],"code":"12039","department":"12"},"bbox":[2.90313,43.73071,2.99981,43.79826],"geometry":{"type":"Polygon","coordinates":[[[2.92157,43.73544],[2.92011,43.73645],[2.91694,43.73617],[2.915,43.73751],[2.91314,43.73938],[2.91289,43.74072],[2.91021,43.74056],[2.90816,43.73952],[2.90638,43.74124],[2.90423,43.7412],[2.90315,43.74221],[2.90441,43.74602],[2.90639,43.74715],[2.90932,43.74702],[2.91144,43.7466],[2.91283,43.74684],[2.91342,43.74779],[2.91601,43.74865],[2.91862,43.75068],[2.91862,43.7526],[2.91583,43.75387],[2.91354,43.75421],[2.91027,43.75591],[2.9054,43.76071],[2.90313,43.76137],[2.90431,43.7648],[2.90621,43.76573],[2.90828,43.76751],[2.90948,43.76816],[2.91157,43.76829],[2.91182,43.77095],[2.9109,43.77316],[2.91084,43.77569],[2.9126,43.77676],[2.91496,43.7775],[2.91753,43.77866],[2.91818,43.77995],[2.91896,43.78328],[2.91904,43.78696],[2.91848,43.78852],[2.91754,43.78933],[2.9188,43.79063],[2.91956,43.7923],[2.9216,43.79333],[2.92467,43.7945],[2.9257,43.7954],[2.92817,43.79562],[2.92996,43.79419],[2.93311,43.79506],[2.93412,43.79588],[2.9349,43.79748],[2.93745,43.79826],[2.93872,43.79681],[2.94615,43.79283],[2.94919,43.79136],[2.95317,43.79119],[2.95488,43.79032],[2.96178,43.78896],[2.96523,43.78919],[2.96753,43.78675],[2.97014,43.78793],[2.97249,43.78962],[2.97221,43.79125],[2.97514,43.79082],[2.97744,43.79114],[2.97921,43.79084],[2.98185,43.78951],[2.98426,43.78939],[2.98581,43.78773],[2.98793,43.78772],[2.99156,43.78826],[2.99251,43.78806],[2.99139,43.78688],[2.9916,43.78582],[2.99344,43.7849],[2.99373,43.78357],[2.99558,43.78299],[2.99646,43.7819],[2.99827,43.78132],[2.99981,43.77924],[2.99727,43.77803],[2.99588,43.7787],[2.99227,43.77946],[2.98932,43.77875],[2.98588,43.77898],[2.98548,43.77608],[2.9885,43.77414],[2.98974,43.77153],[2.98988,43.76965],[2.9893,43.76838],[2.98717,43.76787],[2.98479,43.76813],[2.98254,43.76728],[2.98044,43.76881],[2.97755,43.76946],[2.97735,43.76829],[2.97816,43.76736],[2.97883,43.76539],[2.97855,43.76418],[2.98262,43.75993],[2.98371,43.75802],[2.98522,43.75424],[2.98619,43.75365],[2.98923,43.75267],[2.98739,43.74993],[2.98586,43.74823],[2.98584,43.74722],[2.98405,43.74615],[2.98232,43.74435],[2.97673,43.74124],[2.97632,43.73907],[2.97434,43.73837],[2.97384,43.73623],[2.97316,43.73533],[2.969,43.73293],[2.96872,43.73198],[2.96829,43.73129],[2.96663,43.73131],[2.96562,43.73071],[2.96121,43.73227],[2.9586,43.73386],[2.95687,43.73419],[2.95413,43.73669],[2.95394,43.73832],[2.95229,43.73955],[2.95074,43.74196],[2.94758,43.74291],[2.94714,43.7441],[2.94592,43.74508],[2.94356,43.74599],[2.94316,43.7469],[2.94158,43.74716],[2.94106,43.74592],[2.94165,43.74388],[2.94138,43.74277],[2.94207,43.74201],[2.94083,43.7414],[2.93813,43.73906],[2.93674,43.7383],[2.93583,43.73672],[2.93286,43.73808],[2.93255,43.73861],[2.92983,43.73657],[2.9243,43.73481],[2.92157,43.73544]]]}},{"type":"Feature","id":"fr-commune-12041","properties":{"id":"fr-commune-12041","name":"Cabanès","kind":"commune","center":[2.2922,44.193],"code":"12041","department":"12"},"bbox":[2.25973,44.16631,2.32503,44.2197],"geometry":{"type":"Polygon","coordinates":[[[2.28602,44.21895],[2.28688,44.21819],[2.28838,44.21797],[2.29132,44.21662],[2.29371,44.21581],[2.2947,44.2142],[2.29704,44.21227],[2.29663,44.21038],[2.29429,44.20792],[2.29641,44.20708],[2.29637,44.20546],[2.30024,44.20548],[2.30362,44.20462],[2.30759,44.20331],[2.30672,44.20221],[2.30721,44.19888],[2.31184,44.19838],[2.31533,44.19866],[2.31787,44.19821],[2.32006,44.19816],[2.32149,44.19705],[2.32503,44.19496],[2.32257,44.19308],[2.32193,44.19156],[2.32105,44.19081],[2.31986,44.18876],[2.31912,44.18557],[2.32137,44.18332],[2.321,44.18301],[2.32112,44.18019],[2.31973,44.17962],[2.31668,44.1772],[2.3131,44.17484],[2.31407,44.17429],[2.31664,44.17393],[2.31802,44.17314],[2.32149,44.17233],[2.32249,44.17118],[2.32261,44.16957],[2.32218,44.16771],[2.31969,44.16785],[2.31789,44.16631],[2.31636,44.16823],[2.31452,44.16801],[2.31369,44.16728],[2.31126,44.1681],[2.31127,44.16637],[2.3086,44.16709],[2.30802,44.16689],[2.3077,44.16828],[2.3045,44.17105],[2.3059,44.17191],[2.30851,44.17261],[2.30396,44.17412],[2.30312,44.17468],[2.3023,44.17628],[2.29833,44.17488],[2.29693,44.1754],[2.29276,44.17577],[2.29221,44.17683],[2.29059,44.17646],[2.28839,44.17747],[2.28628,44.17687],[2.28519,44.17779],[2.28281,44.17728],[2.28275,44.17543],[2.2818,44.17539],[2.27992,44.17435],[2.27889,44.17535],[2.27693,44.17448],[2.27541,44.17571],[2.27361,44.17563],[2.2729,44.17638],[2.27147,44.17572],[2.27062,44.17705],[2.26753,44.17781],[2.26671,44.17775],[2.26225,44.17723],[2.25973,44.17979],[2.26134,44.18007],[2.26406,44.18136],[2.26491,44.18143],[2.26721,44.18317],[2.26408,44.18448],[2.2691,44.18537],[2.26726,44.18731],[2.2662,44.18956],[2.2662,44.19078],[2.26841,44.19208],[2.26848,44.19406],[2.26768,44.19603],[2.2691,44.19916],[2.27002,44.19927],[2.27156,44.1977],[2.27195,44.19905],[2.27377,44.19858],[2.27457,44.19955],[2.27415,44.20142],[2.2768,44.20109],[2.27469,44.20275],[2.27173,44.20695],[2.27116,44.20746],[2.26736,44.20926],[2.26977,44.21127],[2.27164,44.20992],[2.27403,44.21054],[2.27687,44.21064],[2.27848,44.21038],[2.27814,44.21318],[2.28122,44.21363],[2.28234,44.21542],[2.28451,44.21656],[2.28309,44.21822],[2.28379,44.2197],[2.28602,44.21895]]]}},{"type":"Feature","id":"fr-commune-12042","properties":{"id":"fr-commune-12042","name":"Calmels-et-le-Viala","kind":"commune","center":[2.7583,43.9577],"code":"12042","department":"12"},"bbox":[2.72999,43.92398,2.78659,43.99133],"geometry":{"type":"Polygon","coordinates":[[[2.72999,43.93811],[2.73013,43.94034],[2.7306,43.94168],[2.73225,43.9445],[2.7318,43.94731],[2.73103,43.95018],[2.7317,43.95124],[2.73079,43.9528],[2.73098,43.95405],[2.73291,43.95664],[2.73511,43.95828],[2.73452,43.95919],[2.73213,43.96028],[2.7311,43.96128],[2.7325,43.96471],[2.7335,43.96427],[2.73819,43.96304],[2.74036,43.96141],[2.74124,43.96226],[2.74273,43.96176],[2.74648,43.96185],[2.74817,43.96161],[2.75134,43.96253],[2.75295,43.96383],[2.75302,43.96462],[2.75644,43.96685],[2.75639,43.96788],[2.7572,43.96887],[2.75705,43.97014],[2.75578,43.97117],[2.75419,43.97144],[2.75032,43.97333],[2.74591,43.975],[2.7428,43.97525],[2.74226,43.9768],[2.7402,43.97616],[2.73532,43.9764],[2.73297,43.97781],[2.73357,43.97939],[2.73633,43.98176],[2.73825,43.98625],[2.7392,43.98657],[2.73969,43.98816],[2.74179,43.98819],[2.74266,43.99058],[2.74509,43.99133],[2.74887,43.98955],[2.74907,43.9889],[2.7536,43.98655],[2.75641,43.98648],[2.75858,43.98691],[2.76122,43.98739],[2.76375,43.98702],[2.76729,43.9885],[2.77018,43.98871],[2.77262,43.98796],[2.77407,43.98694],[2.77579,43.98516],[2.77775,43.9823],[2.77906,43.98198],[2.78166,43.97792],[2.77953,43.97554],[2.78151,43.97239],[2.78238,43.96984],[2.78418,43.96762],[2.78532,43.96433],[2.78532,43.96216],[2.78155,43.95933],[2.77818,43.95825],[2.77416,43.95904],[2.77103,43.95831],[2.76956,43.95749],[2.77234,43.957],[2.77492,43.95746],[2.77636,43.95673],[2.77943,43.95633],[2.78103,43.95502],[2.78272,43.95434],[2.78326,43.95358],[2.78322,43.95208],[2.78211,43.95075],[2.77869,43.94351],[2.77871,43.94248],[2.78396,43.93827],[2.78593,43.93713],[2.78659,43.9336],[2.7861,43.93247],[2.78633,43.93128],[2.7836,43.93184],[2.77894,43.93146],[2.77581,43.93061],[2.7733,43.92843],[2.77009,43.92843],[2.76668,43.92977],[2.76395,43.93028],[2.76379,43.92833],[2.7656,43.92691],[2.76287,43.92623],[2.75667,43.92771],[2.75517,43.92646],[2.75246,43.92588],[2.75135,43.92657],[2.74863,43.92592],[2.74636,43.92602],[2.74511,43.92541],[2.74224,43.92493],[2.73949,43.92398],[2.73582,43.92551],[2.73522,43.92636],[2.73369,43.92713],[2.7355,43.92873],[2.73414,43.9294],[2.73343,43.93057],[2.73655,43.93211],[2.74334,43.93297],[2.74456,43.93441],[2.74558,43.93469],[2.74572,43.93592],[2.74327,43.9356],[2.74188,43.93618],[2.73691,43.93726],[2.7356,43.93702],[2.73312,43.93805],[2.72999,43.93811]]]}},{"type":"Feature","id":"fr-commune-12043","properties":{"id":"fr-commune-12043","name":"Calmont","kind":"commune","center":[2.5256,44.2643],"code":"12043","department":"12"},"bbox":[2.48691,44.22171,2.56428,44.30684],"geometry":{"type":"Polygon","coordinates":[[[2.49796,44.28651],[2.49845,44.28888],[2.49911,44.29002],[2.49739,44.29082],[2.49821,44.2924],[2.49797,44.2941],[2.49709,44.29424],[2.49629,44.29698],[2.49272,44.29829],[2.49316,44.29946],[2.49078,44.30064],[2.49122,44.30307],[2.4922,44.30651],[2.4959,44.30683],[2.49851,44.30684],[2.49932,44.30598],[2.49837,44.30441],[2.4985,44.3023],[2.50016,44.30118],[2.50406,44.30137],[2.50562,44.30087],[2.50624,44.29941],[2.5074,44.29831],[2.50561,44.29724],[2.50285,44.29785],[2.50187,44.29736],[2.50148,44.29562],[2.50699,44.29292],[2.50825,44.29028],[2.51095,44.29173],[2.51162,44.29053],[2.51657,44.28774],[2.51913,44.28799],[2.52532,44.28492],[2.52823,44.28335],[2.52948,44.28708],[2.53146,44.2874],[2.53266,44.2859],[2.5346,44.28594],[2.53542,44.28752],[2.53679,44.28757],[2.53833,44.2867],[2.53914,44.28685],[2.54114,44.28835],[2.54181,44.28958],[2.54294,44.28866],[2.54462,44.28589],[2.54552,44.28507],[2.54374,44.28412],[2.54731,44.28158],[2.54948,44.2843],[2.55233,44.28266],[2.55169,44.28155],[2.54981,44.27998],[2.5475,44.27643],[2.54717,44.2754],[2.55178,44.27534],[2.55511,44.27425],[2.55642,44.27339],[2.5573,44.27524],[2.55701,44.27662],[2.55857,44.27678],[2.56066,44.27449],[2.56235,44.27321],[2.5637,44.27117],[2.56329,44.27068],[2.56359,44.26798],[2.56321,44.26659],[2.56428,44.26311],[2.56119,44.26204],[2.55867,44.2597],[2.56041,44.2568],[2.56034,44.25607],[2.55874,44.25608],[2.55725,44.2546],[2.5535,44.25349],[2.55361,44.25184],[2.55221,44.24981],[2.55482,44.24679],[2.55339,44.24371],[2.55568,44.24132],[2.55368,44.24079],[2.55351,44.2401],[2.55491,44.23821],[2.55436,44.23744],[2.55172,44.23826],[2.54999,44.23789],[2.54991,44.23659],[2.55054,44.23484],[2.55001,44.23242],[2.54601,44.23342],[2.54306,44.23458],[2.54074,44.23369],[2.539,44.23372],[2.53718,44.23592],[2.53236,44.23636],[2.53157,44.23377],[2.52849,44.23166],[2.52942,44.22964],[2.52923,44.22767],[2.52789,44.22718],[2.52527,44.22813],[2.52287,44.22789],[2.52055,44.22826],[2.52025,44.22336],[2.51856,44.22343],[2.51719,44.22493],[2.51555,44.22329],[2.51498,44.22171],[2.51373,44.22194],[2.51012,44.22346],[2.50945,44.22326],[2.50617,44.2248],[2.50447,44.22466],[2.50029,44.22574],[2.49829,44.22588],[2.49771,44.22651],[2.49581,44.2253],[2.49283,44.22737],[2.49278,44.22877],[2.49184,44.22958],[2.4926,44.23205],[2.49411,44.23417],[2.49086,44.23507],[2.48691,44.2369],[2.48722,44.23898],[2.48852,44.24005],[2.49035,44.24068],[2.49291,44.24035],[2.49337,44.24328],[2.49268,44.24422],[2.49615,44.24616],[2.4948,44.24797],[2.49666,44.24833],[2.49706,44.24954],[2.49857,44.24988],[2.50082,44.25188],[2.50261,44.25184],[2.50352,44.25328],[2.50383,44.25485],[2.50644,44.2549],[2.5062,44.25692],[2.50923,44.25721],[2.51028,44.26082],[2.50904,44.26361],[2.50886,44.26476],[2.50566,44.26666],[2.50312,44.26754],[2.50191,44.26839],[2.4982,44.27032],[2.49632,44.27284],[2.49616,44.27492],[2.49813,44.27506],[2.49867,44.27569],[2.49868,44.279],[2.5001,44.2801],[2.49925,44.28137],[2.49925,44.28402],[2.49838,44.28447],[2.49796,44.28651]]]}},{"type":"Feature","id":"fr-commune-12044","properties":{"id":"fr-commune-12044","name":"Camarès","kind":"commune","center":[2.8807,43.8231],"code":"12044","department":"12"},"bbox":[2.82836,43.77569,2.93289,43.86996],"geometry":{"type":"Polygon","coordinates":[[[2.86863,43.7828],[2.86771,43.78416],[2.8606,43.78829],[2.85928,43.78873],[2.85787,43.78767],[2.85597,43.78872],[2.8554,43.79007],[2.85734,43.79118],[2.86102,43.79373],[2.86063,43.79497],[2.86122,43.79657],[2.86133,43.79871],[2.86315,43.80277],[2.86141,43.80436],[2.85871,43.8043],[2.85373,43.80609],[2.85159,43.80655],[2.85054,43.80739],[2.84765,43.81135],[2.84615,43.81232],[2.84253,43.81308],[2.84418,43.81844],[2.84336,43.81982],[2.84254,43.81978],[2.84075,43.82087],[2.83845,43.82175],[2.83793,43.82329],[2.83661,43.82355],[2.83339,43.82515],[2.83281,43.82598],[2.83386,43.82707],[2.83663,43.82914],[2.83678,43.82988],[2.83045,43.83092],[2.82836,43.8337],[2.82936,43.83451],[2.83001,43.83638],[2.82869,43.83776],[2.82853,43.83911],[2.83109,43.84503],[2.83276,43.84796],[2.83546,43.85091],[2.83635,43.85003],[2.83712,43.84834],[2.83908,43.84638],[2.83977,43.84526],[2.84159,43.84476],[2.84495,43.84267],[2.8448,43.84055],[2.84551,43.83858],[2.84674,43.83745],[2.84848,43.83694],[2.85431,43.83864],[2.85703,43.83963],[2.8621,43.84092],[2.86674,43.83582],[2.86811,43.83515],[2.87247,43.83553],[2.87695,43.8352],[2.87752,43.83678],[2.87914,43.83827],[2.88008,43.83975],[2.87955,43.8411],[2.88046,43.84347],[2.88044,43.84929],[2.87982,43.85263],[2.88115,43.85508],[2.88016,43.85738],[2.88036,43.85946],[2.88211,43.86196],[2.8825,43.863],[2.88313,43.86697],[2.88499,43.86963],[2.88643,43.86996],[2.88797,43.86968],[2.88761,43.86763],[2.88805,43.86592],[2.88933,43.86514],[2.89066,43.86327],[2.89272,43.86144],[2.89637,43.85634],[2.89824,43.85413],[2.89762,43.85319],[2.89825,43.85063],[2.9012,43.8502],[2.90473,43.84811],[2.9081,43.84776],[2.90851,43.84667],[2.90963,43.84571],[2.91004,43.8437],[2.90878,43.83943],[2.9073,43.83715],[2.90811,43.83581],[2.90763,43.83446],[2.91069,43.83396],[2.91417,43.8348],[2.91706,43.83284],[2.9179,43.83118],[2.9202,43.83164],[2.92333,43.83264],[2.92652,43.83275],[2.93216,43.83245],[2.9325,43.8322],[2.93118,43.8301],[2.92922,43.82923],[2.92869,43.82722],[2.92781,43.82625],[2.92665,43.82401],[2.9305,43.82249],[2.93289,43.82066],[2.93244,43.81722],[2.9311,43.81652],[2.92614,43.81615],[2.92352,43.81625],[2.92234,43.8148],[2.91895,43.8131],[2.91472,43.81169],[2.91318,43.81024],[2.91367,43.80921],[2.91642,43.80662],[2.91705,43.80489],[2.91895,43.80532],[2.92064,43.80475],[2.92377,43.80241],[2.92562,43.80032],[2.93254,43.80053],[2.93118,43.79805],[2.92817,43.79562],[2.9257,43.7954],[2.92467,43.7945],[2.9216,43.79333],[2.91956,43.7923],[2.9188,43.79063],[2.91754,43.78933],[2.91848,43.78852],[2.91904,43.78696],[2.91896,43.78328],[2.91818,43.77995],[2.91753,43.77866],[2.91496,43.7775],[2.9126,43.77676],[2.91084,43.77569],[2.90783,43.77736],[2.90538,43.77913],[2.90191,43.77907],[2.90137,43.77934],[2.89999,43.78176],[2.89993,43.7836],[2.89849,43.78403],[2.89728,43.78586],[2.89563,43.78949],[2.89418,43.78966],[2.8931,43.78915],[2.88987,43.79043],[2.88814,43.79218],[2.88818,43.79327],[2.88539,43.79256],[2.88055,43.78959],[2.87657,43.78816],[2.87315,43.78579],[2.87409,43.78544],[2.87275,43.78427],[2.86863,43.7828]]]}},{"type":"Feature","id":"fr-commune-12045","properties":{"id":"fr-commune-12045","name":"Camboulazet","kind":"commune","center":[2.4462,44.2244],"code":"12045","department":"12"},"bbox":[2.42363,44.18742,2.46875,44.26144],"geometry":{"type":"Polygon","coordinates":[[[2.42363,44.20972],[2.42524,44.21045],[2.42509,44.21133],[2.42596,44.21259],[2.42677,44.21266],[2.42904,44.21416],[2.433,44.21488],[2.43244,44.21606],[2.43178,44.2213],[2.43222,44.22483],[2.42888,44.22836],[2.42728,44.23046],[2.42864,44.23159],[2.43338,44.23311],[2.43647,44.23318],[2.43619,44.23441],[2.43814,44.23529],[2.43946,44.23542],[2.4432,44.23433],[2.4457,44.2344],[2.44809,44.23383],[2.44998,44.23434],[2.44922,44.23532],[2.44941,44.23701],[2.44729,44.23901],[2.44634,44.2391],[2.44585,44.24047],[2.44484,44.2416],[2.44521,44.24261],[2.44405,44.24442],[2.44416,44.24655],[2.44507,44.24789],[2.44571,44.25091],[2.44481,44.25151],[2.4456,44.25248],[2.44509,44.2544],[2.44526,44.25564],[2.44658,44.25687],[2.44695,44.25949],[2.44866,44.26144],[2.45285,44.25933],[2.45566,44.25865],[2.45748,44.25883],[2.46232,44.25683],[2.46168,44.25499],[2.46083,44.25462],[2.45883,44.24907],[2.45892,44.2461],[2.46001,44.24521],[2.46043,44.24242],[2.46136,44.24205],[2.46155,44.24017],[2.46301,44.23666],[2.46473,44.23465],[2.46618,44.23379],[2.46642,44.23274],[2.46868,44.23139],[2.46875,44.22888],[2.46698,44.22621],[2.46775,44.22494],[2.4659,44.22235],[2.46478,44.22201],[2.46293,44.22021],[2.46308,44.21928],[2.46001,44.21593],[2.4607,44.21481],[2.45781,44.21149],[2.45664,44.21091],[2.45608,44.20684],[2.45629,44.20584],[2.45546,44.20454],[2.45347,44.20408],[2.45238,44.20322],[2.4492,44.20378],[2.44815,44.20351],[2.44955,44.20223],[2.45073,44.19989],[2.45268,44.19919],[2.45211,44.19762],[2.44896,44.19849],[2.44623,44.19797],[2.44396,44.19644],[2.44326,44.19183],[2.4421,44.1908],[2.43897,44.18905],[2.43709,44.18742],[2.43462,44.18877],[2.43445,44.19074],[2.43318,44.19096],[2.43282,44.19204],[2.43077,44.19458],[2.43128,44.19604],[2.42967,44.19679],[2.42904,44.19865],[2.42714,44.19979],[2.42696,44.20115],[2.42821,44.20205],[2.42721,44.20626],[2.42502,44.20898],[2.42363,44.20972]]]}},{"type":"Feature","id":"fr-commune-12046","properties":{"id":"fr-commune-12046","name":"Camjac","kind":"commune","center":[2.3985,44.1739],"code":"12046","department":"12"},"bbox":[2.35999,44.13809,2.43709,44.20972],"geometry":{"type":"Polygon","coordinates":[[[2.42363,44.20972],[2.42502,44.20898],[2.42721,44.20626],[2.42821,44.20205],[2.42696,44.20115],[2.42714,44.19979],[2.42904,44.19865],[2.42967,44.19679],[2.43128,44.19604],[2.43077,44.19458],[2.43282,44.19204],[2.43318,44.19096],[2.43445,44.19074],[2.43462,44.18877],[2.43709,44.18742],[2.43352,44.18587],[2.43035,44.18396],[2.42851,44.18452],[2.42495,44.18464],[2.42459,44.18415],[2.42625,44.18246],[2.4259,44.1811],[2.4235,44.17892],[2.42515,44.17769],[2.42226,44.17548],[2.42199,44.17459],[2.42455,44.1733],[2.42236,44.17091],[2.42095,44.17038],[2.41913,44.1705],[2.41785,44.17145],[2.4165,44.16929],[2.4144,44.16928],[2.41376,44.16866],[2.41219,44.16865],[2.41162,44.1698],[2.40993,44.16955],[2.4085,44.16991],[2.40657,44.1713],[2.40572,44.17012],[2.40436,44.16998],[2.40011,44.17096],[2.3988,44.17068],[2.39743,44.1692],[2.39486,44.1673],[2.3943,44.16527],[2.39344,44.16413],[2.39135,44.16321],[2.39061,44.16227],[2.38993,44.15948],[2.38786,44.15566],[2.38824,44.15315],[2.38752,44.15108],[2.38794,44.14964],[2.38771,44.14827],[2.38549,44.14678],[2.38392,44.14653],[2.38203,44.14728],[2.38108,44.14706],[2.37577,44.14351],[2.37345,44.14351],[2.37084,44.1425],[2.36959,44.1393],[2.36878,44.13809],[2.36638,44.13953],[2.36455,44.13935],[2.36357,44.14],[2.36168,44.14427],[2.36282,44.1446],[2.36218,44.14688],[2.3637,44.14829],[2.3636,44.14986],[2.36535,44.15235],[2.36487,44.15373],[2.36603,44.15389],[2.36777,44.15582],[2.36895,44.15769],[2.36916,44.16091],[2.37044,44.16167],[2.3696,44.16277],[2.36773,44.16288],[2.3651,44.16429],[2.36355,44.16552],[2.36265,44.16772],[2.36261,44.1694],[2.36076,44.17118],[2.35999,44.17238],[2.36141,44.17424],[2.36186,44.17543],[2.36479,44.17906],[2.36562,44.1808],[2.36764,44.18328],[2.37073,44.18503],[2.37212,44.18611],[2.37437,44.18713],[2.37637,44.18754],[2.3795,44.18929],[2.38,44.19068],[2.37898,44.19093],[2.38009,44.1926],[2.38078,44.19228],[2.38252,44.19446],[2.3823,44.19516],[2.38588,44.19752],[2.38817,44.19821],[2.3863,44.19956],[2.38343,44.20076],[2.38274,44.20145],[2.38458,44.20232],[2.38614,44.20382],[2.38875,44.2038],[2.39033,44.20422],[2.39204,44.20381],[2.39628,44.20447],[2.39848,44.20409],[2.39937,44.20488],[2.39875,44.20562],[2.39913,44.20599],[2.4046,44.20643],[2.40595,44.20616],[2.41421,44.20615],[2.41685,44.20697],[2.41845,44.20687],[2.41885,44.2089],[2.42249,44.20906],[2.42363,44.20972]]]}},{"type":"Feature","id":"fr-commune-12047","properties":{"id":"fr-commune-12047","name":"Campagnac","kind":"commune","center":[3.0889,44.4033],"code":"12047","department":"12"},"bbox":[3.03727,44.35989,3.14046,44.44669],"geometry":{"type":"Polygon","coordinates":[[[3.06124,44.37474],[3.06174,44.37544],[3.06156,44.37789],[3.06198,44.37952],[3.06101,44.38017],[3.06134,44.3828],[3.06003,44.38528],[3.05827,44.38458],[3.05445,44.38478],[3.05115,44.38336],[3.05018,44.3834],[3.04813,44.38487],[3.04818,44.38778],[3.04882,44.39034],[3.04652,44.39206],[3.04466,44.39022],[3.04335,44.39002],[3.0421,44.38908],[3.04079,44.38891],[3.03876,44.38965],[3.03809,44.39273],[3.03727,44.3948],[3.04288,44.39645],[3.04473,44.39771],[3.04503,44.39925],[3.04619,44.39994],[3.04812,44.40186],[3.05053,44.40269],[3.05429,44.40556],[3.05502,44.40741],[3.05715,44.40842],[3.05767,44.41045],[3.06041,44.41199],[3.06227,44.41395],[3.06246,44.4154],[3.06003,44.41723],[3.0587,44.41882],[3.05804,44.41891],[3.05793,44.42066],[3.05578,44.42161],[3.0556,44.42283],[3.05392,44.42484],[3.05425,44.4274],[3.05686,44.42967],[3.05704,44.43253],[3.05808,44.43378],[3.0568,44.43473],[3.05708,44.43591],[3.05615,44.43828],[3.05513,44.43871],[3.05526,44.43968],[3.05626,44.44053],[3.05925,44.44185],[3.06125,44.444],[3.06363,44.44502],[3.0651,44.44612],[3.06669,44.44669],[3.06729,44.44426],[3.06994,44.44468],[3.0731,44.44457],[3.07487,44.44324],[3.07759,44.44188],[3.08087,44.44079],[3.08266,44.44064],[3.08501,44.44139],[3.08544,44.44049],[3.08587,44.43772],[3.08731,44.4368],[3.08793,44.43514],[3.09109,44.43377],[3.0923,44.4318],[3.09373,44.43159],[3.09455,44.43012],[3.09721,44.4307],[3.09948,44.43184],[3.10301,44.42943],[3.1041,44.42728],[3.10568,44.42588],[3.10679,44.42427],[3.10695,44.42209],[3.1074,44.42085],[3.10614,44.41976],[3.10427,44.41912],[3.10447,44.41748],[3.10669,44.41317],[3.10769,44.41201],[3.11036,44.41222],[3.11295,44.41651],[3.11465,44.41744],[3.11698,44.41719],[3.12148,44.41556],[3.12678,44.41415],[3.13208,44.41101],[3.13391,44.41054],[3.1372,44.41092],[3.13723,44.4081],[3.13775,44.40609],[3.13763,44.40435],[3.13852,44.40118],[3.13802,44.39899],[3.13881,44.39603],[3.14046,44.39224],[3.13611,44.39108],[3.13008,44.38997],[3.12685,44.38956],[3.12474,44.38904],[3.12118,44.38873],[3.11776,44.38434],[3.12082,44.38295],[3.12328,44.38131],[3.12437,44.38016],[3.1235,44.37823],[3.12241,44.37733],[3.12174,44.37533],[3.12236,44.37297],[3.12331,44.37076],[3.12273,44.37009],[3.11913,44.37012],[3.11708,44.37044],[3.11526,44.37017],[3.1146,44.3724],[3.11279,44.37262],[3.11006,44.37232],[3.10433,44.3692],[3.10327,44.36913],[3.10104,44.36814],[3.09918,44.36664],[3.09464,44.3648],[3.09169,44.36426],[3.08935,44.36411],[3.08625,44.36305],[3.08306,44.36243],[3.08096,44.36088],[3.08083,44.35989],[3.07662,44.36093],[3.07753,44.36264],[3.07653,44.36432],[3.07634,44.36762],[3.07509,44.37019],[3.07275,44.37124],[3.07048,44.37174],[3.06913,44.37026],[3.06581,44.37044],[3.06697,44.3723],[3.06662,44.37438],[3.06124,44.37474]]]}},{"type":"Feature","id":"fr-commune-12048","properties":{"id":"fr-commune-12048","name":"Campouriez","kind":"commune","center":[2.6165,44.6814],"code":"12048","department":"12"},"bbox":[2.57001,44.66016,2.66308,44.70277],"geometry":{"type":"Polygon","coordinates":[[[2.62388,44.67341],[2.6226,44.67437],[2.62219,44.67576],[2.61936,44.67616],[2.61935,44.67751],[2.61738,44.67908],[2.61502,44.6793],[2.6118,44.68173],[2.61113,44.68299],[2.60906,44.68341],[2.60812,44.68188],[2.60599,44.68392],[2.60337,44.68451],[2.60153,44.68314],[2.60069,44.68188],[2.60303,44.68066],[2.60384,44.67809],[2.60379,44.67694],[2.60561,44.67577],[2.60723,44.67401],[2.60405,44.6721],[2.60392,44.67097],[2.60047,44.67093],[2.60057,44.66935],[2.60328,44.66903],[2.6067,44.66929],[2.60928,44.6692],[2.6111,44.66798],[2.61116,44.66677],[2.61197,44.6655],[2.61373,44.66423],[2.61083,44.66451],[2.60831,44.66402],[2.60591,44.66496],[2.60495,44.6639],[2.60453,44.66251],[2.60313,44.66304],[2.59972,44.66232],[2.5981,44.66173],[2.59332,44.66411],[2.59173,44.66348],[2.58952,44.66326],[2.58774,44.66016],[2.58507,44.6612],[2.58318,44.66098],[2.58215,44.66189],[2.5804,44.66461],[2.57804,44.66682],[2.57658,44.66781],[2.57428,44.66845],[2.57361,44.6691],[2.57367,44.67207],[2.57485,44.67451],[2.57509,44.67594],[2.57359,44.67882],[2.5728,44.68123],[2.57055,44.68542],[2.57001,44.68776],[2.57031,44.68949],[2.57221,44.69317],[2.57452,44.69367],[2.5814,44.69479],[2.58463,44.69513],[2.58697,44.6982],[2.58693,44.69961],[2.58826,44.70079],[2.59035,44.70062],[2.59349,44.69916],[2.5962,44.69903],[2.59727,44.7004],[2.59835,44.70277],[2.60171,44.70201],[2.60182,44.70106],[2.60295,44.70063],[2.60333,44.69931],[2.60489,44.69907],[2.60583,44.70039],[2.60834,44.69908],[2.6096,44.69917],[2.60972,44.69737],[2.60846,44.69665],[2.60935,44.69573],[2.61087,44.69622],[2.61155,44.697],[2.61363,44.69632],[2.61376,44.69713],[2.61533,44.69758],[2.61648,44.69672],[2.61839,44.69726],[2.62127,44.69698],[2.62183,44.69572],[2.62378,44.69459],[2.62474,44.69458],[2.62541,44.69578],[2.62751,44.69683],[2.62908,44.69493],[2.63078,44.69484],[2.63104,44.6936],[2.62878,44.69284],[2.6264,44.69086],[2.62854,44.68995],[2.6311,44.68789],[2.63218,44.68664],[2.63411,44.6859],[2.63563,44.6863],[2.63938,44.68603],[2.6417,44.68514],[2.64441,44.68329],[2.64966,44.68126],[2.65206,44.67997],[2.65389,44.67839],[2.6553,44.67826],[2.65751,44.67911],[2.65738,44.678],[2.65827,44.67652],[2.66126,44.67573],[2.66308,44.67306],[2.66126,44.67092],[2.65911,44.67019],[2.65813,44.66817],[2.65628,44.66629],[2.65617,44.66544],[2.65385,44.66288],[2.6497,44.66346],[2.64858,44.66405],[2.6478,44.66606],[2.64442,44.6644],[2.64258,44.6629],[2.64141,44.66286],[2.64068,44.66371],[2.64229,44.66446],[2.64413,44.66653],[2.64293,44.66714],[2.64085,44.66744],[2.63961,44.66675],[2.63749,44.66686],[2.63743,44.66776],[2.63533,44.66925],[2.63534,44.67076],[2.63083,44.6713],[2.62934,44.67226],[2.62853,44.67336],[2.62388,44.67341]]]}},{"type":"Feature","id":"fr-commune-12049","properties":{"id":"fr-commune-12049","name":"Campuac","kind":"commune","center":[2.5808,44.5656],"code":"12049","department":"12"},"bbox":[2.52998,44.53979,2.63159,44.59135],"geometry":{"type":"Polygon","coordinates":[[[2.53526,44.58211],[2.53911,44.58349],[2.54049,44.58443],[2.54192,44.5838],[2.54221,44.58166],[2.5434,44.58204],[2.54474,44.5838],[2.54739,44.58632],[2.54899,44.58694],[2.54812,44.58909],[2.54966,44.58877],[2.55136,44.58935],[2.55203,44.59052],[2.55382,44.58898],[2.5555,44.58928],[2.55677,44.59033],[2.55923,44.59135],[2.5627,44.59119],[2.56281,44.59059],[2.56521,44.58762],[2.56728,44.58788],[2.56723,44.58923],[2.56966,44.5881],[2.57194,44.58655],[2.57406,44.58607],[2.57574,44.58477],[2.57726,44.58191],[2.58042,44.57988],[2.58222,44.57971],[2.58366,44.57834],[2.586,44.57895],[2.58902,44.57823],[2.59106,44.5787],[2.59331,44.57881],[2.59541,44.5783],[2.59664,44.57741],[2.59796,44.57504],[2.59926,44.5752],[2.60019,44.57273],[2.59978,44.57174],[2.60496,44.57125],[2.60484,44.57009],[2.60714,44.56879],[2.60837,44.5697],[2.60858,44.57077],[2.60801,44.57286],[2.61237,44.57425],[2.61587,44.57375],[2.61798,44.57108],[2.61749,44.56872],[2.61984,44.56798],[2.62013,44.56663],[2.62126,44.56621],[2.62126,44.56477],[2.62216,44.56358],[2.6226,44.56197],[2.62589,44.56006],[2.62889,44.55914],[2.63088,44.55909],[2.63159,44.5574],[2.62881,44.55714],[2.62648,44.55739],[2.62472,44.55693],[2.62348,44.55605],[2.6197,44.55598],[2.61952,44.55446],[2.62372,44.55185],[2.62843,44.54977],[2.63062,44.54832],[2.62979,44.54693],[2.62483,44.5478],[2.62476,44.5465],[2.62123,44.54384],[2.61667,44.54247],[2.61556,44.5425],[2.61391,44.54175],[2.60923,44.54176],[2.60804,44.54195],[2.60389,44.54111],[2.60371,44.53979],[2.60217,44.54077],[2.60131,44.54269],[2.6012,44.54395],[2.59678,44.54501],[2.59302,44.54453],[2.59076,44.54373],[2.58986,44.54405],[2.58601,44.54441],[2.58524,44.54536],[2.58534,44.54791],[2.58618,44.54999],[2.58829,44.55089],[2.58824,44.55337],[2.58458,44.555],[2.58489,44.55679],[2.5845,44.5575],[2.58158,44.55936],[2.57934,44.5593],[2.57724,44.56263],[2.57549,44.56288],[2.57458,44.56541],[2.57212,44.56824],[2.57042,44.56961],[2.56953,44.56831],[2.56733,44.56854],[2.56619,44.56697],[2.56297,44.56787],[2.56204,44.56679],[2.5572,44.5665],[2.55663,44.56553],[2.55389,44.56384],[2.55525,44.56615],[2.55535,44.56709],[2.55084,44.57001],[2.54895,44.57001],[2.54814,44.56948],[2.54644,44.56984],[2.54361,44.5693],[2.54053,44.56906],[2.53839,44.56961],[2.53751,44.57172],[2.53523,44.57222],[2.53331,44.57307],[2.53193,44.57421],[2.52998,44.57455],[2.53041,44.57711],[2.53122,44.57842],[2.53235,44.57909],[2.53347,44.58009],[2.53526,44.58035],[2.53526,44.58211]]]}},{"type":"Feature","id":"fr-commune-12050","properties":{"id":"fr-commune-12050","name":"Canet-de-Salars","kind":"commune","center":[2.7379,44.2392],"code":"12050","department":"12"},"bbox":[2.68688,44.20325,2.7889,44.2743],"geometry":{"type":"Polygon","coordinates":[[[2.68688,44.23601],[2.68845,44.23622],[2.69146,44.23716],[2.69255,44.23861],[2.69482,44.24033],[2.6964,44.24204],[2.69653,44.24406],[2.6982,44.24484],[2.70143,44.24459],[2.70309,44.24546],[2.70495,44.24432],[2.71138,44.24294],[2.71291,44.24515],[2.7139,44.24455],[2.71601,44.24636],[2.71917,44.24825],[2.72019,44.24942],[2.72173,44.24999],[2.72308,44.25103],[2.72343,44.25198],[2.72681,44.25508],[2.72465,44.25786],[2.72439,44.25943],[2.72509,44.2621],[2.72311,44.26256],[2.72315,44.26334],[2.72466,44.26472],[2.72624,44.26781],[2.72798,44.26939],[2.72972,44.27047],[2.73066,44.27265],[2.73248,44.2743],[2.73354,44.27292],[2.73517,44.27341],[2.73614,44.27242],[2.73755,44.27201],[2.73678,44.27039],[2.73986,44.26829],[2.7402,44.26732],[2.74161,44.26609],[2.74519,44.26383],[2.74861,44.26298],[2.7502,44.26368],[2.75114,44.26336],[2.75215,44.26461],[2.75504,44.26492],[2.75613,44.26544],[2.75813,44.26525],[2.7597,44.26489],[2.76022,44.26396],[2.75951,44.26185],[2.76001,44.26086],[2.7583,44.25861],[2.75848,44.25695],[2.75809,44.25568],[2.75887,44.2543],[2.75877,44.25276],[2.76108,44.25207],[2.7615,44.24969],[2.75962,44.24552],[2.75952,44.24416],[2.76074,44.24262],[2.76304,44.24236],[2.76399,44.24147],[2.76851,44.24075],[2.77163,44.23984],[2.77603,44.2367],[2.77549,44.23605],[2.77917,44.23464],[2.7889,44.23223],[2.78839,44.23141],[2.7868,44.23113],[2.7862,44.22908],[2.7838,44.22751],[2.78356,44.22512],[2.78423,44.2247],[2.78366,44.22295],[2.78231,44.22201],[2.78122,44.21622],[2.78158,44.21504],[2.7787,44.21398],[2.77695,44.21376],[2.77537,44.2121],[2.77137,44.21239],[2.76943,44.21177],[2.76803,44.21078],[2.76728,44.20821],[2.76375,44.20585],[2.75787,44.20551],[2.75599,44.2052],[2.75474,44.20548],[2.75052,44.20831],[2.74894,44.20873],[2.74669,44.20874],[2.74418,44.20772],[2.73854,44.20648],[2.73791,44.20594],[2.73746,44.204],[2.73389,44.20325],[2.73384,44.20551],[2.73259,44.20541],[2.73029,44.20642],[2.72746,44.20684],[2.72714,44.2057],[2.72602,44.20557],[2.72166,44.20847],[2.71979,44.20866],[2.71828,44.20762],[2.71558,44.20786],[2.71455,44.20945],[2.70933,44.21254],[2.70796,44.21243],[2.70355,44.21459],[2.70126,44.21385],[2.70044,44.21436],[2.69946,44.21513],[2.70063,44.21663],[2.69731,44.21867],[2.69728,44.22016],[2.69649,44.22069],[2.69533,44.22324],[2.69673,44.22472],[2.69588,44.22699],[2.6949,44.22711],[2.69332,44.22843],[2.69334,44.2304],[2.69181,44.23083],[2.68923,44.23014],[2.68998,44.23306],[2.68876,44.23385],[2.68688,44.23601]]]}},{"type":"Feature","id":"fr-commune-12051","properties":{"id":"fr-commune-12051","name":"Cantoin","kind":"commune","center":[2.8261,44.8354],"code":"12051","department":"12"},"bbox":[2.77295,44.79557,2.87913,44.8753],"geometry":{"type":"Polygon","coordinates":[[[2.85975,44.87442],[2.85929,44.87102],[2.85984,44.86959],[2.86139,44.86793],[2.86087,44.86715],[2.85849,44.86591],[2.85644,44.86558],[2.85609,44.86443],[2.85684,44.86226],[2.8558,44.86109],[2.85658,44.85992],[2.85607,44.85773],[2.85529,44.85617],[2.85595,44.85457],[2.85481,44.85385],[2.85606,44.85291],[2.85617,44.85207],[2.8546,44.85072],[2.85549,44.84953],[2.85677,44.84881],[2.85874,44.84895],[2.85958,44.85051],[2.86082,44.85078],[2.86181,44.84973],[2.86186,44.84796],[2.86575,44.84709],[2.86543,44.84471],[2.86414,44.84272],[2.86246,44.8428],[2.85945,44.84227],[2.85907,44.84128],[2.86004,44.84028],[2.85962,44.83924],[2.86104,44.83798],[2.86168,44.83589],[2.8648,44.83455],[2.86624,44.83452],[2.86655,44.83366],[2.86805,44.8334],[2.8704,44.82942],[2.87042,44.82387],[2.87183,44.81987],[2.87213,44.81841],[2.87301,44.81746],[2.8756,44.81562],[2.87696,44.81238],[2.87762,44.80986],[2.87722,44.807],[2.87913,44.80381],[2.87869,44.80202],[2.87664,44.80019],[2.87493,44.79966],[2.87643,44.79807],[2.87244,44.79719],[2.87129,44.79576],[2.86872,44.79643],[2.86758,44.79557],[2.86415,44.79838],[2.86148,44.79883],[2.86104,44.80027],[2.85988,44.80042],[2.85879,44.80132],[2.85921,44.80323],[2.85819,44.80451],[2.85843,44.80563],[2.85706,44.80819],[2.85453,44.80985],[2.85423,44.81142],[2.85272,44.81161],[2.85254,44.81345],[2.85305,44.81537],[2.85298,44.81839],[2.85013,44.81976],[2.84742,44.81937],[2.84364,44.82063],[2.84275,44.82027],[2.84053,44.81781],[2.8386,44.81666],[2.83571,44.81702],[2.8314,44.81578],[2.83158,44.81407],[2.831,44.81299],[2.82924,44.8119],[2.82771,44.81321],[2.82515,44.81454],[2.82179,44.81559],[2.81735,44.8159],[2.81498,44.81557],[2.81307,44.81617],[2.8122,44.81775],[2.81093,44.81722],[2.8079,44.81727],[2.80675,44.81655],[2.8053,44.81683],[2.8048,44.81777],[2.79978,44.81517],[2.79693,44.81474],[2.79525,44.81534],[2.79313,44.81459],[2.79093,44.8142],[2.78841,44.8142],[2.78718,44.81211],[2.78715,44.81092],[2.78572,44.81061],[2.78599,44.80883],[2.78379,44.80772],[2.78287,44.80935],[2.77936,44.8126],[2.7795,44.81324],[2.77759,44.81384],[2.77647,44.81591],[2.77483,44.81641],[2.77295,44.81822],[2.77397,44.8188],[2.7765,44.81911],[2.77745,44.81978],[2.77953,44.81993],[2.77926,44.82233],[2.77615,44.82278],[2.77634,44.82549],[2.7742,44.826],[2.77482,44.82826],[2.77768,44.82844],[2.77714,44.83036],[2.77824,44.83354],[2.78058,44.83344],[2.78205,44.83456],[2.7824,44.83618],[2.78087,44.83712],[2.77927,44.83715],[2.77911,44.83916],[2.77699,44.83964],[2.77822,44.84203],[2.77804,44.8463],[2.77812,44.84905],[2.77925,44.84959],[2.78206,44.85217],[2.78313,44.85426],[2.78322,44.85601],[2.78142,44.85783],[2.78144,44.85949],[2.78286,44.86192],[2.78622,44.86457],[2.78817,44.86555],[2.79078,44.8677],[2.79449,44.86874],[2.798,44.86874],[2.79875,44.86904],[2.8017,44.87348],[2.80316,44.87412],[2.80732,44.87429],[2.80874,44.87374],[2.81139,44.87084],[2.81359,44.86925],[2.8163,44.86937],[2.81898,44.87165],[2.82159,44.87169],[2.82411,44.87065],[2.82692,44.8706],[2.83062,44.87236],[2.8334,44.87235],[2.83805,44.87129],[2.84035,44.8726],[2.84258,44.8728],[2.84671,44.87171],[2.84852,44.87153],[2.85072,44.87177],[2.8539,44.87328],[2.85473,44.87406],[2.85697,44.8753],[2.85975,44.87442]]]}},{"type":"Feature","id":"fr-commune-12052","properties":{"id":"fr-commune-12052","name":"Capdenac-Gare","kind":"commune","center":[2.0661,44.5604],"code":"12052","department":"12"},"bbox":[2.02882,44.53378,2.10274,44.58711],"geometry":{"type":"Polygon","coordinates":[[[2.08743,44.53604],[2.08604,44.53528],[2.08648,44.53406],[2.08509,44.53378],[2.08436,44.53443],[2.08332,44.5369],[2.08027,44.53686],[2.07956,44.53553],[2.07697,44.53577],[2.07552,44.53734],[2.07161,44.53914],[2.06997,44.53943],[2.06764,44.54037],[2.06455,44.54062],[2.06193,44.53977],[2.05809,44.53977],[2.05495,44.5393],[2.05475,44.54038],[2.0519,44.54258],[2.05145,44.54352],[2.04907,44.54369],[2.0465,44.54347],[2.04392,44.54257],[2.04321,44.54313],[2.04265,44.54558],[2.04321,44.54626],[2.04251,44.54782],[2.04314,44.54928],[2.04314,44.55123],[2.04101,44.55206],[2.03897,44.55166],[2.03809,44.55204],[2.03939,44.55358],[2.03919,44.55614],[2.03668,44.55665],[2.03488,44.55738],[2.03298,44.55728],[2.0312,44.55597],[2.02882,44.55826],[2.03246,44.55979],[2.03433,44.56087],[2.0354,44.56202],[2.03524,44.56366],[2.03412,44.5662],[2.0337,44.56883],[2.03551,44.57159],[2.03693,44.57265],[2.03894,44.57352],[2.04297,44.57472],[2.0462,44.57607],[2.04967,44.5772],[2.05142,44.57808],[2.05747,44.58298],[2.05859,44.5834],[2.06182,44.5835],[2.06378,44.5821],[2.06515,44.58028],[2.06712,44.57691],[2.0676,44.57518],[2.06574,44.57376],[2.06279,44.57346],[2.06108,44.57285],[2.05858,44.56972],[2.05787,44.56718],[2.05893,44.56597],[2.06082,44.56535],[2.06436,44.56544],[2.06663,44.56608],[2.06816,44.5674],[2.06917,44.56911],[2.07225,44.57591],[2.07339,44.57891],[2.07731,44.58314],[2.07901,44.58537],[2.08118,44.58695],[2.08368,44.58711],[2.08639,44.58428],[2.09276,44.58028],[2.09543,44.57804],[2.09367,44.57634],[2.09329,44.5747],[2.09468,44.57366],[2.09475,44.57283],[2.09713,44.57164],[2.09893,44.56978],[2.09855,44.56888],[2.09989,44.56738],[2.09962,44.56623],[2.09792,44.56622],[2.09689,44.56596],[2.09894,44.56359],[2.10232,44.56077],[2.10274,44.55955],[2.10188,44.55891],[2.101,44.55668],[2.09975,44.55519],[2.09673,44.55474],[2.09541,44.55334],[2.09415,44.55127],[2.09516,44.54979],[2.09385,44.54812],[2.09348,44.54542],[2.0943,44.54488],[2.09255,44.54376],[2.0923,44.54263],[2.09384,44.54161],[2.09152,44.54132],[2.0889,44.53881],[2.08874,44.53777],[2.0874,44.5373],[2.08743,44.53604]]]}},{"type":"Feature","id":"fr-commune-12053","properties":{"id":"fr-commune-12053","name":"La Capelle-Balaguier","kind":"commune","center":[1.9266,44.4402],"code":"12053","department":"12"},"bbox":[1.88929,44.42201,1.96392,44.45838],"geometry":{"type":"Polygon","coordinates":[[[1.95934,44.4484],[1.95791,44.44785],[1.95734,44.44681],[1.95917,44.44507],[1.95957,44.44388],[1.9617,44.44399],[1.96367,44.44287],[1.96392,44.44153],[1.96351,44.43937],[1.96166,44.43616],[1.95899,44.43537],[1.95706,44.43374],[1.95592,44.43363],[1.95437,44.43447],[1.95256,44.43314],[1.95146,44.4315],[1.95145,44.42998],[1.95062,44.4273],[1.94744,44.4292],[1.94556,44.43131],[1.94401,44.43005],[1.94253,44.42953],[1.94179,44.42836],[1.9408,44.42353],[1.93568,44.42466],[1.93368,44.42552],[1.93199,44.42368],[1.93494,44.4228],[1.9342,44.42207],[1.92971,44.42322],[1.92477,44.42201],[1.92149,44.42206],[1.91783,44.42243],[1.9149,44.42324],[1.91309,44.42317],[1.90939,44.42403],[1.90551,44.42401],[1.90374,44.42509],[1.90467,44.42838],[1.9036,44.42876],[1.90377,44.42982],[1.90504,44.43178],[1.90457,44.43355],[1.90218,44.4352],[1.90079,44.43772],[1.90077,44.44012],[1.90158,44.44238],[1.89954,44.4429],[1.89798,44.44369],[1.8976,44.44492],[1.89882,44.44569],[1.89887,44.44682],[1.89989,44.44875],[1.89841,44.44965],[1.89633,44.45011],[1.89374,44.45283],[1.89089,44.45335],[1.88978,44.45442],[1.88929,44.45584],[1.89085,44.45692],[1.89212,44.45838],[1.89436,44.45781],[1.89809,44.45537],[1.90078,44.4555],[1.90358,44.45502],[1.90747,44.45778],[1.90923,44.45748],[1.91052,44.45813],[1.91168,44.45716],[1.91714,44.45482],[1.91916,44.4535],[1.92297,44.45026],[1.92335,44.44911],[1.92464,44.44766],[1.92703,44.44488],[1.92959,44.44533],[1.93201,44.44642],[1.93263,44.44718],[1.93263,44.45021],[1.93468,44.45184],[1.9357,44.45331],[1.93723,44.45245],[1.93895,44.45215],[1.93919,44.45028],[1.94042,44.44856],[1.94253,44.44742],[1.94363,44.44623],[1.94586,44.44732],[1.95217,44.44594],[1.95374,44.44783],[1.95934,44.4484]]]}},{"type":"Feature","id":"fr-commune-12054","properties":{"id":"fr-commune-12054","name":"La Capelle-Bleys","kind":"commune","center":[2.1758,44.305],"code":"12054","department":"12"},"bbox":[2.14965,44.2788,2.20227,44.33119],"geometry":{"type":"Polygon","coordinates":[[[2.1981,44.33119],[2.1997,44.33029],[2.20227,44.32677],[2.20087,44.32616],[2.19943,44.32401],[2.19728,44.32199],[2.1969,44.32086],[2.19944,44.31687],[2.20163,44.31505],[2.20072,44.31374],[2.19972,44.31081],[2.2002,44.3089],[2.19953,44.30809],[2.19993,44.3067],[2.19938,44.30536],[2.20052,44.30348],[2.20038,44.30174],[2.19906,44.30125],[2.19891,44.30006],[2.19717,44.30011],[2.19617,44.29925],[2.19758,44.29804],[2.19652,44.29728],[2.19685,44.29622],[2.19395,44.2928],[2.19235,44.29127],[2.19276,44.28906],[2.19594,44.28851],[2.19592,44.2862],[2.19889,44.28382],[2.19959,44.28272],[2.19731,44.28221],[2.1963,44.28333],[2.19386,44.28333],[2.19247,44.28189],[2.18858,44.27994],[2.18554,44.27881],[2.183,44.2788],[2.18212,44.27946],[2.18024,44.27967],[2.17864,44.28079],[2.17288,44.28312],[2.17125,44.28352],[2.17099,44.28223],[2.1697,44.2809],[2.16649,44.28045],[2.16507,44.27995],[2.16062,44.28064],[2.15892,44.28151],[2.15981,44.2827],[2.15947,44.28355],[2.1599,44.28517],[2.15934,44.28579],[2.15977,44.28859],[2.15806,44.28936],[2.15662,44.28795],[2.15371,44.28683],[2.15429,44.28943],[2.15411,44.29051],[2.15289,44.29193],[2.15396,44.2935],[2.15501,44.29383],[2.15619,44.29529],[2.1572,44.2977],[2.15751,44.29966],[2.15859,44.30163],[2.16033,44.30237],[2.16047,44.30407],[2.1616,44.30625],[2.16121,44.30672],[2.16159,44.30962],[2.16061,44.31161],[2.15657,44.31305],[2.15544,44.31408],[2.15167,44.31479],[2.14965,44.31564],[2.15011,44.31622],[2.15238,44.31621],[2.15585,44.31663],[2.15743,44.31736],[2.15959,44.31768],[2.16164,44.31729],[2.16487,44.31842],[2.16591,44.31947],[2.16859,44.31941],[2.16947,44.3207],[2.16941,44.32216],[2.17059,44.32371],[2.16987,44.32567],[2.17011,44.32806],[2.17363,44.32804],[2.17728,44.32656],[2.17915,44.32691],[2.18197,44.32552],[2.18366,44.32498],[2.18548,44.32575],[2.1903,44.32504],[2.19248,44.32829],[2.19537,44.33065],[2.19641,44.33116],[2.1981,44.33119]]]}},{"type":"Feature","id":"fr-commune-12055","properties":{"id":"fr-commune-12055","name":"La Capelle-Bonance","kind":"commune","center":[3.0258,44.4515],"code":"12055","department":"12"},"bbox":[2.99028,44.43177,3.06125,44.47115],"geometry":{"type":"Polygon","coordinates":[[[3.05513,44.43871],[3.05386,44.43791],[3.05302,44.43672],[3.05247,44.43291],[3.05276,44.43199],[3.04982,44.43177],[3.04972,44.43243],[3.04721,44.43295],[3.04509,44.43206],[3.04335,44.43247],[3.04187,44.43427],[3.04246,44.43528],[3.04242,44.4367],[3.04104,44.43811],[3.04385,44.43913],[3.04522,44.4405],[3.04491,44.44113],[3.04231,44.44278],[3.04048,44.44247],[3.03882,44.4429],[3.03417,44.44501],[3.03167,44.44267],[3.02954,44.44333],[3.02847,44.4411],[3.02771,44.44143],[3.02152,44.44167],[3.02018,44.44094],[3.02059,44.43918],[3.01869,44.43547],[3.01571,44.43531],[3.0144,44.43472],[3.00869,44.43639],[3.00675,44.43753],[3.00632,44.43853],[3.00463,44.43959],[3.00275,44.438],[2.99832,44.4403],[2.99663,44.44227],[2.99512,44.44348],[2.99256,44.4445],[2.99043,44.44475],[2.99067,44.44669],[2.99028,44.44833],[2.99147,44.45138],[2.99571,44.45119],[2.99716,44.45362],[2.99506,44.45613],[2.99333,44.45718],[2.99406,44.45825],[2.99387,44.46028],[2.99559,44.46253],[2.99729,44.46253],[2.99969,44.46185],[3.00293,44.45993],[3.00484,44.4594],[3.00551,44.45758],[3.00737,44.45735],[3.011,44.45922],[3.01366,44.45999],[3.01165,44.46128],[3.00981,44.46388],[3.01225,44.46507],[3.01415,44.46565],[3.01746,44.46617],[3.02,44.46787],[3.02259,44.46856],[3.02244,44.4671],[3.02314,44.46582],[3.02467,44.46596],[3.02591,44.4672],[3.02721,44.46942],[3.02935,44.46954],[3.0312,44.46874],[3.03414,44.47],[3.03593,44.47115],[3.03722,44.47082],[3.03856,44.46926],[3.04052,44.46863],[3.04282,44.46985],[3.04536,44.47033],[3.04756,44.46955],[3.04713,44.46861],[3.04716,44.46636],[3.04632,44.46384],[3.04666,44.46123],[3.04634,44.45941],[3.04901,44.4602],[3.04992,44.45772],[3.04886,44.45574],[3.04852,44.45424],[3.05056,44.45244],[3.05196,44.45074],[3.05302,44.44815],[3.05405,44.4464],[3.05603,44.44543],[3.05688,44.44606],[3.05878,44.44573],[3.06003,44.44448],[3.06125,44.444],[3.05925,44.44185],[3.05626,44.44053],[3.05526,44.43968],[3.05513,44.43871]]]}},{"type":"Feature","id":"fr-commune-12056","properties":{"id":"fr-commune-12056","name":"Baraqueville","kind":"commune","center":[2.4527,44.2824],"code":"12056","department":"12"},"bbox":[2.3955,44.23046,2.50994,44.33438],"geometry":{"type":"Polygon","coordinates":[[[2.42728,44.23046],[2.42591,44.23115],[2.42469,44.23236],[2.42474,44.23421],[2.42334,44.23503],[2.42082,44.23728],[2.42118,44.23985],[2.41894,44.24164],[2.41838,44.24294],[2.41888,44.24468],[2.41745,44.24669],[2.41753,44.25207],[2.41595,44.25369],[2.41571,44.25499],[2.41346,44.25639],[2.41119,44.25615],[2.41058,44.25454],[2.4086,44.25287],[2.40353,44.25325],[2.40331,44.25432],[2.40419,44.25581],[2.40413,44.25973],[2.4015,44.26121],[2.39882,44.26243],[2.39867,44.26318],[2.39935,44.26336],[2.40057,44.26501],[2.40095,44.26687],[2.40171,44.26806],[2.40674,44.27001],[2.40887,44.26945],[2.4119,44.27129],[2.41138,44.27179],[2.41211,44.27389],[2.41084,44.27454],[2.41125,44.27638],[2.40883,44.27742],[2.40657,44.28024],[2.40445,44.27871],[2.40371,44.27858],[2.40338,44.27643],[2.40106,44.27818],[2.39982,44.27977],[2.3955,44.28301],[2.39795,44.28466],[2.3995,44.28605],[2.39946,44.2883],[2.40036,44.29005],[2.40017,44.29168],[2.40461,44.29194],[2.40681,44.29145],[2.41148,44.29157],[2.41369,44.29034],[2.4166,44.28925],[2.41832,44.28789],[2.42136,44.28754],[2.42453,44.28758],[2.42978,44.28696],[2.43167,44.2878],[2.43321,44.28806],[2.43668,44.28945],[2.43757,44.29057],[2.43751,44.2916],[2.43832,44.29291],[2.44012,44.29434],[2.4433,44.29424],[2.44601,44.2945],[2.44965,44.29363],[2.45154,44.29274],[2.45269,44.29288],[2.45636,44.29466],[2.45661,44.29567],[2.45881,44.29634],[2.45915,44.29685],[2.46293,44.29874],[2.46384,44.2997],[2.46387,44.30174],[2.46473,44.30253],[2.46716,44.30243],[2.46906,44.30432],[2.46983,44.3056],[2.47228,44.30522],[2.47546,44.30547],[2.47653,44.30643],[2.47649,44.30736],[2.47768,44.30768],[2.47802,44.30878],[2.47947,44.30926],[2.47869,44.31064],[2.47973,44.31202],[2.47829,44.31478],[2.47606,44.31641],[2.47234,44.3173],[2.47078,44.31744],[2.47047,44.32064],[2.47058,44.3223],[2.4722,44.3238],[2.47246,44.32473],[2.4749,44.32691],[2.47614,44.32742],[2.47783,44.32943],[2.47676,44.32955],[2.47655,44.33109],[2.47819,44.33175],[2.47834,44.33309],[2.48067,44.33438],[2.48061,44.33273],[2.48194,44.33217],[2.48603,44.33127],[2.48965,44.33009],[2.49172,44.33034],[2.493,44.33176],[2.49589,44.33015],[2.49758,44.32853],[2.49744,44.32735],[2.5005,44.32553],[2.50122,44.32442],[2.4999,44.32304],[2.50091,44.32184],[2.50229,44.32126],[2.50318,44.31961],[2.50428,44.31927],[2.50548,44.31814],[2.50754,44.31712],[2.50703,44.31592],[2.50994,44.31565],[2.50887,44.31372],[2.50665,44.31371],[2.50424,44.31332],[2.5031,44.31379],[2.50089,44.31113],[2.49858,44.31],[2.49886,44.30937],[2.49512,44.308],[2.4959,44.30683],[2.4922,44.30651],[2.49122,44.30307],[2.49078,44.30064],[2.49316,44.29946],[2.49272,44.29829],[2.49629,44.29698],[2.49709,44.29424],[2.49797,44.2941],[2.49821,44.2924],[2.49739,44.29082],[2.49911,44.29002],[2.49845,44.28888],[2.49796,44.28651],[2.48982,44.28676],[2.48545,44.286],[2.48351,44.28293],[2.48498,44.28183],[2.48402,44.2808],[2.48452,44.27976],[2.48221,44.27954],[2.48064,44.2804],[2.47912,44.27927],[2.47864,44.28067],[2.47664,44.28099],[2.47494,44.28275],[2.47137,44.28086],[2.46994,44.28163],[2.45853,44.27643],[2.45688,44.27608],[2.44614,44.27699],[2.4474,44.27466],[2.44742,44.27274],[2.44791,44.26829],[2.44836,44.26712],[2.44817,44.26446],[2.44945,44.26334],[2.44967,44.26233],[2.44866,44.26144],[2.44695,44.25949],[2.44658,44.25687],[2.44526,44.25564],[2.44509,44.2544],[2.4456,44.25248],[2.44481,44.25151],[2.44571,44.25091],[2.44507,44.24789],[2.44416,44.24655],[2.44405,44.24442],[2.44521,44.24261],[2.44484,44.2416],[2.44585,44.24047],[2.44634,44.2391],[2.44729,44.23901],[2.44941,44.23701],[2.44922,44.23532],[2.44998,44.23434],[2.44809,44.23383],[2.4457,44.2344],[2.4432,44.23433],[2.43946,44.23542],[2.43814,44.23529],[2.43619,44.23441],[2.43647,44.23318],[2.43338,44.23311],[2.42864,44.23159],[2.42728,44.23046]]]}},{"type":"Feature","id":"fr-commune-12057","properties":{"id":"fr-commune-12057","name":"Cassagnes-Bégonhès","kind":"commune","center":[2.5175,44.1738],"code":"12057","department":"12"},"bbox":[2.47658,44.13604,2.55834,44.21137],"geometry":{"type":"Polygon","coordinates":[[[2.48319,44.14862],[2.485,44.1494],[2.48491,44.15044],[2.48608,44.15216],[2.48798,44.15354],[2.4883,44.15465],[2.48978,44.15456],[2.49027,44.15692],[2.48984,44.15797],[2.4908,44.15842],[2.49361,44.15847],[2.49361,44.16113],[2.49507,44.16205],[2.49713,44.16212],[2.49561,44.1638],[2.49618,44.16449],[2.49515,44.16577],[2.49145,44.16714],[2.49096,44.16766],[2.484,44.16987],[2.47658,44.18118],[2.48,44.18121],[2.48242,44.1808],[2.49009,44.1775],[2.49104,44.18005],[2.49056,44.18107],[2.49103,44.18407],[2.48828,44.18481],[2.48551,44.1848],[2.48345,44.1856],[2.48234,44.18685],[2.48119,44.18737],[2.48068,44.18911],[2.4814,44.19054],[2.48082,44.19247],[2.48,44.19334],[2.47897,44.19565],[2.48036,44.19727],[2.48004,44.19892],[2.48141,44.19924],[2.48169,44.20002],[2.48043,44.20065],[2.48079,44.20142],[2.48408,44.20401],[2.48766,44.20385],[2.48761,44.20502],[2.48634,44.20739],[2.48851,44.20818],[2.49104,44.20803],[2.49277,44.20857],[2.49429,44.21044],[2.49643,44.21109],[2.50085,44.20963],[2.50136,44.20852],[2.50081,44.2075],[2.49851,44.20615],[2.49525,44.20503],[2.49538,44.20365],[2.49843,44.20391],[2.50197,44.2035],[2.50337,44.20601],[2.50353,44.20784],[2.50611,44.21111],[2.50844,44.21137],[2.51205,44.21041],[2.51277,44.2098],[2.51309,44.20799],[2.51274,44.20678],[2.51159,44.20617],[2.51222,44.20462],[2.51416,44.20444],[2.5157,44.20626],[2.5194,44.20754],[2.52088,44.20854],[2.52159,44.20971],[2.52296,44.21076],[2.52414,44.20946],[2.52319,44.20721],[2.52211,44.20602],[2.52042,44.20336],[2.52001,44.20163],[2.52122,44.2009],[2.52271,44.20128],[2.52837,44.20431],[2.52751,44.20621],[2.52925,44.20719],[2.53067,44.20691],[2.53186,44.20735],[2.53337,44.21116],[2.53518,44.21091],[2.53621,44.21009],[2.53918,44.20921],[2.54084,44.20933],[2.54238,44.2085],[2.5425,44.20776],[2.54527,44.20556],[2.54784,44.20579],[2.54728,44.20413],[2.54924,44.20227],[2.54883,44.20061],[2.54954,44.19977],[2.54726,44.19907],[2.54519,44.1975],[2.54321,44.19647],[2.54464,44.19406],[2.54192,44.19214],[2.5392,44.18928],[2.53257,44.18729],[2.52947,44.18536],[2.52593,44.18407],[2.52707,44.18339],[2.53113,44.18258],[2.53312,44.1815],[2.53436,44.18188],[2.5352,44.18345],[2.53454,44.18441],[2.5359,44.18505],[2.53793,44.18203],[2.53749,44.18104],[2.54019,44.17986],[2.54075,44.18139],[2.53987,44.18335],[2.54469,44.18287],[2.54588,44.18093],[2.54682,44.18061],[2.54701,44.17887],[2.54756,44.17836],[2.54673,44.17653],[2.54898,44.17566],[2.54528,44.17238],[2.54446,44.16933],[2.54366,44.16839],[2.54603,44.16795],[2.5466,44.16728],[2.55003,44.16674],[2.55074,44.16584],[2.55344,44.1655],[2.55287,44.16257],[2.55392,44.16075],[2.55544,44.15906],[2.55736,44.15728],[2.55834,44.15693],[2.55298,44.15421],[2.5501,44.15347],[2.54874,44.1539],[2.54712,44.15359],[2.54499,44.152],[2.5433,44.15236],[2.54016,44.15205],[2.53784,44.15531],[2.53808,44.15627],[2.53643,44.15718],[2.53478,44.1572],[2.53406,44.15794],[2.53081,44.15757],[2.52832,44.15838],[2.527,44.15913],[2.52577,44.15889],[2.52624,44.15662],[2.52754,44.15452],[2.52663,44.15185],[2.52547,44.14992],[2.52327,44.14911],[2.52032,44.14983],[2.51712,44.14992],[2.51356,44.14952],[2.51269,44.14988],[2.51103,44.14927],[2.50938,44.14931],[2.50712,44.14835],[2.50628,44.14899],[2.50324,44.14878],[2.50092,44.14915],[2.49867,44.1492],[2.49727,44.14887],[2.49606,44.14704],[2.494,44.14764],[2.49319,44.14709],[2.49175,44.14866],[2.48994,44.14966],[2.48847,44.14926],[2.4892,44.14774],[2.48933,44.14613],[2.48849,44.14511],[2.48546,44.14388],[2.48525,44.14165],[2.48731,44.13976],[2.48743,44.13877],[2.48532,44.13604],[2.48352,44.13704],[2.48141,44.13941],[2.48275,44.14139],[2.48283,44.143],[2.48203,44.14404],[2.48189,44.1461],[2.48319,44.14862]]]}},{"type":"Feature","id":"fr-commune-12058","properties":{"id":"fr-commune-12058","name":"Cassuéjouls","kind":"commune","center":[2.811,44.7233],"code":"12058","department":"12"},"bbox":[2.77391,44.70088,2.84788,44.74581],"geometry":{"type":"Polygon","coordinates":[[[2.84002,44.72591],[2.83889,44.72482],[2.83397,44.72235],[2.83086,44.72153],[2.82906,44.72053],[2.8273,44.71885],[2.82624,44.71666],[2.82551,44.71621],[2.82196,44.71565],[2.81213,44.71328],[2.81019,44.71254],[2.80673,44.71274],[2.80351,44.71229],[2.80118,44.7115],[2.79935,44.70877],[2.7965,44.70668],[2.79442,44.7063],[2.79229,44.7043],[2.79335,44.70235],[2.79211,44.70229],[2.79086,44.70088],[2.78993,44.70115],[2.78945,44.70231],[2.78403,44.70279],[2.78114,44.70661],[2.779,44.70757],[2.77749,44.70729],[2.77564,44.7094],[2.77461,44.70983],[2.77391,44.71176],[2.77734,44.71335],[2.78054,44.71123],[2.78155,44.71114],[2.78232,44.71339],[2.78163,44.71457],[2.7819,44.71547],[2.78115,44.71668],[2.78131,44.71775],[2.78686,44.71921],[2.78689,44.72057],[2.78592,44.72125],[2.7855,44.72381],[2.7874,44.72381],[2.78852,44.72625],[2.79118,44.72641],[2.79422,44.72522],[2.79712,44.72553],[2.79982,44.72478],[2.80172,44.72538],[2.80465,44.72515],[2.80576,44.72626],[2.80793,44.72701],[2.8079,44.72798],[2.81034,44.73145],[2.81156,44.73142],[2.81279,44.73264],[2.81669,44.7331],[2.81922,44.73398],[2.82005,44.73611],[2.81975,44.73755],[2.82054,44.73862],[2.8206,44.73983],[2.81939,44.74197],[2.81939,44.74581],[2.82109,44.74492],[2.82547,44.74037],[2.8262,44.73877],[2.82935,44.73706],[2.83328,44.7372],[2.83432,44.73745],[2.83512,44.74082],[2.83743,44.7427],[2.84133,44.74248],[2.84758,44.74279],[2.84788,44.74079],[2.84666,44.73832],[2.84641,44.73712],[2.84492,44.73397],[2.84385,44.73342],[2.83854,44.73176],[2.83977,44.73075],[2.83994,44.72877],[2.8429,44.7279],[2.84002,44.72591]]]}},{"type":"Feature","id":"fr-commune-12059","properties":{"id":"fr-commune-12059","name":"Castanet","kind":"commune","center":[2.3085,44.2882],"code":"12059","department":"12"},"bbox":[2.25461,44.25571,2.3623,44.32104],"geometry":{"type":"Polygon","coordinates":[[[2.356,44.31553],[2.35411,44.31347],[2.35355,44.31136],[2.35358,44.30944],[2.34957,44.30774],[2.34895,44.30594],[2.34804,44.30503],[2.34847,44.30244],[2.34776,44.3012],[2.3495,44.29908],[2.3488,44.29798],[2.35007,44.2949],[2.35128,44.29292],[2.35098,44.29197],[2.35256,44.29026],[2.35249,44.28872],[2.35167,44.28752],[2.35331,44.28684],[2.35462,44.28712],[2.35506,44.28597],[2.3569,44.28409],[2.3584,44.28304],[2.35774,44.28213],[2.35807,44.28103],[2.35933,44.27992],[2.36093,44.27996],[2.36154,44.27923],[2.36158,44.27765],[2.3623,44.27685],[2.36038,44.27541],[2.36053,44.27454],[2.35777,44.27378],[2.35748,44.27229],[2.35437,44.27271],[2.35325,44.27112],[2.35108,44.27001],[2.35086,44.269],[2.34981,44.26817],[2.34833,44.26903],[2.34708,44.27054],[2.34785,44.27256],[2.34797,44.27402],[2.34916,44.27571],[2.34897,44.27802],[2.34725,44.28],[2.34329,44.2809],[2.34299,44.28323],[2.34347,44.28465],[2.34057,44.28584],[2.33726,44.28587],[2.33589,44.28527],[2.33231,44.28497],[2.33003,44.28615],[2.32668,44.28624],[2.32407,44.28714],[2.3223,44.28718],[2.31932,44.28677],[2.31672,44.28826],[2.31644,44.28902],[2.31293,44.29067],[2.31277,44.28998],[2.31372,44.28842],[2.31212,44.28709],[2.31315,44.28628],[2.31264,44.28544],[2.31051,44.28421],[2.31046,44.28297],[2.31228,44.28074],[2.31133,44.27976],[2.30999,44.27969],[2.30995,44.27718],[2.31131,44.27568],[2.31041,44.27437],[2.31077,44.27293],[2.30881,44.27309],[2.30841,44.27161],[2.3074,44.27059],[2.3074,44.2691],[2.30529,44.26746],[2.30553,44.26576],[2.30402,44.26523],[2.30354,44.26349],[2.30175,44.26082],[2.30275,44.25931],[2.30156,44.25629],[2.29909,44.25586],[2.29581,44.25713],[2.2942,44.25974],[2.29269,44.25874],[2.29217,44.2572],[2.29322,44.25655],[2.29236,44.25571],[2.29037,44.25726],[2.28944,44.25931],[2.28817,44.2609],[2.28712,44.26098],[2.28448,44.26029],[2.28277,44.2604],[2.28184,44.26119],[2.28225,44.26212],[2.28439,44.26242],[2.28381,44.26342],[2.28242,44.26366],[2.28255,44.26508],[2.28391,44.26518],[2.28361,44.26685],[2.282,44.26886],[2.28171,44.27225],[2.27963,44.27369],[2.28214,44.27446],[2.28043,44.27543],[2.2795,44.27827],[2.27634,44.27919],[2.27454,44.27894],[2.27141,44.27962],[2.26961,44.27946],[2.26953,44.28171],[2.26783,44.28211],[2.2665,44.28321],[2.26347,44.28389],[2.26239,44.28542],[2.26128,44.28572],[2.25935,44.28769],[2.25741,44.2872],[2.2553,44.28746],[2.25536,44.28929],[2.25461,44.29187],[2.25478,44.29285],[2.25599,44.29369],[2.25595,44.29528],[2.25736,44.29674],[2.25934,44.29721],[2.26129,44.29891],[2.26276,44.29954],[2.26421,44.30135],[2.26458,44.3034],[2.26724,44.30364],[2.26995,44.30614],[2.27085,44.30801],[2.27227,44.30841],[2.27424,44.30811],[2.27738,44.30623],[2.28078,44.30646],[2.28473,44.30911],[2.28579,44.30935],[2.28923,44.30892],[2.29262,44.30935],[2.29335,44.30974],[2.29618,44.31242],[2.29797,44.31328],[2.30558,44.31552],[2.32713,44.3168],[2.32846,44.3172],[2.33382,44.32051],[2.3356,44.32104],[2.33907,44.32068],[2.34075,44.32],[2.34285,44.31862],[2.34488,44.31683],[2.34784,44.31593],[2.356,44.31553]]]}},{"type":"Feature","id":"fr-commune-12060","properties":{"id":"fr-commune-12060","name":"Castelmary","kind":"commune","center":[2.2389,44.1732],"code":"12060","department":"12"},"bbox":[2.20435,44.15367,2.27351,44.19269],"geometry":{"type":"Polygon","coordinates":[[[2.23758,44.15875],[2.2362,44.161],[2.23552,44.16385],[2.23144,44.16203],[2.22988,44.1619],[2.22719,44.1638],[2.22484,44.16608],[2.22496,44.1682],[2.22161,44.1679],[2.21528,44.16864],[2.21318,44.1699],[2.21147,44.16976],[2.21018,44.17044],[2.20647,44.17138],[2.2053,44.17067],[2.20437,44.17173],[2.20435,44.17364],[2.20559,44.17558],[2.2101,44.17479],[2.21163,44.17478],[2.21392,44.17679],[2.21305,44.17814],[2.21717,44.17776],[2.21843,44.17634],[2.21918,44.17753],[2.21804,44.17968],[2.21937,44.18101],[2.22083,44.18067],[2.22286,44.18116],[2.22286,44.17876],[2.22363,44.17847],[2.22639,44.18011],[2.2289,44.1803],[2.23049,44.18161],[2.22959,44.18276],[2.23065,44.18323],[2.2328,44.18316],[2.23531,44.18504],[2.23661,44.18272],[2.23766,44.18289],[2.23933,44.18454],[2.24125,44.1844],[2.24378,44.18236],[2.24508,44.1828],[2.2451,44.18429],[2.24565,44.18554],[2.24674,44.18513],[2.24697,44.18413],[2.24884,44.18508],[2.24884,44.18638],[2.2482,44.18768],[2.25032,44.18732],[2.25432,44.19153],[2.25659,44.19025],[2.25888,44.19023],[2.26008,44.19227],[2.26285,44.19269],[2.2647,44.19062],[2.2662,44.19078],[2.2662,44.18956],[2.26726,44.18731],[2.2691,44.18537],[2.26408,44.18448],[2.26721,44.18317],[2.26491,44.18143],[2.26406,44.18136],[2.26134,44.18007],[2.25973,44.17979],[2.26225,44.17723],[2.26671,44.17775],[2.26684,44.17692],[2.26586,44.17595],[2.26606,44.17409],[2.26763,44.17285],[2.26615,44.17169],[2.26675,44.17043],[2.26827,44.16987],[2.27043,44.16821],[2.27091,44.16712],[2.27351,44.16496],[2.27099,44.16143],[2.26708,44.16203],[2.2653,44.16134],[2.26617,44.15946],[2.26239,44.15863],[2.26237,44.15697],[2.26123,44.15459],[2.25893,44.15444],[2.25369,44.15367],[2.24893,44.15539],[2.24862,44.15769],[2.24816,44.15837],[2.24659,44.15844],[2.2444,44.15922],[2.24353,44.15834],[2.2417,44.1588],[2.24101,44.15843],[2.23875,44.15945],[2.23758,44.15875]]]}},{"type":"Feature","id":"fr-commune-12061","properties":{"id":"fr-commune-12061","name":"Castelnau-de-Mandailles","kind":"commune","center":[2.8906,44.5309],"code":"12061","department":"12"},"bbox":[2.84662,44.48796,2.9347,44.57394],"geometry":{"type":"Polygon","coordinates":[[[2.85216,44.508],[2.84995,44.50817],[2.84854,44.50971],[2.84851,44.51042],[2.85066,44.51166],[2.85215,44.51348],[2.85121,44.51606],[2.85217,44.51757],[2.85365,44.51786],[2.85528,44.5196],[2.85498,44.52023],[2.85736,44.52344],[2.85713,44.52459],[2.85519,44.52515],[2.85377,44.52514],[2.85482,44.52665],[2.85364,44.52683],[2.85335,44.52847],[2.85173,44.53112],[2.85236,44.53224],[2.85405,44.53305],[2.85218,44.53406],[2.84998,44.53324],[2.84922,44.53425],[2.85046,44.5362],[2.85291,44.53826],[2.8532,44.53931],[2.85552,44.54184],[2.85434,44.54295],[2.85265,44.54332],[2.85063,44.54274],[2.84838,44.54288],[2.84786,44.54443],[2.84662,44.54587],[2.8486,44.54808],[2.85002,44.5487],[2.85215,44.54857],[2.85289,44.54924],[2.85292,44.55109],[2.85487,44.55072],[2.85536,44.55176],[2.85545,44.5527],[2.85471,44.55427],[2.85656,44.55543],[2.85604,44.55753],[2.85844,44.55806],[2.86176,44.55964],[2.86256,44.56136],[2.86749,44.56275],[2.86864,44.56536],[2.86798,44.56625],[2.87046,44.56774],[2.8703,44.56884],[2.87138,44.56917],[2.87594,44.56827],[2.87843,44.56807],[2.87998,44.56724],[2.88176,44.56872],[2.88348,44.5718],[2.88529,44.57146],[2.88565,44.57046],[2.8886,44.57206],[2.88968,44.57197],[2.89127,44.57394],[2.89407,44.57385],[2.89529,44.57342],[2.89663,44.57211],[2.89916,44.57227],[2.90106,44.5716],[2.90458,44.5716],[2.90659,44.57073],[2.90683,44.56919],[2.90471,44.56893],[2.8997,44.56726],[2.89979,44.56357],[2.9028,44.55974],[2.90354,44.55953],[2.90274,44.55768],[2.9028,44.55533],[2.90119,44.5538],[2.9052,44.55113],[2.9069,44.55053],[2.90758,44.5494],[2.90939,44.54795],[2.91302,44.54689],[2.91636,44.5462],[2.91792,44.54507],[2.91724,44.54247],[2.91807,44.54088],[2.91571,44.53833],[2.9152,44.53708],[2.91365,44.53592],[2.91361,44.53462],[2.91278,44.53402],[2.9117,44.53353],[2.90926,44.53346],[2.90784,44.53186],[2.90619,44.53129],[2.9074,44.52918],[2.9094,44.5274],[2.90988,44.52585],[2.90957,44.52447],[2.91202,44.52225],[2.91487,44.52179],[2.91447,44.52002],[2.9159,44.51867],[2.91698,44.51929],[2.91968,44.51905],[2.9199,44.5168],[2.92153,44.51648],[2.92361,44.51665],[2.92463,44.51844],[2.92452,44.51962],[2.92766,44.51879],[2.92815,44.51797],[2.9306,44.51692],[2.92933,44.51545],[2.9297,44.51473],[2.93133,44.51413],[2.93182,44.51319],[2.93396,44.51336],[2.9347,44.51245],[2.93193,44.51197],[2.93009,44.50969],[2.92697,44.50656],[2.92573,44.50179],[2.92653,44.50025],[2.92483,44.49837],[2.92441,44.49739],[2.92158,44.49632],[2.92182,44.49482],[2.92004,44.49406],[2.92087,44.49188],[2.92058,44.49044],[2.92128,44.48974],[2.91742,44.48796],[2.91502,44.48804],[2.91215,44.48894],[2.91039,44.48991],[2.90937,44.49215],[2.90928,44.49409],[2.90868,44.49541],[2.90706,44.49633],[2.90593,44.49748],[2.90549,44.49905],[2.90574,44.50011],[2.90752,44.50174],[2.90805,44.50274],[2.90763,44.5037],[2.90599,44.50431],[2.90206,44.50489],[2.89868,44.50347],[2.89795,44.50256],[2.8979,44.50047],[2.89652,44.49882],[2.89584,44.49709],[2.89481,44.49609],[2.89209,44.49477],[2.88969,44.49481],[2.88868,44.4955],[2.88821,44.49791],[2.88869,44.50016],[2.88815,44.50117],[2.88602,44.50247],[2.88462,44.5043],[2.8827,44.50448],[2.88122,44.50353],[2.87859,44.50383],[2.87814,44.50498],[2.87933,44.50666],[2.87836,44.50901],[2.87441,44.51111],[2.87148,44.51151],[2.87039,44.51006],[2.87212,44.50796],[2.87381,44.50654],[2.87399,44.50479],[2.87319,44.50363],[2.87062,44.50275],[2.86906,44.50263],[2.86712,44.50356],[2.86657,44.50432],[2.86625,44.50673],[2.86378,44.50925],[2.86034,44.50912],[2.85931,44.50951],[2.85703,44.50938],[2.85478,44.50857],[2.85216,44.508]]]}},{"type":"Feature","id":"fr-commune-12062","properties":{"id":"fr-commune-12062","name":"Castelnau-Pégayrols","kind":"commune","center":[2.9304,44.1456],"code":"12062","department":"12"},"bbox":[2.84529,44.10484,3.01553,44.18628],"geometry":{"type":"Polygon","coordinates":[[[2.95748,44.10843],[2.9515,44.10841],[2.94882,44.10929],[2.94703,44.1111],[2.94274,44.11328],[2.93742,44.11166],[2.93565,44.11235],[2.93399,44.11221],[2.93252,44.11356],[2.92851,44.1141],[2.92702,44.11454],[2.92596,44.11422],[2.92457,44.11506],[2.92206,44.11433],[2.91841,44.11527],[2.91597,44.11465],[2.91193,44.11399],[2.90857,44.11468],[2.907,44.11542],[2.90785,44.11674],[2.90718,44.11827],[2.90537,44.11951],[2.90373,44.11957],[2.90233,44.12015],[2.9003,44.12376],[2.89961,44.12335],[2.89577,44.12632],[2.895,44.12513],[2.89164,44.12768],[2.88855,44.12961],[2.88686,44.12994],[2.88517,44.12918],[2.878,44.12648],[2.87597,44.12753],[2.87291,44.12661],[2.8709,44.12778],[2.86853,44.12823],[2.86666,44.12795],[2.86506,44.12716],[2.86294,44.12468],[2.85834,44.12726],[2.85571,44.12815],[2.85323,44.12931],[2.85101,44.12985],[2.85003,44.13133],[2.84842,44.13209],[2.84582,44.13245],[2.84529,44.13441],[2.84664,44.13579],[2.84737,44.13438],[2.84874,44.133],[2.85012,44.13238],[2.8521,44.13225],[2.8537,44.13284],[2.8573,44.13197],[2.85966,44.13293],[2.86142,44.13478],[2.86368,44.13635],[2.86438,44.13776],[2.862,44.13923],[2.86149,44.14117],[2.86387,44.14159],[2.86716,44.14159],[2.87171,44.14414],[2.87016,44.14508],[2.87045,44.14613],[2.87382,44.14779],[2.87501,44.14752],[2.87813,44.14879],[2.88014,44.14986],[2.87675,44.15204],[2.87182,44.15569],[2.87484,44.15842],[2.87526,44.15942],[2.87819,44.15878],[2.87953,44.15942],[2.88382,44.15921],[2.88267,44.16349],[2.88277,44.16396],[2.87848,44.16778],[2.87855,44.16855],[2.8797,44.16981],[2.88269,44.17144],[2.88194,44.17328],[2.88264,44.17557],[2.88419,44.17736],[2.8845,44.17923],[2.88559,44.18088],[2.88748,44.18206],[2.88749,44.18335],[2.88927,44.18407],[2.89058,44.18628],[2.90142,44.18284],[2.9056,44.18062],[2.91225,44.17853],[2.91427,44.17929],[2.91801,44.17736],[2.92174,44.17604],[2.92304,44.1746],[2.92398,44.17425],[2.92457,44.17309],[2.92809,44.17108],[2.92956,44.16898],[2.93032,44.16904],[2.93347,44.16792],[2.93834,44.1654],[2.9392,44.16367],[2.9408,44.16233],[2.94356,44.16182],[2.94366,44.16124],[2.94239,44.15914],[2.94,44.15744],[2.94251,44.15569],[2.94463,44.15543],[2.94672,44.1539],[2.94852,44.15335],[2.95354,44.15028],[2.95482,44.14983],[2.95451,44.1483],[2.95507,44.14576],[2.9575,44.14331],[2.9608,44.14278],[2.96415,44.14069],[2.96464,44.13948],[2.97114,44.13884],[2.97298,44.13894],[2.97579,44.13967],[2.98142,44.13953],[2.98537,44.1407],[2.9921,44.1436],[2.99425,44.1433],[2.99769,44.14235],[3.00151,44.14648],[3.00279,44.14845],[3.0041,44.14917],[3.00617,44.15158],[3.00776,44.15217],[3.01052,44.14768],[3.0122,44.14556],[3.01553,44.14207],[3.01232,44.14043],[3.0084,44.14027],[3.00668,44.14074],[3.00417,44.13859],[2.99931,44.13384],[2.99697,44.1313],[2.99376,44.12865],[2.99152,44.1275],[2.99145,44.12448],[2.99066,44.12013],[2.99141,44.11757],[2.99283,44.11557],[2.99428,44.11289],[2.99538,44.11253],[2.99817,44.1129],[2.99847,44.11238],[2.9962,44.1116],[2.99433,44.11014],[2.99178,44.11005],[2.99028,44.11056],[2.98737,44.1106],[2.98419,44.11031],[2.97921,44.11202],[2.97664,44.11165],[2.97383,44.1119],[2.97278,44.11114],[2.97466,44.10736],[2.97331,44.10655],[2.97076,44.10633],[2.96954,44.10487],[2.96314,44.10484],[2.96173,44.10553],[2.95992,44.10822],[2.95903,44.11027],[2.95735,44.1092],[2.95748,44.10843]]]}},{"type":"Feature","id":"fr-commune-12063","properties":{"id":"fr-commune-12063","name":"La Cavalerie","kind":"commune","center":[3.1746,44.0148],"code":"12063","department":"12"},"bbox":[3.12092,43.97787,3.22833,44.05176],"geometry":{"type":"Polygon","coordinates":[[[3.12582,44.02822],[3.12912,44.02725],[3.1324,44.02556],[3.13812,44.02359],[3.14254,44.02259],[3.14517,44.02332],[3.14564,44.02017],[3.14803,44.01884],[3.15011,44.02049],[3.15248,44.02079],[3.15467,44.0215],[3.15605,44.02077],[3.1585,44.01813],[3.16186,44.0165],[3.16356,44.01738],[3.16288,44.01955],[3.16252,44.0244],[3.16405,44.02586],[3.16599,44.02676],[3.16658,44.02828],[3.16944,44.02923],[3.17046,44.03069],[3.17483,44.03503],[3.1761,44.03655],[3.17977,44.04012],[3.18438,44.04396],[3.18455,44.04702],[3.18433,44.05176],[3.18704,44.0511],[3.1949,44.04831],[3.19608,44.0474],[3.20069,44.04499],[3.20349,44.0437],[3.20859,44.04066],[3.20981,44.04045],[3.21475,44.03844],[3.22059,44.03662],[3.22218,44.0365],[3.22826,44.03719],[3.22833,44.03612],[3.2272,44.0337],[3.22592,44.03184],[3.2266,44.02833],[3.22645,44.02635],[3.22579,44.02545],[3.22536,44.02217],[3.2254,44.0197],[3.2245,44.01838],[3.22492,44.01749],[3.22663,44.01597],[3.22782,44.00371],[3.227,43.99989],[3.22686,43.99646],[3.22651,43.99482],[3.22653,43.99188],[3.22745,43.98697],[3.22661,43.98686],[3.22198,43.98791],[3.21922,43.98753],[3.21639,43.98538],[3.21339,43.98092],[3.21253,43.98013],[3.20609,43.98],[3.20381,43.98184],[3.20323,43.98109],[3.19865,43.98129],[3.19704,43.98281],[3.19389,43.98397],[3.19085,43.98632],[3.1888,43.99076],[3.18765,43.99368],[3.18699,43.99624],[3.17846,43.99207],[3.17559,43.99146],[3.17641,43.98789],[3.17714,43.98374],[3.17988,43.97899],[3.17833,43.97812],[3.17533,43.97787],[3.17373,43.97846],[3.17197,43.97834],[3.17029,43.97916],[3.16813,43.97972],[3.16734,43.98126],[3.16578,43.98196],[3.16493,43.98297],[3.16103,43.98575],[3.15758,43.988],[3.1556,43.99061],[3.15202,43.99207],[3.15023,43.99327],[3.14858,43.99385],[3.14114,43.99572],[3.13734,43.99704],[3.13916,43.99818],[3.13905,43.9997],[3.13444,44.00012],[3.13258,44.00202],[3.13153,44.00136],[3.12922,44.00328],[3.12727,44.00559],[3.1264,44.00508],[3.12417,44.0074],[3.12388,44.00848],[3.12496,44.00893],[3.12187,44.01209],[3.12092,44.0141],[3.12368,44.02081],[3.12403,44.0236],[3.12582,44.02822]]]}},{"type":"Feature","id":"fr-commune-12064","properties":{"id":"fr-commune-12064","name":"Le Cayrol","kind":"commune","center":[2.7865,44.5866],"code":"12064","department":"12"},"bbox":[2.74872,44.55454,2.82423,44.6187],"geometry":{"type":"Polygon","coordinates":[[[2.75092,44.59498],[2.75277,44.59545],[2.75344,44.5982],[2.75762,44.60181],[2.75955,44.60194],[2.76072,44.60339],[2.76041,44.60423],[2.76296,44.60603],[2.76458,44.60592],[2.7666,44.60762],[2.76826,44.60674],[2.76973,44.60833],[2.77146,44.60816],[2.77262,44.61032],[2.77401,44.61005],[2.77464,44.61079],[2.77707,44.61076],[2.77978,44.60915],[2.78089,44.60915],[2.78221,44.60787],[2.7839,44.60698],[2.78642,44.60715],[2.78807,44.60814],[2.79153,44.60751],[2.79383,44.6083],[2.79452,44.61093],[2.79649,44.61273],[2.79714,44.61496],[2.79424,44.61652],[2.79701,44.6187],[2.79853,44.61762],[2.8008,44.61802],[2.80288,44.61696],[2.80494,44.61527],[2.80226,44.61468],[2.80421,44.61241],[2.80342,44.61165],[2.80404,44.61075],[2.8059,44.61034],[2.80565,44.60927],[2.80414,44.60803],[2.7997,44.60645],[2.79559,44.60606],[2.79665,44.604],[2.7966,44.60309],[2.79554,44.60107],[2.79676,44.596],[2.80008,44.59622],[2.80381,44.59759],[2.80535,44.59681],[2.80681,44.59519],[2.80834,44.59528],[2.81274,44.59439],[2.81727,44.59301],[2.81859,44.59089],[2.81879,44.58956],[2.82043,44.58939],[2.82017,44.58738],[2.81861,44.58673],[2.82215,44.585],[2.82326,44.58406],[2.82186,44.58324],[2.82378,44.58216],[2.82423,44.57948],[2.8214,44.58047],[2.81894,44.58021],[2.81887,44.5791],[2.81752,44.57832],[2.8169,44.57712],[2.81577,44.57673],[2.81321,44.5767],[2.8129,44.57558],[2.81151,44.57479],[2.81002,44.57304],[2.80852,44.57251],[2.80766,44.57008],[2.8054,44.56915],[2.80304,44.56966],[2.80177,44.56958],[2.79967,44.56832],[2.79963,44.56724],[2.7986,44.56626],[2.79885,44.56495],[2.79796,44.5632],[2.79653,44.56239],[2.79462,44.5604],[2.79244,44.56036],[2.79233,44.56305],[2.78949,44.56123],[2.78772,44.55865],[2.7867,44.55844],[2.78369,44.55694],[2.78129,44.5576],[2.77855,44.55628],[2.77719,44.55656],[2.77641,44.55565],[2.77432,44.55575],[2.77414,44.55462],[2.77257,44.55454],[2.77352,44.55633],[2.77328,44.55692],[2.77487,44.55965],[2.77489,44.56163],[2.77414,44.56479],[2.77561,44.56706],[2.77209,44.56607],[2.76954,44.56704],[2.76833,44.56823],[2.76678,44.568],[2.76564,44.56891],[2.76271,44.56919],[2.76072,44.56847],[2.75989,44.57237],[2.75823,44.57301],[2.75676,44.57235],[2.75609,44.57354],[2.75471,44.57355],[2.75409,44.57616],[2.75069,44.57813],[2.75064,44.57899],[2.75197,44.5797],[2.75087,44.5817],[2.74961,44.58317],[2.75099,44.58421],[2.75057,44.58532],[2.75196,44.58665],[2.75084,44.58734],[2.7512,44.58881],[2.75032,44.5901],[2.74872,44.5903],[2.75212,44.59321],[2.75092,44.59498]]]}},{"type":"Feature","id":"fr-commune-12065","properties":{"id":"fr-commune-12065","name":"Centrès","kind":"commune","center":[2.433,44.1715],"code":"12065","department":"12"},"bbox":[2.36878,44.13265,2.49713,44.21039],"geometry":{"type":"Polygon","coordinates":[[[2.48004,44.19892],[2.48036,44.19727],[2.47897,44.19565],[2.48,44.19334],[2.48082,44.19247],[2.4814,44.19054],[2.48068,44.18911],[2.48119,44.18737],[2.48234,44.18685],[2.48345,44.1856],[2.48551,44.1848],[2.48828,44.18481],[2.49103,44.18407],[2.49056,44.18107],[2.49104,44.18005],[2.49009,44.1775],[2.48242,44.1808],[2.48,44.18121],[2.47658,44.18118],[2.484,44.16987],[2.49096,44.16766],[2.49145,44.16714],[2.49515,44.16577],[2.49618,44.16449],[2.49561,44.1638],[2.49713,44.16212],[2.49507,44.16205],[2.49361,44.16113],[2.49361,44.15847],[2.4908,44.15842],[2.48984,44.15797],[2.49027,44.15692],[2.48978,44.15456],[2.4883,44.15465],[2.48798,44.15354],[2.48608,44.15216],[2.48491,44.15044],[2.485,44.1494],[2.48319,44.14862],[2.48275,44.14929],[2.48328,44.15074],[2.48258,44.15207],[2.48049,44.15312],[2.47764,44.15315],[2.47554,44.15385],[2.47495,44.15502],[2.47199,44.15544],[2.47078,44.15456],[2.4705,44.15343],[2.46729,44.15422],[2.46411,44.153],[2.46309,44.15462],[2.4614,44.1549],[2.45946,44.15424],[2.45938,44.1533],[2.4582,44.15212],[2.45665,44.15224],[2.45594,44.15392],[2.45467,44.1544],[2.45161,44.15291],[2.44784,44.15184],[2.44985,44.15089],[2.45253,44.15089],[2.45189,44.1492],[2.44891,44.14973],[2.44814,44.15101],[2.44617,44.15121],[2.44551,44.15045],[2.44663,44.14917],[2.44625,44.14869],[2.44286,44.1496],[2.44102,44.15163],[2.43835,44.15204],[2.43907,44.15],[2.43823,44.14928],[2.43666,44.14995],[2.43553,44.15107],[2.43443,44.15047],[2.43657,44.14909],[2.43658,44.14844],[2.43441,44.14844],[2.43299,44.14789],[2.43502,44.14702],[2.43411,44.1459],[2.43256,44.14615],[2.43269,44.14749],[2.43027,44.14733],[2.42747,44.14813],[2.42361,44.14763],[2.42466,44.14673],[2.42483,44.14457],[2.42382,44.14437],[2.42049,44.14458],[2.42162,44.14301],[2.42283,44.14327],[2.42344,44.14191],[2.41992,44.13958],[2.41893,44.13946],[2.41666,44.13824],[2.4163,44.13744],[2.41214,44.13716],[2.41002,44.1389],[2.4093,44.13988],[2.40717,44.14016],[2.40494,44.13983],[2.40484,44.13848],[2.40382,44.13688],[2.40107,44.13748],[2.40096,44.13935],[2.40176,44.14107],[2.40099,44.14254],[2.39843,44.1418],[2.40025,44.13934],[2.39978,44.13621],[2.39792,44.13611],[2.39567,44.13668],[2.39496,44.13747],[2.39458,44.13908],[2.3924,44.13762],[2.39076,44.13805],[2.39056,44.13695],[2.39285,44.1349],[2.39138,44.13305],[2.39006,44.13265],[2.38924,44.13355],[2.38936,44.13489],[2.38437,44.13584],[2.38368,44.13557],[2.38056,44.1358],[2.37749,44.13557],[2.37528,44.13621],[2.37267,44.13731],[2.36878,44.13809],[2.36959,44.1393],[2.37084,44.1425],[2.37345,44.14351],[2.37577,44.14351],[2.38108,44.14706],[2.38203,44.14728],[2.38392,44.14653],[2.38549,44.14678],[2.38771,44.14827],[2.38794,44.14964],[2.38752,44.15108],[2.38824,44.15315],[2.38786,44.15566],[2.38993,44.15948],[2.39061,44.16227],[2.39135,44.16321],[2.39344,44.16413],[2.3943,44.16527],[2.39486,44.1673],[2.39743,44.1692],[2.3988,44.17068],[2.40011,44.17096],[2.40436,44.16998],[2.40572,44.17012],[2.40657,44.1713],[2.4085,44.16991],[2.40993,44.16955],[2.41162,44.1698],[2.41219,44.16865],[2.41376,44.16866],[2.4144,44.16928],[2.4165,44.16929],[2.41785,44.17145],[2.41913,44.1705],[2.42095,44.17038],[2.42236,44.17091],[2.42455,44.1733],[2.42199,44.17459],[2.42226,44.17548],[2.42515,44.17769],[2.4235,44.17892],[2.4259,44.1811],[2.42625,44.18246],[2.42459,44.18415],[2.42495,44.18464],[2.42851,44.18452],[2.43035,44.18396],[2.43352,44.18587],[2.43709,44.18742],[2.43897,44.18905],[2.4421,44.1908],[2.44326,44.19183],[2.44396,44.19644],[2.44623,44.19797],[2.44896,44.19849],[2.45211,44.19762],[2.45268,44.19919],[2.45073,44.19989],[2.44955,44.20223],[2.44815,44.20351],[2.4492,44.20378],[2.45238,44.20322],[2.45347,44.20408],[2.45546,44.20454],[2.45947,44.20188],[2.46254,44.20182],[2.46336,44.20315],[2.46174,44.20491],[2.46076,44.20714],[2.46327,44.20809],[2.46471,44.2078],[2.46526,44.20706],[2.47066,44.20803],[2.47406,44.21026],[2.47571,44.21039],[2.47727,44.20919],[2.4778,44.20764],[2.47716,44.206],[2.47695,44.20322],[2.47654,44.20306],[2.4766,44.19977],[2.47761,44.1987],[2.48004,44.19892]]]}},{"type":"Feature","id":"fr-commune-12066","properties":{"id":"fr-commune-12066","name":"Clairvaux-d'Aveyron","kind":"commune","center":[2.4021,44.4008],"code":"12066","department":"12"},"bbox":[2.35893,44.3608,2.44527,44.4408],"geometry":{"type":"Polygon","coordinates":[[[2.35893,44.41683],[2.36018,44.41802],[2.363,44.41892],[2.36373,44.42007],[2.36565,44.41958],[2.36733,44.41866],[2.36935,44.41847],[2.3721,44.42017],[2.37409,44.42037],[2.3744,44.42115],[2.37594,44.42192],[2.38054,44.42353],[2.38359,44.42421],[2.38504,44.42484],[2.38728,44.42486],[2.38699,44.42361],[2.38969,44.42309],[2.39308,44.42363],[2.39233,44.42525],[2.39359,44.42637],[2.39315,44.42809],[2.39457,44.42881],[2.39634,44.42769],[2.39841,44.42698],[2.40122,44.42717],[2.4009,44.4285],[2.40302,44.42991],[2.40375,44.43176],[2.40619,44.43132],[2.40504,44.43026],[2.40426,44.42878],[2.40741,44.42837],[2.40797,44.42929],[2.40765,44.43114],[2.40682,44.43208],[2.40873,44.43388],[2.40867,44.43469],[2.41069,44.43523],[2.41188,44.43508],[2.41336,44.43667],[2.41529,44.43606],[2.41542,44.43804],[2.41679,44.43959],[2.41688,44.4408],[2.41872,44.44062],[2.41884,44.43923],[2.41786,44.43709],[2.41825,44.43629],[2.42178,44.43625],[2.42634,44.43481],[2.42863,44.43433],[2.42986,44.43317],[2.43195,44.43251],[2.43133,44.43157],[2.43266,44.43102],[2.43536,44.43062],[2.4364,44.43246],[2.43987,44.43075],[2.44058,44.42805],[2.44209,44.42774],[2.44268,44.42698],[2.44348,44.42608],[2.44527,44.4213],[2.44325,44.42092],[2.44317,44.41923],[2.44034,44.41829],[2.44196,44.41661],[2.43897,44.41486],[2.43909,44.41374],[2.43703,44.41271],[2.43595,44.41005],[2.43615,44.40885],[2.43471,44.40874],[2.43177,44.40707],[2.43051,44.4074],[2.4294,44.40583],[2.42955,44.40173],[2.4298,44.40064],[2.42743,44.39962],[2.42786,44.39859],[2.42733,44.39732],[2.4284,44.39607],[2.4283,44.39504],[2.4301,44.39373],[2.43118,44.38988],[2.43213,44.38866],[2.4292,44.38754],[2.42691,44.38784],[2.42588,44.38752],[2.42218,44.38785],[2.4204,44.38618],[2.41965,44.38393],[2.41851,44.3835],[2.41812,44.38214],[2.41838,44.38024],[2.41547,44.37918],[2.41164,44.3813],[2.40918,44.38185],[2.40861,44.38087],[2.41029,44.37772],[2.41154,44.37596],[2.41173,44.37384],[2.40946,44.36906],[2.4079,44.36834],[2.40663,44.36642],[2.40676,44.36383],[2.40524,44.3626],[2.40397,44.36096],[2.40281,44.3608],[2.4012,44.36291],[2.40109,44.36383],[2.39735,44.36694],[2.39494,44.36723],[2.39211,44.36581],[2.3911,44.36738],[2.38947,44.36793],[2.39052,44.37014],[2.3915,44.3704],[2.39145,44.37192],[2.39008,44.37251],[2.38953,44.37417],[2.39047,44.37611],[2.39345,44.37908],[2.3947,44.38288],[2.39699,44.38533],[2.3977,44.38687],[2.39913,44.3879],[2.39492,44.39029],[2.39484,44.39139],[2.39619,44.39295],[2.39675,44.39419],[2.3987,44.39564],[2.39933,44.39699],[2.40144,44.39786],[2.39879,44.40113],[2.39799,44.40045],[2.38824,44.39853],[2.38101,44.40374],[2.38013,44.40347],[2.3785,44.40482],[2.37637,44.40598],[2.3769,44.40743],[2.37825,44.40733],[2.3778,44.40869],[2.37599,44.41031],[2.37349,44.4102],[2.37408,44.41196],[2.37529,44.41322],[2.37317,44.41538],[2.37234,44.41747],[2.37137,44.41831],[2.36883,44.41788],[2.36799,44.41634],[2.36362,44.41409],[2.36231,44.41374],[2.35893,44.41683]]]}},{"type":"Feature","id":"fr-commune-12067","properties":{"id":"fr-commune-12067","name":"Le Clapier","kind":"commune","center":[3.1792,43.8307],"code":"12067","department":"12"},"bbox":[3.12157,43.81237,3.23697,43.84894],"geometry":{"type":"Polygon","coordinates":[[[3.2227,43.81764],[3.21665,43.81557],[3.21367,43.81414],[3.21302,43.8135],[3.20728,43.81237],[3.20595,43.81266],[3.20276,43.81396],[3.19992,43.81458],[3.19718,43.81461],[3.195,43.81424],[3.19225,43.81431],[3.19095,43.81388],[3.18897,43.81417],[3.18638,43.81346],[3.18504,43.81351],[3.18281,43.81266],[3.17997,43.81288],[3.1769,43.81401],[3.1742,43.81446],[3.17272,43.81439],[3.16957,43.81506],[3.16518,43.81528],[3.1628,43.81588],[3.1608,43.81698],[3.15796,43.81752],[3.15675,43.81743],[3.15316,43.81601],[3.15145,43.81429],[3.15107,43.81594],[3.14839,43.81833],[3.14582,43.81942],[3.14322,43.82346],[3.14128,43.82445],[3.13733,43.82504],[3.13473,43.82619],[3.13261,43.82831],[3.13045,43.829],[3.1298,43.8308],[3.12622,43.83454],[3.12424,43.83515],[3.12355,43.83581],[3.12377,43.83703],[3.12314,43.83812],[3.12386,43.83866],[3.12388,43.84024],[3.12277,43.84097],[3.12161,43.84264],[3.12157,43.84375],[3.12523,43.84523],[3.12737,43.84482],[3.12862,43.84544],[3.13015,43.84781],[3.13264,43.84894],[3.13413,43.84829],[3.13799,43.84753],[3.14548,43.84626],[3.14737,43.84512],[3.14881,43.84426],[3.14937,43.84298],[3.15165,43.84198],[3.15226,43.84125],[3.15679,43.83952],[3.16251,43.83921],[3.16609,43.83933],[3.16764,43.83844],[3.16939,43.83814],[3.1731,43.83835],[3.17419,43.83746],[3.17609,43.83752],[3.17982,43.83861],[3.18291,43.83895],[3.18358,43.83847],[3.18605,43.83878],[3.18748,43.84022],[3.1907,43.84115],[3.19378,43.84044],[3.19676,43.84007],[3.19877,43.8402],[3.20263,43.8385],[3.20429,43.8371],[3.20415,43.83609],[3.20554,43.83395],[3.2056,43.83242],[3.20734,43.83048],[3.21086,43.82811],[3.21474,43.82683],[3.21862,43.82668],[3.22518,43.82771],[3.22652,43.8286],[3.22798,43.8289],[3.23239,43.82854],[3.23368,43.82781],[3.23697,43.82716],[3.23242,43.82615],[3.23183,43.82537],[3.22958,43.82489],[3.2285,43.82322],[3.2272,43.82237],[3.22641,43.82091],[3.22485,43.82023],[3.22387,43.81861],[3.2227,43.81764]]]}},{"type":"Feature","id":"fr-commune-12068","properties":{"id":"fr-commune-12068","name":"Colombiès","kind":"commune","center":[2.3262,44.3443],"code":"12068","department":"12"},"bbox":[2.26123,44.3034,2.3912,44.38514],"geometry":{"type":"Polygon","coordinates":[[[2.38936,44.3643],[2.38976,44.36248],[2.3912,44.36031],[2.38863,44.36],[2.38717,44.35848],[2.3842,44.3611],[2.38241,44.36177],[2.38092,44.36071],[2.37875,44.36005],[2.37828,44.35898],[2.3784,44.35529],[2.38028,44.35365],[2.38053,44.35272],[2.38182,44.35125],[2.38102,44.34961],[2.37927,44.34829],[2.38003,44.34618],[2.38131,44.34491],[2.38144,44.3441],[2.37902,44.34245],[2.37776,44.34038],[2.37732,44.339],[2.37878,44.33863],[2.38179,44.3373],[2.38344,44.33577],[2.38277,44.33205],[2.38258,44.32877],[2.38397,44.32297],[2.38087,44.32347],[2.37924,44.32333],[2.37958,44.32138],[2.37872,44.3207],[2.37723,44.32114],[2.37603,44.31987],[2.37313,44.31765],[2.37296,44.31649],[2.37106,44.31488],[2.36959,44.31095],[2.36868,44.31028],[2.36638,44.31105],[2.35693,44.31524],[2.356,44.31553],[2.34784,44.31593],[2.34488,44.31683],[2.34285,44.31862],[2.34075,44.32],[2.33907,44.32068],[2.3356,44.32104],[2.33382,44.32051],[2.32846,44.3172],[2.32713,44.3168],[2.30558,44.31552],[2.29797,44.31328],[2.29618,44.31242],[2.29335,44.30974],[2.29262,44.30935],[2.28923,44.30892],[2.28579,44.30935],[2.28473,44.30911],[2.28078,44.30646],[2.27738,44.30623],[2.27424,44.30811],[2.27227,44.30841],[2.27085,44.30801],[2.26995,44.30614],[2.26724,44.30364],[2.26458,44.3034],[2.26461,44.30458],[2.26341,44.30601],[2.26162,44.30692],[2.26123,44.30869],[2.26205,44.30986],[2.26224,44.31122],[2.26453,44.31316],[2.26558,44.31516],[2.26433,44.31679],[2.26497,44.31797],[2.26434,44.32054],[2.26481,44.32115],[2.27162,44.32248],[2.27336,44.32343],[2.27351,44.32691],[2.27478,44.32949],[2.27397,44.33199],[2.27514,44.33343],[2.27682,44.3338],[2.27679,44.33451],[2.27898,44.33584],[2.28341,44.3395],[2.28358,44.3405],[2.28198,44.34132],[2.28361,44.34282],[2.28366,44.34437],[2.28437,44.34622],[2.28669,44.34658],[2.28707,44.34715],[2.28636,44.34901],[2.28645,44.3503],[2.28404,44.3508],[2.28501,44.35223],[2.284,44.35356],[2.28465,44.35482],[2.28641,44.35563],[2.28474,44.3569],[2.28449,44.35906],[2.28572,44.3592],[2.28834,44.36091],[2.28782,44.36429],[2.28841,44.36781],[2.28778,44.3683],[2.28904,44.37101],[2.28883,44.37188],[2.28632,44.37296],[2.2876,44.37414],[2.28745,44.37496],[2.28615,44.37651],[2.28549,44.37908],[2.28663,44.37996],[2.28795,44.37884],[2.28781,44.37665],[2.28949,44.37542],[2.29147,44.37504],[2.29282,44.37555],[2.29584,44.37458],[2.29777,44.37339],[2.29918,44.3732],[2.30074,44.37206],[2.30369,44.37094],[2.30476,44.37094],[2.30536,44.3726],[2.30411,44.37314],[2.30202,44.37585],[2.30156,44.37873],[2.30556,44.37811],[2.31038,44.37671],[2.3121,44.37651],[2.3177,44.37768],[2.31993,44.37843],[2.32212,44.38214],[2.32499,44.3832],[2.32778,44.38507],[2.33153,44.38514],[2.33201,44.38397],[2.33377,44.38474],[2.33426,44.38386],[2.33581,44.38431],[2.33724,44.3837],[2.33714,44.38249],[2.33951,44.38013],[2.3428,44.37771],[2.34657,44.37746],[2.34742,44.377],[2.34676,44.37494],[2.34728,44.37396],[2.34945,44.3742],[2.35121,44.37321],[2.35321,44.37089],[2.35442,44.37006],[2.35543,44.36795],[2.35697,44.36679],[2.35833,44.36716],[2.35964,44.36863],[2.36335,44.36945],[2.36453,44.37042],[2.36655,44.37061],[2.36806,44.37],[2.37087,44.36956],[2.37575,44.36998],[2.37848,44.37075],[2.38063,44.36926],[2.38215,44.36664],[2.38494,44.36427],[2.38619,44.36406],[2.38936,44.3643]]]}},{"type":"Feature","id":"fr-commune-12069","properties":{"id":"fr-commune-12069","name":"Combret","kind":"commune","center":[2.6871,43.8333],"code":"12069","department":"12"},"bbox":[2.64,43.7774,2.73414,43.88899],"geometry":{"type":"Polygon","coordinates":[[[2.72318,43.86583],[2.72286,43.86358],[2.72175,43.8611],[2.7193,43.85982],[2.71811,43.85875],[2.72413,43.85542],[2.72509,43.85429],[2.72946,43.85236],[2.7288,43.848],[2.72961,43.84575],[2.73135,43.84407],[2.7315,43.84323],[2.72988,43.84149],[2.72765,43.84028],[2.72572,43.84021],[2.72266,43.83858],[2.71958,43.83913],[2.71822,43.83843],[2.71555,43.83558],[2.71502,43.83409],[2.71323,43.83301],[2.71352,43.83221],[2.71579,43.83199],[2.71574,43.83047],[2.71687,43.82862],[2.71876,43.82758],[2.72065,43.82536],[2.71827,43.82503],[2.71555,43.82552],[2.71583,43.82452],[2.71434,43.8221],[2.71548,43.82164],[2.7159,43.81992],[2.71347,43.81875],[2.71181,43.81649],[2.7113,43.81511],[2.7096,43.81444],[2.70704,43.81264],[2.70458,43.81145],[2.70415,43.8101],[2.70166,43.80836],[2.70083,43.80623],[2.70005,43.80475],[2.69842,43.80287],[2.69239,43.80231],[2.68964,43.80116],[2.69025,43.79927],[2.68501,43.79607],[2.68154,43.79501],[2.68065,43.79605],[2.68075,43.79691],[2.67963,43.79802],[2.67588,43.796],[2.67643,43.79461],[2.6735,43.79334],[2.67359,43.79239],[2.6748,43.79156],[2.67798,43.79029],[2.67757,43.78583],[2.67543,43.78358],[2.67376,43.78263],[2.66761,43.7803],[2.66154,43.7774],[2.66019,43.77827],[2.65498,43.78014],[2.65573,43.78254],[2.65514,43.7847],[2.65583,43.78636],[2.65603,43.78825],[2.65837,43.78975],[2.66058,43.79552],[2.66176,43.79654],[2.66298,43.79911],[2.66287,43.80113],[2.66331,43.80178],[2.66847,43.80359],[2.66829,43.80526],[2.66459,43.80873],[2.6626,43.8095],[2.66,43.81144],[2.65906,43.81127],[2.6582,43.81299],[2.65821,43.81477],[2.65573,43.81483],[2.6548,43.8152],[2.65401,43.81686],[2.65451,43.81803],[2.65439,43.81961],[2.6567,43.8224],[2.6562,43.82374],[2.65727,43.82509],[2.65715,43.82819],[2.65453,43.83003],[2.65405,43.83179],[2.65305,43.83246],[2.65309,43.83384],[2.6525,43.83528],[2.65013,43.83734],[2.64822,43.83764],[2.64555,43.83735],[2.64584,43.83834],[2.64563,43.84124],[2.64326,43.84229],[2.64247,43.84407],[2.64304,43.84598],[2.64101,43.849],[2.64,43.85092],[2.64016,43.85345],[2.64274,43.85639],[2.64458,43.85807],[2.64264,43.86169],[2.64376,43.86221],[2.64675,43.86268],[2.64913,43.86227],[2.65185,43.8644],[2.65314,43.86601],[2.65471,43.86709],[2.65428,43.8696],[2.65828,43.8713],[2.65903,43.87368],[2.65849,43.87476],[2.6617,43.87476],[2.66385,43.87416],[2.66829,43.87399],[2.6704,43.87472],[2.6725,43.87632],[2.67404,43.87693],[2.67714,43.87687],[2.68176,43.87763],[2.68663,43.87726],[2.68775,43.87856],[2.6928,43.88055],[2.69413,43.88272],[2.69282,43.88461],[2.69264,43.88658],[2.69206,43.88685],[2.6912,43.88899],[2.69324,43.88871],[2.69577,43.88762],[2.69793,43.88813],[2.70117,43.88666],[2.70244,43.88521],[2.70518,43.88393],[2.70686,43.88281],[2.70949,43.88053],[2.71293,43.87902],[2.71631,43.87919],[2.72132,43.87855],[2.72298,43.87876],[2.72618,43.87809],[2.72796,43.87803],[2.73259,43.87845],[2.73359,43.87764],[2.73414,43.87562],[2.73224,43.8747],[2.73102,43.87364],[2.72921,43.87276],[2.72855,43.87133],[2.72847,43.86973],[2.72519,43.86853],[2.72109,43.86818],[2.71916,43.86749],[2.71917,43.86671],[2.72133,43.86591],[2.72318,43.86583]]]}},{"type":"Feature","id":"fr-commune-12070","properties":{"id":"fr-commune-12070","name":"Compeyre","kind":"commune","center":[3.1026,44.1771],"code":"12070","department":"12"},"bbox":[3.0777,44.15756,3.12818,44.19662],"geometry":{"type":"Polygon","coordinates":[[[3.10525,44.15773],[3.10377,44.15829],[3.09964,44.15756],[3.09695,44.15937],[3.09346,44.16052],[3.09308,44.16125],[3.09057,44.16155],[3.08832,44.1625],[3.08708,44.16515],[3.08623,44.16546],[3.08591,44.16713],[3.08654,44.16747],[3.08285,44.17073],[3.08196,44.17373],[3.08067,44.17642],[3.07944,44.17812],[3.0795,44.1793],[3.07899,44.18237],[3.0777,44.18249],[3.0779,44.18369],[3.0842,44.18675],[3.08463,44.18765],[3.08737,44.18862],[3.08843,44.18983],[3.09151,44.18955],[3.09514,44.18861],[3.09705,44.18774],[3.10237,44.18789],[3.10157,44.18906],[3.10159,44.19045],[3.10304,44.19121],[3.10181,44.19302],[3.10238,44.19382],[3.10184,44.19544],[3.10273,44.19662],[3.10475,44.1956],[3.10594,44.19551],[3.10701,44.19367],[3.11084,44.19198],[3.11234,44.19047],[3.11391,44.19011],[3.11508,44.18872],[3.11657,44.18771],[3.11923,44.18653],[3.11975,44.18589],[3.12184,44.18557],[3.12098,44.18221],[3.1203,44.18067],[3.12014,44.1789],[3.1217,44.1787],[3.12287,44.1778],[3.12561,44.1776],[3.12743,44.17594],[3.12818,44.17389],[3.12815,44.17268],[3.12555,44.17137],[3.12345,44.16851],[3.12188,44.1668],[3.12014,44.16602],[3.1179,44.16616],[3.11519,44.16587],[3.114,44.16526],[3.11408,44.16287],[3.11489,44.1609],[3.1139,44.15948],[3.11083,44.15787],[3.10782,44.15757],[3.10525,44.15773]]]}},{"type":"Feature","id":"fr-commune-12071","properties":{"id":"fr-commune-12071","name":"Compolibat","kind":"commune","center":[2.1836,44.3754],"code":"12071","department":"12"},"bbox":[2.15395,44.34778,2.21362,44.40305],"geometry":{"type":"Polygon","coordinates":[[[2.17626,44.40144],[2.17948,44.40007],[2.17943,44.39942],[2.1808,44.39818],[2.17987,44.39763],[2.18074,44.39643],[2.18293,44.39673],[2.18452,44.39605],[2.18503,44.39687],[2.18791,44.39798],[2.18881,44.39932],[2.19026,44.40028],[2.19232,44.40017],[2.1938,44.40151],[2.19643,44.40247],[2.19781,44.40186],[2.19864,44.4025],[2.20168,44.40248],[2.20356,44.40305],[2.20506,44.40247],[2.20776,44.40003],[2.20996,44.39899],[2.21029,44.39724],[2.21122,44.39573],[2.20918,44.39489],[2.20677,44.39258],[2.20099,44.39097],[2.19945,44.39088],[2.20286,44.38869],[2.20314,44.38606],[2.20507,44.3859],[2.20992,44.38397],[2.21159,44.38214],[2.213,44.38115],[2.21362,44.37971],[2.21338,44.37824],[2.21174,44.37755],[2.21053,44.37639],[2.21038,44.37516],[2.21131,44.37443],[2.21172,44.37318],[2.21038,44.37271],[2.21011,44.37067],[2.2093,44.36809],[2.20873,44.36741],[2.20815,44.36387],[2.20872,44.36203],[2.20616,44.36255],[2.20496,44.36223],[2.20334,44.36015],[2.20101,44.36263],[2.19813,44.36262],[2.19719,44.3617],[2.19681,44.35793],[2.19838,44.35716],[2.20196,44.35736],[2.20278,44.35714],[2.19939,44.35264],[2.20317,44.35079],[2.20328,44.34928],[2.20258,44.34778],[2.20037,44.3486],[2.19885,44.34854],[2.19753,44.3492],[2.19389,44.34992],[2.19071,44.3537],[2.18727,44.35606],[2.18567,44.35665],[2.18536,44.35717],[2.18264,44.3582],[2.18207,44.35662],[2.18048,44.35623],[2.17896,44.35638],[2.17781,44.35752],[2.17852,44.35859],[2.17758,44.35968],[2.17367,44.3608],[2.17165,44.36333],[2.1724,44.36556],[2.17251,44.36811],[2.17144,44.36966],[2.16934,44.37013],[2.16786,44.36867],[2.1664,44.36828],[2.16539,44.36977],[2.16586,44.37058],[2.16487,44.3715],[2.1623,44.37188],[2.16144,44.37322],[2.16279,44.37433],[2.16268,44.37552],[2.16373,44.37644],[2.16662,44.37712],[2.1649,44.37895],[2.16231,44.38075],[2.16149,44.38094],[2.15694,44.383],[2.1547,44.38438],[2.15395,44.38595],[2.15569,44.38749],[2.15753,44.38713],[2.15853,44.38772],[2.15833,44.38959],[2.15994,44.39069],[2.16075,44.3924],[2.16026,44.39343],[2.16311,44.39455],[2.16511,44.39583],[2.16723,44.39589],[2.16723,44.3971],[2.16813,44.39772],[2.16993,44.39747],[2.17104,44.40188],[2.17393,44.40239],[2.17626,44.40144]]]}},{"type":"Feature","id":"fr-commune-12072","properties":{"id":"fr-commune-12072","name":"Comprégnac","kind":"commune","center":[2.9806,44.0966],"code":"12072","department":"12"},"bbox":[2.9445,44.08119,3.01675,44.11202],"geometry":{"type":"Polygon","coordinates":[[[2.95748,44.10843],[2.95735,44.1092],[2.95903,44.11027],[2.95992,44.10822],[2.96173,44.10553],[2.96314,44.10484],[2.96954,44.10487],[2.97076,44.10633],[2.97331,44.10655],[2.97466,44.10736],[2.97278,44.11114],[2.97383,44.1119],[2.97664,44.11165],[2.97921,44.11202],[2.98419,44.11031],[2.98737,44.1106],[2.99028,44.11056],[2.99178,44.11005],[2.99433,44.11014],[2.99398,44.10845],[2.9938,44.10518],[2.99484,44.10135],[2.99697,44.10106],[3.00012,44.1025],[3.00157,44.10287],[3.00441,44.10447],[3.00774,44.10526],[3.00953,44.10359],[3.00876,44.1021],[3.00831,44.09995],[3.01109,44.09827],[3.00914,44.09707],[3.01068,44.09476],[3.01228,44.09391],[3.01402,44.09235],[3.01477,44.08967],[3.01623,44.0886],[3.01675,44.08761],[3.01556,44.08553],[3.01606,44.08384],[3.01241,44.08404],[3.01009,44.08457],[3.00678,44.0861],[3.00484,44.08737],[3.00243,44.08955],[3.00037,44.09058],[2.9988,44.09034],[2.99748,44.08801],[2.99609,44.08622],[2.99161,44.08395],[2.98762,44.08283],[2.98539,44.08291],[2.98184,44.08439],[2.98119,44.08516],[2.9817,44.08664],[2.98401,44.08939],[2.98342,44.09201],[2.98145,44.09273],[2.97684,44.09277],[2.97174,44.09307],[2.96857,44.09213],[2.96713,44.09081],[2.9661,44.0888],[2.96556,44.08344],[2.96412,44.08196],[2.96178,44.08123],[2.95917,44.08119],[2.95748,44.08171],[2.955,44.08197],[2.95212,44.08293],[2.94863,44.08532],[2.94779,44.08648],[2.9462,44.08745],[2.9445,44.08718],[2.94504,44.08804],[2.94668,44.09272],[2.94954,44.09434],[2.95042,44.09629],[2.95166,44.09784],[2.9522,44.10031],[2.95442,44.10525],[2.95748,44.10843]]]}},{"type":"Feature","id":"fr-commune-12073","properties":{"id":"fr-commune-12073","name":"Comps-la-Grand-Ville","kind":"commune","center":[2.5663,44.2269],"code":"12073","department":"12"},"bbox":[2.53337,44.19502,2.59924,44.25852],"geometry":{"type":"Polygon","coordinates":[[[2.56034,44.25607],[2.56253,44.25528],[2.56498,44.25581],[2.56733,44.25758],[2.56941,44.2578],[2.57049,44.25665],[2.57033,44.25418],[2.57193,44.25387],[2.57368,44.25556],[2.57371,44.25762],[2.57448,44.25852],[2.57898,44.25707],[2.57969,44.25736],[2.58146,44.25445],[2.58044,44.25255],[2.57618,44.25328],[2.57561,44.25234],[2.57327,44.25123],[2.57561,44.25023],[2.57674,44.24851],[2.58123,44.24598],[2.57845,44.24354],[2.58344,44.24307],[2.5876,44.24245],[2.59185,44.24064],[2.59426,44.23922],[2.59433,44.23806],[2.59698,44.23805],[2.59696,44.23623],[2.59545,44.23507],[2.59606,44.23409],[2.59533,44.23309],[2.59152,44.22915],[2.59361,44.22917],[2.59405,44.23052],[2.59769,44.22876],[2.59799,44.22664],[2.59912,44.22428],[2.59924,44.22282],[2.598,44.21991],[2.59602,44.21819],[2.59469,44.21618],[2.59545,44.21518],[2.59495,44.21344],[2.59389,44.21306],[2.59341,44.20997],[2.59272,44.20825],[2.58953,44.20759],[2.59039,44.20636],[2.58442,44.20417],[2.58155,44.20249],[2.5798,44.20225],[2.57797,44.20086],[2.57758,44.19712],[2.57711,44.19627],[2.57534,44.19502],[2.571,44.19523],[2.56937,44.19582],[2.56531,44.1959],[2.56325,44.19538],[2.55943,44.19692],[2.55406,44.19769],[2.5513,44.19826],[2.54954,44.19977],[2.54883,44.20061],[2.54924,44.20227],[2.54728,44.20413],[2.54784,44.20579],[2.54527,44.20556],[2.5425,44.20776],[2.54238,44.2085],[2.54084,44.20933],[2.53918,44.20921],[2.53621,44.21009],[2.53518,44.21091],[2.53337,44.21116],[2.5357,44.21294],[2.5378,44.21592],[2.53928,44.21645],[2.54225,44.21653],[2.54415,44.21733],[2.54493,44.21919],[2.54322,44.22072],[2.54333,44.22147],[2.54666,44.22586],[2.54864,44.22763],[2.54995,44.22948],[2.55001,44.23242],[2.55054,44.23484],[2.54991,44.23659],[2.54999,44.23789],[2.55172,44.23826],[2.55436,44.23744],[2.55491,44.23821],[2.55351,44.2401],[2.55368,44.24079],[2.55568,44.24132],[2.55339,44.24371],[2.55482,44.24679],[2.55221,44.24981],[2.55361,44.25184],[2.5535,44.25349],[2.55725,44.2546],[2.55874,44.25608],[2.56034,44.25607]]]}},{"type":"Feature","id":"fr-commune-12074","properties":{"id":"fr-commune-12074","name":"Condom-d'Aubrac","kind":"commune","center":[2.8816064626545796,44.60581353062662],"code":"12074","department":"12"},"bbox":[2.79386,44.55176,2.97401,44.65484],"geometry":{"type":"Polygon","coordinates":[[[2.82979,44.60196],[2.83332,44.6033],[2.83492,44.60503],[2.83599,44.60435],[2.83764,44.60434],[2.83944,44.60516],[2.84382,44.60543],[2.84549,44.60775],[2.84518,44.60856],[2.84987,44.61222],[2.85199,44.61216],[2.8544,44.6142],[2.85611,44.61507],[2.857,44.61715],[2.86091,44.62002],[2.86234,44.62248],[2.86464,44.62404],[2.86577,44.62558],[2.86736,44.62623],[2.86713,44.62709],[2.86919,44.62788],[2.87268,44.62816],[2.87511,44.62946],[2.87568,44.63069],[2.87811,44.63179],[2.88143,44.6322],[2.88412,44.63383],[2.88743,44.63472],[2.89099,44.63361],[2.89353,44.63334],[2.90231,44.63388],[2.90498,44.63466],[2.90716,44.63635],[2.91028,44.63678],[2.91297,44.63758],[2.91483,44.63736],[2.92066,44.63809],[2.92171,44.63901],[2.92802,44.64084],[2.93113,44.64262],[2.93846,44.64422],[2.94139,44.64638],[2.94686,44.64956],[2.94989,44.65084],[2.95283,44.65341],[2.95453,44.65389],[2.9559,44.65484],[2.95825,44.65359],[2.95988,44.65385],[2.96142,44.65348],[2.96187,44.65455],[2.96384,44.65425],[2.96558,44.65275],[2.96955,44.64879],[2.97,44.64858],[2.97081,44.6469],[2.96991,44.64489],[2.97103,44.64405],[2.97075,44.64326],[2.9724,44.64018],[2.97198,44.6381],[2.97374,44.63707],[2.97401,44.63612],[2.97228,44.6325],[2.96878,44.63031],[2.96761,44.6303],[2.9668,44.62911],[2.96502,44.62825],[2.96313,44.62813],[2.95496,44.62495],[2.95344,44.6246],[2.95051,44.6245],[2.94977,44.62553],[2.94733,44.62567],[2.94468,44.62507],[2.94332,44.62411],[2.94017,44.62308],[2.93907,44.62306],[2.93632,44.62218],[2.93507,44.62118],[2.93314,44.62053],[2.93061,44.62012],[2.92576,44.61793],[2.9249,44.61716],[2.92255,44.61697],[2.92089,44.61583],[2.91965,44.61422],[2.91764,44.6137],[2.91686,44.61278],[2.91338,44.61013],[2.91109,44.61028],[2.91023,44.60884],[2.90516,44.60698],[2.90255,44.60561],[2.90097,44.60541],[2.89856,44.60647],[2.89653,44.60571],[2.89277,44.60569],[2.89165,44.60471],[2.88872,44.60351],[2.88729,44.6044],[2.88552,44.60368],[2.88369,44.60423],[2.88276,44.60241],[2.88162,44.6016],[2.8799,44.60109],[2.87846,44.60146],[2.87466,44.60025],[2.87339,44.60086],[2.87109,44.60017],[2.87105,44.59912],[2.87019,44.59816],[2.86851,44.59741],[2.86816,44.59569],[2.86576,44.59459],[2.86417,44.59472],[2.86177,44.59291],[2.85891,44.59271],[2.85776,44.59041],[2.85572,44.59011],[2.85542,44.58816],[2.85873,44.58778],[2.86085,44.58573],[2.85937,44.58413],[2.85892,44.58203],[2.85926,44.58066],[2.85872,44.57954],[2.85759,44.57963],[2.85357,44.57782],[2.85342,44.5766],[2.85435,44.57466],[2.85957,44.57451],[2.86087,44.57593],[2.86362,44.58035],[2.86702,44.58386],[2.86868,44.58347],[2.87003,44.58093],[2.87287,44.579],[2.8725,44.57739],[2.87278,44.57631],[2.87249,44.57309],[2.8716,44.57197],[2.87138,44.56917],[2.8703,44.56884],[2.87046,44.56774],[2.86798,44.56625],[2.86864,44.56536],[2.86749,44.56275],[2.86256,44.56136],[2.86176,44.55964],[2.85844,44.55806],[2.85604,44.55753],[2.85656,44.55543],[2.85471,44.55427],[2.85545,44.5527],[2.85536,44.55176],[2.85211,44.55321],[2.85057,44.55495],[2.84988,44.55629],[2.84788,44.55764],[2.84596,44.55597],[2.84383,44.55708],[2.83925,44.55777],[2.83755,44.55919],[2.83384,44.56023],[2.83251,44.56017],[2.83223,44.56111],[2.83213,44.56496],[2.83317,44.56646],[2.82655,44.56964],[2.82361,44.56871],[2.81861,44.56674],[2.81821,44.56714],[2.81578,44.56302],[2.81525,44.56096],[2.81365,44.55938],[2.81238,44.55866],[2.81234,44.56073],[2.81063,44.56091],[2.80957,44.56235],[2.80791,44.56337],[2.8047,44.56072],[2.8037,44.55921],[2.80388,44.55721],[2.80465,44.55566],[2.79725,44.55549],[2.79553,44.55607],[2.79556,44.55738],[2.79386,44.55865],[2.79462,44.5604],[2.79653,44.56239],[2.79796,44.5632],[2.79885,44.56495],[2.7986,44.56626],[2.79963,44.56724],[2.79967,44.56832],[2.80177,44.56958],[2.80304,44.56966],[2.8054,44.56915],[2.80766,44.57008],[2.80852,44.57251],[2.81002,44.57304],[2.81151,44.57479],[2.8129,44.57558],[2.81321,44.5767],[2.81577,44.57673],[2.8169,44.57712],[2.81752,44.57832],[2.81887,44.5791],[2.81894,44.58021],[2.8214,44.58047],[2.82423,44.57948],[2.82378,44.58216],[2.82186,44.58324],[2.82326,44.58406],[2.82215,44.585],[2.81861,44.58673],[2.82017,44.58738],[2.82043,44.58939],[2.81879,44.58956],[2.81859,44.59089],[2.82054,44.59273],[2.81946,44.59425],[2.82141,44.59445],[2.82202,44.59549],[2.82378,44.59515],[2.82432,44.59679],[2.8265,44.597],[2.82788,44.59985],[2.82783,44.60073],[2.82979,44.60196]]]}},{"type":"Feature","id":"fr-commune-12075","properties":{"id":"fr-commune-12075","name":"Connac","kind":"commune","center":[2.5925,44.0224],"code":"12075","department":"12"},"bbox":[2.56767,44.00169,2.61739,44.04315],"geometry":{"type":"Polygon","coordinates":[[[2.57374,44.00169],[2.57114,44.00194],[2.57397,44.00721],[2.57174,44.00828],[2.57352,44.00954],[2.57046,44.01076],[2.56819,44.01256],[2.56937,44.01457],[2.56767,44.01669],[2.56888,44.01907],[2.56886,44.01984],[2.57104,44.02078],[2.57259,44.02274],[2.57413,44.02305],[2.57601,44.02421],[2.57752,44.02582],[2.5794,44.02703],[2.58138,44.02788],[2.58314,44.03005],[2.58566,44.03158],[2.58994,44.03061],[2.5902,44.0323],[2.58913,44.03342],[2.59281,44.0338],[2.59506,44.03572],[2.59713,44.03653],[2.59507,44.04025],[2.59487,44.04231],[2.59674,44.04299],[2.59849,44.04315],[2.60188,44.04177],[2.60356,44.04172],[2.60502,44.04235],[2.60922,44.04123],[2.61121,44.04005],[2.61229,44.03865],[2.614,44.03749],[2.61458,44.03619],[2.61442,44.03493],[2.61276,44.03282],[2.61259,44.03048],[2.61288,44.02819],[2.61524,44.02598],[2.61739,44.02446],[2.61559,44.0216],[2.61385,44.02137],[2.61251,44.0203],[2.61319,44.01781],[2.61333,44.01587],[2.6124,44.01409],[2.61077,44.00959],[2.60892,44.00803],[2.60628,44.00895],[2.60394,44.00754],[2.60267,44.00617],[2.60039,44.00536],[2.59859,44.00576],[2.59457,44.0077],[2.59277,44.00787],[2.5883,44.0067],[2.5863,44.00567],[2.58392,44.00549],[2.58217,44.00449],[2.57817,44.00315],[2.57623,44.00218],[2.57374,44.00169]]]}},{"type":"Feature","id":"fr-commune-12077","properties":{"id":"fr-commune-12077","name":"Cornus","kind":"commune","center":[3.2013,43.8895],"code":"12077","department":"12"},"bbox":[3.14014,43.82668,3.26256,43.95239],"geometry":{"type":"Polygon","coordinates":[[[3.21734,43.94839],[3.21795,43.94689],[3.22052,43.94453],[3.22206,43.94349],[3.22402,43.94346],[3.22957,43.94027],[3.23213,43.93838],[3.23566,43.93704],[3.24013,43.93619],[3.2388,43.93404],[3.24103,43.9324],[3.24696,43.93131],[3.24908,43.9285],[3.25251,43.92723],[3.25342,43.92624],[3.25474,43.92589],[3.25713,43.92309],[3.25224,43.92052],[3.25124,43.91916],[3.24963,43.91811],[3.24642,43.91356],[3.24495,43.91225],[3.24574,43.91055],[3.24715,43.90887],[3.24848,43.90646],[3.2476,43.90555],[3.24757,43.90286],[3.24707,43.90122],[3.24645,43.89672],[3.25105,43.89659],[3.25362,43.89704],[3.25386,43.89307],[3.25834,43.89132],[3.26096,43.8914],[3.26256,43.8911],[3.26157,43.88606],[3.26016,43.88215],[3.25888,43.88072],[3.25498,43.87703],[3.24802,43.8767],[3.24494,43.87598],[3.24258,43.87423],[3.2404,43.87217],[3.23935,43.87077],[3.23768,43.87045],[3.23595,43.86583],[3.2359,43.86415],[3.23461,43.86158],[3.23478,43.86032],[3.23442,43.85762],[3.23571,43.85601],[3.23575,43.85475],[3.23745,43.85227],[3.2394,43.85181],[3.24034,43.84883],[3.24559,43.84646],[3.24776,43.84512],[3.24846,43.84383],[3.25168,43.84377],[3.25121,43.84206],[3.25206,43.83896],[3.25091,43.83684],[3.25114,43.83519],[3.24923,43.8337],[3.24895,43.83065],[3.24914,43.82966],[3.24619,43.82911],[3.24355,43.82911],[3.23899,43.82723],[3.23697,43.82716],[3.23368,43.82781],[3.23239,43.82854],[3.22798,43.8289],[3.22652,43.8286],[3.22518,43.82771],[3.21862,43.82668],[3.21474,43.82683],[3.21086,43.82811],[3.20734,43.83048],[3.2056,43.83242],[3.20554,43.83395],[3.20415,43.83609],[3.20429,43.8371],[3.20263,43.8385],[3.19877,43.8402],[3.19676,43.84007],[3.19378,43.84044],[3.1907,43.84115],[3.18748,43.84022],[3.18605,43.83878],[3.18358,43.83847],[3.18291,43.83895],[3.17982,43.83861],[3.17609,43.83752],[3.17419,43.83746],[3.1731,43.83835],[3.16939,43.83814],[3.16764,43.83844],[3.16609,43.83933],[3.16251,43.83921],[3.15679,43.83952],[3.15226,43.84125],[3.15165,43.84198],[3.14937,43.84298],[3.14881,43.84426],[3.14737,43.84512],[3.16142,43.8604],[3.1635,43.86276],[3.16451,43.86464],[3.16783,43.86571],[3.17293,43.86573],[3.17439,43.86451],[3.17705,43.86554],[3.18075,43.86502],[3.18198,43.86457],[3.18403,43.86531],[3.18611,43.86549],[3.18686,43.86618],[3.18915,43.86646],[3.1906,43.86741],[3.18871,43.87079],[3.18762,43.87362],[3.1833,43.87455],[3.17967,43.87425],[3.17529,43.87606],[3.17539,43.87653],[3.1718,43.87775],[3.17063,43.8786],[3.16806,43.87861],[3.16296,43.87911],[3.15959,43.88004],[3.15767,43.88121],[3.15628,43.88257],[3.15577,43.8846],[3.15391,43.88631],[3.15418,43.88422],[3.15273,43.88353],[3.14938,43.88435],[3.14976,43.88764],[3.15014,43.88859],[3.14931,43.88966],[3.14883,43.89178],[3.14797,43.89393],[3.14723,43.89789],[3.14417,43.89834],[3.14449,43.89927],[3.14536,43.90247],[3.14248,43.90178],[3.14014,43.9018],[3.14164,43.90463],[3.14207,43.90804],[3.14626,43.92101],[3.14665,43.92614],[3.148,43.93364],[3.14897,43.93746],[3.14908,43.9407],[3.14981,43.94353],[3.15443,43.94412],[3.15756,43.94523],[3.16649,43.94647],[3.17401,43.94848],[3.17812,43.94853],[3.18118,43.94931],[3.18316,43.95013],[3.19217,43.95231],[3.19771,43.95218],[3.19908,43.95239],[3.21398,43.94886],[3.21734,43.94839]]]}},{"type":"Feature","id":"fr-commune-12078","properties":{"id":"fr-commune-12078","name":"Les Costes-Gozon","kind":"commune","center":[2.7968,44.0136],"code":"12078","department":"12"},"bbox":[2.74306,43.98648,2.85053,44.04084],"geometry":{"type":"Polygon","coordinates":[[[2.74509,43.99133],[2.74306,43.99285],[2.7442,43.9944],[2.74513,43.9946],[2.74612,43.99591],[2.74844,43.99685],[2.74953,43.99844],[2.75086,44.00131],[2.74976,44.00229],[2.74802,44.00522],[2.74903,44.00717],[2.74823,44.00848],[2.74807,44.0105],[2.75192,44.00962],[2.75543,44.00835],[2.75816,44.00712],[2.75989,44.00721],[2.76215,44.00671],[2.76472,44.0084],[2.7672,44.00905],[2.77388,44.00795],[2.77522,44.00795],[2.77846,44.00923],[2.77946,44.01011],[2.77652,44.0117],[2.77322,44.01185],[2.77063,44.01151],[2.76979,44.01184],[2.77131,44.01326],[2.77227,44.01508],[2.77504,44.01872],[2.77518,44.0229],[2.77602,44.02444],[2.77867,44.02709],[2.77852,44.02818],[2.7804,44.02988],[2.78241,44.03239],[2.78367,44.03342],[2.78543,44.03588],[2.78542,44.03871],[2.7873,44.0398],[2.78741,44.04084],[2.78962,44.03939],[2.79214,44.03883],[2.79508,44.03637],[2.79627,44.03618],[2.79681,44.03507],[2.80089,44.03504],[2.80302,44.03474],[2.80511,44.03507],[2.80696,44.03473],[2.80896,44.03481],[2.81026,44.03366],[2.81268,44.03241],[2.81388,44.03049],[2.81575,44.0289],[2.81759,44.02913],[2.82038,44.03042],[2.82174,44.03173],[2.82229,44.03359],[2.82325,44.03428],[2.82762,44.03463],[2.8297,44.03386],[2.83117,44.03376],[2.83417,44.03265],[2.83462,44.03069],[2.84035,44.03071],[2.84417,44.02977],[2.84567,44.02886],[2.84737,44.02303],[2.85022,44.02256],[2.85053,44.02137],[2.84901,44.02038],[2.84717,44.02045],[2.84475,44.01878],[2.84288,44.01855],[2.84176,44.01781],[2.84054,44.0153],[2.83948,44.01481],[2.83905,44.01362],[2.83713,44.0128],[2.83628,44.01021],[2.8374,44.00862],[2.83828,44.00501],[2.837,44.00432],[2.8345,44.00363],[2.83295,44.00219],[2.83105,44.00284],[2.82942,44.00131],[2.82879,44.00171],[2.8233,44.00259],[2.82021,44.00434],[2.81116,44.00396],[2.81078,44.00508],[2.80859,44.00636],[2.80556,44.00913],[2.80453,44.00962],[2.80097,44.00977],[2.79866,44.00621],[2.79614,44.00679],[2.79504,44.00751],[2.7931,44.00713],[2.79162,44.0055],[2.7885,44.00565],[2.78646,44.00463],[2.78542,44.00512],[2.7807,44.0038],[2.78034,44.00288],[2.77871,44.00295],[2.77735,44.00102],[2.77432,43.99986],[2.77329,44.0002],[2.76873,43.99917],[2.76619,43.99891],[2.76116,43.99777],[2.75704,43.99581],[2.75489,43.99373],[2.75699,43.99173],[2.75675,43.99037],[2.7579,43.98919],[2.75858,43.98691],[2.75641,43.98648],[2.7536,43.98655],[2.74907,43.9889],[2.74887,43.98955],[2.74509,43.99133]]]}},{"type":"Feature","id":"fr-commune-12079","properties":{"id":"fr-commune-12079","name":"Coubisou","kind":"commune","center":[2.735,44.5807],"code":"12079","department":"12"},"bbox":[2.69791,44.53434,2.77209,44.62681],"geometry":{"type":"Polygon","coordinates":[[[2.77209,44.56607],[2.7698,44.5653],[2.76938,44.56266],[2.76865,44.56109],[2.7673,44.55986],[2.76727,44.55888],[2.76563,44.55879],[2.76156,44.55705],[2.76032,44.55551],[2.75869,44.55453],[2.75804,44.55301],[2.75348,44.552],[2.75185,44.55209],[2.75065,44.55152],[2.74862,44.54918],[2.74655,44.54513],[2.74485,44.5431],[2.74301,44.54184],[2.73878,44.53821],[2.73631,44.53675],[2.73489,44.5354],[2.7306,44.53434],[2.72839,44.53463],[2.72713,44.53644],[2.72591,44.53755],[2.72166,44.54027],[2.72026,44.54191],[2.71884,44.54288],[2.71521,44.54377],[2.71161,44.54336],[2.70954,44.5428],[2.70943,44.54739],[2.71035,44.54931],[2.70821,44.55179],[2.70686,44.55566],[2.70782,44.55837],[2.7091,44.56107],[2.70799,44.56403],[2.70807,44.56556],[2.70643,44.56648],[2.70193,44.56604],[2.70352,44.56956],[2.7048,44.57126],[2.70369,44.57304],[2.70346,44.57434],[2.70192,44.57707],[2.70193,44.57849],[2.70038,44.58003],[2.6997,44.58172],[2.69969,44.58317],[2.69799,44.58451],[2.69791,44.58784],[2.69961,44.58945],[2.70117,44.59028],[2.70272,44.59163],[2.70412,44.59194],[2.70588,44.59396],[2.70583,44.59553],[2.70739,44.59569],[2.71136,44.5975],[2.71166,44.59804],[2.71095,44.59965],[2.71182,44.60096],[2.71487,44.60172],[2.7167,44.60301],[2.71965,44.60282],[2.72055,44.60308],[2.72251,44.6058],[2.725,44.60709],[2.72636,44.60813],[2.72857,44.61055],[2.72961,44.61059],[2.73355,44.61209],[2.73564,44.61226],[2.73672,44.61306],[2.73929,44.61593],[2.7399,44.6171],[2.7413,44.61779],[2.74067,44.61873],[2.74191,44.61941],[2.74389,44.62134],[2.7458,44.62043],[2.75003,44.62306],[2.74868,44.62486],[2.74708,44.62546],[2.74901,44.62656],[2.75177,44.62681],[2.75335,44.62474],[2.75306,44.62347],[2.75064,44.62347],[2.75039,44.62255],[2.75112,44.61929],[2.75358,44.62004],[2.75529,44.61941],[2.75803,44.61932],[2.75968,44.62061],[2.76143,44.62046],[2.7628,44.61845],[2.76321,44.61679],[2.75909,44.61287],[2.7571,44.612],[2.75221,44.61054],[2.75015,44.61037],[2.74873,44.60948],[2.74874,44.60828],[2.74985,44.60738],[2.74969,44.60658],[2.74824,44.60441],[2.74681,44.60365],[2.74626,44.60102],[2.74656,44.59925],[2.74521,44.59738],[2.74565,44.59612],[2.74781,44.59597],[2.75092,44.59498],[2.75212,44.59321],[2.74872,44.5903],[2.75032,44.5901],[2.7512,44.58881],[2.75084,44.58734],[2.75196,44.58665],[2.75057,44.58532],[2.75099,44.58421],[2.74961,44.58317],[2.75087,44.5817],[2.75197,44.5797],[2.75064,44.57899],[2.75069,44.57813],[2.75409,44.57616],[2.75471,44.57355],[2.75609,44.57354],[2.75676,44.57235],[2.75823,44.57301],[2.75989,44.57237],[2.76072,44.56847],[2.76271,44.56919],[2.76564,44.56891],[2.76678,44.568],[2.76833,44.56823],[2.76954,44.56704],[2.77209,44.56607]]]}},{"type":"Feature","id":"fr-commune-12080","properties":{"id":"fr-commune-12080","name":"Coupiac","kind":"commune","center":[2.5888,43.9367],"code":"12080","department":"12"},"bbox":[2.53898,43.89994,2.63855,43.97339],"geometry":{"type":"Polygon","coordinates":[[[2.57445,43.91283],[2.58103,43.9151],[2.58195,43.9148],[2.58496,43.91588],[2.58743,43.91742],[2.58896,43.91758],[2.59005,43.9186],[2.59001,43.92113],[2.58894,43.92266],[2.58708,43.92419],[2.58717,43.92561],[2.58555,43.9271],[2.5844,43.92887],[2.58246,43.92924],[2.5839,43.93065],[2.58351,43.93244],[2.5846,43.9349],[2.5838,43.93776],[2.58371,43.93951],[2.58454,43.94065],[2.58337,43.94133],[2.57714,43.94322],[2.57468,43.94258],[2.57353,43.94301],[2.57341,43.94459],[2.56431,43.94544],[2.56444,43.94838],[2.56396,43.94944],[2.56432,43.95318],[2.56186,43.95298],[2.56077,43.95385],[2.55681,43.95359],[2.55542,43.95406],[2.55322,43.95419],[2.55153,43.95388],[2.55058,43.95252],[2.54916,43.95164],[2.5493,43.95044],[2.5477,43.9512],[2.54374,43.95142],[2.54297,43.95086],[2.53968,43.95006],[2.53898,43.952],[2.53899,43.95382],[2.54187,43.95609],[2.5445,43.95785],[2.54459,43.95879],[2.54598,43.96028],[2.54928,43.96209],[2.55186,43.9641],[2.55461,43.96456],[2.55832,43.96556],[2.55911,43.96613],[2.56285,43.96747],[2.56494,43.96871],[2.56602,43.97054],[2.56901,43.97085],[2.57024,43.97187],[2.5722,43.97279],[2.57433,43.97325],[2.57575,43.97224],[2.57855,43.9716],[2.581,43.9696],[2.58416,43.97073],[2.58785,43.96891],[2.58913,43.96724],[2.59148,43.96667],[2.59269,43.96914],[2.59271,43.97094],[2.59355,43.97224],[2.59757,43.97339],[2.59821,43.97112],[2.60023,43.97153],[2.60228,43.97153],[2.60481,43.97041],[2.60442,43.96829],[2.60523,43.96791],[2.60731,43.96906],[2.60964,43.97087],[2.61161,43.97141],[2.62359,43.97193],[2.62537,43.97113],[2.62737,43.97078],[2.63135,43.97173],[2.6341,43.97194],[2.63595,43.97089],[2.63803,43.97018],[2.63855,43.96933],[2.63823,43.96673],[2.63726,43.96483],[2.63745,43.96289],[2.63612,43.96152],[2.63347,43.96002],[2.63065,43.95751],[2.63214,43.95612],[2.6342,43.95564],[2.63347,43.95287],[2.63257,43.95157],[2.63222,43.9496],[2.63153,43.94802],[2.6269,43.95042],[2.62372,43.95186],[2.61836,43.95156],[2.61336,43.95069],[2.61144,43.95015],[2.609,43.95026],[2.60793,43.95086],[2.60331,43.95213],[2.60269,43.95121],[2.60329,43.94986],[2.60512,43.94851],[2.60736,43.94737],[2.60909,43.94604],[2.60867,43.94416],[2.60734,43.94316],[2.60682,43.94198],[2.60214,43.94417],[2.60105,43.94193],[2.59946,43.94159],[2.59741,43.94175],[2.59409,43.94276],[2.59527,43.93939],[2.59683,43.93917],[2.59629,43.93719],[2.59518,43.93561],[2.59513,43.93391],[2.59555,43.93236],[2.59661,43.93086],[2.60204,43.92919],[2.61012,43.92474],[2.61154,43.9242],[2.61293,43.92242],[2.61297,43.92132],[2.61217,43.91998],[2.61164,43.91808],[2.6133,43.91687],[2.6132,43.91602],[2.60962,43.9158],[2.60693,43.91466],[2.60704,43.9128],[2.60616,43.91126],[2.60425,43.9111],[2.605,43.90918],[2.60728,43.90762],[2.61011,43.90715],[2.61153,43.90733],[2.61569,43.90583],[2.61587,43.90392],[2.6174,43.90051],[2.6149,43.89994],[2.61301,43.90051],[2.61045,43.90083],[2.6019,43.90106],[2.60142,43.90142],[2.59861,43.9017],[2.59671,43.90499],[2.59386,43.90674],[2.59172,43.90724],[2.58512,43.91075],[2.58259,43.91137],[2.58095,43.91139],[2.57445,43.91283]]]}},{"type":"Feature","id":"fr-commune-12082","properties":{"id":"fr-commune-12082","name":"La Couvertoirade","kind":"commune","center":[3.2848,43.9307],"code":"12082","department":"12"},"bbox":[3.2109,43.89066,3.35822,43.97076],"geometry":{"type":"Polygon","coordinates":[[[3.26256,43.8911],[3.26096,43.8914],[3.25834,43.89132],[3.25386,43.89307],[3.25362,43.89704],[3.25105,43.89659],[3.24645,43.89672],[3.24707,43.90122],[3.24757,43.90286],[3.2476,43.90555],[3.24848,43.90646],[3.24715,43.90887],[3.24574,43.91055],[3.24495,43.91225],[3.24642,43.91356],[3.24963,43.91811],[3.25124,43.91916],[3.25224,43.92052],[3.25713,43.92309],[3.25474,43.92589],[3.25342,43.92624],[3.25251,43.92723],[3.24908,43.9285],[3.24696,43.93131],[3.24103,43.9324],[3.2388,43.93404],[3.24013,43.93619],[3.23566,43.93704],[3.23213,43.93838],[3.22957,43.94027],[3.22402,43.94346],[3.22206,43.94349],[3.22052,43.94453],[3.21795,43.94689],[3.21734,43.94839],[3.21649,43.94979],[3.21506,43.95034],[3.21286,43.95247],[3.21127,43.95437],[3.2109,43.95572],[3.21293,43.95498],[3.21528,43.95483],[3.21802,43.95597],[3.21911,43.95696],[3.22339,43.95988],[3.22618,43.96028],[3.22826,43.96109],[3.23314,43.9643],[3.23456,43.96503],[3.23695,43.96485],[3.23919,43.96343],[3.23943,43.96284],[3.24396,43.96253],[3.24912,43.96321],[3.25242,43.96156],[3.25581,43.96165],[3.25723,43.96213],[3.25933,43.96421],[3.26276,43.96841],[3.26483,43.96911],[3.26772,43.97076],[3.27166,43.96977],[3.27329,43.96856],[3.2769,43.96839],[3.2781,43.96914],[3.27918,43.9683],[3.28301,43.96831],[3.28708,43.96716],[3.2885,43.96767],[3.2957,43.96689],[3.29635,43.96655],[3.30027,43.9665],[3.30419,43.9672],[3.3116,43.96729],[3.31113,43.96247],[3.31178,43.96157],[3.31097,43.95884],[3.30777,43.95824],[3.30596,43.95815],[3.30447,43.95506],[3.30342,43.95152],[3.30616,43.95071],[3.31025,43.95015],[3.31413,43.94838],[3.31553,43.94647],[3.31738,43.94496],[3.32082,43.9439],[3.32264,43.94236],[3.32464,43.94207],[3.33061,43.94008],[3.33163,43.93898],[3.33615,43.9367],[3.33859,43.93568],[3.34101,43.93567],[3.3479,43.93714],[3.35144,43.93759],[3.35265,43.93598],[3.35194,43.93429],[3.35077,43.93436],[3.3504,43.93259],[3.35156,43.93123],[3.35326,43.9312],[3.35398,43.9303],[3.35175,43.92941],[3.352,43.92762],[3.35285,43.92736],[3.35356,43.92555],[3.35434,43.92504],[3.35439,43.92202],[3.35728,43.92061],[3.35577,43.91902],[3.3571,43.91815],[3.35547,43.91601],[3.35654,43.91398],[3.35822,43.91372],[3.3565,43.91204],[3.34389,43.90599],[3.33995,43.90078],[3.34162,43.89496],[3.343,43.89431],[3.33988,43.89386],[3.33611,43.89306],[3.33447,43.89305],[3.33106,43.89256],[3.32732,43.89239],[3.32236,43.89168],[3.31906,43.89066],[3.31783,43.89126],[3.31387,43.89254],[3.31127,43.89392],[3.30169,43.8936],[3.2984,43.89388],[3.29333,43.89601],[3.28983,43.89525],[3.28709,43.89383],[3.28669,43.89324],[3.28317,43.89288],[3.28114,43.89488],[3.27902,43.8955],[3.27682,43.89723],[3.27436,43.89839],[3.2695,43.89752],[3.2671,43.89651],[3.265,43.89528],[3.26302,43.89279],[3.26256,43.8911]]]}},{"type":"Feature","id":"fr-commune-12083","properties":{"id":"fr-commune-12083","name":"Cransac-les-Thermes","kind":"commune","center":[2.2901,44.5175],"code":"12083","department":"12"},"bbox":[2.26474,44.50341,2.31545,44.53166],"geometry":{"type":"Polygon","coordinates":[[[2.28061,44.50439],[2.2777,44.50341],[2.27679,44.50443],[2.27443,44.50615],[2.27581,44.50705],[2.27775,44.50724],[2.27884,44.50872],[2.27694,44.51048],[2.27728,44.51207],[2.27569,44.51302],[2.27342,44.51151],[2.27018,44.51222],[2.26927,44.51269],[2.26703,44.51471],[2.26705,44.51572],[2.2654,44.51732],[2.26587,44.51838],[2.26474,44.51893],[2.26568,44.52161],[2.26652,44.5222],[2.26662,44.52338],[2.2676,44.52412],[2.26796,44.52741],[2.26894,44.527],[2.2712,44.5286],[2.27151,44.52928],[2.27422,44.52919],[2.27598,44.52946],[2.27718,44.53019],[2.27675,44.53095],[2.27839,44.53166],[2.2797,44.53063],[2.28385,44.53063],[2.29026,44.52987],[2.29227,44.5292],[2.29416,44.52812],[2.29676,44.52891],[2.29868,44.5285],[2.29985,44.52809],[2.29701,44.52705],[2.29696,44.5249],[2.30225,44.52308],[2.30461,44.52304],[2.30607,44.52344],[2.31023,44.52227],[2.3104,44.5185],[2.30972,44.51722],[2.31049,44.51644],[2.31262,44.51553],[2.31545,44.51344],[2.31381,44.51111],[2.31188,44.51166],[2.30515,44.51195],[2.30264,44.51268],[2.30082,44.512],[2.29891,44.51204],[2.29609,44.51015],[2.29303,44.50775],[2.29055,44.50643],[2.28965,44.50728],[2.2886,44.50945],[2.2855,44.50973],[2.28341,44.50859],[2.28191,44.50729],[2.28018,44.50673],[2.28171,44.50489],[2.28061,44.50439]]]}},{"type":"Feature","id":"fr-commune-12084","properties":{"id":"fr-commune-12084","name":"Creissels","kind":"commune","center":[3.0572,44.0621],"code":"12084","department":"12"},"bbox":[3.00937,44.03075,3.10512,44.09352],"geometry":{"type":"Polygon","coordinates":[[[3.104,44.04416],[3.09791,44.04479],[3.09509,44.04404],[3.09598,44.04035],[3.09266,44.03975],[3.09437,44.03707],[3.09636,44.0362],[3.09547,44.03527],[3.09183,44.03291],[3.08795,44.0318],[3.08538,44.03083],[3.08382,44.03075],[3.07859,44.032],[3.0787,44.03445],[3.07941,44.03876],[3.07646,44.03815],[3.07431,44.03907],[3.07044,44.04376],[3.06724,44.04256],[3.06321,44.04198],[3.05954,44.04339],[3.05648,44.04305],[3.0552,44.04462],[3.05521,44.04612],[3.05385,44.04776],[3.05424,44.04915],[3.05356,44.05063],[3.04409,44.04837],[3.04358,44.04876],[3.03635,44.0523],[3.03411,44.05618],[3.03214,44.05816],[3.03284,44.05948],[3.03026,44.06044],[3.02897,44.06138],[3.02699,44.06149],[3.02409,44.06211],[3.02271,44.06205],[3.02051,44.06347],[3.01995,44.06469],[3.01991,44.06776],[3.01951,44.06859],[3.01659,44.07159],[3.01337,44.07312],[3.00937,44.07375],[3.01064,44.0745],[3.01092,44.07875],[3.01033,44.08023],[3.0115,44.08137],[3.01147,44.08249],[3.01241,44.08404],[3.01606,44.08384],[3.0192,44.08447],[3.02296,44.0856],[3.02615,44.08677],[3.02786,44.08778],[3.03164,44.09213],[3.03557,44.09352],[3.03737,44.09321],[3.03959,44.09163],[3.0422,44.09069],[3.0433,44.0907],[3.04681,44.0915],[3.0495,44.09118],[3.0499,44.09018],[3.0495,44.0889],[3.05052,44.08692],[3.05291,44.08576],[3.05526,44.08584],[3.0599,44.08703],[3.06266,44.0897],[3.06509,44.09035],[3.06743,44.09056],[3.06835,44.08917],[3.06903,44.08693],[3.07065,44.08562],[3.07265,44.08619],[3.07292,44.0854],[3.07444,44.08551],[3.07776,44.0852],[3.0792,44.08531],[3.07934,44.08195],[3.08088,44.07983],[3.08188,44.07996],[3.0831,44.07811],[3.08631,44.07485],[3.08913,44.07149],[3.09107,44.06716],[3.09223,44.06591],[3.09579,44.06326],[3.09726,44.06118],[3.09889,44.05805],[3.10316,44.05534],[3.10512,44.05258],[3.1051,44.0515],[3.104,44.04416]]]}},{"type":"Feature","id":"fr-commune-12085","properties":{"id":"fr-commune-12085","name":"Crespin","kind":"commune","center":[2.2447,44.1559],"code":"12085","department":"12"},"bbox":[2.18116,44.13398,2.30851,44.17781],"geometry":{"type":"Polygon","coordinates":[[[2.18855,44.13748],[2.18679,44.13734],[2.18291,44.13815],[2.18116,44.13913],[2.18123,44.14163],[2.18201,44.14231],[2.18489,44.14219],[2.18938,44.14453],[2.19049,44.14759],[2.19216,44.14921],[2.19414,44.1491],[2.19762,44.14744],[2.19871,44.1464],[2.19837,44.14555],[2.19688,44.14469],[2.19816,44.14363],[2.19965,44.14365],[2.20269,44.14439],[2.20552,44.14564],[2.20856,44.14641],[2.21297,44.14595],[2.21396,44.14642],[2.21502,44.14932],[2.21446,44.14996],[2.21211,44.15063],[2.21297,44.15171],[2.21473,44.15184],[2.21571,44.15123],[2.21867,44.15108],[2.21993,44.15186],[2.22127,44.15175],[2.22321,44.15234],[2.22486,44.15217],[2.22649,44.15296],[2.22681,44.1542],[2.22932,44.15482],[2.23184,44.15479],[2.23362,44.15546],[2.235,44.15726],[2.23657,44.1573],[2.23758,44.15875],[2.23875,44.15945],[2.24101,44.15843],[2.2417,44.1588],[2.24353,44.15834],[2.2444,44.15922],[2.24659,44.15844],[2.24816,44.15837],[2.24862,44.15769],[2.24893,44.15539],[2.25369,44.15367],[2.25893,44.15444],[2.26123,44.15459],[2.26237,44.15697],[2.26239,44.15863],[2.26617,44.15946],[2.2653,44.16134],[2.26708,44.16203],[2.27099,44.16143],[2.27351,44.16496],[2.27091,44.16712],[2.27043,44.16821],[2.26827,44.16987],[2.26675,44.17043],[2.26615,44.17169],[2.26763,44.17285],[2.26606,44.17409],[2.26586,44.17595],[2.26684,44.17692],[2.26671,44.17775],[2.26753,44.17781],[2.27062,44.17705],[2.27147,44.17572],[2.2729,44.17638],[2.27361,44.17563],[2.27541,44.17571],[2.27693,44.17448],[2.27889,44.17535],[2.27992,44.17435],[2.2818,44.17539],[2.28275,44.17543],[2.28281,44.17728],[2.28519,44.17779],[2.28628,44.17687],[2.28839,44.17747],[2.29059,44.17646],[2.29221,44.17683],[2.29276,44.17577],[2.29693,44.1754],[2.29833,44.17488],[2.3023,44.17628],[2.30312,44.17468],[2.30396,44.17412],[2.30851,44.17261],[2.3059,44.17191],[2.3045,44.17105],[2.3077,44.16828],[2.30802,44.16689],[2.30809,44.16569],[2.30647,44.16537],[2.30619,44.16247],[2.30698,44.16176],[2.30431,44.16139],[2.30305,44.15971],[2.30184,44.15989],[2.30145,44.16115],[2.29996,44.16183],[2.29966,44.16014],[2.29831,44.15761],[2.29615,44.15739],[2.29705,44.15632],[2.29598,44.15429],[2.29309,44.1537],[2.29252,44.15548],[2.29057,44.1551],[2.29088,44.15382],[2.29228,44.15324],[2.29451,44.15148],[2.29235,44.15141],[2.2916,44.15069],[2.29312,44.14936],[2.29061,44.14689],[2.2893,44.14668],[2.28853,44.14909],[2.28772,44.14678],[2.28678,44.14667],[2.28483,44.14546],[2.28365,44.14504],[2.28164,44.14552],[2.28064,44.14501],[2.27927,44.14564],[2.27694,44.14509],[2.27644,44.14629],[2.27299,44.14781],[2.27103,44.14804],[2.27029,44.14625],[2.26689,44.14448],[2.26299,44.1451],[2.26151,44.14603],[2.26075,44.14557],[2.26172,44.14441],[2.26154,44.1437],[2.25587,44.14257],[2.2546,44.14068],[2.25109,44.13897],[2.24939,44.13901],[2.24838,44.13827],[2.24675,44.13814],[2.24677,44.13717],[2.24553,44.13673],[2.24547,44.13583],[2.24426,44.13485],[2.24218,44.13585],[2.23988,44.13457],[2.23742,44.13398],[2.23339,44.13401],[2.23204,44.1346],[2.23139,44.13551],[2.23181,44.13679],[2.23023,44.13771],[2.22852,44.13774],[2.22557,44.13875],[2.22189,44.13901],[2.21562,44.13861],[2.21129,44.13766],[2.20802,44.13749],[2.20644,44.13767],[2.2039,44.13856],[2.20001,44.13852],[2.19651,44.14006],[2.1945,44.14056],[2.192,44.14037],[2.19064,44.13795],[2.18855,44.13748]]]}},{"type":"Feature","id":"fr-commune-12086","properties":{"id":"fr-commune-12086","name":"La Cresse","kind":"commune","center":[3.1621,44.169],"code":"12086","department":"12"},"bbox":[3.12014,44.14715,3.20397,44.19076],"geometry":{"type":"Polygon","coordinates":[[[3.12849,44.15798],[3.12857,44.1589],[3.12565,44.16049],[3.12014,44.16602],[3.12188,44.1668],[3.12345,44.16851],[3.12555,44.17137],[3.12815,44.17268],[3.12818,44.17389],[3.12743,44.17594],[3.12561,44.1776],[3.12596,44.17978],[3.12736,44.18129],[3.12864,44.18333],[3.13037,44.18403],[3.13217,44.18538],[3.13363,44.18599],[3.13472,44.18706],[3.13717,44.18865],[3.13831,44.18875],[3.14091,44.18981],[3.14641,44.19076],[3.14972,44.18943],[3.15044,44.18875],[3.1532,44.18776],[3.15615,44.18824],[3.15684,44.18879],[3.15853,44.18831],[3.16003,44.18661],[3.16127,44.1868],[3.1642,44.18615],[3.16561,44.18682],[3.16731,44.1886],[3.17089,44.18988],[3.17349,44.18966],[3.17431,44.18574],[3.17427,44.18421],[3.17333,44.1802],[3.1739,44.17795],[3.17381,44.17686],[3.17679,44.17577],[3.17746,44.1737],[3.17903,44.172],[3.18048,44.1714],[3.18316,44.16943],[3.18331,44.16843],[3.18524,44.16786],[3.1862,44.16654],[3.18821,44.16572],[3.18934,44.16578],[3.19182,44.16429],[3.19449,44.16168],[3.1967,44.16054],[3.1991,44.15845],[3.20232,44.1564],[3.20397,44.15332],[3.20339,44.15225],[3.20087,44.15323],[3.19826,44.15271],[3.19641,44.15367],[3.19358,44.15407],[3.1896,44.15621],[3.18927,44.15495],[3.18697,44.15292],[3.18463,44.15481],[3.18292,44.15564],[3.18203,44.1546],[3.18147,44.15267],[3.18023,44.15151],[3.17981,44.15017],[3.18037,44.1483],[3.17887,44.14715],[3.17504,44.14759],[3.17392,44.14796],[3.16949,44.14849],[3.16478,44.14746],[3.16054,44.14803],[3.15871,44.14786],[3.1571,44.14874],[3.15326,44.14914],[3.14918,44.14984],[3.14575,44.15068],[3.14166,44.15201],[3.13456,44.15486],[3.12849,44.15798]]]}},{"type":"Feature","id":"fr-commune-12088","properties":{"id":"fr-commune-12088","name":"Curières","kind":"commune","center":[2.8954,44.6398],"code":"12088","department":"12"},"bbox":[2.82769,44.60196,2.96318,44.67763],"geometry":{"type":"Polygon","coordinates":[[[2.96187,44.65455],[2.96142,44.65348],[2.95988,44.65385],[2.95825,44.65359],[2.9559,44.65484],[2.95453,44.65389],[2.95283,44.65341],[2.94989,44.65084],[2.94686,44.64956],[2.94139,44.64638],[2.93846,44.64422],[2.93113,44.64262],[2.92802,44.64084],[2.92171,44.63901],[2.92066,44.63809],[2.91483,44.63736],[2.91297,44.63758],[2.91028,44.63678],[2.90716,44.63635],[2.90498,44.63466],[2.90231,44.63388],[2.89353,44.63334],[2.89099,44.63361],[2.88743,44.63472],[2.88412,44.63383],[2.88143,44.6322],[2.87811,44.63179],[2.87568,44.63069],[2.87511,44.62946],[2.87268,44.62816],[2.86919,44.62788],[2.86713,44.62709],[2.86736,44.62623],[2.86577,44.62558],[2.86464,44.62404],[2.86234,44.62248],[2.86091,44.62002],[2.857,44.61715],[2.85611,44.61507],[2.8544,44.6142],[2.85199,44.61216],[2.84987,44.61222],[2.84518,44.60856],[2.84549,44.60775],[2.84382,44.60543],[2.83944,44.60516],[2.83764,44.60434],[2.83599,44.60435],[2.83492,44.60503],[2.83332,44.6033],[2.82979,44.60196],[2.82769,44.60256],[2.82966,44.60412],[2.82912,44.60514],[2.8309,44.60651],[2.83144,44.60814],[2.82915,44.60864],[2.82932,44.60972],[2.83566,44.61137],[2.83776,44.6123],[2.83851,44.61319],[2.84019,44.61357],[2.84112,44.61474],[2.8419,44.61725],[2.84349,44.61736],[2.8437,44.61841],[2.8462,44.61841],[2.84648,44.61913],[2.85006,44.62003],[2.8508,44.62187],[2.85188,44.62299],[2.85209,44.62604],[2.84988,44.62744],[2.84948,44.62859],[2.84792,44.62879],[2.84823,44.63133],[2.84621,44.63135],[2.84613,44.63412],[2.84795,44.63545],[2.84495,44.63677],[2.84303,44.63681],[2.83999,44.63754],[2.83872,44.63813],[2.8379,44.63927],[2.83835,44.64135],[2.84061,44.64452],[2.84166,44.64521],[2.84352,44.64738],[2.84378,44.64962],[2.84436,44.65051],[2.84549,44.65447],[2.84604,44.65569],[2.84482,44.65661],[2.8442,44.65796],[2.84497,44.65908],[2.84717,44.66009],[2.84821,44.66112],[2.84893,44.662],[2.8514,44.66194],[2.85256,44.66261],[2.85132,44.66441],[2.85309,44.66544],[2.85165,44.6668],[2.84949,44.66719],[2.84938,44.66877],[2.85417,44.66692],[2.85506,44.66683],[2.85883,44.66743],[2.8613,44.66758],[2.86474,44.66897],[2.86886,44.66982],[2.87149,44.66887],[2.88066,44.67033],[2.8884,44.67024],[2.89251,44.67051],[2.89418,44.67116],[2.89496,44.67226],[2.8972,44.67183],[2.89888,44.67077],[2.90243,44.66945],[2.90561,44.66752],[2.90787,44.66686],[2.91034,44.66676],[2.91419,44.6657],[2.91483,44.66649],[2.91702,44.66782],[2.91971,44.66985],[2.92553,44.67166],[2.92799,44.67333],[2.93264,44.67482],[2.93415,44.67507],[2.93557,44.67465],[2.93757,44.67526],[2.93906,44.67634],[2.93938,44.67763],[2.94164,44.67688],[2.94431,44.67706],[2.94549,44.67662],[2.94604,44.67556],[2.94827,44.67428],[2.94896,44.67231],[2.95037,44.67018],[2.95217,44.66887],[2.9545,44.66789],[2.95502,44.66688],[2.95537,44.66277],[2.95485,44.66099],[2.95603,44.65976],[2.95971,44.65961],[2.96151,44.65887],[2.96318,44.65868],[2.96187,44.65455]]]}},{"type":"Feature","id":"fr-commune-12089","properties":{"id":"fr-commune-12089","name":"Decazeville","kind":"commune","center":[2.2563,44.5686],"code":"12089","department":"12"},"bbox":[2.22001,44.54296,2.29255,44.59421],"geometry":{"type":"Polygon","coordinates":[[[2.29109,44.56204],[2.28927,44.56306],[2.2871,44.56364],[2.28207,44.56372],[2.28099,44.56173],[2.28091,44.56042],[2.2774,44.55786],[2.28024,44.5558],[2.28201,44.55517],[2.28162,44.55403],[2.28219,44.55334],[2.28053,44.551],[2.27785,44.54845],[2.27653,44.54778],[2.27584,44.54643],[2.27142,44.54543],[2.26996,44.54375],[2.26791,44.54476],[2.26578,44.54319],[2.2632,44.54296],[2.26112,44.54494],[2.25986,44.5453],[2.25777,44.54448],[2.25777,44.54696],[2.2557,44.54778],[2.25493,44.54909],[2.25372,44.54968],[2.25216,44.55122],[2.24854,44.55364],[2.24723,44.55528],[2.24356,44.55528],[2.24188,44.55575],[2.24067,44.55412],[2.23993,44.55384],[2.23896,44.55518],[2.23869,44.55667],[2.23914,44.55837],[2.23762,44.56085],[2.2358,44.56045],[2.23519,44.56237],[2.23538,44.56432],[2.23462,44.56476],[2.23379,44.56685],[2.23202,44.56689],[2.23101,44.56642],[2.22679,44.56717],[2.22508,44.57018],[2.22328,44.56961],[2.22211,44.57086],[2.22134,44.57205],[2.22045,44.57453],[2.22094,44.57693],[2.22001,44.57967],[2.22411,44.58311],[2.22687,44.58509],[2.22706,44.58662],[2.23098,44.58509],[2.23421,44.58345],[2.23731,44.58365],[2.24244,44.58527],[2.24524,44.58689],[2.24828,44.58962],[2.24955,44.5913],[2.2497,44.59382],[2.25099,44.59421],[2.25283,44.59363],[2.25461,44.59236],[2.25512,44.58982],[2.25444,44.58842],[2.25514,44.58557],[2.25397,44.58336],[2.25413,44.58205],[2.25349,44.57911],[2.2524,44.57817],[2.25321,44.57493],[2.25575,44.57506],[2.2576,44.57417],[2.26161,44.57469],[2.25992,44.57686],[2.25982,44.57806],[2.25876,44.57923],[2.25587,44.58144],[2.25761,44.58237],[2.26158,44.58031],[2.26397,44.5794],[2.2661,44.57782],[2.26922,44.57423],[2.26945,44.57216],[2.26788,44.57225],[2.26764,44.56994],[2.26966,44.56979],[2.27074,44.56897],[2.27399,44.56775],[2.27678,44.56567],[2.27913,44.56504],[2.28239,44.56501],[2.284,44.56548],[2.28548,44.56515],[2.28725,44.56571],[2.2885,44.56562],[2.29255,44.5635],[2.29109,44.56204]]]}},{"type":"Feature","id":"fr-commune-12090","properties":{"id":"fr-commune-12090","name":"Druelle Balsac","kind":"commune","center":[2.4702477003183687,44.37288359086842],"code":"12090","department":"12"},"bbox":[2.40861,44.33009,2.53954,44.42698],"geometry":{"type":"Polygon","coordinates":[[[2.5356,44.37728],[2.53383,44.37288],[2.5333,44.36901],[2.53581,44.36584],[2.53562,44.36458],[2.53831,44.36317],[2.53812,44.36155],[2.53954,44.36078],[2.53835,44.36076],[2.53673,44.36146],[2.53353,44.362],[2.52815,44.36028],[2.52915,44.35902],[2.52861,44.35684],[2.52592,44.3574],[2.52328,44.35685],[2.52328,44.35247],[2.52432,44.35072],[2.52584,44.34986],[2.52691,44.3487],[2.52595,44.34802],[2.52325,44.34523],[2.52314,44.34197],[2.52177,44.34135],[2.52154,44.34055],[2.52193,44.33717],[2.52089,44.33661],[2.523,44.33544],[2.52108,44.33349],[2.51889,44.33291],[2.51588,44.33327],[2.51363,44.33307],[2.51269,44.33396],[2.50919,44.33549],[2.50862,44.33604],[2.50626,44.335],[2.50547,44.33329],[2.50428,44.33302],[2.50303,44.33374],[2.50154,44.33241],[2.50078,44.33267],[2.49589,44.33015],[2.493,44.33176],[2.49172,44.33034],[2.48965,44.33009],[2.48603,44.33127],[2.48194,44.33217],[2.48061,44.33273],[2.48067,44.33438],[2.47999,44.33529],[2.48053,44.33702],[2.48018,44.33786],[2.47828,44.33863],[2.47383,44.33958],[2.47077,44.33945],[2.46918,44.33899],[2.46779,44.33934],[2.46336,44.33978],[2.46095,44.34141],[2.46024,44.34259],[2.4612,44.34305],[2.46143,44.3453],[2.46363,44.34725],[2.4641,44.34865],[2.46365,44.34949],[2.46081,44.35166],[2.46004,44.35478],[2.45927,44.35551],[2.45721,44.35584],[2.45636,44.35485],[2.45645,44.35249],[2.45595,44.35113],[2.45643,44.34948],[2.45538,44.3492],[2.45192,44.35106],[2.44751,44.35195],[2.4441,44.353],[2.44229,44.35396],[2.44076,44.35696],[2.44044,44.3585],[2.44055,44.36159],[2.43892,44.36237],[2.43652,44.35942],[2.43434,44.35931],[2.4305,44.36113],[2.4298,44.36095],[2.43004,44.35871],[2.42965,44.35746],[2.42836,44.35576],[2.42722,44.3552],[2.42322,44.35657],[2.42072,44.3588],[2.41987,44.35993],[2.41953,44.36241],[2.4186,44.36365],[2.41503,44.3642],[2.41329,44.36505],[2.41069,44.36892],[2.40946,44.36906],[2.41173,44.37384],[2.41154,44.37596],[2.41029,44.37772],[2.40861,44.38087],[2.40918,44.38185],[2.41164,44.3813],[2.41547,44.37918],[2.41838,44.38024],[2.41812,44.38214],[2.41851,44.3835],[2.41965,44.38393],[2.4204,44.38618],[2.42218,44.38785],[2.42588,44.38752],[2.42691,44.38784],[2.4292,44.38754],[2.43213,44.38866],[2.43118,44.38988],[2.4301,44.39373],[2.4283,44.39504],[2.4284,44.39607],[2.42733,44.39732],[2.42786,44.39859],[2.42743,44.39962],[2.4298,44.40064],[2.42955,44.40173],[2.4294,44.40583],[2.43051,44.4074],[2.43177,44.40707],[2.43471,44.40874],[2.43615,44.40885],[2.43595,44.41005],[2.43703,44.41271],[2.43909,44.41374],[2.43897,44.41486],[2.44196,44.41661],[2.44034,44.41829],[2.44317,44.41923],[2.44325,44.42092],[2.44527,44.4213],[2.44348,44.42608],[2.44268,44.42698],[2.44424,44.42646],[2.45571,44.42202],[2.45722,44.42657],[2.46062,44.42482],[2.46282,44.42378],[2.46561,44.42284],[2.46485,44.4188],[2.46412,44.41725],[2.46735,44.41717],[2.46914,44.41784],[2.46986,44.41677],[2.46889,44.41422],[2.46947,44.41412],[2.46828,44.41154],[2.4731,44.40966],[2.47267,44.40771],[2.47611,44.40646],[2.4795,44.40394],[2.48313,44.40073],[2.48349,44.40013],[2.4862,44.3985],[2.48909,44.39764],[2.49048,44.39656],[2.48874,44.39545],[2.48767,44.39417],[2.48526,44.39392],[2.48461,44.39316],[2.48514,44.39187],[2.48442,44.39042],[2.48162,44.38773],[2.48124,44.38649],[2.47923,44.38445],[2.4756,44.38393],[2.47188,44.37866],[2.47223,44.37705],[2.47168,44.3759],[2.47125,44.37297],[2.47132,44.37074],[2.47266,44.37015],[2.47653,44.37149],[2.47873,44.37262],[2.48098,44.37106],[2.47958,44.36988],[2.48314,44.36982],[2.48344,44.37093],[2.48301,44.37246],[2.48543,44.37305],[2.48858,44.37511],[2.49171,44.37234],[2.4934,44.36885],[2.49537,44.36904],[2.49735,44.36728],[2.4982,44.36944],[2.50118,44.36937],[2.50105,44.37009],[2.50512,44.37084],[2.50501,44.36782],[2.50784,44.36766],[2.50956,44.36919],[2.50641,44.36926],[2.50646,44.37116],[2.50837,44.37468],[2.50925,44.37466],[2.51223,44.37237],[2.5133,44.37409],[2.51525,44.37418],[2.51764,44.37386],[2.51903,44.37732],[2.52273,44.37678],[2.52404,44.37682],[2.52782,44.38204],[2.53236,44.38146],[2.536,44.37897],[2.5356,44.37728]]]}},{"type":"Feature","id":"fr-commune-12091","properties":{"id":"fr-commune-12091","name":"Drulhe","kind":"commune","center":[2.1361,44.4524],"code":"12091","department":"12"},"bbox":[2.10323,44.42687,2.16904,44.47807],"geometry":{"type":"Polygon","coordinates":[[[2.1098,44.47221],[2.10949,44.47463],[2.11197,44.47682],[2.11476,44.47807],[2.1182,44.47744],[2.11946,44.4776],[2.12112,44.47644],[2.12354,44.4768],[2.12461,44.47516],[2.12569,44.47533],[2.12732,44.47353],[2.13153,44.47302],[2.13444,44.47376],[2.13664,44.47333],[2.13943,44.4734],[2.14069,44.47276],[2.14263,44.47264],[2.14366,44.47444],[2.14559,44.47556],[2.14614,44.47386],[2.14734,44.47332],[2.1499,44.4745],[2.15145,44.4738],[2.15221,44.47228],[2.15477,44.47093],[2.15617,44.47143],[2.15776,44.47056],[2.15967,44.46941],[2.16159,44.46966],[2.16336,44.47086],[2.1668,44.46893],[2.16884,44.46746],[2.16904,44.46633],[2.16784,44.46419],[2.1659,44.46257],[2.1647,44.46116],[2.16465,44.45983],[2.16629,44.45843],[2.16766,44.45575],[2.16659,44.45499],[2.16515,44.45571],[2.16263,44.45554],[2.16233,44.45145],[2.16269,44.44958],[2.16088,44.45033],[2.15923,44.45027],[2.15645,44.45092],[2.15494,44.45184],[2.15177,44.45201],[2.15176,44.45102],[2.15298,44.44813],[2.15501,44.44652],[2.15835,44.44508],[2.16013,44.4454],[2.15959,44.44113],[2.15818,44.43838],[2.15655,44.43929],[2.15233,44.43995],[2.15093,44.43975],[2.14961,44.43853],[2.14581,44.4376],[2.14436,44.43794],[2.14347,44.43658],[2.14198,44.43635],[2.1411,44.43532],[2.14074,44.43334],[2.13616,44.43057],[2.13474,44.43016],[2.13206,44.43015],[2.12975,44.42925],[2.12858,44.42766],[2.12759,44.42687],[2.126,44.42738],[2.12515,44.42877],[2.12417,44.42935],[2.12328,44.43081],[2.1229,44.43437],[2.12105,44.43618],[2.12285,44.43743],[2.12029,44.4382],[2.11842,44.44111],[2.11549,44.44261],[2.11237,44.44367],[2.11043,44.44581],[2.10788,44.44724],[2.10783,44.44909],[2.10618,44.45039],[2.10705,44.45172],[2.1065,44.45353],[2.10333,44.4553],[2.10323,44.45677],[2.10453,44.45733],[2.10672,44.45918],[2.10753,44.46163],[2.1091,44.46391],[2.11039,44.46466],[2.11004,44.46597],[2.11103,44.46648],[2.11092,44.46831],[2.11012,44.47047],[2.109,44.47179],[2.1098,44.47221]]]}},{"type":"Feature","id":"fr-commune-12092","properties":{"id":"fr-commune-12092","name":"Durenque","kind":"commune","center":[2.6206,44.0999],"code":"12092","department":"12"},"bbox":[2.57732,44.06709,2.66384,44.13239],"geometry":{"type":"Polygon","coordinates":[[[2.58663,44.12126],[2.5881,44.12212],[2.58909,44.11964],[2.59192,44.11785],[2.5919,44.11667],[2.59106,44.11603],[2.59068,44.11399],[2.5921,44.11324],[2.59372,44.1131],[2.59705,44.11391],[2.59875,44.11548],[2.6001,44.11564],[2.60013,44.11668],[2.60101,44.11738],[2.60123,44.11928],[2.60397,44.12424],[2.60491,44.12451],[2.60435,44.12581],[2.60205,44.12708],[2.60204,44.12889],[2.60327,44.12998],[2.60747,44.13002],[2.60929,44.12939],[2.61137,44.13045],[2.61516,44.13001],[2.61617,44.13058],[2.61983,44.13079],[2.62205,44.13198],[2.62694,44.13213],[2.63049,44.12946],[2.63275,44.13089],[2.63432,44.13239],[2.63618,44.13073],[2.63955,44.1294],[2.64247,44.12723],[2.64363,44.12671],[2.64535,44.12713],[2.65066,44.12673],[2.65277,44.1252],[2.65309,44.12605],[2.6549,44.12749],[2.65684,44.12748],[2.65897,44.12608],[2.66008,44.12473],[2.66194,44.12153],[2.65977,44.11985],[2.6579,44.12112],[2.65474,44.11979],[2.65118,44.11904],[2.64848,44.11675],[2.6486,44.11545],[2.64566,44.11478],[2.64619,44.11262],[2.64967,44.11096],[2.65225,44.11012],[2.65593,44.10845],[2.65683,44.10731],[2.65467,44.10544],[2.65473,44.10459],[2.65265,44.10394],[2.65206,44.10276],[2.64882,44.10253],[2.65617,44.1006],[2.65932,44.09939],[2.66223,44.09875],[2.66354,44.09772],[2.66258,44.0967],[2.6637,44.09586],[2.6623,44.09404],[2.6635,44.09306],[2.66384,44.09199],[2.66301,44.09119],[2.66242,44.08826],[2.66033,44.08668],[2.65977,44.08434],[2.66069,44.08195],[2.65873,44.08111],[2.65825,44.07867],[2.65751,44.0788],[2.65309,44.08117],[2.65115,44.08184],[2.65065,44.08007],[2.64836,44.07845],[2.64635,44.07898],[2.64526,44.07827],[2.6453,44.07731],[2.64234,44.07649],[2.63624,44.07704],[2.63541,44.07598],[2.63671,44.07401],[2.6355,44.07404],[2.63394,44.07321],[2.63243,44.07166],[2.63109,44.07146],[2.63129,44.0704],[2.62909,44.06948],[2.62849,44.07033],[2.62684,44.07081],[2.62445,44.06961],[2.62234,44.07004],[2.61999,44.06847],[2.61798,44.06856],[2.61608,44.06721],[2.61491,44.06781],[2.61344,44.06709],[2.61216,44.06858],[2.61267,44.07022],[2.612,44.07209],[2.61257,44.07368],[2.61274,44.0758],[2.61124,44.07828],[2.60879,44.07843],[2.60537,44.07564],[2.60368,44.0752],[2.6027,44.07613],[2.59871,44.07737],[2.59769,44.07835],[2.59429,44.07944],[2.593,44.08135],[2.59344,44.08344],[2.59136,44.08426],[2.58925,44.08391],[2.58767,44.08486],[2.58601,44.08489],[2.5849,44.08361],[2.58289,44.084],[2.58085,44.08362],[2.58144,44.08455],[2.58115,44.08558],[2.58251,44.08701],[2.58152,44.08896],[2.58204,44.0913],[2.58188,44.09318],[2.58077,44.09461],[2.58116,44.09668],[2.58309,44.09811],[2.58604,44.09737],[2.58715,44.0987],[2.5875,44.10029],[2.58551,44.10106],[2.58614,44.10187],[2.58525,44.10325],[2.58337,44.10418],[2.58134,44.10454],[2.57899,44.10558],[2.57732,44.10581],[2.57771,44.10677],[2.57978,44.10879],[2.57867,44.11057],[2.57921,44.11426],[2.58011,44.11449],[2.5806,44.1163],[2.58166,44.11665],[2.58208,44.11786],[2.58663,44.12126]]]}},{"type":"Feature","id":"fr-commune-12093","properties":{"id":"fr-commune-12093","name":"Le Fel","kind":"commune","center":[2.5153,44.67],"code":"12093","department":"12"},"bbox":[2.46773,44.64096,2.56275,44.69907],"geometry":{"type":"Polygon","coordinates":[[[2.56123,44.69406],[2.56063,44.69224],[2.56157,44.68964],[2.56126,44.68804],[2.56221,44.68744],[2.56188,44.68585],[2.56275,44.68436],[2.56241,44.68309],[2.5602,44.68235],[2.55687,44.68328],[2.55495,44.68327],[2.5546,44.68205],[2.55306,44.68151],[2.55068,44.68153],[2.55032,44.68029],[2.554,44.67907],[2.5539,44.67845],[2.55098,44.67666],[2.546,44.6763],[2.54478,44.67563],[2.54388,44.67413],[2.54469,44.6731],[2.544,44.67219],[2.54195,44.6737],[2.53987,44.67343],[2.54131,44.66946],[2.54052,44.66793],[2.54174,44.66733],[2.54319,44.66775],[2.54414,44.66718],[2.54393,44.66606],[2.54447,44.66482],[2.5434,44.66275],[2.54354,44.66187],[2.54607,44.66156],[2.54564,44.66092],[2.54314,44.66005],[2.54206,44.65852],[2.54125,44.65599],[2.53755,44.65393],[2.5351,44.65348],[2.53527,44.65229],[2.53479,44.65008],[2.534,44.64943],[2.53381,44.64724],[2.53432,44.64661],[2.52904,44.64744],[2.5258,44.64756],[2.52457,44.64584],[2.52276,44.64542],[2.52143,44.64562],[2.52074,44.64668],[2.51901,44.64798],[2.51705,44.64828],[2.516,44.64793],[2.51358,44.64631],[2.51096,44.64523],[2.50998,44.64514],[2.50719,44.6468],[2.50525,44.64702],[2.50394,44.64657],[2.50351,44.64467],[2.50232,44.64346],[2.49977,44.64337],[2.49667,44.64523],[2.49246,44.64496],[2.48917,44.64414],[2.48541,44.64148],[2.48469,44.64153],[2.48376,44.64176],[2.47859,44.64148],[2.47587,44.64096],[2.47361,44.64173],[2.4706,44.64201],[2.46773,44.64286],[2.46916,44.64439],[2.46868,44.6453],[2.46907,44.64794],[2.46893,44.64964],[2.47099,44.65169],[2.47217,44.65219],[2.47393,44.65187],[2.47576,44.65058],[2.47697,44.65019],[2.47762,44.64914],[2.47879,44.64913],[2.48052,44.65012],[2.48161,44.64997],[2.48391,44.65076],[2.48573,44.653],[2.48688,44.65631],[2.48767,44.65677],[2.49031,44.65688],[2.49099,44.65804],[2.48902,44.66035],[2.48921,44.66184],[2.48775,44.6628],[2.48887,44.66494],[2.48753,44.666],[2.48763,44.66874],[2.48859,44.67061],[2.49089,44.67191],[2.4926,44.67385],[2.49274,44.67508],[2.49481,44.67772],[2.49627,44.68043],[2.49685,44.68263],[2.49815,44.68379],[2.49833,44.68579],[2.49943,44.68749],[2.49935,44.68931],[2.50031,44.69047],[2.50253,44.69073],[2.50511,44.69216],[2.50631,44.6932],[2.50921,44.69322],[2.50971,44.69467],[2.51105,44.69576],[2.51414,44.69309],[2.51643,44.69541],[2.51652,44.69614],[2.51798,44.69871],[2.51894,44.69907],[2.51976,44.69831],[2.52122,44.69594],[2.52474,44.69396],[2.52672,44.69365],[2.52755,44.69305],[2.52977,44.69258],[2.53192,44.69379],[2.53259,44.69372],[2.53771,44.69604],[2.53935,44.69628],[2.5425,44.69604],[2.54374,44.69568],[2.54691,44.69543],[2.54794,44.6959],[2.54903,44.69505],[2.54953,44.69383],[2.55116,44.69377],[2.55184,44.69285],[2.55337,44.69294],[2.55521,44.6937],[2.55863,44.69415],[2.56123,44.69406]]]}},{"type":"Feature","id":"fr-commune-12094","properties":{"id":"fr-commune-12094","name":"Entraygues-sur-Truyère","kind":"commune","center":[2.5853,44.6604],"code":"12094","department":"12"},"bbox":[2.53381,44.62596,2.6368,44.69479],"geometry":{"type":"Polygon","coordinates":[[[2.57221,44.69317],[2.57031,44.68949],[2.57001,44.68776],[2.57055,44.68542],[2.5728,44.68123],[2.57359,44.67882],[2.57509,44.67594],[2.57485,44.67451],[2.57367,44.67207],[2.57361,44.6691],[2.57428,44.66845],[2.57658,44.66781],[2.57804,44.66682],[2.5804,44.66461],[2.58215,44.66189],[2.58318,44.66098],[2.58507,44.6612],[2.58774,44.66016],[2.58952,44.66326],[2.59173,44.66348],[2.59332,44.66411],[2.5981,44.66173],[2.59972,44.66232],[2.60313,44.66304],[2.60453,44.66251],[2.60495,44.6639],[2.60591,44.66496],[2.60831,44.66402],[2.61083,44.66451],[2.61373,44.66423],[2.61197,44.6655],[2.61116,44.66677],[2.6111,44.66798],[2.60928,44.6692],[2.6067,44.66929],[2.60328,44.66903],[2.60057,44.66935],[2.60047,44.67093],[2.60392,44.67097],[2.60405,44.6721],[2.60723,44.67401],[2.60561,44.67577],[2.60379,44.67694],[2.60384,44.67809],[2.60303,44.68066],[2.60069,44.68188],[2.60153,44.68314],[2.60337,44.68451],[2.60599,44.68392],[2.60812,44.68188],[2.60906,44.68341],[2.61113,44.68299],[2.6118,44.68173],[2.61502,44.6793],[2.61738,44.67908],[2.61935,44.67751],[2.61936,44.67616],[2.62219,44.67576],[2.6226,44.67437],[2.62388,44.67341],[2.62203,44.67186],[2.62195,44.67025],[2.62031,44.66854],[2.61708,44.6659],[2.61752,44.665],[2.61688,44.66409],[2.61573,44.66058],[2.61322,44.66015],[2.61176,44.65803],[2.61068,44.65759],[2.61237,44.65655],[2.6155,44.65752],[2.61794,44.65556],[2.61961,44.65554],[2.61973,44.65393],[2.62108,44.65356],[2.62384,44.65364],[2.62647,44.65447],[2.62852,44.65351],[2.6304,44.65119],[2.63502,44.65207],[2.6368,44.65113],[2.63622,44.64798],[2.63571,44.64708],[2.63381,44.64566],[2.63496,44.64491],[2.6345,44.64416],[2.63491,44.64286],[2.63482,44.64055],[2.63127,44.64124],[2.63164,44.64192],[2.62932,44.64282],[2.62932,44.64152],[2.62779,44.641],[2.62466,44.64171],[2.62321,44.6427],[2.62038,44.64213],[2.61994,44.64325],[2.6164,44.64324],[2.61526,44.64215],[2.61023,44.64283],[2.60789,44.64184],[2.6077,44.64117],[2.60524,44.64158],[2.60486,44.63969],[2.60202,44.63938],[2.60459,44.63511],[2.60427,44.63408],[2.60105,44.63317],[2.60085,44.63196],[2.5989,44.63129],[2.59647,44.631],[2.5951,44.63038],[2.59623,44.6293],[2.59497,44.62822],[2.59338,44.62883],[2.59399,44.63129],[2.59079,44.63173],[2.5893,44.63121],[2.58561,44.63065],[2.58413,44.63082],[2.58146,44.63212],[2.58092,44.63286],[2.57851,44.63228],[2.57712,44.63269],[2.57435,44.63022],[2.57516,44.62883],[2.57618,44.62826],[2.5754,44.62742],[2.57259,44.62596],[2.57029,44.62629],[2.56755,44.62622],[2.56588,44.62656],[2.56594,44.62745],[2.56441,44.62861],[2.56204,44.62885],[2.56048,44.6281],[2.55977,44.62897],[2.55731,44.63069],[2.55549,44.63039],[2.55256,44.63173],[2.54942,44.63134],[2.54847,44.63094],[2.54543,44.63271],[2.54045,44.63383],[2.53886,44.63605],[2.5364,44.63704],[2.53807,44.64085],[2.53985,44.64128],[2.54224,44.64347],[2.54147,44.64667],[2.53847,44.6468],[2.53621,44.64632],[2.53432,44.64661],[2.53381,44.64724],[2.534,44.64943],[2.53479,44.65008],[2.53527,44.65229],[2.5351,44.65348],[2.53755,44.65393],[2.54125,44.65599],[2.54206,44.65852],[2.54314,44.66005],[2.54564,44.66092],[2.54607,44.66156],[2.54354,44.66187],[2.5434,44.66275],[2.54447,44.66482],[2.54393,44.66606],[2.54414,44.66718],[2.54319,44.66775],[2.54174,44.66733],[2.54052,44.66793],[2.54131,44.66946],[2.53987,44.67343],[2.54195,44.6737],[2.544,44.67219],[2.54469,44.6731],[2.54388,44.67413],[2.54478,44.67563],[2.546,44.6763],[2.55098,44.67666],[2.5539,44.67845],[2.554,44.67907],[2.55032,44.68029],[2.55068,44.68153],[2.55306,44.68151],[2.5546,44.68205],[2.55495,44.68327],[2.55687,44.68328],[2.5602,44.68235],[2.56241,44.68309],[2.56275,44.68436],[2.56188,44.68585],[2.56221,44.68744],[2.56126,44.68804],[2.56157,44.68964],[2.56063,44.69224],[2.56123,44.69406],[2.56244,44.69399],[2.56439,44.69479],[2.56918,44.69465],[2.56954,44.69325],[2.57136,44.69384],[2.57221,44.69317]]]}},{"type":"Feature","id":"fr-commune-12095","properties":{"id":"fr-commune-12095","name":"Escandolières","kind":"commune","center":[2.3515,44.4727],"code":"12095","department":"12"},"bbox":[2.32299,44.45008,2.37987,44.4953],"geometry":{"type":"Polygon","coordinates":[[[2.37067,44.46081],[2.36907,44.4594],[2.36582,44.46141],[2.36532,44.45973],[2.36443,44.45955],[2.36419,44.45712],[2.36294,44.45565],[2.36289,44.45444],[2.35999,44.4549],[2.35941,44.45435],[2.35786,44.45616],[2.35737,44.45753],[2.35346,44.45766],[2.35159,44.45691],[2.34948,44.45862],[2.34597,44.45886],[2.34405,44.45976],[2.34271,44.45932],[2.34202,44.45761],[2.34442,44.4569],[2.3461,44.4569],[2.34556,44.45445],[2.34433,44.45336],[2.3447,44.4522],[2.34662,44.4523],[2.34654,44.4535],[2.34851,44.45363],[2.34787,44.45024],[2.3464,44.45077],[2.34303,44.45076],[2.34187,44.45046],[2.33904,44.45049],[2.33762,44.45115],[2.33506,44.45008],[2.33421,44.45217],[2.33554,44.45331],[2.33313,44.45417],[2.33298,44.45468],[2.32888,44.45522],[2.32877,44.45872],[2.32749,44.46191],[2.32559,44.46309],[2.32512,44.46404],[2.32299,44.4654],[2.3254,44.46788],[2.3257,44.47002],[2.32362,44.47263],[2.32382,44.47445],[2.32675,44.47499],[2.3265,44.47598],[2.32769,44.47791],[2.3299,44.47939],[2.32865,44.48025],[2.32959,44.48133],[2.32934,44.4829],[2.33135,44.48529],[2.33336,44.48624],[2.337,44.487],[2.33874,44.48685],[2.33893,44.48819],[2.33989,44.48925],[2.34165,44.4888],[2.34215,44.48768],[2.34565,44.4878],[2.34702,44.48902],[2.3487,44.49121],[2.34823,44.49257],[2.35007,44.49435],[2.34997,44.4953],[2.35268,44.49485],[2.35609,44.49294],[2.35657,44.49173],[2.36,44.48872],[2.36153,44.48678],[2.3626,44.48635],[2.36376,44.48491],[2.36621,44.48411],[2.367,44.48238],[2.37039,44.4817],[2.37319,44.4803],[2.3755,44.47848],[2.37686,44.47647],[2.37987,44.47539],[2.37878,44.47283],[2.37767,44.47101],[2.37901,44.47054],[2.37946,44.46799],[2.37847,44.46615],[2.3778,44.46642],[2.37476,44.46505],[2.37437,44.4639],[2.37139,44.46167],[2.37067,44.46081]]]}},{"type":"Feature","id":"fr-commune-12096","properties":{"id":"fr-commune-12096","name":"Espalion","kind":"commune","center":[2.7624,44.5191],"code":"12096","department":"12"},"bbox":[2.72487,44.47118,2.79993,44.56706],"geometry":{"type":"Polygon","coordinates":[[[2.72839,44.53463],[2.7306,44.53434],[2.73489,44.5354],[2.73631,44.53675],[2.73878,44.53821],[2.74301,44.54184],[2.74485,44.5431],[2.74655,44.54513],[2.74862,44.54918],[2.75065,44.55152],[2.75185,44.55209],[2.75348,44.552],[2.75804,44.55301],[2.75869,44.55453],[2.76032,44.55551],[2.76156,44.55705],[2.76563,44.55879],[2.76727,44.55888],[2.7673,44.55986],[2.76865,44.56109],[2.76938,44.56266],[2.7698,44.5653],[2.77209,44.56607],[2.77561,44.56706],[2.77414,44.56479],[2.77489,44.56163],[2.77487,44.55965],[2.77328,44.55692],[2.77352,44.55633],[2.77257,44.55454],[2.77414,44.55462],[2.77432,44.55575],[2.77641,44.55565],[2.77719,44.55656],[2.77855,44.55628],[2.78129,44.5576],[2.78369,44.55694],[2.7867,44.55844],[2.78772,44.55865],[2.78949,44.56123],[2.79233,44.56305],[2.79244,44.56036],[2.79462,44.5604],[2.79386,44.55865],[2.79556,44.55738],[2.79553,44.55607],[2.79725,44.55549],[2.7968,44.55401],[2.79831,44.55063],[2.79988,44.54975],[2.79993,44.54803],[2.79738,44.54515],[2.7987,44.54408],[2.79909,44.54292],[2.79819,44.54243],[2.79573,44.54244],[2.79358,44.53932],[2.79569,44.53835],[2.79614,44.537],[2.79311,44.53694],[2.79318,44.53477],[2.7919,44.53341],[2.79136,44.53171],[2.79216,44.52967],[2.79156,44.52744],[2.79235,44.52566],[2.78895,44.52447],[2.7873,44.52301],[2.78556,44.52282],[2.78543,44.52131],[2.78411,44.52086],[2.78189,44.51843],[2.78255,44.51787],[2.78429,44.51786],[2.78649,44.51716],[2.78779,44.51376],[2.7865,44.51348],[2.786,44.51255],[2.78934,44.51153],[2.79108,44.51067],[2.79262,44.50917],[2.79103,44.50699],[2.78864,44.50606],[2.78965,44.50538],[2.79092,44.50353],[2.79375,44.50236],[2.7958,44.5033],[2.79759,44.50305],[2.79651,44.50139],[2.79537,44.50061],[2.79475,44.49918],[2.7931,44.49879],[2.79252,44.49705],[2.79562,44.49525],[2.79283,44.49172],[2.79016,44.49318],[2.78871,44.49264],[2.78784,44.49373],[2.78651,44.49288],[2.78198,44.49215],[2.78053,44.49153],[2.78019,44.49005],[2.778,44.48973],[2.77804,44.48733],[2.77702,44.48464],[2.77702,44.48303],[2.77569,44.48212],[2.7735,44.48186],[2.77377,44.47956],[2.76855,44.47735],[2.76685,44.47696],[2.76566,44.47588],[2.76182,44.47118],[2.75914,44.47397],[2.75739,44.47427],[2.75576,44.47526],[2.75567,44.47634],[2.75233,44.48164],[2.74927,44.48293],[2.74563,44.48611],[2.74511,44.48679],[2.74249,44.48794],[2.74034,44.48785],[2.73643,44.48836],[2.73566,44.48884],[2.73617,44.48914],[2.7362,44.49157],[2.73388,44.4963],[2.73178,44.49761],[2.72916,44.4988],[2.72767,44.50052],[2.72715,44.50353],[2.72676,44.50412],[2.72743,44.50606],[2.72608,44.50738],[2.72833,44.50926],[2.72715,44.51064],[2.72631,44.51079],[2.72487,44.51223],[2.72571,44.51271],[2.72837,44.51575],[2.73188,44.51562],[2.73366,44.51527],[2.73366,44.51452],[2.7358,44.51481],[2.73613,44.51727],[2.73708,44.5179],[2.73753,44.52335],[2.73941,44.52569],[2.73898,44.52764],[2.73836,44.52813],[2.73967,44.53011],[2.73583,44.53104],[2.73172,44.53093],[2.72885,44.53137],[2.72839,44.53463]]]}},{"type":"Feature","id":"fr-commune-12097","properties":{"id":"fr-commune-12097","name":"Espeyrac","kind":"commune","center":[2.5164,44.6137],"code":"12097","department":"12"},"bbox":[2.48443,44.57909,2.5483,44.64828],"geometry":{"type":"Polygon","coordinates":[[[2.50652,44.59042],[2.50539,44.59132],[2.50451,44.59339],[2.50619,44.59638],[2.50326,44.59699],[2.50094,44.5983],[2.49901,44.60017],[2.4982,44.60052],[2.49893,44.60274],[2.50066,44.6048],[2.50044,44.60614],[2.50339,44.60684],[2.50286,44.60892],[2.50631,44.61162],[2.50729,44.61337],[2.50849,44.61341],[2.50758,44.61553],[2.50559,44.61605],[2.50457,44.61759],[2.50513,44.61843],[2.50649,44.61896],[2.5055,44.62047],[2.50455,44.62012],[2.50168,44.62264],[2.50255,44.62425],[2.49844,44.62616],[2.49364,44.62725],[2.49302,44.62919],[2.49113,44.6291],[2.48924,44.63032],[2.48742,44.6323],[2.4856,44.63365],[2.48771,44.63729],[2.48609,44.63876],[2.48592,44.63972],[2.48443,44.64074],[2.48469,44.64153],[2.48541,44.64148],[2.48917,44.64414],[2.49246,44.64496],[2.49667,44.64523],[2.49977,44.64337],[2.50232,44.64346],[2.50351,44.64467],[2.50394,44.64657],[2.50525,44.64702],[2.50719,44.6468],[2.50998,44.64514],[2.51096,44.64523],[2.51358,44.64631],[2.516,44.64793],[2.51705,44.64828],[2.51901,44.64798],[2.52074,44.64668],[2.52143,44.64562],[2.52276,44.64542],[2.52457,44.64584],[2.5258,44.64756],[2.52904,44.64744],[2.53432,44.64661],[2.53621,44.64632],[2.53847,44.6468],[2.54147,44.64667],[2.54224,44.64347],[2.53985,44.64128],[2.53807,44.64085],[2.5364,44.63704],[2.5355,44.63525],[2.53561,44.63325],[2.53674,44.63196],[2.54123,44.63121],[2.54211,44.62998],[2.54345,44.62965],[2.54379,44.62851],[2.54581,44.62567],[2.54567,44.62473],[2.54771,44.6245],[2.5483,44.62345],[2.54677,44.62177],[2.54688,44.61996],[2.54553,44.61864],[2.54485,44.61693],[2.5414,44.61723],[2.54065,44.61652],[2.54076,44.61356],[2.54248,44.61334],[2.54282,44.6127],[2.54268,44.61017],[2.54447,44.60722],[2.54598,44.60587],[2.54642,44.60435],[2.54624,44.60256],[2.54563,44.60101],[2.54292,44.60107],[2.54005,44.60072],[2.53733,44.59952],[2.53929,44.59821],[2.53876,44.59439],[2.53722,44.59223],[2.5355,44.58897],[2.53465,44.58852],[2.53239,44.58833],[2.53062,44.58864],[2.53071,44.58752],[2.53222,44.5869],[2.53275,44.58577],[2.53526,44.58211],[2.53526,44.58035],[2.53347,44.58009],[2.53235,44.57909],[2.53038,44.58035],[2.53024,44.58135],[2.52751,44.58187],[2.52734,44.58266],[2.52476,44.58612],[2.52399,44.5877],[2.52446,44.59008],[2.52725,44.59133],[2.52652,44.59285],[2.52802,44.59378],[2.52559,44.59485],[2.52475,44.59624],[2.5227,44.59556],[2.52164,44.5944],[2.52084,44.59119],[2.51989,44.58936],[2.51931,44.587],[2.51551,44.58609],[2.51413,44.58686],[2.51194,44.58906],[2.50955,44.58988],[2.50652,44.59042]]]}},{"type":"Feature","id":"fr-commune-12098","properties":{"id":"fr-commune-12098","name":"Estaing","kind":"commune","center":[2.6813,44.5764],"code":"12098","department":"12"},"bbox":[2.65102,44.54279,2.71166,44.61016],"geometry":{"type":"Polygon","coordinates":[[[2.65102,44.5701],[2.65271,44.57146],[2.65334,44.57259],[2.65592,44.57388],[2.65706,44.57381],[2.6597,44.57452],[2.66312,44.57398],[2.66489,44.57442],[2.66611,44.5754],[2.66837,44.57606],[2.67024,44.57615],[2.67038,44.57726],[2.67276,44.57719],[2.67528,44.57772],[2.67705,44.57906],[2.67732,44.58098],[2.67832,44.5812],[2.67901,44.58256],[2.68158,44.58326],[2.68114,44.58379],[2.68307,44.5865],[2.68547,44.58614],[2.68538,44.5877],[2.68343,44.58988],[2.68326,44.59154],[2.68076,44.59385],[2.68022,44.59512],[2.68146,44.59698],[2.68258,44.59717],[2.68361,44.59628],[2.68663,44.59671],[2.68866,44.5982],[2.68857,44.59956],[2.68957,44.5996],[2.69266,44.60119],[2.69496,44.601],[2.69899,44.60145],[2.69799,44.60368],[2.70074,44.60535],[2.70108,44.60679],[2.70061,44.61016],[2.70213,44.60952],[2.70169,44.6085],[2.70313,44.60661],[2.70473,44.60512],[2.70295,44.60256],[2.7047,44.60179],[2.70545,44.60062],[2.7069,44.60084],[2.71095,44.59965],[2.71166,44.59804],[2.71136,44.5975],[2.70739,44.59569],[2.70583,44.59553],[2.70588,44.59396],[2.70412,44.59194],[2.70272,44.59163],[2.70117,44.59028],[2.69961,44.58945],[2.69791,44.58784],[2.69799,44.58451],[2.69969,44.58317],[2.6997,44.58172],[2.70038,44.58003],[2.70193,44.57849],[2.70192,44.57707],[2.70346,44.57434],[2.70369,44.57304],[2.7048,44.57126],[2.70352,44.56956],[2.70193,44.56604],[2.70643,44.56648],[2.70807,44.56556],[2.70799,44.56403],[2.7091,44.56107],[2.70782,44.55837],[2.70686,44.55566],[2.70821,44.55179],[2.71035,44.54931],[2.70943,44.54739],[2.70954,44.5428],[2.70742,44.54279],[2.70409,44.54349],[2.70137,44.54364],[2.69905,44.54347],[2.69521,44.5437],[2.69412,44.54323],[2.69065,44.54335],[2.68775,44.54418],[2.68221,44.54535],[2.68228,44.54588],[2.68446,44.5467],[2.68692,44.54711],[2.68841,44.54772],[2.68875,44.54928],[2.68755,44.54998],[2.68426,44.5499],[2.68054,44.54891],[2.67911,44.54936],[2.67762,44.55083],[2.6755,44.55158],[2.67342,44.55302],[2.67063,44.55272],[2.67037,44.55137],[2.67112,44.54806],[2.67025,44.54756],[2.66776,44.54723],[2.66653,44.54802],[2.66658,44.54939],[2.66513,44.55229],[2.66197,44.55659],[2.66083,44.56145],[2.66082,44.56364],[2.66211,44.56565],[2.66166,44.56746],[2.66039,44.56735],[2.65798,44.56511],[2.65577,44.56473],[2.65379,44.56557],[2.65264,44.56893],[2.65102,44.5701]]]}},{"type":"Feature","id":"fr-commune-12099","properties":{"id":"fr-commune-12099","name":"Fayet","kind":"commune","center":[2.9703,43.8058],"code":"12099","department":"12"},"bbox":[2.92817,43.78675,3.01239,43.82511],"geometry":{"type":"Polygon","coordinates":[[[2.99251,43.78806],[2.99156,43.78826],[2.98793,43.78772],[2.98581,43.78773],[2.98426,43.78939],[2.98185,43.78951],[2.97921,43.79084],[2.97744,43.79114],[2.97514,43.79082],[2.97221,43.79125],[2.97249,43.78962],[2.97014,43.78793],[2.96753,43.78675],[2.96523,43.78919],[2.96178,43.78896],[2.95488,43.79032],[2.95317,43.79119],[2.94919,43.79136],[2.94615,43.79283],[2.93872,43.79681],[2.93745,43.79826],[2.9349,43.79748],[2.93412,43.79588],[2.93311,43.79506],[2.92996,43.79419],[2.92817,43.79562],[2.93118,43.79805],[2.93254,43.80053],[2.93501,43.80089],[2.93797,43.80217],[2.93892,43.8037],[2.9419,43.80614],[2.94371,43.80493],[2.94555,43.8053],[2.94673,43.80779],[2.95044,43.80775],[2.95309,43.80839],[2.95448,43.80956],[2.95636,43.80995],[2.95867,43.81129],[2.96094,43.81186],[2.96295,43.81191],[2.96435,43.8134],[2.96757,43.81504],[2.96893,43.81615],[2.9713,43.81736],[2.97393,43.81779],[2.97739,43.8208],[2.98039,43.82146],[2.98273,43.82062],[2.98405,43.8209],[2.99016,43.82511],[2.99072,43.82355],[2.9927,43.82235],[2.99282,43.82139],[2.99203,43.81978],[2.99285,43.81833],[2.99666,43.81852],[3.00025,43.81825],[3.00228,43.81696],[3.00357,43.81694],[3.00421,43.81463],[3.00833,43.81524],[3.01164,43.81386],[3.01179,43.81275],[3.00933,43.81014],[3.01004,43.80791],[3.01017,43.80633],[3.00998,43.80215],[3.00942,43.80138],[3.0101,43.8003],[3.01133,43.79975],[3.01239,43.79837],[3.0111,43.7976],[3.0096,43.79582],[3.00446,43.79368],[2.99943,43.79008],[2.99655,43.78885],[2.99251,43.78806]]]}},{"type":"Feature","id":"fr-commune-12100","properties":{"id":"fr-commune-12100","name":"Firmi","kind":"commune","center":[2.3268,44.5451],"code":"12100","department":"12"},"bbox":[2.28538,44.51004,2.36828,44.58009],"geometry":{"type":"Polygon","coordinates":[[[2.29109,44.56204],[2.29255,44.5635],[2.2885,44.56562],[2.28725,44.56571],[2.28548,44.56515],[2.28538,44.56596],[2.2889,44.57105],[2.29033,44.57401],[2.28869,44.57502],[2.28757,44.57637],[2.28927,44.5773],[2.28933,44.57896],[2.29081,44.58009],[2.29435,44.57818],[2.29588,44.57685],[2.30083,44.57659],[2.30406,44.57701],[2.30683,44.578],[2.31019,44.57788],[2.31407,44.57915],[2.31504,44.57906],[2.31831,44.57846],[2.3202,44.57696],[2.32132,44.57504],[2.32311,44.57378],[2.32469,44.57386],[2.32787,44.57262],[2.33264,44.57302],[2.33641,44.57438],[2.33939,44.57318],[2.34057,44.57238],[2.34219,44.56802],[2.34387,44.56727],[2.34512,44.56817],[2.34873,44.56982],[2.34999,44.56955],[2.34893,44.56735],[2.35032,44.56288],[2.3497,44.56068],[2.35058,44.55935],[2.34935,44.55658],[2.35219,44.55653],[2.35285,44.55614],[2.35696,44.55583],[2.35848,44.55441],[2.35996,44.55487],[2.3619,44.55604],[2.36294,44.55528],[2.36054,44.55191],[2.36004,44.54899],[2.36181,44.54854],[2.36469,44.54667],[2.36551,44.5455],[2.36828,44.54377],[2.36605,44.54357],[2.36386,44.54254],[2.3619,44.54107],[2.36078,44.53929],[2.36044,44.53714],[2.35796,44.53322],[2.35656,44.52981],[2.35781,44.52772],[2.35711,44.52711],[2.3575,44.52534],[2.35625,44.52547],[2.35333,44.52506],[2.3515,44.52386],[2.35077,44.52213],[2.34964,44.52086],[2.34707,44.52093],[2.34631,44.51913],[2.3412,44.52085],[2.33939,44.52201],[2.34027,44.52341],[2.34046,44.52462],[2.33593,44.52497],[2.33342,44.52498],[2.33542,44.52349],[2.33353,44.52246],[2.33254,44.52084],[2.33166,44.52105],[2.33104,44.51959],[2.32995,44.51874],[2.33093,44.51784],[2.33107,44.5153],[2.32922,44.51617],[2.32749,44.51651],[2.3254,44.51595],[2.32338,44.51386],[2.32188,44.51284],[2.32316,44.51189],[2.32241,44.51004],[2.32078,44.51076],[2.31952,44.51192],[2.3173,44.51302],[2.31545,44.51344],[2.31262,44.51553],[2.31049,44.51644],[2.30972,44.51722],[2.3104,44.5185],[2.31023,44.52227],[2.30607,44.52344],[2.30461,44.52304],[2.30225,44.52308],[2.29696,44.5249],[2.29701,44.52705],[2.29985,44.52809],[2.29868,44.5285],[2.30096,44.52947],[2.30181,44.531],[2.30096,44.53315],[2.3008,44.53461],[2.29592,44.53885],[2.29406,44.53966],[2.28952,44.54073],[2.29088,44.5427],[2.29251,44.54328],[2.2941,44.54261],[2.29573,44.54274],[2.29617,44.54392],[2.29821,44.54481],[2.30019,44.54725],[2.30517,44.5554],[2.30339,44.55756],[2.30357,44.56026],[2.30146,44.56034],[2.29903,44.55987],[2.29694,44.5599],[2.296,44.56052],[2.29312,44.56094],[2.29109,44.56204]]]}},{"type":"Feature","id":"fr-commune-12101","properties":{"id":"fr-commune-12101","name":"Flagnac","kind":"commune","center":[2.2631,44.5924],"code":"12101","department":"12"},"bbox":[2.23191,44.56501,2.29435,44.61987],"geometry":{"type":"Polygon","coordinates":[[[2.26497,44.61987],[2.26788,44.61888],[2.26982,44.617],[2.26926,44.61652],[2.27204,44.61404],[2.27361,44.61312],[2.27685,44.61256],[2.27773,44.61082],[2.2771,44.60983],[2.27883,44.60903],[2.27886,44.60806],[2.27716,44.60785],[2.2763,44.60619],[2.27897,44.60599],[2.28017,44.60523],[2.27929,44.60429],[2.27635,44.60304],[2.28,44.60205],[2.28141,44.60194],[2.28068,44.6006],[2.28071,44.59952],[2.27987,44.59868],[2.27791,44.59819],[2.27581,44.59864],[2.27416,44.59838],[2.27212,44.5961],[2.26992,44.59534],[2.26829,44.59396],[2.26689,44.59336],[2.26718,44.59206],[2.26967,44.59172],[2.26922,44.59057],[2.27132,44.58999],[2.27443,44.58863],[2.27728,44.58834],[2.27833,44.58696],[2.27976,44.58786],[2.28177,44.58855],[2.28281,44.5895],[2.28589,44.58771],[2.28665,44.58783],[2.28905,44.58596],[2.28892,44.58412],[2.29007,44.58248],[2.28995,44.58179],[2.29276,44.58059],[2.29435,44.57818],[2.29081,44.58009],[2.28933,44.57896],[2.28927,44.5773],[2.28757,44.57637],[2.28869,44.57502],[2.29033,44.57401],[2.2889,44.57105],[2.28538,44.56596],[2.28548,44.56515],[2.284,44.56548],[2.28239,44.56501],[2.27913,44.56504],[2.27678,44.56567],[2.27399,44.56775],[2.27074,44.56897],[2.26966,44.56979],[2.26764,44.56994],[2.26788,44.57225],[2.26945,44.57216],[2.26922,44.57423],[2.2661,44.57782],[2.26397,44.5794],[2.26158,44.58031],[2.25761,44.58237],[2.25587,44.58144],[2.25876,44.57923],[2.25982,44.57806],[2.25992,44.57686],[2.26161,44.57469],[2.2576,44.57417],[2.25575,44.57506],[2.25321,44.57493],[2.2524,44.57817],[2.25349,44.57911],[2.25413,44.58205],[2.25397,44.58336],[2.25514,44.58557],[2.25444,44.58842],[2.25512,44.58982],[2.25461,44.59236],[2.25283,44.59363],[2.25099,44.59421],[2.2497,44.59382],[2.24866,44.59619],[2.24793,44.59705],[2.24593,44.59809],[2.2428,44.59898],[2.23716,44.59928],[2.23519,44.5998],[2.2331,44.60162],[2.23191,44.60426],[2.23211,44.60682],[2.2333,44.60893],[2.23399,44.6099],[2.23577,44.61094],[2.24366,44.6112],[2.25066,44.61184],[2.25403,44.6124],[2.25724,44.61267],[2.25937,44.61396],[2.26143,44.61706],[2.26273,44.61846],[2.26497,44.61987]]]}},{"type":"Feature","id":"fr-commune-12102","properties":{"id":"fr-commune-12102","name":"Flavin","kind":"commune","center":[2.631,44.2871],"code":"12102","department":"12"},"bbox":[2.55867,44.24772,2.70334,44.32648],"geometry":{"type":"Polygon","coordinates":[[[2.7026,44.31828],[2.69853,44.31009],[2.69751,44.30915],[2.69579,44.30854],[2.69334,44.3066],[2.69133,44.30217],[2.68969,44.30023],[2.68915,44.29782],[2.6834,44.28967],[2.68128,44.28839],[2.6794,44.2897],[2.67558,44.29172],[2.67341,44.29241],[2.67396,44.2949],[2.67317,44.29524],[2.67199,44.29387],[2.67117,44.29403],[2.66837,44.29326],[2.66785,44.29238],[2.66583,44.29238],[2.6641,44.29052],[2.66532,44.28954],[2.66584,44.28779],[2.66508,44.28504],[2.66362,44.2835],[2.66355,44.28198],[2.66669,44.28019],[2.66656,44.27894],[2.66799,44.27785],[2.66745,44.27695],[2.66823,44.27624],[2.66652,44.27507],[2.66715,44.27297],[2.66895,44.2716],[2.66972,44.26958],[2.66887,44.26858],[2.66642,44.26674],[2.66324,44.26752],[2.66278,44.26915],[2.66301,44.27094],[2.66476,44.27184],[2.66371,44.2729],[2.6636,44.27625],[2.66185,44.27666],[2.66167,44.2781],[2.66099,44.27901],[2.6594,44.27827],[2.65852,44.27608],[2.65624,44.27416],[2.65688,44.27071],[2.65511,44.27019],[2.65241,44.26998],[2.65305,44.26883],[2.65213,44.26838],[2.65148,44.26628],[2.65176,44.26508],[2.64957,44.26346],[2.64606,44.26171],[2.64359,44.26123],[2.6416,44.26044],[2.64021,44.25877],[2.63709,44.25864],[2.63491,44.25741],[2.63158,44.25805],[2.62929,44.25741],[2.62722,44.25411],[2.6279,44.2533],[2.62733,44.25177],[2.62602,44.25178],[2.62632,44.2502],[2.62745,44.24908],[2.62701,44.24772],[2.62569,44.24858],[2.6225,44.2494],[2.62112,44.24946],[2.62081,44.25064],[2.62262,44.25411],[2.62042,44.25509],[2.61896,44.25517],[2.61783,44.25337],[2.61576,44.25239],[2.61431,44.25248],[2.61261,44.25082],[2.61086,44.25087],[2.61019,44.25205],[2.60865,44.25221],[2.60714,44.25292],[2.60533,44.25492],[2.60522,44.2575],[2.60293,44.25847],[2.60388,44.26084],[2.60223,44.26119],[2.6021,44.25993],[2.60057,44.25913],[2.59798,44.26046],[2.59606,44.26004],[2.59574,44.26165],[2.59346,44.26128],[2.59252,44.25871],[2.58951,44.25756],[2.58746,44.25872],[2.58632,44.26002],[2.58395,44.2598],[2.58195,44.26082],[2.58102,44.25825],[2.57969,44.25736],[2.57898,44.25707],[2.57448,44.25852],[2.57371,44.25762],[2.57368,44.25556],[2.57193,44.25387],[2.57033,44.25418],[2.57049,44.25665],[2.56941,44.2578],[2.56733,44.25758],[2.56498,44.25581],[2.56253,44.25528],[2.56034,44.25607],[2.56041,44.2568],[2.55867,44.2597],[2.56119,44.26204],[2.56428,44.26311],[2.56321,44.26659],[2.56359,44.26798],[2.56329,44.27068],[2.5637,44.27117],[2.56235,44.27321],[2.56288,44.27681],[2.56809,44.27689],[2.56899,44.27771],[2.56866,44.27953],[2.57001,44.28099],[2.56964,44.28273],[2.57127,44.28362],[2.57461,44.2841],[2.57746,44.28379],[2.57932,44.28296],[2.58082,44.2854],[2.58083,44.28919],[2.57943,44.29005],[2.5729,44.2915],[2.56943,44.29376],[2.56836,44.29527],[2.57075,44.29989],[2.57182,44.30058],[2.5713,44.30264],[2.57128,44.3043],[2.57517,44.30588],[2.57986,44.30822],[2.57855,44.30971],[2.57498,44.3108],[2.57196,44.31017],[2.57164,44.30907],[2.57022,44.30773],[2.57068,44.30556],[2.56919,44.30546],[2.56313,44.30898],[2.56545,44.31198],[2.56307,44.3125],[2.56496,44.31446],[2.56697,44.31529],[2.56789,44.31614],[2.56947,44.3167],[2.57431,44.31929],[2.5758,44.31917],[2.57575,44.31683],[2.57888,44.31453],[2.5797,44.31628],[2.58047,44.31893],[2.58235,44.31806],[2.58397,44.31814],[2.58539,44.31716],[2.58782,44.31669],[2.58933,44.31554],[2.5894,44.31417],[2.59008,44.31275],[2.59454,44.31416],[2.59045,44.31705],[2.59344,44.31809],[2.59445,44.31898],[2.59464,44.32017],[2.60097,44.32146],[2.60311,44.3242],[2.60505,44.3241],[2.60695,44.32468],[2.60796,44.32648],[2.61065,44.32539],[2.61259,44.32489],[2.61345,44.32156],[2.6143,44.32001],[2.61379,44.31856],[2.61148,44.31634],[2.61604,44.31644],[2.61625,44.31523],[2.61743,44.31323],[2.61715,44.31186],[2.61915,44.3108],[2.62386,44.30948],[2.62608,44.30746],[2.62665,44.30551],[2.62615,44.30497],[2.61995,44.30417],[2.61969,44.30314],[2.61681,44.3022],[2.6118,44.30403],[2.60923,44.3042],[2.60729,44.30375],[2.60294,44.30182],[2.60421,44.2981],[2.60495,44.29729],[2.60706,44.29655],[2.6106,44.29736],[2.61099,44.29552],[2.61106,44.29175],[2.61219,44.28808],[2.61592,44.28813],[2.62069,44.28791],[2.62223,44.28694],[2.62551,44.29238],[2.628,44.29361],[2.62964,44.29687],[2.63258,44.29489],[2.6332,44.29302],[2.63494,44.28959],[2.63987,44.29017],[2.638,44.29153],[2.63469,44.29501],[2.63207,44.29672],[2.63067,44.29936],[2.62594,44.30043],[2.62456,44.3002],[2.6198,44.30022],[2.62101,44.30349],[2.62339,44.3038],[2.62823,44.30509],[2.62891,44.30401],[2.63161,44.30505],[2.63274,44.30491],[2.63292,44.30382],[2.63536,44.30391],[2.63748,44.30659],[2.63985,44.30505],[2.64259,44.30716],[2.64374,44.30714],[2.64509,44.30609],[2.64427,44.30564],[2.64477,44.30425],[2.64638,44.30248],[2.64794,44.30135],[2.64888,44.29996],[2.65069,44.29995],[2.65414,44.299],[2.6576,44.29657],[2.66052,44.29781],[2.66166,44.29974],[2.66279,44.30051],[2.66029,44.30173],[2.66157,44.30568],[2.66038,44.30681],[2.66095,44.30771],[2.66233,44.30811],[2.6641,44.31014],[2.66341,44.31135],[2.66546,44.31463],[2.65961,44.31384],[2.65496,44.31358],[2.65263,44.3128],[2.65064,44.3148],[2.64852,44.3145],[2.64832,44.31342],[2.64694,44.31329],[2.646,44.31252],[2.64461,44.3129],[2.64727,44.31407],[2.64762,44.31537],[2.64616,44.31574],[2.6487,44.31749],[2.64983,44.31881],[2.65393,44.31911],[2.65691,44.31743],[2.65883,44.31876],[2.66379,44.31815],[2.66459,44.31953],[2.66724,44.32282],[2.67045,44.32447],[2.67206,44.32278],[2.67374,44.32202],[2.67836,44.32139],[2.68359,44.32015],[2.68123,44.31686],[2.68153,44.31609],[2.68399,44.31454],[2.68587,44.31491],[2.68697,44.3145],[2.68858,44.31486],[2.68968,44.31593],[2.6927,44.31597],[2.69407,44.31702],[2.69084,44.31921],[2.69472,44.32115],[2.69631,44.32097],[2.69717,44.32224],[2.70233,44.32378],[2.70334,44.32203],[2.7026,44.31828]]]}},{"type":"Feature","id":"fr-commune-12103","properties":{"id":"fr-commune-12103","name":"Florentin-la-Capelle","kind":"commune","center":[2.6424,44.6387],"code":"12103","department":"12"},"bbox":[2.57435,44.60394,2.71055,44.67341],"geometry":{"type":"Polygon","coordinates":[[[2.57618,44.62826],[2.57516,44.62883],[2.57435,44.63022],[2.57712,44.63269],[2.57851,44.63228],[2.58092,44.63286],[2.58146,44.63212],[2.58413,44.63082],[2.58561,44.63065],[2.5893,44.63121],[2.59079,44.63173],[2.59399,44.63129],[2.59338,44.62883],[2.59497,44.62822],[2.59623,44.6293],[2.5951,44.63038],[2.59647,44.631],[2.5989,44.63129],[2.60085,44.63196],[2.60105,44.63317],[2.60427,44.63408],[2.60459,44.63511],[2.60202,44.63938],[2.60486,44.63969],[2.60524,44.64158],[2.6077,44.64117],[2.60789,44.64184],[2.61023,44.64283],[2.61526,44.64215],[2.6164,44.64324],[2.61994,44.64325],[2.62038,44.64213],[2.62321,44.6427],[2.62466,44.64171],[2.62779,44.641],[2.62932,44.64152],[2.62932,44.64282],[2.63164,44.64192],[2.63127,44.64124],[2.63482,44.64055],[2.63491,44.64286],[2.6345,44.64416],[2.63496,44.64491],[2.63381,44.64566],[2.63571,44.64708],[2.63622,44.64798],[2.6368,44.65113],[2.63502,44.65207],[2.6304,44.65119],[2.62852,44.65351],[2.62647,44.65447],[2.62384,44.65364],[2.62108,44.65356],[2.61973,44.65393],[2.61961,44.65554],[2.61794,44.65556],[2.6155,44.65752],[2.61237,44.65655],[2.61068,44.65759],[2.61176,44.65803],[2.61322,44.66015],[2.61573,44.66058],[2.61688,44.66409],[2.61752,44.665],[2.61708,44.6659],[2.62031,44.66854],[2.62195,44.67025],[2.62203,44.67186],[2.62388,44.67341],[2.62853,44.67336],[2.62934,44.67226],[2.63083,44.6713],[2.63534,44.67076],[2.63533,44.66925],[2.63743,44.66776],[2.63749,44.66686],[2.63961,44.66675],[2.64085,44.66744],[2.64293,44.66714],[2.64413,44.66653],[2.64229,44.66446],[2.64068,44.66371],[2.64141,44.66286],[2.64258,44.6629],[2.64442,44.6644],[2.6478,44.66606],[2.64858,44.66405],[2.6497,44.66346],[2.65385,44.66288],[2.65617,44.66544],[2.65703,44.665],[2.65769,44.6636],[2.65977,44.66244],[2.6612,44.66204],[2.66255,44.66312],[2.66442,44.66278],[2.66638,44.66153],[2.66823,44.66285],[2.66978,44.6615],[2.67123,44.66175],[2.67266,44.66091],[2.67295,44.6599],[2.67429,44.65964],[2.6751,44.66047],[2.67642,44.66022],[2.67787,44.66102],[2.68249,44.66016],[2.68459,44.66078],[2.68818,44.66094],[2.69175,44.66012],[2.693,44.65938],[2.69281,44.65811],[2.69369,44.65576],[2.69558,44.65604],[2.69826,44.65752],[2.70144,44.65685],[2.70138,44.65605],[2.70287,44.65553],[2.70491,44.65213],[2.70449,44.64944],[2.70482,44.64604],[2.70413,44.64523],[2.70584,44.64256],[2.70424,44.63923],[2.70469,44.63564],[2.70724,44.63248],[2.70786,44.63129],[2.71055,44.6291],[2.70931,44.62891],[2.70554,44.62708],[2.70157,44.62985],[2.6991,44.63],[2.69663,44.63051],[2.69582,44.63141],[2.69383,44.63209],[2.69143,44.63161],[2.68947,44.6307],[2.68773,44.62919],[2.68014,44.62944],[2.679,44.62857],[2.67699,44.62864],[2.67541,44.62943],[2.67377,44.63114],[2.67251,44.63132],[2.66995,44.63098],[2.6689,44.63026],[2.66855,44.62918],[2.66657,44.62896],[2.66581,44.62791],[2.66346,44.62796],[2.66221,44.62692],[2.66167,44.62467],[2.65969,44.62439],[2.65825,44.6249],[2.65748,44.62424],[2.65219,44.62612],[2.65043,44.62551],[2.64894,44.6234],[2.64739,44.62226],[2.64614,44.62214],[2.64492,44.62125],[2.64307,44.62125],[2.64298,44.61967],[2.64171,44.61712],[2.64018,44.61636],[2.63895,44.61655],[2.63504,44.61566],[2.6341,44.61571],[2.63268,44.61685],[2.63116,44.61571],[2.62683,44.6163],[2.62358,44.61616],[2.62141,44.61511],[2.61889,44.61155],[2.61743,44.61101],[2.61582,44.61127],[2.6148,44.60907],[2.61439,44.60655],[2.61233,44.60394],[2.61117,44.60474],[2.60766,44.60516],[2.60532,44.60614],[2.60332,44.60593],[2.60201,44.6063],[2.60084,44.60777],[2.59856,44.60879],[2.59744,44.61099],[2.59421,44.61347],[2.59266,44.61543],[2.59255,44.61672],[2.59125,44.61868],[2.5885,44.61877],[2.5872,44.61837],[2.58307,44.61863],[2.58119,44.61953],[2.58174,44.62022],[2.58139,44.62409],[2.57733,44.62776],[2.57618,44.62826]]]}},{"type":"Feature","id":"fr-commune-12104","properties":{"id":"fr-commune-12104","name":"Foissac","kind":"commune","center":[2.016,44.5028],"code":"12104","department":"12"},"bbox":[1.98285,44.48034,2.04946,44.52526],"geometry":{"type":"Polygon","coordinates":[[[2.04946,44.49155],[2.04519,44.48898],[2.03978,44.49057],[2.03306,44.49166],[2.03253,44.49285],[2.03042,44.49396],[2.03161,44.49468],[2.03012,44.49645],[2.02753,44.49896],[2.02586,44.49742],[2.02342,44.49852],[2.01985,44.5008],[2.01916,44.50055],[2.01638,44.50171],[2.01524,44.50297],[2.01094,44.50106],[2.00886,44.49805],[2.00554,44.49932],[2.00365,44.49761],[2.00554,44.4966],[2.00473,44.49516],[2.00492,44.49278],[2.0082,44.49172],[2.0096,44.49238],[2.0119,44.4928],[2.01326,44.49034],[2.01334,44.48931],[2.01518,44.48957],[2.01875,44.48909],[2.02151,44.48834],[2.02364,44.48698],[2.02568,44.4848],[2.02906,44.48273],[2.02758,44.48072],[2.02578,44.48034],[2.02313,44.48132],[2.02155,44.48301],[2.01764,44.4849],[2.01746,44.48689],[2.01595,44.48647],[2.01489,44.48551],[2.01227,44.48634],[2.0108,44.48728],[2.00104,44.49133],[1.99839,44.49389],[1.999,44.49545],[1.99292,44.49744],[1.98924,44.49935],[1.98567,44.50155],[1.98548,44.50333],[1.98452,44.50538],[1.98351,44.50853],[1.98285,44.50961],[1.98287,44.51201],[1.98465,44.51225],[1.98665,44.51333],[1.98787,44.51201],[1.98963,44.51176],[1.99183,44.51901],[1.99142,44.52009],[1.98891,44.52165],[1.9882,44.52293],[1.99252,44.52378],[1.99432,44.52526],[1.99645,44.52462],[2.00069,44.52431],[2.00444,44.52512],[2.00675,44.52322],[2.0076,44.52212],[2.01013,44.52076],[2.01383,44.52077],[2.01587,44.51836],[2.01913,44.51693],[2.02182,44.51522],[2.02435,44.51429],[2.02573,44.51414],[2.02724,44.51503],[2.03001,44.51436],[2.02944,44.51307],[2.03254,44.51265],[2.03152,44.50713],[2.02958,44.50759],[2.02809,44.5075],[2.02558,44.50848],[2.02339,44.50768],[2.01955,44.50673],[2.01872,44.5063],[2.02221,44.50518],[2.02567,44.50205],[2.02663,44.50148],[2.02865,44.50144],[2.03161,44.50056],[2.03362,44.49965],[2.03433,44.49827],[2.03429,44.49591],[2.03333,44.49348],[2.03473,44.49277],[2.03574,44.49312],[2.03768,44.49282],[2.03899,44.49193],[2.04259,44.49418],[2.04347,44.49378],[2.046,44.49364],[2.04814,44.49278],[2.04946,44.49155]]]}},{"type":"Feature","id":"fr-commune-12105","properties":{"id":"fr-commune-12105","name":"La Fouillade","kind":"commune","center":[2.0517,44.2346],"code":"12105","department":"12"},"bbox":[1.99449,44.19855,2.10914,44.27051],"geometry":{"type":"Polygon","coordinates":[[[2.02306,44.19855],[2.02392,44.19999],[2.02387,44.20084],[2.02475,44.2028],[2.02428,44.20382],[2.02546,44.20816],[2.02637,44.20964],[2.0242,44.21132],[2.02327,44.21385],[2.02,44.2153],[2.01812,44.21571],[2.01706,44.21884],[2.01612,44.21989],[2.0168,44.22292],[2.01584,44.22497],[2.01261,44.22672],[2.01017,44.22777],[2.01504,44.23009],[2.01383,44.23215],[2.01395,44.2339],[2.01296,44.23575],[2.01084,44.23853],[2.00909,44.24002],[2.00539,44.23988],[2.00036,44.24245],[2.00003,44.24318],[1.99449,44.24661],[1.9956,44.24745],[1.99827,44.24665],[2.00009,44.24655],[2.00065,44.24776],[1.9994,44.24915],[1.9992,44.2501],[2.00314,44.25146],[2.00364,44.25331],[2.00221,44.25425],[1.99952,44.25521],[1.99859,44.25608],[1.9982,44.25763],[1.99984,44.25815],[2.00122,44.25756],[2.00303,44.2561],[2.00672,44.2564],[2.00664,44.25564],[2.00917,44.25441],[2.0106,44.25251],[2.01388,44.25129],[2.01535,44.2513],[2.01623,44.25195],[2.02007,44.25319],[2.02301,44.25368],[2.02451,44.25322],[2.02766,44.25349],[2.02831,44.2581],[2.03365,44.25553],[2.03517,44.25556],[2.03732,44.25502],[2.03786,44.25729],[2.03735,44.2585],[2.03733,44.26119],[2.03912,44.26243],[2.03965,44.26398],[2.03901,44.26564],[2.04478,44.2669],[2.05045,44.27051],[2.05131,44.27049],[2.05747,44.26789],[2.06038,44.26638],[2.06373,44.26716],[2.06376,44.26664],[2.06596,44.26518],[2.06642,44.26307],[2.06473,44.25917],[2.06606,44.25647],[2.06685,44.25413],[2.06693,44.2523],[2.06829,44.25144],[2.06837,44.25023],[2.0697,44.24974],[2.06888,44.24879],[2.06865,44.24581],[2.07077,44.24362],[2.0725,44.23984],[2.07388,44.24056],[2.07431,44.24142],[2.07643,44.24237],[2.07759,44.24454],[2.07972,44.24457],[2.08317,44.24245],[2.08557,44.24185],[2.08651,44.23915],[2.08459,44.23828],[2.08329,44.23643],[2.08332,44.23525],[2.08257,44.23379],[2.07934,44.23289],[2.08211,44.23139],[2.0849,44.23143],[2.08668,44.23037],[2.09044,44.22995],[2.0939,44.22816],[2.09485,44.22706],[2.09702,44.22673],[2.09877,44.2236],[2.10473,44.22228],[2.10743,44.22131],[2.10914,44.21961],[2.10913,44.21821],[2.10855,44.2181],[2.10335,44.21932],[2.09797,44.21817],[2.09873,44.21675],[2.10079,44.21545],[2.10086,44.21347],[2.09681,44.21112],[2.09633,44.20979],[2.09378,44.20852],[2.09279,44.20847],[2.09341,44.21077],[2.09407,44.21146],[2.0928,44.21363],[2.08728,44.21574],[2.08523,44.2171],[2.08351,44.21684],[2.08109,44.21804],[2.08312,44.21459],[2.08102,44.21415],[2.07803,44.21446],[2.07373,44.21458],[2.07147,44.21515],[2.06393,44.21546],[2.06478,44.21398],[2.06406,44.21309],[2.06182,44.21251],[2.06052,44.21111],[2.05732,44.21189],[2.05347,44.21134],[2.05303,44.20972],[2.04987,44.20855],[2.04894,44.2095],[2.04592,44.20818],[2.04421,44.20913],[2.0416,44.20828],[2.03954,44.20983],[2.03869,44.20808],[2.0374,44.20655],[2.03714,44.20472],[2.03529,44.20491],[2.03367,44.20449],[2.03334,44.20368],[2.0333,44.20058],[2.03154,44.20032],[2.02953,44.2007],[2.02972,44.19903],[2.02743,44.19961],[2.02429,44.19914],[2.02306,44.19855]]]}},{"type":"Feature","id":"fr-commune-12106","properties":{"id":"fr-commune-12106","name":"Gabriac","kind":"commune","center":[2.8061,44.4636],"code":"12106","department":"12"},"bbox":[2.7663,44.43328,2.84598,44.49373],"geometry":{"type":"Polygon","coordinates":[[[2.77089,44.44443],[2.77072,44.44594],[2.77219,44.44737],[2.77307,44.44945],[2.77039,44.45189],[2.76861,44.4526],[2.7663,44.45546],[2.76726,44.45622],[2.76852,44.45609],[2.76847,44.45761],[2.77054,44.4578],[2.77078,44.45711],[2.77241,44.45612],[2.77348,44.45688],[2.77574,44.45601],[2.777,44.45656],[2.77957,44.4565],[2.77945,44.45771],[2.78121,44.45798],[2.78135,44.45942],[2.77986,44.45973],[2.77917,44.46131],[2.77999,44.46304],[2.78153,44.4635],[2.77948,44.46445],[2.77982,44.46521],[2.77871,44.46617],[2.78013,44.46707],[2.77904,44.46932],[2.7796,44.47053],[2.77799,44.47158],[2.77607,44.47442],[2.77526,44.47663],[2.77377,44.47956],[2.7735,44.48186],[2.77569,44.48212],[2.77702,44.48303],[2.77702,44.48464],[2.77804,44.48733],[2.778,44.48973],[2.78019,44.49005],[2.78053,44.49153],[2.78198,44.49215],[2.78651,44.49288],[2.78784,44.49373],[2.78871,44.49264],[2.79016,44.49318],[2.79283,44.49172],[2.79558,44.49171],[2.79721,44.49093],[2.79837,44.49094],[2.79818,44.48961],[2.79898,44.48698],[2.80044,44.48676],[2.80242,44.48736],[2.80394,44.48864],[2.80647,44.48888],[2.81034,44.48966],[2.81286,44.48903],[2.81496,44.48921],[2.81552,44.48826],[2.81752,44.48712],[2.81839,44.48603],[2.81868,44.48414],[2.81749,44.48278],[2.81455,44.48313],[2.81389,44.48189],[2.81446,44.48059],[2.81632,44.47903],[2.81575,44.47844],[2.81706,44.47655],[2.82138,44.47509],[2.82086,44.47298],[2.82208,44.47208],[2.82393,44.47217],[2.82748,44.4746],[2.82771,44.47504],[2.83151,44.47408],[2.83404,44.4751],[2.83614,44.47379],[2.83758,44.4739],[2.83916,44.47475],[2.84187,44.47464],[2.83988,44.47252],[2.83969,44.46993],[2.83932,44.46931],[2.8407,44.46688],[2.84072,44.46591],[2.84194,44.46366],[2.84497,44.4598],[2.84377,44.45936],[2.84077,44.45529],[2.83886,44.45396],[2.83716,44.45325],[2.83477,44.45288],[2.83523,44.45206],[2.83731,44.4512],[2.83944,44.4481],[2.8429,44.44809],[2.84417,44.44957],[2.84598,44.44843],[2.84438,44.44516],[2.84231,44.44499],[2.84086,44.44432],[2.83929,44.44424],[2.83821,44.44483],[2.83558,44.44454],[2.83845,44.44334],[2.83656,44.44187],[2.83417,44.44201],[2.83411,44.44131],[2.83215,44.44093],[2.83183,44.43945],[2.83051,44.43681],[2.8288,44.43722],[2.82829,44.43619],[2.82665,44.43586],[2.82573,44.4353],[2.82513,44.43385],[2.8241,44.43328],[2.82244,44.43373],[2.82008,44.43964],[2.81941,44.44171],[2.82021,44.44242],[2.81682,44.44382],[2.81643,44.44038],[2.81458,44.44079],[2.81393,44.44155],[2.81018,44.44357],[2.80837,44.443],[2.80767,44.44208],[2.80597,44.44298],[2.80484,44.44231],[2.80333,44.44232],[2.80195,44.44174],[2.8005,44.44207],[2.80021,44.43903],[2.79672,44.44],[2.79461,44.43849],[2.79454,44.43751],[2.79214,44.43782],[2.78901,44.43726],[2.78654,44.43734],[2.78525,44.43774],[2.78454,44.43946],[2.78297,44.43969],[2.78167,44.44072],[2.7817,44.44204],[2.77988,44.44185],[2.77552,44.4426],[2.77247,44.44087],[2.77352,44.43907],[2.77107,44.43891],[2.77009,44.44033],[2.77081,44.44155],[2.77028,44.44236],[2.77089,44.44443]]]}},{"type":"Feature","id":"fr-commune-12107","properties":{"id":"fr-commune-12107","name":"Gaillac-d'Aveyron","kind":"commune","center":[2.9059,44.3622],"code":"12107","department":"12"},"bbox":[2.85885,44.32747,2.95288,44.397],"geometry":{"type":"Polygon","coordinates":[[[2.90445,44.32747],[2.90406,44.32847],[2.90177,44.33192],[2.90036,44.33325],[2.89821,44.33436],[2.89722,44.33561],[2.89492,44.33713],[2.89129,44.33911],[2.88773,44.34016],[2.88652,44.3415],[2.88399,44.34197],[2.88124,44.34184],[2.87496,44.34084],[2.87145,44.34095],[2.87003,44.34307],[2.86934,44.34467],[2.86754,44.3473],[2.86883,44.34888],[2.86977,44.34933],[2.87295,44.35224],[2.87413,44.35498],[2.87624,44.35753],[2.87601,44.35988],[2.87699,44.36149],[2.87811,44.36156],[2.87833,44.36377],[2.87919,44.36469],[2.87934,44.36737],[2.87999,44.36893],[2.87805,44.36976],[2.87555,44.37184],[2.87349,44.37271],[2.86637,44.37526],[2.86532,44.37628],[2.85885,44.37739],[2.86033,44.38096],[2.86116,44.3824],[2.86125,44.38448],[2.86208,44.38537],[2.87136,44.38768],[2.87174,44.38907],[2.87018,44.3908],[2.8677,44.39087],[2.87148,44.39496],[2.87367,44.39507],[2.87403,44.397],[2.87764,44.39686],[2.87958,44.39307],[2.88356,44.39416],[2.88565,44.39392],[2.88658,44.39347],[2.88962,44.39354],[2.88965,44.39182],[2.88634,44.38947],[2.88476,44.38872],[2.88592,44.38584],[2.89149,44.38571],[2.89287,44.38473],[2.8945,44.3846],[2.89705,44.38642],[2.89868,44.38579],[2.90096,44.38636],[2.89992,44.38881],[2.90341,44.38864],[2.90639,44.38935],[2.90827,44.38733],[2.90757,44.38496],[2.90906,44.3839],[2.90946,44.38289],[2.91153,44.38249],[2.91424,44.3806],[2.91762,44.3787],[2.91991,44.37935],[2.92042,44.37787],[2.92343,44.37334],[2.92347,44.37174],[2.93121,44.37127],[2.93226,44.37146],[2.94042,44.37114],[2.9409,44.37066],[2.94857,44.36849],[2.94846,44.36773],[2.9497,44.36408],[2.95211,44.36136],[2.9525,44.35593],[2.95288,44.35519],[2.94928,44.35474],[2.94918,44.35385],[2.94672,44.35445],[2.94546,44.35569],[2.94234,44.3565],[2.93991,44.35632],[2.9396,44.35561],[2.93576,44.354],[2.93576,44.35329],[2.93746,44.3527],[2.93793,44.35129],[2.93603,44.35042],[2.93537,44.34883],[2.93378,44.34818],[2.93402,44.34684],[2.93083,44.34633],[2.92931,44.34508],[2.93013,44.34346],[2.92997,44.34148],[2.93056,44.3394],[2.92856,44.33734],[2.92793,44.336],[2.92858,44.33499],[2.92827,44.33413],[2.92687,44.33299],[2.92558,44.33322],[2.92382,44.3343],[2.92162,44.33517],[2.91991,44.33499],[2.91792,44.33553],[2.91523,44.33466],[2.9135,44.33314],[2.9116,44.33324],[2.90963,44.33239],[2.9072,44.33064],[2.90445,44.32747]]]}},{"type":"Feature","id":"fr-commune-12108","properties":{"id":"fr-commune-12108","name":"Galgan","kind":"commune","center":[2.1814,44.5037],"code":"12108","department":"12"},"bbox":[2.14323,44.47056,2.2196,44.53691],"geometry":{"type":"Polygon","coordinates":[[[2.2013,44.53691],[2.20158,44.53542],[2.20284,44.53463],[2.20266,44.53211],[2.20466,44.53159],[2.20539,44.52999],[2.20842,44.52967],[2.21109,44.53066],[2.21183,44.52938],[2.21495,44.52902],[2.21531,44.52825],[2.21677,44.52794],[2.21669,44.52609],[2.21545,44.52511],[2.2159,44.52392],[2.21804,44.5234],[2.2196,44.52237],[2.21918,44.52103],[2.21719,44.51823],[2.21883,44.51582],[2.21742,44.51457],[2.2151,44.51482],[2.21335,44.51389],[2.21279,44.51287],[2.21141,44.51218],[2.20959,44.50969],[2.20852,44.50889],[2.20862,44.50803],[2.20769,44.507],[2.20844,44.50588],[2.20648,44.50487],[2.20439,44.50475],[2.20319,44.50416],[2.20073,44.50405],[2.20071,44.50168],[2.19767,44.50236],[2.1914,44.5036],[2.19149,44.50052],[2.19194,44.4987],[2.1908,44.4982],[2.19024,44.49716],[2.19269,44.49381],[2.19295,44.49241],[2.18963,44.49068],[2.18794,44.49073],[2.18864,44.48827],[2.18765,44.48706],[2.18684,44.4872],[2.18528,44.48598],[2.18529,44.48415],[2.18402,44.48301],[2.18212,44.48194],[2.18192,44.48003],[2.1826,44.4772],[2.1783,44.47738],[2.1741,44.47906],[2.16933,44.47984],[2.16497,44.47964],[2.16424,44.4779],[2.16418,44.47337],[2.16332,44.47336],[2.15776,44.47056],[2.15617,44.47143],[2.15477,44.47093],[2.15221,44.47228],[2.15145,44.4738],[2.1499,44.4745],[2.14734,44.47332],[2.14614,44.47386],[2.14559,44.47556],[2.1463,44.47754],[2.14642,44.47938],[2.14566,44.48049],[2.14421,44.48115],[2.1436,44.48255],[2.14323,44.4852],[2.14499,44.48457],[2.14553,44.48545],[2.14714,44.48614],[2.14876,44.48629],[2.15002,44.48809],[2.15079,44.49052],[2.15236,44.49189],[2.15262,44.49393],[2.15196,44.49558],[2.1506,44.49508],[2.14816,44.49795],[2.14807,44.49925],[2.14585,44.50032],[2.14837,44.50183],[2.1495,44.50296],[2.14949,44.50566],[2.15088,44.50534],[2.1542,44.50548],[2.15633,44.50935],[2.15954,44.50891],[2.16262,44.50975],[2.16783,44.51338],[2.1714,44.51627],[2.17166,44.51698],[2.16983,44.51863],[2.16936,44.51957],[2.17227,44.52],[2.17319,44.52048],[2.17596,44.52063],[2.17675,44.52116],[2.17957,44.51997],[2.18301,44.52079],[2.18502,44.52078],[2.18683,44.52139],[2.18737,44.52265],[2.18676,44.52614],[2.18769,44.52767],[2.18801,44.52929],[2.18761,44.53007],[2.18812,44.53187],[2.19048,44.53283],[2.19274,44.53479],[2.1963,44.53571],[2.19766,44.53659],[2.2013,44.53691]]]}},{"type":"Feature","id":"fr-commune-12109","properties":{"id":"fr-commune-12109","name":"Gissac","kind":"commune","center":[2.8996,43.8702],"code":"12109","department":"12"},"bbox":[2.8466,43.83118,2.95255,43.90918],"geometry":{"type":"Polygon","coordinates":[[[2.88131,43.90918],[2.88317,43.90886],[2.88399,43.9082],[2.88432,43.90547],[2.8855,43.90435],[2.88813,43.901],[2.88778,43.89912],[2.88656,43.89689],[2.88766,43.8944],[2.8916,43.89225],[2.89366,43.89171],[2.89807,43.88939],[2.89776,43.88806],[2.89848,43.88474],[2.90498,43.88336],[2.90889,43.88283],[2.91374,43.8813],[2.91695,43.8811],[2.91867,43.88127],[2.92259,43.88094],[2.92642,43.87974],[2.93194,43.87716],[2.93421,43.87672],[2.93919,43.8743],[2.94293,43.87313],[2.95031,43.87118],[2.95255,43.87071],[2.95142,43.86836],[2.95043,43.86178],[2.95063,43.85929],[2.95006,43.85692],[2.95016,43.85458],[2.9508,43.85178],[2.95035,43.85038],[2.9498,43.84899],[2.94646,43.84942],[2.94525,43.84682],[2.94472,43.84446],[2.94525,43.84331],[2.94666,43.84208],[2.946,43.84095],[2.94077,43.83724],[2.93974,43.83565],[2.93737,43.83339],[2.93383,43.83196],[2.9325,43.8322],[2.93216,43.83245],[2.92652,43.83275],[2.92333,43.83264],[2.9202,43.83164],[2.9179,43.83118],[2.91706,43.83284],[2.91417,43.8348],[2.91069,43.83396],[2.90763,43.83446],[2.90811,43.83581],[2.9073,43.83715],[2.90878,43.83943],[2.91004,43.8437],[2.90963,43.84571],[2.90851,43.84667],[2.9081,43.84776],[2.90473,43.84811],[2.9012,43.8502],[2.89825,43.85063],[2.89762,43.85319],[2.89824,43.85413],[2.89637,43.85634],[2.89272,43.86144],[2.89066,43.86327],[2.88933,43.86514],[2.88805,43.86592],[2.88761,43.86763],[2.88797,43.86968],[2.88643,43.86996],[2.88499,43.86963],[2.88313,43.86697],[2.8778,43.86861],[2.87626,43.86859],[2.87285,43.8695],[2.87027,43.87111],[2.86988,43.87168],[2.86689,43.87362],[2.86332,43.87432],[2.85998,43.87609],[2.85812,43.87784],[2.85396,43.87937],[2.85109,43.88181],[2.85023,43.88199],[2.85061,43.88339],[2.84906,43.88376],[2.84727,43.88529],[2.8466,43.88633],[2.84842,43.88771],[2.84928,43.88882],[2.8483,43.88949],[2.84858,43.89039],[2.85058,43.89076],[2.85397,43.89302],[2.85776,43.89321],[2.85896,43.89532],[2.86033,43.89569],[2.86139,43.89757],[2.86276,43.89841],[2.86569,43.89891],[2.86682,43.90039],[2.86782,43.90087],[2.87151,43.90145],[2.87328,43.90124],[2.87469,43.90299],[2.87364,43.90412],[2.87185,43.9053],[2.87977,43.90784],[2.88127,43.90813],[2.88131,43.90918]]]}},{"type":"Feature","id":"fr-commune-12110","properties":{"id":"fr-commune-12110","name":"Golinhac","kind":"commune","center":[2.5921,44.5972],"code":"12110","department":"12"},"bbox":[2.53062,44.5574,2.65379,44.63704],"geometry":{"type":"Polygon","coordinates":[[[2.63159,44.5574],[2.63088,44.55909],[2.62889,44.55914],[2.62589,44.56006],[2.6226,44.56197],[2.62216,44.56358],[2.62126,44.56477],[2.62126,44.56621],[2.62013,44.56663],[2.61984,44.56798],[2.61749,44.56872],[2.61798,44.57108],[2.61587,44.57375],[2.61237,44.57425],[2.60801,44.57286],[2.60858,44.57077],[2.60837,44.5697],[2.60714,44.56879],[2.60484,44.57009],[2.60496,44.57125],[2.59978,44.57174],[2.60019,44.57273],[2.59926,44.5752],[2.59796,44.57504],[2.59664,44.57741],[2.59541,44.5783],[2.59331,44.57881],[2.59106,44.5787],[2.58902,44.57823],[2.586,44.57895],[2.58366,44.57834],[2.58222,44.57971],[2.58042,44.57988],[2.57726,44.58191],[2.57574,44.58477],[2.57406,44.58607],[2.57194,44.58655],[2.56966,44.5881],[2.56723,44.58923],[2.56728,44.58788],[2.56521,44.58762],[2.56281,44.59059],[2.5627,44.59119],[2.55923,44.59135],[2.55677,44.59033],[2.5555,44.58928],[2.55382,44.58898],[2.55203,44.59052],[2.55136,44.58935],[2.54966,44.58877],[2.54812,44.58909],[2.54899,44.58694],[2.54739,44.58632],[2.54474,44.5838],[2.5434,44.58204],[2.54221,44.58166],[2.54192,44.5838],[2.54049,44.58443],[2.53911,44.58349],[2.53526,44.58211],[2.53275,44.58577],[2.53222,44.5869],[2.53071,44.58752],[2.53062,44.58864],[2.53239,44.58833],[2.53465,44.58852],[2.5355,44.58897],[2.53722,44.59223],[2.53876,44.59439],[2.53929,44.59821],[2.53733,44.59952],[2.54005,44.60072],[2.54292,44.60107],[2.54563,44.60101],[2.54624,44.60256],[2.54642,44.60435],[2.54598,44.60587],[2.54447,44.60722],[2.54268,44.61017],[2.54282,44.6127],[2.54248,44.61334],[2.54076,44.61356],[2.54065,44.61652],[2.5414,44.61723],[2.54485,44.61693],[2.54553,44.61864],[2.54688,44.61996],[2.54677,44.62177],[2.5483,44.62345],[2.54771,44.6245],[2.54567,44.62473],[2.54581,44.62567],[2.54379,44.62851],[2.54345,44.62965],[2.54211,44.62998],[2.54123,44.63121],[2.53674,44.63196],[2.53561,44.63325],[2.5355,44.63525],[2.5364,44.63704],[2.53886,44.63605],[2.54045,44.63383],[2.54543,44.63271],[2.54847,44.63094],[2.54942,44.63134],[2.55256,44.63173],[2.55549,44.63039],[2.55731,44.63069],[2.55977,44.62897],[2.56048,44.6281],[2.56204,44.62885],[2.56441,44.62861],[2.56594,44.62745],[2.56588,44.62656],[2.56755,44.62622],[2.57029,44.62629],[2.57259,44.62596],[2.5754,44.62742],[2.57618,44.62826],[2.57733,44.62776],[2.58139,44.62409],[2.58174,44.62022],[2.58119,44.61953],[2.58307,44.61863],[2.5872,44.61837],[2.5885,44.61877],[2.59125,44.61868],[2.59255,44.61672],[2.59266,44.61543],[2.59421,44.61347],[2.59744,44.61099],[2.59856,44.60879],[2.60084,44.60777],[2.60201,44.6063],[2.60332,44.60593],[2.60532,44.60614],[2.60766,44.60516],[2.61117,44.60474],[2.61233,44.60394],[2.61174,44.60151],[2.6117,44.59924],[2.61293,44.59808],[2.6166,44.59555],[2.61878,44.59432],[2.62154,44.59344],[2.62337,44.59099],[2.62564,44.58919],[2.62676,44.58697],[2.62912,44.58354],[2.6305,44.58299],[2.63248,44.58284],[2.63611,44.5811],[2.63651,44.5796],[2.63755,44.57876],[2.64034,44.57747],[2.64645,44.57701],[2.6486,44.57621],[2.64945,44.57428],[2.64964,44.57114],[2.65102,44.5701],[2.65264,44.56893],[2.65379,44.56557],[2.65284,44.56424],[2.65006,44.56377],[2.64718,44.56276],[2.64591,44.56262],[2.64428,44.56136],[2.64172,44.56105],[2.63936,44.56208],[2.63821,44.56218],[2.6342,44.55935],[2.63343,44.55785],[2.63159,44.5574]]]}},{"type":"Feature","id":"fr-commune-12111","properties":{"id":"fr-commune-12111","name":"Goutrens","kind":"commune","center":[2.3651,44.4377],"code":"12111","department":"12"},"bbox":[2.31335,44.41225,2.41691,44.46315],"geometry":{"type":"Polygon","coordinates":[[[2.41688,44.4408],[2.41679,44.43959],[2.41542,44.43804],[2.41529,44.43606],[2.41336,44.43667],[2.41188,44.43508],[2.41069,44.43523],[2.40867,44.43469],[2.40873,44.43388],[2.40682,44.43208],[2.40765,44.43114],[2.40797,44.42929],[2.40741,44.42837],[2.40426,44.42878],[2.40504,44.43026],[2.40619,44.43132],[2.40375,44.43176],[2.40302,44.42991],[2.4009,44.4285],[2.40122,44.42717],[2.39841,44.42698],[2.39634,44.42769],[2.39457,44.42881],[2.39315,44.42809],[2.39359,44.42637],[2.39233,44.42525],[2.39308,44.42363],[2.38969,44.42309],[2.38699,44.42361],[2.38728,44.42486],[2.38504,44.42484],[2.38359,44.42421],[2.38054,44.42353],[2.37594,44.42192],[2.3744,44.42115],[2.37409,44.42037],[2.3721,44.42017],[2.36935,44.41847],[2.36733,44.41866],[2.36565,44.41958],[2.36373,44.42007],[2.363,44.41892],[2.36018,44.41802],[2.35893,44.41683],[2.3557,44.41727],[2.35285,44.41647],[2.34973,44.41675],[2.34824,44.41742],[2.34648,44.41882],[2.34311,44.42051],[2.34111,44.42047],[2.33856,44.42083],[2.33339,44.41946],[2.33071,44.41773],[2.32973,44.41651],[2.32911,44.41436],[2.3256,44.41375],[2.32474,44.41297],[2.32237,44.41225],[2.3209,44.41374],[2.31858,44.41776],[2.31919,44.41824],[2.32421,44.41804],[2.32588,44.41862],[2.32765,44.41867],[2.32966,44.41936],[2.33235,44.42192],[2.33487,44.42355],[2.336,44.42584],[2.33644,44.42764],[2.33506,44.42877],[2.33274,44.4293],[2.32829,44.42904],[2.32459,44.42992],[2.32475,44.4317],[2.32381,44.43669],[2.31965,44.43666],[2.31822,44.4383],[2.31521,44.44114],[2.31335,44.44219],[2.31508,44.44399],[2.31651,44.44456],[2.31778,44.44628],[2.31965,44.44573],[2.32223,44.44629],[2.32603,44.44661],[2.32739,44.44748],[2.33056,44.44763],[2.3312,44.44831],[2.3344,44.44832],[2.33506,44.45008],[2.33762,44.45115],[2.33904,44.45049],[2.34187,44.45046],[2.34303,44.45076],[2.3464,44.45077],[2.34787,44.45024],[2.34851,44.45363],[2.34654,44.4535],[2.34662,44.4523],[2.3447,44.4522],[2.34433,44.45336],[2.34556,44.45445],[2.3461,44.4569],[2.34442,44.4569],[2.34202,44.45761],[2.34271,44.45932],[2.34405,44.45976],[2.34597,44.45886],[2.34948,44.45862],[2.35159,44.45691],[2.35346,44.45766],[2.35737,44.45753],[2.35786,44.45616],[2.35941,44.45435],[2.35999,44.4549],[2.36289,44.45444],[2.36294,44.45565],[2.36419,44.45712],[2.36443,44.45955],[2.36532,44.45973],[2.36582,44.46141],[2.36907,44.4594],[2.37067,44.46081],[2.37438,44.46179],[2.37736,44.4621],[2.37964,44.46315],[2.38046,44.46275],[2.38049,44.46075],[2.38118,44.46021],[2.38325,44.4608],[2.38463,44.45964],[2.38557,44.45575],[2.38863,44.45672],[2.39066,44.45498],[2.39016,44.45395],[2.39262,44.45326],[2.39475,44.45341],[2.39411,44.45438],[2.3946,44.45542],[2.39676,44.45416],[2.39945,44.45337],[2.40177,44.45207],[2.4051,44.45247],[2.40781,44.4514],[2.40917,44.45125],[2.41157,44.45019],[2.41238,44.44933],[2.41293,44.44793],[2.41417,44.44762],[2.41408,44.44661],[2.41549,44.4458],[2.41606,44.44301],[2.41691,44.44299],[2.41688,44.4408]]]}},{"type":"Feature","id":"fr-commune-12113","properties":{"id":"fr-commune-12113","name":"Gramond","kind":"commune","center":[2.3723,44.2623],"code":"12113","department":"12"},"bbox":[2.33252,44.24171,2.41211,44.28301],"geometry":{"type":"Polygon","coordinates":[[[2.34329,44.2809],[2.34725,44.28],[2.34897,44.27802],[2.34916,44.27571],[2.34797,44.27402],[2.34785,44.27256],[2.34708,44.27054],[2.34833,44.26903],[2.34981,44.26817],[2.35086,44.269],[2.35108,44.27001],[2.35325,44.27112],[2.35437,44.27271],[2.35748,44.27229],[2.35777,44.27378],[2.36053,44.27454],[2.36191,44.27464],[2.36504,44.27412],[2.36566,44.27333],[2.36557,44.27203],[2.36699,44.26992],[2.36921,44.2689],[2.37119,44.26875],[2.37087,44.27017],[2.37165,44.27089],[2.37106,44.27197],[2.37201,44.27284],[2.37602,44.27276],[2.3774,44.27075],[2.37927,44.27071],[2.38167,44.27118],[2.38267,44.27174],[2.38566,44.27075],[2.38785,44.27131],[2.38968,44.27141],[2.39067,44.27215],[2.3919,44.27178],[2.393,44.2738],[2.39342,44.27539],[2.39217,44.2755],[2.39232,44.2771],[2.39399,44.28104],[2.3955,44.28301],[2.39982,44.27977],[2.40106,44.27818],[2.40338,44.27643],[2.40371,44.27858],[2.40445,44.27871],[2.40657,44.28024],[2.40883,44.27742],[2.41125,44.27638],[2.41084,44.27454],[2.41211,44.27389],[2.41138,44.27179],[2.4119,44.27129],[2.40887,44.26945],[2.40674,44.27001],[2.40171,44.26806],[2.40095,44.26687],[2.40057,44.26501],[2.39935,44.26336],[2.39867,44.26318],[2.39697,44.26382],[2.39353,44.26359],[2.39108,44.26208],[2.39053,44.26113],[2.38895,44.26104],[2.38763,44.25978],[2.38652,44.258],[2.38605,44.25511],[2.38408,44.25238],[2.3828,44.25133],[2.38112,44.25059],[2.37947,44.24936],[2.37931,44.24766],[2.38058,44.24581],[2.37919,44.24431],[2.37973,44.24293],[2.37611,44.24247],[2.37391,44.24171],[2.37288,44.24201],[2.37282,44.24484],[2.37216,44.24569],[2.37313,44.24668],[2.37,44.24736],[2.36693,44.24899],[2.36033,44.25448],[2.35689,44.2543],[2.35205,44.25259],[2.35114,44.25206],[2.34696,44.25133],[2.3434,44.24994],[2.33813,44.2498],[2.33625,44.25035],[2.3355,44.25218],[2.33451,44.25286],[2.33471,44.25441],[2.33285,44.25683],[2.33252,44.25811],[2.33267,44.26015],[2.33384,44.26072],[2.33446,44.26198],[2.33409,44.26399],[2.33644,44.26747],[2.33656,44.26914],[2.33611,44.27098],[2.33778,44.27243],[2.33887,44.27433],[2.33956,44.27653],[2.33906,44.27775],[2.33959,44.27979],[2.34099,44.28116],[2.34329,44.2809]]]}},{"type":"Feature","id":"fr-commune-12115","properties":{"id":"fr-commune-12115","name":"L'Hospitalet-du-Larzac","kind":"commune","center":[3.2074,43.9755],"code":"12115","department":"12"},"bbox":[3.17559,43.95483,3.23919,43.99624],"geometry":{"type":"Polygon","coordinates":[[[3.2109,43.95572],[3.20696,43.95696],[3.20593,43.95773],[3.19908,43.96091],[3.19368,43.96446],[3.19222,43.96625],[3.1902,43.96785],[3.18712,43.96894],[3.1829,43.97164],[3.17859,43.97196],[3.18035,43.97259],[3.18033,43.97437],[3.17859,43.97506],[3.17756,43.97641],[3.18068,43.97756],[3.17988,43.97899],[3.17714,43.98374],[3.17641,43.98789],[3.17559,43.99146],[3.17846,43.99207],[3.18699,43.99624],[3.18765,43.99368],[3.1888,43.99076],[3.19085,43.98632],[3.19389,43.98397],[3.19704,43.98281],[3.19865,43.98129],[3.20323,43.98109],[3.20381,43.98184],[3.20609,43.98],[3.21253,43.98013],[3.21339,43.98092],[3.21639,43.98538],[3.21922,43.98753],[3.22198,43.98791],[3.22661,43.98686],[3.22745,43.98697],[3.22923,43.98602],[3.23365,43.98466],[3.23458,43.98295],[3.23582,43.97806],[3.23666,43.97586],[3.23633,43.97431],[3.2377,43.97036],[3.23919,43.96343],[3.23695,43.96485],[3.23456,43.96503],[3.23314,43.9643],[3.22826,43.96109],[3.22618,43.96028],[3.22339,43.95988],[3.21911,43.95696],[3.21802,43.95597],[3.21528,43.95483],[3.21293,43.95498],[3.2109,43.95572]]]}},{"type":"Feature","id":"fr-commune-12116","properties":{"id":"fr-commune-12116","name":"Huparlac","kind":"commune","center":[2.7467,44.7183],"code":"12116","department":"12"},"bbox":[2.7046,44.68052,2.78885,44.75609],"geometry":{"type":"Polygon","coordinates":[[[2.74172,44.68146],[2.74078,44.68155],[2.73692,44.68052],[2.73315,44.68193],[2.73107,44.68307],[2.73043,44.68257],[2.72881,44.68339],[2.72893,44.68429],[2.72604,44.68479],[2.72092,44.68336],[2.71905,44.6823],[2.71808,44.68241],[2.71734,44.68455],[2.71361,44.68492],[2.71248,44.68614],[2.71071,44.68583],[2.70926,44.68606],[2.7094,44.68736],[2.7046,44.68648],[2.70484,44.68778],[2.70649,44.68862],[2.7079,44.68878],[2.708,44.6904],[2.71045,44.69316],[2.71059,44.69418],[2.71385,44.6949],[2.71469,44.69627],[2.71722,44.69513],[2.7188,44.69502],[2.72064,44.6961],[2.71946,44.6972],[2.71976,44.69891],[2.72325,44.70057],[2.72246,44.70143],[2.72409,44.70194],[2.72593,44.70321],[2.7217,44.70627],[2.72271,44.70775],[2.72461,44.70842],[2.72373,44.70923],[2.72481,44.70986],[2.72218,44.71198],[2.72297,44.71278],[2.72547,44.714],[2.72654,44.71346],[2.73079,44.71479],[2.73268,44.71469],[2.73282,44.71751],[2.73599,44.72071],[2.73673,44.72344],[2.73597,44.72425],[2.73602,44.72714],[2.73943,44.72794],[2.74191,44.72788],[2.74328,44.72823],[2.74729,44.72721],[2.75173,44.72483],[2.7566,44.72581],[2.75553,44.72685],[2.75567,44.72771],[2.75941,44.73033],[2.76132,44.73232],[2.7633,44.73253],[2.76237,44.73451],[2.76065,44.73648],[2.76097,44.73828],[2.75997,44.73822],[2.75829,44.74048],[2.75874,44.74223],[2.76091,44.74584],[2.76474,44.74575],[2.76565,44.74679],[2.76626,44.74944],[2.76758,44.75061],[2.76641,44.75214],[2.76891,44.75337],[2.76879,44.75516],[2.7732,44.75516],[2.7777,44.75603],[2.78026,44.75609],[2.78321,44.75424],[2.78509,44.75234],[2.78533,44.75149],[2.78767,44.75069],[2.78885,44.74945],[2.78747,44.74824],[2.7858,44.74823],[2.78247,44.74703],[2.78106,44.74616],[2.77901,44.74676],[2.77776,44.74672],[2.7762,44.74587],[2.77684,44.74442],[2.77852,44.74308],[2.78184,44.74164],[2.78367,44.73987],[2.78613,44.73926],[2.78703,44.73817],[2.78538,44.73513],[2.78588,44.73169],[2.78451,44.72823],[2.78176,44.72887],[2.77929,44.7279],[2.77497,44.72882],[2.77311,44.72625],[2.77129,44.72469],[2.76752,44.72398],[2.76781,44.72172],[2.76868,44.72037],[2.76994,44.71992],[2.77034,44.71837],[2.77217,44.71518],[2.77103,44.71374],[2.7715,44.71164],[2.77239,44.71111],[2.77391,44.71176],[2.77461,44.70983],[2.77564,44.7094],[2.77749,44.70729],[2.779,44.70757],[2.78114,44.70661],[2.78403,44.70279],[2.78311,44.70029],[2.7831,44.69759],[2.78263,44.69649],[2.78492,44.69678],[2.78433,44.69466],[2.78495,44.69227],[2.78343,44.69169],[2.78374,44.69088],[2.78147,44.69058],[2.78051,44.68986],[2.77685,44.68983],[2.77605,44.68933],[2.77287,44.69012],[2.77193,44.68985],[2.77211,44.68859],[2.76713,44.68874],[2.7641,44.68831],[2.76042,44.68739],[2.75767,44.68846],[2.75627,44.68815],[2.75274,44.68798],[2.75147,44.68668],[2.75121,44.68551],[2.74888,44.68597],[2.74715,44.68552],[2.74643,44.68713],[2.74512,44.68897],[2.74404,44.68774],[2.7422,44.68694],[2.74244,44.6846],[2.74173,44.68343],[2.74172,44.68146]]]}},{"type":"Feature","id":"fr-commune-12118","properties":{"id":"fr-commune-12118","name":"Lacroix-Barrez","kind":"commune","center":[2.634,44.769],"code":"12118","department":"12"},"bbox":[2.58671,44.72806,2.68127,44.81009],"geometry":{"type":"Polygon","coordinates":[[[2.62517,44.73168],[2.62739,44.73215],[2.62678,44.73409],[2.6254,44.73596],[2.626,44.73745],[2.62763,44.7379],[2.62896,44.73768],[2.63195,44.73951],[2.63386,44.74172],[2.63264,44.74381],[2.63162,44.74634],[2.63015,44.74832],[2.63056,44.75003],[2.6331,44.75216],[2.63425,44.75404],[2.63585,44.75514],[2.63502,44.75834],[2.63362,44.75931],[2.63295,44.76205],[2.63013,44.76508],[2.62691,44.76625],[2.62711,44.7676],[2.6261,44.76796],[2.62737,44.77031],[2.62517,44.77117],[2.62345,44.76986],[2.61953,44.77032],[2.61714,44.77082],[2.61492,44.76975],[2.61209,44.76974],[2.60971,44.76918],[2.60862,44.76966],[2.6069,44.7693],[2.60416,44.77109],[2.60131,44.77245],[2.59994,44.77227],[2.59689,44.7742],[2.59357,44.77467],[2.59204,44.77587],[2.58992,44.77629],[2.58719,44.77731],[2.58671,44.77966],[2.58704,44.77998],[2.5887,44.7796],[2.59026,44.77999],[2.58973,44.78142],[2.59145,44.7819],[2.59282,44.78306],[2.59505,44.78211],[2.59689,44.78288],[2.59796,44.78427],[2.60218,44.78234],[2.60435,44.78266],[2.60638,44.7838],[2.60652,44.78515],[2.60817,44.78589],[2.61026,44.78474],[2.61432,44.78512],[2.61419,44.78624],[2.61508,44.78705],[2.61456,44.78821],[2.61519,44.78987],[2.61611,44.79041],[2.61642,44.79184],[2.61525,44.79289],[2.61717,44.79452],[2.61774,44.79573],[2.61984,44.79675],[2.62441,44.79803],[2.62669,44.79716],[2.62836,44.79746],[2.63166,44.79745],[2.63657,44.79885],[2.63844,44.8012],[2.64023,44.80256],[2.64161,44.80294],[2.64156,44.80425],[2.64277,44.80433],[2.64545,44.80612],[2.64639,44.80625],[2.64758,44.80499],[2.64897,44.80481],[2.65011,44.80548],[2.65409,44.80524],[2.65687,44.80546],[2.65695,44.80906],[2.65753,44.81009],[2.65969,44.80922],[2.66054,44.80662],[2.66161,44.80585],[2.66256,44.80643],[2.66465,44.80517],[2.66521,44.80422],[2.66285,44.80292],[2.66375,44.80229],[2.66298,44.80117],[2.66348,44.80036],[2.66076,44.79834],[2.6591,44.79803],[2.65941,44.79623],[2.65801,44.79515],[2.65966,44.79429],[2.66022,44.79307],[2.66305,44.79145],[2.66279,44.78969],[2.66488,44.79],[2.66639,44.78946],[2.66922,44.79004],[2.66822,44.78667],[2.66939,44.78187],[2.67233,44.78145],[2.67378,44.78067],[2.67611,44.78005],[2.67786,44.77882],[2.6795,44.7782],[2.67992,44.77751],[2.67912,44.77647],[2.67955,44.77306],[2.68073,44.7715],[2.68002,44.7677],[2.68127,44.76611],[2.67784,44.76357],[2.67897,44.76131],[2.67836,44.76033],[2.67579,44.75855],[2.67417,44.7579],[2.674,44.75662],[2.67115,44.7557],[2.66964,44.75399],[2.66822,44.75332],[2.66351,44.75171],[2.66229,44.75011],[2.6597,44.7482],[2.65572,44.74647],[2.65215,44.74617],[2.64754,44.74557],[2.64617,44.74467],[2.6454,44.74293],[2.64535,44.7409],[2.6442,44.73919],[2.64149,44.73853],[2.63924,44.73686],[2.63693,44.73373],[2.63369,44.73164],[2.63144,44.72904],[2.62996,44.72832],[2.62687,44.72806],[2.62545,44.72926],[2.62517,44.73168]]]}},{"type":"Feature","id":"fr-commune-12119","properties":{"id":"fr-commune-12119","name":"Laguiole","kind":"commune","center":[2.8679,44.6936],"code":"12119","department":"12"},"bbox":[2.79144,44.65509,2.94447,44.73243],"geometry":{"type":"Polygon","coordinates":[[[2.93089,44.71303],[2.93329,44.70852],[2.93434,44.70717],[2.93509,44.705],[2.93501,44.70357],[2.93384,44.697],[2.93282,44.69675],[2.93496,44.69484],[2.93488,44.69409],[2.9382,44.6934],[2.93961,44.6917],[2.93873,44.69093],[2.93889,44.68979],[2.93987,44.68944],[2.94162,44.68645],[2.94401,44.68507],[2.94447,44.68417],[2.94356,44.68361],[2.94137,44.684],[2.93846,44.68239],[2.93867,44.6811],[2.93781,44.67987],[2.93837,44.67849],[2.93938,44.67763],[2.93906,44.67634],[2.93757,44.67526],[2.93557,44.67465],[2.93415,44.67507],[2.93264,44.67482],[2.92799,44.67333],[2.92553,44.67166],[2.91971,44.66985],[2.91702,44.66782],[2.91483,44.66649],[2.91419,44.6657],[2.91034,44.66676],[2.90787,44.66686],[2.90561,44.66752],[2.90243,44.66945],[2.89888,44.67077],[2.8972,44.67183],[2.89496,44.67226],[2.89418,44.67116],[2.89251,44.67051],[2.8884,44.67024],[2.88066,44.67033],[2.87149,44.66887],[2.86886,44.66982],[2.86474,44.66897],[2.8613,44.66758],[2.85883,44.66743],[2.85506,44.66683],[2.85417,44.66692],[2.84938,44.66877],[2.84949,44.66719],[2.85165,44.6668],[2.85309,44.66544],[2.85132,44.66441],[2.85256,44.66261],[2.8514,44.66194],[2.84893,44.662],[2.84821,44.66112],[2.8405,44.65955],[2.83595,44.65993],[2.83217,44.65968],[2.82958,44.65888],[2.82736,44.66019],[2.82622,44.65912],[2.82263,44.65676],[2.82098,44.65509],[2.82082,44.65706],[2.82148,44.65992],[2.82009,44.66152],[2.82011,44.66254],[2.81902,44.66416],[2.81754,44.66486],[2.81666,44.66624],[2.81676,44.66739],[2.81429,44.66942],[2.81369,44.6707],[2.81247,44.67078],[2.8109,44.6729],[2.80949,44.67322],[2.80694,44.67291],[2.80523,44.67383],[2.80627,44.67694],[2.80686,44.68097],[2.80605,44.68205],[2.80508,44.68549],[2.80439,44.68639],[2.80558,44.6891],[2.80264,44.69134],[2.80176,44.69235],[2.79996,44.69295],[2.79754,44.6931],[2.79515,44.69288],[2.79348,44.69358],[2.79207,44.69504],[2.79193,44.69758],[2.79144,44.699],[2.79338,44.70101],[2.79335,44.70235],[2.79229,44.7043],[2.79442,44.7063],[2.7965,44.70668],[2.79935,44.70877],[2.80118,44.7115],[2.80351,44.71229],[2.80673,44.71274],[2.81019,44.71254],[2.81213,44.71328],[2.82196,44.71565],[2.82551,44.71621],[2.82624,44.71666],[2.8273,44.71885],[2.82906,44.72053],[2.83086,44.72153],[2.83397,44.72235],[2.83889,44.72482],[2.84002,44.72591],[2.84294,44.72245],[2.84364,44.72238],[2.84685,44.72374],[2.84937,44.72355],[2.85393,44.72483],[2.86049,44.72566],[2.86314,44.72555],[2.86748,44.72667],[2.86982,44.72702],[2.86996,44.72519],[2.86951,44.72288],[2.87491,44.72172],[2.87932,44.72035],[2.88203,44.72092],[2.88503,44.7224],[2.88624,44.72383],[2.8858,44.72568],[2.88469,44.72816],[2.88577,44.72887],[2.88578,44.73004],[2.88656,44.73243],[2.89197,44.73176],[2.89401,44.73081],[2.8971,44.73011],[2.89809,44.72806],[2.90339,44.7223],[2.90883,44.71861],[2.91149,44.7184],[2.91502,44.71779],[2.91993,44.71745],[2.92214,44.71713],[2.92403,44.71635],[2.92604,44.71486],[2.92765,44.71273],[2.93089,44.71303]]]}},{"type":"Feature","id":"fr-commune-12120","properties":{"id":"fr-commune-12120","name":"Laissac-Sévérac l'Église","kind":"commune","center":[2.8352,44.3692],"code":"12120","department":"12"},"bbox":[2.79037,44.33277,2.87999,44.4055],"geometry":{"type":"Polygon","coordinates":[[[2.87145,44.34095],[2.86926,44.34082],[2.86422,44.33948],[2.86123,44.33926],[2.85919,44.33788],[2.85681,44.33782],[2.85313,44.33909],[2.85166,44.33907],[2.84487,44.33787],[2.84087,44.33575],[2.83905,44.33615],[2.83604,44.33575],[2.83466,44.33512],[2.82929,44.33438],[2.82428,44.33424],[2.82142,44.3337],[2.81941,44.33294],[2.81765,44.33277],[2.81282,44.33356],[2.80925,44.33395],[2.80662,44.33585],[2.80082,44.33797],[2.79111,44.34026],[2.79037,44.34188],[2.79072,44.34329],[2.79246,44.34435],[2.79452,44.34437],[2.79716,44.34348],[2.79908,44.34494],[2.80038,44.34672],[2.80067,44.34799],[2.79995,44.34909],[2.80015,44.35001],[2.79723,44.3532],[2.79583,44.35389],[2.79454,44.3556],[2.79359,44.36021],[2.79121,44.36112],[2.7937,44.36312],[2.79444,44.36605],[2.79723,44.36759],[2.7977,44.36854],[2.79816,44.37169],[2.79867,44.37264],[2.80033,44.3739],[2.80145,44.37356],[2.80155,44.37516],[2.80246,44.37615],[2.80391,44.37599],[2.80634,44.37682],[2.80571,44.37818],[2.80403,44.3794],[2.80181,44.38291],[2.8022,44.38337],[2.80072,44.38478],[2.80238,44.38481],[2.80289,44.38585],[2.80297,44.38764],[2.80417,44.38917],[2.80431,44.39056],[2.80507,44.39141],[2.80834,44.39266],[2.80847,44.3932],[2.80673,44.39479],[2.80857,44.3973],[2.80665,44.39933],[2.80612,44.4006],[2.80437,44.40309],[2.80572,44.4035],[2.80681,44.40543],[2.8084,44.4055],[2.80894,44.4042],[2.81156,44.40329],[2.81281,44.40119],[2.8147,44.40086],[2.81678,44.39783],[2.81946,44.39628],[2.81803,44.39468],[2.81858,44.3941],[2.82048,44.39546],[2.81989,44.39678],[2.8218,44.39841],[2.82441,44.39913],[2.82706,44.3976],[2.82832,44.39515],[2.8301,44.39511],[2.83019,44.39355],[2.83311,44.39031],[2.83248,44.38991],[2.83572,44.3871],[2.83814,44.38407],[2.83882,44.38281],[2.84101,44.38181],[2.84658,44.38017],[2.84851,44.37855],[2.8534,44.37766],[2.85885,44.37739],[2.86532,44.37628],[2.86637,44.37526],[2.87349,44.37271],[2.87555,44.37184],[2.87805,44.36976],[2.87999,44.36893],[2.87934,44.36737],[2.87919,44.36469],[2.87833,44.36377],[2.87811,44.36156],[2.87699,44.36149],[2.87601,44.35988],[2.87624,44.35753],[2.87413,44.35498],[2.87295,44.35224],[2.86977,44.34933],[2.86883,44.34888],[2.86754,44.3473],[2.86934,44.34467],[2.87003,44.34307],[2.87145,44.34095]]]}},{"type":"Feature","id":"fr-commune-12121","properties":{"id":"fr-commune-12121","name":"Lanuéjouls","kind":"commune","center":[2.1615,44.42],"code":"12121","department":"12"},"bbox":[2.12858,44.39455,2.19433,44.44551],"geometry":{"type":"Polygon","coordinates":[[[2.17626,44.40144],[2.17393,44.40239],[2.17104,44.40188],[2.16993,44.39747],[2.16813,44.39772],[2.16723,44.3971],[2.16723,44.39589],[2.16511,44.39583],[2.16311,44.39455],[2.1627,44.39601],[2.16087,44.39814],[2.15941,44.39869],[2.15777,44.40041],[2.15503,44.40226],[2.15152,44.40143],[2.15048,44.40206],[2.14952,44.40408],[2.14752,44.40497],[2.14675,44.40627],[2.14369,44.40629],[2.14352,44.40714],[2.14394,44.41452],[2.14435,44.41972],[2.14215,44.42236],[2.14965,44.42229],[2.15433,44.42451],[2.1509,44.42672],[2.15069,44.42751],[2.14576,44.42902],[2.1425,44.42705],[2.14129,44.42657],[2.13953,44.42879],[2.13692,44.42987],[2.1361,44.42734],[2.13494,44.42657],[2.13617,44.42528],[2.13522,44.4238],[2.1333,44.42431],[2.13078,44.42552],[2.12858,44.42766],[2.12975,44.42925],[2.13206,44.43015],[2.13474,44.43016],[2.13616,44.43057],[2.14074,44.43334],[2.1411,44.43532],[2.14198,44.43635],[2.14347,44.43658],[2.14436,44.43794],[2.14581,44.4376],[2.14961,44.43853],[2.15093,44.43975],[2.15233,44.43995],[2.15655,44.43929],[2.15818,44.43838],[2.15959,44.44113],[2.16013,44.4454],[2.16215,44.44471],[2.16353,44.44465],[2.1655,44.44551],[2.16668,44.44509],[2.16893,44.44344],[2.17026,44.44334],[2.16934,44.44062],[2.16944,44.43994],[2.17375,44.44026],[2.17583,44.44014],[2.1788,44.44037],[2.18088,44.43996],[2.18639,44.4337],[2.18935,44.43248],[2.1911,44.4324],[2.19433,44.43271],[2.19326,44.43128],[2.19115,44.42949],[2.1903,44.42824],[2.18859,44.42751],[2.18637,44.42738],[2.18536,44.42675],[2.18177,44.42606],[2.17989,44.42502],[2.17499,44.42326],[2.17468,44.42105],[2.17599,44.41945],[2.17488,44.41898],[2.17199,44.41875],[2.16293,44.41688],[2.16057,44.41436],[2.15961,44.41386],[2.16379,44.41233],[2.16585,44.41094],[2.17066,44.40678],[2.17232,44.40577],[2.17451,44.40366],[2.17619,44.40268],[2.17626,44.40144]]]}},{"type":"Feature","id":"fr-commune-12122","properties":{"id":"fr-commune-12122","name":"Lapanouse-de-Cernon","kind":"commune","center":[3.0947,44.0088],"code":"12122","department":"12"},"bbox":[3.06296,43.9729,3.1264,44.04479],"geometry":{"type":"Polygon","coordinates":[[[3.06296,43.97837],[3.06311,43.97981],[3.06445,43.9829],[3.06369,43.98633],[3.06432,43.98727],[3.06376,43.98897],[3.0651,43.99069],[3.06699,43.99208],[3.06311,43.99597],[3.06323,43.99693],[3.065,43.99764],[3.06949,43.99667],[3.07063,43.99725],[3.07333,43.99758],[3.07424,43.99694],[3.07511,43.99845],[3.07589,44.00119],[3.07755,44.00056],[3.08059,44.00273],[3.08167,44.00454],[3.07981,44.00527],[3.07999,44.0067],[3.08101,44.00849],[3.08026,44.00908],[3.08344,44.01154],[3.08186,44.01425],[3.0782,44.02112],[3.07754,44.02301],[3.07812,44.02926],[3.07859,44.032],[3.08382,44.03075],[3.08538,44.03083],[3.08795,44.0318],[3.09183,44.03291],[3.09547,44.03527],[3.09636,44.0362],[3.09437,44.03707],[3.09266,44.03975],[3.09598,44.04035],[3.09509,44.04404],[3.09791,44.04479],[3.104,44.04416],[3.10507,44.03903],[3.106,44.03781],[3.10716,44.03389],[3.10788,44.03248],[3.11078,44.03165],[3.11807,44.0307],[3.12582,44.02822],[3.12403,44.0236],[3.12368,44.02081],[3.12092,44.0141],[3.12187,44.01209],[3.12496,44.00893],[3.12388,44.00848],[3.12417,44.0074],[3.1264,44.00508],[3.12493,44.00284],[3.12361,44.00177],[3.12132,44.001],[3.12052,43.99963],[3.11836,43.99826],[3.11727,43.99704],[3.11506,43.99587],[3.11228,43.99548],[3.11043,43.99486],[3.11047,43.99394],[3.11152,43.99276],[3.11,43.99133],[3.11008,43.98778],[3.10962,43.98616],[3.11002,43.98387],[3.10829,43.98172],[3.1083,43.97956],[3.10769,43.97845],[3.10628,43.97783],[3.10321,43.9746],[3.10054,43.9729],[3.09839,43.97467],[3.0943,43.97707],[3.09083,43.9785],[3.08922,43.97807],[3.08449,43.97757],[3.08253,43.97765],[3.07798,43.97688],[3.06712,43.97821],[3.06296,43.97837]]]}},{"type":"Feature","id":"fr-commune-12124","properties":{"id":"fr-commune-12124","name":"Lassouts","kind":"commune","center":[2.8509,44.484],"code":"12124","department":"12"},"bbox":[2.79252,44.45647,2.90937,44.51151],"geometry":{"type":"Polygon","coordinates":[[[2.90937,44.49215],[2.90745,44.49194],[2.90647,44.49114],[2.90321,44.48982],[2.90294,44.48832],[2.90103,44.48744],[2.9006,44.48607],[2.90176,44.48419],[2.90384,44.48365],[2.90535,44.48169],[2.90465,44.47889],[2.90267,44.47773],[2.90133,44.47576],[2.90103,44.47362],[2.90022,44.4722],[2.8986,44.47258],[2.89793,44.47475],[2.89694,44.47673],[2.89709,44.47788],[2.89383,44.47931],[2.89473,44.48142],[2.89349,44.48274],[2.88882,44.48208],[2.88635,44.48065],[2.88697,44.47885],[2.88677,44.47786],[2.8877,44.47673],[2.89002,44.47781],[2.89105,44.47616],[2.88989,44.47484],[2.88826,44.47462],[2.88899,44.47236],[2.88985,44.47152],[2.89197,44.46666],[2.89432,44.46491],[2.88936,44.46601],[2.88561,44.46707],[2.88297,44.46879],[2.88015,44.46858],[2.87913,44.46764],[2.87631,44.46815],[2.87404,44.46669],[2.87441,44.46534],[2.8728,44.46453],[2.8682,44.46376],[2.8676,44.46272],[2.86464,44.46246],[2.86443,44.46058],[2.86213,44.45717],[2.8607,44.45767],[2.8609,44.45998],[2.85901,44.45936],[2.85726,44.45977],[2.85519,44.45884],[2.85342,44.45866],[2.85082,44.45647],[2.84761,44.45788],[2.84497,44.4598],[2.84194,44.46366],[2.84072,44.46591],[2.8407,44.46688],[2.83932,44.46931],[2.83969,44.46993],[2.83988,44.47252],[2.84187,44.47464],[2.83916,44.47475],[2.83758,44.4739],[2.83614,44.47379],[2.83404,44.4751],[2.83151,44.47408],[2.82771,44.47504],[2.82748,44.4746],[2.82393,44.47217],[2.82208,44.47208],[2.82086,44.47298],[2.82138,44.47509],[2.81706,44.47655],[2.81575,44.47844],[2.81632,44.47903],[2.81446,44.48059],[2.81389,44.48189],[2.81455,44.48313],[2.81749,44.48278],[2.81868,44.48414],[2.81839,44.48603],[2.81752,44.48712],[2.81552,44.48826],[2.81496,44.48921],[2.81286,44.48903],[2.81034,44.48966],[2.80647,44.48888],[2.80394,44.48864],[2.80242,44.48736],[2.80044,44.48676],[2.79898,44.48698],[2.79818,44.48961],[2.79837,44.49094],[2.79721,44.49093],[2.79558,44.49171],[2.79283,44.49172],[2.79562,44.49525],[2.79252,44.49705],[2.7931,44.49879],[2.79475,44.49918],[2.79537,44.50061],[2.79651,44.50139],[2.79759,44.50305],[2.80079,44.50272],[2.80086,44.50393],[2.80266,44.50509],[2.80857,44.50559],[2.80962,44.50457],[2.81128,44.50541],[2.81232,44.50486],[2.81667,44.50639],[2.82025,44.50611],[2.82125,44.50552],[2.82314,44.50528],[2.82452,44.50405],[2.82562,44.5046],[2.82785,44.50417],[2.82954,44.50499],[2.83167,44.50374],[2.83313,44.50457],[2.83523,44.50339],[2.83729,44.50457],[2.84009,44.50831],[2.84197,44.50776],[2.84499,44.50888],[2.84608,44.5072],[2.84576,44.50553],[2.84616,44.50344],[2.847,44.50266],[2.84688,44.50069],[2.84851,44.50016],[2.85015,44.49848],[2.85207,44.49778],[2.8532,44.49621],[2.85577,44.49571],[2.85594,44.50013],[2.85557,44.50098],[2.85603,44.50339],[2.85492,44.50453],[2.85456,44.50615],[2.85216,44.508],[2.85478,44.50857],[2.85703,44.50938],[2.85931,44.50951],[2.86034,44.50912],[2.86378,44.50925],[2.86625,44.50673],[2.86657,44.50432],[2.86712,44.50356],[2.86906,44.50263],[2.87062,44.50275],[2.87319,44.50363],[2.87399,44.50479],[2.87381,44.50654],[2.87212,44.50796],[2.87039,44.51006],[2.87148,44.51151],[2.87441,44.51111],[2.87836,44.50901],[2.87933,44.50666],[2.87814,44.50498],[2.87859,44.50383],[2.88122,44.50353],[2.8827,44.50448],[2.88462,44.5043],[2.88602,44.50247],[2.88815,44.50117],[2.88869,44.50016],[2.88821,44.49791],[2.88868,44.4955],[2.88969,44.49481],[2.89209,44.49477],[2.89481,44.49609],[2.89584,44.49709],[2.89652,44.49882],[2.8979,44.50047],[2.89795,44.50256],[2.89868,44.50347],[2.90206,44.50489],[2.90599,44.50431],[2.90763,44.5037],[2.90805,44.50274],[2.90752,44.50174],[2.90574,44.50011],[2.90549,44.49905],[2.90593,44.49748],[2.90706,44.49633],[2.90868,44.49541],[2.90928,44.49409],[2.90937,44.49215]]]}},{"type":"Feature","id":"fr-commune-12125","properties":{"id":"fr-commune-12125","name":"Laval-Roquecezière","kind":"commune","center":[2.6336,43.8122],"code":"12125","department":"12"},"bbox":[2.59879,43.76272,2.66847,43.86169],"geometry":{"type":"Polygon","coordinates":[[[2.66154,43.7774],[2.65935,43.77442],[2.65897,43.77121],[2.6583,43.77014],[2.65775,43.76705],[2.65815,43.76631],[2.65684,43.76488],[2.65665,43.76272],[2.6565,43.76335],[2.65468,43.76409],[2.65281,43.76634],[2.64844,43.768],[2.64592,43.76951],[2.64464,43.76988],[2.64043,43.77195],[2.63919,43.77342],[2.63476,43.77701],[2.63012,43.77987],[2.62692,43.78249],[2.62592,43.78396],[2.6265,43.78768],[2.62707,43.78784],[2.62351,43.79113],[2.61846,43.7936],[2.61395,43.79745],[2.61127,43.79835],[2.61012,43.79965],[2.61216,43.80171],[2.61222,43.80257],[2.60968,43.80529],[2.60892,43.80704],[2.60864,43.80889],[2.60734,43.80986],[2.60497,43.81059],[2.60294,43.81028],[2.60073,43.8112],[2.59879,43.81418],[2.59967,43.817],[2.60124,43.81824],[2.60134,43.81951],[2.60361,43.82355],[2.60471,43.82447],[2.60618,43.82662],[2.60693,43.82846],[2.60807,43.8294],[2.61062,43.83066],[2.61358,43.83314],[2.61269,43.83539],[2.61218,43.83781],[2.61287,43.83923],[2.61306,43.84103],[2.6156,43.84369],[2.61647,43.84604],[2.6188,43.84749],[2.62218,43.85146],[2.6218,43.853],[2.6223,43.85363],[2.62435,43.85407],[2.626,43.85391],[2.63073,43.85436],[2.62928,43.85652],[2.62806,43.85748],[2.63104,43.85759],[2.63354,43.85843],[2.63455,43.85986],[2.63638,43.86044],[2.63938,43.8607],[2.64163,43.86168],[2.64264,43.86169],[2.64458,43.85807],[2.64274,43.85639],[2.64016,43.85345],[2.64,43.85092],[2.64101,43.849],[2.64304,43.84598],[2.64247,43.84407],[2.64326,43.84229],[2.64563,43.84124],[2.64584,43.83834],[2.64555,43.83735],[2.64822,43.83764],[2.65013,43.83734],[2.6525,43.83528],[2.65309,43.83384],[2.65305,43.83246],[2.65405,43.83179],[2.65453,43.83003],[2.65715,43.82819],[2.65727,43.82509],[2.6562,43.82374],[2.6567,43.8224],[2.65439,43.81961],[2.65451,43.81803],[2.65401,43.81686],[2.6548,43.8152],[2.65573,43.81483],[2.65821,43.81477],[2.6582,43.81299],[2.65906,43.81127],[2.66,43.81144],[2.6626,43.8095],[2.66459,43.80873],[2.66829,43.80526],[2.66847,43.80359],[2.66331,43.80178],[2.66287,43.80113],[2.66298,43.79911],[2.66176,43.79654],[2.66058,43.79552],[2.65837,43.78975],[2.65603,43.78825],[2.65583,43.78636],[2.65514,43.7847],[2.65573,43.78254],[2.65498,43.78014],[2.66019,43.77827],[2.66154,43.7774]]]}},{"type":"Feature","id":"fr-commune-12127","properties":{"id":"fr-commune-12127","name":"Lédergues","kind":"commune","center":[2.4442,44.0856],"code":"12127","department":"12"},"bbox":[2.38692,44.05028,2.5031,44.12098],"geometry":{"type":"Polygon","coordinates":[[[2.48367,44.08633],[2.4845,44.08555],[2.48486,44.08378],[2.4858,44.08313],[2.48638,44.08183],[2.48964,44.08368],[2.49156,44.08315],[2.49324,44.08328],[2.49338,44.08207],[2.49247,44.08173],[2.49295,44.08054],[2.4946,44.07941],[2.49581,44.07948],[2.49758,44.07849],[2.50014,44.07815],[2.50155,44.07695],[2.50169,44.0747],[2.50051,44.07441],[2.49907,44.07479],[2.49729,44.07621],[2.49612,44.07532],[2.49872,44.07405],[2.49884,44.07237],[2.49778,44.07223],[2.49803,44.06969],[2.49962,44.06881],[2.5031,44.06987],[2.50204,44.06782],[2.50095,44.06741],[2.49894,44.06755],[2.49876,44.06679],[2.49802,44.06551],[2.49439,44.06401],[2.49129,44.0641],[2.4892,44.06287],[2.4875,44.06269],[2.48591,44.06182],[2.48435,44.05956],[2.47961,44.05861],[2.47876,44.05942],[2.47419,44.0616],[2.47187,44.06021],[2.46975,44.05814],[2.4668,44.05726],[2.46373,44.05679],[2.4643,44.05572],[2.46654,44.05534],[2.46499,44.0526],[2.46296,44.05124],[2.46068,44.05028],[2.46001,44.0514],[2.45652,44.05129],[2.45555,44.05045],[2.45432,44.05064],[2.45256,44.052],[2.44968,44.05284],[2.44748,44.05204],[2.4458,44.05342],[2.44346,44.0544],[2.44155,44.05313],[2.43933,44.05305],[2.43735,44.05245],[2.43527,44.05324],[2.43308,44.05289],[2.42982,44.053],[2.42792,44.05444],[2.42482,44.05348],[2.42298,44.05395],[2.41996,44.05368],[2.41883,44.05455],[2.41592,44.05437],[2.41319,44.05533],[2.41026,44.05575],[2.41041,44.05724],[2.41218,44.0572],[2.41254,44.05935],[2.4109,44.06273],[2.41201,44.06403],[2.41139,44.06675],[2.41188,44.06992],[2.40993,44.07134],[2.40792,44.07375],[2.40586,44.07547],[2.40354,44.07633],[2.40182,44.07571],[2.40136,44.07728],[2.40218,44.0779],[2.40177,44.08051],[2.40113,44.08199],[2.40205,44.08329],[2.40034,44.08353],[2.39908,44.08456],[2.39613,44.08622],[2.39479,44.08755],[2.39201,44.08864],[2.38946,44.09066],[2.38896,44.09194],[2.38933,44.09451],[2.39206,44.09595],[2.39553,44.09705],[2.40071,44.09951],[2.39963,44.10108],[2.39973,44.10251],[2.39921,44.10364],[2.39945,44.10505],[2.40071,44.1064],[2.40015,44.10786],[2.4004,44.10982],[2.39792,44.11124],[2.39574,44.11185],[2.39355,44.11469],[2.39087,44.11463],[2.38988,44.11644],[2.38692,44.11928],[2.38736,44.12052],[2.39005,44.12098],[2.3913,44.12053],[2.39329,44.11914],[2.39423,44.11927],[2.39679,44.11707],[2.39772,44.11819],[2.39991,44.11918],[2.40178,44.11946],[2.40251,44.11829],[2.40522,44.11729],[2.40625,44.11639],[2.40808,44.1173],[2.40744,44.11804],[2.40984,44.11953],[2.41059,44.11904],[2.41072,44.11729],[2.41387,44.11775],[2.41368,44.11684],[2.41226,44.11561],[2.41082,44.11536],[2.41021,44.11264],[2.4109,44.11112],[2.41245,44.11048],[2.41543,44.11011],[2.41611,44.11107],[2.41565,44.11219],[2.41649,44.11281],[2.41882,44.11253],[2.4206,44.11191],[2.42165,44.10923],[2.42126,44.10828],[2.42185,44.10675],[2.42304,44.10665],[2.42425,44.10831],[2.42592,44.10886],[2.42881,44.10624],[2.43027,44.10591],[2.43205,44.10859],[2.43313,44.10945],[2.43426,44.10941],[2.43495,44.10847],[2.43569,44.10488],[2.43513,44.10344],[2.43359,44.10148],[2.43377,44.09931],[2.43473,44.09924],[2.43675,44.09812],[2.43955,44.0982],[2.44098,44.09941],[2.44042,44.10044],[2.44144,44.10187],[2.44394,44.10245],[2.44647,44.10219],[2.44736,44.10078],[2.44728,44.09921],[2.44916,44.09771],[2.44883,44.09546],[2.44792,44.09345],[2.44887,44.09207],[2.45071,44.09211],[2.45162,44.09165],[2.45383,44.09282],[2.45532,44.09313],[2.45677,44.09282],[2.45756,44.09084],[2.46117,44.09104],[2.46254,44.09029],[2.4648,44.09035],[2.46747,44.09107],[2.46971,44.09089],[2.47012,44.08951],[2.46934,44.08893],[2.46915,44.08683],[2.47146,44.08696],[2.47223,44.08784],[2.47408,44.08883],[2.47475,44.09003],[2.47788,44.09101],[2.47889,44.09097],[2.47937,44.08881],[2.48223,44.08816],[2.48293,44.08646],[2.48367,44.08633]]]}},{"type":"Feature","id":"fr-commune-12128","properties":{"id":"fr-commune-12128","name":"Lescure-Jaoul","kind":"commune","center":[2.1471,44.2262],"code":"12128","department":"12"},"bbox":[2.11362,44.19586,2.18012,44.25665],"geometry":{"type":"Polygon","coordinates":[[[2.11444,44.19594],[2.11362,44.19724],[2.11368,44.19939],[2.11502,44.20024],[2.11621,44.20246],[2.1201,44.20319],[2.12237,44.20458],[2.1217,44.20645],[2.12287,44.20693],[2.12289,44.20834],[2.12067,44.2099],[2.11957,44.21119],[2.11906,44.21317],[2.1211,44.21443],[2.12395,44.21656],[2.1244,44.2183],[2.12278,44.22133],[2.12448,44.22205],[2.12738,44.22463],[2.13088,44.2282],[2.13096,44.22897],[2.13291,44.23172],[2.1339,44.23396],[2.13669,44.23645],[2.1401,44.2398],[2.14221,44.2414],[2.14387,44.24399],[2.14374,44.24447],[2.14049,44.24623],[2.13687,44.24649],[2.13475,44.24575],[2.13074,44.24591],[2.12973,44.24628],[2.12796,44.24933],[2.1292,44.24867],[2.13047,44.24925],[2.13293,44.24957],[2.13231,44.25114],[2.13,44.25258],[2.1307,44.25374],[2.1324,44.25403],[2.13315,44.25532],[2.13438,44.25591],[2.13863,44.25643],[2.14017,44.25546],[2.14229,44.25665],[2.14561,44.25415],[2.14695,44.25355],[2.15218,44.252],[2.15337,44.25111],[2.15524,44.25338],[2.156,44.25546],[2.15943,44.2534],[2.16072,44.25361],[2.16143,44.25332],[2.16086,44.25121],[2.16003,44.24986],[2.16097,44.24834],[2.16114,44.24555],[2.15905,44.24509],[2.15987,44.24431],[2.15877,44.24332],[2.16065,44.24296],[2.16208,44.24374],[2.16485,44.24391],[2.16804,44.24511],[2.16973,44.24375],[2.17172,44.24358],[2.17352,44.24104],[2.17661,44.24421],[2.17833,44.2465],[2.17979,44.2443],[2.18012,44.24152],[2.17939,44.2391],[2.17827,44.23725],[2.17863,44.23646],[2.17754,44.23562],[2.17723,44.23369],[2.17832,44.23275],[2.17779,44.23145],[2.17664,44.23115],[2.17515,44.22868],[2.17545,44.22678],[2.17637,44.22578],[2.17539,44.22475],[2.17292,44.22441],[2.16848,44.22449],[2.16634,44.22483],[2.16463,44.22252],[2.16428,44.21947],[2.16566,44.21938],[2.16364,44.21764],[2.1613,44.21772],[2.15994,44.21698],[2.16065,44.2163],[2.1621,44.21631],[2.16264,44.21493],[2.16466,44.21489],[2.16545,44.21333],[2.16275,44.21114],[2.16189,44.20936],[2.156,44.21032],[2.15622,44.20933],[2.1554,44.20816],[2.15327,44.20724],[2.1522,44.20608],[2.15272,44.20415],[2.15151,44.20219],[2.14927,44.2006],[2.14754,44.20095],[2.14586,44.20034],[2.14372,44.20129],[2.1412,44.20117],[2.13852,44.1998],[2.13705,44.19995],[2.13659,44.20072],[2.1333,44.20087],[2.13171,44.1991],[2.13105,44.19714],[2.12901,44.19586],[2.12351,44.19614],[2.11833,44.1962],[2.11444,44.19594]]]}},{"type":"Feature","id":"fr-commune-12129","properties":{"id":"fr-commune-12129","name":"Lestrade-et-Thouels","kind":"commune","center":[2.6403,44.0516],"code":"12129","department":"12"},"bbox":[2.57217,44.01407,2.7085,44.08937],"geometry":{"type":"Polygon","coordinates":[[[2.65147,44.01407],[2.64876,44.01562],[2.64752,44.01554],[2.64662,44.01654],[2.64611,44.01889],[2.6449,44.01963],[2.64481,44.02094],[2.64366,44.02367],[2.64458,44.02718],[2.64433,44.02929],[2.64144,44.03006],[2.6396,44.03128],[2.63799,44.03167],[2.63703,44.03099],[2.63232,44.02922],[2.62548,44.02897],[2.62432,44.02751],[2.62349,44.0272],[2.62241,44.0257],[2.61817,44.02495],[2.61739,44.02446],[2.61524,44.02598],[2.61288,44.02819],[2.61259,44.03048],[2.61276,44.03282],[2.61442,44.03493],[2.61458,44.03619],[2.614,44.03749],[2.61229,44.03865],[2.61121,44.04005],[2.60922,44.04123],[2.60502,44.04235],[2.60356,44.04172],[2.60188,44.04177],[2.59849,44.04315],[2.59674,44.04299],[2.59487,44.04231],[2.59392,44.04347],[2.59146,44.0432],[2.58927,44.04404],[2.58726,44.04361],[2.58494,44.04428],[2.58348,44.04549],[2.58204,44.04722],[2.58164,44.04856],[2.57881,44.04863],[2.57598,44.04967],[2.57494,44.04871],[2.57217,44.04785],[2.57257,44.04899],[2.5742,44.05055],[2.57609,44.054],[2.57723,44.05507],[2.57727,44.0563],[2.5791,44.0574],[2.58022,44.05885],[2.58129,44.0594],[2.5831,44.06148],[2.584,44.06001],[2.58562,44.06001],[2.58758,44.05919],[2.58902,44.06013],[2.59097,44.05992],[2.59324,44.06051],[2.59688,44.06063],[2.59782,44.0616],[2.59938,44.06041],[2.6007,44.06122],[2.6006,44.06199],[2.60639,44.06049],[2.60937,44.06085],[2.61096,44.06154],[2.61036,44.06262],[2.61111,44.06309],[2.61185,44.06679],[2.61344,44.06709],[2.61491,44.06781],[2.61608,44.06721],[2.61798,44.06856],[2.61999,44.06847],[2.62234,44.07004],[2.62445,44.06961],[2.62684,44.07081],[2.62849,44.07033],[2.62909,44.06948],[2.63129,44.0704],[2.63109,44.07146],[2.63243,44.07166],[2.63394,44.07321],[2.6355,44.07404],[2.63671,44.07401],[2.63541,44.07598],[2.63624,44.07704],[2.64234,44.07649],[2.6453,44.07731],[2.64526,44.07827],[2.64635,44.07898],[2.64836,44.07845],[2.65065,44.08007],[2.65115,44.08184],[2.65309,44.08117],[2.65751,44.0788],[2.65825,44.07867],[2.65873,44.08111],[2.66069,44.08195],[2.66518,44.07985],[2.66673,44.08009],[2.66828,44.08132],[2.67012,44.08165],[2.67094,44.08337],[2.67338,44.08357],[2.67656,44.08468],[2.67832,44.08463],[2.68574,44.08581],[2.68651,44.08937],[2.68764,44.08866],[2.68687,44.08745],[2.69021,44.08571],[2.69099,44.08396],[2.69228,44.08396],[2.69619,44.08471],[2.69762,44.08469],[2.69865,44.08536],[2.7037,44.08578],[2.70433,44.08532],[2.70313,44.08419],[2.70266,44.0807],[2.70281,44.07898],[2.70019,44.07755],[2.70355,44.07615],[2.7056,44.07404],[2.70715,44.07369],[2.7085,44.0717],[2.70746,44.07012],[2.70433,44.06834],[2.70105,44.06711],[2.69979,44.06593],[2.70031,44.06471],[2.69805,44.06564],[2.69549,44.06541],[2.69428,44.06394],[2.69325,44.06371],[2.69482,44.05899],[2.69062,44.05174],[2.68901,44.05069],[2.68989,44.05004],[2.69351,44.05032],[2.69644,44.0502],[2.69551,44.0488],[2.69528,44.04729],[2.69072,44.04552],[2.68903,44.04427],[2.68826,44.04303],[2.68609,44.04096],[2.6861,44.03896],[2.68425,44.03724],[2.6804,44.03589],[2.67865,44.03579],[2.67668,44.03634],[2.6755,44.03536],[2.67276,44.03437],[2.66771,44.03625],[2.66436,44.0382],[2.66272,44.037],[2.66007,44.03688],[2.65858,44.03442],[2.65721,44.03327],[2.65658,44.02891],[2.65936,44.02832],[2.66197,44.02809],[2.66644,44.02897],[2.66888,44.03052],[2.67073,44.0306],[2.6739,44.02728],[2.67323,44.02583],[2.67061,44.02366],[2.66988,44.02153],[2.66893,44.0219],[2.66475,44.02263],[2.66084,44.0238],[2.65596,44.02378],[2.65561,44.02155],[2.65579,44.01943],[2.65442,44.01906],[2.65274,44.01722],[2.65284,44.01609],[2.6516,44.01501],[2.65147,44.01407]]]}},{"type":"Feature","id":"fr-commune-12130","properties":{"id":"fr-commune-12130","name":"Livinhac-le-Haut","kind":"commune","center":[2.2118,44.5993],"code":"12130","department":"12"},"bbox":[2.17368,44.57636,2.2497,44.62209],"geometry":{"type":"Polygon","coordinates":[[[2.1858,44.59073],[2.18629,44.5896],[2.18585,44.58811],[2.18636,44.58717],[2.18851,44.58721],[2.19102,44.58768],[2.19455,44.58567],[2.19475,44.58888],[2.19443,44.59059],[2.19813,44.59192],[2.19895,44.59373],[2.20039,44.59536],[2.20189,44.59623],[2.19987,44.59736],[2.19973,44.59827],[2.19795,44.59881],[2.1949,44.59843],[2.19414,44.60018],[2.19546,44.60118],[2.19805,44.60143],[2.19786,44.60374],[2.19894,44.6041],[2.20196,44.60415],[2.20404,44.60356],[2.20479,44.60289],[2.20769,44.6019],[2.20769,44.60379],[2.21089,44.60481],[2.21053,44.60683],[2.21064,44.60982],[2.21006,44.61261],[2.20811,44.61373],[2.20842,44.61504],[2.20779,44.61577],[2.20969,44.6172],[2.21027,44.61859],[2.21411,44.61973],[2.21767,44.62208],[2.2207,44.62209],[2.22118,44.62024],[2.22335,44.61957],[2.22405,44.6181],[2.22564,44.617],[2.22554,44.61584],[2.22741,44.61414],[2.22852,44.61257],[2.23047,44.61205],[2.2333,44.60893],[2.23211,44.60682],[2.23191,44.60426],[2.2331,44.60162],[2.23519,44.5998],[2.23716,44.59928],[2.2428,44.59898],[2.24593,44.59809],[2.24793,44.59705],[2.24866,44.59619],[2.2497,44.59382],[2.24955,44.5913],[2.24828,44.58962],[2.24524,44.58689],[2.24244,44.58527],[2.23731,44.58365],[2.23421,44.58345],[2.23098,44.58509],[2.22706,44.58662],[2.22519,44.5874],[2.22248,44.58927],[2.21917,44.59098],[2.21702,44.59142],[2.21258,44.59481],[2.20925,44.5959],[2.20587,44.59525],[2.20448,44.59369],[2.20341,44.58948],[2.20285,44.5865],[2.20098,44.58273],[2.19994,44.58186],[2.2007,44.58124],[2.19949,44.57782],[2.19874,44.57665],[2.1973,44.57651],[2.19635,44.57705],[2.19484,44.57669],[2.19339,44.57727],[2.19151,44.57727],[2.18848,44.5778],[2.18571,44.57919],[2.18173,44.58004],[2.18091,44.58091],[2.17907,44.58024],[2.17839,44.57874],[2.17979,44.57781],[2.18068,44.57636],[2.17891,44.57644],[2.17601,44.57801],[2.17538,44.57788],[2.17368,44.57927],[2.17393,44.58017],[2.17574,44.58313],[2.17892,44.58424],[2.17726,44.58539],[2.17688,44.58625],[2.17971,44.58614],[2.18114,44.58535],[2.18225,44.58578],[2.18459,44.58549],[2.18631,44.58621],[2.18492,44.5885],[2.1858,44.59073]]]}},{"type":"Feature","id":"fr-commune-12131","properties":{"id":"fr-commune-12131","name":"La Loubière","kind":"commune","center":[2.6588,44.3889],"code":"12131","department":"12"},"bbox":[2.61411,44.34913,2.70336,44.42874],"geometry":{"type":"Polygon","coordinates":[[[2.64699,44.34913],[2.64359,44.35088],[2.64463,44.35213],[2.64672,44.35734],[2.64615,44.35851],[2.64311,44.35879],[2.64274,44.35933],[2.64575,44.36099],[2.64563,44.36148],[2.64803,44.3628],[2.64743,44.36517],[2.6481,44.36697],[2.64641,44.36898],[2.64851,44.3694],[2.65072,44.37143],[2.65162,44.37405],[2.64433,44.37769],[2.642,44.37942],[2.63863,44.37861],[2.63628,44.37772],[2.63324,44.3769],[2.62808,44.37729],[2.62758,44.37841],[2.62577,44.37932],[2.62577,44.38017],[2.62371,44.38247],[2.62172,44.38432],[2.62001,44.38537],[2.61878,44.38525],[2.61681,44.38608],[2.61491,44.38628],[2.61482,44.38699],[2.61671,44.38969],[2.6181,44.39005],[2.61848,44.39112],[2.61503,44.39217],[2.61505,44.39367],[2.61411,44.39626],[2.61714,44.39896],[2.61784,44.40249],[2.61519,44.40276],[2.61459,44.40423],[2.61511,44.40773],[2.61651,44.41201],[2.61665,44.41403],[2.61503,44.41651],[2.61573,44.41832],[2.61602,44.42051],[2.6187,44.42343],[2.62283,44.42285],[2.62762,44.4225],[2.62745,44.4284],[2.63512,44.42848],[2.63945,44.42874],[2.64076,44.42833],[2.64209,44.42635],[2.64194,44.42589],[2.64308,44.42324],[2.64279,44.42166],[2.64386,44.42022],[2.64685,44.41986],[2.64841,44.4191],[2.65012,44.41687],[2.6509,44.41504],[2.6543,44.41445],[2.65599,44.41325],[2.66046,44.41135],[2.66414,44.40842],[2.67067,44.40705],[2.66996,44.40517],[2.67263,44.40437],[2.67246,44.40233],[2.66945,44.40206],[2.67038,44.40007],[2.66773,44.4003],[2.66766,44.3985],[2.66936,44.39877],[2.6703,44.39769],[2.67282,44.39782],[2.6746,44.39648],[2.67489,44.39456],[2.67678,44.39402],[2.67822,44.39198],[2.67669,44.39022],[2.67518,44.38923],[2.67696,44.38721],[2.6798,44.38913],[2.6809,44.38883],[2.68214,44.38983],[2.68368,44.38888],[2.68571,44.38815],[2.68604,44.38526],[2.68728,44.3836],[2.6891,44.384],[2.69054,44.38386],[2.69072,44.38242],[2.69141,44.38156],[2.69405,44.38038],[2.69866,44.37713],[2.69905,44.3787],[2.70062,44.37924],[2.70218,44.37916],[2.70336,44.37761],[2.70306,44.37543],[2.70228,44.37541],[2.69892,44.37358],[2.69633,44.37258],[2.69369,44.37318],[2.69155,44.3726],[2.69022,44.37067],[2.68876,44.36964],[2.68531,44.36543],[2.6842,44.3662],[2.68378,44.36782],[2.6816,44.36682],[2.67576,44.36554],[2.66899,44.36268],[2.66972,44.36103],[2.66942,44.35988],[2.66801,44.35952],[2.66492,44.35804],[2.66452,44.3572],[2.66547,44.35573],[2.66502,44.35425],[2.66311,44.35405],[2.66058,44.3553],[2.65919,44.35512],[2.65927,44.35654],[2.6568,44.35996],[2.65488,44.36023],[2.65101,44.35985],[2.6501,44.3574],[2.65038,44.35571],[2.64933,44.35137],[2.64699,44.34913]]]}},{"type":"Feature","id":"fr-commune-12133","properties":{"id":"fr-commune-12133","name":"Luc-la-Primaube","kind":"commune","center":[2.5379,44.3046],"code":"12133","department":"12"},"bbox":[2.49512,44.27321,2.58083,44.33604],"geometry":{"type":"Polygon","coordinates":[[[2.523,44.33544],[2.52467,44.33339],[2.5285,44.33173],[2.52925,44.33079],[2.5295,44.32874],[2.53145,44.32829],[2.53364,44.32835],[2.53562,44.32758],[2.53571,44.32593],[2.53682,44.32475],[2.53836,44.32401],[2.53898,44.3218],[2.54011,44.32176],[2.54162,44.32324],[2.54424,44.32244],[2.54452,44.32472],[2.54849,44.32424],[2.551,44.3257],[2.55257,44.32521],[2.55412,44.32302],[2.5547,44.32326],[2.55388,44.32524],[2.55503,44.32588],[2.55765,44.32556],[2.55875,44.3247],[2.55857,44.32262],[2.56028,44.32206],[2.56165,44.32296],[2.5628,44.32294],[2.56279,44.32171],[2.56362,44.32081],[2.56373,44.31924],[2.56495,44.31917],[2.56304,44.31708],[2.56442,44.31708],[2.56789,44.31614],[2.56697,44.31529],[2.56496,44.31446],[2.56307,44.3125],[2.56545,44.31198],[2.56313,44.30898],[2.56919,44.30546],[2.57068,44.30556],[2.57022,44.30773],[2.57164,44.30907],[2.57196,44.31017],[2.57498,44.3108],[2.57855,44.30971],[2.57986,44.30822],[2.57517,44.30588],[2.57128,44.3043],[2.5713,44.30264],[2.57182,44.30058],[2.57075,44.29989],[2.56836,44.29527],[2.56943,44.29376],[2.5729,44.2915],[2.57943,44.29005],[2.58083,44.28919],[2.58082,44.2854],[2.57932,44.28296],[2.57746,44.28379],[2.57461,44.2841],[2.57127,44.28362],[2.56964,44.28273],[2.57001,44.28099],[2.56866,44.27953],[2.56899,44.27771],[2.56809,44.27689],[2.56288,44.27681],[2.56235,44.27321],[2.56066,44.27449],[2.55857,44.27678],[2.55701,44.27662],[2.5573,44.27524],[2.55642,44.27339],[2.55511,44.27425],[2.55178,44.27534],[2.54717,44.2754],[2.5475,44.27643],[2.54981,44.27998],[2.55169,44.28155],[2.55233,44.28266],[2.54948,44.2843],[2.54731,44.28158],[2.54374,44.28412],[2.54552,44.28507],[2.54462,44.28589],[2.54294,44.28866],[2.54181,44.28958],[2.54114,44.28835],[2.53914,44.28685],[2.53833,44.2867],[2.53679,44.28757],[2.53542,44.28752],[2.5346,44.28594],[2.53266,44.2859],[2.53146,44.2874],[2.52948,44.28708],[2.52823,44.28335],[2.52532,44.28492],[2.51913,44.28799],[2.51657,44.28774],[2.51162,44.29053],[2.51095,44.29173],[2.50825,44.29028],[2.50699,44.29292],[2.50148,44.29562],[2.50187,44.29736],[2.50285,44.29785],[2.50561,44.29724],[2.5074,44.29831],[2.50624,44.29941],[2.50562,44.30087],[2.50406,44.30137],[2.50016,44.30118],[2.4985,44.3023],[2.49837,44.30441],[2.49932,44.30598],[2.49851,44.30684],[2.4959,44.30683],[2.49512,44.308],[2.49886,44.30937],[2.49858,44.31],[2.50089,44.31113],[2.5031,44.31379],[2.50424,44.31332],[2.50665,44.31371],[2.50887,44.31372],[2.50994,44.31565],[2.50703,44.31592],[2.50754,44.31712],[2.50548,44.31814],[2.50428,44.31927],[2.50318,44.31961],[2.50229,44.32126],[2.50091,44.32184],[2.4999,44.32304],[2.50122,44.32442],[2.5005,44.32553],[2.49744,44.32735],[2.49758,44.32853],[2.49589,44.33015],[2.50078,44.33267],[2.50154,44.33241],[2.50303,44.33374],[2.50428,44.33302],[2.50547,44.33329],[2.50626,44.335],[2.50862,44.33604],[2.50919,44.33549],[2.51269,44.33396],[2.51363,44.33307],[2.51588,44.33327],[2.51889,44.33291],[2.52108,44.33349],[2.523,44.33544]]]}},{"type":"Feature","id":"fr-commune-12134","properties":{"id":"fr-commune-12134","name":"Lugan","kind":"commune","center":[2.2592,44.4858],"code":"12134","department":"12"},"bbox":[2.2324,44.46179,2.28602,44.50981],"geometry":{"type":"Polygon","coordinates":[[[2.23954,44.50981],[2.24229,44.50829],[2.24412,44.50762],[2.24802,44.50761],[2.25056,44.50654],[2.24948,44.5043],[2.24866,44.50163],[2.2486,44.49844],[2.25208,44.49788],[2.25228,44.5019],[2.25357,44.50331],[2.25466,44.50257],[2.25651,44.50228],[2.26112,44.49925],[2.26352,44.499],[2.26583,44.4995],[2.26749,44.49919],[2.26789,44.49852],[2.26614,44.49551],[2.26629,44.4941],[2.26745,44.49243],[2.26966,44.49167],[2.27118,44.4899],[2.27179,44.48804],[2.27439,44.4861],[2.27646,44.48667],[2.28037,44.4866],[2.28088,44.48526],[2.28257,44.48498],[2.28294,44.484],[2.28083,44.48112],[2.27787,44.47907],[2.27993,44.47875],[2.28602,44.47728],[2.28496,44.47649],[2.28336,44.47613],[2.28082,44.47478],[2.28018,44.47277],[2.27937,44.47168],[2.2769,44.47259],[2.27364,44.46823],[2.27154,44.46643],[2.26847,44.46446],[2.2646,44.46227],[2.26156,44.46179],[2.25758,44.46303],[2.25287,44.46407],[2.24978,44.46507],[2.24723,44.46756],[2.24468,44.47062],[2.24317,44.47198],[2.24028,44.47279],[2.24009,44.47337],[2.23396,44.47267],[2.23395,44.47485],[2.23499,44.475],[2.23593,44.4764],[2.23857,44.47867],[2.23875,44.48013],[2.23686,44.48118],[2.23586,44.48277],[2.23669,44.48405],[2.23447,44.485],[2.23264,44.48505],[2.2324,44.48745],[2.23473,44.49152],[2.23621,44.49333],[2.23684,44.49508],[2.23684,44.49906],[2.23758,44.50148],[2.23784,44.50346],[2.23734,44.506],[2.23954,44.50981]]]}},{"type":"Feature","id":"fr-commune-12135","properties":{"id":"fr-commune-12135","name":"Lunac","kind":"commune","center":[2.1037,44.239],"code":"12135","department":"12"},"bbox":[2.06373,44.19939,2.14387,44.27867],"geometry":{"type":"Polygon","coordinates":[[[2.11368,44.19939],[2.11018,44.20129],[2.11057,44.20202],[2.1098,44.20427],[2.10871,44.20542],[2.10712,44.20624],[2.10625,44.20745],[2.10525,44.21137],[2.10604,44.21322],[2.10431,44.21513],[2.10655,44.21655],[2.10892,44.21721],[2.10913,44.21821],[2.10914,44.21961],[2.10743,44.22131],[2.10473,44.22228],[2.09877,44.2236],[2.09702,44.22673],[2.09485,44.22706],[2.0939,44.22816],[2.09044,44.22995],[2.08668,44.23037],[2.0849,44.23143],[2.08211,44.23139],[2.07934,44.23289],[2.08257,44.23379],[2.08332,44.23525],[2.08329,44.23643],[2.08459,44.23828],[2.08651,44.23915],[2.08557,44.24185],[2.08317,44.24245],[2.07972,44.24457],[2.07759,44.24454],[2.07643,44.24237],[2.07431,44.24142],[2.07388,44.24056],[2.0725,44.23984],[2.07077,44.24362],[2.06865,44.24581],[2.06888,44.24879],[2.0697,44.24974],[2.06837,44.25023],[2.06829,44.25144],[2.06693,44.2523],[2.06685,44.25413],[2.06606,44.25647],[2.06473,44.25917],[2.06642,44.26307],[2.06596,44.26518],[2.06376,44.26664],[2.06373,44.26716],[2.06589,44.27013],[2.06689,44.27214],[2.06539,44.27387],[2.06525,44.27484],[2.06613,44.27634],[2.06634,44.27795],[2.07009,44.27867],[2.07115,44.27658],[2.07218,44.27585],[2.07434,44.27565],[2.07706,44.27401],[2.07996,44.27427],[2.0821,44.27347],[2.08261,44.27448],[2.08397,44.27493],[2.0859,44.27338],[2.08855,44.27177],[2.08913,44.27069],[2.08747,44.26951],[2.08657,44.26946],[2.08522,44.26764],[2.08654,44.26671],[2.08988,44.2656],[2.08972,44.26308],[2.09183,44.26156],[2.09115,44.25941],[2.0918,44.25797],[2.09059,44.2568],[2.09132,44.25635],[2.088,44.252],[2.09402,44.25076],[2.0938,44.24939],[2.09508,44.24567],[2.09693,44.24637],[2.09771,44.24528],[2.09951,44.2456],[2.10343,44.24555],[2.10407,44.24632],[2.10566,44.24654],[2.10614,44.24558],[2.10806,44.24391],[2.11156,44.24305],[2.11378,44.24125],[2.11668,44.23946],[2.11828,44.24025],[2.1204,44.2423],[2.11918,44.24501],[2.12215,44.24522],[2.12246,44.2475],[2.12109,44.24994],[2.12444,44.24955],[2.12587,44.2502],[2.12796,44.24933],[2.12973,44.24628],[2.13074,44.24591],[2.13475,44.24575],[2.13687,44.24649],[2.14049,44.24623],[2.14374,44.24447],[2.14387,44.24399],[2.14221,44.2414],[2.1401,44.2398],[2.13669,44.23645],[2.1339,44.23396],[2.13291,44.23172],[2.13096,44.22897],[2.13088,44.2282],[2.12738,44.22463],[2.12448,44.22205],[2.12278,44.22133],[2.1244,44.2183],[2.12395,44.21656],[2.1211,44.21443],[2.11906,44.21317],[2.11957,44.21119],[2.12067,44.2099],[2.12289,44.20834],[2.12287,44.20693],[2.1217,44.20645],[2.12237,44.20458],[2.1201,44.20319],[2.11621,44.20246],[2.11502,44.20024],[2.11368,44.19939]]]}},{"type":"Feature","id":"fr-commune-12136","properties":{"id":"fr-commune-12136","name":"Maleville","kind":"commune","center":[2.1118,44.3973],"code":"12136","department":"12"},"bbox":[2.06058,44.35844,2.16311,44.43618],"geometry":{"type":"Polygon","coordinates":[[[2.11816,44.36915],[2.11767,44.36784],[2.11871,44.36732],[2.11888,44.36586],[2.11755,44.36388],[2.11599,44.36253],[2.11326,44.36145],[2.11186,44.36288],[2.11031,44.36267],[2.1084,44.36129],[2.10677,44.35879],[2.10551,44.35844],[2.10249,44.36037],[2.10223,44.36135],[2.10257,44.36378],[2.10198,44.36465],[2.10077,44.36464],[2.09757,44.36346],[2.09585,44.36242],[2.09424,44.36217],[2.09364,44.36283],[2.09019,44.36354],[2.0875,44.36249],[2.08486,44.36248],[2.08272,44.36216],[2.0826,44.36296],[2.0812,44.36429],[2.07932,44.36537],[2.07858,44.36644],[2.07645,44.36718],[2.07733,44.36832],[2.07884,44.36915],[2.07857,44.37169],[2.07651,44.37227],[2.07341,44.37353],[2.0718,44.37514],[2.07001,44.3754],[2.06586,44.37451],[2.06507,44.37506],[2.06483,44.37642],[2.06576,44.3773],[2.06688,44.37735],[2.06735,44.37855],[2.06375,44.37886],[2.06058,44.38079],[2.06256,44.38198],[2.06266,44.38425],[2.06378,44.3871],[2.0651,44.38916],[2.06598,44.39019],[2.06934,44.39303],[2.07316,44.39373],[2.07661,44.39581],[2.07348,44.396],[2.07131,44.39681],[2.07024,44.39786],[2.07078,44.39921],[2.06993,44.39967],[2.0681,44.40201],[2.06605,44.40374],[2.06828,44.40616],[2.06804,44.40924],[2.06624,44.41094],[2.06717,44.41171],[2.06848,44.4138],[2.07072,44.41405],[2.07052,44.41553],[2.06961,44.41725],[2.07096,44.41811],[2.071,44.41982],[2.07189,44.42128],[2.06963,44.42167],[2.06942,44.42368],[2.07471,44.4237],[2.07699,44.42457],[2.08027,44.42508],[2.08293,44.42453],[2.08425,44.42331],[2.0872,44.42239],[2.08987,44.42348],[2.08901,44.42512],[2.0866,44.42661],[2.08586,44.42873],[2.09011,44.42715],[2.09282,44.42742],[2.09555,44.42702],[2.09809,44.4258],[2.09929,44.42719],[2.10095,44.42827],[2.10353,44.42939],[2.10519,44.43065],[2.1104,44.43384],[2.11613,44.43458],[2.12105,44.43618],[2.1229,44.43437],[2.12328,44.43081],[2.12417,44.42935],[2.12515,44.42877],[2.126,44.42738],[2.12759,44.42687],[2.12858,44.42766],[2.13078,44.42552],[2.1333,44.42431],[2.13522,44.4238],[2.13617,44.42528],[2.13494,44.42657],[2.1361,44.42734],[2.13692,44.42987],[2.13953,44.42879],[2.14129,44.42657],[2.1425,44.42705],[2.14576,44.42902],[2.15069,44.42751],[2.1509,44.42672],[2.15433,44.42451],[2.14965,44.42229],[2.14215,44.42236],[2.14435,44.41972],[2.14394,44.41452],[2.14352,44.40714],[2.14369,44.40629],[2.14675,44.40627],[2.14752,44.40497],[2.14952,44.40408],[2.15048,44.40206],[2.15152,44.40143],[2.15503,44.40226],[2.15777,44.40041],[2.15941,44.39869],[2.16087,44.39814],[2.1627,44.39601],[2.16311,44.39455],[2.16026,44.39343],[2.16075,44.3924],[2.15994,44.39069],[2.15833,44.38959],[2.15853,44.38772],[2.15753,44.38713],[2.15569,44.38749],[2.1539,44.38866],[2.15339,44.39064],[2.15422,44.39148],[2.15215,44.39287],[2.15338,44.3942],[2.15164,44.39577],[2.14796,44.39684],[2.14296,44.39733],[2.14135,44.39879],[2.14096,44.4026],[2.13892,44.40503],[2.13686,44.40606],[2.13395,44.40822],[2.13285,44.4068],[2.13092,44.40537],[2.12907,44.40581],[2.12667,44.40452],[2.12595,44.40356],[2.12876,44.40284],[2.12673,44.40039],[2.12267,44.39943],[2.12033,44.40042],[2.11873,44.39987],[2.12098,44.39684],[2.12347,44.39556],[2.12304,44.39442],[2.12347,44.392],[2.12172,44.3889],[2.12022,44.3898],[2.11928,44.38864],[2.11704,44.38767],[2.11481,44.38734],[2.11373,44.38664],[2.11151,44.38607],[2.11309,44.38424],[2.11432,44.38395],[2.11691,44.38515],[2.11838,44.38331],[2.11815,44.38176],[2.11884,44.38043],[2.11709,44.37985],[2.1155,44.37847],[2.11482,44.37684],[2.11263,44.37639],[2.11019,44.37492],[2.1108,44.37319],[2.11222,44.37305],[2.11353,44.37221],[2.11673,44.37113],[2.11816,44.36915]]]}},{"type":"Feature","id":"fr-commune-12137","properties":{"id":"fr-commune-12137","name":"Manhac","kind":"commune","center":[2.4782,44.2576],"code":"12137","department":"12"},"bbox":[2.44614,44.22852,2.51028,44.28676],"geometry":{"type":"Polygon","coordinates":[[[2.46875,44.22888],[2.46868,44.23139],[2.46642,44.23274],[2.46618,44.23379],[2.46473,44.23465],[2.46301,44.23666],[2.46155,44.24017],[2.46136,44.24205],[2.46043,44.24242],[2.46001,44.24521],[2.45892,44.2461],[2.45883,44.24907],[2.46083,44.25462],[2.46168,44.25499],[2.46232,44.25683],[2.45748,44.25883],[2.45566,44.25865],[2.45285,44.25933],[2.44866,44.26144],[2.44967,44.26233],[2.44945,44.26334],[2.44817,44.26446],[2.44836,44.26712],[2.44791,44.26829],[2.44742,44.27274],[2.4474,44.27466],[2.44614,44.27699],[2.45688,44.27608],[2.45853,44.27643],[2.46994,44.28163],[2.47137,44.28086],[2.47494,44.28275],[2.47664,44.28099],[2.47864,44.28067],[2.47912,44.27927],[2.48064,44.2804],[2.48221,44.27954],[2.48452,44.27976],[2.48402,44.2808],[2.48498,44.28183],[2.48351,44.28293],[2.48545,44.286],[2.48982,44.28676],[2.49796,44.28651],[2.49838,44.28447],[2.49925,44.28402],[2.49925,44.28137],[2.5001,44.2801],[2.49868,44.279],[2.49867,44.27569],[2.49813,44.27506],[2.49616,44.27492],[2.49632,44.27284],[2.4982,44.27032],[2.50191,44.26839],[2.50312,44.26754],[2.50566,44.26666],[2.50886,44.26476],[2.50904,44.26361],[2.51028,44.26082],[2.50923,44.25721],[2.5062,44.25692],[2.50644,44.2549],[2.50383,44.25485],[2.50352,44.25328],[2.50261,44.25184],[2.50082,44.25188],[2.49857,44.24988],[2.49706,44.24954],[2.49666,44.24833],[2.4948,44.24797],[2.49615,44.24616],[2.49268,44.24422],[2.49337,44.24328],[2.49291,44.24035],[2.49035,44.24068],[2.48852,44.24005],[2.48722,44.23898],[2.48691,44.2369],[2.48523,44.23589],[2.48211,44.23682],[2.48006,44.23523],[2.47799,44.23619],[2.4733,44.23525],[2.4715,44.2332],[2.47317,44.23164],[2.47065,44.23023],[2.47157,44.22933],[2.4713,44.22852],[2.46875,44.22888]]]}},{"type":"Feature","id":"fr-commune-12138","properties":{"id":"fr-commune-12138","name":"Marcillac-Vallon","kind":"commune","center":[2.4612,44.4776],"code":"12138","department":"12"},"bbox":[2.42676,44.45827,2.49584,44.49689],"geometry":{"type":"Polygon","coordinates":[[[2.46348,44.45827],[2.46298,44.46043],[2.46035,44.4603],[2.4568,44.46094],[2.45393,44.46242],[2.45571,44.46439],[2.45468,44.46532],[2.45071,44.46331],[2.44917,44.46413],[2.44703,44.46788],[2.44509,44.46755],[2.44377,44.46863],[2.44296,44.46769],[2.44013,44.46738],[2.43742,44.46824],[2.43654,44.46788],[2.4343,44.4705],[2.43395,44.47275],[2.43147,44.47512],[2.42999,44.47726],[2.42791,44.47784],[2.42676,44.47904],[2.4269,44.47973],[2.43116,44.48201],[2.43468,44.48205],[2.43556,44.48296],[2.4373,44.48337],[2.43984,44.48517],[2.44077,44.48508],[2.44232,44.48603],[2.44652,44.48755],[2.44793,44.48901],[2.44815,44.49026],[2.45088,44.49],[2.45288,44.49027],[2.45483,44.49012],[2.45669,44.49127],[2.45834,44.49135],[2.45932,44.49074],[2.46258,44.49006],[2.46311,44.49175],[2.46584,44.49345],[2.4672,44.49494],[2.46841,44.49689],[2.46991,44.49638],[2.46966,44.49561],[2.47355,44.4943],[2.47677,44.49262],[2.47774,44.49468],[2.48255,44.49497],[2.48449,44.49528],[2.4863,44.4966],[2.4878,44.49581],[2.48969,44.49391],[2.49006,44.49003],[2.48959,44.48655],[2.48819,44.4852],[2.48762,44.48332],[2.49032,44.48294],[2.49018,44.48078],[2.49113,44.48074],[2.49232,44.47921],[2.4915,44.47821],[2.49024,44.47686],[2.49175,44.47589],[2.49584,44.47518],[2.49302,44.472],[2.49468,44.47034],[2.49298,44.4698],[2.49223,44.46899],[2.49072,44.46895],[2.49039,44.46651],[2.48831,44.46541],[2.48706,44.46368],[2.4851,44.46346],[2.48372,44.46216],[2.48346,44.46099],[2.48139,44.45915],[2.47834,44.46004],[2.4735,44.46046],[2.47206,44.45988],[2.47036,44.46046],[2.46838,44.46034],[2.46724,44.4596],[2.46348,44.45827]]]}},{"type":"Feature","id":"fr-commune-12139","properties":{"id":"fr-commune-12139","name":"Marnhagues-et-Latour","kind":"commune","center":[3.0453,43.8814],"code":"12139","department":"12"},"bbox":[3.00638,43.8481,3.08426,43.91433],"geometry":{"type":"Polygon","coordinates":[[[3.06015,43.84985],[3.05647,43.84844],[3.05321,43.8481],[3.05162,43.85093],[3.05173,43.85275],[3.05281,43.85398],[3.05078,43.85441],[3.04678,43.85421],[3.04209,43.85592],[3.04057,43.85699],[3.04125,43.85872],[3.03934,43.85945],[3.03684,43.85886],[3.03537,43.85972],[3.03333,43.86002],[3.02688,43.85998],[3.0243,43.86028],[3.02268,43.86111],[3.01884,43.86031],[3.01639,43.86044],[3.01476,43.85997],[3.01088,43.86009],[3.0112,43.86212],[3.01095,43.86567],[3.01144,43.86665],[3.01074,43.86833],[3.01101,43.87333],[3.01224,43.87755],[3.01128,43.87777],[3.00926,43.87732],[3.00867,43.8803],[3.00751,43.88118],[3.00638,43.88339],[3.00678,43.88498],[3.00723,43.88897],[3.00842,43.88921],[3.00931,43.89044],[3.01133,43.891],[3.0135,43.89077],[3.01672,43.89152],[3.01904,43.8916],[3.02102,43.89317],[3.02441,43.89431],[3.02646,43.89673],[3.02879,43.90162],[3.03049,43.90249],[3.03404,43.90574],[3.03757,43.90624],[3.03823,43.90733],[3.03838,43.90931],[3.03802,43.91073],[3.03867,43.91188],[3.04215,43.91433],[3.04333,43.91307],[3.04497,43.91221],[3.04426,43.90757],[3.04903,43.90742],[3.05098,43.90771],[3.05069,43.90539],[3.05146,43.90457],[3.05428,43.904],[3.05533,43.90205],[3.05849,43.90141],[3.05937,43.90032],[3.05842,43.89991],[3.0567,43.90037],[3.05124,43.90023],[3.04986,43.90063],[3.04658,43.90082],[3.04239,43.90076],[3.04715,43.899],[3.04436,43.89858],[3.04272,43.89733],[3.04224,43.89606],[3.04233,43.89451],[3.03894,43.89427],[3.03926,43.89121],[3.04055,43.8922],[3.05155,43.89131],[3.05634,43.89216],[3.05811,43.89211],[3.06312,43.89527],[3.06448,43.89509],[3.06942,43.8954],[3.07347,43.89538],[3.07588,43.89595],[3.07891,43.89616],[3.08003,43.89497],[3.08125,43.89442],[3.08426,43.89074],[3.084,43.88992],[3.08226,43.88884],[3.07885,43.88809],[3.07627,43.885],[3.07455,43.88418],[3.07386,43.88307],[3.07406,43.88117],[3.07265,43.88079],[3.0697,43.88063],[3.06844,43.87924],[3.07151,43.87829],[3.07058,43.87735],[3.06946,43.87372],[3.06483,43.86514],[3.06212,43.86521],[3.06084,43.86269],[3.05948,43.86195],[3.05958,43.86093],[3.05891,43.85964],[3.05481,43.85652],[3.0547,43.85577],[3.05771,43.85245],[3.05974,43.85116],[3.06015,43.84985]]]}},{"type":"Feature","id":"fr-commune-12140","properties":{"id":"fr-commune-12140","name":"Martiel","kind":"commune","center":[1.9186,44.3763],"code":"12140","department":"12"},"bbox":[1.86706,44.32345,1.9701,44.42917],"geometry":{"type":"Polygon","coordinates":[[[1.88562,44.33526],[1.88397,44.33714],[1.88197,44.34016],[1.88437,44.34322],[1.88593,44.34454],[1.88697,44.34688],[1.88764,44.34963],[1.88965,44.34919],[1.88982,44.35086],[1.89195,44.35298],[1.89377,44.35167],[1.89421,44.35025],[1.89555,44.34989],[1.89912,44.35002],[1.89957,44.35208],[1.90525,44.35055],[1.90526,44.3501],[1.9089,44.35007],[1.90925,44.35458],[1.91123,44.35665],[1.91205,44.35692],[1.9099,44.35957],[1.91027,44.3602],[1.90801,44.36242],[1.90886,44.3638],[1.90856,44.36465],[1.90617,44.36542],[1.90538,44.36518],[1.90163,44.36683],[1.90144,44.3675],[1.89921,44.36892],[1.89671,44.36821],[1.89476,44.37039],[1.89304,44.37085],[1.89344,44.37229],[1.89332,44.37542],[1.89205,44.37736],[1.89151,44.37969],[1.88852,44.38199],[1.88301,44.38467],[1.88228,44.38588],[1.87725,44.3887],[1.87441,44.39142],[1.87505,44.39188],[1.87299,44.39376],[1.87131,44.39411],[1.86971,44.39577],[1.86706,44.39773],[1.8675,44.39806],[1.87572,44.40709],[1.87496,44.40786],[1.87495,44.40903],[1.87186,44.41086],[1.87272,44.41316],[1.87147,44.41635],[1.87146,44.41784],[1.87083,44.41865],[1.87083,44.42107],[1.87184,44.42187],[1.8733,44.42384],[1.87295,44.42417],[1.87522,44.42413],[1.87572,44.42348],[1.87821,44.42259],[1.8809,44.4231],[1.88517,44.42527],[1.88786,44.42629],[1.89097,44.42676],[1.89654,44.4288],[1.90102,44.42917],[1.9036,44.42876],[1.90467,44.42838],[1.90374,44.42509],[1.90551,44.42401],[1.90939,44.42403],[1.91309,44.42317],[1.9149,44.42324],[1.91783,44.42243],[1.92149,44.42206],[1.92477,44.42201],[1.92552,44.41997],[1.92774,44.41936],[1.92536,44.41496],[1.92505,44.41279],[1.92533,44.41072],[1.92614,44.40952],[1.92756,44.40893],[1.92884,44.40595],[1.93231,44.40549],[1.93714,44.40303],[1.94214,44.4025],[1.94479,44.402],[1.94588,44.40284],[1.94787,44.40261],[1.94998,44.4013],[1.95152,44.39887],[1.95473,44.39888],[1.95675,44.39929],[1.95948,44.40107],[1.96402,44.40121],[1.96521,44.40292],[1.96629,44.40295],[1.96759,44.40184],[1.96654,44.40004],[1.96767,44.39946],[1.96938,44.39764],[1.96882,44.39677],[1.96873,44.39443],[1.96947,44.39356],[1.96841,44.39295],[1.9701,44.39191],[1.96908,44.3897],[1.96671,44.38735],[1.96542,44.38501],[1.96208,44.38661],[1.96079,44.38527],[1.96064,44.38399],[1.95889,44.3849],[1.95739,44.38491],[1.95073,44.38748],[1.94873,44.38421],[1.9483,44.38124],[1.94529,44.37868],[1.94326,44.37626],[1.94133,44.3755],[1.93966,44.37232],[1.93604,44.36855],[1.93446,44.36816],[1.93477,44.36456],[1.93528,44.36383],[1.93667,44.35972],[1.93428,44.35822],[1.933,44.35802],[1.93437,44.35619],[1.93576,44.35538],[1.93716,44.35279],[1.93541,44.35138],[1.93386,44.34952],[1.93438,44.34743],[1.93677,44.34719],[1.93806,44.34796],[1.94103,44.34657],[1.94027,44.34462],[1.94046,44.34319],[1.93901,44.34201],[1.93968,44.34099],[1.9376,44.33924],[1.93685,44.33782],[1.93637,44.33549],[1.93571,44.33465],[1.93276,44.33218],[1.93147,44.33148],[1.92969,44.33118],[1.92658,44.33357],[1.92517,44.33596],[1.92449,44.33582],[1.92263,44.33252],[1.91674,44.32883],[1.91442,44.3265],[1.91392,44.32345],[1.91046,44.32583],[1.90837,44.32649],[1.90209,44.32493],[1.89817,44.32594],[1.8957,44.32798],[1.89425,44.32959],[1.89411,44.33193],[1.89104,44.33205],[1.89023,44.33124],[1.88562,44.33526]]]}},{"type":"Feature","id":"fr-commune-12141","properties":{"id":"fr-commune-12141","name":"Martrin","kind":"commune","center":[2.6389,43.928],"code":"12141","department":"12"},"bbox":[2.59409,43.89988,2.68377,43.95617],"geometry":{"type":"Polygon","coordinates":[[[2.66383,43.9149],[2.66227,43.91574],[2.66133,43.9153],[2.6569,43.91722],[2.65503,43.91779],[2.65391,43.91583],[2.65213,43.91028],[2.64815,43.91074],[2.64715,43.91054],[2.64282,43.90875],[2.63939,43.90653],[2.63723,43.90726],[2.63482,43.90849],[2.62871,43.90843],[2.62559,43.90651],[2.62324,43.90818],[2.622,43.90845],[2.62219,43.90616],[2.62154,43.90429],[2.6228,43.90211],[2.62193,43.89988],[2.61871,43.90067],[2.6174,43.90051],[2.61587,43.90392],[2.61569,43.90583],[2.61153,43.90733],[2.61011,43.90715],[2.60728,43.90762],[2.605,43.90918],[2.60425,43.9111],[2.60616,43.91126],[2.60704,43.9128],[2.60693,43.91466],[2.60962,43.9158],[2.6132,43.91602],[2.6133,43.91687],[2.61164,43.91808],[2.61217,43.91998],[2.61297,43.92132],[2.61293,43.92242],[2.61154,43.9242],[2.61012,43.92474],[2.60204,43.92919],[2.59661,43.93086],[2.59555,43.93236],[2.59513,43.93391],[2.59518,43.93561],[2.59629,43.93719],[2.59683,43.93917],[2.59527,43.93939],[2.59409,43.94276],[2.59741,43.94175],[2.59946,43.94159],[2.60105,43.94193],[2.60214,43.94417],[2.60682,43.94198],[2.60734,43.94316],[2.60867,43.94416],[2.60909,43.94604],[2.60736,43.94737],[2.60512,43.94851],[2.60329,43.94986],[2.60269,43.95121],[2.60331,43.95213],[2.60793,43.95086],[2.609,43.95026],[2.61144,43.95015],[2.61336,43.95069],[2.61836,43.95156],[2.62372,43.95186],[2.6269,43.95042],[2.63153,43.94802],[2.63222,43.9496],[2.63257,43.95157],[2.63347,43.95287],[2.6342,43.95564],[2.63646,43.95603],[2.63833,43.95582],[2.63933,43.95617],[2.64257,43.95599],[2.64428,43.95524],[2.64615,43.95494],[2.64853,43.95406],[2.65172,43.95423],[2.65525,43.95365],[2.65661,43.95206],[2.65971,43.95128],[2.66225,43.95024],[2.6642,43.95396],[2.66576,43.95382],[2.66434,43.95035],[2.66222,43.94953],[2.65991,43.94924],[2.65838,43.94998],[2.65701,43.95003],[2.65314,43.95133],[2.65259,43.95007],[2.65135,43.95032],[2.64835,43.94978],[2.64709,43.94717],[2.64783,43.94384],[2.65494,43.94047],[2.65588,43.93926],[2.65594,43.93789],[2.65727,43.93564],[2.65832,43.93462],[2.66144,43.93301],[2.66127,43.93132],[2.66188,43.92947],[2.66336,43.92733],[2.66526,43.92695],[2.66688,43.92743],[2.66734,43.92552],[2.67008,43.92564],[2.67492,43.92661],[2.67781,43.92632],[2.67805,43.92503],[2.67991,43.92356],[2.6799,43.92284],[2.68377,43.92118],[2.68305,43.92019],[2.68278,43.91759],[2.68206,43.91533],[2.68321,43.91407],[2.6823,43.91296],[2.67968,43.9138],[2.67758,43.9122],[2.67512,43.91172],[2.6728,43.91226],[2.67039,43.91326],[2.6684,43.91475],[2.66856,43.91623],[2.66623,43.91532],[2.66383,43.9149]]]}},{"type":"Feature","id":"fr-commune-12142","properties":{"id":"fr-commune-12142","name":"Mayran","kind":"commune","center":[2.3738,44.3912],"code":"12142","department":"12"},"bbox":[2.34607,44.36406,2.40144,44.41831],"geometry":{"type":"Polygon","coordinates":[[[2.39211,44.36581],[2.38936,44.3643],[2.38619,44.36406],[2.38494,44.36427],[2.38215,44.36664],[2.38063,44.36926],[2.37848,44.37075],[2.37575,44.36998],[2.37087,44.36956],[2.36806,44.37],[2.36655,44.37061],[2.36453,44.37042],[2.36335,44.36945],[2.35964,44.36863],[2.35833,44.36716],[2.35697,44.36679],[2.35543,44.36795],[2.35442,44.37006],[2.35321,44.37089],[2.35121,44.37321],[2.34945,44.3742],[2.34728,44.37396],[2.34676,44.37494],[2.34742,44.377],[2.35102,44.37891],[2.35036,44.37992],[2.35066,44.3814],[2.35029,44.38238],[2.34842,44.38377],[2.34794,44.38471],[2.34607,44.38451],[2.34668,44.38813],[2.35027,44.38777],[2.35119,44.38948],[2.35112,44.39402],[2.35249,44.39543],[2.35266,44.39717],[2.35619,44.39883],[2.35512,44.40228],[2.35575,44.40388],[2.35283,44.40413],[2.35104,44.40377],[2.34961,44.40297],[2.34875,44.40411],[2.3487,44.40543],[2.35025,44.40705],[2.35265,44.40864],[2.35392,44.41015],[2.35525,44.41108],[2.35671,44.41144],[2.35732,44.41295],[2.36231,44.41374],[2.36362,44.41409],[2.36799,44.41634],[2.36883,44.41788],[2.37137,44.41831],[2.37234,44.41747],[2.37317,44.41538],[2.37529,44.41322],[2.37408,44.41196],[2.37349,44.4102],[2.37599,44.41031],[2.3778,44.40869],[2.37825,44.40733],[2.3769,44.40743],[2.37637,44.40598],[2.3785,44.40482],[2.38013,44.40347],[2.38101,44.40374],[2.38824,44.39853],[2.39799,44.40045],[2.39879,44.40113],[2.40144,44.39786],[2.39933,44.39699],[2.3987,44.39564],[2.39675,44.39419],[2.39619,44.39295],[2.39484,44.39139],[2.39492,44.39029],[2.39913,44.3879],[2.3977,44.38687],[2.39699,44.38533],[2.3947,44.38288],[2.39345,44.37908],[2.39047,44.37611],[2.38953,44.37417],[2.39008,44.37251],[2.39145,44.37192],[2.3915,44.3704],[2.39052,44.37014],[2.38947,44.36793],[2.3911,44.36738],[2.39211,44.36581]]]}},{"type":"Feature","id":"fr-commune-12143","properties":{"id":"fr-commune-12143","name":"Mélagues","kind":"commune","center":[3.0136,43.7307],"code":"12143","department":"12"},"bbox":[2.95788,43.69193,3.0694,43.76946],"geometry":{"type":"Polygon","coordinates":[[[2.9893,43.76838],[2.99028,43.76737],[2.99183,43.76668],[2.9925,43.7654],[2.99428,43.76405],[2.99634,43.76365],[2.99784,43.76281],[3.00011,43.76267],[3.00335,43.76049],[3.00765,43.76057],[3.00929,43.76115],[3.01053,43.76046],[3.01421,43.75997],[3.01765,43.76093],[3.02064,43.76076],[3.02317,43.76108],[3.02387,43.76178],[3.02798,43.76287],[3.02964,43.76227],[3.03215,43.76294],[3.03355,43.7617],[3.03335,43.76083],[3.03487,43.75701],[3.03387,43.75384],[3.0347,43.75278],[3.03763,43.75258],[3.03825,43.75201],[3.04157,43.75293],[3.04417,43.75119],[3.04696,43.75266],[3.04784,43.754],[3.04981,43.75398],[3.05182,43.75522],[3.0549,43.75555],[3.05625,43.75494],[3.05697,43.75358],[3.05615,43.75223],[3.05479,43.75146],[3.05375,43.74822],[3.05367,43.74656],[3.05246,43.74585],[3.05312,43.74474],[3.05354,43.74242],[3.0565,43.74067],[3.0593,43.73828],[3.05682,43.73595],[3.05582,43.7357],[3.05174,43.73222],[3.05424,43.73081],[3.05521,43.72902],[3.05775,43.72787],[3.05861,43.72664],[3.05781,43.72584],[3.05778,43.72375],[3.05628,43.72304],[3.05671,43.72145],[3.0555,43.72053],[3.05397,43.7201],[3.05409,43.71733],[3.05345,43.71629],[3.05532,43.7146],[3.06021,43.7132],[3.06186,43.71147],[3.06399,43.71176],[3.06588,43.71003],[3.06739,43.70937],[3.06897,43.70811],[3.0694,43.70677],[3.06735,43.70599],[3.06573,43.70458],[3.0624,43.70266],[3.0613,43.70037],[3.06092,43.69765],[3.06192,43.69642],[3.06229,43.69426],[3.06084,43.69286],[3.0573,43.69393],[3.05354,43.69579],[3.04928,43.69634],[3.04583,43.69724],[3.04407,43.69674],[3.04297,43.69513],[3.04184,43.69507],[3.03911,43.69378],[3.03455,43.69283],[3.03355,43.69193],[3.03191,43.69202],[3.02911,43.69351],[3.02728,43.69264],[3.02354,43.69429],[3.02135,43.69453],[3.01877,43.69589],[3.01782,43.69683],[3.01413,43.69905],[3.01363,43.70172],[3.01244,43.70355],[3.00927,43.70149],[3.00747,43.70203],[3.0044,43.70346],[3.00245,43.7048],[3.00091,43.70514],[2.99852,43.70491],[2.99622,43.70545],[2.99479,43.70662],[2.99332,43.70859],[2.99137,43.70676],[2.98905,43.70624],[2.98745,43.70647],[2.98495,43.709],[2.98079,43.70762],[2.97846,43.70655],[2.97656,43.70514],[2.97395,43.70461],[2.97166,43.70379],[2.96776,43.70367],[2.9676,43.70275],[2.96575,43.70192],[2.96244,43.69975],[2.96123,43.69928],[2.95788,43.69944],[2.95829,43.70144],[2.9597,43.70297],[2.96062,43.70522],[2.96335,43.7072],[2.96402,43.70817],[2.96293,43.70989],[2.96522,43.71017],[2.9657,43.71241],[2.96707,43.71226],[2.9686,43.7128],[2.97021,43.7154],[2.97418,43.71855],[2.97607,43.71927],[2.97663,43.72161],[2.97473,43.72176],[2.97346,43.72318],[2.97491,43.72415],[2.97555,43.72515],[2.97798,43.72758],[2.97863,43.72875],[2.97611,43.72863],[2.97514,43.7299],[2.97179,43.73016],[2.97216,43.73146],[2.97138,43.7324],[2.96872,43.73198],[2.969,43.73293],[2.97316,43.73533],[2.97384,43.73623],[2.97434,43.73837],[2.97632,43.73907],[2.97673,43.74124],[2.98232,43.74435],[2.98405,43.74615],[2.98584,43.74722],[2.98586,43.74823],[2.98739,43.74993],[2.98923,43.75267],[2.98619,43.75365],[2.98522,43.75424],[2.98371,43.75802],[2.98262,43.75993],[2.97855,43.76418],[2.97883,43.76539],[2.97816,43.76736],[2.97735,43.76829],[2.97755,43.76946],[2.98044,43.76881],[2.98254,43.76728],[2.98479,43.76813],[2.98717,43.76787],[2.9893,43.76838]]]}},{"type":"Feature","id":"fr-commune-12144","properties":{"id":"fr-commune-12144","name":"Meljac","kind":"commune","center":[2.4316,44.1326],"code":"12144","department":"12"},"bbox":[2.40382,44.11317,2.45934,44.15204],"geometry":{"type":"Polygon","coordinates":[[[2.40382,44.13688],[2.40484,44.13848],[2.40494,44.13983],[2.40717,44.14016],[2.4093,44.13988],[2.41002,44.1389],[2.41214,44.13716],[2.4163,44.13744],[2.41666,44.13824],[2.41893,44.13946],[2.41992,44.13958],[2.42344,44.14191],[2.42283,44.14327],[2.42162,44.14301],[2.42049,44.14458],[2.42382,44.14437],[2.42483,44.14457],[2.42466,44.14673],[2.42361,44.14763],[2.42747,44.14813],[2.43027,44.14733],[2.43269,44.14749],[2.43256,44.14615],[2.43411,44.1459],[2.43502,44.14702],[2.43299,44.14789],[2.43441,44.14844],[2.43658,44.14844],[2.43657,44.14909],[2.43443,44.15047],[2.43553,44.15107],[2.43666,44.14995],[2.43823,44.14928],[2.43907,44.15],[2.43835,44.15204],[2.44102,44.15163],[2.44286,44.1496],[2.44625,44.14869],[2.44663,44.14917],[2.44551,44.15045],[2.44617,44.15121],[2.44814,44.15101],[2.44891,44.14973],[2.44876,44.14892],[2.45044,44.14767],[2.45306,44.14652],[2.45549,44.14581],[2.45756,44.1434],[2.45917,44.14306],[2.45934,44.14221],[2.45565,44.13932],[2.45561,44.13784],[2.45176,44.13762],[2.44987,44.13805],[2.44781,44.1378],[2.44868,44.13638],[2.4488,44.13377],[2.44833,44.13219],[2.44851,44.13068],[2.45036,44.13305],[2.45223,44.13188],[2.4535,44.12867],[2.45211,44.12812],[2.4518,44.12635],[2.44977,44.12487],[2.44926,44.12276],[2.44833,44.12158],[2.44999,44.11998],[2.44833,44.11758],[2.44652,44.11637],[2.44225,44.11502],[2.44226,44.11346],[2.44175,44.11317],[2.43908,44.11356],[2.43642,44.11584],[2.43507,44.11828],[2.43134,44.11929],[2.43002,44.11848],[2.42743,44.11868],[2.42533,44.12169],[2.41996,44.1245],[2.42099,44.127],[2.41933,44.12862],[2.41676,44.12896],[2.41459,44.13032],[2.41228,44.1306],[2.4109,44.13155],[2.41119,44.1333],[2.4066,44.13345],[2.40569,44.13379],[2.40568,44.13511],[2.40382,44.13688]]]}},{"type":"Feature","id":"fr-commune-12145","properties":{"id":"fr-commune-12145","name":"Millau","kind":"commune","center":[3.1176,44.0982],"code":"12145","department":"12"},"bbox":[2.99066,44.0165,3.2446,44.17999],"geometry":{"type":"Polygon","coordinates":[[[3.03232,44.16251],[3.03447,44.16003],[3.03807,44.16178],[3.04113,44.16037],[3.04189,44.15903],[3.04235,44.15674],[3.04435,44.15661],[3.04521,44.15876],[3.04679,44.1588],[3.05009,44.15977],[3.0521,44.15752],[3.05319,44.15672],[3.05737,44.15451],[3.05893,44.15487],[3.06291,44.15434],[3.06338,44.15506],[3.06697,44.15478],[3.06861,44.15517],[3.06946,44.15418],[3.06868,44.15117],[3.07018,44.14919],[3.06991,44.14679],[3.07014,44.14577],[3.0696,44.14442],[3.07073,44.14349],[3.0713,44.13921],[3.07167,44.13884],[3.07429,44.139],[3.07568,44.14034],[3.07846,44.14092],[3.07912,44.14015],[3.07887,44.13907],[3.07914,44.13619],[3.07992,44.13317],[3.08873,44.13343],[3.09185,44.13336],[3.09962,44.13183],[3.11061,44.1312],[3.11265,44.13157],[3.11203,44.13278],[3.11167,44.13577],[3.11222,44.13732],[3.1151,44.13802],[3.11749,44.13913],[3.1198,44.13939],[3.11964,44.1411],[3.12114,44.14234],[3.12137,44.1432],[3.12329,44.14368],[3.12481,44.14315],[3.12512,44.14462],[3.12395,44.14553],[3.1207,44.14581],[3.11908,44.14664],[3.11791,44.14667],[3.11714,44.1457],[3.11586,44.14837],[3.11771,44.15042],[3.12359,44.15556],[3.1253,44.15735],[3.12731,44.15805],[3.12849,44.15798],[3.13456,44.15486],[3.14166,44.15201],[3.14575,44.15068],[3.14918,44.14984],[3.15326,44.14914],[3.1571,44.14874],[3.15871,44.14786],[3.16054,44.14803],[3.16478,44.14746],[3.16949,44.14849],[3.17392,44.14796],[3.17504,44.14759],[3.17887,44.14715],[3.17932,44.145],[3.18142,44.14314],[3.18552,44.14265],[3.18835,44.13955],[3.18873,44.13749],[3.19037,44.13596],[3.18936,44.13456],[3.19017,44.13298],[3.18972,44.13203],[3.19057,44.13041],[3.18984,44.12935],[3.19057,44.12708],[3.19023,44.12522],[3.19123,44.12295],[3.19128,44.12185],[3.19239,44.12141],[3.19261,44.11987],[3.19346,44.11885],[3.19342,44.11762],[3.19437,44.11599],[3.19369,44.11428],[3.19169,44.11371],[3.19165,44.11137],[3.19358,44.11091],[3.19623,44.10864],[3.19797,44.10809],[3.19902,44.10658],[3.20126,44.10457],[3.20434,44.10262],[3.20645,44.09999],[3.20824,44.09859],[3.20806,44.09756],[3.20877,44.09654],[3.21096,44.09516],[3.21241,44.09146],[3.2137,44.09074],[3.21521,44.08807],[3.21404,44.08609],[3.21377,44.08302],[3.21138,44.08014],[3.21065,44.07856],[3.21027,44.07579],[3.21232,44.07352],[3.21347,44.07074],[3.21417,44.0699],[3.21557,44.06945],[3.21636,44.06715],[3.21738,44.06648],[3.21917,44.06327],[3.22007,44.0628],[3.22141,44.06012],[3.22414,44.05528],[3.23663,44.05228],[3.24338,44.04997],[3.24383,44.04965],[3.2446,44.04498],[3.24442,44.04405],[3.24282,44.04325],[3.2392,44.04214],[3.23662,44.03787],[3.23553,44.03799],[3.2331,44.03742],[3.22954,44.03697],[3.22826,44.03719],[3.22218,44.0365],[3.22059,44.03662],[3.21475,44.03844],[3.20981,44.04045],[3.20859,44.04066],[3.20349,44.0437],[3.20069,44.04499],[3.19608,44.0474],[3.1949,44.04831],[3.18704,44.0511],[3.18433,44.05176],[3.18455,44.04702],[3.18438,44.04396],[3.17977,44.04012],[3.1761,44.03655],[3.17483,44.03503],[3.17046,44.03069],[3.16944,44.02923],[3.16658,44.02828],[3.16599,44.02676],[3.16405,44.02586],[3.16252,44.0244],[3.16288,44.01955],[3.16356,44.01738],[3.16186,44.0165],[3.1585,44.01813],[3.15605,44.02077],[3.15467,44.0215],[3.15248,44.02079],[3.15011,44.02049],[3.14803,44.01884],[3.14564,44.02017],[3.14517,44.02332],[3.14254,44.02259],[3.13812,44.02359],[3.1324,44.02556],[3.12912,44.02725],[3.12582,44.02822],[3.11807,44.0307],[3.11078,44.03165],[3.10788,44.03248],[3.10716,44.03389],[3.106,44.03781],[3.10507,44.03903],[3.104,44.04416],[3.1051,44.0515],[3.10512,44.05258],[3.10316,44.05534],[3.09889,44.05805],[3.09726,44.06118],[3.09579,44.06326],[3.09223,44.06591],[3.09107,44.06716],[3.08913,44.07149],[3.08631,44.07485],[3.0831,44.07811],[3.08188,44.07996],[3.08088,44.07983],[3.07934,44.08195],[3.0792,44.08531],[3.07776,44.0852],[3.07444,44.08551],[3.07292,44.0854],[3.07265,44.08619],[3.07065,44.08562],[3.06903,44.08693],[3.06835,44.08917],[3.06743,44.09056],[3.06509,44.09035],[3.06266,44.0897],[3.0599,44.08703],[3.05526,44.08584],[3.05291,44.08576],[3.05052,44.08692],[3.0495,44.0889],[3.0499,44.09018],[3.0495,44.09118],[3.04681,44.0915],[3.0433,44.0907],[3.0422,44.09069],[3.03959,44.09163],[3.03737,44.09321],[3.03557,44.09352],[3.03164,44.09213],[3.02786,44.08778],[3.02615,44.08677],[3.02296,44.0856],[3.0192,44.08447],[3.01606,44.08384],[3.01556,44.08553],[3.01675,44.08761],[3.01623,44.0886],[3.01477,44.08967],[3.01402,44.09235],[3.01228,44.09391],[3.01068,44.09476],[3.00914,44.09707],[3.01109,44.09827],[3.00831,44.09995],[3.00876,44.1021],[3.00953,44.10359],[3.00774,44.10526],[3.00441,44.10447],[3.00157,44.10287],[3.00012,44.1025],[2.99697,44.10106],[2.99484,44.10135],[2.9938,44.10518],[2.99398,44.10845],[2.99433,44.11014],[2.9962,44.1116],[2.99847,44.11238],[2.99817,44.1129],[2.99538,44.11253],[2.99428,44.11289],[2.99283,44.11557],[2.99141,44.11757],[2.99066,44.12013],[2.99145,44.12448],[2.99152,44.1275],[2.99376,44.12865],[2.99697,44.1313],[2.99931,44.13384],[3.00417,44.13859],[3.00668,44.14074],[3.0084,44.14027],[3.01232,44.14043],[3.01553,44.14207],[3.0122,44.14556],[3.01052,44.14768],[3.00776,44.15217],[3.00827,44.15269],[3.00807,44.15607],[3.00756,44.15787],[3.00655,44.15959],[3.00613,44.16148],[3.00667,44.16477],[3.0075,44.16638],[3.00879,44.17115],[3.00911,44.17155],[3.00929,44.17591],[3.00908,44.17999],[3.01043,44.17788],[3.01434,44.17529],[3.01454,44.1743],[3.01577,44.17333],[3.01701,44.17163],[3.02028,44.17009],[3.02091,44.1691],[3.02335,44.16703],[3.02383,44.16628],[3.02682,44.16409],[3.031,44.16267],[3.03232,44.16251]]]}},{"type":"Feature","id":"fr-commune-12146","properties":{"id":"fr-commune-12146","name":"Le Monastère","kind":"commune","center":[2.59,44.3315],"code":"12146","department":"12"},"bbox":[2.56871,44.31275,2.61128,44.3502],"geometry":{"type":"Polygon","coordinates":[[[2.5758,44.31917],[2.57746,44.32062],[2.57903,44.32129],[2.5777,44.32457],[2.57516,44.32633],[2.57434,44.32552],[2.57234,44.32638],[2.57405,44.33092],[2.573,44.33132],[2.57389,44.33323],[2.57144,44.33471],[2.56932,44.33777],[2.56945,44.33889],[2.56871,44.3406],[2.57055,44.34172],[2.57302,44.3412],[2.57427,44.34361],[2.57528,44.34476],[2.57688,44.34539],[2.57776,44.3451],[2.57897,44.34643],[2.58042,44.34697],[2.58137,44.34606],[2.58337,44.3477],[2.58528,44.34704],[2.58661,44.34951],[2.58738,44.35003],[2.58987,44.34982],[2.5907,44.3502],[2.59357,44.34914],[2.59476,44.34914],[2.59544,44.34797],[2.5952,44.34712],[2.5973,44.34643],[2.59543,44.34614],[2.59529,44.34285],[2.5949,44.33992],[2.59365,44.33434],[2.5962,44.33503],[2.59927,44.3333],[2.60045,44.33176],[2.59866,44.33035],[2.5995,44.32878],[2.60136,44.32726],[2.60381,44.32662],[2.60401,44.32792],[2.60551,44.32806],[2.60997,44.32783],[2.61128,44.32674],[2.61065,44.32539],[2.60796,44.32648],[2.60695,44.32468],[2.60505,44.3241],[2.60311,44.3242],[2.60097,44.32146],[2.59464,44.32017],[2.59445,44.31898],[2.59344,44.31809],[2.59045,44.31705],[2.59454,44.31416],[2.59008,44.31275],[2.5894,44.31417],[2.58933,44.31554],[2.58782,44.31669],[2.58539,44.31716],[2.58397,44.31814],[2.58235,44.31806],[2.58047,44.31893],[2.5797,44.31628],[2.57888,44.31453],[2.57575,44.31683],[2.5758,44.31917]]]}},{"type":"Feature","id":"fr-commune-12147","properties":{"id":"fr-commune-12147","name":"Montagnol","kind":"commune","center":[3.0212,43.828],"code":"12147","department":"12"},"bbox":[2.97675,43.79482,3.06562,43.86111],"geometry":{"type":"Polygon","coordinates":[[[3.01088,43.86009],[3.01476,43.85997],[3.01639,43.86044],[3.01884,43.86031],[3.02268,43.86111],[3.0243,43.86028],[3.02688,43.85998],[3.03333,43.86002],[3.03537,43.85972],[3.03684,43.85886],[3.03934,43.85945],[3.04125,43.85872],[3.04057,43.85699],[3.04209,43.85592],[3.04678,43.85421],[3.05078,43.85441],[3.05281,43.85398],[3.05173,43.85275],[3.05162,43.85093],[3.05321,43.8481],[3.05647,43.84844],[3.06015,43.84985],[3.06088,43.84843],[3.06094,43.84642],[3.06267,43.84489],[3.06284,43.84374],[3.06494,43.84302],[3.06562,43.8414],[3.0611,43.84091],[3.05873,43.841],[3.05844,43.84012],[3.06079,43.83975],[3.06283,43.8366],[3.06477,43.83552],[3.06098,43.83325],[3.05954,43.83033],[3.0588,43.82497],[3.05848,43.82156],[3.05767,43.81866],[3.05932,43.81685],[3.0636,43.8155],[3.06371,43.81268],[3.06417,43.81159],[3.0636,43.81075],[3.06364,43.80905],[3.06196,43.80947],[3.06006,43.80946],[3.05601,43.80824],[3.05219,43.80647],[3.0497,43.80415],[3.04864,43.8014],[3.04585,43.80157],[3.04211,43.79897],[3.03872,43.79865],[3.03723,43.79791],[3.0359,43.79798],[3.03371,43.79705],[3.03362,43.79653],[3.03115,43.79482],[3.02905,43.79634],[3.02736,43.79662],[3.0263,43.79773],[3.02434,43.79898],[3.02086,43.79978],[3.01748,43.79955],[3.01503,43.79803],[3.01322,43.79783],[3.01239,43.79837],[3.01133,43.79975],[3.0101,43.8003],[3.00942,43.80138],[3.00998,43.80215],[3.01017,43.80633],[3.01004,43.80791],[3.00933,43.81014],[3.01179,43.81275],[3.01164,43.81386],[3.00833,43.81524],[3.00421,43.81463],[3.00357,43.81694],[3.00228,43.81696],[3.00025,43.81825],[2.99666,43.81852],[2.99285,43.81833],[2.99203,43.81978],[2.99282,43.82139],[2.9927,43.82235],[2.99072,43.82355],[2.99016,43.82511],[2.98695,43.82729],[2.98599,43.83017],[2.98592,43.83228],[2.9835,43.83374],[2.98341,43.83586],[2.98128,43.83899],[2.97927,43.83969],[2.9775,43.84111],[2.97675,43.84348],[2.97942,43.84434],[2.98013,43.84553],[2.98028,43.84803],[2.98181,43.84923],[2.98317,43.84974],[2.98469,43.85222],[2.98714,43.85533],[2.98811,43.85514],[2.98984,43.85599],[2.99147,43.85617],[2.99308,43.85721],[2.99499,43.85735],[2.99807,43.85798],[3.00095,43.85775],[3.00301,43.85787],[3.00885,43.85916],[3.01088,43.86009]]]}},{"type":"Feature","id":"fr-commune-12148","properties":{"id":"fr-commune-12148","name":"Montbazens","kind":"commune","center":[2.214,44.48],"code":"12148","department":"12"},"bbox":[2.1783,44.45641,2.24978,44.5036],"geometry":{"type":"Polygon","coordinates":[[[2.23758,44.50148],[2.23684,44.49906],[2.23684,44.49508],[2.23621,44.49333],[2.23473,44.49152],[2.2324,44.48745],[2.23264,44.48505],[2.23447,44.485],[2.23669,44.48405],[2.23586,44.48277],[2.23686,44.48118],[2.23875,44.48013],[2.23857,44.47867],[2.23593,44.4764],[2.23499,44.475],[2.23395,44.47485],[2.23396,44.47267],[2.24009,44.47337],[2.24028,44.47279],[2.24317,44.47198],[2.24468,44.47062],[2.24723,44.46756],[2.24978,44.46507],[2.24808,44.4638],[2.24822,44.46075],[2.24583,44.45986],[2.24358,44.45973],[2.24096,44.46015],[2.23832,44.46096],[2.23519,44.46134],[2.23491,44.45923],[2.23055,44.45857],[2.22694,44.45969],[2.22755,44.45819],[2.22498,44.45814],[2.22278,44.45764],[2.22097,44.45655],[2.21708,44.45641],[2.21627,44.45677],[2.21249,44.45711],[2.21104,44.45811],[2.20485,44.45858],[2.20298,44.4592],[2.20149,44.45909],[2.20103,44.46026],[2.19969,44.46177],[2.19857,44.46206],[2.19379,44.46186],[2.19239,44.46279],[2.18939,44.46414],[2.18378,44.47092],[2.18235,44.47307],[2.18089,44.47437],[2.1783,44.47738],[2.1826,44.4772],[2.18192,44.48003],[2.18212,44.48194],[2.18402,44.48301],[2.18529,44.48415],[2.18528,44.48598],[2.18684,44.4872],[2.18765,44.48706],[2.18864,44.48827],[2.18794,44.49073],[2.18963,44.49068],[2.19295,44.49241],[2.19269,44.49381],[2.19024,44.49716],[2.1908,44.4982],[2.19194,44.4987],[2.19149,44.50052],[2.1914,44.5036],[2.19767,44.50236],[2.20012,44.49955],[2.20646,44.4937],[2.2075,44.49217],[2.21038,44.49292],[2.21227,44.49216],[2.21599,44.49166],[2.21776,44.49507],[2.22409,44.49437],[2.22603,44.49401],[2.23227,44.49443],[2.23289,44.49611],[2.23396,44.49758],[2.23404,44.49934],[2.23554,44.50074],[2.23758,44.50148]]]}},{"type":"Feature","id":"fr-commune-12149","properties":{"id":"fr-commune-12149","name":"Montclar","kind":"commune","center":[2.6307225521398045,43.97993358195213],"code":"12149","department":"12"},"bbox":[2.58134,43.95024,2.6683,44.00895],"geometry":{"type":"Polygon","coordinates":[[[2.6341,43.97194],[2.63445,43.97358],[2.63216,43.97373],[2.63065,43.9749],[2.63051,43.97561],[2.62847,43.97821],[2.62702,43.97927],[2.62326,43.98131],[2.62017,43.98276],[2.61611,43.98386],[2.61401,43.98415],[2.61286,43.98572],[2.61061,43.98717],[2.60852,43.98913],[2.60763,43.99063],[2.60775,43.99221],[2.60374,43.99272],[2.60181,43.99329],[2.5972,43.9939],[2.59424,43.99507],[2.5928,43.99623],[2.59051,43.99619],[2.58837,43.99651],[2.58671,43.99713],[2.58455,43.99844],[2.582,43.99898],[2.58134,44.00138],[2.58408,44.00286],[2.58217,44.00449],[2.58392,44.00549],[2.5863,44.00567],[2.5883,44.0067],[2.59277,44.00787],[2.59457,44.0077],[2.59859,44.00576],[2.60039,44.00536],[2.60267,44.00617],[2.60394,44.00754],[2.60628,44.00895],[2.60892,44.00803],[2.60983,44.00686],[2.61033,44.00437],[2.61304,44.00212],[2.61543,44.00127],[2.61332,43.99815],[2.61548,43.99755],[2.61618,43.99667],[2.61798,43.99701],[2.61915,43.99566],[2.61856,43.99471],[2.61986,43.99423],[2.61974,43.99296],[2.62148,43.99114],[2.62361,43.99127],[2.6267,43.98991],[2.6284,43.98854],[2.63066,43.98765],[2.63454,43.98878],[2.63487,43.98951],[2.63928,43.98934],[2.64248,43.98612],[2.64251,43.98533],[2.64482,43.98332],[2.6461,43.98097],[2.64899,43.98027],[2.6525,43.97711],[2.65282,43.97613],[2.65534,43.97509],[2.65649,43.97568],[2.65911,43.97627],[2.66114,43.97627],[2.66573,43.97543],[2.66659,43.97465],[2.66394,43.97262],[2.66425,43.97074],[2.66372,43.96829],[2.66178,43.96601],[2.66178,43.96406],[2.66002,43.96193],[2.66178,43.96154],[2.66291,43.96072],[2.66407,43.95892],[2.665,43.95843],[2.66686,43.95595],[2.6683,43.95349],[2.66576,43.95382],[2.6642,43.95396],[2.66225,43.95024],[2.65971,43.95128],[2.65661,43.95206],[2.65525,43.95365],[2.65172,43.95423],[2.64853,43.95406],[2.64615,43.95494],[2.64428,43.95524],[2.64257,43.95599],[2.63933,43.95617],[2.63833,43.95582],[2.63646,43.95603],[2.6342,43.95564],[2.63214,43.95612],[2.63065,43.95751],[2.63347,43.96002],[2.63612,43.96152],[2.63745,43.96289],[2.63726,43.96483],[2.63823,43.96673],[2.63855,43.96933],[2.63803,43.97018],[2.63595,43.97089],[2.6341,43.97194]]]}},{"type":"Feature","id":"fr-commune-12150","properties":{"id":"fr-commune-12150","name":"Monteils","kind":"commune","center":[1.9874,44.2666],"code":"12150","department":"12"},"bbox":[1.96064,44.2354,2.0141,44.29799],"geometry":{"type":"Polygon","coordinates":[[[2.00036,44.24245],[1.99936,44.2411],[1.99444,44.24193],[1.99156,44.24267],[1.9905,44.24116],[1.99151,44.23947],[1.99454,44.23894],[1.99488,44.23743],[1.99268,44.23675],[1.98799,44.23639],[1.98553,44.23593],[1.98466,44.2354],[1.98157,44.23639],[1.97999,44.23765],[1.9804,44.24159],[1.98104,44.24291],[1.97907,44.24383],[1.97792,44.24194],[1.97328,44.2436],[1.97264,44.246],[1.97135,44.24558],[1.97122,44.24318],[1.97011,44.24319],[1.96854,44.2442],[1.96698,44.24327],[1.96203,44.24232],[1.96158,44.24306],[1.96168,44.24608],[1.96064,44.24952],[1.9615,44.25045],[1.96159,44.25291],[1.96209,44.25357],[1.96471,44.25521],[1.96424,44.25707],[1.96504,44.25824],[1.96504,44.26049],[1.96439,44.26138],[1.96406,44.26593],[1.96537,44.26711],[1.96598,44.26963],[1.96876,44.27166],[1.97097,44.27399],[1.97079,44.27631],[1.97093,44.27837],[1.97159,44.27997],[1.97171,44.28206],[1.97327,44.28291],[1.97436,44.28238],[1.9766,44.28227],[1.97974,44.28259],[1.9821,44.28427],[1.98413,44.28479],[1.98796,44.28709],[1.99069,44.28716],[1.99313,44.28789],[1.99489,44.28783],[1.99639,44.28834],[1.99584,44.2898],[1.99428,44.2916],[1.99202,44.29365],[1.99517,44.29444],[1.99677,44.29515],[1.99797,44.29407],[2.0009,44.29561],[2.0004,44.29628],[2.00351,44.29799],[2.00739,44.29702],[2.01048,44.29556],[2.00825,44.29263],[2.00773,44.29138],[2.00764,44.28896],[2.00795,44.28733],[2.00738,44.28638],[2.00995,44.285],[2.01009,44.28343],[2.01369,44.28229],[2.0141,44.28176],[2.01252,44.278],[2.01301,44.27658],[2.01169,44.27461],[2.0128,44.27441],[2.01134,44.27192],[2.01191,44.27166],[2.0132,44.26864],[2.01301,44.26695],[2.00998,44.26742],[2.00661,44.26652],[2.00629,44.26539],[2.00506,44.26384],[2.00205,44.26246],[2.00192,44.26121],[2.00432,44.26014],[2.0076,44.25964],[2.0086,44.25812],[2.0079,44.25669],[2.00672,44.2564],[2.00303,44.2561],[2.00122,44.25756],[1.99984,44.25815],[1.9982,44.25763],[1.99859,44.25608],[1.99952,44.25521],[2.00221,44.25425],[2.00364,44.25331],[2.00314,44.25146],[1.9992,44.2501],[1.9994,44.24915],[2.00065,44.24776],[2.00009,44.24655],[1.99827,44.24665],[1.9956,44.24745],[1.99449,44.24661],[2.00003,44.24318],[2.00036,44.24245]]]}},{"type":"Feature","id":"fr-commune-12151","properties":{"id":"fr-commune-12151","name":"Montézic","kind":"commune","center":[2.6469,44.7206],"code":"12151","department":"12"},"bbox":[2.59835,44.69536,2.69544,44.74617],"geometry":{"type":"Polygon","coordinates":[[[2.59835,44.70277],[2.59932,44.70413],[2.60097,44.70541],[2.60544,44.70747],[2.60667,44.70858],[2.60663,44.70949],[2.60461,44.71173],[2.60537,44.71286],[2.6099,44.71419],[2.61027,44.71575],[2.60877,44.71782],[2.60858,44.71942],[2.6088,44.72243],[2.60855,44.7234],[2.6069,44.72572],[2.60699,44.72714],[2.60811,44.72869],[2.60995,44.72949],[2.61286,44.72934],[2.6164,44.72729],[2.61764,44.72711],[2.61928,44.72818],[2.62074,44.73114],[2.62208,44.73229],[2.6234,44.73242],[2.62517,44.73168],[2.62545,44.72926],[2.62687,44.72806],[2.62996,44.72832],[2.63144,44.72904],[2.63369,44.73164],[2.63693,44.73373],[2.63924,44.73686],[2.64149,44.73853],[2.6442,44.73919],[2.64535,44.7409],[2.6454,44.74293],[2.64617,44.74467],[2.64754,44.74557],[2.65215,44.74617],[2.65288,44.74309],[2.65423,44.74118],[2.65433,44.74019],[2.65556,44.73815],[2.65701,44.73657],[2.65588,44.73542],[2.65454,44.73595],[2.65275,44.73415],[2.65119,44.73331],[2.65339,44.73015],[2.65294,44.72915],[2.65423,44.72845],[2.65536,44.72701],[2.65527,44.7254],[2.65761,44.7242],[2.65931,44.7237],[2.66087,44.72253],[2.66295,44.72198],[2.66527,44.72046],[2.66814,44.72128],[2.66878,44.72073],[2.67081,44.72128],[2.67224,44.72253],[2.67414,44.7236],[2.67575,44.72404],[2.67568,44.72495],[2.67698,44.7261],[2.67814,44.72624],[2.67895,44.72505],[2.68062,44.72469],[2.68404,44.72309],[2.68572,44.72356],[2.68819,44.72348],[2.69263,44.72168],[2.69544,44.71836],[2.69275,44.71748],[2.69014,44.71736],[2.68498,44.7157],[2.68159,44.71444],[2.67475,44.71401],[2.67482,44.71123],[2.67446,44.7089],[2.67287,44.70723],[2.67043,44.7076],[2.66892,44.70555],[2.66904,44.70418],[2.66761,44.70329],[2.66649,44.70126],[2.66529,44.70136],[2.66389,44.70316],[2.66492,44.70459],[2.66308,44.70718],[2.6609,44.70804],[2.65846,44.7039],[2.65379,44.70462],[2.65419,44.70258],[2.65621,44.70048],[2.65696,44.69913],[2.65477,44.6977],[2.65557,44.69562],[2.65274,44.69536],[2.6518,44.69685],[2.65004,44.69706],[2.64935,44.69769],[2.64475,44.69975],[2.63946,44.70111],[2.6387,44.70246],[2.63719,44.70224],[2.63673,44.70437],[2.63459,44.70443],[2.63101,44.70532],[2.63036,44.70477],[2.62747,44.70473],[2.62559,44.70422],[2.62506,44.70316],[2.62271,44.70218],[2.62052,44.70202],[2.61794,44.70068],[2.61762,44.699],[2.61839,44.69726],[2.61648,44.69672],[2.61533,44.69758],[2.61376,44.69713],[2.61363,44.69632],[2.61155,44.697],[2.61087,44.69622],[2.60935,44.69573],[2.60846,44.69665],[2.60972,44.69737],[2.6096,44.69917],[2.60834,44.69908],[2.60583,44.70039],[2.60489,44.69907],[2.60333,44.69931],[2.60295,44.70063],[2.60182,44.70106],[2.60171,44.70201],[2.59835,44.70277]]]}},{"type":"Feature","id":"fr-commune-12152","properties":{"id":"fr-commune-12152","name":"Montfranc","kind":"commune","center":[2.5802,43.8407],"code":"12152","department":"12"},"bbox":[2.56163,43.81826,2.59821,43.86309],"geometry":{"type":"Polygon","coordinates":[[[2.56163,43.84598],[2.5632,43.84738],[2.56367,43.84974],[2.56443,43.85086],[2.56515,43.85332],[2.56541,43.8572],[2.56352,43.86142],[2.56378,43.86309],[2.56448,43.86258],[2.56629,43.86267],[2.56826,43.86143],[2.5692,43.85904],[2.5681,43.85753],[2.57093,43.85708],[2.57391,43.85698],[2.57529,43.8563],[2.57603,43.85504],[2.57813,43.85365],[2.57993,43.85381],[2.58142,43.85295],[2.58441,43.85196],[2.58355,43.85046],[2.5873,43.84963],[2.58725,43.84831],[2.58898,43.84641],[2.58761,43.84385],[2.58766,43.84246],[2.58894,43.84173],[2.59164,43.84177],[2.59357,43.84123],[2.59727,43.84124],[2.59664,43.84045],[2.59418,43.83921],[2.59591,43.83708],[2.59704,43.83427],[2.59821,43.8334],[2.59787,43.83015],[2.59728,43.82896],[2.5926,43.82685],[2.5917,43.82574],[2.59243,43.8236],[2.59191,43.82221],[2.59215,43.82069],[2.59074,43.81964],[2.59047,43.81826],[2.58849,43.81913],[2.58705,43.82105],[2.58362,43.82455],[2.58119,43.82832],[2.58145,43.82959],[2.57745,43.83242],[2.57709,43.83288],[2.57675,43.83578],[2.57475,43.8378],[2.57182,43.83688],[2.57138,43.838],[2.56729,43.83961],[2.56399,43.84154],[2.56436,43.84287],[2.56194,43.84451],[2.56163,43.84598]]]}},{"type":"Feature","id":"fr-commune-12153","properties":{"id":"fr-commune-12153","name":"Montjaux","kind":"commune","center":[2.9045,44.0984],"code":"12153","department":"12"},"bbox":[2.85158,44.06681,2.95748,44.12994],"geometry":{"type":"Polygon","coordinates":[[[2.85834,44.12726],[2.86294,44.12468],[2.86506,44.12716],[2.86666,44.12795],[2.86853,44.12823],[2.8709,44.12778],[2.87291,44.12661],[2.87597,44.12753],[2.878,44.12648],[2.88517,44.12918],[2.88686,44.12994],[2.88855,44.12961],[2.89164,44.12768],[2.895,44.12513],[2.89577,44.12632],[2.89961,44.12335],[2.9003,44.12376],[2.90233,44.12015],[2.90373,44.11957],[2.90537,44.11951],[2.90718,44.11827],[2.90785,44.11674],[2.907,44.11542],[2.90857,44.11468],[2.91193,44.11399],[2.91597,44.11465],[2.91841,44.11527],[2.92206,44.11433],[2.92457,44.11506],[2.92596,44.11422],[2.92702,44.11454],[2.92851,44.1141],[2.93252,44.11356],[2.93399,44.11221],[2.93565,44.11235],[2.93742,44.11166],[2.94274,44.11328],[2.94703,44.1111],[2.94882,44.10929],[2.9515,44.10841],[2.95748,44.10843],[2.95442,44.10525],[2.9522,44.10031],[2.95166,44.09784],[2.95042,44.09629],[2.94954,44.09434],[2.94668,44.09272],[2.94504,44.08804],[2.9445,44.08718],[2.93945,44.08819],[2.9376,44.08758],[2.93657,44.08625],[2.93566,44.08335],[2.93656,44.07901],[2.93584,44.07772],[2.93401,44.07622],[2.93154,44.07218],[2.93001,44.07035],[2.9285,44.06956],[2.92698,44.06931],[2.92392,44.06938],[2.92186,44.07019],[2.91995,44.07195],[2.91807,44.0743],[2.91618,44.07517],[2.91418,44.07509],[2.91216,44.07347],[2.91143,44.07249],[2.91195,44.07034],[2.91359,44.06856],[2.91274,44.06806],[2.91054,44.06773],[2.90755,44.06882],[2.90326,44.06681],[2.9034,44.06856],[2.90141,44.06897],[2.89978,44.07053],[2.89711,44.06999],[2.89545,44.07102],[2.89411,44.07347],[2.89381,44.07537],[2.89264,44.07668],[2.89368,44.07833],[2.89564,44.07979],[2.89714,44.08151],[2.89702,44.08294],[2.89471,44.08301],[2.8928,44.0836],[2.89062,44.08343],[2.88754,44.08412],[2.8855,44.08387],[2.88367,44.08413],[2.88105,44.08332],[2.87862,44.08677],[2.87833,44.08841],[2.87723,44.08984],[2.87819,44.09203],[2.87636,44.0929],[2.87766,44.09371],[2.87664,44.09549],[2.87494,44.09593],[2.87092,44.09776],[2.87087,44.09983],[2.86943,44.10274],[2.8672,44.10398],[2.8632,44.104],[2.86245,44.10378],[2.86093,44.1054],[2.86077,44.10627],[2.85924,44.10776],[2.85936,44.10855],[2.85757,44.11124],[2.85659,44.11203],[2.85527,44.11427],[2.85264,44.11593],[2.85158,44.12015],[2.85297,44.12123],[2.85513,44.12206],[2.8555,44.12323],[2.85834,44.12726]]]}},{"type":"Feature","id":"fr-commune-12154","properties":{"id":"fr-commune-12154","name":"Montlaur","kind":"commune","center":[2.8339,43.8673],"code":"12154","department":"12"},"bbox":[2.78464,43.82834,2.88313,43.90627],"geometry":{"type":"Polygon","coordinates":[[[2.80488,43.89802],[2.80711,43.89872],[2.80858,43.89855],[2.81265,43.89889],[2.81407,43.89732],[2.81602,43.89338],[2.8173,43.89364],[2.81819,43.89592],[2.8219,43.89713],[2.82297,43.89862],[2.82681,43.89659],[2.82887,43.89732],[2.83204,43.89801],[2.83401,43.89804],[2.83701,43.89732],[2.84121,43.89856],[2.84334,43.90117],[2.84507,43.90083],[2.84625,43.90118],[2.84704,43.90243],[2.84874,43.90273],[2.85062,43.9025],[2.8525,43.90472],[2.85406,43.90539],[2.85563,43.90539],[2.85882,43.90627],[2.87122,43.90579],[2.87185,43.9053],[2.87364,43.90412],[2.87469,43.90299],[2.87328,43.90124],[2.87151,43.90145],[2.86782,43.90087],[2.86682,43.90039],[2.86569,43.89891],[2.86276,43.89841],[2.86139,43.89757],[2.86033,43.89569],[2.85896,43.89532],[2.85776,43.89321],[2.85397,43.89302],[2.85058,43.89076],[2.84858,43.89039],[2.8483,43.88949],[2.84928,43.88882],[2.84842,43.88771],[2.8466,43.88633],[2.84727,43.88529],[2.84906,43.88376],[2.85061,43.88339],[2.85023,43.88199],[2.85109,43.88181],[2.85396,43.87937],[2.85812,43.87784],[2.85998,43.87609],[2.86332,43.87432],[2.86689,43.87362],[2.86988,43.87168],[2.87027,43.87111],[2.87285,43.8695],[2.87626,43.86859],[2.8778,43.86861],[2.88313,43.86697],[2.8825,43.863],[2.88211,43.86196],[2.88036,43.85946],[2.88016,43.85738],[2.88115,43.85508],[2.87982,43.85263],[2.88044,43.84929],[2.88046,43.84347],[2.87955,43.8411],[2.88008,43.83975],[2.87914,43.83827],[2.87752,43.83678],[2.87695,43.8352],[2.87247,43.83553],[2.86811,43.83515],[2.86674,43.83582],[2.8621,43.84092],[2.85703,43.83963],[2.85431,43.83864],[2.84848,43.83694],[2.84674,43.83745],[2.84551,43.83858],[2.8448,43.84055],[2.84495,43.84267],[2.84159,43.84476],[2.83977,43.84526],[2.83908,43.84638],[2.83712,43.84834],[2.83635,43.85003],[2.83546,43.85091],[2.83276,43.84796],[2.83109,43.84503],[2.82853,43.83911],[2.82869,43.83776],[2.83001,43.83638],[2.82936,43.83451],[2.82836,43.8337],[2.82416,43.83312],[2.82099,43.83189],[2.81889,43.83032],[2.81603,43.83088],[2.81379,43.83102],[2.81082,43.83166],[2.80871,43.82834],[2.80528,43.8289],[2.80262,43.8308],[2.80088,43.83173],[2.79791,43.83447],[2.79516,43.83649],[2.79509,43.83753],[2.79677,43.83895],[2.79856,43.84129],[2.7981,43.84252],[2.79833,43.84384],[2.79773,43.84547],[2.79986,43.84657],[2.79483,43.84665],[2.78974,43.84836],[2.78708,43.84909],[2.78645,43.85175],[2.78464,43.85446],[2.78693,43.85527],[2.78636,43.85806],[2.78566,43.85899],[2.7855,43.86102],[2.79182,43.86001],[2.79632,43.85896],[2.79867,43.86083],[2.80221,43.86141],[2.80363,43.86194],[2.80411,43.86364],[2.80369,43.86482],[2.80212,43.86585],[2.80239,43.86667],[2.80159,43.86789],[2.79934,43.86819],[2.79847,43.86989],[2.79855,43.87083],[2.79597,43.87426],[2.79599,43.87705],[2.79666,43.87808],[2.80242,43.87834],[2.80162,43.88072],[2.79965,43.88279],[2.79893,43.88414],[2.79574,43.88491],[2.79256,43.88605],[2.7941,43.89042],[2.79307,43.89235],[2.79577,43.89239],[2.79683,43.89309],[2.79974,43.89339],[2.80103,43.89459],[2.8034,43.89578],[2.80404,43.89766],[2.80488,43.89802]]]}},{"type":"Feature","id":"fr-commune-12155","properties":{"id":"fr-commune-12155","name":"Fondamente","kind":"commune","center":[3.1226,43.8574],"code":"12155","department":"12"},"bbox":[3.0547,43.81352,3.1906,43.90122],"geometry":{"type":"Polygon","coordinates":[[[3.15145,43.81429],[3.151,43.81375],[3.14983,43.81352],[3.14553,43.81519],[3.14103,43.81552],[3.13552,43.81655],[3.13252,43.81634],[3.12693,43.81754],[3.12252,43.81948],[3.12042,43.82076],[3.11833,43.82313],[3.1159,43.82487],[3.113,43.82742],[3.11127,43.82835],[3.10787,43.8288],[3.10541,43.82979],[3.0965,43.83276],[3.09384,43.83378],[3.09105,43.83418],[3.08678,43.83579],[3.08407,43.83576],[3.08179,43.83506],[3.07726,43.83441],[3.07167,43.83482],[3.06826,43.83539],[3.06477,43.83552],[3.06283,43.8366],[3.06079,43.83975],[3.05844,43.84012],[3.05873,43.841],[3.0611,43.84091],[3.06562,43.8414],[3.06494,43.84302],[3.06284,43.84374],[3.06267,43.84489],[3.06094,43.84642],[3.06088,43.84843],[3.06015,43.84985],[3.05974,43.85116],[3.05771,43.85245],[3.0547,43.85577],[3.05481,43.85652],[3.05891,43.85964],[3.05958,43.86093],[3.05948,43.86195],[3.06084,43.86269],[3.06212,43.86521],[3.06483,43.86514],[3.06946,43.87372],[3.07058,43.87735],[3.07151,43.87829],[3.06844,43.87924],[3.0697,43.88063],[3.07265,43.88079],[3.07406,43.88117],[3.07386,43.88307],[3.07455,43.88418],[3.07627,43.885],[3.07885,43.88809],[3.08226,43.88884],[3.084,43.88992],[3.08563,43.88803],[3.08699,43.88922],[3.09256,43.89228],[3.09374,43.89226],[3.09627,43.89134],[3.09784,43.89128],[3.10071,43.89028],[3.10256,43.88909],[3.10555,43.88807],[3.10836,43.88754],[3.10692,43.88576],[3.11009,43.8842],[3.11286,43.88813],[3.11437,43.88942],[3.11594,43.88955],[3.1172,43.8917],[3.1184,43.89247],[3.11873,43.89387],[3.12022,43.89452],[3.12295,43.89626],[3.12527,43.89834],[3.12732,43.8983],[3.12996,43.89709],[3.13241,43.89641],[3.13264,43.8985],[3.13433,43.90032],[3.1362,43.90122],[3.13817,43.90116],[3.14074,43.9001],[3.14449,43.89927],[3.14417,43.89834],[3.14723,43.89789],[3.14797,43.89393],[3.14883,43.89178],[3.14931,43.88966],[3.15014,43.88859],[3.14976,43.88764],[3.14938,43.88435],[3.15273,43.88353],[3.15418,43.88422],[3.15391,43.88631],[3.15577,43.8846],[3.15628,43.88257],[3.15767,43.88121],[3.15959,43.88004],[3.16296,43.87911],[3.16806,43.87861],[3.17063,43.8786],[3.1718,43.87775],[3.17539,43.87653],[3.17529,43.87606],[3.17967,43.87425],[3.1833,43.87455],[3.18762,43.87362],[3.18871,43.87079],[3.1906,43.86741],[3.18915,43.86646],[3.18686,43.86618],[3.18611,43.86549],[3.18403,43.86531],[3.18198,43.86457],[3.18075,43.86502],[3.17705,43.86554],[3.17439,43.86451],[3.17293,43.86573],[3.16783,43.86571],[3.16451,43.86464],[3.1635,43.86276],[3.16142,43.8604],[3.14737,43.84512],[3.14548,43.84626],[3.13799,43.84753],[3.13413,43.84829],[3.13264,43.84894],[3.13015,43.84781],[3.12862,43.84544],[3.12737,43.84482],[3.12523,43.84523],[3.12157,43.84375],[3.12161,43.84264],[3.12277,43.84097],[3.12388,43.84024],[3.12386,43.83866],[3.12314,43.83812],[3.12377,43.83703],[3.12355,43.83581],[3.12424,43.83515],[3.12622,43.83454],[3.1298,43.8308],[3.13045,43.829],[3.13261,43.82831],[3.13473,43.82619],[3.13733,43.82504],[3.14128,43.82445],[3.14322,43.82346],[3.14582,43.81942],[3.14839,43.81833],[3.15107,43.81594],[3.15145,43.81429]]]}},{"type":"Feature","id":"fr-commune-12156","properties":{"id":"fr-commune-12156","name":"Montpeyroux","kind":"commune","center":[2.7769,44.6324],"code":"12156","department":"12"},"bbox":[2.70138,44.59089,2.85209,44.67383],"geometry":{"type":"Polygon","coordinates":[[[2.75092,44.59498],[2.74781,44.59597],[2.74565,44.59612],[2.74521,44.59738],[2.74656,44.59925],[2.74626,44.60102],[2.74681,44.60365],[2.74824,44.60441],[2.74969,44.60658],[2.74985,44.60738],[2.74874,44.60828],[2.74873,44.60948],[2.75015,44.61037],[2.75221,44.61054],[2.7571,44.612],[2.75909,44.61287],[2.76321,44.61679],[2.7628,44.61845],[2.76143,44.62046],[2.75968,44.62061],[2.75803,44.61932],[2.75529,44.61941],[2.75358,44.62004],[2.75112,44.61929],[2.75039,44.62255],[2.75064,44.62347],[2.75306,44.62347],[2.75335,44.62474],[2.75177,44.62681],[2.74901,44.62656],[2.74708,44.62546],[2.74868,44.62486],[2.75003,44.62306],[2.7458,44.62043],[2.74389,44.62134],[2.74191,44.61941],[2.74067,44.61873],[2.73907,44.62037],[2.7371,44.62164],[2.73405,44.62293],[2.73279,44.62273],[2.73126,44.62346],[2.72967,44.62578],[2.72747,44.6242],[2.726,44.62423],[2.724,44.62524],[2.72532,44.62644],[2.72238,44.62732],[2.71648,44.62611],[2.71525,44.62614],[2.71328,44.62382],[2.71242,44.62398],[2.70951,44.62249],[2.70744,44.6239],[2.707,44.62543],[2.70554,44.62708],[2.70931,44.62891],[2.71055,44.6291],[2.70786,44.63129],[2.70724,44.63248],[2.70469,44.63564],[2.70424,44.63923],[2.70584,44.64256],[2.70413,44.64523],[2.70482,44.64604],[2.70449,44.64944],[2.70491,44.65213],[2.70287,44.65553],[2.70138,44.65605],[2.70144,44.65685],[2.70372,44.65681],[2.70521,44.65732],[2.70764,44.65731],[2.70813,44.65863],[2.70957,44.6597],[2.71447,44.66206],[2.71629,44.66332],[2.71855,44.66274],[2.72003,44.66324],[2.72091,44.66195],[2.72206,44.66139],[2.72458,44.66238],[2.72497,44.66349],[2.72755,44.66181],[2.72904,44.6612],[2.72888,44.65959],[2.73149,44.65991],[2.73249,44.65896],[2.73191,44.65629],[2.72957,44.65649],[2.72744,44.6538],[2.7281,44.65293],[2.72733,44.65136],[2.72782,44.65102],[2.73123,44.65264],[2.73217,44.65273],[2.73761,44.65236],[2.73762,44.65002],[2.73884,44.64927],[2.73983,44.65043],[2.73909,44.65146],[2.74017,44.65233],[2.74171,44.65236],[2.74257,44.65178],[2.74483,44.65291],[2.74651,44.65255],[2.74789,44.65323],[2.74834,44.65498],[2.75024,44.6571],[2.74993,44.65832],[2.75182,44.65934],[2.75325,44.66073],[2.75554,44.65943],[2.75801,44.65975],[2.76097,44.65931],[2.76183,44.65964],[2.76247,44.66178],[2.76433,44.66426],[2.76516,44.66401],[2.76977,44.66603],[2.77155,44.6664],[2.77359,44.66561],[2.77493,44.66405],[2.77616,44.66396],[2.77904,44.66291],[2.7801,44.66291],[2.78233,44.66158],[2.78715,44.66041],[2.7904,44.6587],[2.79208,44.65889],[2.79299,44.65991],[2.79353,44.66474],[2.79565,44.66559],[2.79776,44.66945],[2.79996,44.67],[2.80143,44.67196],[2.80484,44.67289],[2.80523,44.67383],[2.80694,44.67291],[2.80949,44.67322],[2.8109,44.6729],[2.81247,44.67078],[2.81369,44.6707],[2.81429,44.66942],[2.81676,44.66739],[2.81666,44.66624],[2.81754,44.66486],[2.81902,44.66416],[2.82011,44.66254],[2.82009,44.66152],[2.82148,44.65992],[2.82082,44.65706],[2.82098,44.65509],[2.82263,44.65676],[2.82622,44.65912],[2.82736,44.66019],[2.82958,44.65888],[2.83217,44.65968],[2.83595,44.65993],[2.8405,44.65955],[2.84821,44.66112],[2.84717,44.66009],[2.84497,44.65908],[2.8442,44.65796],[2.84482,44.65661],[2.84604,44.65569],[2.84549,44.65447],[2.84436,44.65051],[2.84378,44.64962],[2.84352,44.64738],[2.84166,44.64521],[2.84061,44.64452],[2.83835,44.64135],[2.8379,44.63927],[2.83872,44.63813],[2.83999,44.63754],[2.84303,44.63681],[2.84495,44.63677],[2.84795,44.63545],[2.84613,44.63412],[2.84621,44.63135],[2.84823,44.63133],[2.84792,44.62879],[2.84948,44.62859],[2.84988,44.62744],[2.85209,44.62604],[2.85188,44.62299],[2.8508,44.62187],[2.85006,44.62003],[2.84648,44.61913],[2.8462,44.61841],[2.8437,44.61841],[2.84349,44.61736],[2.8419,44.61725],[2.84112,44.61474],[2.84019,44.61357],[2.83851,44.61319],[2.83776,44.6123],[2.83566,44.61137],[2.82932,44.60972],[2.82915,44.60864],[2.83144,44.60814],[2.8309,44.60651],[2.82912,44.60514],[2.82966,44.60412],[2.82769,44.60256],[2.82979,44.60196],[2.82783,44.60073],[2.82788,44.59985],[2.8265,44.597],[2.82432,44.59679],[2.82378,44.59515],[2.82202,44.59549],[2.82141,44.59445],[2.81946,44.59425],[2.82054,44.59273],[2.81859,44.59089],[2.81727,44.59301],[2.81274,44.59439],[2.80834,44.59528],[2.80681,44.59519],[2.80535,44.59681],[2.80381,44.59759],[2.80008,44.59622],[2.79676,44.596],[2.79554,44.60107],[2.7966,44.60309],[2.79665,44.604],[2.79559,44.60606],[2.7997,44.60645],[2.80414,44.60803],[2.80565,44.60927],[2.8059,44.61034],[2.80404,44.61075],[2.80342,44.61165],[2.80421,44.61241],[2.80226,44.61468],[2.80494,44.61527],[2.80288,44.61696],[2.8008,44.61802],[2.79853,44.61762],[2.79701,44.6187],[2.79424,44.61652],[2.79714,44.61496],[2.79649,44.61273],[2.79452,44.61093],[2.79383,44.6083],[2.79153,44.60751],[2.78807,44.60814],[2.78642,44.60715],[2.7839,44.60698],[2.78221,44.60787],[2.78089,44.60915],[2.77978,44.60915],[2.77707,44.61076],[2.77464,44.61079],[2.77401,44.61005],[2.77262,44.61032],[2.77146,44.60816],[2.76973,44.60833],[2.76826,44.60674],[2.7666,44.60762],[2.76458,44.60592],[2.76296,44.60603],[2.76041,44.60423],[2.76072,44.60339],[2.75955,44.60194],[2.75762,44.60181],[2.75344,44.5982],[2.75277,44.59545],[2.75092,44.59498]]]}},{"type":"Feature","id":"fr-commune-12157","properties":{"id":"fr-commune-12157","name":"Montrozier","kind":"commune","center":[2.7088,44.3859],"code":"12157","department":"12"},"bbox":[2.6509,44.33449,2.76665,44.4374],"geometry":{"type":"Polygon","coordinates":[[[2.66696,44.42346],[2.66999,44.42164],[2.67171,44.4219],[2.67745,44.4236],[2.68147,44.42297],[2.68329,44.42208],[2.68488,44.42178],[2.68793,44.42219],[2.69197,44.42089],[2.69648,44.42091],[2.70123,44.41882],[2.70246,44.42294],[2.70409,44.42283],[2.7046,44.42377],[2.70692,44.42354],[2.70743,44.42502],[2.70907,44.42479],[2.7109,44.42578],[2.71153,44.42668],[2.70934,44.42709],[2.7101,44.42835],[2.71279,44.42681],[2.71333,44.4277],[2.71174,44.42853],[2.71244,44.42934],[2.71461,44.42919],[2.72159,44.43107],[2.7247,44.43111],[2.73004,44.42963],[2.73469,44.43001],[2.73729,44.42966],[2.73795,44.42885],[2.73942,44.42946],[2.74312,44.42851],[2.74415,44.43102],[2.74538,44.43241],[2.74652,44.43465],[2.749,44.4374],[2.75451,44.43633],[2.75516,44.43542],[2.75705,44.43543],[2.75855,44.43475],[2.75941,44.4333],[2.75858,44.43197],[2.75731,44.43161],[2.75653,44.43015],[2.75659,44.42791],[2.75605,44.42625],[2.7545,44.42453],[2.75315,44.42382],[2.75402,44.42311],[2.75753,44.42296],[2.75757,44.42069],[2.7567,44.41977],[2.75744,44.41825],[2.75859,44.41741],[2.76291,44.41689],[2.76502,44.41616],[2.76665,44.41454],[2.76607,44.41384],[2.76618,44.41163],[2.76558,44.41138],[2.76541,44.40823],[2.76622,44.40808],[2.76635,44.40598],[2.76454,44.40538],[2.76501,44.40309],[2.76361,44.4015],[2.76205,44.40157],[2.75952,44.40015],[2.75939,44.39796],[2.75988,44.39674],[2.75733,44.3964],[2.75645,44.39564],[2.75511,44.3963],[2.75428,44.3945],[2.75495,44.39227],[2.75354,44.38895],[2.75252,44.38747],[2.75287,44.38597],[2.75256,44.38485],[2.75316,44.38126],[2.75258,44.37852],[2.75081,44.37594],[2.75159,44.372],[2.75275,44.36857],[2.75236,44.36619],[2.75009,44.3563],[2.75126,44.35332],[2.75219,44.35165],[2.75193,44.35102],[2.75392,44.34621],[2.75309,44.34473],[2.75352,44.3431],[2.75232,44.34234],[2.75206,44.3413],[2.75258,44.33933],[2.75432,44.33668],[2.75451,44.33586],[2.75315,44.33545],[2.75027,44.33578],[2.74657,44.33511],[2.74464,44.33568],[2.7437,44.33671],[2.74074,44.33768],[2.73466,44.3371],[2.73172,44.33586],[2.72705,44.33449],[2.72631,44.33536],[2.72663,44.3368],[2.72533,44.33974],[2.72896,44.33984],[2.72929,44.34094],[2.73087,44.34305],[2.73226,44.34434],[2.73467,44.34808],[2.73601,44.35131],[2.73576,44.3523],[2.73197,44.35685],[2.73105,44.35952],[2.72768,44.36277],[2.72163,44.3676],[2.716,44.3705],[2.70681,44.37418],[2.70306,44.37543],[2.70336,44.37761],[2.70218,44.37916],[2.70062,44.37924],[2.69905,44.3787],[2.69866,44.37713],[2.69405,44.38038],[2.69141,44.38156],[2.69072,44.38242],[2.69054,44.38386],[2.6891,44.384],[2.68728,44.3836],[2.68604,44.38526],[2.68571,44.38815],[2.68368,44.38888],[2.68214,44.38983],[2.6809,44.38883],[2.6798,44.38913],[2.67696,44.38721],[2.67518,44.38923],[2.67669,44.39022],[2.67822,44.39198],[2.67678,44.39402],[2.67489,44.39456],[2.6746,44.39648],[2.67282,44.39782],[2.6703,44.39769],[2.66936,44.39877],[2.66766,44.3985],[2.66773,44.4003],[2.67038,44.40007],[2.66945,44.40206],[2.67246,44.40233],[2.67263,44.40437],[2.66996,44.40517],[2.67067,44.40705],[2.66414,44.40842],[2.66046,44.41135],[2.65599,44.41325],[2.6543,44.41445],[2.6509,44.41504],[2.65897,44.41773],[2.66084,44.41861],[2.66696,44.42346]]]}},{"type":"Feature","id":"fr-commune-12158","properties":{"id":"fr-commune-12158","name":"Montsalès","kind":"commune","center":[1.9784,44.4848],"code":"12158","department":"12"},"bbox":[1.94197,44.47019,2.01489,44.49935],"geometry":{"type":"Polygon","coordinates":[[[1.95956,44.49934],[1.96017,44.4993],[1.96172,44.4975],[1.96391,44.49693],[1.96541,44.49774],[1.96602,44.49672],[1.97165,44.49676],[1.97233,44.49751],[1.97517,44.49819],[1.97759,44.49737],[1.97861,44.4977],[1.97983,44.4971],[1.98217,44.49793],[1.98395,44.49747],[1.98692,44.49817],[1.98924,44.49935],[1.99292,44.49744],[1.999,44.49545],[1.99839,44.49389],[2.00104,44.49133],[2.0108,44.48728],[2.01227,44.48634],[2.01489,44.48551],[2.01452,44.48422],[2.01237,44.48417],[2.00956,44.48207],[2.00766,44.48097],[2.00709,44.47984],[2.0048,44.4782],[2.0036,44.47344],[2.00195,44.47177],[1.99638,44.47259],[1.99298,44.47353],[1.98924,44.47629],[1.98701,44.47554],[1.98655,44.47476],[1.97949,44.47235],[1.97806,44.4746],[1.97804,44.47589],[1.97704,44.47717],[1.97292,44.47578],[1.97284,44.47268],[1.97306,44.47019],[1.97114,44.47023],[1.97097,44.47301],[1.96737,44.47415],[1.96556,44.47393],[1.96212,44.47281],[1.95934,44.47388],[1.95784,44.47341],[1.95541,44.47411],[1.95292,44.47565],[1.95185,44.47582],[1.94982,44.47774],[1.94935,44.47869],[1.94707,44.47819],[1.9462,44.4822],[1.94197,44.48591],[1.94387,44.48846],[1.94541,44.49136],[1.94474,44.49216],[1.94403,44.49453],[1.95101,44.49886],[1.9536,44.49855],[1.95956,44.49934]]]}},{"type":"Feature","id":"fr-commune-12159","properties":{"id":"fr-commune-12159","name":"Morlhon-le-Haut","kind":"commune","center":[2.0785,44.3245],"code":"12159","department":"12"},"bbox":[2.03963,44.29098,2.11738,44.35753],"geometry":{"type":"Polygon","coordinates":[[[2.05054,44.31075],[2.04496,44.31227],[2.04345,44.31314],[2.04426,44.31475],[2.04483,44.31694],[2.04793,44.31809],[2.04219,44.32277],[2.04009,44.3232],[2.0403,44.32512],[2.04102,44.3269],[2.04112,44.32853],[2.03991,44.33001],[2.03963,44.33109],[2.04213,44.33358],[2.04226,44.3346],[2.04369,44.33552],[2.04652,44.33223],[2.04786,44.33267],[2.05055,44.33419],[2.05157,44.33405],[2.05757,44.33235],[2.0627,44.33201],[2.06409,44.33218],[2.07075,44.33444],[2.07074,44.33499],[2.0748,44.33666],[2.07337,44.34009],[2.07375,44.34114],[2.07351,44.34353],[2.07402,44.34518],[2.07517,44.34701],[2.07651,44.34999],[2.0747,44.35705],[2.07603,44.35753],[2.07822,44.35604],[2.08012,44.3572],[2.08279,44.35447],[2.08352,44.35336],[2.08615,44.35097],[2.08848,44.34988],[2.09205,44.34571],[2.09499,44.34338],[2.09508,44.3406],[2.09651,44.33916],[2.09618,44.33775],[2.09938,44.33832],[2.10691,44.33444],[2.10704,44.33383],[2.10952,44.3321],[2.11483,44.32424],[2.11552,44.32438],[2.11738,44.32278],[2.11375,44.3227],[2.11242,44.3208],[2.1089,44.31959],[2.10682,44.31968],[2.10602,44.31801],[2.10909,44.31771],[2.11294,44.31605],[2.11006,44.3145],[2.11118,44.31331],[2.11381,44.31229],[2.11404,44.30927],[2.10985,44.30549],[2.10777,44.30533],[2.1049,44.30288],[2.10502,44.30113],[2.10694,44.3],[2.10599,44.29926],[2.10305,44.29956],[2.1058,44.29542],[2.10736,44.29502],[2.10896,44.29282],[2.10784,44.29224],[2.10414,44.29304],[2.10322,44.29251],[2.10004,44.29207],[2.09403,44.29098],[2.09076,44.29207],[2.09104,44.29496],[2.08932,44.29523],[2.08643,44.29926],[2.08504,44.29926],[2.07916,44.30193],[2.078,44.30373],[2.0765,44.30425],[2.07502,44.30595],[2.07246,44.30681],[2.07061,44.30832],[2.06799,44.30929],[2.06014,44.30825],[2.05054,44.31075]]]}},{"type":"Feature","id":"fr-commune-12160","properties":{"id":"fr-commune-12160","name":"Mostuéjouls","kind":"commune","center":[3.1842,44.2333],"code":"12160","department":"12"},"bbox":[3.13809,44.19003,3.23056,44.2765],"geometry":{"type":"Polygon","coordinates":[[[3.20423,44.19354],[3.20065,44.19413],[3.19816,44.195],[3.19712,44.19626],[3.19503,44.19739],[3.19213,44.19838],[3.1903,44.19782],[3.19051,44.19573],[3.18896,44.19483],[3.18459,44.19532],[3.18312,44.19581],[3.18272,44.19418],[3.1812,44.19238],[3.18072,44.19119],[3.17927,44.19218],[3.17806,44.19062],[3.17699,44.19114],[3.1751,44.19304],[3.17338,44.19289],[3.17329,44.19003],[3.17141,44.19114],[3.16998,44.1926],[3.17008,44.19363],[3.16826,44.19548],[3.16773,44.19748],[3.16843,44.1985],[3.17033,44.19988],[3.16958,44.20103],[3.16588,44.20029],[3.1604,44.2006],[3.16286,44.20209],[3.16476,44.2041],[3.16667,44.20517],[3.16675,44.20661],[3.16427,44.20874],[3.16315,44.20938],[3.16177,44.21331],[3.15758,44.21851],[3.15407,44.222],[3.15302,44.22395],[3.15011,44.2244],[3.14856,44.22518],[3.14684,44.22438],[3.14468,44.22551],[3.14453,44.22634],[3.14233,44.22641],[3.14087,44.22736],[3.14015,44.22944],[3.13809,44.22986],[3.13856,44.23078],[3.13997,44.23101],[3.13987,44.23232],[3.13879,44.23387],[3.14113,44.23369],[3.14156,44.23195],[3.14242,44.23073],[3.14391,44.23149],[3.14734,44.23415],[3.14831,44.23532],[3.14845,44.23765],[3.14731,44.23809],[3.14779,44.24018],[3.14771,44.24163],[3.14942,44.24386],[3.15145,44.24569],[3.14866,44.24751],[3.15062,44.24885],[3.15075,44.24942],[3.1494,44.25169],[3.14907,44.2544],[3.14754,44.25742],[3.14563,44.25982],[3.14401,44.26019],[3.14012,44.25936],[3.13959,44.26093],[3.14023,44.26188],[3.13968,44.26345],[3.1383,44.26389],[3.13954,44.26642],[3.14201,44.26961],[3.14208,44.27046],[3.14347,44.27153],[3.14351,44.27384],[3.1444,44.2761],[3.14724,44.2765],[3.14969,44.2755],[3.15325,44.27441],[3.15471,44.27294],[3.15534,44.26838],[3.15638,44.26538],[3.1574,44.26367],[3.15822,44.26347],[3.15892,44.26154],[3.15963,44.26112],[3.15998,44.25897],[3.15909,44.25495],[3.15731,44.25224],[3.15737,44.25021],[3.15837,44.24929],[3.1605,44.24596],[3.16176,44.24466],[3.16442,44.24346],[3.16683,44.24468],[3.16843,44.24514],[3.17409,44.24511],[3.17987,44.24567],[3.18239,44.24633],[3.18485,44.24774],[3.18791,44.2476],[3.18988,44.24647],[3.19092,44.24443],[3.19092,44.24318],[3.19216,44.24211],[3.19283,44.24067],[3.19756,44.24089],[3.20117,44.23984],[3.20325,44.23829],[3.20305,44.2378],[3.20683,44.23626],[3.20952,44.23457],[3.21092,44.23413],[3.21334,44.23466],[3.21793,44.23324],[3.21858,44.23257],[3.22125,44.23122],[3.22402,44.23014],[3.22589,44.23048],[3.23056,44.23026],[3.22981,44.22799],[3.22962,44.22569],[3.22769,44.22371],[3.224,44.22191],[3.22332,44.22011],[3.22387,44.21715],[3.22494,44.21494],[3.2251,44.21322],[3.22458,44.21188],[3.22114,44.20781],[3.2202,44.2059],[3.21917,44.20467],[3.21799,44.20348],[3.216,44.20231],[3.21469,44.20087],[3.21425,44.19879],[3.2119,44.19543],[3.20995,44.19435],[3.20732,44.19337],[3.20423,44.19354]]]}},{"type":"Feature","id":"fr-commune-12161","properties":{"id":"fr-commune-12161","name":"Mouret","kind":"commune","center":[2.5174,44.5154],"code":"12161","department":"12"},"bbox":[2.46165,44.47821,2.57307,44.55252],"geometry":{"type":"Polygon","coordinates":[[[2.46625,44.51773],[2.46944,44.51847],[2.47058,44.51816],[2.47119,44.51611],[2.47257,44.51409],[2.47467,44.513],[2.47731,44.51418],[2.47857,44.51548],[2.48025,44.51467],[2.48404,44.5133],[2.48714,44.51314],[2.48963,44.51334],[2.49188,44.51418],[2.49238,44.51573],[2.49679,44.51814],[2.49602,44.51951],[2.49874,44.52013],[2.50034,44.51973],[2.50212,44.51765],[2.50177,44.51636],[2.50329,44.51582],[2.5062,44.51565],[2.50765,44.51502],[2.50922,44.51514],[2.50998,44.51631],[2.51141,44.51748],[2.51106,44.51869],[2.51202,44.52012],[2.51198,44.52126],[2.514,44.52267],[2.51681,44.52366],[2.51773,44.525],[2.5174,44.52657],[2.51847,44.52776],[2.5196,44.52742],[2.52092,44.52813],[2.51993,44.53252],[2.52094,44.53512],[2.5222,44.53622],[2.52569,44.53811],[2.52636,44.5407],[2.52532,44.54179],[2.52545,44.54372],[2.52671,44.54269],[2.52847,44.54247],[2.53011,44.54289],[2.53023,44.54421],[2.53244,44.54524],[2.5356,44.54533],[2.53642,44.5474],[2.53994,44.54686],[2.54177,44.54838],[2.54209,44.54968],[2.54347,44.55143],[2.54544,44.55176],[2.54831,44.55126],[2.54951,44.552],[2.55254,44.55179],[2.55422,44.55252],[2.55708,44.55233],[2.55985,44.55009],[2.56029,44.54817],[2.56117,44.54727],[2.56255,44.54401],[2.56334,44.54338],[2.56258,44.54059],[2.5633,44.53866],[2.56276,44.53755],[2.56038,44.53563],[2.55984,44.53426],[2.56051,44.53312],[2.55979,44.53132],[2.56064,44.52927],[2.56296,44.52886],[2.56298,44.52781],[2.56434,44.52686],[2.56437,44.52466],[2.56656,44.52273],[2.56736,44.52113],[2.56835,44.52018],[2.57138,44.52017],[2.57307,44.51972],[2.57184,44.51794],[2.57052,44.51749],[2.56963,44.51601],[2.56884,44.51603],[2.56572,44.51484],[2.56506,44.51397],[2.56335,44.51305],[2.56209,44.51015],[2.55969,44.50845],[2.55949,44.50754],[2.55768,44.50631],[2.55546,44.5064],[2.55346,44.50734],[2.55229,44.50701],[2.55105,44.50802],[2.54596,44.50923],[2.5449,44.50652],[2.54602,44.50399],[2.54444,44.50324],[2.54413,44.5022],[2.54229,44.50219],[2.54365,44.50058],[2.54369,44.49755],[2.54154,44.49778],[2.53182,44.50007],[2.52645,44.49772],[2.52707,44.49561],[2.52789,44.4958],[2.52985,44.49383],[2.53309,44.4938],[2.53592,44.49334],[2.53604,44.49226],[2.52883,44.4921],[2.52641,44.49179],[2.52489,44.49111],[2.52309,44.49129],[2.5177,44.48984],[2.51417,44.48856],[2.51294,44.48728],[2.51097,44.48758],[2.51011,44.48702],[2.50652,44.48584],[2.50513,44.48574],[2.50163,44.48389],[2.49885,44.48211],[2.49828,44.48119],[2.4963,44.47942],[2.4945,44.47923],[2.4915,44.47821],[2.49232,44.47921],[2.49113,44.48074],[2.49018,44.48078],[2.49032,44.48294],[2.48762,44.48332],[2.48819,44.4852],[2.48959,44.48655],[2.49006,44.49003],[2.48969,44.49391],[2.4878,44.49581],[2.4863,44.4966],[2.48449,44.49528],[2.48255,44.49497],[2.47774,44.49468],[2.47677,44.49262],[2.47355,44.4943],[2.46966,44.49561],[2.46991,44.49638],[2.46841,44.49689],[2.46727,44.49805],[2.46678,44.50029],[2.46544,44.50159],[2.46342,44.50222],[2.4623,44.50407],[2.46165,44.50593],[2.46193,44.50659],[2.46411,44.50832],[2.46509,44.51134],[2.46368,44.51308],[2.46458,44.51389],[2.46861,44.51379],[2.46656,44.515],[2.46506,44.51632],[2.46625,44.51773]]]}},{"type":"Feature","id":"fr-commune-12162","properties":{"id":"fr-commune-12162","name":"Moyrazès","kind":"commune","center":[2.429,44.328],"code":"12162","department":"12"},"bbox":[2.37732,44.28696,2.48067,44.36906],"geometry":{"type":"Polygon","coordinates":[[[2.42136,44.28754],[2.41903,44.29017],[2.41753,44.28976],[2.40913,44.2947],[2.4035,44.29594],[2.40218,44.29593],[2.39957,44.29818],[2.39863,44.3],[2.39879,44.30345],[2.39819,44.30508],[2.39899,44.30684],[2.39902,44.30972],[2.39802,44.31145],[2.39738,44.31371],[2.39523,44.31628],[2.39363,44.31751],[2.39044,44.31925],[2.38894,44.32092],[2.38494,44.32291],[2.38397,44.32297],[2.38258,44.32877],[2.38277,44.33205],[2.38344,44.33577],[2.38179,44.3373],[2.37878,44.33863],[2.37732,44.339],[2.37776,44.34038],[2.37902,44.34245],[2.38144,44.3441],[2.38131,44.34491],[2.38003,44.34618],[2.37927,44.34829],[2.38102,44.34961],[2.38182,44.35125],[2.38053,44.35272],[2.38028,44.35365],[2.3784,44.35529],[2.37828,44.35898],[2.37875,44.36005],[2.38092,44.36071],[2.38241,44.36177],[2.3842,44.3611],[2.38717,44.35848],[2.38863,44.36],[2.3912,44.36031],[2.38976,44.36248],[2.38936,44.3643],[2.39211,44.36581],[2.39494,44.36723],[2.39735,44.36694],[2.40109,44.36383],[2.4012,44.36291],[2.40281,44.3608],[2.40397,44.36096],[2.40524,44.3626],[2.40676,44.36383],[2.40663,44.36642],[2.4079,44.36834],[2.40946,44.36906],[2.41069,44.36892],[2.41329,44.36505],[2.41503,44.3642],[2.4186,44.36365],[2.41953,44.36241],[2.41987,44.35993],[2.42072,44.3588],[2.42322,44.35657],[2.42722,44.3552],[2.42836,44.35576],[2.42965,44.35746],[2.43004,44.35871],[2.4298,44.36095],[2.4305,44.36113],[2.43434,44.35931],[2.43652,44.35942],[2.43892,44.36237],[2.44055,44.36159],[2.44044,44.3585],[2.44076,44.35696],[2.44229,44.35396],[2.4441,44.353],[2.44751,44.35195],[2.45192,44.35106],[2.45538,44.3492],[2.45643,44.34948],[2.45595,44.35113],[2.45645,44.35249],[2.45636,44.35485],[2.45721,44.35584],[2.45927,44.35551],[2.46004,44.35478],[2.46081,44.35166],[2.46365,44.34949],[2.4641,44.34865],[2.46363,44.34725],[2.46143,44.3453],[2.4612,44.34305],[2.46024,44.34259],[2.46095,44.34141],[2.46336,44.33978],[2.46779,44.33934],[2.46918,44.33899],[2.47077,44.33945],[2.47383,44.33958],[2.47828,44.33863],[2.48018,44.33786],[2.48053,44.33702],[2.47999,44.33529],[2.48067,44.33438],[2.47834,44.33309],[2.47819,44.33175],[2.47655,44.33109],[2.47676,44.32955],[2.47783,44.32943],[2.47614,44.32742],[2.4749,44.32691],[2.47246,44.32473],[2.4722,44.3238],[2.47058,44.3223],[2.47047,44.32064],[2.47078,44.31744],[2.47234,44.3173],[2.47606,44.31641],[2.47829,44.31478],[2.47973,44.31202],[2.47869,44.31064],[2.47947,44.30926],[2.47802,44.30878],[2.47768,44.30768],[2.47649,44.30736],[2.47653,44.30643],[2.47546,44.30547],[2.47228,44.30522],[2.46983,44.3056],[2.46906,44.30432],[2.46716,44.30243],[2.46473,44.30253],[2.46387,44.30174],[2.46384,44.2997],[2.46293,44.29874],[2.45915,44.29685],[2.45881,44.29634],[2.45661,44.29567],[2.45636,44.29466],[2.45269,44.29288],[2.45154,44.29274],[2.44965,44.29363],[2.44601,44.2945],[2.4433,44.29424],[2.44012,44.29434],[2.43832,44.29291],[2.43751,44.2916],[2.43757,44.29057],[2.43668,44.28945],[2.43321,44.28806],[2.43167,44.2878],[2.42978,44.28696],[2.42453,44.28758],[2.42136,44.28754]]]}},{"type":"Feature","id":"fr-commune-12163","properties":{"id":"fr-commune-12163","name":"Murasson","kind":"commune","center":[2.7767,43.7606],"code":"12163","department":"12"},"bbox":[2.69506,43.72898,2.85824,43.79169],"geometry":{"type":"Polygon","coordinates":[[[2.78126,43.73692],[2.77573,43.73674],[2.7733,43.73609],[2.77083,43.73504],[2.76688,43.73481],[2.76594,43.73454],[2.76363,43.73247],[2.7578,43.73255],[2.75388,43.73315],[2.74971,43.73251],[2.74809,43.73253],[2.74514,43.73164],[2.74248,43.72898],[2.74048,43.72899],[2.73684,43.72966],[2.73535,43.73099],[2.73184,43.73276],[2.73158,43.73441],[2.73073,43.73514],[2.72711,43.73724],[2.72428,43.73839],[2.72046,43.73913],[2.71766,43.74125],[2.71465,43.74144],[2.71231,43.74262],[2.70913,43.74331],[2.70523,43.74201],[2.69976,43.7429],[2.69586,43.7428],[2.69506,43.7434],[2.69676,43.74362],[2.69917,43.74502],[2.70254,43.74637],[2.71075,43.74778],[2.70828,43.74989],[2.70741,43.75332],[2.70676,43.75491],[2.70702,43.75685],[2.7062,43.75845],[2.70606,43.75992],[2.70709,43.76241],[2.70703,43.7663],[2.70775,43.76754],[2.71095,43.76635],[2.7097,43.7637],[2.71204,43.76542],[2.71409,43.7651],[2.71562,43.76334],[2.71419,43.76245],[2.71563,43.75669],[2.71519,43.75426],[2.71637,43.75299],[2.71562,43.75168],[2.71591,43.74837],[2.71949,43.74562],[2.72116,43.74549],[2.72278,43.74592],[2.72411,43.74878],[2.72524,43.75035],[2.72581,43.75505],[2.7269,43.75897],[2.72577,43.76275],[2.72539,43.76601],[2.72363,43.77105],[2.72345,43.77228],[2.72192,43.77483],[2.7215,43.77691],[2.72387,43.77997],[2.72207,43.78376],[2.71988,43.78593],[2.71788,43.78853],[2.71897,43.79033],[2.71876,43.79123],[2.72168,43.79136],[2.72575,43.79104],[2.72846,43.79001],[2.73253,43.78982],[2.73563,43.78874],[2.73609,43.7899],[2.73767,43.79169],[2.7387,43.79161],[2.74014,43.79005],[2.74151,43.7892],[2.74275,43.78745],[2.74467,43.78603],[2.74816,43.78483],[2.74874,43.78414],[2.75064,43.78411],[2.75256,43.78454],[2.75424,43.7843],[2.7557,43.78477],[2.75827,43.7839],[2.76257,43.78401],[2.76475,43.78524],[2.76648,43.78658],[2.76723,43.78664],[2.77299,43.78529],[2.77459,43.78643],[2.7764,43.78657],[2.77896,43.78625],[2.78167,43.78731],[2.78256,43.78699],[2.78526,43.78494],[2.78907,43.78425],[2.79168,43.78448],[2.79563,43.78557],[2.7998,43.78569],[2.80142,43.78395],[2.80428,43.78286],[2.80114,43.77972],[2.79622,43.77669],[2.79531,43.77549],[2.79381,43.77491],[2.79232,43.77197],[2.79588,43.77257],[2.8005,43.77225],[2.80368,43.77151],[2.80538,43.77172],[2.80776,43.77259],[2.81015,43.77299],[2.81083,43.77345],[2.81405,43.7742],[2.81608,43.77413],[2.81732,43.77459],[2.81923,43.77465],[2.82008,43.77344],[2.82367,43.76973],[2.82602,43.76905],[2.82751,43.76824],[2.82753,43.76734],[2.82927,43.76743],[2.83037,43.76677],[2.83119,43.76473],[2.83098,43.76384],[2.82934,43.76157],[2.82776,43.76021],[2.8275,43.75708],[2.82903,43.75684],[2.83271,43.75744],[2.83529,43.75871],[2.83725,43.76022],[2.83862,43.75944],[2.84209,43.75929],[2.84408,43.75888],[2.8443,43.7578],[2.8462,43.75771],[2.84797,43.7565],[2.85078,43.75762],[2.85144,43.75738],[2.85225,43.75561],[2.85131,43.75422],[2.85365,43.75313],[2.85824,43.74929],[2.8537,43.74862],[2.85145,43.74886],[2.84884,43.74994],[2.84677,43.75125],[2.84418,43.75115],[2.83981,43.74979],[2.83822,43.75002],[2.83559,43.7514],[2.83228,43.75223],[2.82745,43.75488],[2.82619,43.75597],[2.82602,43.75925],[2.8245,43.76166],[2.82228,43.76223],[2.81946,43.76183],[2.81596,43.76226],[2.81297,43.76172],[2.81097,43.76085],[2.80773,43.76036],[2.80625,43.75979],[2.8036,43.75754],[2.79745,43.75534],[2.79438,43.75456],[2.79256,43.75301],[2.7902,43.75301],[2.78806,43.75262],[2.78575,43.74977],[2.78371,43.74486],[2.78248,43.74361],[2.78394,43.7408],[2.783,43.73933],[2.78251,43.73771],[2.78126,43.73692]]]}},{"type":"Feature","id":"fr-commune-12164","properties":{"id":"fr-commune-12164","name":"Mur-de-Barrez","kind":"commune","center":[2.685,44.8705],"code":"12164","department":"12"},"bbox":[2.65623,44.83227,2.71382,44.90846],"geometry":{"type":"Polygon","coordinates":[[[2.70174,44.86476],[2.70054,44.86441],[2.69851,44.86473],[2.69863,44.86383],[2.69989,44.86234],[2.69848,44.8616],[2.69818,44.8595],[2.69664,44.85893],[2.69429,44.85962],[2.68926,44.85691],[2.68741,44.85549],[2.68629,44.85419],[2.68237,44.8542],[2.68104,44.85367],[2.67902,44.85385],[2.67653,44.85157],[2.67357,44.85086],[2.6746,44.8499],[2.67264,44.84822],[2.67237,44.84634],[2.67374,44.84616],[2.67374,44.84494],[2.67285,44.84464],[2.67247,44.84232],[2.67346,44.84175],[2.67407,44.83998],[2.67534,44.83831],[2.67437,44.83704],[2.67215,44.83556],[2.67012,44.83467],[2.66873,44.83562],[2.66708,44.83396],[2.66741,44.83254],[2.66623,44.83227],[2.66501,44.83428],[2.66288,44.83617],[2.6615,44.8383],[2.66038,44.83724],[2.65863,44.8366],[2.65889,44.83884],[2.65736,44.84011],[2.65625,44.84258],[2.65878,44.84397],[2.65734,44.84645],[2.65857,44.84699],[2.6592,44.85135],[2.66079,44.85243],[2.66161,44.85229],[2.66286,44.85384],[2.66373,44.85639],[2.66303,44.85788],[2.66202,44.8581],[2.66304,44.85943],[2.66172,44.86056],[2.66246,44.8623],[2.66017,44.86484],[2.65821,44.86503],[2.65682,44.86611],[2.65698,44.87187],[2.65623,44.87242],[2.65655,44.87376],[2.6575,44.87372],[2.65872,44.87664],[2.65861,44.88019],[2.65933,44.88329],[2.65806,44.88352],[2.65824,44.88489],[2.65775,44.88635],[2.65928,44.888],[2.66168,44.88904],[2.66477,44.88974],[2.66677,44.89308],[2.66831,44.89382],[2.67072,44.89559],[2.67263,44.89899],[2.67444,44.90041],[2.67616,44.90387],[2.67767,44.90345],[2.68015,44.90426],[2.68002,44.90621],[2.68187,44.90735],[2.68313,44.90631],[2.68343,44.90496],[2.68736,44.9058],[2.68799,44.90418],[2.68924,44.90265],[2.69031,44.90215],[2.69254,44.90398],[2.69507,44.90453],[2.69708,44.90362],[2.69836,44.90414],[2.70019,44.90403],[2.70066,44.90491],[2.70212,44.90488],[2.70332,44.90587],[2.70636,44.90714],[2.7094,44.90752],[2.71122,44.90846],[2.71368,44.90302],[2.71382,44.90148],[2.71259,44.9009],[2.7091,44.89831],[2.70596,44.89688],[2.70215,44.89578],[2.69825,44.89361],[2.69733,44.8939],[2.69643,44.89282],[2.69919,44.89276],[2.70096,44.89315],[2.70166,44.89397],[2.70622,44.89337],[2.71001,44.89345],[2.70702,44.89021],[2.70553,44.88905],[2.70547,44.88678],[2.70341,44.88433],[2.70261,44.88296],[2.70102,44.88215],[2.70107,44.8807],[2.69726,44.87967],[2.69642,44.87889],[2.69644,44.87762],[2.6986,44.87814],[2.70156,44.87681],[2.70375,44.87508],[2.7034,44.87446],[2.70277,44.87079],[2.7035,44.86979],[2.70255,44.86871],[2.70235,44.86714],[2.70099,44.86657],[2.70174,44.86476]]]}},{"type":"Feature","id":"fr-commune-12165","properties":{"id":"fr-commune-12165","name":"Muret-le-Château","kind":"commune","center":[2.5702,44.495],"code":"12165","department":"12"},"bbox":[2.54229,44.46791,2.5981,44.52217],"geometry":{"type":"Polygon","coordinates":[[[2.56736,44.52113],[2.56769,44.5218],[2.56987,44.521],[2.57256,44.52182],[2.57664,44.52217],[2.57821,44.52171],[2.57991,44.51973],[2.57985,44.51843],[2.58091,44.51834],[2.58327,44.51955],[2.58624,44.51945],[2.58725,44.51807],[2.58878,44.5182],[2.59169,44.51675],[2.5934,44.51735],[2.59671,44.51942],[2.5981,44.5197],[2.59751,44.51819],[2.59769,44.51537],[2.59725,44.51353],[2.5963,44.51322],[2.59385,44.51331],[2.59306,44.51211],[2.59166,44.51179],[2.59161,44.51018],[2.5939,44.51079],[2.59521,44.51068],[2.59537,44.50941],[2.59306,44.50857],[2.59357,44.50701],[2.59218,44.50625],[2.59042,44.50706],[2.58947,44.50545],[2.58909,44.50311],[2.58767,44.50297],[2.58555,44.50149],[2.58492,44.49947],[2.58566,44.49807],[2.58603,44.49587],[2.58584,44.49457],[2.58407,44.49313],[2.58449,44.4888],[2.58332,44.48702],[2.5846,44.48489],[2.58674,44.48327],[2.58983,44.48164],[2.59122,44.48015],[2.58923,44.47732],[2.59004,44.47633],[2.59142,44.47626],[2.59214,44.47319],[2.59331,44.47102],[2.5928,44.47046],[2.59201,44.46791],[2.58517,44.46883],[2.58208,44.46897],[2.57785,44.46848],[2.57625,44.47177],[2.57425,44.47364],[2.57185,44.47325],[2.57035,44.47196],[2.56911,44.47504],[2.56176,44.47778],[2.55458,44.47686],[2.55291,44.48176],[2.55234,44.48239],[2.55298,44.48545],[2.55408,44.48892],[2.55479,44.49009],[2.55382,44.49066],[2.55121,44.49002],[2.55014,44.49119],[2.55003,44.49276],[2.54654,44.49065],[2.54643,44.49395],[2.54773,44.49784],[2.54584,44.49807],[2.54546,44.4973],[2.54369,44.49755],[2.54365,44.50058],[2.54229,44.50219],[2.54413,44.5022],[2.54444,44.50324],[2.54602,44.50399],[2.5449,44.50652],[2.54596,44.50923],[2.55105,44.50802],[2.55229,44.50701],[2.55346,44.50734],[2.55546,44.5064],[2.55768,44.50631],[2.55949,44.50754],[2.55969,44.50845],[2.56209,44.51015],[2.56335,44.51305],[2.56506,44.51397],[2.56572,44.51484],[2.56884,44.51603],[2.56963,44.51601],[2.57052,44.51749],[2.57184,44.51794],[2.57307,44.51972],[2.57138,44.52017],[2.56835,44.52018],[2.56736,44.52113]]]}},{"type":"Feature","id":"fr-commune-12166","properties":{"id":"fr-commune-12166","name":"Murols","kind":"commune","center":[2.5798,44.7584],"code":"12166","department":"12"},"bbox":[2.54994,44.73079,2.60971,44.78604],"geometry":{"type":"Polygon","coordinates":[[[2.55342,44.75731],[2.55731,44.75712],[2.55857,44.75862],[2.56069,44.75811],[2.56131,44.75873],[2.56,44.76104],[2.55993,44.76218],[2.56074,44.76371],[2.56308,44.76588],[2.56226,44.76717],[2.56331,44.76932],[2.56327,44.77064],[2.56478,44.77233],[2.56256,44.77513],[2.56294,44.77616],[2.56228,44.77767],[2.5643,44.77809],[2.56558,44.77832],[2.56694,44.78044],[2.56913,44.78151],[2.57321,44.78467],[2.57413,44.78513],[2.57784,44.78604],[2.58314,44.78365],[2.58653,44.7839],[2.58635,44.78271],[2.58698,44.78158],[2.58704,44.77998],[2.58671,44.77966],[2.58719,44.77731],[2.58992,44.77629],[2.59204,44.77587],[2.59357,44.77467],[2.59689,44.7742],[2.59994,44.77227],[2.60131,44.77245],[2.60416,44.77109],[2.6069,44.7693],[2.60862,44.76966],[2.60971,44.76918],[2.6079,44.76723],[2.60579,44.76396],[2.6077,44.76296],[2.60733,44.76147],[2.60616,44.76168],[2.6029,44.76131],[2.60193,44.76056],[2.60303,44.75804],[2.60208,44.75688],[2.60332,44.75405],[2.60157,44.75264],[2.60106,44.75092],[2.5987,44.74899],[2.59664,44.74931],[2.59611,44.75003],[2.59324,44.75149],[2.59137,44.75204],[2.5898,44.75373],[2.58826,44.75385],[2.58732,44.75263],[2.58471,44.75234],[2.58185,44.75157],[2.5809,44.74966],[2.57974,44.74839],[2.57764,44.74722],[2.57443,44.74697],[2.57373,44.74577],[2.56996,44.74434],[2.57008,44.74217],[2.56805,44.74063],[2.56755,44.73937],[2.56615,44.73815],[2.56368,44.73786],[2.56077,44.73601],[2.55899,44.73457],[2.55967,44.73262],[2.55861,44.73149],[2.55551,44.73079],[2.55256,44.73108],[2.55207,44.73143],[2.55215,44.73313],[2.55475,44.73292],[2.55592,44.73354],[2.55572,44.73464],[2.55394,44.73491],[2.55072,44.7363],[2.55079,44.7378],[2.55306,44.73785],[2.55444,44.7391],[2.55268,44.74042],[2.55137,44.74202],[2.55176,44.74251],[2.55395,44.74251],[2.55474,44.74309],[2.55472,44.74482],[2.55284,44.74544],[2.55073,44.74708],[2.54997,44.74833],[2.55039,44.7489],[2.55292,44.74812],[2.55333,44.74938],[2.55294,44.75137],[2.55221,44.75284],[2.54994,44.75496],[2.5509,44.75611],[2.55304,44.7559],[2.55342,44.75731]]]}},{"type":"Feature","id":"fr-commune-12167","properties":{"id":"fr-commune-12167","name":"Najac","kind":"commune","center":[1.9584,44.2087],"code":"12167","department":"12"},"bbox":[1.89038,44.16976,2.02637,44.24757],"geometry":{"type":"Polygon","coordinates":[[[1.96203,44.24232],[1.96698,44.24327],[1.96854,44.2442],[1.97011,44.24319],[1.97122,44.24318],[1.97135,44.24558],[1.97264,44.246],[1.97328,44.2436],[1.97792,44.24194],[1.97907,44.24383],[1.98104,44.24291],[1.9804,44.24159],[1.97999,44.23765],[1.98157,44.23639],[1.98466,44.2354],[1.98553,44.23593],[1.98799,44.23639],[1.99268,44.23675],[1.99488,44.23743],[1.99454,44.23894],[1.99151,44.23947],[1.9905,44.24116],[1.99156,44.24267],[1.99444,44.24193],[1.99936,44.2411],[2.00036,44.24245],[2.00539,44.23988],[2.00909,44.24002],[2.01084,44.23853],[2.01296,44.23575],[2.01395,44.2339],[2.01383,44.23215],[2.01504,44.23009],[2.01017,44.22777],[2.01261,44.22672],[2.01584,44.22497],[2.0168,44.22292],[2.01612,44.21989],[2.01706,44.21884],[2.01812,44.21571],[2.02,44.2153],[2.02327,44.21385],[2.0242,44.21132],[2.02637,44.20964],[2.02546,44.20816],[2.02428,44.20382],[2.02475,44.2028],[2.02387,44.20084],[2.02392,44.19999],[2.02306,44.19855],[2.02006,44.19877],[2.01756,44.19786],[2.01758,44.19673],[2.01849,44.19544],[2.02054,44.19503],[2.01986,44.19415],[2.01745,44.19458],[2.01555,44.19353],[2.01522,44.19247],[2.01368,44.19233],[2.0137,44.19112],[2.01214,44.19071],[2.01007,44.18914],[2.00862,44.1873],[2.00679,44.18668],[2.00885,44.18596],[2.00701,44.18384],[2.00411,44.1839],[2.00544,44.18277],[2.00478,44.18157],[2.00175,44.18292],[2.00085,44.18385],[1.99817,44.18482],[1.99741,44.18623],[1.99947,44.18794],[1.99967,44.18899],[1.99788,44.18882],[1.99675,44.18773],[1.99588,44.18856],[1.99305,44.18702],[1.99284,44.18786],[1.99138,44.18799],[1.99048,44.18686],[1.98785,44.1872],[1.98375,44.18685],[1.98221,44.18721],[1.98076,44.18643],[1.98067,44.18498],[1.98148,44.18167],[1.98297,44.17959],[1.98262,44.17788],[1.98056,44.17666],[1.97942,44.17744],[1.97938,44.1783],[1.97805,44.17952],[1.97585,44.18033],[1.97416,44.18144],[1.97054,44.18067],[1.96947,44.18111],[1.96834,44.18237],[1.96462,44.18314],[1.96186,44.18335],[1.96206,44.18436],[1.96054,44.18434],[1.95493,44.1848],[1.95291,44.18305],[1.94997,44.18332],[1.94461,44.18246],[1.94511,44.17902],[1.94207,44.17468],[1.94132,44.17261],[1.94152,44.17072],[1.94071,44.16976],[1.93782,44.17151],[1.9364,44.17321],[1.93619,44.17432],[1.93325,44.17451],[1.93176,44.17776],[1.93061,44.17814],[1.93171,44.17969],[1.93375,44.17927],[1.93517,44.18159],[1.93355,44.18404],[1.93332,44.18511],[1.93368,44.18699],[1.93341,44.18798],[1.93086,44.18828],[1.92863,44.18927],[1.92728,44.19072],[1.92513,44.19123],[1.92094,44.1906],[1.92374,44.18894],[1.92438,44.1879],[1.92028,44.1863],[1.91398,44.18511],[1.91129,44.18544],[1.912,44.18689],[1.91306,44.18774],[1.91372,44.18903],[1.91239,44.18927],[1.91173,44.19046],[1.90669,44.19214],[1.90289,44.19295],[1.90374,44.19373],[1.90415,44.19548],[1.90508,44.19678],[1.90628,44.19977],[1.90736,44.20056],[1.90444,44.20351],[1.9019,44.20452],[1.89245,44.20673],[1.89046,44.20752],[1.89038,44.21112],[1.89067,44.21346],[1.89202,44.21364],[1.89547,44.21262],[1.8977,44.21224],[1.89856,44.21147],[1.90081,44.21114],[1.9044,44.20958],[1.90622,44.21136],[1.90839,44.21222],[1.90911,44.2139],[1.9112,44.21395],[1.912,44.21465],[1.91224,44.21705],[1.91418,44.2195],[1.91842,44.21966],[1.91736,44.22202],[1.9183,44.22297],[1.91907,44.22533],[1.9208,44.22695],[1.92369,44.22837],[1.9245,44.23089],[1.92554,44.23273],[1.92601,44.23433],[1.92777,44.23627],[1.92948,44.23703],[1.93093,44.23824],[1.93133,44.23972],[1.93259,44.2407],[1.93186,44.24249],[1.9334,44.24589],[1.93846,44.24559],[1.93887,44.24464],[1.9414,44.24484],[1.94318,44.24686],[1.94329,44.24757],[1.94576,44.24687],[1.94646,44.2459],[1.9491,44.24428],[1.94917,44.2426],[1.95678,44.24285],[1.95957,44.2411],[1.96203,44.24232]]]}},{"type":"Feature","id":"fr-commune-12168","properties":{"id":"fr-commune-12168","name":"Nant","kind":"commune","center":[3.2887,44.0204],"code":"12168","department":"12"},"bbox":[3.2245,43.94838,3.35293,44.09238],"geometry":{"type":"Polygon","coordinates":[[[3.33298,44.07388],[3.33448,44.06867],[3.33515,44.06772],[3.33688,44.0668],[3.33713,44.06253],[3.33654,44.06068],[3.33768,44.05829],[3.33959,44.05701],[3.34133,44.05664],[3.34808,44.05228],[3.34747,44.05137],[3.34028,44.05071],[3.3383,44.04889],[3.33831,44.04791],[3.33501,44.04441],[3.33356,44.04206],[3.33484,44.03797],[3.33588,44.03684],[3.33858,44.03684],[3.34117,44.03368],[3.34165,44.03248],[3.34369,44.03131],[3.34444,44.02903],[3.34456,44.02711],[3.34359,44.02585],[3.34319,44.02372],[3.34241,44.02152],[3.34285,44.0208],[3.34181,44.01928],[3.34061,44.01922],[3.33804,44.01835],[3.33642,44.02082],[3.33642,44.02162],[3.33493,44.02363],[3.33391,44.0244],[3.33096,44.0229],[3.33226,44.02202],[3.33249,44.02026],[3.33218,44.01786],[3.33337,44.01588],[3.33445,44.01477],[3.33501,44.01282],[3.33939,44.01191],[3.34056,44.01128],[3.34251,44.01118],[3.34475,44.01163],[3.3475,44.00941],[3.34912,44.00996],[3.35152,44.00976],[3.35015,44.00793],[3.35082,44.00472],[3.35215,44.00368],[3.35293,44.0005],[3.35037,43.99901],[3.34862,43.99589],[3.35113,43.99447],[3.34889,43.99332],[3.34548,43.99037],[3.34412,43.99036],[3.34225,43.99161],[3.33794,43.99306],[3.33451,43.99448],[3.33378,43.99279],[3.3324,43.99296],[3.33163,43.99164],[3.3332,43.9902],[3.33471,43.98787],[3.33349,43.98753],[3.32536,43.98617],[3.32632,43.98467],[3.32761,43.98161],[3.32828,43.98109],[3.32764,43.97608],[3.32807,43.97287],[3.32872,43.97176],[3.33052,43.9704],[3.33242,43.96955],[3.33781,43.96896],[3.33732,43.96785],[3.33893,43.96703],[3.34018,43.96588],[3.34115,43.96374],[3.33937,43.96117],[3.33789,43.96001],[3.33757,43.95883],[3.33541,43.95709],[3.33186,43.95575],[3.32828,43.95314],[3.32776,43.9524],[3.32499,43.95096],[3.32128,43.94993],[3.31651,43.94961],[3.31472,43.94916],[3.31413,43.94838],[3.31025,43.95015],[3.30616,43.95071],[3.30342,43.95152],[3.30447,43.95506],[3.30596,43.95815],[3.30777,43.95824],[3.31097,43.95884],[3.31178,43.96157],[3.31113,43.96247],[3.3116,43.96729],[3.30419,43.9672],[3.30027,43.9665],[3.29635,43.96655],[3.2957,43.96689],[3.2885,43.96767],[3.28708,43.96716],[3.28301,43.96831],[3.27918,43.9683],[3.2781,43.96914],[3.2769,43.96839],[3.27329,43.96856],[3.27166,43.96977],[3.26772,43.97076],[3.26483,43.96911],[3.26276,43.96841],[3.25933,43.96421],[3.25723,43.96213],[3.25581,43.96165],[3.25242,43.96156],[3.24912,43.96321],[3.24396,43.96253],[3.23943,43.96284],[3.23919,43.96343],[3.2377,43.97036],[3.23633,43.97431],[3.23666,43.97586],[3.23582,43.97806],[3.23458,43.98295],[3.23365,43.98466],[3.22923,43.98602],[3.22745,43.98697],[3.22653,43.99188],[3.22651,43.99482],[3.22686,43.99646],[3.227,43.99989],[3.22782,44.00371],[3.22663,44.01597],[3.22492,44.01749],[3.2245,44.01838],[3.2254,44.0197],[3.22536,44.02217],[3.22579,44.02545],[3.22645,44.02635],[3.2266,44.02833],[3.22592,44.03184],[3.2272,44.0337],[3.22833,44.03612],[3.22826,44.03719],[3.22954,44.03697],[3.2331,44.03742],[3.23553,44.03799],[3.23662,44.03787],[3.2392,44.04214],[3.24282,44.04325],[3.24442,44.04405],[3.2446,44.04498],[3.24383,44.04965],[3.24499,44.05076],[3.24401,44.05226],[3.24219,44.05382],[3.24303,44.05545],[3.24529,44.0566],[3.24652,44.0594],[3.24725,44.06231],[3.24447,44.06457],[3.24457,44.06612],[3.24276,44.06714],[3.2418,44.0696],[3.2397,44.07056],[3.23894,44.06942],[3.23894,44.06829],[3.2366,44.06648],[3.23519,44.06612],[3.23497,44.06829],[3.23444,44.06991],[3.2347,44.07089],[3.23628,44.07241],[3.2352,44.07454],[3.23526,44.07859],[3.2345,44.07906],[3.23409,44.08048],[3.23658,44.08338],[3.23845,44.08307],[3.23959,44.08421],[3.24429,44.08196],[3.24773,44.0824],[3.25143,44.08634],[3.25267,44.08649],[3.25432,44.08574],[3.25663,44.08589],[3.25767,44.087],[3.25647,44.08894],[3.25812,44.09091],[3.25936,44.09047],[3.26205,44.09111],[3.26317,44.09238],[3.26488,44.09092],[3.26624,44.08915],[3.26953,44.08766],[3.27351,44.08789],[3.2765,44.0876],[3.27705,44.08663],[3.27517,44.08486],[3.27538,44.08386],[3.27666,44.08271],[3.27888,44.0822],[3.2803,44.08095],[3.28118,44.07763],[3.28431,44.07733],[3.28638,44.07588],[3.28892,44.07236],[3.29051,44.07159],[3.29558,44.0726],[3.29742,44.07177],[3.29711,44.07084],[3.29364,44.06928],[3.29329,44.06837],[3.29398,44.06752],[3.30204,44.06949],[3.30403,44.06952],[3.30645,44.06878],[3.30739,44.06909],[3.30981,44.07156],[3.31288,44.07378],[3.3138,44.07502],[3.31438,44.07669],[3.31798,44.07823],[3.31869,44.07928],[3.3215,44.0799],[3.32363,44.07962],[3.32479,44.07708],[3.32666,44.07828],[3.32891,44.07903],[3.33298,44.07388]]]}},{"type":"Feature","id":"fr-commune-12169","properties":{"id":"fr-commune-12169","name":"Naucelle","kind":"commune","center":[2.3468,44.1863],"code":"12169","department":"12"},"bbox":[2.29429,44.15769,2.39937,44.21496],"geometry":{"type":"Polygon","coordinates":[[[2.36895,44.15769],[2.36494,44.15824],[2.36347,44.15918],[2.36231,44.16118],[2.3619,44.163],[2.35886,44.16531],[2.35759,44.16686],[2.3569,44.16911],[2.35583,44.16825],[2.35561,44.16515],[2.35514,44.16413],[2.35299,44.16138],[2.35171,44.16024],[2.3494,44.15908],[2.34564,44.15903],[2.34425,44.15929],[2.34457,44.16105],[2.34308,44.162],[2.3397,44.16352],[2.33804,44.16508],[2.33571,44.16645],[2.33213,44.16756],[2.3306,44.16742],[2.32927,44.16804],[2.3275,44.16797],[2.32487,44.16932],[2.32261,44.16957],[2.32249,44.17118],[2.32149,44.17233],[2.31802,44.17314],[2.31664,44.17393],[2.31407,44.17429],[2.3131,44.17484],[2.31668,44.1772],[2.31973,44.17962],[2.32112,44.18019],[2.321,44.18301],[2.32137,44.18332],[2.31912,44.18557],[2.31986,44.18876],[2.32105,44.19081],[2.32193,44.19156],[2.32257,44.19308],[2.32503,44.19496],[2.32149,44.19705],[2.32006,44.19816],[2.31787,44.19821],[2.31533,44.19866],[2.31184,44.19838],[2.30721,44.19888],[2.30672,44.20221],[2.30759,44.20331],[2.30362,44.20462],[2.30024,44.20548],[2.29637,44.20546],[2.29641,44.20708],[2.29429,44.20792],[2.29663,44.21038],[2.29704,44.21227],[2.29832,44.21068],[2.29988,44.21203],[2.303,44.21387],[2.30481,44.21415],[2.30642,44.21496],[2.31098,44.21344],[2.31157,44.20998],[2.31411,44.20889],[2.31615,44.21032],[2.31707,44.21046],[2.31742,44.20978],[2.32028,44.2105],[2.32329,44.21028],[2.32488,44.21067],[2.32655,44.2104],[2.32805,44.21168],[2.32946,44.21077],[2.33067,44.21084],[2.33451,44.21014],[2.33741,44.21081],[2.33796,44.21042],[2.3418,44.21081],[2.34395,44.21059],[2.34534,44.21098],[2.34646,44.21057],[2.35023,44.21057],[2.35119,44.21016],[2.35333,44.20838],[2.35663,44.20602],[2.35934,44.20349],[2.35928,44.20271],[2.3626,44.20325],[2.37479,44.20603],[2.3788,44.20781],[2.3825,44.2073],[2.3866,44.20791],[2.38878,44.20729],[2.39471,44.20676],[2.39875,44.20562],[2.39937,44.20488],[2.39848,44.20409],[2.39628,44.20447],[2.39204,44.20381],[2.39033,44.20422],[2.38875,44.2038],[2.38614,44.20382],[2.38458,44.20232],[2.38274,44.20145],[2.38343,44.20076],[2.3863,44.19956],[2.38817,44.19821],[2.38588,44.19752],[2.3823,44.19516],[2.38252,44.19446],[2.38078,44.19228],[2.38009,44.1926],[2.37898,44.19093],[2.38,44.19068],[2.3795,44.18929],[2.37637,44.18754],[2.37437,44.18713],[2.37212,44.18611],[2.37073,44.18503],[2.36764,44.18328],[2.36562,44.1808],[2.36479,44.17906],[2.36186,44.17543],[2.36141,44.17424],[2.35999,44.17238],[2.36076,44.17118],[2.36261,44.1694],[2.36265,44.16772],[2.36355,44.16552],[2.3651,44.16429],[2.36773,44.16288],[2.3696,44.16277],[2.37044,44.16167],[2.36916,44.16091],[2.36895,44.15769]]]}},{"type":"Feature","id":"fr-commune-12170","properties":{"id":"fr-commune-12170","name":"Naussac","kind":"commune","center":[2.0946,44.5041],"code":"12170","department":"12"},"bbox":[2.06379,44.47221,2.12544,44.53604],"geometry":{"type":"Polygon","coordinates":[[[2.11946,44.4776],[2.1182,44.47744],[2.11476,44.47807],[2.11197,44.47682],[2.10949,44.47463],[2.1098,44.47221],[2.10764,44.47402],[2.10494,44.47496],[2.10252,44.47678],[2.10161,44.47973],[2.10198,44.48095],[2.10102,44.48229],[2.10309,44.48337],[2.10586,44.48421],[2.10741,44.48576],[2.10586,44.48805],[2.10585,44.48939],[2.10393,44.49015],[2.1027,44.49175],[2.09906,44.4943],[2.09973,44.49504],[2.09869,44.49626],[2.0978,44.49624],[2.09492,44.49781],[2.09325,44.49968],[2.09097,44.50019],[2.09047,44.50074],[2.08349,44.50211],[2.08139,44.50377],[2.07952,44.5045],[2.0763,44.5043],[2.07511,44.5031],[2.07199,44.50451],[2.06902,44.5071],[2.07162,44.50919],[2.07181,44.51063],[2.07519,44.51185],[2.07267,44.51307],[2.06884,44.51333],[2.06753,44.51436],[2.06675,44.51566],[2.06769,44.51638],[2.06379,44.51804],[2.06434,44.52292],[2.06879,44.5225],[2.07105,44.52318],[2.07082,44.52595],[2.07324,44.52636],[2.07417,44.52801],[2.07753,44.5295],[2.07787,44.52847],[2.07931,44.52856],[2.08084,44.52974],[2.08002,44.53095],[2.08197,44.53211],[2.08103,44.53302],[2.08059,44.53486],[2.08259,44.53534],[2.08328,44.53347],[2.08509,44.53378],[2.08648,44.53406],[2.08604,44.53528],[2.08743,44.53604],[2.08994,44.53403],[2.09106,44.53359],[2.09116,44.53129],[2.09367,44.53118],[2.09496,44.52986],[2.09453,44.52801],[2.09508,44.52719],[2.09687,44.52723],[2.09831,44.52832],[2.10016,44.5284],[2.1008,44.52686],[2.10247,44.52579],[2.10206,44.5246],[2.1049,44.52443],[2.10602,44.5237],[2.10533,44.52201],[2.1068,44.52148],[2.10789,44.52334],[2.1096,44.52437],[2.11075,44.52372],[2.1105,44.52255],[2.10902,44.5205],[2.10702,44.52077],[2.10791,44.51853],[2.10932,44.51746],[2.10926,44.51656],[2.10806,44.51516],[2.11064,44.51334],[2.1116,44.51167],[2.1101,44.51136],[2.11134,44.50952],[2.11526,44.50944],[2.11755,44.50688],[2.11881,44.50471],[2.11889,44.50163],[2.12007,44.4981],[2.12175,44.4965],[2.12417,44.49217],[2.12544,44.49103],[2.12464,44.48959],[2.12322,44.48514],[2.11946,44.4776]]]}},{"type":"Feature","id":"fr-commune-12171","properties":{"id":"fr-commune-12171","name":"Nauviale","kind":"commune","center":[2.4313,44.5119],"code":"12171","department":"12"},"bbox":[2.39329,44.48201,2.46861,44.54187],"geometry":{"type":"Polygon","coordinates":[[[2.39602,44.50767],[2.39883,44.50902],[2.39757,44.51289],[2.39543,44.51327],[2.39366,44.51556],[2.39329,44.51817],[2.39512,44.52193],[2.39748,44.52299],[2.399,44.52175],[2.40179,44.52104],[2.40292,44.52204],[2.40185,44.52289],[2.40292,44.52393],[2.40299,44.52559],[2.40249,44.52627],[2.40387,44.52712],[2.40305,44.52779],[2.40618,44.52952],[2.4069,44.52851],[2.40863,44.53032],[2.40765,44.53106],[2.40708,44.53233],[2.40965,44.533],[2.40903,44.53436],[2.4068,44.53529],[2.40687,44.53668],[2.40497,44.53861],[2.40535,44.53951],[2.40876,44.53933],[2.40982,44.54185],[2.41168,44.54187],[2.41376,44.53904],[2.41602,44.53798],[2.41966,44.53663],[2.42106,44.53854],[2.42213,44.53831],[2.42219,44.53692],[2.42319,44.53665],[2.4252,44.53855],[2.42572,44.53947],[2.42706,44.53987],[2.42936,44.53911],[2.43276,44.5386],[2.43418,44.53882],[2.43693,44.53839],[2.43848,44.53774],[2.44061,44.53752],[2.44347,44.53678],[2.44648,44.53684],[2.44854,44.53652],[2.45255,44.53505],[2.45461,44.53515],[2.45656,44.53374],[2.4583,44.53357],[2.45823,44.53167],[2.45866,44.53077],[2.45822,44.52911],[2.45897,44.52884],[2.45935,44.52734],[2.46161,44.52734],[2.4616,44.52302],[2.4621,44.5219],[2.4618,44.5193],[2.46292,44.51907],[2.46397,44.51794],[2.46625,44.51773],[2.46506,44.51632],[2.46656,44.515],[2.46861,44.51379],[2.46458,44.51389],[2.46368,44.51308],[2.46509,44.51134],[2.46411,44.50832],[2.46193,44.50659],[2.46165,44.50593],[2.4623,44.50407],[2.46342,44.50222],[2.46544,44.50159],[2.46678,44.50029],[2.46727,44.49805],[2.46841,44.49689],[2.4672,44.49494],[2.46584,44.49345],[2.46311,44.49175],[2.46258,44.49006],[2.45932,44.49074],[2.45834,44.49135],[2.45669,44.49127],[2.45483,44.49012],[2.45288,44.49027],[2.45088,44.49],[2.44815,44.49026],[2.44793,44.48901],[2.44652,44.48755],[2.44232,44.48603],[2.44077,44.48508],[2.43984,44.48517],[2.4373,44.48337],[2.43556,44.48296],[2.43468,44.48205],[2.43116,44.48201],[2.42913,44.48698],[2.42985,44.48774],[2.42987,44.48912],[2.42741,44.49023],[2.4234,44.49006],[2.4214,44.48935],[2.41937,44.49002],[2.42017,44.49079],[2.42028,44.49221],[2.42159,44.49346],[2.42061,44.49519],[2.41691,44.49625],[2.41296,44.49854],[2.41015,44.49975],[2.40787,44.49988],[2.40541,44.50089],[2.40441,44.50233],[2.4024,44.50377],[2.39826,44.50561],[2.39615,44.50687],[2.39602,44.50767]]]}},{"type":"Feature","id":"fr-commune-12172","properties":{"id":"fr-commune-12172","name":"Le Nayrac","kind":"commune","center":[2.6765,44.6012],"code":"12172","department":"12"},"bbox":[2.6117,44.5701,2.7413,44.63209],"geometry":{"type":"Polygon","coordinates":[[[2.71095,44.59965],[2.7069,44.60084],[2.70545,44.60062],[2.7047,44.60179],[2.70295,44.60256],[2.70473,44.60512],[2.70313,44.60661],[2.70169,44.6085],[2.70213,44.60952],[2.70061,44.61016],[2.70108,44.60679],[2.70074,44.60535],[2.69799,44.60368],[2.69899,44.60145],[2.69496,44.601],[2.69266,44.60119],[2.68957,44.5996],[2.68857,44.59956],[2.68866,44.5982],[2.68663,44.59671],[2.68361,44.59628],[2.68258,44.59717],[2.68146,44.59698],[2.68022,44.59512],[2.68076,44.59385],[2.68326,44.59154],[2.68343,44.58988],[2.68538,44.5877],[2.68547,44.58614],[2.68307,44.5865],[2.68114,44.58379],[2.68158,44.58326],[2.67901,44.58256],[2.67832,44.5812],[2.67732,44.58098],[2.67705,44.57906],[2.67528,44.57772],[2.67276,44.57719],[2.67038,44.57726],[2.67024,44.57615],[2.66837,44.57606],[2.66611,44.5754],[2.66489,44.57442],[2.66312,44.57398],[2.6597,44.57452],[2.65706,44.57381],[2.65592,44.57388],[2.65334,44.57259],[2.65271,44.57146],[2.65102,44.5701],[2.64964,44.57114],[2.64945,44.57428],[2.6486,44.57621],[2.64645,44.57701],[2.64034,44.57747],[2.63755,44.57876],[2.63651,44.5796],[2.63611,44.5811],[2.63248,44.58284],[2.6305,44.58299],[2.62912,44.58354],[2.62676,44.58697],[2.62564,44.58919],[2.62337,44.59099],[2.62154,44.59344],[2.61878,44.59432],[2.6166,44.59555],[2.61293,44.59808],[2.6117,44.59924],[2.61174,44.60151],[2.61233,44.60394],[2.61439,44.60655],[2.6148,44.60907],[2.61582,44.61127],[2.61743,44.61101],[2.61889,44.61155],[2.62141,44.61511],[2.62358,44.61616],[2.62683,44.6163],[2.63116,44.61571],[2.63268,44.61685],[2.6341,44.61571],[2.63504,44.61566],[2.63895,44.61655],[2.64018,44.61636],[2.64171,44.61712],[2.64298,44.61967],[2.64307,44.62125],[2.64492,44.62125],[2.64614,44.62214],[2.64739,44.62226],[2.64894,44.6234],[2.65043,44.62551],[2.65219,44.62612],[2.65748,44.62424],[2.65825,44.6249],[2.65969,44.62439],[2.66167,44.62467],[2.66221,44.62692],[2.66346,44.62796],[2.66581,44.62791],[2.66657,44.62896],[2.66855,44.62918],[2.6689,44.63026],[2.66995,44.63098],[2.67251,44.63132],[2.67377,44.63114],[2.67541,44.62943],[2.67699,44.62864],[2.679,44.62857],[2.68014,44.62944],[2.68773,44.62919],[2.68947,44.6307],[2.69143,44.63161],[2.69383,44.63209],[2.69582,44.63141],[2.69663,44.63051],[2.6991,44.63],[2.70157,44.62985],[2.70554,44.62708],[2.707,44.62543],[2.70744,44.6239],[2.70951,44.62249],[2.71242,44.62398],[2.71328,44.62382],[2.71525,44.62614],[2.71648,44.62611],[2.72238,44.62732],[2.72532,44.62644],[2.724,44.62524],[2.726,44.62423],[2.72747,44.6242],[2.72967,44.62578],[2.73126,44.62346],[2.73279,44.62273],[2.73405,44.62293],[2.7371,44.62164],[2.73907,44.62037],[2.74067,44.61873],[2.7413,44.61779],[2.7399,44.6171],[2.73929,44.61593],[2.73672,44.61306],[2.73564,44.61226],[2.73355,44.61209],[2.72961,44.61059],[2.72857,44.61055],[2.72636,44.60813],[2.725,44.60709],[2.72251,44.6058],[2.72055,44.60308],[2.71965,44.60282],[2.7167,44.60301],[2.71487,44.60172],[2.71182,44.60096],[2.71095,44.59965]]]}},{"type":"Feature","id":"fr-commune-12174","properties":{"id":"fr-commune-12174","name":"Olemps","kind":"commune","center":[2.5504,44.3391],"code":"12174","department":"12"},"bbox":[2.52089,44.31614,2.57903,44.362],"geometry":{"type":"Polygon","coordinates":[[[2.56789,44.31614],[2.56442,44.31708],[2.56304,44.31708],[2.56495,44.31917],[2.56373,44.31924],[2.56362,44.32081],[2.56279,44.32171],[2.5628,44.32294],[2.56165,44.32296],[2.56028,44.32206],[2.55857,44.32262],[2.55875,44.3247],[2.55765,44.32556],[2.55503,44.32588],[2.55388,44.32524],[2.5547,44.32326],[2.55412,44.32302],[2.55257,44.32521],[2.551,44.3257],[2.54849,44.32424],[2.54452,44.32472],[2.54424,44.32244],[2.54162,44.32324],[2.54011,44.32176],[2.53898,44.3218],[2.53836,44.32401],[2.53682,44.32475],[2.53571,44.32593],[2.53562,44.32758],[2.53364,44.32835],[2.53145,44.32829],[2.5295,44.32874],[2.52925,44.33079],[2.5285,44.33173],[2.52467,44.33339],[2.523,44.33544],[2.52089,44.33661],[2.52193,44.33717],[2.52154,44.34055],[2.52177,44.34135],[2.52314,44.34197],[2.52325,44.34523],[2.52595,44.34802],[2.52691,44.3487],[2.52584,44.34986],[2.52432,44.35072],[2.52328,44.35247],[2.52328,44.35685],[2.52592,44.3574],[2.52861,44.35684],[2.52915,44.35902],[2.52815,44.36028],[2.53353,44.362],[2.53673,44.36146],[2.53835,44.36076],[2.53954,44.36078],[2.53982,44.35961],[2.54181,44.35729],[2.54251,44.3579],[2.54448,44.35832],[2.54655,44.35779],[2.54743,44.35696],[2.5501,44.35664],[2.55148,44.35483],[2.55194,44.3534],[2.5541,44.35123],[2.55428,44.35059],[2.55734,44.34771],[2.56276,44.34689],[2.56239,44.34405],[2.56343,44.34229],[2.56579,44.34158],[2.56776,44.34153],[2.56871,44.3406],[2.56945,44.33889],[2.56932,44.33777],[2.57144,44.33471],[2.57389,44.33323],[2.573,44.33132],[2.57405,44.33092],[2.57234,44.32638],[2.57434,44.32552],[2.57516,44.32633],[2.5777,44.32457],[2.57903,44.32129],[2.57746,44.32062],[2.5758,44.31917],[2.57431,44.31929],[2.56947,44.3167],[2.56789,44.31614]]]}},{"type":"Feature","id":"fr-commune-12175","properties":{"id":"fr-commune-12175","name":"Ols-et-Rinhodes","kind":"commune","center":[1.9473,44.4618],"code":"12175","department":"12"},"bbox":[1.91742,44.44488,1.97716,44.47869],"geometry":{"type":"Polygon","coordinates":[[[1.96773,44.45254],[1.96413,44.45227],[1.9625,44.44985],[1.95934,44.4484],[1.95374,44.44783],[1.95217,44.44594],[1.94586,44.44732],[1.94363,44.44623],[1.94253,44.44742],[1.94042,44.44856],[1.93919,44.45028],[1.93895,44.45215],[1.93723,44.45245],[1.9357,44.45331],[1.93468,44.45184],[1.93263,44.45021],[1.93263,44.44718],[1.93201,44.44642],[1.92959,44.44533],[1.92703,44.44488],[1.92464,44.44766],[1.927,44.44884],[1.92678,44.45064],[1.92528,44.45415],[1.91877,44.46036],[1.91788,44.46176],[1.91742,44.46751],[1.91747,44.46994],[1.92251,44.47074],[1.92649,44.47164],[1.92791,44.46733],[1.93064,44.46679],[1.93503,44.46658],[1.93537,44.47032],[1.93781,44.47056],[1.9425,44.47395],[1.94569,44.47773],[1.94707,44.47819],[1.94935,44.47869],[1.94982,44.47774],[1.95185,44.47582],[1.95292,44.47565],[1.95541,44.47411],[1.95784,44.47341],[1.95934,44.47388],[1.96212,44.47281],[1.96556,44.47393],[1.96737,44.47415],[1.97097,44.47301],[1.97114,44.47023],[1.97306,44.47019],[1.97369,44.4676],[1.97585,44.46373],[1.97602,44.46154],[1.97716,44.46104],[1.97566,44.45958],[1.9744,44.45758],[1.96966,44.45792],[1.96932,44.45354],[1.96773,44.45254]]]}},{"type":"Feature","id":"fr-commune-12176","properties":{"id":"fr-commune-12176","name":"Onet-le-Château","kind":"commune","center":[2.5614,44.3824],"code":"12176","department":"12"},"bbox":[2.47125,44.35566,2.65162,44.40912],"geometry":{"type":"Polygon","coordinates":[[[2.48349,44.40013],[2.48495,44.40068],[2.49054,44.40343],[2.49288,44.40481],[2.49412,44.40385],[2.4979,44.40241],[2.50041,44.40114],[2.50071,44.40387],[2.50347,44.40353],[2.50398,44.39948],[2.5059,44.39786],[2.5104,44.39707],[2.51488,44.39785],[2.51814,44.3969],[2.51933,44.39591],[2.52193,44.39593],[2.5218,44.39763],[2.52476,44.39773],[2.52626,44.39819],[2.52884,44.3983],[2.53135,44.39791],[2.53239,44.3981],[2.53584,44.39764],[2.53811,44.39858],[2.53956,44.39854],[2.54106,44.39741],[2.54219,44.39741],[2.54606,44.39474],[2.54557,44.39682],[2.54583,44.3996],[2.54671,44.40028],[2.5471,44.40212],[2.54992,44.40288],[2.55064,44.40354],[2.55398,44.40454],[2.55503,44.40417],[2.5575,44.40567],[2.56042,44.40805],[2.56235,44.40912],[2.56576,44.40794],[2.56797,44.40825],[2.56985,44.40734],[2.57185,44.4059],[2.57278,44.40441],[2.57278,44.40351],[2.57497,44.40257],[2.57346,44.4013],[2.57245,44.39905],[2.571,44.3991],[2.56594,44.39682],[2.56635,44.39549],[2.5696,44.39389],[2.57343,44.39318],[2.57469,44.39487],[2.57606,44.39466],[2.57603,44.39595],[2.57826,44.39572],[2.57871,44.3967],[2.58054,44.3967],[2.5823,44.39836],[2.58481,44.39795],[2.58487,44.39718],[2.58766,44.39595],[2.58872,44.39472],[2.58979,44.39645],[2.59138,44.39824],[2.59256,44.39627],[2.59287,44.39487],[2.59431,44.39477],[2.5935,44.3924],[2.59589,44.39176],[2.59659,44.39196],[2.5968,44.3937],[2.59628,44.39494],[2.60201,44.39438],[2.60401,44.3956],[2.60759,44.39889],[2.61106,44.4006],[2.61265,44.40062],[2.61519,44.40276],[2.61784,44.40249],[2.61714,44.39896],[2.61411,44.39626],[2.61505,44.39367],[2.61503,44.39217],[2.61848,44.39112],[2.6181,44.39005],[2.61671,44.38969],[2.61482,44.38699],[2.61491,44.38628],[2.61681,44.38608],[2.61878,44.38525],[2.62001,44.38537],[2.62172,44.38432],[2.62371,44.38247],[2.62577,44.38017],[2.62577,44.37932],[2.62758,44.37841],[2.62808,44.37729],[2.63324,44.3769],[2.63628,44.37772],[2.63863,44.37861],[2.642,44.37942],[2.64433,44.37769],[2.65162,44.37405],[2.65072,44.37143],[2.64851,44.3694],[2.64641,44.36898],[2.64578,44.37021],[2.64481,44.37058],[2.64374,44.37188],[2.64019,44.37281],[2.6366,44.3726],[2.63361,44.37175],[2.63325,44.37108],[2.62825,44.36816],[2.62764,44.36595],[2.62688,44.3645],[2.6247,44.36142],[2.62376,44.36095],[2.62238,44.36133],[2.6223,44.3621],[2.6207,44.36241],[2.61684,44.35918],[2.61541,44.35766],[2.61436,44.35795],[2.61425,44.35903],[2.61123,44.35731],[2.60954,44.35566],[2.60768,44.35569],[2.60495,44.35697],[2.60155,44.35714],[2.60079,44.35758],[2.59761,44.35736],[2.59451,44.35789],[2.59241,44.35895],[2.59169,44.36017],[2.59514,44.36169],[2.58824,44.36203],[2.58732,44.36263],[2.5817,44.36382],[2.57982,44.36444],[2.57903,44.36396],[2.57589,44.36465],[2.57521,44.3653],[2.5752,44.36701],[2.57304,44.36957],[2.57104,44.36957],[2.5691,44.37025],[2.56796,44.37183],[2.56704,44.37074],[2.5685,44.36862],[2.56552,44.36851],[2.56596,44.3707],[2.56262,44.37067],[2.56107,44.37041],[2.55524,44.37038],[2.55209,44.37214],[2.54989,44.37449],[2.54623,44.37764],[2.54411,44.37476],[2.54245,44.37559],[2.5356,44.37728],[2.536,44.37897],[2.53236,44.38146],[2.52782,44.38204],[2.52404,44.37682],[2.52273,44.37678],[2.51903,44.37732],[2.51764,44.37386],[2.51525,44.37418],[2.5133,44.37409],[2.51223,44.37237],[2.50925,44.37466],[2.50837,44.37468],[2.50646,44.37116],[2.50641,44.36926],[2.50956,44.36919],[2.50784,44.36766],[2.50501,44.36782],[2.50512,44.37084],[2.50105,44.37009],[2.50118,44.36937],[2.4982,44.36944],[2.49735,44.36728],[2.49537,44.36904],[2.4934,44.36885],[2.49171,44.37234],[2.48858,44.37511],[2.48543,44.37305],[2.48301,44.37246],[2.48344,44.37093],[2.48314,44.36982],[2.47958,44.36988],[2.48098,44.37106],[2.47873,44.37262],[2.47653,44.37149],[2.47266,44.37015],[2.47132,44.37074],[2.47125,44.37297],[2.47168,44.3759],[2.47223,44.37705],[2.47188,44.37866],[2.4756,44.38393],[2.47923,44.38445],[2.48124,44.38649],[2.48162,44.38773],[2.48442,44.39042],[2.48514,44.39187],[2.48461,44.39316],[2.48526,44.39392],[2.48767,44.39417],[2.48874,44.39545],[2.49048,44.39656],[2.48909,44.39764],[2.4862,44.3985],[2.48349,44.40013]]]}},{"type":"Feature","id":"fr-commune-12177","properties":{"id":"fr-commune-12177","name":"Palmas d'Aveyron","kind":"commune","center":[2.8588,44.4231],"code":"12177","department":"12"},"bbox":[2.80681,44.37739,2.91089,44.46879],"geometry":{"type":"Polygon","coordinates":[[[2.89887,44.44869],[2.89811,44.44748],[2.89682,44.44776],[2.89621,44.44563],[2.8935,44.444],[2.89,44.44104],[2.89027,44.43999],[2.88959,44.43705],[2.88972,44.43518],[2.88623,44.43246],[2.88443,44.43141],[2.88553,44.42928],[2.88701,44.42821],[2.88936,44.42731],[2.89191,44.42383],[2.89377,44.42392],[2.89371,44.42105],[2.89483,44.42014],[2.89396,44.41903],[2.8986,44.41672],[2.89837,44.41561],[2.89639,44.41592],[2.89474,44.41512],[2.89354,44.41562],[2.88949,44.41448],[2.8887,44.41376],[2.88877,44.41235],[2.89186,44.41163],[2.89177,44.41016],[2.89504,44.40988],[2.89855,44.40922],[2.90605,44.40708],[2.91089,44.40587],[2.90573,44.40368],[2.90057,44.40245],[2.89628,44.40498],[2.89404,44.40511],[2.89285,44.40342],[2.8888,44.40212],[2.8886,44.40089],[2.88747,44.40017],[2.88778,44.39762],[2.88641,44.39588],[2.88565,44.39392],[2.88356,44.39416],[2.87958,44.39307],[2.87764,44.39686],[2.87403,44.397],[2.87367,44.39507],[2.87148,44.39496],[2.8677,44.39087],[2.87018,44.3908],[2.87174,44.38907],[2.87136,44.38768],[2.86208,44.38537],[2.86125,44.38448],[2.86116,44.3824],[2.86033,44.38096],[2.85885,44.37739],[2.8534,44.37766],[2.84851,44.37855],[2.84658,44.38017],[2.84101,44.38181],[2.83882,44.38281],[2.83814,44.38407],[2.83572,44.3871],[2.83248,44.38991],[2.83311,44.39031],[2.83019,44.39355],[2.8301,44.39511],[2.82832,44.39515],[2.82706,44.3976],[2.82441,44.39913],[2.8218,44.39841],[2.81989,44.39678],[2.82048,44.39546],[2.81858,44.3941],[2.81803,44.39468],[2.81946,44.39628],[2.81678,44.39783],[2.8147,44.40086],[2.81281,44.40119],[2.81156,44.40329],[2.80894,44.4042],[2.8084,44.4055],[2.80681,44.40543],[2.80889,44.40941],[2.80992,44.40926],[2.81188,44.41127],[2.81247,44.41424],[2.81523,44.41391],[2.81664,44.41487],[2.8177,44.41671],[2.81778,44.41895],[2.81879,44.41908],[2.82179,44.41857],[2.82268,44.41951],[2.82619,44.41945],[2.82798,44.42133],[2.82973,44.4211],[2.82931,44.42282],[2.83196,44.42791],[2.83306,44.42896],[2.83407,44.43108],[2.83376,44.43232],[2.8317,44.43157],[2.82863,44.4325],[2.82927,44.43371],[2.82833,44.43398],[2.8289,44.43533],[2.82665,44.43586],[2.82829,44.43619],[2.8288,44.43722],[2.83051,44.43681],[2.83183,44.43945],[2.83215,44.44093],[2.83411,44.44131],[2.83417,44.44201],[2.83656,44.44187],[2.83845,44.44334],[2.83558,44.44454],[2.83821,44.44483],[2.83929,44.44424],[2.84086,44.44432],[2.84231,44.44499],[2.84438,44.44516],[2.84598,44.44843],[2.84417,44.44957],[2.8429,44.44809],[2.83944,44.4481],[2.83731,44.4512],[2.83523,44.45206],[2.83477,44.45288],[2.83716,44.45325],[2.83886,44.45396],[2.84077,44.45529],[2.84377,44.45936],[2.84497,44.4598],[2.84761,44.45788],[2.85082,44.45647],[2.85342,44.45866],[2.85519,44.45884],[2.85726,44.45977],[2.85901,44.45936],[2.8609,44.45998],[2.8607,44.45767],[2.86213,44.45717],[2.86443,44.46058],[2.86464,44.46246],[2.8676,44.46272],[2.8682,44.46376],[2.8728,44.46453],[2.87441,44.46534],[2.87404,44.46669],[2.87631,44.46815],[2.87913,44.46764],[2.88015,44.46858],[2.88297,44.46879],[2.88561,44.46707],[2.88936,44.46601],[2.89432,44.46491],[2.89475,44.46309],[2.89422,44.45959],[2.89476,44.45608],[2.89554,44.45485],[2.89483,44.45338],[2.89355,44.45243],[2.89572,44.45112],[2.89899,44.45016],[2.89887,44.44869]]]}},{"type":"Feature","id":"fr-commune-12178","properties":{"id":"fr-commune-12178","name":"Paulhe","kind":"commune","center":[3.1141,44.1487],"code":"12178","department":"12"},"bbox":[3.09962,44.1312,3.12857,44.16616],"geometry":{"type":"Polygon","coordinates":[[[3.12014,44.16602],[3.12565,44.16049],[3.12857,44.1589],[3.12849,44.15798],[3.12731,44.15805],[3.1253,44.15735],[3.12359,44.15556],[3.11771,44.15042],[3.11586,44.14837],[3.11714,44.1457],[3.11791,44.14667],[3.11908,44.14664],[3.1207,44.14581],[3.12395,44.14553],[3.12512,44.14462],[3.12481,44.14315],[3.12329,44.14368],[3.12137,44.1432],[3.12114,44.14234],[3.11964,44.1411],[3.1198,44.13939],[3.11749,44.13913],[3.1151,44.13802],[3.11222,44.13732],[3.11167,44.13577],[3.11203,44.13278],[3.11265,44.13157],[3.11061,44.1312],[3.09962,44.13183],[3.10065,44.13447],[3.10086,44.1378],[3.10194,44.13941],[3.10148,44.14187],[3.10023,44.14355],[3.10026,44.14488],[3.101,44.14532],[3.10107,44.14915],[3.10133,44.15178],[3.10006,44.15399],[3.09994,44.15598],[3.10103,44.15712],[3.10266,44.15779],[3.10525,44.15773],[3.10782,44.15757],[3.11083,44.15787],[3.1139,44.15948],[3.11489,44.1609],[3.11408,44.16287],[3.114,44.16526],[3.11519,44.16587],[3.1179,44.16616],[3.12014,44.16602]]]}},{"type":"Feature","id":"fr-commune-12179","properties":{"id":"fr-commune-12179","name":"Peux-et-Couffouleux","kind":"commune","center":[2.877,43.766],"code":"12179","department":"12"},"bbox":[2.83495,43.73873,2.91862,43.79327],"geometry":{"type":"Polygon","coordinates":[[[2.90315,43.74221],[2.89951,43.74147],[2.89803,43.74148],[2.89377,43.74047],[2.8898,43.74161],[2.87659,43.7404],[2.87272,43.7402],[2.87172,43.73873],[2.86978,43.73888],[2.86935,43.74132],[2.8688,43.74222],[2.86565,43.74541],[2.86523,43.74634],[2.8638,43.74677],[2.86188,43.74841],[2.85824,43.74929],[2.85365,43.75313],[2.85131,43.75422],[2.85225,43.75561],[2.85144,43.75738],[2.85078,43.75762],[2.84797,43.7565],[2.8462,43.75771],[2.84599,43.75942],[2.84446,43.76084],[2.84399,43.76231],[2.84317,43.76249],[2.84079,43.76438],[2.83656,43.76504],[2.83512,43.76585],[2.83495,43.76693],[2.83559,43.76896],[2.83821,43.76965],[2.83989,43.76899],[2.84261,43.76932],[2.84541,43.77031],[2.84878,43.77115],[2.85171,43.77235],[2.85437,43.77239],[2.86337,43.77766],[2.86473,43.77774],[2.86725,43.78182],[2.86863,43.7828],[2.87275,43.78427],[2.87409,43.78544],[2.87315,43.78579],[2.87657,43.78816],[2.88055,43.78959],[2.88539,43.79256],[2.88818,43.79327],[2.88814,43.79218],[2.88987,43.79043],[2.8931,43.78915],[2.89418,43.78966],[2.89563,43.78949],[2.89728,43.78586],[2.89849,43.78403],[2.89993,43.7836],[2.89999,43.78176],[2.90137,43.77934],[2.90191,43.77907],[2.90538,43.77913],[2.90783,43.77736],[2.91084,43.77569],[2.9109,43.77316],[2.91182,43.77095],[2.91157,43.76829],[2.90948,43.76816],[2.90828,43.76751],[2.90621,43.76573],[2.90431,43.7648],[2.90313,43.76137],[2.9054,43.76071],[2.91027,43.75591],[2.91354,43.75421],[2.91583,43.75387],[2.91862,43.7526],[2.91862,43.75068],[2.91601,43.74865],[2.91342,43.74779],[2.91283,43.74684],[2.91144,43.7466],[2.90932,43.74702],[2.90639,43.74715],[2.90441,43.74602],[2.90315,43.74221]]]}},{"type":"Feature","id":"fr-commune-12180","properties":{"id":"fr-commune-12180","name":"Peyreleau","kind":"commune","center":[3.2066,44.174],"code":"12180","department":"12"},"bbox":[3.17329,44.14955,3.23995,44.19838],"geometry":{"type":"Polygon","coordinates":[[[3.20339,44.15225],[3.20397,44.15332],[3.20232,44.1564],[3.1991,44.15845],[3.1967,44.16054],[3.19449,44.16168],[3.19182,44.16429],[3.18934,44.16578],[3.18821,44.16572],[3.1862,44.16654],[3.18524,44.16786],[3.18331,44.16843],[3.18316,44.16943],[3.18048,44.1714],[3.17903,44.172],[3.17746,44.1737],[3.17679,44.17577],[3.17381,44.17686],[3.1739,44.17795],[3.17333,44.1802],[3.17427,44.18421],[3.17431,44.18574],[3.17349,44.18966],[3.17329,44.19003],[3.17338,44.19289],[3.1751,44.19304],[3.17699,44.19114],[3.17806,44.19062],[3.17927,44.19218],[3.18072,44.19119],[3.1812,44.19238],[3.18272,44.19418],[3.18312,44.19581],[3.18459,44.19532],[3.18896,44.19483],[3.19051,44.19573],[3.1903,44.19782],[3.19213,44.19838],[3.19503,44.19739],[3.19712,44.19626],[3.19816,44.195],[3.20065,44.19413],[3.20423,44.19354],[3.20338,44.19168],[3.20406,44.18989],[3.2089,44.19021],[3.21363,44.18965],[3.21586,44.19],[3.21831,44.19108],[3.22612,44.19086],[3.22651,44.19067],[3.2271,44.19007],[3.22875,44.19036],[3.23034,44.18991],[3.23768,44.19024],[3.2394,44.19094],[3.23995,44.18821],[3.23883,44.18582],[3.23721,44.18703],[3.23599,44.18714],[3.23294,44.18637],[3.23251,44.187],[3.22916,44.18641],[3.22778,44.18389],[3.22799,44.18129],[3.22881,44.17941],[3.23099,44.17887],[3.23181,44.17735],[3.23357,44.17735],[3.23577,44.17455],[3.23424,44.17137],[3.23229,44.17],[3.23082,44.17001],[3.23153,44.16857],[3.22831,44.16812],[3.22888,44.16672],[3.22886,44.16523],[3.23078,44.16215],[3.2268,44.1621],[3.2254,44.16152],[3.22398,44.16152],[3.22198,44.16033],[3.22183,44.15936],[3.22061,44.15887],[3.21993,44.15786],[3.21783,44.15671],[3.21801,44.15529],[3.21709,44.15333],[3.21845,44.15203],[3.21735,44.15167],[3.21698,44.15027],[3.21601,44.14955],[3.21482,44.15042],[3.21088,44.15129],[3.20978,44.15086],[3.20531,44.15221],[3.20339,44.15225]]]}},{"type":"Feature","id":"fr-commune-12181","properties":{"id":"fr-commune-12181","name":"Peyrusse-le-Roc","kind":"commune","center":[2.1342,44.5002],"code":"12181","department":"12"},"bbox":[2.10702,44.47264,2.1613,44.52788],"geometry":{"type":"Polygon","coordinates":[[[2.14899,44.52617],[2.15073,44.52744],[2.15266,44.52788],[2.15666,44.52715],[2.15796,44.52632],[2.15744,44.52457],[2.15823,44.52321],[2.15799,44.52224],[2.1595,44.52088],[2.16034,44.51684],[2.1613,44.51523],[2.16028,44.51445],[2.15779,44.51379],[2.15679,44.51217],[2.15519,44.51079],[2.15633,44.50935],[2.1542,44.50548],[2.15088,44.50534],[2.14949,44.50566],[2.1495,44.50296],[2.14837,44.50183],[2.14585,44.50032],[2.14807,44.49925],[2.14816,44.49795],[2.1506,44.49508],[2.15196,44.49558],[2.15262,44.49393],[2.15236,44.49189],[2.15079,44.49052],[2.15002,44.48809],[2.14876,44.48629],[2.14714,44.48614],[2.14553,44.48545],[2.14499,44.48457],[2.14323,44.4852],[2.1436,44.48255],[2.14421,44.48115],[2.14566,44.48049],[2.14642,44.47938],[2.1463,44.47754],[2.14559,44.47556],[2.14366,44.47444],[2.14263,44.47264],[2.14069,44.47276],[2.13943,44.4734],[2.13664,44.47333],[2.13444,44.47376],[2.13153,44.47302],[2.12732,44.47353],[2.12569,44.47533],[2.12461,44.47516],[2.12354,44.4768],[2.12112,44.47644],[2.11946,44.4776],[2.12322,44.48514],[2.12464,44.48959],[2.12544,44.49103],[2.12417,44.49217],[2.12175,44.4965],[2.12007,44.4981],[2.11889,44.50163],[2.11881,44.50471],[2.11755,44.50688],[2.11526,44.50944],[2.11134,44.50952],[2.1101,44.51136],[2.1116,44.51167],[2.11064,44.51334],[2.10806,44.51516],[2.10926,44.51656],[2.10932,44.51746],[2.10791,44.51853],[2.10702,44.52077],[2.10902,44.5205],[2.1105,44.52255],[2.11075,44.52372],[2.1096,44.52437],[2.11044,44.52556],[2.11253,44.52523],[2.11577,44.52602],[2.11433,44.52466],[2.11831,44.52235],[2.12075,44.52337],[2.12491,44.52243],[2.12753,44.5209],[2.12965,44.52064],[2.13193,44.52356],[2.13293,44.52305],[2.13312,44.5215],[2.13417,44.51977],[2.13303,44.51876],[2.1331,44.51724],[2.13411,44.51616],[2.13851,44.51617],[2.14138,44.51256],[2.14341,44.51206],[2.14539,44.51333],[2.14663,44.51477],[2.148,44.51725],[2.14802,44.51889],[2.14938,44.52111],[2.15078,44.52201],[2.14878,44.52354],[2.14938,44.52496],[2.14899,44.52617]]]}},{"type":"Feature","id":"fr-commune-12182","properties":{"id":"fr-commune-12182","name":"Pierrefiche","kind":"commune","center":[2.9233,44.4347],"code":"12182","department":"12"},"bbox":[2.88443,44.41096,2.96208,44.45853],"geometry":{"type":"Polygon","coordinates":[[[2.96208,44.45084],[2.96034,44.44768],[2.96027,44.44465],[2.95989,44.44337],[2.9587,44.44278],[2.95814,44.44003],[2.95661,44.44085],[2.95579,44.43864],[2.9539,44.43709],[2.95253,44.43814],[2.95172,44.43727],[2.94808,44.43555],[2.94741,44.434],[2.94596,44.43367],[2.94572,44.43249],[2.9444,44.43229],[2.94376,44.43017],[2.94409,44.42838],[2.94288,44.42798],[2.94176,44.42633],[2.94095,44.42598],[2.93959,44.42407],[2.9377,44.42514],[2.93724,44.4233],[2.93505,44.42254],[2.93405,44.4214],[2.93274,44.42213],[2.9307,44.42066],[2.93223,44.41921],[2.93208,44.41798],[2.92965,44.41766],[2.92798,44.41592],[2.92731,44.41343],[2.92049,44.41455],[2.91934,44.41538],[2.91746,44.41576],[2.91321,44.4161],[2.91106,44.4159],[2.90936,44.41475],[2.91067,44.41376],[2.90967,44.41311],[2.908,44.4112],[2.90719,44.41287],[2.90605,44.41344],[2.9039,44.41287],[2.90441,44.41096],[2.90222,44.41193],[2.90073,44.41168],[2.90022,44.41275],[2.89848,44.41222],[2.89763,44.41145],[2.89236,44.41218],[2.89186,44.41163],[2.88877,44.41235],[2.8887,44.41376],[2.88949,44.41448],[2.89354,44.41562],[2.89474,44.41512],[2.89639,44.41592],[2.89837,44.41561],[2.8986,44.41672],[2.89396,44.41903],[2.89483,44.42014],[2.89371,44.42105],[2.89377,44.42392],[2.89191,44.42383],[2.88936,44.42731],[2.88701,44.42821],[2.88553,44.42928],[2.88443,44.43141],[2.88623,44.43246],[2.88972,44.43518],[2.88959,44.43705],[2.89027,44.43999],[2.89,44.44104],[2.8935,44.444],[2.89621,44.44563],[2.89682,44.44776],[2.89811,44.44748],[2.89887,44.44869],[2.90162,44.44791],[2.90268,44.44643],[2.90244,44.44508],[2.9057,44.44211],[2.90668,44.44029],[2.90845,44.44121],[2.90939,44.44302],[2.90938,44.44417],[2.9111,44.44414],[2.91303,44.445],[2.91629,44.44764],[2.91885,44.44841],[2.92401,44.44802],[2.92716,44.44875],[2.92935,44.44977],[2.93161,44.44977],[2.93242,44.45074],[2.93498,44.45157],[2.93802,44.45059],[2.94055,44.44945],[2.94334,44.45095],[2.94718,44.45224],[2.94907,44.45349],[2.95071,44.45344],[2.95371,44.45448],[2.95572,44.4545],[2.95734,44.45499],[2.95734,44.45655],[2.95824,44.45821],[2.95984,44.45853],[2.95946,44.45759],[2.95976,44.45453],[2.961,44.45207],[2.96208,44.45084]]]}},{"type":"Feature","id":"fr-commune-12183","properties":{"id":"fr-commune-12183","name":"Plaisance","kind":"commune","center":[2.5626,43.9283],"code":"12183","department":"12"},"bbox":[2.53489,43.90246,2.59005,43.95419],"geometry":{"type":"Polygon","coordinates":[[[2.53726,43.9338],[2.5372,43.93553],[2.53961,43.93683],[2.53937,43.93805],[2.53959,43.94078],[2.53907,43.94436],[2.54112,43.94623],[2.54258,43.94683],[2.54457,43.9493],[2.54667,43.95027],[2.54798,43.94922],[2.54935,43.94889],[2.5493,43.95044],[2.54916,43.95164],[2.55058,43.95252],[2.55153,43.95388],[2.55322,43.95419],[2.55542,43.95406],[2.55681,43.95359],[2.56077,43.95385],[2.56186,43.95298],[2.56432,43.95318],[2.56396,43.94944],[2.56444,43.94838],[2.56431,43.94544],[2.57341,43.94459],[2.57353,43.94301],[2.57468,43.94258],[2.57714,43.94322],[2.58337,43.94133],[2.58454,43.94065],[2.58371,43.93951],[2.5838,43.93776],[2.5846,43.9349],[2.58351,43.93244],[2.5839,43.93065],[2.58246,43.92924],[2.5844,43.92887],[2.58555,43.9271],[2.58717,43.92561],[2.58708,43.92419],[2.58894,43.92266],[2.59001,43.92113],[2.59005,43.9186],[2.58896,43.91758],[2.58743,43.91742],[2.58496,43.91588],[2.58195,43.9148],[2.58103,43.9151],[2.57445,43.91283],[2.57173,43.91086],[2.57004,43.90908],[2.56768,43.90771],[2.56509,43.90467],[2.56499,43.90319],[2.56056,43.90297],[2.55729,43.90246],[2.55581,43.90303],[2.55469,43.905],[2.55346,43.90603],[2.55268,43.90795],[2.55265,43.90883],[2.55381,43.91141],[2.55428,43.91334],[2.55612,43.91587],[2.55666,43.9186],[2.5545,43.9218],[2.55285,43.92186],[2.54968,43.92271],[2.55134,43.92382],[2.55296,43.92406],[2.5537,43.92494],[2.55292,43.92603],[2.5484,43.92585],[2.54688,43.92419],[2.54524,43.92388],[2.54439,43.9243],[2.5443,43.92592],[2.54493,43.92722],[2.54664,43.92804],[2.54638,43.9296],[2.54329,43.92817],[2.5394,43.92523],[2.53763,43.9249],[2.53619,43.92578],[2.53615,43.9272],[2.53489,43.92829],[2.53713,43.93066],[2.53796,43.93211],[2.53797,43.93352],[2.53726,43.9338]]]}},{"type":"Feature","id":"fr-commune-12184","properties":{"id":"fr-commune-12184","name":"Pomayrols","kind":"commune","center":[3.0563,44.4898],"code":"12184","department":"12"},"bbox":[3.01312,44.45943,3.09945,44.52047],"geometry":{"type":"Polygon","coordinates":[[[3.07623,44.51946],[3.07659,44.51806],[3.07315,44.51146],[3.07122,44.50888],[3.06937,44.50479],[3.06796,44.50275],[3.06828,44.50206],[3.07071,44.4996],[3.07275,44.49805],[3.07488,44.49515],[3.07607,44.49404],[3.08007,44.49374],[3.08197,44.49303],[3.08437,44.49085],[3.08954,44.48691],[3.09547,44.48349],[3.09862,44.48228],[3.09945,44.48082],[3.09863,44.47873],[3.09878,44.47777],[3.09811,44.47497],[3.09644,44.47421],[3.09411,44.47248],[3.09221,44.47008],[3.09053,44.46939],[3.08912,44.46802],[3.08868,44.46676],[3.09,44.46414],[3.08958,44.46285],[3.08995,44.46136],[3.0864,44.45966],[3.08435,44.46092],[3.08297,44.46098],[3.08154,44.45943],[3.07966,44.45955],[3.07859,44.46053],[3.07897,44.46206],[3.07734,44.46427],[3.07562,44.46492],[3.07446,44.46446],[3.07259,44.4648],[3.07186,44.46568],[3.07206,44.46706],[3.07116,44.46825],[3.06788,44.46729],[3.0634,44.46861],[3.06195,44.46878],[3.0579,44.46847],[3.0534,44.46966],[3.05073,44.46861],[3.04756,44.46955],[3.04536,44.47033],[3.04282,44.46985],[3.04052,44.46863],[3.03856,44.46926],[3.03722,44.47082],[3.03593,44.47115],[3.03414,44.47],[3.0312,44.46874],[3.02935,44.46954],[3.02721,44.46942],[3.02591,44.4672],[3.02467,44.46596],[3.02314,44.46582],[3.02244,44.4671],[3.02259,44.46856],[3.02152,44.47072],[3.02042,44.4744],[3.01937,44.47551],[3.01739,44.47589],[3.01426,44.47727],[3.01312,44.47741],[3.0133,44.47919],[3.01433,44.4812],[3.01523,44.47974],[3.02051,44.47893],[3.02149,44.48058],[3.02289,44.48147],[3.02354,44.48291],[3.02514,44.48384],[3.02694,44.48583],[3.02702,44.48745],[3.03016,44.49185],[3.03188,44.49368],[3.02988,44.49368],[3.03129,44.49509],[3.0326,44.49757],[3.03506,44.4987],[3.0359,44.50097],[3.03493,44.50186],[3.03609,44.50394],[3.03833,44.50516],[3.04085,44.50605],[3.04139,44.50852],[3.0429,44.50918],[3.04374,44.51085],[3.04494,44.50998],[3.04852,44.50913],[3.05185,44.51069],[3.05337,44.51221],[3.05458,44.51555],[3.05451,44.51739],[3.05846,44.51846],[3.06034,44.51817],[3.0616,44.51869],[3.06385,44.5203],[3.0665,44.52047],[3.07252,44.51944],[3.07623,44.51946]]]}},{"type":"Feature","id":"fr-commune-12185","properties":{"id":"fr-commune-12185","name":"Pont-de-Salars","kind":"commune","center":[2.7171,44.2771],"code":"12185","department":"12"},"bbox":[2.65241,44.23601,2.78175,44.31828],"geometry":{"type":"Polygon","coordinates":[[[2.75813,44.26525],[2.75613,44.26544],[2.75504,44.26492],[2.75215,44.26461],[2.75114,44.26336],[2.7502,44.26368],[2.74861,44.26298],[2.74519,44.26383],[2.74161,44.26609],[2.7402,44.26732],[2.73986,44.26829],[2.73678,44.27039],[2.73755,44.27201],[2.73614,44.27242],[2.73517,44.27341],[2.73354,44.27292],[2.73248,44.2743],[2.73066,44.27265],[2.72972,44.27047],[2.72798,44.26939],[2.72624,44.26781],[2.72466,44.26472],[2.72315,44.26334],[2.72311,44.26256],[2.72509,44.2621],[2.72439,44.25943],[2.72465,44.25786],[2.72681,44.25508],[2.72343,44.25198],[2.72308,44.25103],[2.72173,44.24999],[2.72019,44.24942],[2.71917,44.24825],[2.71601,44.24636],[2.7139,44.24455],[2.71291,44.24515],[2.71138,44.24294],[2.70495,44.24432],[2.70309,44.24546],[2.70143,44.24459],[2.6982,44.24484],[2.69653,44.24406],[2.6964,44.24204],[2.69482,44.24033],[2.69255,44.23861],[2.69146,44.23716],[2.68845,44.23622],[2.68688,44.23601],[2.6863,44.23747],[2.685,44.23908],[2.68235,44.23923],[2.67864,44.23852],[2.6766,44.24014],[2.67625,44.2411],[2.67413,44.2418],[2.6731,44.24257],[2.6715,44.2426],[2.66885,44.24378],[2.66851,44.24536],[2.66898,44.24674],[2.66842,44.24803],[2.66476,44.24756],[2.66307,44.24832],[2.66322,44.25059],[2.66515,44.25272],[2.66557,44.25499],[2.66633,44.25635],[2.66617,44.25736],[2.66428,44.25829],[2.66234,44.25865],[2.66078,44.25937],[2.65662,44.25953],[2.65468,44.26071],[2.65582,44.26255],[2.65838,44.26296],[2.65911,44.26415],[2.66119,44.26521],[2.66012,44.26791],[2.65513,44.26895],[2.65305,44.26883],[2.65241,44.26998],[2.65511,44.27019],[2.65688,44.27071],[2.65624,44.27416],[2.65852,44.27608],[2.6594,44.27827],[2.66099,44.27901],[2.66167,44.2781],[2.66185,44.27666],[2.6636,44.27625],[2.66371,44.2729],[2.66476,44.27184],[2.66301,44.27094],[2.66278,44.26915],[2.66324,44.26752],[2.66642,44.26674],[2.66887,44.26858],[2.66972,44.26958],[2.66895,44.2716],[2.66715,44.27297],[2.66652,44.27507],[2.66823,44.27624],[2.66745,44.27695],[2.66799,44.27785],[2.66656,44.27894],[2.66669,44.28019],[2.66355,44.28198],[2.66362,44.2835],[2.66508,44.28504],[2.66584,44.28779],[2.66532,44.28954],[2.6641,44.29052],[2.66583,44.29238],[2.66785,44.29238],[2.66837,44.29326],[2.67117,44.29403],[2.67199,44.29387],[2.67317,44.29524],[2.67396,44.2949],[2.67341,44.29241],[2.67558,44.29172],[2.6794,44.2897],[2.68128,44.28839],[2.6834,44.28967],[2.68915,44.29782],[2.68969,44.30023],[2.69133,44.30217],[2.69334,44.3066],[2.69579,44.30854],[2.69751,44.30915],[2.69853,44.31009],[2.7026,44.31828],[2.70274,44.31787],[2.7075,44.3169],[2.71067,44.3169],[2.71428,44.31597],[2.7184,44.31516],[2.72074,44.31496],[2.72176,44.31564],[2.72536,44.31366],[2.7318,44.31298],[2.73294,44.31315],[2.7341,44.31192],[2.73562,44.31136],[2.73713,44.30978],[2.73801,44.30825],[2.7398,44.30686],[2.73988,44.30472],[2.73953,44.30162],[2.73812,44.29858],[2.73793,44.29694],[2.73913,44.29624],[2.74425,44.29554],[2.74713,44.29582],[2.74852,44.29514],[2.75163,44.29513],[2.75419,44.29466],[2.7557,44.29379],[2.75815,44.29345],[2.76089,44.29215],[2.76313,44.29397],[2.76645,44.2956],[2.76847,44.29615],[2.76922,44.29588],[2.77493,44.29571],[2.77686,44.29423],[2.77723,44.29317],[2.78033,44.29044],[2.78175,44.28719],[2.78098,44.28591],[2.77982,44.28586],[2.77659,44.2848],[2.77343,44.28312],[2.77214,44.28275],[2.76834,44.28095],[2.76582,44.28146],[2.76417,44.28069],[2.76199,44.28064],[2.76228,44.27966],[2.75951,44.27747],[2.75718,44.27653],[2.75638,44.27833],[2.75494,44.27771],[2.75574,44.27622],[2.75393,44.27623],[2.74865,44.27529],[2.7484,44.27339],[2.74965,44.27362],[2.75072,44.27301],[2.751,44.27133],[2.75314,44.27159],[2.75356,44.26867],[2.75536,44.26749],[2.75661,44.26618],[2.75813,44.26525]]]}},{"type":"Feature","id":"fr-commune-12186","properties":{"id":"fr-commune-12186","name":"Pousthomy","kind":"commune","center":[2.5972,43.8489],"code":"12186","department":"12"},"bbox":[2.56367,43.817,2.63073,43.88067],"geometry":{"type":"Polygon","coordinates":[[[2.59967,43.817],[2.59883,43.8181],[2.59735,43.81896],[2.59614,43.8188],[2.59197,43.81778],[2.59047,43.81826],[2.59074,43.81964],[2.59215,43.82069],[2.59191,43.82221],[2.59243,43.8236],[2.5917,43.82574],[2.5926,43.82685],[2.59728,43.82896],[2.59787,43.83015],[2.59821,43.8334],[2.59704,43.83427],[2.59591,43.83708],[2.59418,43.83921],[2.59664,43.84045],[2.59727,43.84124],[2.59357,43.84123],[2.59164,43.84177],[2.58894,43.84173],[2.58766,43.84246],[2.58761,43.84385],[2.58898,43.84641],[2.58725,43.84831],[2.5873,43.84963],[2.58355,43.85046],[2.58441,43.85196],[2.58142,43.85295],[2.57993,43.85381],[2.57813,43.85365],[2.57603,43.85504],[2.57529,43.8563],[2.57391,43.85698],[2.57093,43.85708],[2.5681,43.85753],[2.5692,43.85904],[2.56826,43.86143],[2.56629,43.86267],[2.56448,43.86258],[2.56378,43.86309],[2.56367,43.86528],[2.56551,43.86794],[2.56842,43.86895],[2.57285,43.87008],[2.57505,43.87095],[2.57654,43.87221],[2.57881,43.87328],[2.57999,43.87618],[2.58113,43.87786],[2.58272,43.87914],[2.58577,43.88067],[2.59054,43.8802],[2.5931,43.87908],[2.59396,43.87777],[2.59808,43.87847],[2.59999,43.87845],[2.60059,43.87922],[2.60237,43.87927],[2.60705,43.87857],[2.61106,43.87649],[2.61328,43.87587],[2.61492,43.87488],[2.61752,43.87401],[2.61763,43.87266],[2.61658,43.87214],[2.61771,43.87117],[2.61826,43.86997],[2.621,43.86909],[2.62295,43.86937],[2.62403,43.86908],[2.62498,43.8675],[2.62434,43.86639],[2.62104,43.86373],[2.62079,43.8615],[2.62446,43.86002],[2.62806,43.85748],[2.62928,43.85652],[2.63073,43.85436],[2.626,43.85391],[2.62435,43.85407],[2.6223,43.85363],[2.6218,43.853],[2.62218,43.85146],[2.6188,43.84749],[2.61647,43.84604],[2.6156,43.84369],[2.61306,43.84103],[2.61287,43.83923],[2.61218,43.83781],[2.61269,43.83539],[2.61358,43.83314],[2.61062,43.83066],[2.60807,43.8294],[2.60693,43.82846],[2.60618,43.82662],[2.60471,43.82447],[2.60361,43.82355],[2.60134,43.81951],[2.60124,43.81824],[2.59967,43.817]]]}},{"type":"Feature","id":"fr-commune-12187","properties":{"id":"fr-commune-12187","name":"Prades-d'Aubrac","kind":"commune","center":[2.9714,44.541],"code":"12187","department":"12"},"bbox":[2.90619,44.48139,3.03717,44.60068],"geometry":{"type":"Polygon","coordinates":[[[2.91278,44.53402],[2.91519,44.53383],[2.9179,44.53508],[2.92069,44.53536],[2.921,44.5371],[2.92399,44.53687],[2.92387,44.53848],[2.92469,44.53947],[2.92461,44.54043],[2.92581,44.54124],[2.92619,44.54277],[2.92811,44.54247],[2.93056,44.54323],[2.93226,44.54326],[2.93431,44.54493],[2.93598,44.54552],[2.9377,44.5453],[2.93837,44.54773],[2.93982,44.54808],[2.94312,44.54991],[2.94445,44.55124],[2.94449,44.55315],[2.94549,44.55386],[2.94669,44.55754],[2.94903,44.55782],[2.95024,44.55878],[2.95242,44.55979],[2.95477,44.56024],[2.95581,44.55977],[2.96011,44.55971],[2.96241,44.55911],[2.96475,44.55773],[2.96965,44.55982],[2.97115,44.56027],[2.97365,44.56224],[2.97587,44.56436],[2.97744,44.56714],[2.98129,44.57015],[2.9823,44.5721],[2.98464,44.57362],[2.98581,44.57395],[2.98697,44.57502],[2.99038,44.57541],[2.99146,44.5746],[2.99306,44.5756],[2.99233,44.57649],[2.99538,44.57987],[2.9951,44.58145],[2.9961,44.58288],[2.9982,44.58305],[2.99993,44.58381],[3.00133,44.58519],[3.00311,44.58417],[3.00474,44.58454],[3.00768,44.58418],[3.00993,44.58341],[3.01107,44.58416],[3.0131,44.583],[3.01513,44.5831],[3.01698,44.58414],[3.01592,44.58602],[3.01331,44.58884],[3.01044,44.59153],[3.01185,44.59343],[3.01309,44.59662],[3.01374,44.59728],[3.01399,44.59881],[3.01577,44.6003],[3.01735,44.60024],[3.02162,44.59954],[3.02509,44.59961],[3.02638,44.59987],[3.02931,44.59945],[3.03105,44.60068],[3.03194,44.5977],[3.03363,44.59674],[3.03717,44.5956],[3.03662,44.59522],[3.03627,44.59257],[3.03485,44.59132],[3.03362,44.58715],[3.02985,44.58379],[3.02963,44.58304],[3.03134,44.58142],[3.03162,44.58003],[3.03265,44.57909],[3.03061,44.57676],[3.02841,44.57598],[3.02626,44.57351],[3.02223,44.5719],[3.02103,44.56839],[3.02136,44.56806],[3.02105,44.5652],[3.02206,44.56361],[3.02202,44.56125],[3.01996,44.55932],[3.01815,44.55851],[3.01789,44.55789],[3.01569,44.55672],[3.0134,44.55665],[3.01149,44.55545],[3.01061,44.55311],[3.01009,44.55277],[3.00853,44.55005],[3.00576,44.54809],[3.00434,44.54622],[3.00243,44.54483],[3.00136,44.54341],[2.99829,44.54107],[2.99691,44.53962],[2.99458,44.53885],[2.99344,44.53766],[2.99255,44.53539],[2.99042,44.5332],[2.99053,44.53055],[2.98977,44.52911],[2.98991,44.52702],[2.98878,44.52582],[2.98698,44.52486],[2.98444,44.52268],[2.98255,44.52298],[2.9808,44.52187],[2.97909,44.52166],[2.977,44.52079],[2.97554,44.51968],[2.97518,44.51839],[2.9723,44.5154],[2.97028,44.51517],[2.96954,44.51465],[2.96786,44.51482],[2.96632,44.51388],[2.96552,44.51226],[2.96609,44.51051],[2.96563,44.50848],[2.96441,44.50675],[2.96441,44.50552],[2.96246,44.50415],[2.96192,44.50306],[2.96082,44.50238],[2.95865,44.50309],[2.95753,44.50234],[2.95516,44.49952],[2.95207,44.49894],[2.95168,44.49727],[2.94997,44.49586],[2.95018,44.49367],[2.94751,44.49153],[2.94682,44.49018],[2.94528,44.49047],[2.94363,44.48969],[2.94311,44.48892],[2.9417,44.4889],[2.94004,44.48784],[2.93912,44.48875],[2.93686,44.48568],[2.93476,44.48546],[2.93359,44.48383],[2.93151,44.4824],[2.93126,44.48183],[2.92792,44.48139],[2.92649,44.48164],[2.92856,44.48556],[2.92874,44.48741],[2.92639,44.48892],[2.92291,44.49007],[2.92128,44.48974],[2.92058,44.49044],[2.92087,44.49188],[2.92004,44.49406],[2.92182,44.49482],[2.92158,44.49632],[2.92441,44.49739],[2.92483,44.49837],[2.92653,44.50025],[2.92573,44.50179],[2.92697,44.50656],[2.93009,44.50969],[2.93193,44.51197],[2.9347,44.51245],[2.93396,44.51336],[2.93182,44.51319],[2.93133,44.51413],[2.9297,44.51473],[2.92933,44.51545],[2.9306,44.51692],[2.92815,44.51797],[2.92766,44.51879],[2.92452,44.51962],[2.92463,44.51844],[2.92361,44.51665],[2.92153,44.51648],[2.9199,44.5168],[2.91968,44.51905],[2.91698,44.51929],[2.9159,44.51867],[2.91447,44.52002],[2.91487,44.52179],[2.91202,44.52225],[2.90957,44.52447],[2.90988,44.52585],[2.9094,44.5274],[2.9074,44.52918],[2.90619,44.53129],[2.90784,44.53186],[2.90926,44.53346],[2.9117,44.53353],[2.91278,44.53402]]]}},{"type":"Feature","id":"fr-commune-12188","properties":{"id":"fr-commune-12188","name":"Prades-Salars","kind":"commune","center":[2.7901,44.2461],"code":"12188","department":"12"},"bbox":[2.7484,44.20941,2.83185,44.28275],"geometry":{"type":"Polygon","coordinates":[[[2.78158,44.21504],[2.78122,44.21622],[2.78231,44.22201],[2.78366,44.22295],[2.78423,44.2247],[2.78356,44.22512],[2.7838,44.22751],[2.7862,44.22908],[2.7868,44.23113],[2.78839,44.23141],[2.7889,44.23223],[2.77917,44.23464],[2.77549,44.23605],[2.77603,44.2367],[2.77163,44.23984],[2.76851,44.24075],[2.76399,44.24147],[2.76304,44.24236],[2.76074,44.24262],[2.75952,44.24416],[2.75962,44.24552],[2.7615,44.24969],[2.76108,44.25207],[2.75877,44.25276],[2.75887,44.2543],[2.75809,44.25568],[2.75848,44.25695],[2.7583,44.25861],[2.76001,44.26086],[2.75951,44.26185],[2.76022,44.26396],[2.7597,44.26489],[2.75813,44.26525],[2.75661,44.26618],[2.75536,44.26749],[2.75356,44.26867],[2.75314,44.27159],[2.751,44.27133],[2.75072,44.27301],[2.74965,44.27362],[2.7484,44.27339],[2.74865,44.27529],[2.75393,44.27623],[2.75574,44.27622],[2.75494,44.27771],[2.75638,44.27833],[2.75718,44.27653],[2.75951,44.27747],[2.76228,44.27966],[2.76199,44.28064],[2.76417,44.28069],[2.76582,44.28146],[2.76834,44.28095],[2.77214,44.28275],[2.77438,44.2812],[2.77579,44.28173],[2.77804,44.28008],[2.77876,44.27853],[2.78248,44.27638],[2.78535,44.27583],[2.79258,44.27894],[2.7966,44.27795],[2.79878,44.27797],[2.80382,44.27673],[2.80531,44.27543],[2.80753,44.27494],[2.80809,44.27349],[2.80776,44.27178],[2.81038,44.27132],[2.81217,44.27211],[2.81412,44.26955],[2.8183,44.26594],[2.81891,44.26477],[2.81878,44.26349],[2.82086,44.26278],[2.82259,44.26115],[2.82473,44.2577],[2.82232,44.25219],[2.8242,44.25054],[2.82164,44.24718],[2.82834,44.24807],[2.83098,44.24694],[2.82959,44.24654],[2.82739,44.24497],[2.82619,44.24453],[2.82398,44.24295],[2.82443,44.24082],[2.82581,44.24106],[2.82949,44.24029],[2.83185,44.23901],[2.83145,44.23654],[2.83126,44.23564],[2.82729,44.23332],[2.82792,44.23263],[2.82462,44.23063],[2.82521,44.22921],[2.82455,44.22664],[2.82379,44.22569],[2.82208,44.22536],[2.8214,44.22225],[2.82043,44.22079],[2.8174,44.22096],[2.81579,44.21976],[2.81292,44.21912],[2.8127,44.216],[2.81083,44.21034],[2.80914,44.20946],[2.80785,44.20941],[2.80558,44.2107],[2.80436,44.21188],[2.80366,44.214],[2.80005,44.21483],[2.7977,44.21559],[2.79291,44.2161],[2.78894,44.21604],[2.78788,44.21557],[2.78647,44.2136],[2.78426,44.21371],[2.78342,44.21465],[2.78158,44.21504]]]}},{"type":"Feature","id":"fr-commune-12189","properties":{"id":"fr-commune-12189","name":"Pradinas","kind":"commune","center":[2.2676,44.2485],"code":"12189","department":"12"},"bbox":[2.24133,44.20926,2.29351,44.28769],"geometry":{"type":"Polygon","coordinates":[[[2.28602,44.21895],[2.28379,44.2197],[2.28309,44.21822],[2.28451,44.21656],[2.28234,44.21542],[2.28122,44.21363],[2.27814,44.21318],[2.27848,44.21038],[2.27687,44.21064],[2.27403,44.21054],[2.27164,44.20992],[2.26977,44.21127],[2.26736,44.20926],[2.26492,44.21042],[2.2648,44.21178],[2.26405,44.21222],[2.26303,44.21428],[2.26109,44.21632],[2.25834,44.21777],[2.25901,44.2185],[2.25658,44.21993],[2.25618,44.2213],[2.2562,44.22467],[2.25556,44.22632],[2.25803,44.22801],[2.25516,44.22996],[2.25297,44.22919],[2.24914,44.22899],[2.24777,44.22831],[2.24633,44.22651],[2.24346,44.22635],[2.24158,44.22705],[2.24133,44.23023],[2.24324,44.23088],[2.2446,44.23063],[2.24711,44.23076],[2.24788,44.23214],[2.24702,44.23444],[2.2478,44.23896],[2.24686,44.24024],[2.24737,44.24195],[2.24656,44.24278],[2.2472,44.24443],[2.24654,44.24508],[2.24694,44.24817],[2.24819,44.2502],[2.24761,44.25244],[2.24771,44.25356],[2.24973,44.25625],[2.24952,44.25786],[2.25032,44.25897],[2.24969,44.26058],[2.24874,44.26145],[2.2463,44.26619],[2.24515,44.26644],[2.24584,44.26802],[2.24718,44.26787],[2.24897,44.26977],[2.24895,44.2721],[2.24967,44.27269],[2.24977,44.27416],[2.25042,44.27541],[2.25219,44.27548],[2.2519,44.27653],[2.25284,44.27849],[2.25352,44.28074],[2.25355,44.28241],[2.25262,44.2833],[2.25442,44.2865],[2.2553,44.28746],[2.25741,44.2872],[2.25935,44.28769],[2.26128,44.28572],[2.26239,44.28542],[2.26347,44.28389],[2.2665,44.28321],[2.26783,44.28211],[2.26953,44.28171],[2.26961,44.27946],[2.27141,44.27962],[2.27454,44.27894],[2.27634,44.27919],[2.2795,44.27827],[2.28043,44.27543],[2.28214,44.27446],[2.27963,44.27369],[2.28171,44.27225],[2.282,44.26886],[2.28361,44.26685],[2.28391,44.26518],[2.28255,44.26508],[2.28242,44.26366],[2.28381,44.26342],[2.28439,44.26242],[2.28225,44.26212],[2.28184,44.26119],[2.28277,44.2604],[2.28448,44.26029],[2.28712,44.26098],[2.28817,44.2609],[2.28944,44.25931],[2.29037,44.25726],[2.29236,44.25571],[2.29119,44.25398],[2.29171,44.25253],[2.29315,44.25154],[2.29286,44.25009],[2.29089,44.24877],[2.29104,44.24671],[2.29179,44.24537],[2.28945,44.24505],[2.28752,44.24618],[2.28713,44.24466],[2.28908,44.24385],[2.29027,44.24207],[2.29225,44.24102],[2.29179,44.24015],[2.29184,44.23827],[2.29351,44.23769],[2.29228,44.23579],[2.2905,44.23654],[2.28938,44.235],[2.29011,44.23331],[2.28945,44.23266],[2.29225,44.23155],[2.29301,44.23016],[2.29205,44.22817],[2.29023,44.22894],[2.28971,44.22809],[2.29143,44.22619],[2.28793,44.22476],[2.28919,44.22334],[2.28913,44.22232],[2.28677,44.22214],[2.28533,44.22116],[2.28529,44.22009],[2.28602,44.21895]]]}},{"type":"Feature","id":"fr-commune-12190","properties":{"id":"fr-commune-12190","name":"Prévinquières","kind":"commune","center":[2.244,44.3683],"code":"12190","department":"12"},"bbox":[2.19945,44.34282,2.28841,44.39376],"geometry":{"type":"Polygon","coordinates":[[[2.20872,44.36203],[2.20815,44.36387],[2.20873,44.36741],[2.2093,44.36809],[2.21011,44.37067],[2.21038,44.37271],[2.21172,44.37318],[2.21131,44.37443],[2.21038,44.37516],[2.21053,44.37639],[2.21174,44.37755],[2.21338,44.37824],[2.21362,44.37971],[2.213,44.38115],[2.21159,44.38214],[2.20992,44.38397],[2.20507,44.3859],[2.20314,44.38606],[2.20286,44.38869],[2.19945,44.39088],[2.20099,44.39097],[2.20677,44.39258],[2.2099,44.3933],[2.21673,44.39376],[2.21857,44.39339],[2.22204,44.39185],[2.22367,44.39069],[2.22879,44.38882],[2.2333,44.38819],[2.23568,44.38768],[2.24061,44.38671],[2.24337,44.38428],[2.24262,44.38301],[2.23884,44.3807],[2.23679,44.38038],[2.2368,44.37801],[2.23987,44.37783],[2.24087,44.37824],[2.2449,44.37824],[2.2461,44.37684],[2.24755,44.37803],[2.24786,44.37886],[2.24951,44.37924],[2.25449,44.37906],[2.25624,44.37744],[2.25468,44.37691],[2.25451,44.37604],[2.25237,44.37442],[2.25352,44.37304],[2.25822,44.37165],[2.25899,44.37177],[2.26223,44.37354],[2.26326,44.37304],[2.26181,44.37109],[2.26235,44.36946],[2.26356,44.36885],[2.26476,44.36943],[2.26892,44.3673],[2.27031,44.36876],[2.2781,44.36675],[2.27979,44.36819],[2.28085,44.36792],[2.28242,44.36837],[2.28402,44.36829],[2.28631,44.36765],[2.28841,44.36781],[2.28782,44.36429],[2.28834,44.36091],[2.28572,44.3592],[2.28449,44.35906],[2.28474,44.3569],[2.28641,44.35563],[2.28465,44.35482],[2.284,44.35356],[2.28501,44.35223],[2.28404,44.3508],[2.28645,44.3503],[2.28636,44.34901],[2.28707,44.34715],[2.28669,44.34658],[2.28437,44.34622],[2.28366,44.34437],[2.28361,44.34282],[2.28069,44.34397],[2.27811,44.34352],[2.27421,44.3445],[2.27261,44.34412],[2.27029,44.34483],[2.26755,44.34436],[2.26481,44.34443],[2.26118,44.34529],[2.25945,44.34761],[2.25519,44.34883],[2.2524,44.34837],[2.24839,44.34692],[2.24758,44.34683],[2.24631,44.34533],[2.24537,44.34561],[2.243,44.34773],[2.24173,44.34807],[2.23839,44.3481],[2.23729,44.34843],[2.23553,44.3481],[2.23225,44.34913],[2.23089,44.34907],[2.22827,44.3499],[2.22821,44.35106],[2.22713,44.35216],[2.22497,44.35316],[2.22246,44.35578],[2.22119,44.3581],[2.21963,44.359],[2.21751,44.36105],[2.2148,44.3595],[2.21148,44.36065],[2.20872,44.36203]]]}},{"type":"Feature","id":"fr-commune-12191","properties":{"id":"fr-commune-12191","name":"Privezac","kind":"commune","center":[2.1976,44.4103],"code":"12191","department":"12"},"bbox":[2.15961,44.38768,2.23568,44.43288],"geometry":{"type":"Polygon","coordinates":[[[2.20677,44.39258],[2.20918,44.39489],[2.21122,44.39573],[2.21029,44.39724],[2.20996,44.39899],[2.20776,44.40003],[2.20506,44.40247],[2.20356,44.40305],[2.20168,44.40248],[2.19864,44.4025],[2.19781,44.40186],[2.19643,44.40247],[2.1938,44.40151],[2.19232,44.40017],[2.19026,44.40028],[2.18881,44.39932],[2.18791,44.39798],[2.18503,44.39687],[2.18452,44.39605],[2.18293,44.39673],[2.18074,44.39643],[2.17987,44.39763],[2.1808,44.39818],[2.17943,44.39942],[2.17948,44.40007],[2.17626,44.40144],[2.17619,44.40268],[2.17451,44.40366],[2.17232,44.40577],[2.17066,44.40678],[2.16585,44.41094],[2.16379,44.41233],[2.15961,44.41386],[2.16057,44.41436],[2.16293,44.41688],[2.17199,44.41875],[2.17488,44.41898],[2.17599,44.41945],[2.17468,44.42105],[2.17499,44.42326],[2.17989,44.42502],[2.18177,44.42606],[2.18536,44.42675],[2.18637,44.42738],[2.18859,44.42751],[2.1903,44.42824],[2.19115,44.42949],[2.19326,44.43128],[2.19433,44.43271],[2.1983,44.43288],[2.19997,44.42856],[2.20004,44.42666],[2.20126,44.42452],[2.20245,44.42395],[2.20252,44.42265],[2.20073,44.4191],[2.20059,44.4174],[2.20251,44.4161],[2.20487,44.41652],[2.20646,44.41305],[2.20532,44.41291],[2.20632,44.41153],[2.20394,44.40989],[2.20528,44.40882],[2.20693,44.40931],[2.20728,44.41129],[2.20804,44.41316],[2.20932,44.41179],[2.20945,44.40942],[2.2112,44.40933],[2.21455,44.4102],[2.21664,44.40997],[2.21874,44.40691],[2.21914,44.4048],[2.22134,44.40303],[2.22197,44.40183],[2.22348,44.40069],[2.2266,44.4006],[2.22747,44.39973],[2.22736,44.39836],[2.22796,44.396],[2.22908,44.39493],[2.23298,44.39239],[2.23398,44.39147],[2.23415,44.39015],[2.23568,44.38768],[2.2333,44.38819],[2.22879,44.38882],[2.22367,44.39069],[2.22204,44.39185],[2.21857,44.39339],[2.21673,44.39376],[2.2099,44.3933],[2.20677,44.39258]]]}},{"type":"Feature","id":"fr-commune-12192","properties":{"id":"fr-commune-12192","name":"Mounes-Prohencoux","kind":"commune","center":[2.8177,43.7953],"code":"12192","department":"12"},"bbox":[2.76669,43.75684,2.86863,43.8337],"geometry":{"type":"Polygon","coordinates":[[[2.82836,43.8337],[2.83045,43.83092],[2.83678,43.82988],[2.83663,43.82914],[2.83386,43.82707],[2.83281,43.82598],[2.83339,43.82515],[2.83661,43.82355],[2.83793,43.82329],[2.83845,43.82175],[2.84075,43.82087],[2.84254,43.81978],[2.84336,43.81982],[2.84418,43.81844],[2.84253,43.81308],[2.84615,43.81232],[2.84765,43.81135],[2.85054,43.80739],[2.85159,43.80655],[2.85373,43.80609],[2.85871,43.8043],[2.86141,43.80436],[2.86315,43.80277],[2.86133,43.79871],[2.86122,43.79657],[2.86063,43.79497],[2.86102,43.79373],[2.85734,43.79118],[2.8554,43.79007],[2.85597,43.78872],[2.85787,43.78767],[2.85928,43.78873],[2.8606,43.78829],[2.86771,43.78416],[2.86863,43.7828],[2.86725,43.78182],[2.86473,43.77774],[2.86337,43.77766],[2.85437,43.77239],[2.85171,43.77235],[2.84878,43.77115],[2.84541,43.77031],[2.84261,43.76932],[2.83989,43.76899],[2.83821,43.76965],[2.83559,43.76896],[2.83495,43.76693],[2.83512,43.76585],[2.83656,43.76504],[2.84079,43.76438],[2.84317,43.76249],[2.84399,43.76231],[2.84446,43.76084],[2.84599,43.75942],[2.8462,43.75771],[2.8443,43.7578],[2.84408,43.75888],[2.84209,43.75929],[2.83862,43.75944],[2.83725,43.76022],[2.83529,43.75871],[2.83271,43.75744],[2.82903,43.75684],[2.8275,43.75708],[2.82776,43.76021],[2.82934,43.76157],[2.83098,43.76384],[2.83119,43.76473],[2.83037,43.76677],[2.82927,43.76743],[2.82753,43.76734],[2.82751,43.76824],[2.82602,43.76905],[2.82367,43.76973],[2.82008,43.77344],[2.81923,43.77465],[2.81732,43.77459],[2.81608,43.77413],[2.81405,43.7742],[2.81083,43.77345],[2.81015,43.77299],[2.80776,43.77259],[2.80538,43.77172],[2.80368,43.77151],[2.8005,43.77225],[2.79588,43.77257],[2.79232,43.77197],[2.79381,43.77491],[2.79531,43.77549],[2.79622,43.77669],[2.80114,43.77972],[2.80428,43.78286],[2.80142,43.78395],[2.7998,43.78569],[2.79563,43.78557],[2.79168,43.78448],[2.78907,43.78425],[2.78526,43.78494],[2.78256,43.78699],[2.78167,43.78731],[2.77922,43.78796],[2.77954,43.78881],[2.7787,43.79228],[2.77536,43.79526],[2.77412,43.79662],[2.77223,43.79996],[2.76956,43.80208],[2.76759,43.8042],[2.76669,43.80767],[2.76901,43.80798],[2.77104,43.81004],[2.77399,43.81128],[2.77219,43.81346],[2.77357,43.81462],[2.77407,43.81575],[2.77689,43.81713],[2.78084,43.81709],[2.78256,43.81815],[2.78524,43.8191],[2.78836,43.82138],[2.79178,43.82193],[2.79514,43.82296],[2.79784,43.82506],[2.79928,43.82726],[2.80262,43.8308],[2.80528,43.8289],[2.80871,43.82834],[2.81082,43.83166],[2.81379,43.83102],[2.81603,43.83088],[2.81889,43.83032],[2.82099,43.83189],[2.82416,43.83312],[2.82836,43.8337]]]}},{"type":"Feature","id":"fr-commune-12193","properties":{"id":"fr-commune-12193","name":"Pruines","kind":"commune","center":[2.4875,44.5337],"code":"12193","department":"12"},"bbox":[2.44854,44.513,2.52636,44.5544],"geometry":{"type":"Polygon","coordinates":[[[2.52545,44.54372],[2.52532,44.54179],[2.52636,44.5407],[2.52569,44.53811],[2.5222,44.53622],[2.52094,44.53512],[2.51993,44.53252],[2.52092,44.52813],[2.5196,44.52742],[2.51847,44.52776],[2.5174,44.52657],[2.51773,44.525],[2.51681,44.52366],[2.514,44.52267],[2.51198,44.52126],[2.51202,44.52012],[2.51106,44.51869],[2.51141,44.51748],[2.50998,44.51631],[2.50922,44.51514],[2.50765,44.51502],[2.5062,44.51565],[2.50329,44.51582],[2.50177,44.51636],[2.50212,44.51765],[2.50034,44.51973],[2.49874,44.52013],[2.49602,44.51951],[2.49679,44.51814],[2.49238,44.51573],[2.49188,44.51418],[2.48963,44.51334],[2.48714,44.51314],[2.48404,44.5133],[2.48025,44.51467],[2.47857,44.51548],[2.47731,44.51418],[2.47467,44.513],[2.47257,44.51409],[2.47119,44.51611],[2.47058,44.51816],[2.46944,44.51847],[2.46625,44.51773],[2.46397,44.51794],[2.46292,44.51907],[2.4618,44.5193],[2.4621,44.5219],[2.4616,44.52302],[2.46161,44.52734],[2.45935,44.52734],[2.45897,44.52884],[2.45822,44.52911],[2.45866,44.53077],[2.45823,44.53167],[2.4583,44.53357],[2.45656,44.53374],[2.45461,44.53515],[2.45255,44.53505],[2.44854,44.53652],[2.45044,44.53805],[2.45102,44.54104],[2.45254,44.54221],[2.45479,44.54288],[2.45737,44.54449],[2.46046,44.5493],[2.46191,44.55069],[2.46248,44.553],[2.46305,44.55366],[2.46392,44.554],[2.46582,44.5535],[2.47345,44.55342],[2.47836,44.5513],[2.47991,44.55276],[2.48438,44.5544],[2.4835,44.55189],[2.48615,44.55108],[2.48691,44.55171],[2.48886,44.55179],[2.49276,44.55012],[2.49516,44.54841],[2.49609,44.54821],[2.50137,44.54794],[2.50314,44.54857],[2.50621,44.54803],[2.50848,44.54793],[2.51225,44.54698],[2.51451,44.5472],[2.5183,44.54797],[2.52107,44.54828],[2.52334,44.54707],[2.52569,44.54717],[2.52545,44.54372]]]}},{"type":"Feature","id":"fr-commune-12194","properties":{"id":"fr-commune-12194","name":"Quins","kind":"commune","center":[2.375,44.2333],"code":"12194","department":"12"},"bbox":[2.31707,44.20271,2.433,44.26382],"geometry":{"type":"Polygon","coordinates":[[[2.33451,44.25286],[2.3355,44.25218],[2.33625,44.25035],[2.33813,44.2498],[2.3434,44.24994],[2.34696,44.25133],[2.35114,44.25206],[2.35205,44.25259],[2.35689,44.2543],[2.36033,44.25448],[2.36693,44.24899],[2.37,44.24736],[2.37313,44.24668],[2.37216,44.24569],[2.37282,44.24484],[2.37288,44.24201],[2.37391,44.24171],[2.37611,44.24247],[2.37973,44.24293],[2.37919,44.24431],[2.38058,44.24581],[2.37931,44.24766],[2.37947,44.24936],[2.38112,44.25059],[2.3828,44.25133],[2.38408,44.25238],[2.38605,44.25511],[2.38652,44.258],[2.38763,44.25978],[2.38895,44.26104],[2.39053,44.26113],[2.39108,44.26208],[2.39353,44.26359],[2.39697,44.26382],[2.39867,44.26318],[2.39882,44.26243],[2.4015,44.26121],[2.40413,44.25973],[2.40419,44.25581],[2.40331,44.25432],[2.40353,44.25325],[2.4086,44.25287],[2.41058,44.25454],[2.41119,44.25615],[2.41346,44.25639],[2.41571,44.25499],[2.41595,44.25369],[2.41753,44.25207],[2.41745,44.24669],[2.41888,44.24468],[2.41838,44.24294],[2.41894,44.24164],[2.42118,44.23985],[2.42082,44.23728],[2.42334,44.23503],[2.42474,44.23421],[2.42469,44.23236],[2.42591,44.23115],[2.42728,44.23046],[2.42888,44.22836],[2.43222,44.22483],[2.43178,44.2213],[2.43244,44.21606],[2.433,44.21488],[2.42904,44.21416],[2.42677,44.21266],[2.42596,44.21259],[2.42509,44.21133],[2.42524,44.21045],[2.42363,44.20972],[2.42249,44.20906],[2.41885,44.2089],[2.41845,44.20687],[2.41685,44.20697],[2.41421,44.20615],[2.40595,44.20616],[2.4046,44.20643],[2.39913,44.20599],[2.39875,44.20562],[2.39471,44.20676],[2.38878,44.20729],[2.3866,44.20791],[2.3825,44.2073],[2.3788,44.20781],[2.37479,44.20603],[2.3626,44.20325],[2.35928,44.20271],[2.35934,44.20349],[2.35663,44.20602],[2.35333,44.20838],[2.35119,44.21016],[2.35023,44.21057],[2.34646,44.21057],[2.34534,44.21098],[2.34395,44.21059],[2.3418,44.21081],[2.33796,44.21042],[2.33741,44.21081],[2.33451,44.21014],[2.33067,44.21084],[2.32946,44.21077],[2.32805,44.21168],[2.32655,44.2104],[2.32488,44.21067],[2.32329,44.21028],[2.32028,44.2105],[2.31742,44.20978],[2.31707,44.21046],[2.31886,44.21104],[2.31946,44.21176],[2.32532,44.21345],[2.32764,44.21474],[2.32797,44.21599],[2.32963,44.21876],[2.33175,44.22133],[2.33223,44.22242],[2.33436,44.22217],[2.33725,44.22323],[2.34038,44.22325],[2.34055,44.22448],[2.34239,44.22556],[2.34353,44.22468],[2.34451,44.22767],[2.34383,44.22923],[2.34109,44.22964],[2.3382,44.22813],[2.33631,44.22823],[2.33636,44.22724],[2.33412,44.22698],[2.33314,44.22548],[2.33107,44.22424],[2.33101,44.22354],[2.32858,44.22245],[2.32855,44.22359],[2.32988,44.22431],[2.32923,44.22533],[2.32738,44.22482],[2.32708,44.22602],[2.32494,44.22635],[2.32646,44.22823],[2.32772,44.22921],[2.32698,44.23037],[2.32702,44.23302],[2.32574,44.23354],[2.32707,44.23443],[2.32714,44.23672],[2.32671,44.23824],[2.3259,44.23912],[2.32692,44.24014],[2.32847,44.24063],[2.32803,44.24149],[2.32988,44.24345],[2.32969,44.24525],[2.33121,44.24598],[2.33352,44.24798],[2.33276,44.24936],[2.33426,44.24984],[2.33475,44.25089],[2.33399,44.25174],[2.33451,44.25286]]]}},{"type":"Feature","id":"fr-commune-12195","properties":{"id":"fr-commune-12195","name":"Rebourguil","kind":"commune","center":[2.753,43.8853],"code":"12195","department":"12"},"bbox":[2.70117,43.85417,2.80488,43.91641],"geometry":{"type":"Polygon","coordinates":[[[2.78464,43.85446],[2.78244,43.8549],[2.77865,43.85417],[2.77666,43.85435],[2.77527,43.85496],[2.77573,43.8562],[2.77489,43.85702],[2.77264,43.85779],[2.7701,43.85771],[2.76925,43.85857],[2.7658,43.85759],[2.76191,43.85851],[2.75788,43.86105],[2.75771,43.86229],[2.75541,43.86365],[2.75375,43.86408],[2.75171,43.86384],[2.75012,43.86473],[2.74858,43.86494],[2.74376,43.86506],[2.74141,43.86536],[2.74004,43.86302],[2.73783,43.86062],[2.73713,43.859],[2.7341,43.85987],[2.73191,43.86137],[2.72893,43.86132],[2.72646,43.86259],[2.72318,43.86583],[2.72133,43.86591],[2.71917,43.86671],[2.71916,43.86749],[2.72109,43.86818],[2.72519,43.86853],[2.72847,43.86973],[2.72855,43.87133],[2.72921,43.87276],[2.73102,43.87364],[2.73224,43.8747],[2.73414,43.87562],[2.73359,43.87764],[2.73259,43.87845],[2.72796,43.87803],[2.72618,43.87809],[2.72298,43.87876],[2.72132,43.87855],[2.71631,43.87919],[2.71293,43.87902],[2.70949,43.88053],[2.70686,43.88281],[2.70518,43.88393],[2.70244,43.88521],[2.70117,43.88666],[2.70167,43.88765],[2.70169,43.89093],[2.703,43.89314],[2.70456,43.89327],[2.70535,43.89467],[2.70726,43.89645],[2.70783,43.89848],[2.70914,43.89875],[2.71198,43.89807],[2.71372,43.89827],[2.7167,43.8994],[2.71966,43.90024],[2.72086,43.90235],[2.72244,43.90365],[2.72267,43.90616],[2.72807,43.90748],[2.72801,43.90884],[2.72688,43.91232],[2.72586,43.91425],[2.72694,43.91641],[2.73571,43.91548],[2.73881,43.91403],[2.74206,43.91501],[2.74217,43.91402],[2.74394,43.91217],[2.74516,43.91156],[2.7456,43.9103],[2.74708,43.9094],[2.74911,43.90954],[2.74918,43.90884],[2.75186,43.90897],[2.75318,43.90863],[2.75789,43.90948],[2.7611,43.9097],[2.76582,43.90914],[2.76679,43.90794],[2.7699,43.90682],[2.77104,43.90581],[2.77485,43.90365],[2.77879,43.9039],[2.77978,43.90468],[2.78113,43.90417],[2.78382,43.90417],[2.78593,43.90342],[2.7871,43.90216],[2.78848,43.90354],[2.79166,43.9042],[2.79259,43.90389],[2.79614,43.90111],[2.79678,43.90102],[2.79953,43.89923],[2.80299,43.89923],[2.80488,43.89802],[2.80404,43.89766],[2.8034,43.89578],[2.80103,43.89459],[2.79974,43.89339],[2.79683,43.89309],[2.79577,43.89239],[2.79307,43.89235],[2.7941,43.89042],[2.79256,43.88605],[2.79574,43.88491],[2.79893,43.88414],[2.79965,43.88279],[2.80162,43.88072],[2.80242,43.87834],[2.79666,43.87808],[2.79599,43.87705],[2.79597,43.87426],[2.79855,43.87083],[2.79847,43.86989],[2.79934,43.86819],[2.80159,43.86789],[2.80239,43.86667],[2.80212,43.86585],[2.80369,43.86482],[2.80411,43.86364],[2.80363,43.86194],[2.80221,43.86141],[2.79867,43.86083],[2.79632,43.85896],[2.79182,43.86001],[2.7855,43.86102],[2.78566,43.85899],[2.78636,43.85806],[2.78693,43.85527],[2.78464,43.85446]]]}},{"type":"Feature","id":"fr-commune-12197","properties":{"id":"fr-commune-12197","name":"Réquista","kind":"commune","center":[2.5526,44.0292],"code":"12197","department":"12"},"bbox":[2.49177,43.97342,2.61344,44.08489],"geometry":{"type":"Polygon","coordinates":[[[2.49529,44.01139],[2.49651,44.01191],[2.49783,44.01319],[2.50064,44.01375],[2.50148,44.01489],[2.50434,44.01538],[2.50857,44.01813],[2.50996,44.01836],[2.5101,44.01984],[2.5124,44.02094],[2.51308,44.02213],[2.51258,44.02401],[2.51478,44.0276],[2.51683,44.02967],[2.51763,44.03138],[2.51741,44.03218],[2.51432,44.03279],[2.51645,44.03495],[2.51942,44.03611],[2.52176,44.03666],[2.51926,44.03768],[2.51702,44.0398],[2.51601,44.04185],[2.51926,44.04395],[2.51668,44.04616],[2.51669,44.0481],[2.51756,44.04927],[2.51673,44.05059],[2.51832,44.05183],[2.51939,44.05361],[2.52144,44.05411],[2.52026,44.05505],[2.52032,44.05664],[2.51838,44.05651],[2.51834,44.05895],[2.51971,44.05943],[2.51994,44.06082],[2.52308,44.06026],[2.52641,44.06156],[2.5291,44.06138],[2.53048,44.06372],[2.53073,44.06525],[2.53283,44.06622],[2.53481,44.06822],[2.53393,44.07004],[2.53636,44.07146],[2.53733,44.07058],[2.53927,44.07108],[2.54003,44.07253],[2.53968,44.07394],[2.5402,44.07471],[2.54227,44.07559],[2.54334,44.07666],[2.548,44.07679],[2.55064,44.0761],[2.55318,44.07799],[2.55575,44.07765],[2.55683,44.07844],[2.55832,44.07794],[2.56039,44.07848],[2.56225,44.07779],[2.56346,44.07871],[2.56506,44.07848],[2.56581,44.07995],[2.56788,44.08086],[2.5704,44.07979],[2.57332,44.08065],[2.57506,44.08342],[2.57888,44.08286],[2.58085,44.08362],[2.58289,44.084],[2.5849,44.08361],[2.58601,44.08489],[2.58767,44.08486],[2.58925,44.08391],[2.59136,44.08426],[2.59344,44.08344],[2.593,44.08135],[2.59429,44.07944],[2.59769,44.07835],[2.59871,44.07737],[2.6027,44.07613],[2.60368,44.0752],[2.60537,44.07564],[2.60879,44.07843],[2.61124,44.07828],[2.61274,44.0758],[2.61257,44.07368],[2.612,44.07209],[2.61267,44.07022],[2.61216,44.06858],[2.61344,44.06709],[2.61185,44.06679],[2.61111,44.06309],[2.61036,44.06262],[2.61096,44.06154],[2.60937,44.06085],[2.60639,44.06049],[2.6006,44.06199],[2.6007,44.06122],[2.59938,44.06041],[2.59782,44.0616],[2.59688,44.06063],[2.59324,44.06051],[2.59097,44.05992],[2.58902,44.06013],[2.58758,44.05919],[2.58562,44.06001],[2.584,44.06001],[2.5831,44.06148],[2.58129,44.0594],[2.58022,44.05885],[2.5791,44.0574],[2.57727,44.0563],[2.57723,44.05507],[2.57609,44.054],[2.5742,44.05055],[2.57257,44.04899],[2.57217,44.04785],[2.57494,44.04871],[2.57598,44.04967],[2.57881,44.04863],[2.58164,44.04856],[2.58204,44.04722],[2.58348,44.04549],[2.58494,44.04428],[2.58726,44.04361],[2.58927,44.04404],[2.59146,44.0432],[2.59392,44.04347],[2.59487,44.04231],[2.59507,44.04025],[2.59713,44.03653],[2.59506,44.03572],[2.59281,44.0338],[2.58913,44.03342],[2.5902,44.0323],[2.58994,44.03061],[2.58566,44.03158],[2.58314,44.03005],[2.58138,44.02788],[2.5794,44.02703],[2.57752,44.02582],[2.57601,44.02421],[2.57413,44.02305],[2.57259,44.02274],[2.57104,44.02078],[2.56886,44.01984],[2.56888,44.01907],[2.56767,44.01669],[2.56937,44.01457],[2.56819,44.01256],[2.57046,44.01076],[2.57352,44.00954],[2.57174,44.00828],[2.57397,44.00721],[2.57114,44.00194],[2.57374,44.00169],[2.57457,43.99757],[2.57298,43.99732],[2.57135,43.99641],[2.56943,43.99589],[2.56938,43.99414],[2.57069,43.99298],[2.56745,43.99278],[2.56638,43.99135],[2.56449,43.99116],[2.56553,43.98976],[2.56629,43.98677],[2.56298,43.98554],[2.56225,43.98499],[2.55914,43.98582],[2.55523,43.98609],[2.55262,43.98849],[2.55095,43.99119],[2.54975,43.99263],[2.54595,43.99531],[2.54545,43.99409],[2.54552,43.99106],[2.5461,43.99017],[2.54533,43.98933],[2.54487,43.98766],[2.54559,43.98624],[2.5439,43.98546],[2.54587,43.984],[2.54515,43.98341],[2.54109,43.98264],[2.53983,43.9819],[2.53639,43.98131],[2.53517,43.98209],[2.53386,43.98375],[2.53328,43.98637],[2.53122,43.9859],[2.52902,43.98448],[2.52859,43.98321],[2.52934,43.98134],[2.52935,43.97956],[2.53266,43.97771],[2.53222,43.97652],[2.53079,43.97672],[2.52922,43.97571],[2.52672,43.9748],[2.52569,43.97386],[2.52296,43.97342],[2.52224,43.97497],[2.52313,43.976],[2.52527,43.97716],[2.5246,43.97873],[2.52377,43.97935],[2.52374,43.98065],[2.52138,43.98236],[2.51628,43.98337],[2.51485,43.98422],[2.51066,43.98488],[2.50929,43.98533],[2.5072,43.98448],[2.5048,43.98422],[2.50228,43.9853],[2.50101,43.98701],[2.50115,43.98832],[2.50051,43.99142],[2.49743,43.99365],[2.49527,43.99566],[2.49396,43.9967],[2.49468,43.99762],[2.4946,43.99919],[2.49311,44.00108],[2.49177,44.00352],[2.49379,44.00469],[2.49543,44.00472],[2.49596,44.00613],[2.4954,44.0069],[2.49635,44.00786],[2.49617,44.00891],[2.49516,44.00923],[2.49529,44.01139]]]}},{"type":"Feature","id":"fr-commune-12198","properties":{"id":"fr-commune-12198","name":"Rieupeyroux","kind":"commune","center":[2.2347,44.3038],"code":"12198","department":"12"},"bbox":[2.18567,44.24503,2.28361,44.36263],"geometry":{"type":"Polygon","coordinates":[[[2.18567,44.35665],[2.18727,44.35606],[2.19071,44.3537],[2.19389,44.34992],[2.19753,44.3492],[2.19885,44.34854],[2.20037,44.3486],[2.20258,44.34778],[2.20328,44.34928],[2.20317,44.35079],[2.19939,44.35264],[2.20278,44.35714],[2.20196,44.35736],[2.19838,44.35716],[2.19681,44.35793],[2.19719,44.3617],[2.19813,44.36262],[2.20101,44.36263],[2.20334,44.36015],[2.20496,44.36223],[2.20616,44.36255],[2.20872,44.36203],[2.21148,44.36065],[2.2148,44.3595],[2.21751,44.36105],[2.21963,44.359],[2.22119,44.3581],[2.22246,44.35578],[2.22497,44.35316],[2.22713,44.35216],[2.22821,44.35106],[2.22827,44.3499],[2.23089,44.34907],[2.23225,44.34913],[2.23553,44.3481],[2.23729,44.34843],[2.23839,44.3481],[2.24173,44.34807],[2.243,44.34773],[2.24537,44.34561],[2.24631,44.34533],[2.24758,44.34683],[2.24839,44.34692],[2.2524,44.34837],[2.25519,44.34883],[2.25945,44.34761],[2.26118,44.34529],[2.26481,44.34443],[2.26755,44.34436],[2.27029,44.34483],[2.27261,44.34412],[2.27421,44.3445],[2.27811,44.34352],[2.28069,44.34397],[2.28361,44.34282],[2.28198,44.34132],[2.28358,44.3405],[2.28341,44.3395],[2.27898,44.33584],[2.27679,44.33451],[2.27682,44.3338],[2.27514,44.33343],[2.27397,44.33199],[2.27478,44.32949],[2.27351,44.32691],[2.27336,44.32343],[2.27162,44.32248],[2.26481,44.32115],[2.26434,44.32054],[2.26497,44.31797],[2.26433,44.31679],[2.26558,44.31516],[2.26453,44.31316],[2.26224,44.31122],[2.26205,44.30986],[2.26123,44.30869],[2.26162,44.30692],[2.26341,44.30601],[2.26461,44.30458],[2.26458,44.3034],[2.26421,44.30135],[2.26276,44.29954],[2.26129,44.29891],[2.25934,44.29721],[2.25736,44.29674],[2.25595,44.29528],[2.25599,44.29369],[2.25478,44.29285],[2.25461,44.29187],[2.25536,44.28929],[2.2553,44.28746],[2.25442,44.2865],[2.25262,44.2833],[2.25355,44.28241],[2.25352,44.28074],[2.25284,44.27849],[2.2519,44.27653],[2.25219,44.27548],[2.25042,44.27541],[2.24977,44.27416],[2.24967,44.27269],[2.24895,44.2721],[2.24897,44.26977],[2.24718,44.26787],[2.24584,44.26802],[2.24515,44.26644],[2.2463,44.26619],[2.24874,44.26145],[2.24969,44.26058],[2.25032,44.25897],[2.24952,44.25786],[2.24973,44.25625],[2.24771,44.25356],[2.24761,44.25244],[2.24819,44.2502],[2.24694,44.24817],[2.24654,44.24508],[2.24557,44.24503],[2.24401,44.24613],[2.24348,44.24714],[2.24069,44.25016],[2.24062,44.25142],[2.23923,44.25294],[2.23908,44.2544],[2.23983,44.25497],[2.23859,44.25861],[2.23772,44.26022],[2.23629,44.26075],[2.23629,44.26247],[2.23515,44.26323],[2.23319,44.26202],[2.22998,44.26163],[2.22817,44.26055],[2.22466,44.2601],[2.22329,44.25865],[2.22147,44.25763],[2.21803,44.25697],[2.216,44.25628],[2.2148,44.255],[2.21289,44.25642],[2.21183,44.25567],[2.21019,44.25717],[2.20727,44.25704],[2.20519,44.25641],[2.20235,44.25641],[2.20077,44.25545],[2.1986,44.25603],[2.19713,44.25549],[2.19812,44.25442],[2.19643,44.25425],[2.19546,44.25353],[2.19432,44.25448],[2.19387,44.25585],[2.19226,44.25648],[2.19134,44.25866],[2.19184,44.26092],[2.1928,44.26235],[2.19127,44.26424],[2.19157,44.26562],[2.19317,44.26628],[2.19331,44.2674],[2.19556,44.26748],[2.19772,44.27008],[2.19716,44.27297],[2.1975,44.2739],[2.1998,44.27641],[2.20096,44.27889],[2.20176,44.27938],[2.19959,44.28272],[2.19889,44.28382],[2.19592,44.2862],[2.19594,44.28851],[2.19276,44.28906],[2.19235,44.29127],[2.19395,44.2928],[2.19685,44.29622],[2.19652,44.29728],[2.19758,44.29804],[2.19617,44.29925],[2.19717,44.30011],[2.19891,44.30006],[2.19906,44.30125],[2.20038,44.30174],[2.20052,44.30348],[2.19938,44.30536],[2.19993,44.3067],[2.19953,44.30809],[2.2002,44.3089],[2.19972,44.31081],[2.20072,44.31374],[2.20163,44.31505],[2.19944,44.31687],[2.1969,44.32086],[2.19728,44.32199],[2.19943,44.32401],[2.20087,44.32616],[2.20227,44.32677],[2.1997,44.33029],[2.1981,44.33119],[2.19801,44.3319],[2.20101,44.33293],[2.2022,44.33365],[2.20338,44.33684],[2.20396,44.33755],[2.20315,44.33856],[2.20212,44.33859],[2.19914,44.33977],[2.19994,44.34316],[2.20086,44.34428],[2.19866,44.34453],[2.19484,44.34556],[2.193,44.3476],[2.19087,44.34928],[2.18949,44.34932],[2.18643,44.35243],[2.18567,44.35665]]]}},{"type":"Feature","id":"fr-commune-12199","properties":{"id":"fr-commune-12199","name":"Rignac","kind":"commune","center":[2.2944,44.4045],"code":"12199","department":"12"},"bbox":[2.23679,44.36675,2.35195,44.44219],"geometry":{"type":"Polygon","coordinates":[[[2.30156,44.37873],[2.30202,44.37585],[2.30411,44.37314],[2.30536,44.3726],[2.30476,44.37094],[2.30369,44.37094],[2.30074,44.37206],[2.29918,44.3732],[2.29777,44.37339],[2.29584,44.37458],[2.29282,44.37555],[2.29147,44.37504],[2.28949,44.37542],[2.28781,44.37665],[2.28795,44.37884],[2.28663,44.37996],[2.28549,44.37908],[2.28615,44.37651],[2.28745,44.37496],[2.2876,44.37414],[2.28632,44.37296],[2.28883,44.37188],[2.28904,44.37101],[2.28778,44.3683],[2.28841,44.36781],[2.28631,44.36765],[2.28402,44.36829],[2.28242,44.36837],[2.28085,44.36792],[2.27979,44.36819],[2.2781,44.36675],[2.27031,44.36876],[2.26892,44.3673],[2.26476,44.36943],[2.26356,44.36885],[2.26235,44.36946],[2.26181,44.37109],[2.26326,44.37304],[2.26223,44.37354],[2.25899,44.37177],[2.25822,44.37165],[2.25352,44.37304],[2.25237,44.37442],[2.25451,44.37604],[2.25468,44.37691],[2.25624,44.37744],[2.25449,44.37906],[2.24951,44.37924],[2.24786,44.37886],[2.24755,44.37803],[2.2461,44.37684],[2.2449,44.37824],[2.24087,44.37824],[2.23987,44.37783],[2.2368,44.37801],[2.23679,44.38038],[2.23884,44.3807],[2.24262,44.38301],[2.24337,44.38428],[2.24061,44.38671],[2.2432,44.38684],[2.24742,44.38785],[2.24872,44.38857],[2.24738,44.39172],[2.24749,44.39238],[2.25051,44.3939],[2.25288,44.3946],[2.25701,44.39111],[2.26392,44.39273],[2.26671,44.39502],[2.26764,44.39657],[2.26432,44.3981],[2.26293,44.40005],[2.26347,44.40191],[2.26488,44.40361],[2.26512,44.40553],[2.26653,44.40837],[2.26605,44.40978],[2.26746,44.41098],[2.26938,44.41134],[2.27155,44.41126],[2.27015,44.41303],[2.2689,44.41635],[2.27225,44.41793],[2.26827,44.42031],[2.26761,44.42126],[2.26946,44.42172],[2.27096,44.42253],[2.27182,44.42624],[2.27367,44.42626],[2.27519,44.42779],[2.27499,44.42981],[2.27604,44.43054],[2.27604,44.43151],[2.27904,44.43262],[2.28064,44.43363],[2.28321,44.43345],[2.28425,44.43279],[2.28805,44.4327],[2.29285,44.43142],[2.29292,44.43354],[2.29483,44.43552],[2.2971,44.43709],[2.2997,44.43421],[2.29975,44.43298],[2.30188,44.43349],[2.30234,44.43426],[2.30406,44.43492],[2.30641,44.43481],[2.30785,44.43574],[2.30847,44.43735],[2.31045,44.4387],[2.31087,44.43949],[2.31335,44.44219],[2.31521,44.44114],[2.31822,44.4383],[2.31965,44.43666],[2.32381,44.43669],[2.32475,44.4317],[2.32459,44.42992],[2.32829,44.42904],[2.33274,44.4293],[2.33506,44.42877],[2.33644,44.42764],[2.336,44.42584],[2.33487,44.42355],[2.33235,44.42192],[2.32966,44.41936],[2.32765,44.41867],[2.32588,44.41862],[2.32421,44.41804],[2.31919,44.41824],[2.31858,44.41776],[2.3209,44.41374],[2.32237,44.41225],[2.32474,44.41297],[2.3256,44.41375],[2.32911,44.41436],[2.32973,44.41651],[2.33071,44.41773],[2.33339,44.41946],[2.33856,44.42083],[2.34111,44.42047],[2.34311,44.42051],[2.34648,44.41882],[2.34824,44.41742],[2.34736,44.41584],[2.34984,44.41444],[2.35195,44.41392],[2.35184,44.4124],[2.35001,44.41232],[2.3451,44.40933],[2.34446,44.40744],[2.34319,44.40693],[2.34231,44.40419],[2.34098,44.40388],[2.33935,44.40273],[2.33583,44.40323],[2.33187,44.40436],[2.32801,44.40575],[2.32709,44.40716],[2.32493,44.40919],[2.32352,44.40951],[2.3208,44.40845],[2.3204,44.40788],[2.31669,44.40757],[2.31472,44.40821],[2.31177,44.40983],[2.31059,44.40683],[2.31162,44.40519],[2.31405,44.40214],[2.31608,44.40141],[2.3164,44.39909],[2.31544,44.39722],[2.31661,44.39564],[2.31688,44.39421],[2.31526,44.39379],[2.31191,44.39561],[2.31001,44.39772],[2.30811,44.3991],[2.30672,44.39909],[2.30606,44.39723],[2.30628,44.39603],[2.30734,44.39483],[2.30682,44.39207],[2.30584,44.38924],[2.30584,44.38741],[2.3041,44.38585],[2.30364,44.38471],[2.30165,44.3822],[2.30168,44.3816],[2.29976,44.3791],[2.30156,44.37873]]]}},{"type":"Feature","id":"fr-commune-12200","properties":{"id":"fr-commune-12200","name":"Rivière-sur-Tarn","kind":"commune","center":[3.1302,44.2136],"code":"12200","department":"12"},"bbox":[3.08699,44.1776,3.17349,44.24968],"geometry":{"type":"Polygon","coordinates":[[[3.10273,44.19662],[3.10303,44.19732],[3.10194,44.19833],[3.10235,44.19912],[3.10172,44.20141],[3.10081,44.20328],[3.10129,44.20557],[3.10049,44.208],[3.10042,44.20983],[3.10211,44.2123],[3.09953,44.21504],[3.0976,44.21551],[3.09643,44.21785],[3.09526,44.21899],[3.09614,44.21943],[3.09411,44.222],[3.09342,44.22194],[3.09068,44.22323],[3.08872,44.22353],[3.0886,44.2252],[3.08729,44.22632],[3.08699,44.22809],[3.08856,44.2283],[3.09372,44.22756],[3.09307,44.22951],[3.09318,44.23078],[3.09464,44.23215],[3.09683,44.23319],[3.09387,44.2382],[3.09177,44.23896],[3.08888,44.24125],[3.08858,44.24182],[3.08767,44.2451],[3.08809,44.24773],[3.0877,44.24898],[3.09056,44.24968],[3.09486,44.24889],[3.09397,44.24811],[3.09814,44.24736],[3.09941,44.24811],[3.10139,44.24745],[3.10099,44.24512],[3.10245,44.24243],[3.10481,44.24023],[3.1047,44.23885],[3.10627,44.23538],[3.10733,44.23417],[3.10889,44.23324],[3.11014,44.23305],[3.11351,44.23375],[3.11372,44.23607],[3.11447,44.23875],[3.11461,44.24028],[3.11688,44.23977],[3.11697,44.23734],[3.1167,44.23558],[3.11718,44.23477],[3.12028,44.23232],[3.12146,44.23087],[3.12373,44.22939],[3.12505,44.22728],[3.12639,44.22703],[3.1278,44.2256],[3.12923,44.22668],[3.12933,44.22816],[3.13155,44.23114],[3.13223,44.23329],[3.133,44.23413],[3.13522,44.23547],[3.13874,44.23516],[3.13879,44.23387],[3.13987,44.23232],[3.13997,44.23101],[3.13856,44.23078],[3.13809,44.22986],[3.14015,44.22944],[3.14087,44.22736],[3.14233,44.22641],[3.14453,44.22634],[3.14468,44.22551],[3.14684,44.22438],[3.14856,44.22518],[3.15011,44.2244],[3.15302,44.22395],[3.15407,44.222],[3.15758,44.21851],[3.16177,44.21331],[3.16315,44.20938],[3.16427,44.20874],[3.16675,44.20661],[3.16667,44.20517],[3.16476,44.2041],[3.16286,44.20209],[3.1604,44.2006],[3.16588,44.20029],[3.16958,44.20103],[3.17033,44.19988],[3.16843,44.1985],[3.16773,44.19748],[3.16826,44.19548],[3.17008,44.19363],[3.16998,44.1926],[3.17141,44.19114],[3.17329,44.19003],[3.17349,44.18966],[3.17089,44.18988],[3.16731,44.1886],[3.16561,44.18682],[3.1642,44.18615],[3.16127,44.1868],[3.16003,44.18661],[3.15853,44.18831],[3.15684,44.18879],[3.15615,44.18824],[3.1532,44.18776],[3.15044,44.18875],[3.14972,44.18943],[3.14641,44.19076],[3.14091,44.18981],[3.13831,44.18875],[3.13717,44.18865],[3.13472,44.18706],[3.13363,44.18599],[3.13217,44.18538],[3.13037,44.18403],[3.12864,44.18333],[3.12736,44.18129],[3.12596,44.17978],[3.12561,44.1776],[3.12287,44.1778],[3.1217,44.1787],[3.12014,44.1789],[3.1203,44.18067],[3.12098,44.18221],[3.12184,44.18557],[3.11975,44.18589],[3.11923,44.18653],[3.11657,44.18771],[3.11508,44.18872],[3.11391,44.19011],[3.11234,44.19047],[3.11084,44.19198],[3.10701,44.19367],[3.10594,44.19551],[3.10475,44.1956],[3.10273,44.19662]]]}},{"type":"Feature","id":"fr-commune-12201","properties":{"id":"fr-commune-12201","name":"Rodelle","kind":"commune","center":[2.627,44.4792],"code":"12201","department":"12"},"bbox":[2.58173,44.4225,2.67195,44.53534],"geometry":{"type":"Polygon","coordinates":[[[2.61232,44.53437],[2.61361,44.53243],[2.61862,44.53103],[2.621,44.53487],[2.62175,44.53534],[2.62346,44.53215],[2.62543,44.52967],[2.62782,44.52754],[2.63056,44.52855],[2.6353,44.52613],[2.63605,44.52418],[2.63454,44.52367],[2.63422,44.52097],[2.63295,44.5198],[2.63223,44.51738],[2.63469,44.51297],[2.63631,44.51211],[2.63715,44.50971],[2.63878,44.50804],[2.63944,44.50919],[2.64225,44.50809],[2.64223,44.50914],[2.64305,44.51325],[2.64427,44.51494],[2.64443,44.518],[2.64554,44.5227],[2.64719,44.5224],[2.6487,44.52296],[2.64999,44.5215],[2.6502,44.51996],[2.64932,44.51853],[2.65183,44.51712],[2.65017,44.51565],[2.65015,44.51462],[2.65106,44.51272],[2.65245,44.51189],[2.65432,44.51323],[2.65551,44.51361],[2.65779,44.51214],[2.66017,44.51138],[2.66093,44.51001],[2.65946,44.50633],[2.65845,44.50501],[2.66118,44.50415],[2.66356,44.50466],[2.66597,44.50612],[2.66645,44.5057],[2.66663,44.5052],[2.66919,44.50361],[2.67033,44.50225],[2.67193,44.49894],[2.67195,44.49733],[2.67116,44.49644],[2.67071,44.49457],[2.66864,44.49343],[2.66773,44.49222],[2.66794,44.49065],[2.66658,44.48852],[2.6673,44.48628],[2.66855,44.48488],[2.66946,44.48243],[2.67135,44.48004],[2.6696,44.47958],[2.66847,44.47979],[2.66678,44.48088],[2.66548,44.48098],[2.6629,44.47925],[2.65968,44.48135],[2.65624,44.48035],[2.65492,44.4794],[2.65548,44.4785],[2.6559,44.47482],[2.65294,44.47025],[2.65119,44.46841],[2.65241,44.46678],[2.65212,44.46196],[2.64946,44.45854],[2.64927,44.45728],[2.64694,44.45544],[2.64604,44.45185],[2.6449,44.45104],[2.64263,44.4518],[2.64198,44.45081],[2.63904,44.44903],[2.6375,44.44661],[2.63613,44.44519],[2.63324,44.44369],[2.63261,44.44275],[2.63126,44.4379],[2.63537,44.43448],[2.63715,44.4333],[2.63829,44.43314],[2.64078,44.43113],[2.6423,44.43033],[2.64076,44.42833],[2.63945,44.42874],[2.63512,44.42848],[2.62745,44.4284],[2.62762,44.4225],[2.62283,44.42285],[2.6187,44.42343],[2.60984,44.4239],[2.60696,44.42369],[2.60729,44.42701],[2.60862,44.43393],[2.60079,44.43243],[2.59896,44.43245],[2.59774,44.43444],[2.59474,44.4347],[2.59096,44.43576],[2.58973,44.43579],[2.58855,44.43713],[2.58987,44.43808],[2.59039,44.43929],[2.59241,44.44212],[2.59343,44.44519],[2.5942,44.44851],[2.59514,44.44972],[2.59389,44.45062],[2.59535,44.45444],[2.59727,44.45721],[2.59757,44.45966],[2.59544,44.46196],[2.59589,44.46515],[2.59338,44.46583],[2.59295,44.46751],[2.59201,44.46791],[2.5928,44.47046],[2.59331,44.47102],[2.59214,44.47319],[2.59142,44.47626],[2.59004,44.47633],[2.58923,44.47732],[2.59122,44.48015],[2.58983,44.48164],[2.58674,44.48327],[2.5846,44.48489],[2.58332,44.48702],[2.58449,44.4888],[2.58407,44.49313],[2.58584,44.49457],[2.58603,44.49587],[2.58566,44.49807],[2.58492,44.49947],[2.58555,44.50149],[2.58767,44.50297],[2.58909,44.50311],[2.58947,44.50545],[2.59042,44.50706],[2.59218,44.50625],[2.59357,44.50701],[2.59306,44.50857],[2.59537,44.50941],[2.59521,44.51068],[2.5939,44.51079],[2.59161,44.51018],[2.59166,44.51179],[2.59306,44.51211],[2.59385,44.51331],[2.5963,44.51322],[2.59725,44.51353],[2.59769,44.51537],[2.59751,44.51819],[2.5981,44.5197],[2.60015,44.52145],[2.59915,44.52271],[2.59827,44.52465],[2.59511,44.52767],[2.5937,44.52789],[2.59254,44.52637],[2.59353,44.52573],[2.59276,44.52424],[2.59024,44.52439],[2.58829,44.52389],[2.58591,44.52448],[2.58606,44.52213],[2.58467,44.52181],[2.58277,44.52283],[2.58181,44.52441],[2.58213,44.52583],[2.58367,44.52692],[2.58173,44.52811],[2.58521,44.52884],[2.58565,44.52794],[2.59064,44.52993],[2.5916,44.5307],[2.59473,44.5319],[2.59637,44.5315],[2.59693,44.53271],[2.59897,44.53261],[2.60268,44.53288],[2.60355,44.53034],[2.60669,44.53226],[2.60994,44.53316],[2.61232,44.53437]]]}},{"type":"Feature","id":"fr-commune-12202","properties":{"id":"fr-commune-12202","name":"Rodez","kind":"commune","center":[2.5699,44.3591],"code":"12202","department":"12"},"bbox":[2.5333,44.3406,2.60642,44.37764],"geometry":{"type":"Polygon","coordinates":[[[2.60079,44.35758],[2.60138,44.35483],[2.60296,44.35445],[2.60214,44.35329],[2.6036,44.35224],[2.6043,44.35109],[2.60453,44.34917],[2.60642,44.34549],[2.60226,44.3447],[2.5973,44.34643],[2.5952,44.34712],[2.59544,44.34797],[2.59476,44.34914],[2.59357,44.34914],[2.5907,44.3502],[2.58987,44.34982],[2.58738,44.35003],[2.58661,44.34951],[2.58528,44.34704],[2.58337,44.3477],[2.58137,44.34606],[2.58042,44.34697],[2.57897,44.34643],[2.57776,44.3451],[2.57688,44.34539],[2.57528,44.34476],[2.57427,44.34361],[2.57302,44.3412],[2.57055,44.34172],[2.56871,44.3406],[2.56776,44.34153],[2.56579,44.34158],[2.56343,44.34229],[2.56239,44.34405],[2.56276,44.34689],[2.55734,44.34771],[2.55428,44.35059],[2.5541,44.35123],[2.55194,44.3534],[2.55148,44.35483],[2.5501,44.35664],[2.54743,44.35696],[2.54655,44.35779],[2.54448,44.35832],[2.54251,44.3579],[2.54181,44.35729],[2.53982,44.35961],[2.53954,44.36078],[2.53812,44.36155],[2.53831,44.36317],[2.53562,44.36458],[2.53581,44.36584],[2.5333,44.36901],[2.53383,44.37288],[2.5356,44.37728],[2.54245,44.37559],[2.54411,44.37476],[2.54623,44.37764],[2.54989,44.37449],[2.55209,44.37214],[2.55524,44.37038],[2.56107,44.37041],[2.56262,44.37067],[2.56596,44.3707],[2.56552,44.36851],[2.5685,44.36862],[2.56704,44.37074],[2.56796,44.37183],[2.5691,44.37025],[2.57104,44.36957],[2.57304,44.36957],[2.5752,44.36701],[2.57521,44.3653],[2.57589,44.36465],[2.57903,44.36396],[2.57982,44.36444],[2.5817,44.36382],[2.58732,44.36263],[2.58824,44.36203],[2.59514,44.36169],[2.59169,44.36017],[2.59241,44.35895],[2.59451,44.35789],[2.59761,44.35736],[2.60079,44.35758]]]}},{"type":"Feature","id":"fr-commune-12203","properties":{"id":"fr-commune-12203","name":"Roquefort-sur-Soulzon","kind":"commune","center":[2.9826,43.9685],"code":"12203","department":"12"},"bbox":[2.94198,43.94803,3.02327,43.98888],"geometry":{"type":"Polygon","coordinates":[[[3.01815,43.9565],[3.01789,43.95537],[3.0186,43.95284],[3.01681,43.95175],[3.01392,43.95076],[3.01346,43.94879],[3.01152,43.94803],[3.00974,43.95386],[3.00559,43.9525],[3.0046,43.95115],[3.00151,43.94883],[3.0012,43.95132],[2.99752,43.95156],[2.99265,43.95358],[2.99252,43.95439],[2.98815,43.95665],[2.98751,43.95831],[2.98548,43.95898],[2.98424,43.96075],[2.98137,43.96291],[2.98006,43.96594],[2.97837,43.96484],[2.97529,43.9635],[2.97215,43.96151],[2.97416,43.96042],[2.97454,43.95957],[2.97169,43.95848],[2.97099,43.95737],[2.96969,43.95774],[2.96838,43.95887],[2.96632,43.95923],[2.96432,43.95916],[2.95883,43.95692],[2.95496,43.95629],[2.95255,43.955],[2.95076,43.95462],[2.94889,43.95522],[2.9469,43.95543],[2.94526,43.95488],[2.94434,43.95461],[2.94284,43.95724],[2.94367,43.95921],[2.94198,43.96006],[2.94331,43.96242],[2.94338,43.96396],[2.9452,43.96389],[2.94657,43.96524],[2.94521,43.96602],[2.9445,43.96824],[2.94746,43.97094],[2.94948,43.97313],[2.95165,43.97486],[2.95044,43.97595],[2.94891,43.97653],[2.95105,43.97944],[2.95153,43.98103],[2.95034,43.98152],[2.94958,43.98282],[2.9515,43.9838],[2.95565,43.98462],[2.95757,43.98421],[2.95967,43.98532],[2.96251,43.98557],[2.9634,43.9853],[2.96729,43.98593],[2.96788,43.98494],[2.96969,43.98427],[2.97109,43.98604],[2.97237,43.98656],[2.97201,43.98778],[2.97403,43.98854],[2.97519,43.9881],[2.97726,43.98658],[2.98265,43.98475],[2.9857,43.985],[2.98704,43.9857],[2.98831,43.9878],[2.9895,43.98881],[2.99147,43.98888],[2.99267,43.98761],[2.99512,43.98651],[2.99854,43.98562],[3.00066,43.98546],[3.00214,43.9846],[3.00417,43.98467],[3.00623,43.98313],[3.00682,43.98219],[3.009,43.98279],[3.01055,43.98243],[3.01143,43.98097],[3.0149,43.98136],[3.01523,43.98299],[3.01707,43.98289],[3.01937,43.98229],[3.01941,43.98023],[3.0178,43.98025],[3.01767,43.97914],[3.02216,43.97778],[3.02327,43.97583],[3.02171,43.97507],[3.02048,43.97582],[3.0164,43.9757],[3.01508,43.97499],[3.01309,43.97488],[3.01152,43.97432],[3.00991,43.97185],[3.00758,43.96926],[3.00575,43.96785],[3.00285,43.9668],[3.00283,43.96339],[3.00349,43.96111],[3.00603,43.95994],[3.0076,43.95957],[3.00871,43.95988],[3.01258,43.9601],[3.0166,43.959],[3.01616,43.95811],[3.01815,43.9565]]]}},{"type":"Feature","id":"fr-commune-12204","properties":{"id":"fr-commune-12204","name":"La Roque-Sainte-Marguerite","kind":"commune","center":[3.2517,44.1029],"code":"12204","department":"12"},"bbox":[3.17887,44.04965,3.3244,44.15621],"geometry":{"type":"Polygon","coordinates":[[[3.32416,44.1086],[3.32206,44.10966],[3.32074,44.10849],[3.31903,44.10862],[3.31729,44.10802],[3.31687,44.10725],[3.31214,44.10515],[3.31184,44.1042],[3.30844,44.10447],[3.3063,44.10541],[3.30486,44.10427],[3.29786,44.10478],[3.29453,44.10445],[3.29279,44.10517],[3.29078,44.10471],[3.28855,44.10287],[3.28671,44.10286],[3.2858,44.10216],[3.28213,44.1006],[3.28107,44.09885],[3.27996,44.09836],[3.27754,44.09654],[3.27491,44.09746],[3.27155,44.09771],[3.27015,44.0971],[3.26913,44.09542],[3.2663,44.09437],[3.26344,44.09425],[3.26245,44.09318],[3.26317,44.09238],[3.26205,44.09111],[3.25936,44.09047],[3.25812,44.09091],[3.25647,44.08894],[3.25767,44.087],[3.25663,44.08589],[3.25432,44.08574],[3.25267,44.08649],[3.25143,44.08634],[3.24773,44.0824],[3.24429,44.08196],[3.23959,44.08421],[3.23845,44.08307],[3.23658,44.08338],[3.23409,44.08048],[3.2345,44.07906],[3.23526,44.07859],[3.2352,44.07454],[3.23628,44.07241],[3.2347,44.07089],[3.23444,44.06991],[3.23497,44.06829],[3.23519,44.06612],[3.2366,44.06648],[3.23894,44.06829],[3.23894,44.06942],[3.2397,44.07056],[3.2418,44.0696],[3.24276,44.06714],[3.24457,44.06612],[3.24447,44.06457],[3.24725,44.06231],[3.24652,44.0594],[3.24529,44.0566],[3.24303,44.05545],[3.24219,44.05382],[3.24401,44.05226],[3.24499,44.05076],[3.24383,44.04965],[3.24338,44.04997],[3.23663,44.05228],[3.22414,44.05528],[3.22141,44.06012],[3.22007,44.0628],[3.21917,44.06327],[3.21738,44.06648],[3.21636,44.06715],[3.21557,44.06945],[3.21417,44.0699],[3.21347,44.07074],[3.21232,44.07352],[3.21027,44.07579],[3.21065,44.07856],[3.21138,44.08014],[3.21377,44.08302],[3.21404,44.08609],[3.21521,44.08807],[3.2137,44.09074],[3.21241,44.09146],[3.21096,44.09516],[3.20877,44.09654],[3.20806,44.09756],[3.20824,44.09859],[3.20645,44.09999],[3.20434,44.10262],[3.20126,44.10457],[3.19902,44.10658],[3.19797,44.10809],[3.19623,44.10864],[3.19358,44.11091],[3.19165,44.11137],[3.19169,44.11371],[3.19369,44.11428],[3.19437,44.11599],[3.19342,44.11762],[3.19346,44.11885],[3.19261,44.11987],[3.19239,44.12141],[3.19128,44.12185],[3.19123,44.12295],[3.19023,44.12522],[3.19057,44.12708],[3.18984,44.12935],[3.19057,44.13041],[3.18972,44.13203],[3.19017,44.13298],[3.18936,44.13456],[3.19037,44.13596],[3.18873,44.13749],[3.18835,44.13955],[3.18552,44.14265],[3.18142,44.14314],[3.17932,44.145],[3.17887,44.14715],[3.18037,44.1483],[3.17981,44.15017],[3.18023,44.15151],[3.18147,44.15267],[3.18203,44.1546],[3.18292,44.15564],[3.18463,44.15481],[3.18697,44.15292],[3.18927,44.15495],[3.1896,44.15621],[3.19358,44.15407],[3.19641,44.15367],[3.19826,44.15271],[3.20087,44.15323],[3.20339,44.15225],[3.20531,44.15221],[3.20978,44.15086],[3.21088,44.15129],[3.21482,44.15042],[3.21601,44.14955],[3.21654,44.14839],[3.21639,44.14678],[3.21708,44.14487],[3.21597,44.1431],[3.21674,44.14171],[3.21719,44.13983],[3.21791,44.13878],[3.22244,44.13957],[3.22272,44.13786],[3.22401,44.13665],[3.22692,44.13467],[3.22719,44.1318],[3.2278,44.13117],[3.23123,44.1306],[3.23246,44.12938],[3.23201,44.12884],[3.23485,44.12608],[3.23257,44.124],[3.23371,44.12241],[3.23573,44.12166],[3.23456,44.11937],[3.23688,44.11866],[3.23905,44.11764],[3.24097,44.11803],[3.2426,44.11917],[3.24533,44.1192],[3.24616,44.11981],[3.24935,44.11893],[3.25137,44.11884],[3.25219,44.12031],[3.25484,44.12159],[3.25612,44.12352],[3.25894,44.12599],[3.26226,44.1249],[3.26519,44.12325],[3.2681,44.12248],[3.26955,44.12341],[3.27387,44.12436],[3.27744,44.12492],[3.27839,44.126],[3.28067,44.12679],[3.28086,44.128],[3.28513,44.13229],[3.28946,44.12996],[3.29562,44.12819],[3.30285,44.12755],[3.31416,44.12735],[3.32359,44.12701],[3.32404,44.12434],[3.32272,44.12121],[3.32427,44.12131],[3.3244,44.11534],[3.32402,44.11187],[3.32416,44.1086]]]}},{"type":"Feature","id":"fr-commune-12205","properties":{"id":"fr-commune-12205","name":"La Rouquette","kind":"commune","center":[1.9764,44.311],"code":"12205","department":"12"},"bbox":[1.9333,44.27631,2.01937,44.34573],"geometry":{"type":"Polygon","coordinates":[[[1.94923,44.33738],[1.95097,44.3387],[1.95276,44.33758],[1.9581,44.3358],[1.96088,44.33602],[1.95944,44.33934],[1.96219,44.34048],[1.96021,44.34133],[1.95963,44.34306],[1.96258,44.34373],[1.9631,44.34513],[1.96451,44.34457],[1.96524,44.34548],[1.96657,44.34498],[1.96732,44.34573],[1.96995,44.34522],[1.9729,44.34566],[1.9757,44.34263],[1.97791,44.34045],[1.98261,44.33781],[1.98582,44.33417],[1.98734,44.33136],[1.98753,44.33009],[1.98922,44.32996],[1.99495,44.33064],[1.99559,44.32818],[1.99919,44.32842],[1.99894,44.32724],[2.00009,44.32674],[2.00033,44.3255],[2.00148,44.32305],[2.00348,44.32193],[2.00816,44.32177],[2.0094,44.32079],[2.01095,44.32085],[2.01248,44.31752],[2.01562,44.31552],[2.0181,44.31477],[2.01903,44.31415],[2.01821,44.31277],[2.01937,44.31093],[2.0192,44.30955],[2.01693,44.30751],[2.01751,44.30566],[2.01618,44.30454],[2.01633,44.30322],[2.01392,44.30264],[2.01351,44.30056],[2.0108,44.30092],[2.0107,44.2999],[2.01259,44.29701],[2.01048,44.29556],[2.00739,44.29702],[2.00351,44.29799],[2.0004,44.29628],[2.0009,44.29561],[1.99797,44.29407],[1.99677,44.29515],[1.99517,44.29444],[1.99202,44.29365],[1.99428,44.2916],[1.99584,44.2898],[1.99639,44.28834],[1.99489,44.28783],[1.99313,44.28789],[1.99069,44.28716],[1.98796,44.28709],[1.98413,44.28479],[1.9821,44.28427],[1.97974,44.28259],[1.9766,44.28227],[1.97436,44.28238],[1.97327,44.28291],[1.97171,44.28206],[1.97159,44.27997],[1.97093,44.27837],[1.97079,44.27631],[1.96938,44.27635],[1.96768,44.2771],[1.96135,44.2792],[1.95786,44.28049],[1.95583,44.2807],[1.95293,44.27976],[1.9506,44.28016],[1.94765,44.2794],[1.94661,44.27985],[1.94307,44.2795],[1.94124,44.28245],[1.94027,44.28255],[1.93877,44.28299],[1.94277,44.28799],[1.94383,44.28894],[1.94877,44.29242],[1.95085,44.29439],[1.94867,44.29565],[1.9512,44.29757],[1.94773,44.30094],[1.94858,44.30189],[1.9507,44.30323],[1.94753,44.30541],[1.94357,44.30743],[1.93841,44.30909],[1.93727,44.31035],[1.9333,44.31113],[1.93374,44.31257],[1.93492,44.31345],[1.93651,44.31565],[1.93843,44.31758],[1.93948,44.31929],[1.94184,44.32074],[1.94299,44.32057],[1.94832,44.31776],[1.95451,44.3192],[1.95426,44.3202],[1.95204,44.32187],[1.95074,44.32212],[1.94776,44.32377],[1.94707,44.32505],[1.9472,44.3283],[1.94833,44.33048],[1.94922,44.33076],[1.95031,44.3328],[1.94868,44.3357],[1.94923,44.33738]]]}},{"type":"Feature","id":"fr-commune-12206","properties":{"id":"fr-commune-12206","name":"Roussennac","kind":"commune","center":[2.2491,44.4493],"code":"12206","department":"12"},"bbox":[2.20929,44.42624,2.2897,44.47259],"geometry":{"type":"Polygon","coordinates":[[[2.27937,44.47168],[2.27923,44.46915],[2.27519,44.46554],[2.276,44.4632],[2.27769,44.46147],[2.27693,44.46025],[2.27855,44.4589],[2.27992,44.45893],[2.28592,44.45828],[2.28743,44.4563],[2.28782,44.45523],[2.28697,44.45421],[2.28693,44.45237],[2.2856,44.44995],[2.28792,44.4493],[2.28892,44.44714],[2.28783,44.44699],[2.28462,44.44518],[2.28512,44.44406],[2.28675,44.44352],[2.28876,44.44339],[2.2897,44.44289],[2.28795,44.43907],[2.28833,44.43785],[2.28741,44.43579],[2.28927,44.4342],[2.28805,44.4327],[2.28425,44.43279],[2.28321,44.43345],[2.28064,44.43363],[2.27904,44.43262],[2.27604,44.43151],[2.27604,44.43054],[2.27499,44.42981],[2.27519,44.42779],[2.27367,44.42626],[2.27182,44.42624],[2.26969,44.4274],[2.26672,44.42862],[2.26453,44.42915],[2.25974,44.42956],[2.25964,44.43075],[2.26025,44.43665],[2.25876,44.44036],[2.25585,44.43945],[2.25228,44.43914],[2.25088,44.43936],[2.24856,44.43868],[2.24486,44.43958],[2.24216,44.44156],[2.2377,44.44155],[2.23644,44.4411],[2.23618,44.44002],[2.23804,44.43932],[2.23644,44.43813],[2.23479,44.43745],[2.23698,44.43563],[2.23362,44.43439],[2.23299,44.43322],[2.22885,44.43272],[2.22232,44.43369],[2.22136,44.43153],[2.21912,44.43114],[2.21868,44.43168],[2.21436,44.43311],[2.21556,44.43503],[2.21671,44.43754],[2.21515,44.43802],[2.21421,44.43894],[2.21248,44.43947],[2.21058,44.43861],[2.20929,44.43957],[2.21194,44.44118],[2.21537,44.44059],[2.21606,44.44111],[2.21232,44.44157],[2.21067,44.44362],[2.21126,44.4447],[2.21607,44.44464],[2.21919,44.44395],[2.219,44.44549],[2.21694,44.44543],[2.21233,44.4465],[2.21103,44.44738],[2.21199,44.44828],[2.21142,44.4494],[2.21217,44.45256],[2.2149,44.45173],[2.22018,44.45105],[2.22289,44.45129],[2.22313,44.45319],[2.22191,44.45597],[2.22097,44.45655],[2.22278,44.45764],[2.22498,44.45814],[2.22755,44.45819],[2.22694,44.45969],[2.23055,44.45857],[2.23491,44.45923],[2.23519,44.46134],[2.23832,44.46096],[2.24096,44.46015],[2.24358,44.45973],[2.24583,44.45986],[2.24822,44.46075],[2.24808,44.4638],[2.24978,44.46507],[2.25287,44.46407],[2.25758,44.46303],[2.26156,44.46179],[2.2646,44.46227],[2.26847,44.46446],[2.27154,44.46643],[2.27364,44.46823],[2.2769,44.47259],[2.27937,44.47168]]]}},{"type":"Feature","id":"fr-commune-12207","properties":{"id":"fr-commune-12207","name":"Rullac-Saint-Cirq","kind":"commune","center":[2.4755,44.1209],"code":"12207","department":"12"},"bbox":[2.43359,44.08633,2.51773,44.15544],"geometry":{"type":"Polygon","coordinates":[[[2.48367,44.08633],[2.48293,44.08646],[2.48223,44.08816],[2.47937,44.08881],[2.47889,44.09097],[2.47788,44.09101],[2.47475,44.09003],[2.47408,44.08883],[2.47223,44.08784],[2.47146,44.08696],[2.46915,44.08683],[2.46934,44.08893],[2.47012,44.08951],[2.46971,44.09089],[2.46747,44.09107],[2.4648,44.09035],[2.46254,44.09029],[2.46117,44.09104],[2.45756,44.09084],[2.45677,44.09282],[2.45532,44.09313],[2.45383,44.09282],[2.45162,44.09165],[2.45071,44.09211],[2.44887,44.09207],[2.44792,44.09345],[2.44883,44.09546],[2.44916,44.09771],[2.44728,44.09921],[2.44736,44.10078],[2.44647,44.10219],[2.44394,44.10245],[2.44144,44.10187],[2.44042,44.10044],[2.44098,44.09941],[2.43955,44.0982],[2.43675,44.09812],[2.43473,44.09924],[2.43377,44.09931],[2.43359,44.10148],[2.43513,44.10344],[2.43569,44.10488],[2.43495,44.10847],[2.43668,44.10802],[2.43722,44.10967],[2.43996,44.10946],[2.44206,44.11026],[2.44283,44.1114],[2.44151,44.11231],[2.44226,44.11346],[2.44225,44.11502],[2.44652,44.11637],[2.44833,44.11758],[2.44999,44.11998],[2.44833,44.12158],[2.44926,44.12276],[2.44977,44.12487],[2.4518,44.12635],[2.45211,44.12812],[2.4535,44.12867],[2.45223,44.13188],[2.45036,44.13305],[2.44851,44.13068],[2.44833,44.13219],[2.4488,44.13377],[2.44868,44.13638],[2.44781,44.1378],[2.44987,44.13805],[2.45176,44.13762],[2.45561,44.13784],[2.45565,44.13932],[2.45934,44.14221],[2.45917,44.14306],[2.45756,44.1434],[2.45549,44.14581],[2.45306,44.14652],[2.45044,44.14767],[2.44876,44.14892],[2.44891,44.14973],[2.45189,44.1492],[2.45253,44.15089],[2.44985,44.15089],[2.44784,44.15184],[2.45161,44.15291],[2.45467,44.1544],[2.45594,44.15392],[2.45665,44.15224],[2.4582,44.15212],[2.45938,44.1533],[2.45946,44.15424],[2.4614,44.1549],[2.46309,44.15462],[2.46411,44.153],[2.46729,44.15422],[2.4705,44.15343],[2.47078,44.15456],[2.47199,44.15544],[2.47495,44.15502],[2.47554,44.15385],[2.47764,44.15315],[2.48049,44.15312],[2.48258,44.15207],[2.48328,44.15074],[2.48275,44.14929],[2.48319,44.14862],[2.48189,44.1461],[2.48203,44.14404],[2.48283,44.143],[2.48275,44.14139],[2.48141,44.13941],[2.48352,44.13704],[2.48532,44.13604],[2.48743,44.13877],[2.48731,44.13976],[2.48525,44.14165],[2.48546,44.14388],[2.48849,44.14511],[2.48933,44.14613],[2.4892,44.14774],[2.48847,44.14926],[2.48994,44.14966],[2.49175,44.14866],[2.49319,44.14709],[2.494,44.14764],[2.49606,44.14704],[2.49727,44.14887],[2.49867,44.1492],[2.50092,44.14915],[2.50031,44.1476],[2.50246,44.14548],[2.50262,44.14483],[2.50448,44.14261],[2.50618,44.14136],[2.50717,44.13896],[2.50617,44.13685],[2.50632,44.1346],[2.50525,44.13258],[2.50388,44.13077],[2.50127,44.12948],[2.50237,44.12864],[2.50579,44.12809],[2.50903,44.12799],[2.51166,44.12736],[2.51152,44.12438],[2.51387,44.12347],[2.5174,44.12173],[2.51672,44.11978],[2.51765,44.11745],[2.51727,44.11699],[2.51459,44.11642],[2.51385,44.1148],[2.51538,44.11395],[2.51704,44.11251],[2.51773,44.1106],[2.51683,44.11032],[2.51593,44.10674],[2.5146,44.10747],[2.51309,44.10766],[2.51266,44.10611],[2.51495,44.10514],[2.51221,44.10243],[2.51092,44.10195],[2.50827,44.10316],[2.50644,44.10355],[2.503,44.10179],[2.50027,44.10147],[2.50026,44.09974],[2.50139,44.09994],[2.50375,44.0991],[2.50612,44.09707],[2.50682,44.09473],[2.50268,44.09352],[2.50041,44.09214],[2.49851,44.08995],[2.49692,44.08928],[2.49457,44.08963],[2.49232,44.09031],[2.49018,44.09018],[2.48765,44.08945],[2.48571,44.0875],[2.48367,44.08633]]]}},{"type":"Feature","id":"fr-commune-12208","properties":{"id":"fr-commune-12208","name":"Saint-Affrique","kind":"commune","center":[2.8533,43.9571],"code":"12208","department":"12"},"bbox":[2.75489,43.90435,2.95165,44.00977],"geometry":{"type":"Polygon","coordinates":[[[2.83828,44.00501],[2.84214,44.00694],[2.84491,44.00624],[2.84668,44.00636],[2.84611,44.00407],[2.84257,44.00382],[2.84092,44.00318],[2.83928,43.99938],[2.8399,43.99823],[2.84174,43.99872],[2.84886,43.99946],[2.84951,44.00119],[2.85045,44.00235],[2.85389,44.00439],[2.85868,44.00488],[2.86074,44.00422],[2.86488,44.00379],[2.86476,44.00209],[2.86739,43.9974],[2.87207,43.99788],[2.87365,43.99874],[2.87576,44.00096],[2.87912,44.00072],[2.87877,44.00261],[2.87985,44.00477],[2.881,44.00538],[2.88795,44.0043],[2.88892,44.00394],[2.89162,44.00421],[2.89552,44.00368],[2.89792,44.00233],[2.90259,44.00046],[2.90514,43.9991],[2.90675,43.9986],[2.9091,43.99937],[2.9121,43.9998],[2.91483,43.99907],[2.91683,43.99896],[2.92194,44.00332],[2.92442,44.00336],[2.928,44.00434],[2.92878,44.00394],[2.92917,44.00191],[2.92905,43.99992],[2.93095,44.00061],[2.93367,44.00106],[2.93524,44.00233],[2.93937,44.00436],[2.94267,44.00418],[2.94504,44.00295],[2.94725,44.00256],[2.95011,44.00364],[2.95041,44.0021],[2.94978,43.99942],[2.94463,43.99419],[2.94304,43.99368],[2.94455,43.99117],[2.94554,43.99125],[2.94896,43.98884],[2.94932,43.98808],[2.94958,43.98282],[2.95034,43.98152],[2.95153,43.98103],[2.95105,43.97944],[2.94891,43.97653],[2.95044,43.97595],[2.95165,43.97486],[2.94948,43.97313],[2.94746,43.97094],[2.9445,43.96824],[2.94521,43.96602],[2.94657,43.96524],[2.9452,43.96389],[2.94338,43.96396],[2.94331,43.96242],[2.94198,43.96006],[2.94367,43.95921],[2.94284,43.95724],[2.94434,43.95461],[2.94526,43.95488],[2.94578,43.95394],[2.94527,43.95155],[2.94336,43.94779],[2.94157,43.94777],[2.94068,43.94824],[2.93648,43.94862],[2.93707,43.94621],[2.93818,43.94435],[2.93944,43.9444],[2.94057,43.94258],[2.94588,43.94174],[2.94731,43.94047],[2.9487,43.93792],[2.94999,43.93739],[2.94959,43.93596],[2.94878,43.93524],[2.94647,43.93445],[2.94751,43.93305],[2.94608,43.9312],[2.94585,43.92716],[2.94794,43.92517],[2.94833,43.92304],[2.94749,43.9195],[2.94527,43.91785],[2.94403,43.91628],[2.94231,43.91706],[2.93945,43.91781],[2.93572,43.91819],[2.93086,43.92192],[2.92889,43.92032],[2.92685,43.91935],[2.92338,43.91876],[2.9197,43.91936],[2.9183,43.9199],[2.91495,43.91768],[2.91269,43.91536],[2.91089,43.915],[2.91069,43.91422],[2.90851,43.91415],[2.90736,43.91316],[2.9049,43.91198],[2.90539,43.91092],[2.90497,43.90983],[2.89969,43.90719],[2.89706,43.9063],[2.88946,43.90548],[2.8855,43.90435],[2.88432,43.90547],[2.88399,43.9082],[2.88317,43.90886],[2.88131,43.90918],[2.88156,43.91353],[2.88101,43.91435],[2.87584,43.91838],[2.87583,43.91902],[2.87764,43.92313],[2.87752,43.92529],[2.87634,43.92695],[2.87698,43.92882],[2.87628,43.93314],[2.87433,43.93342],[2.87283,43.93439],[2.87013,43.93237],[2.86757,43.93211],[2.86533,43.9326],[2.86195,43.93405],[2.86387,43.93715],[2.86476,43.94113],[2.86243,43.94366],[2.86003,43.94492],[2.8584,43.94748],[2.85531,43.94934],[2.85363,43.94988],[2.85233,43.95192],[2.85245,43.95357],[2.85173,43.95421],[2.85347,43.95493],[2.8534,43.95603],[2.85,43.95535],[2.84775,43.95536],[2.84625,43.95733],[2.84413,43.95651],[2.84331,43.95468],[2.84159,43.95465],[2.83804,43.9552],[2.83504,43.95622],[2.83204,43.95594],[2.83085,43.95622],[2.82997,43.95548],[2.8306,43.95331],[2.83064,43.95112],[2.82905,43.94944],[2.82778,43.94534],[2.82691,43.94528],[2.82476,43.94408],[2.82287,43.94229],[2.82081,43.939],[2.81912,43.93701],[2.81657,43.93582],[2.81616,43.93486],[2.81328,43.93384],[2.81186,43.93362],[2.80855,43.93444],[2.80655,43.93424],[2.80337,43.93434],[2.80149,43.93339],[2.80125,43.93255],[2.79754,43.93135],[2.79356,43.93085],[2.79183,43.93026],[2.7868,43.93097],[2.78633,43.93128],[2.7861,43.93247],[2.78659,43.9336],[2.78593,43.93713],[2.78396,43.93827],[2.77871,43.94248],[2.77869,43.94351],[2.78211,43.95075],[2.78322,43.95208],[2.78326,43.95358],[2.78272,43.95434],[2.78103,43.95502],[2.77943,43.95633],[2.77636,43.95673],[2.77492,43.95746],[2.77234,43.957],[2.76956,43.95749],[2.77103,43.95831],[2.77416,43.95904],[2.77818,43.95825],[2.78155,43.95933],[2.78532,43.96216],[2.78532,43.96433],[2.78418,43.96762],[2.78238,43.96984],[2.78151,43.97239],[2.77953,43.97554],[2.78166,43.97792],[2.77906,43.98198],[2.77775,43.9823],[2.77579,43.98516],[2.77407,43.98694],[2.77262,43.98796],[2.77018,43.98871],[2.76729,43.9885],[2.76375,43.98702],[2.76122,43.98739],[2.75858,43.98691],[2.7579,43.98919],[2.75675,43.99037],[2.75699,43.99173],[2.75489,43.99373],[2.75704,43.99581],[2.76116,43.99777],[2.76619,43.99891],[2.76873,43.99917],[2.77329,44.0002],[2.77432,43.99986],[2.77735,44.00102],[2.77871,44.00295],[2.78034,44.00288],[2.7807,44.0038],[2.78542,44.00512],[2.78646,44.00463],[2.7885,44.00565],[2.79162,44.0055],[2.7931,44.00713],[2.79504,44.00751],[2.79614,44.00679],[2.79866,44.00621],[2.80097,44.00977],[2.80453,44.00962],[2.80556,44.00913],[2.80859,44.00636],[2.81078,44.00508],[2.81116,44.00396],[2.82021,44.00434],[2.8233,44.00259],[2.82879,44.00171],[2.82942,44.00131],[2.83105,44.00284],[2.83295,44.00219],[2.8345,44.00363],[2.837,44.00432],[2.83828,44.00501]]]}},{"type":"Feature","id":"fr-commune-12209","properties":{"id":"fr-commune-12209","name":"Saint-Amans-des-Cots","kind":"commune","center":[2.6839,44.6905],"code":"12209","department":"12"},"bbox":[2.61762,44.64927,2.75017,44.73182],"geometry":{"type":"Polygon","coordinates":[[[2.72297,44.71278],[2.72218,44.71198],[2.72481,44.70986],[2.72373,44.70923],[2.72461,44.70842],[2.72271,44.70775],[2.7217,44.70627],[2.72593,44.70321],[2.72409,44.70194],[2.72246,44.70143],[2.72325,44.70057],[2.71976,44.69891],[2.71946,44.6972],[2.72064,44.6961],[2.7188,44.69502],[2.71722,44.69513],[2.71469,44.69627],[2.71385,44.6949],[2.71059,44.69418],[2.71045,44.69316],[2.708,44.6904],[2.7079,44.68878],[2.70649,44.68862],[2.70484,44.68778],[2.7046,44.68648],[2.7094,44.68736],[2.70926,44.68606],[2.71071,44.68583],[2.71248,44.68614],[2.71361,44.68492],[2.71734,44.68455],[2.71808,44.68241],[2.71905,44.6823],[2.72092,44.68336],[2.72604,44.68479],[2.72893,44.68429],[2.72881,44.68339],[2.73043,44.68257],[2.73107,44.68307],[2.73315,44.68193],[2.73692,44.68052],[2.74078,44.68155],[2.74172,44.68146],[2.74184,44.67975],[2.74308,44.67771],[2.74547,44.67725],[2.7476,44.67445],[2.7488,44.67369],[2.75017,44.67202],[2.74953,44.6699],[2.74825,44.66829],[2.74661,44.66704],[2.74406,44.6657],[2.74638,44.66235],[2.74758,44.66106],[2.74599,44.65825],[2.74283,44.65814],[2.73965,44.65518],[2.74072,44.65428],[2.73851,44.65181],[2.73909,44.65146],[2.73983,44.65043],[2.73884,44.64927],[2.73762,44.65002],[2.73761,44.65236],[2.73217,44.65273],[2.73123,44.65264],[2.72782,44.65102],[2.72733,44.65136],[2.7281,44.65293],[2.72744,44.6538],[2.72957,44.65649],[2.73191,44.65629],[2.73249,44.65896],[2.73149,44.65991],[2.72888,44.65959],[2.72904,44.6612],[2.72755,44.66181],[2.72497,44.66349],[2.72458,44.66238],[2.72206,44.66139],[2.72091,44.66195],[2.72003,44.66324],[2.71855,44.66274],[2.71629,44.66332],[2.71447,44.66206],[2.70957,44.6597],[2.70813,44.65863],[2.70764,44.65731],[2.70521,44.65732],[2.70372,44.65681],[2.70144,44.65685],[2.69826,44.65752],[2.69558,44.65604],[2.69369,44.65576],[2.69281,44.65811],[2.693,44.65938],[2.69175,44.66012],[2.68818,44.66094],[2.68459,44.66078],[2.68249,44.66016],[2.67787,44.66102],[2.67642,44.66022],[2.6751,44.66047],[2.67429,44.65964],[2.67295,44.6599],[2.67266,44.66091],[2.67123,44.66175],[2.66978,44.6615],[2.66823,44.66285],[2.66638,44.66153],[2.66442,44.66278],[2.66255,44.66312],[2.6612,44.66204],[2.65977,44.66244],[2.65769,44.6636],[2.65703,44.665],[2.65617,44.66544],[2.65628,44.66629],[2.65813,44.66817],[2.65911,44.67019],[2.66126,44.67092],[2.66308,44.67306],[2.66126,44.67573],[2.65827,44.67652],[2.65738,44.678],[2.65751,44.67911],[2.6553,44.67826],[2.65389,44.67839],[2.65206,44.67997],[2.64966,44.68126],[2.64441,44.68329],[2.6417,44.68514],[2.63938,44.68603],[2.63563,44.6863],[2.63411,44.6859],[2.63218,44.68664],[2.6311,44.68789],[2.62854,44.68995],[2.6264,44.69086],[2.62878,44.69284],[2.63104,44.6936],[2.63078,44.69484],[2.62908,44.69493],[2.62751,44.69683],[2.62541,44.69578],[2.62474,44.69458],[2.62378,44.69459],[2.62183,44.69572],[2.62127,44.69698],[2.61839,44.69726],[2.61762,44.699],[2.61794,44.70068],[2.62052,44.70202],[2.62271,44.70218],[2.62506,44.70316],[2.62559,44.70422],[2.62747,44.70473],[2.63036,44.70477],[2.63101,44.70532],[2.63459,44.70443],[2.63673,44.70437],[2.63719,44.70224],[2.6387,44.70246],[2.63946,44.70111],[2.64475,44.69975],[2.64935,44.69769],[2.65004,44.69706],[2.6518,44.69685],[2.65274,44.69536],[2.65557,44.69562],[2.65477,44.6977],[2.65696,44.69913],[2.65621,44.70048],[2.65419,44.70258],[2.65379,44.70462],[2.65846,44.7039],[2.6609,44.70804],[2.66308,44.70718],[2.66492,44.70459],[2.66389,44.70316],[2.66529,44.70136],[2.66649,44.70126],[2.66761,44.70329],[2.66904,44.70418],[2.66892,44.70555],[2.67043,44.7076],[2.67287,44.70723],[2.67446,44.7089],[2.67482,44.71123],[2.67475,44.71401],[2.68159,44.71444],[2.68498,44.7157],[2.69014,44.71736],[2.69275,44.71748],[2.69544,44.71836],[2.69263,44.72168],[2.6927,44.72255],[2.69178,44.72366],[2.69248,44.72499],[2.69013,44.72576],[2.69256,44.72972],[2.69309,44.73182],[2.69901,44.73175],[2.69997,44.73118],[2.69972,44.73018],[2.70071,44.72964],[2.69963,44.72857],[2.70114,44.72775],[2.70082,44.72704],[2.70239,44.72573],[2.70453,44.72576],[2.70605,44.72657],[2.70982,44.72734],[2.71131,44.72555],[2.71076,44.72423],[2.7106,44.72227],[2.71443,44.72089],[2.7147,44.72003],[2.71647,44.71869],[2.71843,44.71609],[2.71932,44.71415],[2.7217,44.7135],[2.72297,44.71278]]]}},{"type":"Feature","id":"fr-commune-12210","properties":{"id":"fr-commune-12210","name":"Saint-André-de-Najac","kind":"commune","center":[2.0209,44.1797],"code":"12210","department":"12"},"bbox":[1.97311,44.14948,2.06864,44.20983],"geometry":{"type":"Polygon","coordinates":[[[2.05841,44.1724],[2.05431,44.17179],[2.05293,44.17113],[2.04999,44.17157],[2.04771,44.17124],[2.04302,44.16966],[2.04043,44.16835],[2.03817,44.16812],[2.0359,44.16851],[2.02991,44.16889],[2.02855,44.16855],[2.0269,44.16679],[2.02685,44.16476],[2.02743,44.16382],[2.02977,44.16266],[2.03077,44.16173],[2.03138,44.15981],[2.03108,44.15818],[2.02989,44.15702],[2.02427,44.15494],[2.02075,44.15457],[2.01688,44.15499],[2.01393,44.15467],[2.00378,44.15118],[2.00111,44.15078],[1.99699,44.15107],[1.99313,44.15041],[1.99017,44.14948],[1.98975,44.15104],[1.992,44.15439],[1.99513,44.1552],[1.99737,44.15669],[1.99881,44.15837],[2.0009,44.15904],[1.99647,44.16011],[1.99489,44.16013],[1.98769,44.15941],[1.98703,44.16218],[1.98548,44.16119],[1.98429,44.16118],[1.98197,44.16037],[1.97822,44.16125],[1.97674,44.16204],[1.97715,44.16366],[1.97528,44.16559],[1.97364,44.16662],[1.97316,44.16775],[1.97359,44.16985],[1.97311,44.17095],[1.97392,44.17241],[1.97594,44.17305],[1.97868,44.17471],[1.98056,44.17666],[1.98262,44.17788],[1.98297,44.17959],[1.98148,44.18167],[1.98067,44.18498],[1.98076,44.18643],[1.98221,44.18721],[1.98375,44.18685],[1.98785,44.1872],[1.99048,44.18686],[1.99138,44.18799],[1.99284,44.18786],[1.99305,44.18702],[1.99588,44.18856],[1.99675,44.18773],[1.99788,44.18882],[1.99967,44.18899],[1.99947,44.18794],[1.99741,44.18623],[1.99817,44.18482],[2.00085,44.18385],[2.00175,44.18292],[2.00478,44.18157],[2.00544,44.18277],[2.00411,44.1839],[2.00701,44.18384],[2.00885,44.18596],[2.00679,44.18668],[2.00862,44.1873],[2.01007,44.18914],[2.01214,44.19071],[2.0137,44.19112],[2.01368,44.19233],[2.01522,44.19247],[2.01555,44.19353],[2.01745,44.19458],[2.01986,44.19415],[2.02054,44.19503],[2.01849,44.19544],[2.01758,44.19673],[2.01756,44.19786],[2.02006,44.19877],[2.02306,44.19855],[2.02429,44.19914],[2.02743,44.19961],[2.02972,44.19903],[2.02953,44.2007],[2.03154,44.20032],[2.0333,44.20058],[2.03334,44.20368],[2.03367,44.20449],[2.03529,44.20491],[2.03714,44.20472],[2.0374,44.20655],[2.03869,44.20808],[2.03954,44.20983],[2.0416,44.20828],[2.04421,44.20913],[2.04592,44.20818],[2.04894,44.2095],[2.04987,44.20855],[2.05085,44.2079],[2.05167,44.20623],[2.05332,44.20466],[2.05524,44.20361],[2.05573,44.20262],[2.06031,44.2025],[2.06529,44.20084],[2.06489,44.20006],[2.06492,44.19806],[2.06611,44.19686],[2.06844,44.19565],[2.06864,44.19463],[2.06787,44.19318],[2.06812,44.19165],[2.06779,44.19002],[2.0665,44.19015],[2.06266,44.18917],[2.06119,44.18918],[2.0582,44.19],[2.05643,44.18985],[2.05252,44.18889],[2.05095,44.1874],[2.05226,44.18341],[2.05411,44.18203],[2.05595,44.17981],[2.05935,44.1769],[2.06039,44.17347],[2.05987,44.17251],[2.05841,44.1724]]]}},{"type":"Feature","id":"fr-commune-12211","properties":{"id":"fr-commune-12211","name":"Saint-André-de-Vézines","kind":"commune","center":[3.2731,44.1476],"code":"12211","department":"12"},"bbox":[3.21597,44.11764,3.33022,44.17752],"geometry":{"type":"Polygon","coordinates":[[[3.33022,44.14216],[3.3203,44.1359],[3.32114,44.12986],[3.32359,44.12701],[3.31416,44.12735],[3.30285,44.12755],[3.29562,44.12819],[3.28946,44.12996],[3.28513,44.13229],[3.28086,44.128],[3.28067,44.12679],[3.27839,44.126],[3.27744,44.12492],[3.27387,44.12436],[3.26955,44.12341],[3.2681,44.12248],[3.26519,44.12325],[3.26226,44.1249],[3.25894,44.12599],[3.25612,44.12352],[3.25484,44.12159],[3.25219,44.12031],[3.25137,44.11884],[3.24935,44.11893],[3.24616,44.11981],[3.24533,44.1192],[3.2426,44.11917],[3.24097,44.11803],[3.23905,44.11764],[3.23688,44.11866],[3.23456,44.11937],[3.23573,44.12166],[3.23371,44.12241],[3.23257,44.124],[3.23485,44.12608],[3.23201,44.12884],[3.23246,44.12938],[3.23123,44.1306],[3.2278,44.13117],[3.22719,44.1318],[3.22692,44.13467],[3.22401,44.13665],[3.22272,44.13786],[3.22244,44.13957],[3.21791,44.13878],[3.21719,44.13983],[3.21674,44.14171],[3.21597,44.1431],[3.21708,44.14487],[3.21639,44.14678],[3.21654,44.14839],[3.21601,44.14955],[3.21698,44.15027],[3.21735,44.15167],[3.21845,44.15203],[3.21709,44.15333],[3.21801,44.15529],[3.21783,44.15671],[3.21993,44.15786],[3.22061,44.15887],[3.22183,44.15936],[3.22198,44.16033],[3.22398,44.16152],[3.2254,44.16152],[3.2268,44.1621],[3.23078,44.16215],[3.23337,44.16411],[3.23563,44.16535],[3.23824,44.1662],[3.2405,44.16654],[3.24197,44.1678],[3.24193,44.16853],[3.24543,44.17079],[3.24656,44.17058],[3.24745,44.16963],[3.25074,44.16773],[3.25249,44.16738],[3.25675,44.16795],[3.25986,44.16964],[3.26137,44.16866],[3.26276,44.16933],[3.26429,44.17138],[3.26507,44.17313],[3.26653,44.1742],[3.26936,44.17546],[3.27061,44.17467],[3.27109,44.17367],[3.27428,44.174],[3.27498,44.17445],[3.27496,44.17728],[3.2804,44.17742],[3.28358,44.17662],[3.28532,44.17675],[3.28734,44.17752],[3.28763,44.17606],[3.28923,44.17456],[3.29322,44.17401],[3.29279,44.17129],[3.29234,44.17041],[3.2961,44.16963],[3.2973,44.17076],[3.29797,44.16931],[3.29998,44.17024],[3.30124,44.17005],[3.3054,44.16848],[3.30695,44.16824],[3.30725,44.16712],[3.31847,44.16597],[3.31688,44.1627],[3.31672,44.1613],[3.31766,44.16082],[3.32041,44.16174],[3.31861,44.15792],[3.32219,44.15546],[3.32413,44.15377],[3.3204,44.15274],[3.322,44.1479],[3.32172,44.14606],[3.321,44.14544],[3.32185,44.1444],[3.32585,44.14283],[3.33022,44.14216]]]}},{"type":"Feature","id":"fr-commune-12212","properties":{"id":"fr-commune-12212","name":"Saint-Beaulize","kind":"commune","center":[3.0926,43.9085],"code":"12212","department":"12"},"bbox":[3.03894,43.8842,3.14626,43.93276],"geometry":{"type":"Polygon","coordinates":[[[3.084,43.88992],[3.08426,43.89074],[3.08125,43.89442],[3.08003,43.89497],[3.07891,43.89616],[3.07588,43.89595],[3.07347,43.89538],[3.06942,43.8954],[3.06448,43.89509],[3.06312,43.89527],[3.05811,43.89211],[3.05634,43.89216],[3.05155,43.89131],[3.04055,43.8922],[3.03926,43.89121],[3.03894,43.89427],[3.04233,43.89451],[3.04224,43.89606],[3.04272,43.89733],[3.04436,43.89858],[3.04715,43.899],[3.04239,43.90076],[3.04658,43.90082],[3.04986,43.90063],[3.05124,43.90023],[3.0567,43.90037],[3.05842,43.89991],[3.05937,43.90032],[3.05849,43.90141],[3.05533,43.90205],[3.05428,43.904],[3.05328,43.90559],[3.05443,43.90666],[3.05499,43.90795],[3.0566,43.90865],[3.06072,43.90826],[3.06115,43.90969],[3.06289,43.90982],[3.06653,43.90916],[3.0689,43.90984],[3.07041,43.9111],[3.0726,43.91189],[3.07452,43.91365],[3.07458,43.91438],[3.07674,43.91767],[3.07825,43.91662],[3.07987,43.91641],[3.08118,43.91531],[3.0869,43.91341],[3.08856,43.91368],[3.09263,43.91389],[3.0955,43.91187],[3.10038,43.9188],[3.10435,43.92467],[3.10517,43.93034],[3.10489,43.93276],[3.10689,43.93267],[3.11249,43.93138],[3.11625,43.93026],[3.11429,43.92634],[3.11971,43.92407],[3.1248,43.92223],[3.1282,43.92118],[3.13188,43.92043],[3.13235,43.91944],[3.132,43.91579],[3.13589,43.91541],[3.137,43.91568],[3.14295,43.91843],[3.14451,43.91994],[3.14626,43.92101],[3.14207,43.90804],[3.14164,43.90463],[3.14014,43.9018],[3.14248,43.90178],[3.14536,43.90247],[3.14449,43.89927],[3.14074,43.9001],[3.13817,43.90116],[3.1362,43.90122],[3.13433,43.90032],[3.13264,43.8985],[3.13241,43.89641],[3.12996,43.89709],[3.12732,43.8983],[3.12527,43.89834],[3.12295,43.89626],[3.12022,43.89452],[3.11873,43.89387],[3.1184,43.89247],[3.1172,43.8917],[3.11594,43.88955],[3.11437,43.88942],[3.11286,43.88813],[3.11009,43.8842],[3.10692,43.88576],[3.10836,43.88754],[3.10555,43.88807],[3.10256,43.88909],[3.10071,43.89028],[3.09784,43.89128],[3.09627,43.89134],[3.09374,43.89226],[3.09256,43.89228],[3.08699,43.88922],[3.08563,43.88803],[3.084,43.88992]]]}},{"type":"Feature","id":"fr-commune-12213","properties":{"id":"fr-commune-12213","name":"Saint-Beauzély","kind":"commune","center":[2.9574,44.1676],"code":"12213","department":"12"},"bbox":[2.90271,44.13884,3.0121,44.19635],"geometry":{"type":"Polygon","coordinates":[[[2.91427,44.17929],[2.91781,44.18217],[2.91681,44.18312],[2.9125,44.18574],[2.90898,44.18816],[2.905,44.19119],[2.90271,44.19341],[2.90276,44.19426],[2.9056,44.19402],[2.90875,44.19447],[2.91298,44.19416],[2.91435,44.19384],[2.91513,44.19549],[2.91633,44.19504],[2.91805,44.19358],[2.92,44.19295],[2.92518,44.19411],[2.92696,44.19635],[2.93325,44.19487],[2.93505,44.1937],[2.93535,44.19292],[2.93858,44.19217],[2.94124,44.19009],[2.94394,44.18866],[2.94672,44.18859],[2.94894,44.18755],[2.95107,44.18881],[2.95148,44.19009],[2.95517,44.19024],[2.95673,44.19088],[2.95602,44.19306],[2.95632,44.19359],[2.96318,44.19095],[2.96394,44.19025],[2.96267,44.188],[2.96153,44.18716],[2.9636,44.18557],[2.96309,44.1835],[2.96549,44.18315],[2.96629,44.18359],[2.96915,44.18358],[2.97006,44.18258],[2.97088,44.17985],[2.97275,44.17981],[2.97239,44.18108],[2.97445,44.18111],[2.97643,44.17757],[2.97765,44.17596],[2.9798,44.17658],[2.98163,44.17639],[2.98473,44.17823],[2.9867,44.17833],[2.98721,44.18002],[2.98566,44.18311],[2.98415,44.18406],[2.98379,44.18533],[2.98284,44.18617],[2.98858,44.19027],[2.99005,44.19064],[2.99335,44.1897],[2.99485,44.18891],[2.99816,44.18955],[3.00176,44.19087],[3.00321,44.19101],[3.00493,44.18968],[3.00664,44.18954],[3.00787,44.18995],[3.00977,44.18982],[3.0121,44.19028],[3.01081,44.18447],[3.00908,44.17999],[3.00929,44.17591],[3.00911,44.17155],[3.00879,44.17115],[3.0075,44.16638],[3.00667,44.16477],[3.00613,44.16148],[3.00655,44.15959],[3.00756,44.15787],[3.00807,44.15607],[3.00827,44.15269],[3.00776,44.15217],[3.00617,44.15158],[3.0041,44.14917],[3.00279,44.14845],[3.00151,44.14648],[2.99769,44.14235],[2.99425,44.1433],[2.9921,44.1436],[2.98537,44.1407],[2.98142,44.13953],[2.97579,44.13967],[2.97298,44.13894],[2.97114,44.13884],[2.96464,44.13948],[2.96415,44.14069],[2.9608,44.14278],[2.9575,44.14331],[2.95507,44.14576],[2.95451,44.1483],[2.95482,44.14983],[2.95354,44.15028],[2.94852,44.15335],[2.94672,44.1539],[2.94463,44.15543],[2.94251,44.15569],[2.94,44.15744],[2.94239,44.15914],[2.94366,44.16124],[2.94356,44.16182],[2.9408,44.16233],[2.9392,44.16367],[2.93834,44.1654],[2.93347,44.16792],[2.93032,44.16904],[2.92956,44.16898],[2.92809,44.17108],[2.92457,44.17309],[2.92398,44.17425],[2.92304,44.1746],[2.92174,44.17604],[2.91801,44.17736],[2.91427,44.17929]]]}},{"type":"Feature","id":"fr-commune-12214","properties":{"id":"fr-commune-12214","name":"Saint-Chély-d'Aubrac","kind":"commune","center":[2.9419,44.5912],"code":"12214","department":"12"},"bbox":[2.85342,44.53383,3.03105,44.64858],"geometry":{"type":"Polygon","coordinates":[[[2.87138,44.56917],[2.8716,44.57197],[2.87249,44.57309],[2.87278,44.57631],[2.8725,44.57739],[2.87287,44.579],[2.87003,44.58093],[2.86868,44.58347],[2.86702,44.58386],[2.86362,44.58035],[2.86087,44.57593],[2.85957,44.57451],[2.85435,44.57466],[2.85342,44.5766],[2.85357,44.57782],[2.85759,44.57963],[2.85872,44.57954],[2.85926,44.58066],[2.85892,44.58203],[2.85937,44.58413],[2.86085,44.58573],[2.85873,44.58778],[2.85542,44.58816],[2.85572,44.59011],[2.85776,44.59041],[2.85891,44.59271],[2.86177,44.59291],[2.86417,44.59472],[2.86576,44.59459],[2.86816,44.59569],[2.86851,44.59741],[2.87019,44.59816],[2.87105,44.59912],[2.87109,44.60017],[2.87339,44.60086],[2.87466,44.60025],[2.87846,44.60146],[2.8799,44.60109],[2.88162,44.6016],[2.88276,44.60241],[2.88369,44.60423],[2.88552,44.60368],[2.88729,44.6044],[2.88872,44.60351],[2.89165,44.60471],[2.89277,44.60569],[2.89653,44.60571],[2.89856,44.60647],[2.90097,44.60541],[2.90255,44.60561],[2.90516,44.60698],[2.91023,44.60884],[2.91109,44.61028],[2.91338,44.61013],[2.91686,44.61278],[2.91764,44.6137],[2.91965,44.61422],[2.92089,44.61583],[2.92255,44.61697],[2.9249,44.61716],[2.92576,44.61793],[2.93061,44.62012],[2.93314,44.62053],[2.93507,44.62118],[2.93632,44.62218],[2.93907,44.62306],[2.94017,44.62308],[2.94332,44.62411],[2.94468,44.62507],[2.94733,44.62567],[2.94977,44.62553],[2.95051,44.6245],[2.95344,44.6246],[2.95496,44.62495],[2.96313,44.62813],[2.96502,44.62825],[2.9668,44.62911],[2.96761,44.6303],[2.96878,44.63031],[2.97228,44.6325],[2.97401,44.63612],[2.97374,44.63707],[2.97198,44.6381],[2.9724,44.64018],[2.97075,44.64326],[2.97103,44.64405],[2.96991,44.64489],[2.97081,44.6469],[2.97,44.64858],[2.97228,44.64713],[2.97328,44.64536],[2.97544,44.64472],[2.98168,44.64467],[2.98342,44.64404],[2.98564,44.64407],[2.98739,44.64173],[2.99096,44.63742],[2.99376,44.63489],[2.9943,44.6353],[2.99914,44.63333],[3.00107,44.63084],[3.00568,44.62712],[3.00605,44.62627],[3.00885,44.62469],[3.01212,44.62227],[3.01559,44.61876],[3.01591,44.61473],[3.01837,44.61145],[3.01986,44.60981],[3.0248,44.6073],[3.02879,44.60332],[3.03016,44.60267],[3.03032,44.60136],[3.03105,44.60068],[3.02931,44.59945],[3.02638,44.59987],[3.02509,44.59961],[3.02162,44.59954],[3.01735,44.60024],[3.01577,44.6003],[3.01399,44.59881],[3.01374,44.59728],[3.01309,44.59662],[3.01185,44.59343],[3.01044,44.59153],[3.01331,44.58884],[3.01592,44.58602],[3.01698,44.58414],[3.01513,44.5831],[3.0131,44.583],[3.01107,44.58416],[3.00993,44.58341],[3.00768,44.58418],[3.00474,44.58454],[3.00311,44.58417],[3.00133,44.58519],[2.99993,44.58381],[2.9982,44.58305],[2.9961,44.58288],[2.9951,44.58145],[2.99538,44.57987],[2.99233,44.57649],[2.99306,44.5756],[2.99146,44.5746],[2.99038,44.57541],[2.98697,44.57502],[2.98581,44.57395],[2.98464,44.57362],[2.9823,44.5721],[2.98129,44.57015],[2.97744,44.56714],[2.97587,44.56436],[2.97365,44.56224],[2.97115,44.56027],[2.96965,44.55982],[2.96475,44.55773],[2.96241,44.55911],[2.96011,44.55971],[2.95581,44.55977],[2.95477,44.56024],[2.95242,44.55979],[2.95024,44.55878],[2.94903,44.55782],[2.94669,44.55754],[2.94549,44.55386],[2.94449,44.55315],[2.94445,44.55124],[2.94312,44.54991],[2.93982,44.54808],[2.93837,44.54773],[2.9377,44.5453],[2.93598,44.54552],[2.93431,44.54493],[2.93226,44.54326],[2.93056,44.54323],[2.92811,44.54247],[2.92619,44.54277],[2.92581,44.54124],[2.92461,44.54043],[2.92469,44.53947],[2.92387,44.53848],[2.92399,44.53687],[2.921,44.5371],[2.92069,44.53536],[2.9179,44.53508],[2.91519,44.53383],[2.91278,44.53402],[2.91361,44.53462],[2.91365,44.53592],[2.9152,44.53708],[2.91571,44.53833],[2.91807,44.54088],[2.91724,44.54247],[2.91792,44.54507],[2.91636,44.5462],[2.91302,44.54689],[2.90939,44.54795],[2.90758,44.5494],[2.9069,44.55053],[2.9052,44.55113],[2.90119,44.5538],[2.9028,44.55533],[2.90274,44.55768],[2.90354,44.55953],[2.9028,44.55974],[2.89979,44.56357],[2.8997,44.56726],[2.90471,44.56893],[2.90683,44.56919],[2.90659,44.57073],[2.90458,44.5716],[2.90106,44.5716],[2.89916,44.57227],[2.89663,44.57211],[2.89529,44.57342],[2.89407,44.57385],[2.89127,44.57394],[2.88968,44.57197],[2.8886,44.57206],[2.88565,44.57046],[2.88529,44.57146],[2.88348,44.5718],[2.88176,44.56872],[2.87998,44.56724],[2.87843,44.56807],[2.87594,44.56827],[2.87138,44.56917]]]}},{"type":"Feature","id":"fr-commune-12215","properties":{"id":"fr-commune-12215","name":"Saint-Christophe-Vallon","kind":"commune","center":[2.3927,44.4785],"code":"12215","department":"12"},"bbox":[2.34795,44.44933,2.43747,44.50767],"geometry":{"type":"Polygon","coordinates":[[[2.37384,44.50297],[2.37504,44.50301],[2.37666,44.5041],[2.37833,44.5025],[2.38103,44.50147],[2.38377,44.49981],[2.38731,44.49858],[2.38941,44.49897],[2.3903,44.50205],[2.39172,44.5026],[2.39245,44.50553],[2.39341,44.50766],[2.39602,44.50767],[2.39615,44.50687],[2.39826,44.50561],[2.4024,44.50377],[2.40441,44.50233],[2.40541,44.50089],[2.40787,44.49988],[2.41015,44.49975],[2.41296,44.49854],[2.41691,44.49625],[2.42061,44.49519],[2.42159,44.49346],[2.42028,44.49221],[2.42017,44.49079],[2.41937,44.49002],[2.4214,44.48935],[2.4234,44.49006],[2.42741,44.49023],[2.42987,44.48912],[2.42985,44.48774],[2.42913,44.48698],[2.43116,44.48201],[2.4269,44.47973],[2.42676,44.47904],[2.42791,44.47784],[2.42999,44.47726],[2.43147,44.47512],[2.43395,44.47275],[2.4343,44.4705],[2.43654,44.46788],[2.43747,44.46579],[2.43577,44.46562],[2.4349,44.46711],[2.43208,44.46703],[2.43014,44.46833],[2.42712,44.46734],[2.42593,44.46757],[2.42605,44.4686],[2.42247,44.47032],[2.41924,44.46976],[2.41771,44.46752],[2.41765,44.46535],[2.41903,44.46446],[2.42149,44.46182],[2.42312,44.46063],[2.42274,44.45894],[2.42212,44.45852],[2.42155,44.45589],[2.42172,44.45463],[2.41987,44.45431],[2.41779,44.45454],[2.41648,44.4539],[2.41334,44.45395],[2.41221,44.45431],[2.41123,44.45343],[2.41345,44.45172],[2.41584,44.45039],[2.41507,44.44958],[2.41238,44.44933],[2.41157,44.45019],[2.40917,44.45125],[2.40781,44.4514],[2.4051,44.45247],[2.40177,44.45207],[2.39945,44.45337],[2.39676,44.45416],[2.3946,44.45542],[2.39411,44.45438],[2.39475,44.45341],[2.39262,44.45326],[2.39016,44.45395],[2.39066,44.45498],[2.38863,44.45672],[2.38557,44.45575],[2.38463,44.45964],[2.38325,44.4608],[2.38118,44.46021],[2.38049,44.46075],[2.38046,44.46275],[2.37964,44.46315],[2.37736,44.4621],[2.37438,44.46179],[2.37067,44.46081],[2.37139,44.46167],[2.37437,44.4639],[2.37476,44.46505],[2.3778,44.46642],[2.37847,44.46615],[2.37946,44.46799],[2.37901,44.47054],[2.37767,44.47101],[2.37878,44.47283],[2.37987,44.47539],[2.37686,44.47647],[2.3755,44.47848],[2.37319,44.4803],[2.37039,44.4817],[2.367,44.48238],[2.36621,44.48411],[2.36376,44.48491],[2.3626,44.48635],[2.36153,44.48678],[2.36,44.48872],[2.35657,44.49173],[2.35609,44.49294],[2.35268,44.49485],[2.34997,44.4953],[2.34909,44.49726],[2.34843,44.49775],[2.34795,44.50022],[2.34976,44.50239],[2.35055,44.5049],[2.35312,44.50585],[2.35471,44.50436],[2.35476,44.50332],[2.35621,44.50111],[2.35787,44.49933],[2.35782,44.49808],[2.35953,44.49709],[2.36355,44.49644],[2.36598,44.49564],[2.36768,44.49686],[2.36806,44.49862],[2.36573,44.50035],[2.36536,44.50135],[2.36945,44.50297],[2.37095,44.50171],[2.37384,44.50297]]]}},{"type":"Feature","id":"fr-commune-12216","properties":{"id":"fr-commune-12216","name":"Saint-Côme-d'Olt","kind":"commune","center":[2.8195,44.5327],"code":"12216","department":"12"},"bbox":[2.78189,44.49571,2.85736,44.56964],"geometry":{"type":"Polygon","coordinates":[[[2.79725,44.55549],[2.80465,44.55566],[2.80388,44.55721],[2.8037,44.55921],[2.8047,44.56072],[2.80791,44.56337],[2.80957,44.56235],[2.81063,44.56091],[2.81234,44.56073],[2.81238,44.55866],[2.81365,44.55938],[2.81525,44.56096],[2.81578,44.56302],[2.81821,44.56714],[2.81861,44.56674],[2.82361,44.56871],[2.82655,44.56964],[2.83317,44.56646],[2.83213,44.56496],[2.83223,44.56111],[2.83251,44.56017],[2.83384,44.56023],[2.83755,44.55919],[2.83925,44.55777],[2.84383,44.55708],[2.84596,44.55597],[2.84788,44.55764],[2.84988,44.55629],[2.85057,44.55495],[2.85211,44.55321],[2.85536,44.55176],[2.85487,44.55072],[2.85292,44.55109],[2.85289,44.54924],[2.85215,44.54857],[2.85002,44.5487],[2.8486,44.54808],[2.84662,44.54587],[2.84786,44.54443],[2.84838,44.54288],[2.85063,44.54274],[2.85265,44.54332],[2.85434,44.54295],[2.85552,44.54184],[2.8532,44.53931],[2.85291,44.53826],[2.85046,44.5362],[2.84922,44.53425],[2.84998,44.53324],[2.85218,44.53406],[2.85405,44.53305],[2.85236,44.53224],[2.85173,44.53112],[2.85335,44.52847],[2.85364,44.52683],[2.85482,44.52665],[2.85377,44.52514],[2.85519,44.52515],[2.85713,44.52459],[2.85736,44.52344],[2.85498,44.52023],[2.85528,44.5196],[2.85365,44.51786],[2.85217,44.51757],[2.85121,44.51606],[2.85215,44.51348],[2.85066,44.51166],[2.84851,44.51042],[2.84854,44.50971],[2.84995,44.50817],[2.85216,44.508],[2.85456,44.50615],[2.85492,44.50453],[2.85603,44.50339],[2.85557,44.50098],[2.85594,44.50013],[2.85577,44.49571],[2.8532,44.49621],[2.85207,44.49778],[2.85015,44.49848],[2.84851,44.50016],[2.84688,44.50069],[2.847,44.50266],[2.84616,44.50344],[2.84576,44.50553],[2.84608,44.5072],[2.84499,44.50888],[2.84197,44.50776],[2.84009,44.50831],[2.83729,44.50457],[2.83523,44.50339],[2.83313,44.50457],[2.83167,44.50374],[2.82954,44.50499],[2.82785,44.50417],[2.82562,44.5046],[2.82452,44.50405],[2.82314,44.50528],[2.82125,44.50552],[2.82025,44.50611],[2.81667,44.50639],[2.81232,44.50486],[2.81128,44.50541],[2.80962,44.50457],[2.80857,44.50559],[2.80266,44.50509],[2.80086,44.50393],[2.80079,44.50272],[2.79759,44.50305],[2.7958,44.5033],[2.79375,44.50236],[2.79092,44.50353],[2.78965,44.50538],[2.78864,44.50606],[2.79103,44.50699],[2.79262,44.50917],[2.79108,44.51067],[2.78934,44.51153],[2.786,44.51255],[2.7865,44.51348],[2.78779,44.51376],[2.78649,44.51716],[2.78429,44.51786],[2.78255,44.51787],[2.78189,44.51843],[2.78411,44.52086],[2.78543,44.52131],[2.78556,44.52282],[2.7873,44.52301],[2.78895,44.52447],[2.79235,44.52566],[2.79156,44.52744],[2.79216,44.52967],[2.79136,44.53171],[2.7919,44.53341],[2.79318,44.53477],[2.79311,44.53694],[2.79614,44.537],[2.79569,44.53835],[2.79358,44.53932],[2.79573,44.54244],[2.79819,44.54243],[2.79909,44.54292],[2.7987,44.54408],[2.79738,44.54515],[2.79993,44.54803],[2.79988,44.54975],[2.79831,44.55063],[2.7968,44.55401],[2.79725,44.55549]]]}},{"type":"Feature","id":"fr-commune-12217","properties":{"id":"fr-commune-12217","name":"Sainte-Croix","kind":"commune","center":[1.9642,44.4115],"code":"12217","department":"12"},"bbox":[1.92477,44.37033,2.00374,44.45254],"geometry":{"type":"Polygon","coordinates":[[[1.99919,44.39726],[1.99801,44.3951],[1.99509,44.3924],[1.99398,44.39385],[1.99111,44.39292],[1.98865,44.39183],[1.98719,44.38953],[1.98745,44.38783],[1.98614,44.38624],[1.98333,44.38412],[1.98226,44.38461],[1.97937,44.38405],[1.97717,44.38401],[1.97581,44.3812],[1.97906,44.3803],[1.97878,44.37989],[1.98218,44.37791],[1.98081,44.37568],[1.98243,44.37547],[1.98296,44.37358],[1.979,44.37344],[1.98045,44.37192],[1.97985,44.37062],[1.97875,44.37033],[1.97599,44.37143],[1.97328,44.37184],[1.97234,44.37355],[1.97196,44.37553],[1.97253,44.37647],[1.96711,44.37885],[1.96528,44.38017],[1.96246,44.38164],[1.96063,44.38292],[1.96064,44.38399],[1.96079,44.38527],[1.96208,44.38661],[1.96542,44.38501],[1.96671,44.38735],[1.96908,44.3897],[1.9701,44.39191],[1.96841,44.39295],[1.96947,44.39356],[1.96873,44.39443],[1.96882,44.39677],[1.96938,44.39764],[1.96767,44.39946],[1.96654,44.40004],[1.96759,44.40184],[1.96629,44.40295],[1.96521,44.40292],[1.96402,44.40121],[1.95948,44.40107],[1.95675,44.39929],[1.95473,44.39888],[1.95152,44.39887],[1.94998,44.4013],[1.94787,44.40261],[1.94588,44.40284],[1.94479,44.402],[1.94214,44.4025],[1.93714,44.40303],[1.93231,44.40549],[1.92884,44.40595],[1.92756,44.40893],[1.92614,44.40952],[1.92533,44.41072],[1.92505,44.41279],[1.92536,44.41496],[1.92774,44.41936],[1.92552,44.41997],[1.92477,44.42201],[1.92971,44.42322],[1.9342,44.42207],[1.93494,44.4228],[1.93199,44.42368],[1.93368,44.42552],[1.93568,44.42466],[1.9408,44.42353],[1.94179,44.42836],[1.94253,44.42953],[1.94401,44.43005],[1.94556,44.43131],[1.94744,44.4292],[1.95062,44.4273],[1.95145,44.42998],[1.95146,44.4315],[1.95256,44.43314],[1.95437,44.43447],[1.95592,44.43363],[1.95706,44.43374],[1.95899,44.43537],[1.96166,44.43616],[1.96351,44.43937],[1.96392,44.44153],[1.96367,44.44287],[1.9617,44.44399],[1.95957,44.44388],[1.95917,44.44507],[1.95734,44.44681],[1.95791,44.44785],[1.95934,44.4484],[1.9625,44.44985],[1.96413,44.45227],[1.96773,44.45254],[1.9681,44.45063],[1.97042,44.45008],[1.97321,44.449],[1.97474,44.44796],[1.9748,44.44516],[1.97796,44.44256],[1.98007,44.44222],[1.98328,44.44068],[1.98587,44.43992],[1.98691,44.43927],[1.98656,44.4381],[1.98317,44.43801],[1.98485,44.43548],[1.98846,44.43545],[1.9917,44.43436],[1.9927,44.43343],[1.99591,44.43132],[1.99527,44.42833],[1.99615,44.42704],[1.99316,44.42406],[1.99587,44.42451],[2.00164,44.42389],[2.00323,44.42411],[2.00374,44.42097],[2.00113,44.41921],[1.99811,44.4189],[1.99702,44.41836],[1.99848,44.41526],[1.9962,44.41399],[1.99464,44.41384],[1.99111,44.41222],[1.98941,44.41173],[1.98995,44.41066],[1.99259,44.41035],[1.9963,44.40897],[1.99789,44.40652],[1.99843,44.40444],[1.99894,44.39997],[1.99855,44.3983],[1.99919,44.39726]]]}},{"type":"Feature","id":"fr-commune-12218","properties":{"id":"fr-commune-12218","name":"Conques-en-Rouergue","kind":"commune","center":[2.3895,44.5817],"code":"12218","department":"12"},"bbox":[2.31504,44.49858,2.4639,44.6647],"geometry":{"type":"Polygon","coordinates":[[[2.39754,44.64638],[2.39869,44.64565],[2.40047,44.64548],[2.40379,44.64732],[2.40538,44.64728],[2.4049,44.64613],[2.40715,44.6427],[2.4068,44.64091],[2.4044,44.64226],[2.40172,44.64142],[2.39964,44.63913],[2.40203,44.63652],[2.4031,44.63665],[2.40381,44.63445],[2.40323,44.63286],[2.40412,44.63183],[2.40259,44.62958],[2.40405,44.62828],[2.40355,44.62729],[2.40399,44.62603],[2.4055,44.6254],[2.40585,44.6246],[2.40315,44.62395],[2.40316,44.62104],[2.40593,44.61747],[2.4069,44.61719],[2.40799,44.61795],[2.40935,44.61792],[2.41007,44.61885],[2.41252,44.61974],[2.41422,44.61968],[2.41544,44.62019],[2.41605,44.62157],[2.41976,44.6219],[2.42111,44.62276],[2.4228,44.62266],[2.42449,44.62198],[2.42547,44.62236],[2.42704,44.62179],[2.42932,44.62326],[2.42936,44.62499],[2.43329,44.62689],[2.43517,44.62687],[2.43768,44.62852],[2.4426,44.62812],[2.44236,44.62667],[2.44281,44.62403],[2.44194,44.622],[2.44404,44.62074],[2.44501,44.61926],[2.44625,44.61864],[2.44743,44.61893],[2.4505,44.61692],[2.45062,44.61523],[2.45266,44.61456],[2.45404,44.61352],[2.45505,44.6115],[2.45328,44.60745],[2.45592,44.607],[2.4614,44.60686],[2.46239,44.60513],[2.45976,44.60312],[2.45679,44.59902],[2.45791,44.59755],[2.45915,44.59667],[2.46157,44.59394],[2.4639,44.59354],[2.46358,44.59183],[2.4616,44.58826],[2.4584,44.58836],[2.45319,44.59117],[2.45163,44.58868],[2.44493,44.58752],[2.44291,44.5864],[2.44153,44.5864],[2.43974,44.58432],[2.43757,44.58354],[2.43502,44.58358],[2.4316,44.58287],[2.43093,44.58144],[2.43139,44.57982],[2.43304,44.57882],[2.43232,44.57534],[2.43528,44.57439],[2.43849,44.57243],[2.43852,44.57171],[2.44014,44.56974],[2.44098,44.56749],[2.44232,44.56655],[2.44408,44.56403],[2.44616,44.56398],[2.44795,44.56215],[2.45266,44.55938],[2.45042,44.5571],[2.44998,44.5558],[2.4528,44.55445],[2.45563,44.55372],[2.45871,44.55237],[2.46028,44.55228],[2.46305,44.55366],[2.46248,44.553],[2.46191,44.55069],[2.46046,44.5493],[2.45737,44.54449],[2.45479,44.54288],[2.45254,44.54221],[2.45102,44.54104],[2.45044,44.53805],[2.44854,44.53652],[2.44648,44.53684],[2.44347,44.53678],[2.44061,44.53752],[2.43848,44.53774],[2.43693,44.53839],[2.43418,44.53882],[2.43276,44.5386],[2.42936,44.53911],[2.42706,44.53987],[2.42572,44.53947],[2.4252,44.53855],[2.42319,44.53665],[2.42219,44.53692],[2.42213,44.53831],[2.42106,44.53854],[2.41966,44.53663],[2.41602,44.53798],[2.41376,44.53904],[2.41168,44.54187],[2.40982,44.54185],[2.40876,44.53933],[2.40535,44.53951],[2.40497,44.53861],[2.40687,44.53668],[2.4068,44.53529],[2.40903,44.53436],[2.40965,44.533],[2.40708,44.53233],[2.40765,44.53106],[2.40863,44.53032],[2.4069,44.52851],[2.40618,44.52952],[2.40305,44.52779],[2.40387,44.52712],[2.40249,44.52627],[2.40299,44.52559],[2.40292,44.52393],[2.40185,44.52289],[2.40292,44.52204],[2.40179,44.52104],[2.399,44.52175],[2.39748,44.52299],[2.39512,44.52193],[2.39329,44.51817],[2.39366,44.51556],[2.39543,44.51327],[2.39757,44.51289],[2.39883,44.50902],[2.39602,44.50767],[2.39341,44.50766],[2.39245,44.50553],[2.39172,44.5026],[2.3903,44.50205],[2.38941,44.49897],[2.38731,44.49858],[2.38377,44.49981],[2.38103,44.50147],[2.37833,44.5025],[2.37666,44.5041],[2.37504,44.50301],[2.37384,44.50297],[2.37064,44.50717],[2.37014,44.50927],[2.37067,44.5097],[2.36951,44.51094],[2.36889,44.51404],[2.3656,44.51682],[2.36536,44.51815],[2.36338,44.51994],[2.36171,44.52253],[2.3614,44.52358],[2.3575,44.52534],[2.35711,44.52711],[2.35781,44.52772],[2.35656,44.52981],[2.35796,44.53322],[2.36044,44.53714],[2.36078,44.53929],[2.3619,44.54107],[2.36386,44.54254],[2.36605,44.54357],[2.36828,44.54377],[2.36551,44.5455],[2.36469,44.54667],[2.36181,44.54854],[2.36004,44.54899],[2.36054,44.55191],[2.36294,44.55528],[2.3619,44.55604],[2.35996,44.55487],[2.35848,44.55441],[2.35696,44.55583],[2.35285,44.55614],[2.35219,44.55653],[2.34935,44.55658],[2.35058,44.55935],[2.3497,44.56068],[2.35032,44.56288],[2.34893,44.56735],[2.34999,44.56955],[2.34873,44.56982],[2.34512,44.56817],[2.34387,44.56727],[2.34219,44.56802],[2.34057,44.57238],[2.33939,44.57318],[2.33641,44.57438],[2.33264,44.57302],[2.32787,44.57262],[2.32469,44.57386],[2.32311,44.57378],[2.32132,44.57504],[2.3202,44.57696],[2.31831,44.57846],[2.31504,44.57906],[2.31592,44.58109],[2.3171,44.58271],[2.31583,44.58494],[2.31647,44.58511],[2.31826,44.58827],[2.32063,44.58888],[2.32141,44.5904],[2.32332,44.59035],[2.32378,44.58944],[2.32535,44.58936],[2.32705,44.58851],[2.33365,44.59075],[2.33624,44.58832],[2.33598,44.58746],[2.33843,44.58583],[2.34016,44.58561],[2.34121,44.58603],[2.34458,44.58575],[2.34714,44.58491],[2.34823,44.58578],[2.35081,44.58493],[2.35705,44.58503],[2.35841,44.5837],[2.36134,44.58254],[2.36287,44.58266],[2.36632,44.58494],[2.36898,44.58611],[2.36393,44.5871],[2.36248,44.58822],[2.36047,44.58916],[2.35958,44.59078],[2.35997,44.59247],[2.3587,44.59508],[2.35464,44.59781],[2.35337,44.59821],[2.35012,44.60037],[2.34749,44.60347],[2.34157,44.60646],[2.33891,44.60748],[2.33479,44.60873],[2.33713,44.61048],[2.33676,44.61237],[2.33526,44.61316],[2.33349,44.61503],[2.33254,44.61551],[2.33193,44.61814],[2.33042,44.61921],[2.33225,44.6211],[2.33297,44.62249],[2.33535,44.62317],[2.33474,44.62509],[2.33584,44.62664],[2.33554,44.62777],[2.33391,44.62858],[2.33253,44.63019],[2.32951,44.62987],[2.32874,44.63018],[2.32633,44.62954],[2.32458,44.63063],[2.32205,44.63144],[2.31936,44.63312],[2.31907,44.63599],[2.31847,44.63667],[2.32349,44.63926],[2.32541,44.64103],[2.32726,44.64403],[2.32825,44.64467],[2.32855,44.64573],[2.32797,44.64788],[2.32597,44.64781],[2.32665,44.64996],[2.32376,44.65435],[2.3218,44.65565],[2.3206,44.65767],[2.32112,44.65894],[2.32291,44.65991],[2.32492,44.66025],[2.3267,44.66015],[2.32764,44.66148],[2.32958,44.66257],[2.33231,44.66322],[2.33241,44.66448],[2.33372,44.6647],[2.33664,44.66195],[2.33618,44.65975],[2.33773,44.65659],[2.33672,44.6555],[2.33419,44.65446],[2.33448,44.6517],[2.33256,44.6506],[2.33318,44.64871],[2.33525,44.64779],[2.33762,44.64791],[2.34057,44.64601],[2.34353,44.64485],[2.34663,44.64396],[2.34841,44.64265],[2.3491,44.64094],[2.35429,44.6401],[2.35752,44.64168],[2.3595,44.64183],[2.36072,44.64149],[2.36664,44.6415],[2.36951,44.64389],[2.37139,44.64503],[2.37535,44.64597],[2.37624,44.6466],[2.37808,44.65002],[2.38027,44.65147],[2.38302,44.65026],[2.38603,44.64932],[2.38799,44.64972],[2.38927,44.64862],[2.38755,44.64529],[2.38825,44.64425],[2.39054,44.64378],[2.39208,44.6444],[2.39429,44.64616],[2.39529,44.64653],[2.39754,44.64638]]]}},{"type":"Feature","id":"fr-commune-12219","properties":{"id":"fr-commune-12219","name":"Sainte-Eulalie-d'Olt","kind":"commune","center":[2.9231,44.4662],"code":"12219","department":"12"},"bbox":[2.88635,44.44029,2.95984,44.49215],"geometry":{"type":"Polygon","coordinates":[[[2.89432,44.46491],[2.89197,44.46666],[2.88985,44.47152],[2.88899,44.47236],[2.88826,44.47462],[2.88989,44.47484],[2.89105,44.47616],[2.89002,44.47781],[2.8877,44.47673],[2.88677,44.47786],[2.88697,44.47885],[2.88635,44.48065],[2.88882,44.48208],[2.89349,44.48274],[2.89473,44.48142],[2.89383,44.47931],[2.89709,44.47788],[2.89694,44.47673],[2.89793,44.47475],[2.8986,44.47258],[2.90022,44.4722],[2.90103,44.47362],[2.90133,44.47576],[2.90267,44.47773],[2.90465,44.47889],[2.90535,44.48169],[2.90384,44.48365],[2.90176,44.48419],[2.9006,44.48607],[2.90103,44.48744],[2.90294,44.48832],[2.90321,44.48982],[2.90647,44.49114],[2.90745,44.49194],[2.90937,44.49215],[2.91039,44.48991],[2.91215,44.48894],[2.91502,44.48804],[2.91742,44.48796],[2.92128,44.48974],[2.92291,44.49007],[2.92639,44.48892],[2.92874,44.48741],[2.92856,44.48556],[2.92649,44.48164],[2.92792,44.48139],[2.93126,44.48183],[2.93323,44.47956],[2.93525,44.48025],[2.93807,44.48076],[2.94056,44.48003],[2.94226,44.47869],[2.94255,44.47569],[2.94301,44.47419],[2.94173,44.47209],[2.94167,44.47117],[2.94268,44.46915],[2.94516,44.46575],[2.9466,44.46516],[2.94979,44.46531],[2.95125,44.46447],[2.95066,44.4628],[2.9516,44.46046],[2.95352,44.4594],[2.95529,44.45905],[2.9597,44.45896],[2.95984,44.45853],[2.95824,44.45821],[2.95734,44.45655],[2.95734,44.45499],[2.95572,44.4545],[2.95371,44.45448],[2.95071,44.45344],[2.94907,44.45349],[2.94718,44.45224],[2.94334,44.45095],[2.94055,44.44945],[2.93802,44.45059],[2.93498,44.45157],[2.93242,44.45074],[2.93161,44.44977],[2.92935,44.44977],[2.92716,44.44875],[2.92401,44.44802],[2.91885,44.44841],[2.91629,44.44764],[2.91303,44.445],[2.9111,44.44414],[2.90938,44.44417],[2.90939,44.44302],[2.90845,44.44121],[2.90668,44.44029],[2.9057,44.44211],[2.90244,44.44508],[2.90268,44.44643],[2.90162,44.44791],[2.89887,44.44869],[2.89899,44.45016],[2.89572,44.45112],[2.89355,44.45243],[2.89483,44.45338],[2.89554,44.45485],[2.89476,44.45608],[2.89422,44.45959],[2.89475,44.46309],[2.89432,44.46491]]]}},{"type":"Feature","id":"fr-commune-12220","properties":{"id":"fr-commune-12220","name":"Sainte-Eulalie-de-Cernon","kind":"commune","center":[3.155,43.9605],"code":"12220","department":"12"},"bbox":[3.09258,43.91541,3.21734,44.00559],"geometry":{"type":"Polygon","coordinates":[[[3.17988,43.97899],[3.18068,43.97756],[3.17756,43.97641],[3.17859,43.97506],[3.18033,43.97437],[3.18035,43.97259],[3.17859,43.97196],[3.1829,43.97164],[3.18712,43.96894],[3.1902,43.96785],[3.19222,43.96625],[3.19368,43.96446],[3.19908,43.96091],[3.20593,43.95773],[3.20696,43.95696],[3.2109,43.95572],[3.21127,43.95437],[3.21286,43.95247],[3.21506,43.95034],[3.21649,43.94979],[3.21734,43.94839],[3.21398,43.94886],[3.19908,43.95239],[3.19771,43.95218],[3.19217,43.95231],[3.18316,43.95013],[3.18118,43.94931],[3.17812,43.94853],[3.17401,43.94848],[3.16649,43.94647],[3.15756,43.94523],[3.15443,43.94412],[3.14981,43.94353],[3.14908,43.9407],[3.14897,43.93746],[3.148,43.93364],[3.14665,43.92614],[3.14626,43.92101],[3.14451,43.91994],[3.14295,43.91843],[3.137,43.91568],[3.13589,43.91541],[3.132,43.91579],[3.13235,43.91944],[3.13188,43.92043],[3.1282,43.92118],[3.1248,43.92223],[3.11971,43.92407],[3.11429,43.92634],[3.11625,43.93026],[3.11249,43.93138],[3.10689,43.93267],[3.10489,43.93276],[3.09697,43.9341],[3.09417,43.93476],[3.09258,43.93606],[3.09297,43.95162],[3.09339,43.9644],[3.09473,43.967],[3.09619,43.96848],[3.09851,43.96986],[3.09977,43.97102],[3.10054,43.9729],[3.10321,43.9746],[3.10628,43.97783],[3.10769,43.97845],[3.1083,43.97956],[3.10829,43.98172],[3.11002,43.98387],[3.10962,43.98616],[3.11008,43.98778],[3.11,43.99133],[3.11152,43.99276],[3.11047,43.99394],[3.11043,43.99486],[3.11228,43.99548],[3.11506,43.99587],[3.11727,43.99704],[3.11836,43.99826],[3.12052,43.99963],[3.12132,44.001],[3.12361,44.00177],[3.12493,44.00284],[3.1264,44.00508],[3.12727,44.00559],[3.12922,44.00328],[3.13153,44.00136],[3.13258,44.00202],[3.13444,44.00012],[3.13905,43.9997],[3.13916,43.99818],[3.13734,43.99704],[3.14114,43.99572],[3.14858,43.99385],[3.15023,43.99327],[3.15202,43.99207],[3.1556,43.99061],[3.15758,43.988],[3.16103,43.98575],[3.16493,43.98297],[3.16578,43.98196],[3.16734,43.98126],[3.16813,43.97972],[3.17029,43.97916],[3.17197,43.97834],[3.17373,43.97846],[3.17533,43.97787],[3.17833,43.97812],[3.17988,43.97899]]]}},{"type":"Feature","id":"fr-commune-12221","properties":{"id":"fr-commune-12221","name":"Saint-Félix-de-Lunel","kind":"commune","center":[2.5113,44.5694],"code":"12221","department":"12"},"bbox":[2.46551,44.54247,2.55708,44.59624],"geometry":{"type":"Polygon","coordinates":[[[2.55708,44.55233],[2.55422,44.55252],[2.55254,44.55179],[2.54951,44.552],[2.54831,44.55126],[2.54544,44.55176],[2.54347,44.55143],[2.54209,44.54968],[2.54177,44.54838],[2.53994,44.54686],[2.53642,44.5474],[2.5356,44.54533],[2.53244,44.54524],[2.53023,44.54421],[2.53011,44.54289],[2.52847,44.54247],[2.52671,44.54269],[2.52545,44.54372],[2.52569,44.54717],[2.52334,44.54707],[2.52107,44.54828],[2.5183,44.54797],[2.51451,44.5472],[2.51225,44.54698],[2.50848,44.54793],[2.50621,44.54803],[2.50314,44.54857],[2.50137,44.54794],[2.49609,44.54821],[2.49516,44.54841],[2.49276,44.55012],[2.48886,44.55179],[2.48691,44.55171],[2.48615,44.55108],[2.4835,44.55189],[2.48438,44.5544],[2.47991,44.55276],[2.47836,44.5513],[2.47345,44.55342],[2.46582,44.5535],[2.46551,44.55601],[2.4669,44.55812],[2.469,44.55868],[2.47172,44.55888],[2.47547,44.55953],[2.48069,44.55922],[2.48195,44.56012],[2.48303,44.56341],[2.48714,44.56416],[2.48668,44.56611],[2.48789,44.56865],[2.48714,44.5693],[2.48797,44.57294],[2.48946,44.57312],[2.48964,44.57542],[2.48912,44.57757],[2.4899,44.57877],[2.49112,44.57916],[2.49354,44.57861],[2.49579,44.57686],[2.49741,44.57661],[2.49892,44.57719],[2.50089,44.57849],[2.5023,44.58091],[2.50371,44.58251],[2.5038,44.58647],[2.50437,44.58809],[2.50652,44.59042],[2.50955,44.58988],[2.51194,44.58906],[2.51413,44.58686],[2.51551,44.58609],[2.51931,44.587],[2.51989,44.58936],[2.52084,44.59119],[2.52164,44.5944],[2.5227,44.59556],[2.52475,44.59624],[2.52559,44.59485],[2.52802,44.59378],[2.52652,44.59285],[2.52725,44.59133],[2.52446,44.59008],[2.52399,44.5877],[2.52476,44.58612],[2.52734,44.58266],[2.52751,44.58187],[2.53024,44.58135],[2.53038,44.58035],[2.53235,44.57909],[2.53122,44.57842],[2.53041,44.57711],[2.52998,44.57455],[2.53193,44.57421],[2.53331,44.57307],[2.53523,44.57222],[2.53751,44.57172],[2.53839,44.56961],[2.53822,44.56804],[2.54008,44.56648],[2.54452,44.56611],[2.54546,44.56418],[2.54845,44.56397],[2.54941,44.56269],[2.54891,44.56136],[2.55049,44.56083],[2.55027,44.55943],[2.55193,44.55912],[2.55335,44.55835],[2.55319,44.55711],[2.55135,44.55564],[2.55365,44.55544],[2.5563,44.55424],[2.55708,44.55233]]]}},{"type":"Feature","id":"fr-commune-12222","properties":{"id":"fr-commune-12222","name":"Saint-Félix-de-Sorgues","kind":"commune","center":[2.9894,43.8823],"code":"12222","department":"12"},"bbox":[2.95006,43.84249,3.02879,43.92215],"geometry":{"type":"Polygon","coordinates":[[[2.97675,43.84348],[2.9742,43.84249],[2.97028,43.84293],[2.96855,43.84579],[2.96913,43.84708],[2.96951,43.85018],[2.96785,43.85071],[2.96484,43.85006],[2.96162,43.84827],[2.95872,43.84395],[2.95533,43.84524],[2.9526,43.84681],[2.95474,43.8481],[2.95193,43.849],[2.95035,43.85038],[2.9508,43.85178],[2.95016,43.85458],[2.95006,43.85692],[2.95063,43.85929],[2.95043,43.86178],[2.95142,43.86836],[2.95255,43.87071],[2.95457,43.87049],[2.9548,43.87524],[2.95575,43.87657],[2.95481,43.87833],[2.95533,43.88029],[2.95749,43.88304],[2.95937,43.88353],[2.96188,43.88608],[2.96353,43.88385],[2.96734,43.88728],[2.96969,43.89113],[2.97242,43.8922],[2.97501,43.89397],[2.97672,43.89475],[2.97915,43.89678],[2.97584,43.90107],[2.97084,43.90607],[2.97127,43.90865],[2.97138,43.91118],[2.97458,43.9136],[2.97316,43.91507],[2.97401,43.91863],[2.97535,43.91832],[2.97935,43.9182],[2.98058,43.92174],[2.98233,43.92215],[2.98698,43.92133],[2.99358,43.9206],[3.0018,43.92014],[3.00627,43.91905],[3.00852,43.91685],[3.009,43.91522],[3.00896,43.91216],[3.00962,43.91132],[3.01365,43.91026],[3.0161,43.90931],[3.0191,43.90769],[3.02048,43.9066],[3.02177,43.90483],[3.02382,43.90608],[3.02879,43.90162],[3.02646,43.89673],[3.02441,43.89431],[3.02102,43.89317],[3.01904,43.8916],[3.01672,43.89152],[3.0135,43.89077],[3.01133,43.891],[3.00931,43.89044],[3.00842,43.88921],[3.00723,43.88897],[3.00678,43.88498],[3.00638,43.88339],[3.00751,43.88118],[3.00867,43.8803],[3.00926,43.87732],[3.01128,43.87777],[3.01224,43.87755],[3.01101,43.87333],[3.01074,43.86833],[3.01144,43.86665],[3.01095,43.86567],[3.0112,43.86212],[3.01088,43.86009],[3.00885,43.85916],[3.00301,43.85787],[3.00095,43.85775],[2.99807,43.85798],[2.99499,43.85735],[2.99308,43.85721],[2.99147,43.85617],[2.98984,43.85599],[2.98811,43.85514],[2.98714,43.85533],[2.98469,43.85222],[2.98317,43.84974],[2.98181,43.84923],[2.98028,43.84803],[2.98013,43.84553],[2.97942,43.84434],[2.97675,43.84348]]]}},{"type":"Feature","id":"fr-commune-12223","properties":{"id":"fr-commune-12223","name":"Argences en Aubrac","kind":"commune","center":[2.8098,44.7813],"code":"12223","department":"12"},"bbox":[2.6821,44.71111,2.93735,44.85152],"geometry":{"type":"Polygon","coordinates":[[[2.87913,44.80381],[2.88139,44.80016],[2.88438,44.79619],[2.88602,44.79506],[2.8862,44.79425],[2.88865,44.79234],[2.88941,44.79082],[2.88765,44.78917],[2.88899,44.78875],[2.88994,44.78764],[2.89462,44.78585],[2.89543,44.78582],[2.8985,44.78463],[2.90119,44.78468],[2.90511,44.7839],[2.90976,44.78738],[2.91162,44.78985],[2.91156,44.79057],[2.91599,44.79159],[2.92019,44.79431],[2.92246,44.79272],[2.92496,44.79137],[2.92625,44.78781],[2.92732,44.7867],[2.929,44.78633],[2.93054,44.78527],[2.93254,44.78277],[2.93332,44.78115],[2.93507,44.77832],[2.93735,44.77514],[2.9356,44.77389],[2.93444,44.77169],[2.93443,44.7707],[2.93579,44.76845],[2.93565,44.76696],[2.9333,44.76545],[2.93073,44.76176],[2.92766,44.76335],[2.92502,44.76361],[2.92197,44.76593],[2.9198,44.76555],[2.91652,44.76736],[2.91507,44.76531],[2.91338,44.76453],[2.91293,44.76324],[2.91163,44.76173],[2.91199,44.7605],[2.91418,44.7592],[2.91569,44.75792],[2.91599,44.7566],[2.91699,44.7564],[2.92002,44.75488],[2.92037,44.75416],[2.92267,44.75458],[2.92314,44.75616],[2.92704,44.75771],[2.92777,44.75622],[2.9296,44.75413],[2.93183,44.75209],[2.93201,44.75074],[2.93358,44.74995],[2.9332,44.74757],[2.93327,44.74589],[2.93494,44.74486],[2.93479,44.74401],[2.9322,44.73818],[2.92843,44.73352],[2.92377,44.72886],[2.92334,44.72762],[2.92557,44.72707],[2.92589,44.72638],[2.92761,44.7203],[2.9289,44.71714],[2.93089,44.71303],[2.92765,44.71273],[2.92604,44.71486],[2.92403,44.71635],[2.92214,44.71713],[2.91993,44.71745],[2.91502,44.71779],[2.91149,44.7184],[2.90883,44.71861],[2.90339,44.7223],[2.89809,44.72806],[2.8971,44.73011],[2.89401,44.73081],[2.89197,44.73176],[2.88656,44.73243],[2.88578,44.73004],[2.88577,44.72887],[2.88469,44.72816],[2.8858,44.72568],[2.88624,44.72383],[2.88503,44.7224],[2.88203,44.72092],[2.87932,44.72035],[2.87491,44.72172],[2.86951,44.72288],[2.86996,44.72519],[2.86982,44.72702],[2.86748,44.72667],[2.86314,44.72555],[2.86049,44.72566],[2.85393,44.72483],[2.84937,44.72355],[2.84685,44.72374],[2.84364,44.72238],[2.84294,44.72245],[2.84002,44.72591],[2.8429,44.7279],[2.83994,44.72877],[2.83977,44.73075],[2.83854,44.73176],[2.84385,44.73342],[2.84492,44.73397],[2.84641,44.73712],[2.84666,44.73832],[2.84788,44.74079],[2.84758,44.74279],[2.84133,44.74248],[2.83743,44.7427],[2.83512,44.74082],[2.83432,44.73745],[2.83328,44.7372],[2.82935,44.73706],[2.8262,44.73877],[2.82547,44.74037],[2.82109,44.74492],[2.81939,44.74581],[2.81939,44.74197],[2.8206,44.73983],[2.82054,44.73862],[2.81975,44.73755],[2.82005,44.73611],[2.81922,44.73398],[2.81669,44.7331],[2.81279,44.73264],[2.81156,44.73142],[2.81034,44.73145],[2.8079,44.72798],[2.80793,44.72701],[2.80576,44.72626],[2.80465,44.72515],[2.80172,44.72538],[2.79982,44.72478],[2.79712,44.72553],[2.79422,44.72522],[2.79118,44.72641],[2.78852,44.72625],[2.7874,44.72381],[2.7855,44.72381],[2.78592,44.72125],[2.78689,44.72057],[2.78686,44.71921],[2.78131,44.71775],[2.78115,44.71668],[2.7819,44.71547],[2.78163,44.71457],[2.78232,44.71339],[2.78155,44.71114],[2.78054,44.71123],[2.77734,44.71335],[2.77391,44.71176],[2.77239,44.71111],[2.7715,44.71164],[2.77103,44.71374],[2.77217,44.71518],[2.77034,44.71837],[2.76994,44.71992],[2.76868,44.72037],[2.76781,44.72172],[2.76752,44.72398],[2.77129,44.72469],[2.77311,44.72625],[2.77497,44.72882],[2.77929,44.7279],[2.78176,44.72887],[2.78451,44.72823],[2.78588,44.73169],[2.78538,44.73513],[2.78703,44.73817],[2.78613,44.73926],[2.78367,44.73987],[2.78184,44.74164],[2.77852,44.74308],[2.77684,44.74442],[2.7762,44.74587],[2.77776,44.74672],[2.77901,44.74676],[2.78106,44.74616],[2.78247,44.74703],[2.7858,44.74823],[2.78747,44.74824],[2.78885,44.74945],[2.78767,44.75069],[2.78533,44.75149],[2.78509,44.75234],[2.78321,44.75424],[2.78026,44.75609],[2.7777,44.75603],[2.7732,44.75516],[2.76879,44.75516],[2.76891,44.75337],[2.76641,44.75214],[2.76758,44.75061],[2.76626,44.74944],[2.76565,44.74679],[2.76474,44.74575],[2.76091,44.74584],[2.75874,44.74223],[2.75768,44.74367],[2.75759,44.74596],[2.75573,44.74711],[2.75769,44.75115],[2.756,44.7517],[2.75699,44.75322],[2.75871,44.753],[2.75954,44.75381],[2.75871,44.75483],[2.7594,44.7563],[2.75784,44.75657],[2.75816,44.75748],[2.75645,44.75839],[2.75457,44.75838],[2.74981,44.76059],[2.74822,44.76047],[2.74739,44.7618],[2.74418,44.76243],[2.74308,44.76314],[2.7411,44.76301],[2.73931,44.76333],[2.73551,44.76317],[2.7318,44.7604],[2.73164,44.75884],[2.72893,44.75892],[2.72538,44.75728],[2.7232,44.75862],[2.71989,44.75886],[2.71874,44.75789],[2.71795,44.7562],[2.71638,44.75651],[2.71458,44.75592],[2.71238,44.75443],[2.70983,44.7545],[2.70898,44.75731],[2.70754,44.759],[2.70733,44.7601],[2.70598,44.76047],[2.70529,44.75818],[2.70329,44.75831],[2.70342,44.7574],[2.70008,44.75631],[2.69897,44.75636],[2.69747,44.7579],[2.69568,44.75807],[2.69496,44.75934],[2.69324,44.75866],[2.69177,44.75643],[2.6904,44.75631],[2.68909,44.75758],[2.68715,44.75759],[2.68664,44.75835],[2.68293,44.75996],[2.6821,44.76222],[2.68249,44.76305],[2.68564,44.76573],[2.68755,44.76605],[2.68948,44.76502],[2.69127,44.76462],[2.69275,44.76529],[2.6938,44.76697],[2.69034,44.76876],[2.69002,44.76931],[2.69142,44.77102],[2.69288,44.77203],[2.69601,44.77327],[2.69757,44.77271],[2.69833,44.77397],[2.69772,44.77454],[2.69888,44.77639],[2.70009,44.77693],[2.70074,44.77811],[2.70404,44.77996],[2.70527,44.78203],[2.7073,44.78241],[2.70795,44.7833],[2.70773,44.78585],[2.70682,44.78803],[2.70702,44.78899],[2.7101,44.79195],[2.7116,44.79365],[2.71199,44.79477],[2.71087,44.79682],[2.71073,44.79798],[2.71202,44.80085],[2.71332,44.80164],[2.71358,44.80249],[2.71243,44.80383],[2.71233,44.80618],[2.71388,44.80722],[2.71787,44.80745],[2.71908,44.80834],[2.7203,44.81043],[2.71979,44.81159],[2.71718,44.81362],[2.71585,44.81575],[2.71573,44.81685],[2.71714,44.81777],[2.71934,44.81823],[2.72036,44.8196],[2.72173,44.82279],[2.72362,44.82644],[2.72399,44.82868],[2.72566,44.8285],[2.72745,44.82693],[2.72971,44.82587],[2.7362,44.8258],[2.73787,44.8261],[2.7399,44.82773],[2.7409,44.83055],[2.7407,44.83236],[2.74004,44.83419],[2.74072,44.83524],[2.7448,44.84015],[2.74513,44.84198],[2.74915,44.84728],[2.75245,44.84886],[2.75475,44.84919],[2.75875,44.84895],[2.76016,44.84917],[2.7634,44.85028],[2.76491,44.85108],[2.76773,44.85152],[2.77005,44.84951],[2.77473,44.84867],[2.77812,44.84905],[2.77804,44.8463],[2.77822,44.84203],[2.77699,44.83964],[2.77911,44.83916],[2.77927,44.83715],[2.78087,44.83712],[2.7824,44.83618],[2.78205,44.83456],[2.78058,44.83344],[2.77824,44.83354],[2.77714,44.83036],[2.77768,44.82844],[2.77482,44.82826],[2.7742,44.826],[2.77634,44.82549],[2.77615,44.82278],[2.77926,44.82233],[2.77953,44.81993],[2.77745,44.81978],[2.7765,44.81911],[2.77397,44.8188],[2.77295,44.81822],[2.77483,44.81641],[2.77647,44.81591],[2.77759,44.81384],[2.7795,44.81324],[2.77936,44.8126],[2.78287,44.80935],[2.78379,44.80772],[2.78599,44.80883],[2.78572,44.81061],[2.78715,44.81092],[2.78718,44.81211],[2.78841,44.8142],[2.79093,44.8142],[2.79313,44.81459],[2.79525,44.81534],[2.79693,44.81474],[2.79978,44.81517],[2.8048,44.81777],[2.8053,44.81683],[2.80675,44.81655],[2.8079,44.81727],[2.81093,44.81722],[2.8122,44.81775],[2.81307,44.81617],[2.81498,44.81557],[2.81735,44.8159],[2.82179,44.81559],[2.82515,44.81454],[2.82771,44.81321],[2.82924,44.8119],[2.831,44.81299],[2.83158,44.81407],[2.8314,44.81578],[2.83571,44.81702],[2.8386,44.81666],[2.84053,44.81781],[2.84275,44.82027],[2.84364,44.82063],[2.84742,44.81937],[2.85013,44.81976],[2.85298,44.81839],[2.85305,44.81537],[2.85254,44.81345],[2.85272,44.81161],[2.85423,44.81142],[2.85453,44.80985],[2.85706,44.80819],[2.85843,44.80563],[2.85819,44.80451],[2.85921,44.80323],[2.85879,44.80132],[2.85988,44.80042],[2.86104,44.80027],[2.86148,44.79883],[2.86415,44.79838],[2.86758,44.79557],[2.86872,44.79643],[2.87129,44.79576],[2.87244,44.79719],[2.87643,44.79807],[2.87493,44.79966],[2.87664,44.80019],[2.87869,44.80202],[2.87913,44.80381]]]}},{"type":"Feature","id":"fr-commune-12224","properties":{"id":"fr-commune-12224","name":"Saint Geniez d'Olt et d'Aubrac","kind":"commune","center":[3.0077,44.5112],"code":"12224","department":"12"},"bbox":[2.93126,44.42675,3.08386,44.5956],"geometry":{"type":"Polygon","coordinates":[[[3.07623,44.51946],[3.07252,44.51944],[3.0665,44.52047],[3.06385,44.5203],[3.0616,44.51869],[3.06034,44.51817],[3.05846,44.51846],[3.05451,44.51739],[3.05458,44.51555],[3.05337,44.51221],[3.05185,44.51069],[3.04852,44.50913],[3.04494,44.50998],[3.04374,44.51085],[3.0429,44.50918],[3.04139,44.50852],[3.04085,44.50605],[3.03833,44.50516],[3.03609,44.50394],[3.03493,44.50186],[3.0359,44.50097],[3.03506,44.4987],[3.0326,44.49757],[3.03129,44.49509],[3.02988,44.49368],[3.03188,44.49368],[3.03016,44.49185],[3.02702,44.48745],[3.02694,44.48583],[3.02514,44.48384],[3.02354,44.48291],[3.02289,44.48147],[3.02149,44.48058],[3.02051,44.47893],[3.01523,44.47974],[3.01433,44.4812],[3.0133,44.47919],[3.01312,44.47741],[3.01426,44.47727],[3.01739,44.47589],[3.01937,44.47551],[3.02042,44.4744],[3.02152,44.47072],[3.02259,44.46856],[3.02,44.46787],[3.01746,44.46617],[3.01415,44.46565],[3.01225,44.46507],[3.00981,44.46388],[3.01165,44.46128],[3.01366,44.45999],[3.011,44.45922],[3.00737,44.45735],[3.00551,44.45758],[3.00484,44.4594],[3.00293,44.45993],[2.99969,44.46185],[2.99729,44.46253],[2.99559,44.46253],[2.99387,44.46028],[2.99406,44.45825],[2.99333,44.45718],[2.99506,44.45613],[2.99716,44.45362],[2.99571,44.45119],[2.99147,44.45138],[2.99028,44.44833],[2.99067,44.44669],[2.99043,44.44475],[2.99256,44.4445],[2.99512,44.44348],[2.99663,44.44227],[2.99832,44.4403],[3.00275,44.438],[2.99865,44.43391],[2.99629,44.43199],[2.99117,44.43204],[2.98865,44.43156],[2.98868,44.43098],[2.99042,44.42918],[2.99093,44.42755],[2.98937,44.42675],[2.9865,44.42705],[2.98297,44.42841],[2.98059,44.42839],[2.98035,44.42995],[2.97885,44.43121],[2.97472,44.43308],[2.97451,44.43396],[2.97131,44.43225],[2.97024,44.43237],[2.97001,44.4344],[2.9682,44.43538],[2.97032,44.43695],[2.97095,44.43865],[2.97086,44.43987],[2.96703,44.44153],[2.96752,44.44271],[2.97115,44.44584],[2.97198,44.44627],[2.96982,44.44756],[2.96838,44.4493],[2.96734,44.44654],[2.96493,44.44696],[2.96483,44.44965],[2.96447,44.45025],[2.96208,44.45084],[2.961,44.45207],[2.95976,44.45453],[2.95946,44.45759],[2.95984,44.45853],[2.9597,44.45896],[2.95529,44.45905],[2.95352,44.4594],[2.9516,44.46046],[2.95066,44.4628],[2.95125,44.46447],[2.94979,44.46531],[2.9466,44.46516],[2.94516,44.46575],[2.94268,44.46915],[2.94167,44.47117],[2.94173,44.47209],[2.94301,44.47419],[2.94255,44.47569],[2.94226,44.47869],[2.94056,44.48003],[2.93807,44.48076],[2.93525,44.48025],[2.93323,44.47956],[2.93126,44.48183],[2.93151,44.4824],[2.93359,44.48383],[2.93476,44.48546],[2.93686,44.48568],[2.93912,44.48875],[2.94004,44.48784],[2.9417,44.4889],[2.94311,44.48892],[2.94363,44.48969],[2.94528,44.49047],[2.94682,44.49018],[2.94751,44.49153],[2.95018,44.49367],[2.94997,44.49586],[2.95168,44.49727],[2.95207,44.49894],[2.95516,44.49952],[2.95753,44.50234],[2.95865,44.50309],[2.96082,44.50238],[2.96192,44.50306],[2.96246,44.50415],[2.96441,44.50552],[2.96441,44.50675],[2.96563,44.50848],[2.96609,44.51051],[2.96552,44.51226],[2.96632,44.51388],[2.96786,44.51482],[2.96954,44.51465],[2.97028,44.51517],[2.9723,44.5154],[2.97518,44.51839],[2.97554,44.51968],[2.977,44.52079],[2.97909,44.52166],[2.9808,44.52187],[2.98255,44.52298],[2.98444,44.52268],[2.98698,44.52486],[2.98878,44.52582],[2.98991,44.52702],[2.98977,44.52911],[2.99053,44.53055],[2.99042,44.5332],[2.99255,44.53539],[2.99344,44.53766],[2.99458,44.53885],[2.99691,44.53962],[2.99829,44.54107],[3.00136,44.54341],[3.00243,44.54483],[3.00434,44.54622],[3.00576,44.54809],[3.00853,44.55005],[3.01009,44.55277],[3.01061,44.55311],[3.01149,44.55545],[3.0134,44.55665],[3.01569,44.55672],[3.01789,44.55789],[3.01815,44.55851],[3.01996,44.55932],[3.02202,44.56125],[3.02206,44.56361],[3.02105,44.5652],[3.02136,44.56806],[3.02103,44.56839],[3.02223,44.5719],[3.02626,44.57351],[3.02841,44.57598],[3.03061,44.57676],[3.03265,44.57909],[3.03162,44.58003],[3.03134,44.58142],[3.02963,44.58304],[3.02985,44.58379],[3.03362,44.58715],[3.03485,44.59132],[3.03627,44.59257],[3.03662,44.59522],[3.03717,44.5956],[3.03951,44.59485],[3.04968,44.59095],[3.05544,44.58715],[3.05735,44.58497],[3.05958,44.58175],[3.06137,44.5795],[3.06386,44.57827],[3.0658,44.57654],[3.06877,44.57666],[3.07333,44.57411],[3.0759,44.57297],[3.07646,44.57211],[3.07659,44.56982],[3.07716,44.5681],[3.08046,44.56556],[3.08206,44.56285],[3.08386,44.56041],[3.08288,44.55736],[3.08324,44.55604],[3.08176,44.5538],[3.08098,44.55152],[3.07934,44.54799],[3.07859,44.54573],[3.07836,44.54379],[3.07649,44.54064],[3.07708,44.53782],[3.07624,44.5353],[3.07502,44.53373],[3.0745,44.53216],[3.07446,44.52811],[3.07559,44.52352],[3.07538,44.52153],[3.07623,44.51946]]]}},{"type":"Feature","id":"fr-commune-12225","properties":{"id":"fr-commune-12225","name":"Saint-Georges-de-Luzençon","kind":"commune","center":[2.9875,44.0567],"code":"12225","department":"12"},"bbox":[2.91859,44.02034,3.05648,44.09307],"geometry":{"type":"Polygon","coordinates":[[[2.95333,44.03721],[2.95161,44.03736],[2.9497,44.03813],[2.9465,44.03874],[2.94455,44.03801],[2.94073,44.03809],[2.94046,44.03995],[2.94139,44.04199],[2.94125,44.04479],[2.9405,44.04567],[2.93729,44.05066],[2.9354,44.0523],[2.9344,44.05246],[2.9313,44.0518],[2.9296,44.05259],[2.92832,44.05459],[2.92513,44.05674],[2.92484,44.05881],[2.92789,44.05922],[2.92819,44.06159],[2.93087,44.06478],[2.92789,44.06598],[2.92357,44.06686],[2.92176,44.06744],[2.92041,44.06853],[2.91859,44.07083],[2.91995,44.07195],[2.92186,44.07019],[2.92392,44.06938],[2.92698,44.06931],[2.9285,44.06956],[2.93001,44.07035],[2.93154,44.07218],[2.93401,44.07622],[2.93584,44.07772],[2.93656,44.07901],[2.93566,44.08335],[2.93657,44.08625],[2.9376,44.08758],[2.93945,44.08819],[2.9445,44.08718],[2.9462,44.08745],[2.94779,44.08648],[2.94863,44.08532],[2.95212,44.08293],[2.955,44.08197],[2.95748,44.08171],[2.95917,44.08119],[2.96178,44.08123],[2.96412,44.08196],[2.96556,44.08344],[2.9661,44.0888],[2.96713,44.09081],[2.96857,44.09213],[2.97174,44.09307],[2.97684,44.09277],[2.98145,44.09273],[2.98342,44.09201],[2.98401,44.08939],[2.9817,44.08664],[2.98119,44.08516],[2.98184,44.08439],[2.98539,44.08291],[2.98762,44.08283],[2.99161,44.08395],[2.99609,44.08622],[2.99748,44.08801],[2.9988,44.09034],[3.00037,44.09058],[3.00243,44.08955],[3.00484,44.08737],[3.00678,44.0861],[3.01009,44.08457],[3.01241,44.08404],[3.01147,44.08249],[3.0115,44.08137],[3.01033,44.08023],[3.01092,44.07875],[3.01064,44.0745],[3.00937,44.07375],[3.01337,44.07312],[3.01659,44.07159],[3.01951,44.06859],[3.01991,44.06776],[3.01995,44.06469],[3.02051,44.06347],[3.02271,44.06205],[3.02409,44.06211],[3.02699,44.06149],[3.02897,44.06138],[3.03026,44.06044],[3.03284,44.05948],[3.03214,44.05816],[3.03411,44.05618],[3.03635,44.0523],[3.04358,44.04876],[3.04409,44.04837],[3.05356,44.05063],[3.05424,44.04915],[3.05385,44.04776],[3.05521,44.04612],[3.0552,44.04462],[3.05648,44.04305],[3.05514,44.03924],[3.05345,44.03565],[3.05273,44.03499],[3.05146,44.03254],[3.05061,44.03156],[3.04759,44.03193],[3.04554,44.03283],[3.04417,44.03258],[3.04272,44.0316],[3.04113,44.03123],[3.04032,44.03052],[3.03882,44.0289],[3.03688,44.02895],[3.03558,44.0295],[3.03147,44.02885],[3.0307,44.02828],[3.03185,44.0255],[3.03229,44.02331],[3.03072,44.02286],[3.02647,44.02034],[3.02499,44.0205],[3.02298,44.02155],[3.02085,44.02222],[3.02212,44.02296],[3.0228,44.0251],[3.01852,44.02693],[3.01764,44.02572],[3.01526,44.02578],[3.01241,44.02728],[3.00985,44.02694],[3.00799,44.02753],[2.99983,44.02902],[2.99254,44.02983],[2.99014,44.03254],[2.99033,44.03306],[2.98693,44.03338],[2.98352,44.03231],[2.98036,44.03341],[2.97168,44.03705],[2.97002,44.03725],[2.96803,44.03651],[2.96658,44.03644],[2.96568,44.03723],[2.96257,44.03608],[2.96212,44.03505],[2.96326,44.03454],[2.96308,44.03297],[2.96014,44.03316],[2.95971,44.03423],[2.96029,44.036],[2.95856,44.03664],[2.95955,44.0385],[2.95677,44.03884],[2.9557,44.03796],[2.95333,44.03721]]]}},{"type":"Feature","id":"fr-commune-12226","properties":{"id":"fr-commune-12226","name":"Saint-Hippolyte","kind":"commune","center":[2.5769,44.7319],"code":"12226","department":"12"},"bbox":[2.51799,44.69258,2.63585,44.77117],"geometry":{"type":"Polygon","coordinates":[[[2.53641,44.71201],[2.54089,44.71175],[2.54077,44.71352],[2.54494,44.71527],[2.5487,44.7163],[2.54929,44.7179],[2.54908,44.71894],[2.55008,44.71959],[2.55506,44.72115],[2.55682,44.72129],[2.55753,44.72017],[2.55899,44.71975],[2.56047,44.72051],[2.56034,44.72134],[2.55814,44.7222],[2.55785,44.72529],[2.5608,44.72712],[2.55739,44.7276],[2.55707,44.72856],[2.55823,44.73014],[2.56005,44.73054],[2.55951,44.73149],[2.55578,44.72956],[2.55483,44.72857],[2.55444,44.72574],[2.55364,44.72525],[2.55103,44.72524],[2.54741,44.72484],[2.54434,44.72526],[2.54574,44.72791],[2.54953,44.72854],[2.5494,44.72935],[2.55093,44.73128],[2.55207,44.73143],[2.55256,44.73108],[2.55551,44.73079],[2.55861,44.73149],[2.55967,44.73262],[2.55899,44.73457],[2.56077,44.73601],[2.56368,44.73786],[2.56615,44.73815],[2.56755,44.73937],[2.56805,44.74063],[2.57008,44.74217],[2.56996,44.74434],[2.57373,44.74577],[2.57443,44.74697],[2.57764,44.74722],[2.57974,44.74839],[2.5809,44.74966],[2.58185,44.75157],[2.58471,44.75234],[2.58732,44.75263],[2.58826,44.75385],[2.5898,44.75373],[2.59137,44.75204],[2.59324,44.75149],[2.59611,44.75003],[2.59664,44.74931],[2.5987,44.74899],[2.60106,44.75092],[2.60157,44.75264],[2.60332,44.75405],[2.60208,44.75688],[2.60303,44.75804],[2.60193,44.76056],[2.6029,44.76131],[2.60616,44.76168],[2.60733,44.76147],[2.6077,44.76296],[2.60579,44.76396],[2.6079,44.76723],[2.60971,44.76918],[2.61209,44.76974],[2.61492,44.76975],[2.61714,44.77082],[2.61953,44.77032],[2.62345,44.76986],[2.62517,44.77117],[2.62737,44.77031],[2.6261,44.76796],[2.62711,44.7676],[2.62691,44.76625],[2.63013,44.76508],[2.63295,44.76205],[2.63362,44.75931],[2.63502,44.75834],[2.63585,44.75514],[2.63425,44.75404],[2.6331,44.75216],[2.63056,44.75003],[2.63015,44.74832],[2.63162,44.74634],[2.63264,44.74381],[2.63386,44.74172],[2.63195,44.73951],[2.62896,44.73768],[2.62763,44.7379],[2.626,44.73745],[2.6254,44.73596],[2.62678,44.73409],[2.62739,44.73215],[2.62517,44.73168],[2.6234,44.73242],[2.62208,44.73229],[2.62074,44.73114],[2.61928,44.72818],[2.61764,44.72711],[2.6164,44.72729],[2.61286,44.72934],[2.60995,44.72949],[2.60811,44.72869],[2.60699,44.72714],[2.6069,44.72572],[2.60855,44.7234],[2.6088,44.72243],[2.60858,44.71942],[2.60877,44.71782],[2.61027,44.71575],[2.6099,44.71419],[2.60537,44.71286],[2.60461,44.71173],[2.60663,44.70949],[2.60667,44.70858],[2.60544,44.70747],[2.60097,44.70541],[2.59932,44.70413],[2.59835,44.70277],[2.59727,44.7004],[2.5962,44.69903],[2.59349,44.69916],[2.59035,44.70062],[2.58826,44.70079],[2.58693,44.69961],[2.58697,44.6982],[2.58463,44.69513],[2.5814,44.69479],[2.57452,44.69367],[2.57221,44.69317],[2.57136,44.69384],[2.56954,44.69325],[2.56918,44.69465],[2.56439,44.69479],[2.56244,44.69399],[2.56123,44.69406],[2.55863,44.69415],[2.55521,44.6937],[2.55337,44.69294],[2.55184,44.69285],[2.55116,44.69377],[2.54953,44.69383],[2.54903,44.69505],[2.54794,44.6959],[2.54691,44.69543],[2.54374,44.69568],[2.5425,44.69604],[2.53935,44.69628],[2.53771,44.69604],[2.53259,44.69372],[2.53192,44.69379],[2.52977,44.69258],[2.52755,44.69305],[2.52672,44.69365],[2.52474,44.69396],[2.52122,44.69594],[2.51976,44.69831],[2.51894,44.69907],[2.51864,44.69979],[2.51968,44.70067],[2.5195,44.70217],[2.51799,44.70419],[2.52206,44.70518],[2.52376,44.70505],[2.52629,44.70657],[2.5266,44.70756],[2.53203,44.71098],[2.53506,44.71146],[2.53641,44.71201]]]}},{"type":"Feature","id":"fr-commune-12227","properties":{"id":"fr-commune-12227","name":"Saint-Igest","kind":"commune","center":[2.0904,44.4459],"code":"12227","department":"12"},"bbox":[2.05904,44.4258,2.12285,44.46599],"geometry":{"type":"Polygon","coordinates":[[[2.06949,44.46375],[2.07214,44.46307],[2.07365,44.46339],[2.077,44.46195],[2.08084,44.45953],[2.0841,44.45923],[2.08637,44.45928],[2.08803,44.45688],[2.08827,44.45594],[2.08981,44.45582],[2.09098,44.45509],[2.09411,44.45516],[2.09307,44.45674],[2.09248,44.45876],[2.09487,44.45976],[2.09742,44.4619],[2.09765,44.46272],[2.09414,44.46209],[2.09162,44.46257],[2.09154,44.46507],[2.09555,44.46551],[2.09709,44.46599],[2.09846,44.46459],[2.10195,44.46378],[2.10753,44.46163],[2.10672,44.45918],[2.10453,44.45733],[2.10323,44.45677],[2.10333,44.4553],[2.1065,44.45353],[2.10705,44.45172],[2.10618,44.45039],[2.10783,44.44909],[2.10788,44.44724],[2.11043,44.44581],[2.11237,44.44367],[2.11549,44.44261],[2.11842,44.44111],[2.12029,44.4382],[2.12285,44.43743],[2.12105,44.43618],[2.11613,44.43458],[2.1104,44.43384],[2.10519,44.43065],[2.10353,44.42939],[2.10095,44.42827],[2.09929,44.42719],[2.09809,44.4258],[2.09555,44.42702],[2.09282,44.42742],[2.09011,44.42715],[2.08586,44.42873],[2.08395,44.42928],[2.08084,44.43186],[2.07805,44.43375],[2.07622,44.43417],[2.07369,44.43343],[2.07085,44.43292],[2.07237,44.43548],[2.07248,44.43652],[2.07535,44.44142],[2.0773,44.44252],[2.07648,44.44369],[2.07792,44.44484],[2.07285,44.4466],[2.07124,44.44799],[2.06947,44.44629],[2.06691,44.44795],[2.06543,44.44852],[2.06352,44.44868],[2.0639,44.45144],[2.06246,44.45099],[2.06087,44.45118],[2.05927,44.45078],[2.05904,44.45174],[2.05982,44.4534],[2.06266,44.45732],[2.06566,44.45808],[2.06936,44.46266],[2.06949,44.46375]]]}},{"type":"Feature","id":"fr-commune-12228","properties":{"id":"fr-commune-12228","name":"Saint-Izaire","kind":"commune","center":[2.7006,43.9701],"code":"12228","department":"12"},"bbox":[2.64248,43.93498,2.7572,44.00522],"geometry":{"type":"Polygon","coordinates":[[[2.72999,43.93811],[2.7276,43.93921],[2.7253,43.93908],[2.72202,43.93756],[2.71918,43.93601],[2.71897,43.93506],[2.71622,43.93498],[2.71462,43.93537],[2.71385,43.9365],[2.71131,43.93715],[2.70906,43.93707],[2.70843,43.93857],[2.70707,43.93958],[2.70568,43.93998],[2.70574,43.94131],[2.70499,43.94225],[2.70144,43.94352],[2.70233,43.94494],[2.70116,43.94635],[2.69983,43.94659],[2.69864,43.94751],[2.6982,43.94898],[2.69698,43.94975],[2.696,43.95139],[2.69305,43.95185],[2.68817,43.95213],[2.68743,43.95154],[2.68474,43.95163],[2.68283,43.95107],[2.68068,43.9512],[2.67883,43.95224],[2.67646,43.95298],[2.6683,43.95349],[2.66686,43.95595],[2.665,43.95843],[2.66407,43.95892],[2.66291,43.96072],[2.66178,43.96154],[2.66002,43.96193],[2.66178,43.96406],[2.66178,43.96601],[2.66372,43.96829],[2.66425,43.97074],[2.66394,43.97262],[2.66659,43.97465],[2.66573,43.97543],[2.66114,43.97627],[2.65911,43.97627],[2.65649,43.97568],[2.65534,43.97509],[2.65282,43.97613],[2.6525,43.97711],[2.64899,43.98027],[2.6461,43.98097],[2.64482,43.98332],[2.64251,43.98533],[2.64248,43.98612],[2.64342,43.98685],[2.64587,43.98742],[2.64412,43.98931],[2.64767,43.99048],[2.64962,43.99067],[2.65394,43.98975],[2.65646,43.98967],[2.65906,43.98866],[2.66249,43.98625],[2.66394,43.98431],[2.66733,43.98411],[2.6689,43.98542],[2.66898,43.98707],[2.66777,43.98917],[2.66546,43.99118],[2.66503,43.99199],[2.66568,43.99314],[2.66838,43.99428],[2.67248,43.99513],[2.68093,43.99659],[2.68384,43.9968],[2.68636,43.99537],[2.68939,43.99272],[2.69211,43.99187],[2.69665,43.99307],[2.69856,43.99295],[2.70093,43.99212],[2.70155,43.99106],[2.70049,43.98924],[2.69727,43.98797],[2.69752,43.98734],[2.701,43.98566],[2.70325,43.98325],[2.70454,43.98237],[2.70558,43.9831],[2.70766,43.98365],[2.70787,43.98468],[2.70989,43.98604],[2.71223,43.98669],[2.71143,43.9884],[2.71179,43.98935],[2.71324,43.98961],[2.7141,43.99037],[2.71447,43.99225],[2.71547,43.99319],[2.71909,43.99345],[2.72057,43.99438],[2.7221,43.99452],[2.72402,43.99321],[2.72775,43.99299],[2.73116,43.99095],[2.73178,43.99142],[2.73697,43.99304],[2.73591,43.99606],[2.73523,43.99643],[2.73532,43.99834],[2.73498,44.00006],[2.73636,44.00061],[2.73799,44.00209],[2.73943,44.00256],[2.74298,44.00433],[2.74535,44.00474],[2.74678,44.00459],[2.74802,44.00522],[2.74976,44.00229],[2.75086,44.00131],[2.74953,43.99844],[2.74844,43.99685],[2.74612,43.99591],[2.74513,43.9946],[2.7442,43.9944],[2.74306,43.99285],[2.74509,43.99133],[2.74266,43.99058],[2.74179,43.98819],[2.73969,43.98816],[2.7392,43.98657],[2.73825,43.98625],[2.73633,43.98176],[2.73357,43.97939],[2.73297,43.97781],[2.73532,43.9764],[2.7402,43.97616],[2.74226,43.9768],[2.7428,43.97525],[2.74591,43.975],[2.75032,43.97333],[2.75419,43.97144],[2.75578,43.97117],[2.75705,43.97014],[2.7572,43.96887],[2.75639,43.96788],[2.75644,43.96685],[2.75302,43.96462],[2.75295,43.96383],[2.75134,43.96253],[2.74817,43.96161],[2.74648,43.96185],[2.74273,43.96176],[2.74124,43.96226],[2.74036,43.96141],[2.73819,43.96304],[2.7335,43.96427],[2.7325,43.96471],[2.7311,43.96128],[2.73213,43.96028],[2.73452,43.95919],[2.73511,43.95828],[2.73291,43.95664],[2.73098,43.95405],[2.73079,43.9528],[2.7317,43.95124],[2.73103,43.95018],[2.7318,43.94731],[2.73225,43.9445],[2.7306,43.94168],[2.73013,43.94034],[2.72999,43.93811]]]}},{"type":"Feature","id":"fr-commune-12229","properties":{"id":"fr-commune-12229","name":"Saint-Jean-d'Alcapiès","kind":"commune","center":[2.9647,43.9507],"code":"12229","department":"12"},"bbox":[2.93648,43.93541,2.99346,43.96594],"geometry":{"type":"Polygon","coordinates":[[[2.99265,43.95358],[2.99346,43.95088],[2.98667,43.95176],[2.98503,43.95112],[2.98556,43.9495],[2.98846,43.94906],[2.99027,43.94671],[2.99184,43.94581],[2.99299,43.94573],[2.99199,43.94419],[2.9893,43.94279],[2.98608,43.94229],[2.98468,43.94115],[2.98462,43.94006],[2.98259,43.94032],[2.97922,43.93878],[2.97908,43.93748],[2.97549,43.93791],[2.97304,43.93754],[2.9717,43.93634],[2.96992,43.93541],[2.96422,43.93706],[2.96168,43.93754],[2.95938,43.93694],[2.95279,43.93703],[2.95123,43.93762],[2.94999,43.93739],[2.9487,43.93792],[2.94731,43.94047],[2.94588,43.94174],[2.94057,43.94258],[2.93944,43.9444],[2.93818,43.94435],[2.93707,43.94621],[2.93648,43.94862],[2.94068,43.94824],[2.94157,43.94777],[2.94336,43.94779],[2.94527,43.95155],[2.94578,43.95394],[2.94526,43.95488],[2.9469,43.95543],[2.94889,43.95522],[2.95076,43.95462],[2.95255,43.955],[2.95496,43.95629],[2.95883,43.95692],[2.96432,43.95916],[2.96632,43.95923],[2.96838,43.95887],[2.96969,43.95774],[2.97099,43.95737],[2.97169,43.95848],[2.97454,43.95957],[2.97416,43.96042],[2.97215,43.96151],[2.97529,43.9635],[2.97837,43.96484],[2.98006,43.96594],[2.98137,43.96291],[2.98424,43.96075],[2.98548,43.95898],[2.98751,43.95831],[2.98815,43.95665],[2.99252,43.95439],[2.99265,43.95358]]]}},{"type":"Feature","id":"fr-commune-12230","properties":{"id":"fr-commune-12230","name":"Saint-Jean-Delnous","kind":"commune","center":[2.4912,44.0391],"code":"12230","department":"12"},"bbox":[2.46062,44.01139,2.52176,44.06679],"geometry":{"type":"Polygon","coordinates":[[[2.51939,44.05361],[2.51832,44.05183],[2.51673,44.05059],[2.51756,44.04927],[2.51669,44.0481],[2.51668,44.04616],[2.51926,44.04395],[2.51601,44.04185],[2.51702,44.0398],[2.51926,44.03768],[2.52176,44.03666],[2.51942,44.03611],[2.51645,44.03495],[2.51432,44.03279],[2.51741,44.03218],[2.51763,44.03138],[2.51683,44.02967],[2.51478,44.0276],[2.51258,44.02401],[2.51308,44.02213],[2.5124,44.02094],[2.5101,44.01984],[2.50996,44.01836],[2.50857,44.01813],[2.50434,44.01538],[2.50148,44.01489],[2.50064,44.01375],[2.49783,44.01319],[2.49651,44.01191],[2.49529,44.01139],[2.49475,44.01201],[2.49172,44.01315],[2.49165,44.0143],[2.49051,44.0146],[2.48965,44.01579],[2.49109,44.01657],[2.49192,44.01761],[2.49116,44.01901],[2.48856,44.02042],[2.48781,44.02169],[2.48405,44.02531],[2.47793,44.02903],[2.47438,44.03073],[2.47101,44.03196],[2.46967,44.03014],[2.46798,44.0313],[2.46622,44.03321],[2.46645,44.0339],[2.46324,44.03329],[2.46291,44.03433],[2.46433,44.03646],[2.46218,44.03851],[2.46355,44.04031],[2.46225,44.04204],[2.46128,44.04396],[2.46148,44.04629],[2.46062,44.04767],[2.46068,44.05028],[2.46296,44.05124],[2.46499,44.0526],[2.46654,44.05534],[2.4643,44.05572],[2.46373,44.05679],[2.4668,44.05726],[2.46975,44.05814],[2.47187,44.06021],[2.47419,44.0616],[2.47876,44.05942],[2.47961,44.05861],[2.48435,44.05956],[2.48591,44.06182],[2.4875,44.06269],[2.4892,44.06287],[2.49129,44.0641],[2.49439,44.06401],[2.49802,44.06551],[2.49876,44.06679],[2.50126,44.06574],[2.50479,44.06533],[2.50446,44.06408],[2.50498,44.06284],[2.50441,44.06104],[2.50692,44.06069],[2.50746,44.05866],[2.50851,44.05749],[2.51049,44.05841],[2.5128,44.06027],[2.51351,44.0598],[2.51387,44.05723],[2.51646,44.05527],[2.51769,44.05501],[2.51871,44.05561],[2.5197,44.0545],[2.51939,44.05361]]]}},{"type":"Feature","id":"fr-commune-12231","properties":{"id":"fr-commune-12231","name":"Saint-Jean-du-Bruel","kind":"commune","center":[3.3904,44.024],"code":"12231","department":"12"},"bbox":[3.33096,43.98975,3.44981,44.0582],"geometry":{"type":"Polygon","coordinates":[[[3.44981,44.02315],[3.4462,44.02154],[3.44043,44.02049],[3.43783,44.01938],[3.43712,44.01594],[3.43518,44.01477],[3.43381,44.01527],[3.42898,44.01498],[3.4274,44.01568],[3.42386,44.01452],[3.42305,44.01381],[3.4216,44.0144],[3.41819,44.01465],[3.41735,44.01368],[3.41621,44.01126],[3.414,44.00979],[3.41086,44.00678],[3.40852,44.00613],[3.40629,44.00677],[3.40447,44.00631],[3.4024,44.00693],[3.40094,44.00685],[3.39693,44.00491],[3.39579,44.00204],[3.39475,44.00137],[3.3925,44.00224],[3.39042,44.00119],[3.38773,43.99842],[3.38473,43.99752],[3.38487,43.99424],[3.37838,43.99136],[3.37648,43.98975],[3.37495,43.99041],[3.37121,43.9928],[3.37036,43.99361],[3.36817,43.9947],[3.36624,43.99836],[3.36414,43.99955],[3.36061,44.00495],[3.35859,44.00612],[3.3571,44.00803],[3.3534,44.00879],[3.35152,44.00976],[3.34912,44.00996],[3.3475,44.00941],[3.34475,44.01163],[3.34251,44.01118],[3.34056,44.01128],[3.33939,44.01191],[3.33501,44.01282],[3.33445,44.01477],[3.33337,44.01588],[3.33218,44.01786],[3.33249,44.02026],[3.33226,44.02202],[3.33096,44.0229],[3.33391,44.0244],[3.33493,44.02363],[3.33642,44.02162],[3.33642,44.02082],[3.33804,44.01835],[3.34061,44.01922],[3.34181,44.01928],[3.34285,44.0208],[3.34241,44.02152],[3.34319,44.02372],[3.34359,44.02585],[3.34456,44.02711],[3.34444,44.02903],[3.34369,44.03131],[3.34165,44.03248],[3.34117,44.03368],[3.33858,44.03684],[3.33588,44.03684],[3.33484,44.03797],[3.33356,44.04206],[3.33501,44.04441],[3.33831,44.04791],[3.3383,44.04889],[3.34028,44.05071],[3.34747,44.05137],[3.34808,44.05228],[3.35266,44.04991],[3.35577,44.05164],[3.36004,44.05323],[3.36562,44.05647],[3.36765,44.0582],[3.37125,44.05587],[3.37267,44.05291],[3.37191,44.05131],[3.36997,44.04948],[3.37141,44.0494],[3.3733,44.05001],[3.37512,44.05103],[3.37727,44.05104],[3.38108,44.0563],[3.38289,44.05718],[3.38767,44.05708],[3.38908,44.05745],[3.39029,44.05703],[3.39058,44.05561],[3.39014,44.0535],[3.39114,44.05218],[3.39358,44.04778],[3.39584,44.04715],[3.39675,44.046],[3.39927,44.0441],[3.40134,44.04305],[3.40226,44.04368],[3.40598,44.04255],[3.40739,44.04161],[3.41108,44.04073],[3.41363,44.04129],[3.41727,44.04159],[3.41846,44.04022],[3.42057,44.03936],[3.42182,44.03786],[3.42203,44.03615],[3.42308,44.03582],[3.42872,44.03508],[3.43126,44.03373],[3.43293,44.03121],[3.43532,44.02994],[3.43941,44.02823],[3.44205,44.02546],[3.44324,44.02461],[3.44498,44.02466],[3.44981,44.02315]]]}},{"type":"Feature","id":"fr-commune-12232","properties":{"id":"fr-commune-12232","name":"Saint-Jean-et-Saint-Paul","kind":"commune","center":[3.0255,43.9291],"code":"12232","department":"12"},"bbox":[2.94585,43.90162,3.10517,43.9565],"geometry":{"type":"Polygon","coordinates":[[[2.99265,43.95358],[2.99752,43.95156],[3.0012,43.95132],[3.00151,43.94883],[3.0046,43.95115],[3.00559,43.9525],[3.00974,43.95386],[3.01152,43.94803],[3.01346,43.94879],[3.01392,43.95076],[3.01681,43.95175],[3.0186,43.95284],[3.01789,43.95537],[3.01815,43.9565],[3.02193,43.95608],[3.02423,43.95521],[3.02345,43.95306],[3.02337,43.9514],[3.02224,43.95136],[3.0238,43.9489],[3.02796,43.94822],[3.02833,43.94725],[3.03025,43.94628],[3.03274,43.94699],[3.03402,43.94798],[3.03992,43.94827],[3.04091,43.94813],[3.04197,43.947],[3.04444,43.9459],[3.04662,43.94562],[3.05144,43.94211],[3.05491,43.94128],[3.05862,43.93852],[3.06239,43.93665],[3.06402,43.937],[3.06597,43.93933],[3.06709,43.93928],[3.0691,43.93998],[3.07052,43.93876],[3.07228,43.93873],[3.07322,43.93746],[3.07539,43.93697],[3.07645,43.93471],[3.07919,43.93733],[3.07985,43.93737],[3.08118,43.93923],[3.08137,43.94017],[3.08357,43.94193],[3.08788,43.93841],[3.08476,43.93268],[3.0843,43.93079],[3.08407,43.92784],[3.08621,43.92723],[3.08821,43.93022],[3.08889,43.93173],[3.09258,43.93606],[3.09417,43.93476],[3.09697,43.9341],[3.10489,43.93276],[3.10517,43.93034],[3.10435,43.92467],[3.10038,43.9188],[3.0955,43.91187],[3.09263,43.91389],[3.08856,43.91368],[3.0869,43.91341],[3.08118,43.91531],[3.07987,43.91641],[3.07825,43.91662],[3.07674,43.91767],[3.07458,43.91438],[3.07452,43.91365],[3.0726,43.91189],[3.07041,43.9111],[3.0689,43.90984],[3.06653,43.90916],[3.06289,43.90982],[3.06115,43.90969],[3.06072,43.90826],[3.0566,43.90865],[3.05499,43.90795],[3.05443,43.90666],[3.05328,43.90559],[3.05428,43.904],[3.05146,43.90457],[3.05069,43.90539],[3.05098,43.90771],[3.04903,43.90742],[3.04426,43.90757],[3.04497,43.91221],[3.04333,43.91307],[3.04215,43.91433],[3.03867,43.91188],[3.03802,43.91073],[3.03838,43.90931],[3.03823,43.90733],[3.03757,43.90624],[3.03404,43.90574],[3.03049,43.90249],[3.02879,43.90162],[3.02382,43.90608],[3.02177,43.90483],[3.02048,43.9066],[3.0191,43.90769],[3.0161,43.90931],[3.01365,43.91026],[3.00962,43.91132],[3.00896,43.91216],[3.009,43.91522],[3.00852,43.91685],[3.00627,43.91905],[3.0018,43.92014],[2.99358,43.9206],[2.98698,43.92133],[2.98233,43.92215],[2.98058,43.92174],[2.97935,43.9182],[2.97535,43.91832],[2.97401,43.91863],[2.97316,43.91507],[2.97458,43.9136],[2.97316,43.91393],[2.97213,43.91537],[2.96807,43.91769],[2.96848,43.91812],[2.97005,43.92401],[2.97077,43.92486],[2.97354,43.92674],[2.9715,43.92796],[2.96863,43.92857],[2.96554,43.93007],[2.96285,43.92873],[2.95897,43.92781],[2.95535,43.92639],[2.95109,43.92394],[2.9501,43.92367],[2.94794,43.92517],[2.94585,43.92716],[2.94608,43.9312],[2.94751,43.93305],[2.94647,43.93445],[2.94878,43.93524],[2.94959,43.93596],[2.94999,43.93739],[2.95123,43.93762],[2.95279,43.93703],[2.95938,43.93694],[2.96168,43.93754],[2.96422,43.93706],[2.96992,43.93541],[2.9717,43.93634],[2.97304,43.93754],[2.97549,43.93791],[2.97908,43.93748],[2.97922,43.93878],[2.98259,43.94032],[2.98462,43.94006],[2.98468,43.94115],[2.98608,43.94229],[2.9893,43.94279],[2.99199,43.94419],[2.99299,43.94573],[2.99184,43.94581],[2.99027,43.94671],[2.98846,43.94906],[2.98556,43.9495],[2.98503,43.95112],[2.98667,43.95176],[2.99346,43.95088],[2.99265,43.95358]]]}},{"type":"Feature","id":"fr-commune-12233","properties":{"id":"fr-commune-12233","name":"Saint-Juéry","kind":"commune","center":[2.6972,43.9202],"code":"12233","department":"12"},"bbox":[2.64709,43.88666,2.74572,43.95382],"geometry":{"type":"Polygon","coordinates":[[[2.6683,43.95349],[2.67646,43.95298],[2.67883,43.95224],[2.68068,43.9512],[2.68283,43.95107],[2.68474,43.95163],[2.68743,43.95154],[2.68817,43.95213],[2.69305,43.95185],[2.696,43.95139],[2.69698,43.94975],[2.6982,43.94898],[2.69864,43.94751],[2.69983,43.94659],[2.70116,43.94635],[2.70233,43.94494],[2.70144,43.94352],[2.70499,43.94225],[2.70574,43.94131],[2.70568,43.93998],[2.70707,43.93958],[2.70843,43.93857],[2.70906,43.93707],[2.71131,43.93715],[2.71385,43.9365],[2.71462,43.93537],[2.71622,43.93498],[2.71897,43.93506],[2.71918,43.93601],[2.72202,43.93756],[2.7253,43.93908],[2.7276,43.93921],[2.72999,43.93811],[2.73312,43.93805],[2.7356,43.93702],[2.73691,43.93726],[2.74188,43.93618],[2.74327,43.9356],[2.74572,43.93592],[2.74558,43.93469],[2.74456,43.93441],[2.74334,43.93297],[2.73655,43.93211],[2.73343,43.93057],[2.73414,43.9294],[2.7355,43.92873],[2.73369,43.92713],[2.73522,43.92636],[2.73582,43.92551],[2.73949,43.92398],[2.74035,43.92332],[2.74088,43.9214],[2.74217,43.92077],[2.74288,43.91974],[2.74176,43.91854],[2.74166,43.91759],[2.74287,43.91677],[2.74206,43.91501],[2.73881,43.91403],[2.73571,43.91548],[2.72694,43.91641],[2.72586,43.91425],[2.72688,43.91232],[2.72801,43.90884],[2.72807,43.90748],[2.72267,43.90616],[2.72244,43.90365],[2.72086,43.90235],[2.71966,43.90024],[2.7167,43.8994],[2.71372,43.89827],[2.71198,43.89807],[2.70914,43.89875],[2.70783,43.89848],[2.70726,43.89645],[2.70535,43.89467],[2.70456,43.89327],[2.703,43.89314],[2.70169,43.89093],[2.70167,43.88765],[2.70117,43.88666],[2.69793,43.88813],[2.69577,43.88762],[2.69324,43.88871],[2.6912,43.88899],[2.68687,43.89164],[2.68518,43.89228],[2.68584,43.89391],[2.68582,43.89631],[2.68328,43.89664],[2.68141,43.89797],[2.68156,43.89935],[2.67903,43.90014],[2.6774,43.90146],[2.67923,43.90286],[2.67957,43.90449],[2.67803,43.90491],[2.67692,43.90589],[2.6744,43.90597],[2.67405,43.9066],[2.67158,43.90781],[2.67054,43.90773],[2.66674,43.91027],[2.66695,43.91117],[2.66534,43.9118],[2.66383,43.9149],[2.66623,43.91532],[2.66856,43.91623],[2.6684,43.91475],[2.67039,43.91326],[2.6728,43.91226],[2.67512,43.91172],[2.67758,43.9122],[2.67968,43.9138],[2.6823,43.91296],[2.68321,43.91407],[2.68206,43.91533],[2.68278,43.91759],[2.68305,43.92019],[2.68377,43.92118],[2.6799,43.92284],[2.67991,43.92356],[2.67805,43.92503],[2.67781,43.92632],[2.67492,43.92661],[2.67008,43.92564],[2.66734,43.92552],[2.66688,43.92743],[2.66526,43.92695],[2.66336,43.92733],[2.66188,43.92947],[2.66127,43.93132],[2.66144,43.93301],[2.65832,43.93462],[2.65727,43.93564],[2.65594,43.93789],[2.65588,43.93926],[2.65494,43.94047],[2.64783,43.94384],[2.64709,43.94717],[2.64835,43.94978],[2.65135,43.95032],[2.65259,43.95007],[2.65314,43.95133],[2.65701,43.95003],[2.65838,43.94998],[2.65991,43.94924],[2.66222,43.94953],[2.66434,43.95035],[2.66576,43.95382],[2.6683,43.95349]]]}},{"type":"Feature","id":"fr-commune-12234","properties":{"id":"fr-commune-12234","name":"Sainte-Juliette-sur-Viaur","kind":"commune","center":[2.5027,44.2178],"code":"12234","department":"12"},"bbox":[2.45546,44.1987,2.55001,44.2369],"geometry":{"type":"Polygon","coordinates":[[[2.46875,44.22888],[2.4713,44.22852],[2.47157,44.22933],[2.47065,44.23023],[2.47317,44.23164],[2.4715,44.2332],[2.4733,44.23525],[2.47799,44.23619],[2.48006,44.23523],[2.48211,44.23682],[2.48523,44.23589],[2.48691,44.2369],[2.49086,44.23507],[2.49411,44.23417],[2.4926,44.23205],[2.49184,44.22958],[2.49278,44.22877],[2.49283,44.22737],[2.49581,44.2253],[2.49771,44.22651],[2.49829,44.22588],[2.50029,44.22574],[2.50447,44.22466],[2.50617,44.2248],[2.50945,44.22326],[2.51012,44.22346],[2.51373,44.22194],[2.51498,44.22171],[2.51555,44.22329],[2.51719,44.22493],[2.51856,44.22343],[2.52025,44.22336],[2.52055,44.22826],[2.52287,44.22789],[2.52527,44.22813],[2.52789,44.22718],[2.52923,44.22767],[2.52942,44.22964],[2.52849,44.23166],[2.53157,44.23377],[2.53236,44.23636],[2.53718,44.23592],[2.539,44.23372],[2.54074,44.23369],[2.54306,44.23458],[2.54601,44.23342],[2.55001,44.23242],[2.54995,44.22948],[2.54864,44.22763],[2.54666,44.22586],[2.54333,44.22147],[2.54322,44.22072],[2.54493,44.21919],[2.54415,44.21733],[2.54225,44.21653],[2.53928,44.21645],[2.5378,44.21592],[2.5357,44.21294],[2.53337,44.21116],[2.53186,44.20735],[2.53067,44.20691],[2.52925,44.20719],[2.52751,44.20621],[2.52837,44.20431],[2.52271,44.20128],[2.52122,44.2009],[2.52001,44.20163],[2.52042,44.20336],[2.52211,44.20602],[2.52319,44.20721],[2.52414,44.20946],[2.52296,44.21076],[2.52159,44.20971],[2.52088,44.20854],[2.5194,44.20754],[2.5157,44.20626],[2.51416,44.20444],[2.51222,44.20462],[2.51159,44.20617],[2.51274,44.20678],[2.51309,44.20799],[2.51277,44.2098],[2.51205,44.21041],[2.50844,44.21137],[2.50611,44.21111],[2.50353,44.20784],[2.50337,44.20601],[2.50197,44.2035],[2.49843,44.20391],[2.49538,44.20365],[2.49525,44.20503],[2.49851,44.20615],[2.50081,44.2075],[2.50136,44.20852],[2.50085,44.20963],[2.49643,44.21109],[2.49429,44.21044],[2.49277,44.20857],[2.49104,44.20803],[2.48851,44.20818],[2.48634,44.20739],[2.48761,44.20502],[2.48766,44.20385],[2.48408,44.20401],[2.48079,44.20142],[2.48043,44.20065],[2.48169,44.20002],[2.48141,44.19924],[2.48004,44.19892],[2.47761,44.1987],[2.4766,44.19977],[2.47654,44.20306],[2.47695,44.20322],[2.47716,44.206],[2.4778,44.20764],[2.47727,44.20919],[2.47571,44.21039],[2.47406,44.21026],[2.47066,44.20803],[2.46526,44.20706],[2.46471,44.2078],[2.46327,44.20809],[2.46076,44.20714],[2.46174,44.20491],[2.46336,44.20315],[2.46254,44.20182],[2.45947,44.20188],[2.45546,44.20454],[2.45629,44.20584],[2.45608,44.20684],[2.45664,44.21091],[2.45781,44.21149],[2.4607,44.21481],[2.46001,44.21593],[2.46308,44.21928],[2.46293,44.22021],[2.46478,44.22201],[2.4659,44.22235],[2.46775,44.22494],[2.46698,44.22621],[2.46875,44.22888]]]}},{"type":"Feature","id":"fr-commune-12235","properties":{"id":"fr-commune-12235","name":"Saint-Just-sur-Viaur","kind":"commune","center":[2.3794311656859417,44.119880535839975],"code":"12235","department":"12"},"bbox":[2.33216,44.09287,2.44283,44.14719],"geometry":{"type":"Polygon","coordinates":[[[2.40382,44.13688],[2.40568,44.13511],[2.40569,44.13379],[2.4066,44.13345],[2.41119,44.1333],[2.4109,44.13155],[2.41228,44.1306],[2.41459,44.13032],[2.41676,44.12896],[2.41933,44.12862],[2.42099,44.127],[2.41996,44.1245],[2.42533,44.12169],[2.42743,44.11868],[2.43002,44.11848],[2.43134,44.11929],[2.43507,44.11828],[2.43642,44.11584],[2.43908,44.11356],[2.44175,44.11317],[2.44226,44.11346],[2.44151,44.11231],[2.44283,44.1114],[2.44206,44.11026],[2.43996,44.10946],[2.43722,44.10967],[2.43668,44.10802],[2.43495,44.10847],[2.43426,44.10941],[2.43313,44.10945],[2.43205,44.10859],[2.43027,44.10591],[2.42881,44.10624],[2.42592,44.10886],[2.42425,44.10831],[2.42304,44.10665],[2.42185,44.10675],[2.42126,44.10828],[2.42165,44.10923],[2.4206,44.11191],[2.41882,44.11253],[2.41649,44.11281],[2.41565,44.11219],[2.41611,44.11107],[2.41543,44.11011],[2.41245,44.11048],[2.4109,44.11112],[2.41021,44.11264],[2.41082,44.11536],[2.41226,44.11561],[2.41368,44.11684],[2.41387,44.11775],[2.41072,44.11729],[2.41059,44.11904],[2.40984,44.11953],[2.40744,44.11804],[2.40808,44.1173],[2.40625,44.11639],[2.40522,44.11729],[2.40251,44.11829],[2.40178,44.11946],[2.39991,44.11918],[2.39772,44.11819],[2.39679,44.11707],[2.39423,44.11927],[2.39329,44.11914],[2.3913,44.12053],[2.39005,44.12098],[2.38736,44.12052],[2.38692,44.11928],[2.38988,44.11644],[2.39087,44.11463],[2.39355,44.11469],[2.39574,44.11185],[2.39792,44.11124],[2.4004,44.10982],[2.40015,44.10786],[2.40071,44.1064],[2.39945,44.10505],[2.39921,44.10364],[2.39973,44.10251],[2.39963,44.10108],[2.40071,44.09951],[2.39553,44.09705],[2.39206,44.09595],[2.38933,44.09451],[2.38617,44.09287],[2.38451,44.09443],[2.38145,44.09555],[2.38005,44.09643],[2.37736,44.09706],[2.3742,44.09826],[2.36799,44.09838],[2.36652,44.09761],[2.36441,44.10001],[2.36109,44.1011],[2.35912,44.10095],[2.35772,44.10183],[2.35681,44.10244],[2.35592,44.10425],[2.35391,44.10594],[2.35144,44.10651],[2.34845,44.10806],[2.34762,44.10896],[2.34536,44.11039],[2.34278,44.11063],[2.34079,44.11019],[2.34078,44.1117],[2.34172,44.1123],[2.33965,44.11314],[2.33799,44.11484],[2.33813,44.11599],[2.33636,44.11621],[2.33673,44.11742],[2.33526,44.11863],[2.33497,44.12007],[2.3336,44.11972],[2.33228,44.121],[2.33289,44.12151],[2.33216,44.12329],[2.33467,44.12274],[2.33799,44.1241],[2.33794,44.1268],[2.34107,44.12758],[2.34346,44.13042],[2.34382,44.13215],[2.34335,44.13428],[2.34552,44.13499],[2.34511,44.13601],[2.34662,44.13608],[2.3476,44.1394],[2.34868,44.14089],[2.34738,44.14147],[2.34644,44.14274],[2.34345,44.14278],[2.34552,44.14428],[2.34497,44.14584],[2.34716,44.1468],[2.35037,44.14599],[2.35206,44.14638],[2.36044,44.14719],[2.36218,44.14688],[2.36282,44.1446],[2.36168,44.14427],[2.36357,44.14],[2.36455,44.13935],[2.36638,44.13953],[2.36878,44.13809],[2.37267,44.13731],[2.37528,44.13621],[2.37749,44.13557],[2.38056,44.1358],[2.38368,44.13557],[2.38437,44.13584],[2.38936,44.13489],[2.38924,44.13355],[2.39006,44.13265],[2.39138,44.13305],[2.39285,44.1349],[2.39056,44.13695],[2.39076,44.13805],[2.3924,44.13762],[2.39458,44.13908],[2.39496,44.13747],[2.39567,44.13668],[2.39792,44.13611],[2.39978,44.13621],[2.40025,44.13934],[2.39843,44.1418],[2.40099,44.14254],[2.40176,44.14107],[2.40096,44.13935],[2.40107,44.13748],[2.40382,44.13688]]]}},{"type":"Feature","id":"fr-commune-12236","properties":{"id":"fr-commune-12236","name":"Saint-Laurent-de-Lévézou","kind":"commune","center":[2.9422,44.2124],"code":"12236","department":"12"},"bbox":[2.89728,44.17596,2.98721,44.24935],"geometry":{"type":"Polygon","coordinates":[[[2.98284,44.18617],[2.98379,44.18533],[2.98415,44.18406],[2.98566,44.18311],[2.98721,44.18002],[2.9867,44.17833],[2.98473,44.17823],[2.98163,44.17639],[2.9798,44.17658],[2.97765,44.17596],[2.97643,44.17757],[2.97445,44.18111],[2.97239,44.18108],[2.97275,44.17981],[2.97088,44.17985],[2.97006,44.18258],[2.96915,44.18358],[2.96629,44.18359],[2.96549,44.18315],[2.96309,44.1835],[2.9636,44.18557],[2.96153,44.18716],[2.96267,44.188],[2.96394,44.19025],[2.96318,44.19095],[2.95632,44.19359],[2.95602,44.19306],[2.95673,44.19088],[2.95517,44.19024],[2.95148,44.19009],[2.95107,44.18881],[2.94894,44.18755],[2.94672,44.18859],[2.94394,44.18866],[2.94124,44.19009],[2.93858,44.19217],[2.93535,44.19292],[2.93505,44.1937],[2.93325,44.19487],[2.92696,44.19635],[2.92518,44.19411],[2.92,44.19295],[2.91805,44.19358],[2.91633,44.19504],[2.91513,44.19549],[2.91435,44.19384],[2.91298,44.19416],[2.90875,44.19447],[2.9056,44.19402],[2.90276,44.19426],[2.90141,44.19493],[2.89836,44.19529],[2.89728,44.19916],[2.89841,44.19981],[2.89791,44.20194],[2.90023,44.20462],[2.90077,44.20676],[2.902,44.20686],[2.90562,44.21063],[2.90547,44.21273],[2.90672,44.21433],[2.90802,44.21479],[2.90813,44.21576],[2.91022,44.21938],[2.91081,44.22239],[2.91183,44.22437],[2.91565,44.22386],[2.916,44.22632],[2.91751,44.22906],[2.9169,44.22988],[2.91828,44.231],[2.91845,44.23217],[2.92043,44.23538],[2.9223,44.23721],[2.92344,44.2393],[2.92358,44.24372],[2.92799,44.24824],[2.93009,44.24935],[2.93146,44.24705],[2.93294,44.24551],[2.93374,44.24383],[2.93398,44.24194],[2.93569,44.24055],[2.93646,44.2408],[2.93945,44.2385],[2.94149,44.2361],[2.94201,44.23325],[2.94256,44.23236],[2.94281,44.22689],[2.94344,44.22373],[2.94452,44.22365],[2.94704,44.22439],[2.95097,44.22398],[2.95236,44.22426],[2.95333,44.22321],[2.95571,44.22207],[2.95774,44.22143],[2.96043,44.22135],[2.96247,44.22062],[2.9648,44.21908],[2.96555,44.21733],[2.96299,44.21468],[2.96284,44.214],[2.96455,44.21127],[2.96546,44.20828],[2.96646,44.20742],[2.96515,44.20443],[2.96637,44.20225],[2.96796,44.20107],[2.96824,44.19974],[2.9696,44.19828],[2.97082,44.19802],[2.9734,44.1949],[2.97613,44.19337],[2.97602,44.19146],[2.97669,44.19031],[2.97821,44.18931],[2.98084,44.18873],[2.98215,44.1875],[2.98284,44.18617]]]}},{"type":"Feature","id":"fr-commune-12237","properties":{"id":"fr-commune-12237","name":"Saint-Laurent-d'Olt","kind":"commune","center":[3.0946,44.4464],"code":"12237","department":"12"},"bbox":[3.04632,44.41201,3.14249,44.48082],"geometry":{"type":"Polygon","coordinates":[[[3.09945,44.48082],[3.10124,44.47951],[3.10313,44.47961],[3.10672,44.47892],[3.10803,44.47837],[3.11265,44.47722],[3.11585,44.47555],[3.11733,44.47378],[3.11827,44.47177],[3.11991,44.46982],[3.12093,44.46721],[3.12097,44.46604],[3.12326,44.46332],[3.12468,44.46208],[3.12513,44.46073],[3.1262,44.45971],[3.1285,44.45876],[3.13145,44.45865],[3.13337,44.45923],[3.13404,44.45805],[3.13589,44.45714],[3.13685,44.45621],[3.13508,44.45423],[3.13488,44.45164],[3.13553,44.44875],[3.13735,44.44766],[3.1366,44.44586],[3.13505,44.44261],[3.13496,44.44129],[3.13737,44.44078],[3.14083,44.43934],[3.14166,44.43846],[3.14249,44.43564],[3.1409,44.43337],[3.14131,44.43237],[3.14107,44.42942],[3.14189,44.42851],[3.14158,44.42616],[3.1405,44.42594],[3.13799,44.42373],[3.13022,44.4222],[3.12949,44.4218],[3.12971,44.42056],[3.12948,44.41616],[3.12678,44.41415],[3.12148,44.41556],[3.11698,44.41719],[3.11465,44.41744],[3.11295,44.41651],[3.11036,44.41222],[3.10769,44.41201],[3.10669,44.41317],[3.10447,44.41748],[3.10427,44.41912],[3.10614,44.41976],[3.1074,44.42085],[3.10695,44.42209],[3.10679,44.42427],[3.10568,44.42588],[3.1041,44.42728],[3.10301,44.42943],[3.09948,44.43184],[3.09721,44.4307],[3.09455,44.43012],[3.09373,44.43159],[3.0923,44.4318],[3.09109,44.43377],[3.08793,44.43514],[3.08731,44.4368],[3.08587,44.43772],[3.08544,44.44049],[3.08501,44.44139],[3.08266,44.44064],[3.08087,44.44079],[3.07759,44.44188],[3.07487,44.44324],[3.0731,44.44457],[3.06994,44.44468],[3.06729,44.44426],[3.06669,44.44669],[3.0651,44.44612],[3.06363,44.44502],[3.06125,44.444],[3.06003,44.44448],[3.05878,44.44573],[3.05688,44.44606],[3.05603,44.44543],[3.05405,44.4464],[3.05302,44.44815],[3.05196,44.45074],[3.05056,44.45244],[3.04852,44.45424],[3.04886,44.45574],[3.04992,44.45772],[3.04901,44.4602],[3.04634,44.45941],[3.04666,44.46123],[3.04632,44.46384],[3.04716,44.46636],[3.04713,44.46861],[3.04756,44.46955],[3.05073,44.46861],[3.0534,44.46966],[3.0579,44.46847],[3.06195,44.46878],[3.0634,44.46861],[3.06788,44.46729],[3.07116,44.46825],[3.07206,44.46706],[3.07186,44.46568],[3.07259,44.4648],[3.07446,44.46446],[3.07562,44.46492],[3.07734,44.46427],[3.07897,44.46206],[3.07859,44.46053],[3.07966,44.45955],[3.08154,44.45943],[3.08297,44.46098],[3.08435,44.46092],[3.0864,44.45966],[3.08995,44.46136],[3.08958,44.46285],[3.09,44.46414],[3.08868,44.46676],[3.08912,44.46802],[3.09053,44.46939],[3.09221,44.47008],[3.09411,44.47248],[3.09644,44.47421],[3.09811,44.47497],[3.09878,44.47777],[3.09863,44.47873],[3.09945,44.48082]]]}},{"type":"Feature","id":"fr-commune-12238","properties":{"id":"fr-commune-12238","name":"Saint-Léons","kind":"commune","center":[2.9833,44.2224],"code":"12238","department":"12"},"bbox":[2.93009,44.18617,3.03583,44.2586],"geometry":{"type":"Polygon","coordinates":[[[2.99445,44.25082],[2.99294,44.24791],[2.9937,44.24506],[2.99547,44.24307],[2.99579,44.24163],[2.99854,44.23967],[3.00106,44.23817],[3.00296,44.23632],[3.00494,44.23051],[3.00495,44.22964],[3.00774,44.22524],[3.00919,44.22528],[3.01376,44.22471],[3.01857,44.22473],[3.02097,44.22371],[3.02232,44.22144],[3.02387,44.21983],[3.02761,44.21821],[3.03008,44.21601],[3.03214,44.21547],[3.03349,44.21416],[3.03583,44.2138],[3.03422,44.21272],[3.03074,44.21108],[3.02933,44.20931],[3.0261,44.20765],[3.02224,44.20325],[3.02078,44.20203],[3.01777,44.20075],[3.01584,44.20025],[3.01559,44.19913],[3.01263,44.19325],[3.0121,44.19028],[3.00977,44.18982],[3.00787,44.18995],[3.00664,44.18954],[3.00493,44.18968],[3.00321,44.19101],[3.00176,44.19087],[2.99816,44.18955],[2.99485,44.18891],[2.99335,44.1897],[2.99005,44.19064],[2.98858,44.19027],[2.98284,44.18617],[2.98215,44.1875],[2.98084,44.18873],[2.97821,44.18931],[2.97669,44.19031],[2.97602,44.19146],[2.97613,44.19337],[2.9734,44.1949],[2.97082,44.19802],[2.9696,44.19828],[2.96824,44.19974],[2.96796,44.20107],[2.96637,44.20225],[2.96515,44.20443],[2.96646,44.20742],[2.96546,44.20828],[2.96455,44.21127],[2.96284,44.214],[2.96299,44.21468],[2.96555,44.21733],[2.9648,44.21908],[2.96247,44.22062],[2.96043,44.22135],[2.95774,44.22143],[2.95571,44.22207],[2.95333,44.22321],[2.95236,44.22426],[2.95097,44.22398],[2.94704,44.22439],[2.94452,44.22365],[2.94344,44.22373],[2.94281,44.22689],[2.94256,44.23236],[2.94201,44.23325],[2.94149,44.2361],[2.93945,44.2385],[2.93646,44.2408],[2.93569,44.24055],[2.93398,44.24194],[2.93374,44.24383],[2.93294,44.24551],[2.93146,44.24705],[2.93009,44.24935],[2.9319,44.25139],[2.93323,44.25227],[2.93494,44.25107],[2.93928,44.25001],[2.94317,44.24998],[2.94669,44.25065],[2.95384,44.24976],[2.95533,44.24911],[2.95871,44.25095],[2.96102,44.25154],[2.96226,44.2523],[2.96406,44.25459],[2.96658,44.25856],[2.96733,44.2586],[2.97133,44.25611],[2.97364,44.25526],[2.97852,44.25401],[2.98101,44.25409],[2.98315,44.25479],[2.98539,44.25474],[2.98749,44.25354],[2.98954,44.25387],[2.98918,44.25236],[2.99024,44.25078],[2.99445,44.25082]]]}},{"type":"Feature","id":"fr-commune-12239","properties":{"id":"fr-commune-12239","name":"Saint-Martin-de-Lenne","kind":"commune","center":[2.9654,44.4259],"code":"12239","department":"12"},"bbox":[2.93959,44.40102,2.99125,44.45084],"geometry":{"type":"Polygon","coordinates":[[[2.97781,44.40181],[2.9765,44.40207],[2.96873,44.40102],[2.96825,44.40201],[2.9645,44.40538],[2.96432,44.4058],[2.96612,44.40852],[2.96412,44.40939],[2.9629,44.41128],[2.96188,44.4118],[2.96184,44.41323],[2.96053,44.41474],[2.95653,44.41834],[2.95515,44.41903],[2.95085,44.41865],[2.9503,44.42004],[2.9507,44.42104],[2.94643,44.42154],[2.945,44.42323],[2.9436,44.42329],[2.94021,44.42418],[2.93959,44.42407],[2.94095,44.42598],[2.94176,44.42633],[2.94288,44.42798],[2.94409,44.42838],[2.94376,44.43017],[2.9444,44.43229],[2.94572,44.43249],[2.94596,44.43367],[2.94741,44.434],[2.94808,44.43555],[2.95172,44.43727],[2.95253,44.43814],[2.9539,44.43709],[2.95579,44.43864],[2.95661,44.44085],[2.95814,44.44003],[2.9587,44.44278],[2.95989,44.44337],[2.96027,44.44465],[2.96034,44.44768],[2.96208,44.45084],[2.96447,44.45025],[2.96483,44.44965],[2.96493,44.44696],[2.96734,44.44654],[2.96838,44.4493],[2.96982,44.44756],[2.97198,44.44627],[2.97115,44.44584],[2.96752,44.44271],[2.96703,44.44153],[2.97086,44.43987],[2.97095,44.43865],[2.97032,44.43695],[2.9682,44.43538],[2.97001,44.4344],[2.97024,44.43237],[2.97131,44.43225],[2.97451,44.43396],[2.97472,44.43308],[2.97885,44.43121],[2.98035,44.42995],[2.98059,44.42839],[2.98297,44.42841],[2.9865,44.42705],[2.98937,44.42675],[2.99125,44.42474],[2.98864,44.42526],[2.98767,44.42346],[2.98889,44.42296],[2.98754,44.41952],[2.98419,44.42075],[2.97962,44.42003],[2.97796,44.41864],[2.98002,44.41627],[2.97997,44.41461],[2.97813,44.41465],[2.97841,44.41187],[2.98098,44.4107],[2.98191,44.40914],[2.98154,44.40765],[2.97953,44.4058],[2.97866,44.4031],[2.97781,44.40181]]]}},{"type":"Feature","id":"fr-commune-12240","properties":{"id":"fr-commune-12240","name":"Saint-Parthem","kind":"commune","center":[2.2908,44.6348],"code":"12240","department":"12"},"bbox":[2.24574,44.61184,2.33584,44.65767],"geometry":{"type":"Polygon","coordinates":[[[2.33042,44.61921],[2.32944,44.61947],[2.32646,44.61761],[2.32538,44.61836],[2.32527,44.61991],[2.32112,44.61983],[2.31734,44.62082],[2.3164,44.61961],[2.31377,44.61859],[2.31297,44.61929],[2.3103,44.61997],[2.3085,44.62106],[2.30785,44.61998],[2.3061,44.62071],[2.30392,44.6196],[2.30291,44.6201],[2.30091,44.62273],[2.29804,44.62479],[2.29655,44.62363],[2.29522,44.62329],[2.29071,44.62128],[2.28688,44.62088],[2.28577,44.62107],[2.279,44.62135],[2.27435,44.62232],[2.27158,44.62238],[2.26497,44.61987],[2.26273,44.61846],[2.26143,44.61706],[2.25937,44.61396],[2.25724,44.61267],[2.25403,44.6124],[2.25066,44.61184],[2.25025,44.61323],[2.25144,44.61364],[2.25049,44.61545],[2.24986,44.61759],[2.25036,44.62191],[2.24574,44.62176],[2.24595,44.62379],[2.2474,44.6259],[2.24682,44.6276],[2.25029,44.62849],[2.25071,44.62936],[2.25309,44.62851],[2.254,44.62883],[2.2506,44.63015],[2.25061,44.63293],[2.24976,44.63619],[2.25216,44.63779],[2.25283,44.6388],[2.25621,44.64104],[2.25617,44.64298],[2.25704,44.64629],[2.25947,44.64718],[2.2644,44.64571],[2.26556,44.64385],[2.26737,44.64293],[2.26821,44.64133],[2.26851,44.63978],[2.26961,44.63922],[2.26915,44.63798],[2.26941,44.63577],[2.27221,44.63562],[2.2735,44.63732],[2.2748,44.63816],[2.27499,44.63959],[2.27824,44.64295],[2.27836,44.64451],[2.27964,44.64502],[2.28386,44.64556],[2.28544,44.64619],[2.2862,44.64549],[2.28838,44.64672],[2.29002,44.64724],[2.29462,44.64689],[2.29649,44.6471],[2.30063,44.64812],[2.30161,44.64667],[2.3044,44.6486],[2.30461,44.64933],[2.3064,44.64957],[2.30741,44.65098],[2.30759,44.65392],[2.30998,44.65402],[2.31276,44.65537],[2.3153,44.65751],[2.31697,44.65727],[2.3206,44.65767],[2.3218,44.65565],[2.32376,44.65435],[2.32665,44.64996],[2.32597,44.64781],[2.32797,44.64788],[2.32855,44.64573],[2.32825,44.64467],[2.32726,44.64403],[2.32541,44.64103],[2.32349,44.63926],[2.31847,44.63667],[2.31907,44.63599],[2.31936,44.63312],[2.32205,44.63144],[2.32458,44.63063],[2.32633,44.62954],[2.32874,44.63018],[2.32951,44.62987],[2.33253,44.63019],[2.33391,44.62858],[2.33554,44.62777],[2.33584,44.62664],[2.33474,44.62509],[2.33535,44.62317],[2.33297,44.62249],[2.33225,44.6211],[2.33042,44.61921]]]}},{"type":"Feature","id":"fr-commune-12241","properties":{"id":"fr-commune-12241","name":"Sainte-Radegonde","kind":"commune","center":[2.6333,44.3297],"code":"12241","department":"12"},"bbox":[2.59365,44.28694,2.67308,44.37281],"geometry":{"type":"Polygon","coordinates":[[[2.5973,44.34643],[2.60226,44.3447],[2.60642,44.34549],[2.60453,44.34917],[2.6043,44.35109],[2.6036,44.35224],[2.60214,44.35329],[2.60296,44.35445],[2.60138,44.35483],[2.60079,44.35758],[2.60155,44.35714],[2.60495,44.35697],[2.60768,44.35569],[2.60954,44.35566],[2.61123,44.35731],[2.61425,44.35903],[2.61436,44.35795],[2.61541,44.35766],[2.61684,44.35918],[2.6207,44.36241],[2.6223,44.3621],[2.62238,44.36133],[2.62376,44.36095],[2.6247,44.36142],[2.62688,44.3645],[2.62764,44.36595],[2.62825,44.36816],[2.63325,44.37108],[2.63361,44.37175],[2.6366,44.3726],[2.64019,44.37281],[2.64374,44.37188],[2.64481,44.37058],[2.64578,44.37021],[2.64641,44.36898],[2.6481,44.36697],[2.64743,44.36517],[2.64803,44.3628],[2.64563,44.36148],[2.64575,44.36099],[2.64274,44.35933],[2.64311,44.35879],[2.64615,44.35851],[2.64672,44.35734],[2.64463,44.35213],[2.64359,44.35088],[2.64699,44.34913],[2.64908,44.34676],[2.65058,44.34631],[2.6516,44.34717],[2.65466,44.34673],[2.65724,44.34679],[2.65727,44.34526],[2.65798,44.34383],[2.65777,44.34196],[2.66197,44.34396],[2.66358,44.34269],[2.66435,44.34068],[2.664,44.3398],[2.66434,44.33783],[2.66569,44.3366],[2.66903,44.33511],[2.67113,44.33307],[2.67171,44.33039],[2.67308,44.32877],[2.67002,44.32739],[2.6684,44.32816],[2.6684,44.32661],[2.67045,44.32447],[2.66724,44.32282],[2.66459,44.31953],[2.66379,44.31815],[2.65883,44.31876],[2.65691,44.31743],[2.65393,44.31911],[2.64983,44.31881],[2.6487,44.31749],[2.64616,44.31574],[2.64762,44.31537],[2.64727,44.31407],[2.64461,44.3129],[2.646,44.31252],[2.64694,44.31329],[2.64832,44.31342],[2.64852,44.3145],[2.65064,44.3148],[2.65263,44.3128],[2.65496,44.31358],[2.65961,44.31384],[2.66546,44.31463],[2.66341,44.31135],[2.6641,44.31014],[2.66233,44.30811],[2.66095,44.30771],[2.66038,44.30681],[2.66157,44.30568],[2.66029,44.30173],[2.66279,44.30051],[2.66166,44.29974],[2.66052,44.29781],[2.6576,44.29657],[2.65414,44.299],[2.65069,44.29995],[2.64888,44.29996],[2.64794,44.30135],[2.64638,44.30248],[2.64477,44.30425],[2.64427,44.30564],[2.64509,44.30609],[2.64374,44.30714],[2.64259,44.30716],[2.63985,44.30505],[2.63748,44.30659],[2.63536,44.30391],[2.63292,44.30382],[2.63274,44.30491],[2.63161,44.30505],[2.62891,44.30401],[2.62823,44.30509],[2.62339,44.3038],[2.62101,44.30349],[2.6198,44.30022],[2.62456,44.3002],[2.62594,44.30043],[2.63067,44.29936],[2.63207,44.29672],[2.63469,44.29501],[2.638,44.29153],[2.63987,44.29017],[2.63494,44.28959],[2.6332,44.29302],[2.63258,44.29489],[2.62964,44.29687],[2.628,44.29361],[2.62551,44.29238],[2.62223,44.28694],[2.62069,44.28791],[2.61592,44.28813],[2.61219,44.28808],[2.61106,44.29175],[2.61099,44.29552],[2.6106,44.29736],[2.60706,44.29655],[2.60495,44.29729],[2.60421,44.2981],[2.60294,44.30182],[2.60729,44.30375],[2.60923,44.3042],[2.6118,44.30403],[2.61681,44.3022],[2.61969,44.30314],[2.61995,44.30417],[2.62615,44.30497],[2.62665,44.30551],[2.62608,44.30746],[2.62386,44.30948],[2.61915,44.3108],[2.61715,44.31186],[2.61743,44.31323],[2.61625,44.31523],[2.61604,44.31644],[2.61148,44.31634],[2.61379,44.31856],[2.6143,44.32001],[2.61345,44.32156],[2.61259,44.32489],[2.61065,44.32539],[2.61128,44.32674],[2.60997,44.32783],[2.60551,44.32806],[2.60401,44.32792],[2.60381,44.32662],[2.60136,44.32726],[2.5995,44.32878],[2.59866,44.33035],[2.60045,44.33176],[2.59927,44.3333],[2.5962,44.33503],[2.59365,44.33434],[2.5949,44.33992],[2.59529,44.34285],[2.59543,44.34614],[2.5973,44.34643]]]}},{"type":"Feature","id":"fr-commune-12242","properties":{"id":"fr-commune-12242","name":"Saint-Rémy","kind":"commune","center":[2.0442,44.396],"code":"12242","department":"12"},"bbox":[2.0118,44.38391,2.07661,44.40813],"geometry":{"type":"Polygon","coordinates":[[[2.01225,44.38835],[2.0143,44.38936],[2.01539,44.39123],[2.01359,44.39236],[2.01366,44.39412],[2.01443,44.39607],[2.01622,44.39697],[2.01691,44.39868],[2.0156,44.3991],[2.01636,44.40168],[2.01474,44.403],[2.01672,44.40471],[2.01857,44.40423],[2.0203,44.40434],[2.02329,44.40312],[2.0246,44.40143],[2.02662,44.40194],[2.02726,44.4013],[2.02917,44.40216],[2.02909,44.40387],[2.03065,44.40563],[2.03241,44.40509],[2.03442,44.40558],[2.03461,44.40813],[2.03865,44.4076],[2.03778,44.40689],[2.03778,44.40494],[2.04078,44.40513],[2.04523,44.40377],[2.04654,44.40656],[2.04659,44.40758],[2.05221,44.40518],[2.05036,44.4042],[2.05254,44.40259],[2.05519,44.4032],[2.05498,44.40494],[2.05714,44.40776],[2.05801,44.40776],[2.06219,44.406],[2.06605,44.40374],[2.0681,44.40201],[2.06993,44.39967],[2.07078,44.39921],[2.07024,44.39786],[2.07131,44.39681],[2.07348,44.396],[2.07661,44.39581],[2.07316,44.39373],[2.06934,44.39303],[2.06598,44.39019],[2.0651,44.38916],[2.0646,44.38949],[2.06249,44.38822],[2.05804,44.38834],[2.05659,44.38897],[2.05317,44.38786],[2.05188,44.3868],[2.047,44.3858],[2.04457,44.38415],[2.04178,44.38391],[2.04084,44.38511],[2.03477,44.38447],[2.03164,44.38496],[2.02984,44.3856],[2.02674,44.38595],[2.0246,44.38704],[2.01946,44.38616],[2.0177,44.38647],[2.01708,44.38562],[2.01499,44.38432],[2.01182,44.38565],[2.01385,44.38641],[2.01327,44.38719],[2.0118,44.38727],[2.01225,44.38835]]]}},{"type":"Feature","id":"fr-commune-12243","properties":{"id":"fr-commune-12243","name":"Saint-Rome-de-Cernon","kind":"commune","center":[2.9876,44.0099],"code":"12243","department":"12"},"bbox":[2.92905,43.98097,3.04591,44.03884],"geometry":{"type":"Polygon","coordinates":[[[2.95333,44.03721],[2.9557,44.03796],[2.95677,44.03884],[2.95955,44.0385],[2.95856,44.03664],[2.96029,44.036],[2.95971,44.03423],[2.96014,44.03316],[2.96308,44.03297],[2.96326,44.03454],[2.96212,44.03505],[2.96257,44.03608],[2.96568,44.03723],[2.96658,44.03644],[2.96803,44.03651],[2.97002,44.03725],[2.97168,44.03705],[2.98036,44.03341],[2.98352,44.03231],[2.98693,44.03338],[2.99033,44.03306],[2.99014,44.03254],[2.99254,44.02983],[2.99983,44.02902],[3.00799,44.02753],[3.00985,44.02694],[3.01241,44.02728],[3.01526,44.02578],[3.01764,44.02572],[3.01852,44.02693],[3.0228,44.0251],[3.02212,44.02296],[3.02085,44.02222],[3.02298,44.02155],[3.02499,44.0205],[3.02647,44.02034],[3.03072,44.02286],[3.03229,44.02331],[3.03185,44.0255],[3.0307,44.02828],[3.03147,44.02885],[3.03558,44.0295],[3.03688,44.02895],[3.03882,44.0289],[3.04032,44.03052],[3.04082,44.02954],[3.04367,44.0282],[3.04425,44.02666],[3.0458,44.02472],[3.04591,44.02203],[3.04405,44.0196],[3.04317,44.01903],[3.0403,44.01889],[3.03856,44.01925],[3.03279,44.01959],[3.03167,44.02007],[3.03157,44.01768],[3.0274,44.00761],[3.02644,44.00555],[3.02702,44.001],[3.03346,43.99799],[3.03156,43.99558],[3.03168,43.99425],[3.03035,43.98763],[3.02781,43.98748],[3.02014,43.98734],[3.01957,43.98408],[3.01716,43.98486],[3.01707,43.98289],[3.01523,43.98299],[3.0149,43.98136],[3.01143,43.98097],[3.01055,43.98243],[3.009,43.98279],[3.00682,43.98219],[3.00623,43.98313],[3.00417,43.98467],[3.00214,43.9846],[3.00066,43.98546],[2.99854,43.98562],[2.99512,43.98651],[2.99267,43.98761],[2.99147,43.98888],[2.9895,43.98881],[2.98831,43.9878],[2.98704,43.9857],[2.9857,43.985],[2.98265,43.98475],[2.97726,43.98658],[2.97519,43.9881],[2.97403,43.98854],[2.97201,43.98778],[2.97237,43.98656],[2.97109,43.98604],[2.96969,43.98427],[2.96788,43.98494],[2.96729,43.98593],[2.9634,43.9853],[2.96251,43.98557],[2.95967,43.98532],[2.95757,43.98421],[2.95565,43.98462],[2.9515,43.9838],[2.94958,43.98282],[2.94932,43.98808],[2.94896,43.98884],[2.94554,43.99125],[2.94455,43.99117],[2.94304,43.99368],[2.94463,43.99419],[2.94978,43.99942],[2.95041,44.0021],[2.95011,44.00364],[2.94725,44.00256],[2.94504,44.00295],[2.94267,44.00418],[2.93937,44.00436],[2.93524,44.00233],[2.93367,44.00106],[2.93095,44.00061],[2.92905,43.99992],[2.92917,44.00191],[2.93093,44.00278],[2.93128,44.00368],[2.93434,44.00625],[2.93233,44.00777],[2.93537,44.00924],[2.9359,44.01067],[2.93491,44.01215],[2.93526,44.01451],[2.93456,44.01602],[2.93522,44.01775],[2.93544,44.02015],[2.93598,44.02083],[2.9364,44.0234],[2.93588,44.02449],[2.93888,44.02609],[2.93999,44.02568],[2.94265,44.02591],[2.94664,44.02524],[2.94627,44.02725],[2.94454,44.03013],[2.94463,44.03105],[2.94293,44.03199],[2.94124,44.03464],[2.94081,44.03592],[2.94226,44.03639],[2.94469,44.03597],[2.94598,44.03631],[2.94937,44.03545],[2.95151,44.03535],[2.95298,44.03605],[2.95333,44.03721]]]}},{"type":"Feature","id":"fr-commune-12244","properties":{"id":"fr-commune-12244","name":"Saint-Rome-de-Tarn","kind":"commune","center":[2.8923,44.0362],"code":"12244","department":"12"},"bbox":[2.83117,43.9974,2.95333,44.07517],"geometry":{"type":"Polygon","coordinates":[[[2.91995,44.07195],[2.91859,44.07083],[2.92041,44.06853],[2.92176,44.06744],[2.92357,44.06686],[2.92789,44.06598],[2.93087,44.06478],[2.92819,44.06159],[2.92789,44.05922],[2.92484,44.05881],[2.92513,44.05674],[2.92832,44.05459],[2.9296,44.05259],[2.9313,44.0518],[2.9344,44.05246],[2.9354,44.0523],[2.93729,44.05066],[2.9405,44.04567],[2.94125,44.04479],[2.94139,44.04199],[2.94046,44.03995],[2.94073,44.03809],[2.94455,44.03801],[2.9465,44.03874],[2.9497,44.03813],[2.95161,44.03736],[2.95333,44.03721],[2.95298,44.03605],[2.95151,44.03535],[2.94937,44.03545],[2.94598,44.03631],[2.94469,44.03597],[2.94226,44.03639],[2.94081,44.03592],[2.94124,44.03464],[2.94293,44.03199],[2.94463,44.03105],[2.94454,44.03013],[2.94627,44.02725],[2.94664,44.02524],[2.94265,44.02591],[2.93999,44.02568],[2.93888,44.02609],[2.93588,44.02449],[2.9364,44.0234],[2.93598,44.02083],[2.93544,44.02015],[2.93522,44.01775],[2.93456,44.01602],[2.93526,44.01451],[2.93491,44.01215],[2.9359,44.01067],[2.93537,44.00924],[2.93233,44.00777],[2.93434,44.00625],[2.93128,44.00368],[2.93093,44.00278],[2.92917,44.00191],[2.92878,44.00394],[2.928,44.00434],[2.92442,44.00336],[2.92194,44.00332],[2.91683,43.99896],[2.91483,43.99907],[2.9121,43.9998],[2.9091,43.99937],[2.90675,43.9986],[2.90514,43.9991],[2.90259,44.00046],[2.89792,44.00233],[2.89552,44.00368],[2.89162,44.00421],[2.88892,44.00394],[2.88795,44.0043],[2.881,44.00538],[2.87985,44.00477],[2.87877,44.00261],[2.87912,44.00072],[2.87576,44.00096],[2.87365,43.99874],[2.87207,43.99788],[2.86739,43.9974],[2.86476,44.00209],[2.86488,44.00379],[2.86074,44.00422],[2.85868,44.00488],[2.85389,44.00439],[2.85045,44.00235],[2.84951,44.00119],[2.84886,43.99946],[2.84174,43.99872],[2.8399,43.99823],[2.83928,43.99938],[2.84092,44.00318],[2.84257,44.00382],[2.84611,44.00407],[2.84668,44.00636],[2.84491,44.00624],[2.84214,44.00694],[2.83828,44.00501],[2.8374,44.00862],[2.83628,44.01021],[2.83713,44.0128],[2.83905,44.01362],[2.83948,44.01481],[2.84054,44.0153],[2.84176,44.01781],[2.84288,44.01855],[2.84475,44.01878],[2.84717,44.02045],[2.84901,44.02038],[2.85053,44.02137],[2.85022,44.02256],[2.84737,44.02303],[2.84567,44.02886],[2.84417,44.02977],[2.84035,44.03071],[2.83462,44.03069],[2.83417,44.03265],[2.83117,44.03376],[2.83507,44.03896],[2.8375,44.04124],[2.83924,44.04429],[2.84177,44.04548],[2.84224,44.04666],[2.84372,44.04766],[2.84997,44.04842],[2.8509,44.04886],[2.85059,44.05049],[2.84802,44.05511],[2.84744,44.05691],[2.84816,44.05745],[2.84762,44.05944],[2.84556,44.06149],[2.84643,44.06183],[2.84776,44.06372],[2.84966,44.06555],[2.85048,44.06566],[2.85468,44.06491],[2.8585,44.06478],[2.86141,44.06331],[2.86328,44.06129],[2.86457,44.06058],[2.86756,44.05756],[2.86987,44.0565],[2.87338,44.05537],[2.87781,44.05474],[2.87805,44.05638],[2.88003,44.05673],[2.88105,44.05782],[2.8827,44.05777],[2.88565,44.05666],[2.88814,44.0582],[2.88792,44.05925],[2.88952,44.06013],[2.89071,44.06215],[2.89058,44.0634],[2.89137,44.06487],[2.89335,44.06518],[2.89512,44.06295],[2.89547,44.0642],[2.89783,44.06728],[2.9004,44.06709],[2.90141,44.06897],[2.9034,44.06856],[2.90326,44.06681],[2.90755,44.06882],[2.91054,44.06773],[2.91274,44.06806],[2.91359,44.06856],[2.91195,44.07034],[2.91143,44.07249],[2.91216,44.07347],[2.91418,44.07509],[2.91618,44.07517],[2.91807,44.0743],[2.91995,44.07195]]]}},{"type":"Feature","id":"fr-commune-12246","properties":{"id":"fr-commune-12246","name":"Saint-Santin","kind":"commune","center":[2.2705,44.6394],"code":"12246","department":"12"},"bbox":[2.20842,44.60893,2.33241,44.66993],"geometry":{"type":"Polygon","coordinates":[[[2.2207,44.62209],[2.22072,44.62335],[2.21735,44.62502],[2.21575,44.62475],[2.21451,44.62723],[2.21191,44.63137],[2.21201,44.63325],[2.21113,44.63639],[2.2129,44.6375],[2.21165,44.63812],[2.21146,44.64033],[2.20842,44.64384],[2.21097,44.64654],[2.21587,44.65069],[2.217,44.65047],[2.22513,44.65255],[2.22863,44.65511],[2.23428,44.65549],[2.23593,44.65462],[2.23872,44.6541],[2.2412,44.65304],[2.24668,44.65231],[2.25091,44.652],[2.25176,44.65278],[2.25324,44.65301],[2.25595,44.65468],[2.25767,44.65532],[2.2597,44.65795],[2.26087,44.65891],[2.26402,44.66047],[2.26814,44.66114],[2.27036,44.66059],[2.27415,44.66082],[2.27495,44.66162],[2.28069,44.66386],[2.28277,44.66517],[2.28293,44.6658],[2.28518,44.6669],[2.2867,44.66655],[2.28743,44.6657],[2.2893,44.66639],[2.29363,44.66714],[2.29593,44.66561],[2.29782,44.66515],[2.30013,44.66377],[2.30344,44.66319],[2.30544,44.66231],[2.30807,44.66342],[2.30878,44.66442],[2.31137,44.66535],[2.31456,44.66556],[2.31619,44.66531],[2.31896,44.66692],[2.32135,44.66759],[2.32289,44.6688],[2.32424,44.66918],[2.32681,44.66993],[2.32788,44.66825],[2.33123,44.6657],[2.33241,44.66448],[2.33231,44.66322],[2.32958,44.66257],[2.32764,44.66148],[2.3267,44.66015],[2.32492,44.66025],[2.32291,44.65991],[2.32112,44.65894],[2.3206,44.65767],[2.31697,44.65727],[2.3153,44.65751],[2.31276,44.65537],[2.30998,44.65402],[2.30759,44.65392],[2.30741,44.65098],[2.3064,44.64957],[2.30461,44.64933],[2.3044,44.6486],[2.30161,44.64667],[2.30063,44.64812],[2.29649,44.6471],[2.29462,44.64689],[2.29002,44.64724],[2.28838,44.64672],[2.2862,44.64549],[2.28544,44.64619],[2.28386,44.64556],[2.27964,44.64502],[2.27836,44.64451],[2.27824,44.64295],[2.27499,44.63959],[2.2748,44.63816],[2.2735,44.63732],[2.27221,44.63562],[2.26941,44.63577],[2.26915,44.63798],[2.26961,44.63922],[2.26851,44.63978],[2.26821,44.64133],[2.26737,44.64293],[2.26556,44.64385],[2.2644,44.64571],[2.25947,44.64718],[2.25704,44.64629],[2.25617,44.64298],[2.25621,44.64104],[2.25283,44.6388],[2.25216,44.63779],[2.24976,44.63619],[2.25061,44.63293],[2.2506,44.63015],[2.254,44.62883],[2.25309,44.62851],[2.25071,44.62936],[2.25029,44.62849],[2.24682,44.6276],[2.2474,44.6259],[2.24595,44.62379],[2.24574,44.62176],[2.25036,44.62191],[2.24986,44.61759],[2.25049,44.61545],[2.25144,44.61364],[2.25025,44.61323],[2.25066,44.61184],[2.24366,44.6112],[2.23577,44.61094],[2.23399,44.6099],[2.2333,44.60893],[2.23047,44.61205],[2.22852,44.61257],[2.22741,44.61414],[2.22554,44.61584],[2.22564,44.617],[2.22405,44.6181],[2.22335,44.61957],[2.22118,44.62024],[2.2207,44.62209]]]}},{"type":"Feature","id":"fr-commune-12247","properties":{"id":"fr-commune-12247","name":"Saint-Saturnin-de-Lenne","kind":"commune","center":[3.0203,44.4095],"code":"12247","department":"12"},"bbox":[2.97781,44.37452,3.06246,44.44501],"geometry":{"type":"Polygon","coordinates":[[[3.00275,44.438],[3.00463,44.43959],[3.00632,44.43853],[3.00675,44.43753],[3.00869,44.43639],[3.0144,44.43472],[3.01571,44.43531],[3.01869,44.43547],[3.02059,44.43918],[3.02018,44.44094],[3.02152,44.44167],[3.02771,44.44143],[3.02847,44.4411],[3.02954,44.44333],[3.03167,44.44267],[3.03417,44.44501],[3.03882,44.4429],[3.04048,44.44247],[3.04231,44.44278],[3.04491,44.44113],[3.04522,44.4405],[3.04385,44.43913],[3.04104,44.43811],[3.04242,44.4367],[3.04246,44.43528],[3.04187,44.43427],[3.04335,44.43247],[3.04509,44.43206],[3.04721,44.43295],[3.04972,44.43243],[3.04982,44.43177],[3.05276,44.43199],[3.05247,44.43291],[3.05302,44.43672],[3.05386,44.43791],[3.05513,44.43871],[3.05615,44.43828],[3.05708,44.43591],[3.0568,44.43473],[3.05808,44.43378],[3.05704,44.43253],[3.05686,44.42967],[3.05425,44.4274],[3.05392,44.42484],[3.0556,44.42283],[3.05578,44.42161],[3.05793,44.42066],[3.05804,44.41891],[3.0587,44.41882],[3.06003,44.41723],[3.06246,44.4154],[3.06227,44.41395],[3.06041,44.41199],[3.05767,44.41045],[3.05715,44.40842],[3.05502,44.40741],[3.05429,44.40556],[3.05053,44.40269],[3.04812,44.40186],[3.04619,44.39994],[3.04503,44.39925],[3.04473,44.39771],[3.04288,44.39645],[3.03727,44.3948],[3.03809,44.39273],[3.03876,44.38965],[3.04079,44.38891],[3.0421,44.38908],[3.04335,44.39002],[3.04466,44.39022],[3.04652,44.39206],[3.04882,44.39034],[3.04818,44.38778],[3.04813,44.38487],[3.05018,44.3834],[3.05115,44.38336],[3.05445,44.38478],[3.05827,44.38458],[3.06003,44.38528],[3.06134,44.3828],[3.06101,44.38017],[3.06198,44.37952],[3.06156,44.37789],[3.06174,44.37544],[3.06124,44.37474],[3.05988,44.3748],[3.05883,44.37572],[3.05604,44.375],[3.05198,44.37452],[3.04959,44.37519],[3.04687,44.375],[3.04212,44.37568],[3.03679,44.37691],[3.03508,44.37655],[3.03461,44.37553],[3.03308,44.37598],[3.03222,44.37709],[3.0307,44.37777],[3.02931,44.37668],[3.02657,44.37662],[3.02454,44.37495],[3.02178,44.37509],[3.02032,44.37455],[3.0168,44.37617],[3.01681,44.37749],[3.0159,44.37902],[3.01428,44.37919],[3.01216,44.38018],[3.01071,44.38023],[3.01017,44.38145],[3.00837,44.38234],[3.0087,44.38357],[3.00805,44.38539],[3.00822,44.38662],[3.0059,44.38677],[3.00421,44.38798],[3.00127,44.38694],[3.00007,44.38737],[2.9993,44.38925],[2.9962,44.39095],[2.99597,44.39135],[2.99708,44.39425],[2.99638,44.39529],[2.9937,44.39676],[2.98754,44.39948],[2.98592,44.39971],[2.98196,44.39961],[2.9808,44.40056],[2.97944,44.40069],[2.97781,44.40181],[2.97866,44.4031],[2.97953,44.4058],[2.98154,44.40765],[2.98191,44.40914],[2.98098,44.4107],[2.97841,44.41187],[2.97813,44.41465],[2.97997,44.41461],[2.98002,44.41627],[2.97796,44.41864],[2.97962,44.42003],[2.98419,44.42075],[2.98754,44.41952],[2.98889,44.42296],[2.98767,44.42346],[2.98864,44.42526],[2.99125,44.42474],[2.98937,44.42675],[2.99093,44.42755],[2.99042,44.42918],[2.98868,44.43098],[2.98865,44.43156],[2.99117,44.43204],[2.99629,44.43199],[2.99865,44.43391],[3.00275,44.438]]]}},{"type":"Feature","id":"fr-commune-12248","properties":{"id":"fr-commune-12248","name":"Saint-Sernin-sur-Rance","kind":"commune","center":[2.6248,43.8793],"code":"12248","department":"12"},"bbox":[2.59054,43.85748,2.65903,43.90106],"geometry":{"type":"Polygon","coordinates":[[[2.62193,43.89988],[2.62049,43.89759],[2.62109,43.89602],[2.6195,43.89608],[2.619,43.89464],[2.61675,43.89329],[2.61339,43.89195],[2.61506,43.89122],[2.61493,43.88844],[2.61873,43.88775],[2.62028,43.88802],[2.62232,43.88581],[2.62318,43.88346],[2.62922,43.88349],[2.63015,43.8825],[2.63263,43.88213],[2.63567,43.88041],[2.6393,43.88005],[2.64114,43.88043],[2.64484,43.87971],[2.64585,43.87898],[2.64948,43.87756],[2.65359,43.87556],[2.6573,43.87521],[2.65849,43.87476],[2.65903,43.87368],[2.65828,43.8713],[2.65428,43.8696],[2.65471,43.86709],[2.65314,43.86601],[2.65185,43.8644],[2.64913,43.86227],[2.64675,43.86268],[2.64376,43.86221],[2.64264,43.86169],[2.64163,43.86168],[2.63938,43.8607],[2.63638,43.86044],[2.63455,43.85986],[2.63354,43.85843],[2.63104,43.85759],[2.62806,43.85748],[2.62446,43.86002],[2.62079,43.8615],[2.62104,43.86373],[2.62434,43.86639],[2.62498,43.8675],[2.62403,43.86908],[2.62295,43.86937],[2.621,43.86909],[2.61826,43.86997],[2.61771,43.87117],[2.61658,43.87214],[2.61763,43.87266],[2.61752,43.87401],[2.61492,43.87488],[2.61328,43.87587],[2.61106,43.87649],[2.60705,43.87857],[2.60237,43.87927],[2.60059,43.87922],[2.59999,43.87845],[2.59808,43.87847],[2.59396,43.87777],[2.5931,43.87908],[2.59054,43.8802],[2.59207,43.88186],[2.59203,43.88334],[2.59279,43.88467],[2.5927,43.88588],[2.59476,43.88867],[2.59582,43.88929],[2.59521,43.89028],[2.59689,43.89082],[2.59786,43.89224],[2.59896,43.89285],[2.60001,43.89518],[2.59795,43.89547],[2.59511,43.89379],[2.59286,43.89382],[2.59735,43.89716],[2.59953,43.8986],[2.60078,43.90081],[2.6019,43.90106],[2.61045,43.90083],[2.61301,43.90051],[2.6149,43.89994],[2.6174,43.90051],[2.61871,43.90067],[2.62193,43.89988]]]}},{"type":"Feature","id":"fr-commune-12249","properties":{"id":"fr-commune-12249","name":"Saint-Sever-du-Moustier","kind":"commune","center":[2.6918,43.7753],"code":"12249","department":"12"},"bbox":[2.65665,43.7434,2.7269,43.80721],"geometry":{"type":"Polygon","coordinates":[[[2.65665,43.76272],[2.65684,43.76488],[2.65815,43.76631],[2.65775,43.76705],[2.6583,43.77014],[2.65897,43.77121],[2.65935,43.77442],[2.66154,43.7774],[2.66761,43.7803],[2.67376,43.78263],[2.67543,43.78358],[2.67757,43.78583],[2.67798,43.79029],[2.6748,43.79156],[2.67359,43.79239],[2.6735,43.79334],[2.67643,43.79461],[2.67588,43.796],[2.67963,43.79802],[2.68075,43.79691],[2.68065,43.79605],[2.68154,43.79501],[2.68501,43.79607],[2.69025,43.79927],[2.68964,43.80116],[2.69239,43.80231],[2.69842,43.80287],[2.70005,43.80475],[2.70083,43.80623],[2.70198,43.80565],[2.70335,43.80681],[2.70596,43.80721],[2.70701,43.80648],[2.71461,43.8036],[2.71303,43.80313],[2.71282,43.79955],[2.71203,43.79761],[2.71488,43.79449],[2.71694,43.79304],[2.71876,43.79123],[2.71897,43.79033],[2.71788,43.78853],[2.71988,43.78593],[2.72207,43.78376],[2.72387,43.77997],[2.7215,43.77691],[2.72192,43.77483],[2.72345,43.77228],[2.72363,43.77105],[2.72539,43.76601],[2.72577,43.76275],[2.7269,43.75897],[2.72581,43.75505],[2.72524,43.75035],[2.72411,43.74878],[2.72278,43.74592],[2.72116,43.74549],[2.71949,43.74562],[2.71591,43.74837],[2.71562,43.75168],[2.71637,43.75299],[2.71519,43.75426],[2.71563,43.75669],[2.71419,43.76245],[2.71562,43.76334],[2.71409,43.7651],[2.71204,43.76542],[2.7097,43.7637],[2.71095,43.76635],[2.70775,43.76754],[2.70703,43.7663],[2.70709,43.76241],[2.70606,43.75992],[2.7062,43.75845],[2.70702,43.75685],[2.70676,43.75491],[2.70741,43.75332],[2.70828,43.74989],[2.71075,43.74778],[2.70254,43.74637],[2.69917,43.74502],[2.69676,43.74362],[2.69506,43.7434],[2.69286,43.74456],[2.69063,43.74424],[2.68881,43.74482],[2.68792,43.74393],[2.68578,43.74467],[2.68387,43.74468],[2.68169,43.74382],[2.67939,43.74586],[2.67845,43.74708],[2.67586,43.74876],[2.67333,43.74975],[2.67181,43.74953],[2.66978,43.7498],[2.66714,43.75243],[2.6649,43.75275],[2.66171,43.75563],[2.65865,43.75691],[2.65723,43.75861],[2.65726,43.76092],[2.65665,43.76272]]]}},{"type":"Feature","id":"fr-commune-12250","properties":{"id":"fr-commune-12250","name":"Saint-Symphorien-de-Thénières","kind":"commune","center":[2.7072,44.7387],"code":"12250","department":"12"},"bbox":[2.65119,44.71278,2.7633,44.76333],"geometry":{"type":"Polygon","coordinates":[[[2.69263,44.72168],[2.68819,44.72348],[2.68572,44.72356],[2.68404,44.72309],[2.68062,44.72469],[2.67895,44.72505],[2.67814,44.72624],[2.67698,44.7261],[2.67568,44.72495],[2.67575,44.72404],[2.67414,44.7236],[2.67224,44.72253],[2.67081,44.72128],[2.66878,44.72073],[2.66814,44.72128],[2.66527,44.72046],[2.66295,44.72198],[2.66087,44.72253],[2.65931,44.7237],[2.65761,44.7242],[2.65527,44.7254],[2.65536,44.72701],[2.65423,44.72845],[2.65294,44.72915],[2.65339,44.73015],[2.65119,44.73331],[2.65275,44.73415],[2.65454,44.73595],[2.65588,44.73542],[2.65701,44.73657],[2.65556,44.73815],[2.65433,44.74019],[2.65423,44.74118],[2.65288,44.74309],[2.65215,44.74617],[2.65572,44.74647],[2.6597,44.7482],[2.66229,44.75011],[2.66351,44.75171],[2.66822,44.75332],[2.66964,44.75399],[2.67115,44.7557],[2.674,44.75662],[2.67417,44.7579],[2.67579,44.75855],[2.67836,44.76033],[2.67897,44.76131],[2.67985,44.76138],[2.68083,44.75998],[2.68293,44.75996],[2.68664,44.75835],[2.68715,44.75759],[2.68909,44.75758],[2.6904,44.75631],[2.69177,44.75643],[2.69324,44.75866],[2.69496,44.75934],[2.69568,44.75807],[2.69747,44.7579],[2.69897,44.75636],[2.70008,44.75631],[2.70342,44.7574],[2.70329,44.75831],[2.70529,44.75818],[2.70598,44.76047],[2.70733,44.7601],[2.70754,44.759],[2.70898,44.75731],[2.70983,44.7545],[2.71238,44.75443],[2.71458,44.75592],[2.71638,44.75651],[2.71795,44.7562],[2.71874,44.75789],[2.71989,44.75886],[2.7232,44.75862],[2.72538,44.75728],[2.72893,44.75892],[2.73164,44.75884],[2.7318,44.7604],[2.73551,44.76317],[2.73931,44.76333],[2.7411,44.76301],[2.74308,44.76314],[2.74418,44.76243],[2.74739,44.7618],[2.74822,44.76047],[2.74981,44.76059],[2.75457,44.75838],[2.75645,44.75839],[2.75816,44.75748],[2.75784,44.75657],[2.7594,44.7563],[2.75871,44.75483],[2.75954,44.75381],[2.75871,44.753],[2.75699,44.75322],[2.756,44.7517],[2.75769,44.75115],[2.75573,44.74711],[2.75759,44.74596],[2.75768,44.74367],[2.75874,44.74223],[2.75829,44.74048],[2.75997,44.73822],[2.76097,44.73828],[2.76065,44.73648],[2.76237,44.73451],[2.7633,44.73253],[2.76132,44.73232],[2.75941,44.73033],[2.75567,44.72771],[2.75553,44.72685],[2.7566,44.72581],[2.75173,44.72483],[2.74729,44.72721],[2.74328,44.72823],[2.74191,44.72788],[2.73943,44.72794],[2.73602,44.72714],[2.73597,44.72425],[2.73673,44.72344],[2.73599,44.72071],[2.73282,44.71751],[2.73268,44.71469],[2.73079,44.71479],[2.72654,44.71346],[2.72547,44.714],[2.72297,44.71278],[2.7217,44.7135],[2.71932,44.71415],[2.71843,44.71609],[2.71647,44.71869],[2.7147,44.72003],[2.71443,44.72089],[2.7106,44.72227],[2.71076,44.72423],[2.71131,44.72555],[2.70982,44.72734],[2.70605,44.72657],[2.70453,44.72576],[2.70239,44.72573],[2.70082,44.72704],[2.70114,44.72775],[2.69963,44.72857],[2.70071,44.72964],[2.69972,44.73018],[2.69997,44.73118],[2.69901,44.73175],[2.69309,44.73182],[2.69256,44.72972],[2.69013,44.72576],[2.69248,44.72499],[2.69178,44.72366],[2.6927,44.72255],[2.69263,44.72168]]]}},{"type":"Feature","id":"fr-commune-12251","properties":{"id":"fr-commune-12251","name":"Saint-Victor-et-Melvieu","kind":"commune","center":[2.8074,44.0502],"code":"12251","department":"12"},"bbox":[2.7639,44.0289,2.8509,44.0714],"geometry":{"type":"Polygon","coordinates":[[[2.79382,44.05985],[2.79751,44.06124],[2.80156,44.06233],[2.80363,44.06346],[2.80414,44.06469],[2.8036,44.06767],[2.80415,44.07033],[2.80619,44.0714],[2.8088,44.07087],[2.81387,44.06802],[2.81502,44.06765],[2.82068,44.06774],[2.82603,44.06744],[2.82883,44.06697],[2.83453,44.0647],[2.83659,44.0643],[2.84004,44.06269],[2.84556,44.06149],[2.84762,44.05944],[2.84816,44.05745],[2.84744,44.05691],[2.84802,44.05511],[2.85059,44.05049],[2.8509,44.04886],[2.84997,44.04842],[2.84372,44.04766],[2.84224,44.04666],[2.84177,44.04548],[2.83924,44.04429],[2.8375,44.04124],[2.83507,44.03896],[2.83117,44.03376],[2.8297,44.03386],[2.82762,44.03463],[2.82325,44.03428],[2.82229,44.03359],[2.82174,44.03173],[2.82038,44.03042],[2.81759,44.02913],[2.81575,44.0289],[2.81388,44.03049],[2.81268,44.03241],[2.81026,44.03366],[2.80896,44.03481],[2.80696,44.03473],[2.80511,44.03507],[2.80302,44.03474],[2.80089,44.03504],[2.79681,44.03507],[2.79627,44.03618],[2.79508,44.03637],[2.79214,44.03883],[2.78962,44.03939],[2.78741,44.04084],[2.78486,44.04306],[2.78214,44.04445],[2.78134,44.04597],[2.77727,44.0478],[2.77533,44.04783],[2.7735,44.04906],[2.7696,44.04901],[2.768,44.05079],[2.76649,44.05157],[2.7639,44.05237],[2.76715,44.05695],[2.76831,44.05794],[2.76914,44.05936],[2.76969,44.06136],[2.77105,44.06217],[2.77349,44.06232],[2.77654,44.06134],[2.77866,44.06179],[2.78152,44.06413],[2.78395,44.06424],[2.78625,44.06352],[2.78752,44.06172],[2.78656,44.05931],[2.78753,44.05851],[2.78952,44.05851],[2.79382,44.05985]]]}},{"type":"Feature","id":"fr-commune-12252","properties":{"id":"fr-commune-12252","name":"Salles-Courbatiès","kind":"commune","center":[2.0869,44.4842],"code":"12252","department":"12"},"bbox":[2.06255,44.45509,2.11103,44.51333],"geometry":{"type":"Polygon","coordinates":[[[2.10753,44.46163],[2.10195,44.46378],[2.09846,44.46459],[2.09709,44.46599],[2.09555,44.46551],[2.09154,44.46507],[2.09162,44.46257],[2.09414,44.46209],[2.09765,44.46272],[2.09742,44.4619],[2.09487,44.45976],[2.09248,44.45876],[2.09307,44.45674],[2.09411,44.45516],[2.09098,44.45509],[2.08981,44.45582],[2.08827,44.45594],[2.08803,44.45688],[2.08637,44.45928],[2.0841,44.45923],[2.08084,44.45953],[2.077,44.46195],[2.07365,44.46339],[2.07214,44.46307],[2.06949,44.46375],[2.06679,44.46635],[2.06753,44.46837],[2.06445,44.4704],[2.06509,44.4729],[2.06719,44.47327],[2.06704,44.47469],[2.06794,44.47595],[2.06722,44.48043],[2.06925,44.48164],[2.06877,44.48326],[2.06766,44.48284],[2.06621,44.48416],[2.06736,44.48601],[2.06769,44.4874],[2.07001,44.48861],[2.07159,44.48885],[2.0719,44.4902],[2.07316,44.49221],[2.07434,44.49236],[2.07288,44.49388],[2.07168,44.49581],[2.07008,44.49674],[2.06783,44.49715],[2.06609,44.49798],[2.06255,44.4983],[2.06354,44.50112],[2.0669,44.50466],[2.06829,44.50707],[2.06627,44.50843],[2.06666,44.50898],[2.06659,44.51139],[2.06884,44.51333],[2.07267,44.51307],[2.07519,44.51185],[2.07181,44.51063],[2.07162,44.50919],[2.06902,44.5071],[2.07199,44.50451],[2.07511,44.5031],[2.0763,44.5043],[2.07952,44.5045],[2.08139,44.50377],[2.08349,44.50211],[2.09047,44.50074],[2.09097,44.50019],[2.09325,44.49968],[2.09492,44.49781],[2.0978,44.49624],[2.09869,44.49626],[2.09973,44.49504],[2.09906,44.4943],[2.1027,44.49175],[2.10393,44.49015],[2.10585,44.48939],[2.10586,44.48805],[2.10741,44.48576],[2.10586,44.48421],[2.10309,44.48337],[2.10102,44.48229],[2.10198,44.48095],[2.10161,44.47973],[2.10252,44.47678],[2.10494,44.47496],[2.10764,44.47402],[2.1098,44.47221],[2.109,44.47179],[2.11012,44.47047],[2.11092,44.46831],[2.11103,44.46648],[2.11004,44.46597],[2.11039,44.46466],[2.1091,44.46391],[2.10753,44.46163]]]}},{"type":"Feature","id":"fr-commune-12253","properties":{"id":"fr-commune-12253","name":"Salles-Curan","kind":"commune","center":[2.7797,44.1594],"code":"12253","department":"12"},"bbox":[2.67563,44.10269,2.88382,44.2161],"geometry":{"type":"Polygon","coordinates":[[[2.76898,44.12473],[2.76976,44.12564],[2.76784,44.12651],[2.76708,44.1277],[2.76795,44.12985],[2.76352,44.13065],[2.76153,44.13124],[2.76077,44.13088],[2.76051,44.12935],[2.75855,44.12693],[2.75606,44.12603],[2.75377,44.12658],[2.75031,44.12782],[2.74642,44.12992],[2.74798,44.13354],[2.74734,44.1342],[2.749,44.13633],[2.74846,44.13907],[2.7491,44.14264],[2.74362,44.14258],[2.741,44.14345],[2.73935,44.14437],[2.73663,44.14394],[2.73453,44.14208],[2.73239,44.14158],[2.72945,44.14248],[2.72457,44.14133],[2.72326,44.1414],[2.7201,44.14231],[2.71616,44.14408],[2.71422,44.1459],[2.7114,44.14811],[2.70933,44.14903],[2.70404,44.15055],[2.70057,44.1513],[2.69874,44.15097],[2.69712,44.15021],[2.69375,44.15097],[2.6906,44.15303],[2.69082,44.15533],[2.69387,44.15415],[2.69532,44.15412],[2.69814,44.15515],[2.69353,44.1566],[2.69311,44.15748],[2.69008,44.15884],[2.68977,44.15939],[2.69117,44.16109],[2.68943,44.16291],[2.68576,44.1623],[2.67905,44.16513],[2.67563,44.16874],[2.67579,44.16942],[2.6797,44.16873],[2.68189,44.16751],[2.68513,44.16762],[2.68751,44.16976],[2.68883,44.17232],[2.69038,44.17245],[2.69256,44.17195],[2.69805,44.1688],[2.70016,44.17047],[2.70353,44.17127],[2.70541,44.17277],[2.70788,44.17405],[2.71054,44.17416],[2.71146,44.17686],[2.71477,44.17708],[2.71596,44.17745],[2.7158,44.18043],[2.71634,44.18084],[2.71871,44.18086],[2.71985,44.1834],[2.72118,44.18309],[2.72299,44.18084],[2.7236,44.17943],[2.72646,44.17736],[2.72966,44.17792],[2.72805,44.17911],[2.72683,44.18182],[2.72494,44.18411],[2.72455,44.18561],[2.72671,44.18573],[2.73058,44.18531],[2.73139,44.18494],[2.73568,44.18043],[2.73412,44.17907],[2.73181,44.17809],[2.72998,44.17688],[2.72981,44.17411],[2.73231,44.17505],[2.73481,44.17521],[2.73581,44.17584],[2.73639,44.17708],[2.73973,44.17929],[2.74217,44.17965],[2.74367,44.17888],[2.74536,44.18058],[2.74537,44.18206],[2.74463,44.18305],[2.74359,44.18557],[2.74404,44.18742],[2.74137,44.18955],[2.74081,44.19076],[2.73858,44.1928],[2.73846,44.19379],[2.73934,44.195],[2.73898,44.19694],[2.73786,44.19865],[2.73518,44.20001],[2.73089,44.20006],[2.72894,44.20095],[2.73002,44.20275],[2.73139,44.20317],[2.73389,44.20325],[2.73746,44.204],[2.73791,44.20594],[2.73854,44.20648],[2.74418,44.20772],[2.74669,44.20874],[2.74894,44.20873],[2.75052,44.20831],[2.75474,44.20548],[2.75599,44.2052],[2.75787,44.20551],[2.76375,44.20585],[2.76728,44.20821],[2.76803,44.21078],[2.76943,44.21177],[2.77137,44.21239],[2.77537,44.2121],[2.77695,44.21376],[2.7787,44.21398],[2.78158,44.21504],[2.78342,44.21465],[2.78426,44.21371],[2.78647,44.2136],[2.78788,44.21557],[2.78894,44.21604],[2.79291,44.2161],[2.7977,44.21559],[2.80005,44.21483],[2.80366,44.214],[2.80436,44.21188],[2.80558,44.2107],[2.80785,44.20941],[2.80914,44.20946],[2.81083,44.21034],[2.81255,44.21056],[2.8152,44.21044],[2.8159,44.21123],[2.81868,44.21076],[2.81783,44.20905],[2.81548,44.20594],[2.81411,44.20469],[2.81384,44.20311],[2.81257,44.20143],[2.81067,44.20051],[2.81396,44.19831],[2.81554,44.19821],[2.81885,44.19691],[2.82261,44.19762],[2.82467,44.19723],[2.82785,44.19461],[2.82915,44.19258],[2.82926,44.19105],[2.83086,44.18879],[2.83379,44.18748],[2.82945,44.18426],[2.82351,44.18182],[2.82114,44.18165],[2.8178,44.18232],[2.81685,44.18057],[2.81794,44.17912],[2.8211,44.17599],[2.82041,44.17417],[2.82305,44.17119],[2.82289,44.17019],[2.82411,44.16679],[2.82361,44.16627],[2.82397,44.16417],[2.82477,44.16322],[2.82583,44.16408],[2.82843,44.16467],[2.83132,44.16381],[2.83323,44.16464],[2.83843,44.16464],[2.84545,44.16188],[2.85054,44.16043],[2.85252,44.1596],[2.85372,44.15972],[2.8615,44.15795],[2.86275,44.15751],[2.86682,44.15924],[2.86824,44.15953],[2.871,44.15946],[2.8725,44.15988],[2.87525,44.1597],[2.87411,44.16163],[2.8756,44.16333],[2.8761,44.16485],[2.87575,44.16573],[2.87618,44.16708],[2.87855,44.16855],[2.87848,44.16778],[2.88277,44.16396],[2.88267,44.16349],[2.88382,44.15921],[2.87953,44.15942],[2.87819,44.15878],[2.87526,44.15942],[2.87484,44.15842],[2.87182,44.15569],[2.87675,44.15204],[2.88014,44.14986],[2.87813,44.14879],[2.87501,44.14752],[2.87382,44.14779],[2.87045,44.14613],[2.87016,44.14508],[2.87171,44.14414],[2.86716,44.14159],[2.86387,44.14159],[2.86149,44.14117],[2.862,44.13923],[2.86438,44.13776],[2.86368,44.13635],[2.86142,44.13478],[2.85966,44.13293],[2.8573,44.13197],[2.8537,44.13284],[2.8521,44.13225],[2.85012,44.13238],[2.84874,44.133],[2.84737,44.13438],[2.84664,44.13579],[2.84529,44.13441],[2.84582,44.13245],[2.84842,44.13209],[2.85003,44.13133],[2.85101,44.12985],[2.85323,44.12931],[2.85571,44.12815],[2.85834,44.12726],[2.8555,44.12323],[2.85513,44.12206],[2.85297,44.12123],[2.85158,44.12015],[2.85264,44.11593],[2.85192,44.11494],[2.85146,44.11111],[2.84986,44.1064],[2.84885,44.10464],[2.84742,44.10354],[2.84239,44.10349],[2.8404,44.10404],[2.83776,44.10428],[2.83634,44.10406],[2.836,44.10495],[2.83747,44.10989],[2.83353,44.11092],[2.83042,44.11242],[2.8292,44.11125],[2.82574,44.11303],[2.82311,44.11236],[2.82156,44.11332],[2.81806,44.11279],[2.81685,44.1122],[2.81419,44.11393],[2.81216,44.11372],[2.81102,44.11624],[2.8036,44.11874],[2.79869,44.12083],[2.79426,44.12242],[2.79237,44.12377],[2.79071,44.12245],[2.78985,44.11915],[2.7921,44.11712],[2.79667,44.11729],[2.79799,44.11544],[2.79827,44.1128],[2.79749,44.11127],[2.79602,44.11115],[2.79539,44.10864],[2.79435,44.1073],[2.79662,44.10563],[2.7967,44.10482],[2.79206,44.10335],[2.79082,44.10269],[2.78862,44.10355],[2.78657,44.10522],[2.7838,44.10662],[2.78023,44.10934],[2.78074,44.11119],[2.78069,44.11263],[2.77806,44.1156],[2.77661,44.11792],[2.77449,44.11971],[2.77428,44.12033],[2.77187,44.12198],[2.7704,44.12266],[2.76898,44.12473]]]}},{"type":"Feature","id":"fr-commune-12254","properties":{"id":"fr-commune-12254","name":"Salles-la-Source","kind":"commune","center":[2.5291,44.4471],"code":"12254","department":"12"},"bbox":[2.46062,44.39474,2.59757,44.50007],"geometry":{"type":"Polygon","coordinates":[[[2.56235,44.40912],[2.56042,44.40805],[2.5575,44.40567],[2.55503,44.40417],[2.55398,44.40454],[2.55064,44.40354],[2.54992,44.40288],[2.5471,44.40212],[2.54671,44.40028],[2.54583,44.3996],[2.54557,44.39682],[2.54606,44.39474],[2.54219,44.39741],[2.54106,44.39741],[2.53956,44.39854],[2.53811,44.39858],[2.53584,44.39764],[2.53239,44.3981],[2.53135,44.39791],[2.52884,44.3983],[2.52626,44.39819],[2.52476,44.39773],[2.5218,44.39763],[2.52193,44.39593],[2.51933,44.39591],[2.51814,44.3969],[2.51488,44.39785],[2.5104,44.39707],[2.5059,44.39786],[2.50398,44.39948],[2.50347,44.40353],[2.50071,44.40387],[2.50041,44.40114],[2.4979,44.40241],[2.49412,44.40385],[2.49288,44.40481],[2.49054,44.40343],[2.48495,44.40068],[2.48349,44.40013],[2.48313,44.40073],[2.4795,44.40394],[2.47611,44.40646],[2.47267,44.40771],[2.4731,44.40966],[2.46828,44.41154],[2.46947,44.41412],[2.46889,44.41422],[2.46986,44.41677],[2.46914,44.41784],[2.46735,44.41717],[2.46412,44.41725],[2.46485,44.4188],[2.46561,44.42284],[2.46282,44.42378],[2.46062,44.42482],[2.46285,44.42722],[2.46411,44.43288],[2.46336,44.43387],[2.46643,44.43828],[2.46274,44.43837],[2.46261,44.43975],[2.46321,44.44151],[2.46526,44.4422],[2.46711,44.44235],[2.46821,44.44436],[2.46771,44.44572],[2.4688,44.44664],[2.46976,44.44987],[2.47113,44.45112],[2.4707,44.45227],[2.46792,44.45196],[2.46376,44.45523],[2.46291,44.45691],[2.46348,44.45827],[2.46724,44.4596],[2.46838,44.46034],[2.47036,44.46046],[2.47206,44.45988],[2.4735,44.46046],[2.47834,44.46004],[2.48139,44.45915],[2.48346,44.46099],[2.48372,44.46216],[2.4851,44.46346],[2.48706,44.46368],[2.48831,44.46541],[2.49039,44.46651],[2.49072,44.46895],[2.49223,44.46899],[2.49298,44.4698],[2.49468,44.47034],[2.49302,44.472],[2.49584,44.47518],[2.49175,44.47589],[2.49024,44.47686],[2.4915,44.47821],[2.4945,44.47923],[2.4963,44.47942],[2.49828,44.48119],[2.49885,44.48211],[2.50163,44.48389],[2.50513,44.48574],[2.50652,44.48584],[2.51011,44.48702],[2.51097,44.48758],[2.51294,44.48728],[2.51417,44.48856],[2.5177,44.48984],[2.52309,44.49129],[2.52489,44.49111],[2.52641,44.49179],[2.52883,44.4921],[2.53604,44.49226],[2.53592,44.49334],[2.53309,44.4938],[2.52985,44.49383],[2.52789,44.4958],[2.52707,44.49561],[2.52645,44.49772],[2.53182,44.50007],[2.54154,44.49778],[2.54369,44.49755],[2.54546,44.4973],[2.54584,44.49807],[2.54773,44.49784],[2.54643,44.49395],[2.54654,44.49065],[2.55003,44.49276],[2.55014,44.49119],[2.55121,44.49002],[2.55382,44.49066],[2.55479,44.49009],[2.55408,44.48892],[2.55298,44.48545],[2.55234,44.48239],[2.55291,44.48176],[2.55458,44.47686],[2.56176,44.47778],[2.56911,44.47504],[2.57035,44.47196],[2.57185,44.47325],[2.57425,44.47364],[2.57625,44.47177],[2.57785,44.46848],[2.58208,44.46897],[2.58517,44.46883],[2.59201,44.46791],[2.59295,44.46751],[2.59338,44.46583],[2.59589,44.46515],[2.59544,44.46196],[2.59757,44.45966],[2.59727,44.45721],[2.59535,44.45444],[2.59389,44.45062],[2.59514,44.44972],[2.5942,44.44851],[2.59343,44.44519],[2.59241,44.44212],[2.59039,44.43929],[2.58987,44.43808],[2.58855,44.43713],[2.58642,44.43831],[2.58442,44.44034],[2.58355,44.44259],[2.58033,44.44258],[2.58021,44.43867],[2.57929,44.43552],[2.5777,44.43338],[2.57486,44.43458],[2.57475,44.43622],[2.57347,44.43622],[2.56977,44.43787],[2.56745,44.43737],[2.56644,44.43619],[2.56475,44.43687],[2.56449,44.43525],[2.56499,44.43381],[2.5651,44.43179],[2.56623,44.4307],[2.56635,44.42864],[2.56403,44.43008],[2.55757,44.43009],[2.55548,44.43023],[2.55485,44.42933],[2.55316,44.42952],[2.5524,44.42785],[2.55044,44.42479],[2.55324,44.4245],[2.55272,44.42241],[2.55423,44.42237],[2.55448,44.42025],[2.55842,44.41912],[2.56129,44.4187],[2.56398,44.41873],[2.56554,44.41746],[2.56384,44.41709],[2.56341,44.41609],[2.56152,44.41572],[2.56164,44.41428],[2.56317,44.4135],[2.56254,44.41204],[2.56235,44.40912]]]}},{"type":"Feature","id":"fr-commune-12255","properties":{"id":"fr-commune-12255","name":"Salmiech","kind":"commune","center":[2.5851,44.1959],"code":"12255","department":"12"},"bbox":[2.52593,44.15906,2.64416,44.23278],"geometry":{"type":"Polygon","coordinates":[[[2.59769,44.22876],[2.59864,44.22945],[2.59926,44.23109],[2.60111,44.23038],[2.60286,44.22865],[2.60319,44.22677],[2.60581,44.22667],[2.60655,44.22595],[2.60611,44.22492],[2.6071,44.22378],[2.61106,44.22477],[2.61,44.22616],[2.61176,44.22715],[2.61326,44.22661],[2.61639,44.22858],[2.61925,44.22999],[2.61866,44.22806],[2.62033,44.22875],[2.62114,44.22771],[2.62001,44.22681],[2.62156,44.22616],[2.62206,44.22688],[2.62377,44.22711],[2.62524,44.22889],[2.62586,44.23072],[2.62486,44.23185],[2.6256,44.23278],[2.62953,44.23201],[2.63198,44.22994],[2.63101,44.2278],[2.63258,44.22534],[2.63493,44.22359],[2.63527,44.22258],[2.63687,44.22166],[2.63825,44.21812],[2.64032,44.21611],[2.64206,44.21486],[2.64244,44.21409],[2.64416,44.2134],[2.64363,44.21173],[2.64229,44.21193],[2.6404,44.21059],[2.63896,44.21056],[2.63871,44.20959],[2.63618,44.20765],[2.63513,44.20751],[2.63351,44.20823],[2.63273,44.20724],[2.6307,44.20707],[2.62975,44.20555],[2.62734,44.20374],[2.62588,44.20208],[2.62329,44.20228],[2.62066,44.20316],[2.61964,44.20107],[2.61746,44.20117],[2.61734,44.19917],[2.61116,44.19721],[2.60899,44.19592],[2.60538,44.19451],[2.60447,44.19344],[2.60513,44.19148],[2.60324,44.19105],[2.60511,44.18991],[2.60351,44.18918],[2.60333,44.18821],[2.60436,44.18716],[2.60151,44.18695],[2.60055,44.18614],[2.60048,44.18491],[2.5992,44.18463],[2.59821,44.18532],[2.59642,44.1853],[2.59537,44.18354],[2.59605,44.18159],[2.5981,44.1801],[2.59642,44.17827],[2.59688,44.17747],[2.59922,44.1756],[2.59922,44.17442],[2.60198,44.17303],[2.60354,44.17073],[2.60398,44.16877],[2.60129,44.16786],[2.5965,44.16795],[2.59475,44.17103],[2.59115,44.16795],[2.58809,44.16595],[2.58471,44.16416],[2.58207,44.1639],[2.57682,44.16282],[2.5747,44.16391],[2.57271,44.1654],[2.57171,44.16703],[2.57046,44.16703],[2.56914,44.16564],[2.56789,44.16532],[2.5653,44.16536],[2.5632,44.16339],[2.56288,44.16254],[2.5635,44.16083],[2.5584,44.1604],[2.55678,44.15936],[2.55544,44.15906],[2.55392,44.16075],[2.55287,44.16257],[2.55344,44.1655],[2.55074,44.16584],[2.55003,44.16674],[2.5466,44.16728],[2.54603,44.16795],[2.54366,44.16839],[2.54446,44.16933],[2.54528,44.17238],[2.54898,44.17566],[2.54673,44.17653],[2.54756,44.17836],[2.54701,44.17887],[2.54682,44.18061],[2.54588,44.18093],[2.54469,44.18287],[2.53987,44.18335],[2.54075,44.18139],[2.54019,44.17986],[2.53749,44.18104],[2.53793,44.18203],[2.5359,44.18505],[2.53454,44.18441],[2.5352,44.18345],[2.53436,44.18188],[2.53312,44.1815],[2.53113,44.18258],[2.52707,44.18339],[2.52593,44.18407],[2.52947,44.18536],[2.53257,44.18729],[2.5392,44.18928],[2.54192,44.19214],[2.54464,44.19406],[2.54321,44.19647],[2.54519,44.1975],[2.54726,44.19907],[2.54954,44.19977],[2.5513,44.19826],[2.55406,44.19769],[2.55943,44.19692],[2.56325,44.19538],[2.56531,44.1959],[2.56937,44.19582],[2.571,44.19523],[2.57534,44.19502],[2.57711,44.19627],[2.57758,44.19712],[2.57797,44.20086],[2.5798,44.20225],[2.58155,44.20249],[2.58442,44.20417],[2.59039,44.20636],[2.58953,44.20759],[2.59272,44.20825],[2.59341,44.20997],[2.59389,44.21306],[2.59495,44.21344],[2.59545,44.21518],[2.59469,44.21618],[2.59602,44.21819],[2.598,44.21991],[2.59924,44.22282],[2.59912,44.22428],[2.59799,44.22664],[2.59769,44.22876]]]}},{"type":"Feature","id":"fr-commune-12256","properties":{"id":"fr-commune-12256","name":"Salvagnac-Cajarc","kind":"commune","center":[1.8723,44.455],"code":"12256","department":"12"},"bbox":[1.83959,44.42259,1.90504,44.48743],"geometry":{"type":"Polygon","coordinates":[[[1.86158,44.48732],[1.86307,44.48698],[1.86931,44.48497],[1.872,44.48454],[1.87744,44.4841],[1.87882,44.4823],[1.87796,44.48198],[1.87768,44.48044],[1.87862,44.47699],[1.87918,44.47605],[1.8858,44.47526],[1.88638,44.47423],[1.88849,44.47326],[1.89029,44.47205],[1.89017,44.47133],[1.89551,44.46558],[1.8972,44.46249],[1.8941,44.46138],[1.89315,44.46055],[1.89212,44.45838],[1.89085,44.45692],[1.88929,44.45584],[1.88978,44.45442],[1.89089,44.45335],[1.89374,44.45283],[1.89633,44.45011],[1.89841,44.44965],[1.89989,44.44875],[1.89887,44.44682],[1.89882,44.44569],[1.8976,44.44492],[1.89798,44.44369],[1.89954,44.4429],[1.90158,44.44238],[1.90077,44.44012],[1.90079,44.43772],[1.90218,44.4352],[1.90457,44.43355],[1.90504,44.43178],[1.90377,44.42982],[1.9036,44.42876],[1.90102,44.42917],[1.89654,44.4288],[1.89097,44.42676],[1.88786,44.42629],[1.88517,44.42527],[1.8809,44.4231],[1.87821,44.42259],[1.87572,44.42348],[1.87522,44.42413],[1.87295,44.42417],[1.87079,44.42561],[1.8706,44.42656],[1.8684,44.42628],[1.86682,44.42839],[1.86461,44.43005],[1.86308,44.42913],[1.86146,44.43058],[1.85993,44.43126],[1.85889,44.4311],[1.85671,44.43191],[1.85554,44.43297],[1.85408,44.43316],[1.85319,44.4339],[1.85286,44.4353],[1.85192,44.4358],[1.8504,44.43541],[1.84972,44.43798],[1.85024,44.43887],[1.84954,44.43995],[1.85089,44.44154],[1.85061,44.44384],[1.84859,44.44378],[1.8482,44.44446],[1.84633,44.44481],[1.84592,44.44613],[1.84702,44.44836],[1.84813,44.44859],[1.84996,44.44996],[1.85177,44.44966],[1.85197,44.45062],[1.8507,44.45103],[1.85113,44.45218],[1.84951,44.45254],[1.84757,44.45245],[1.84789,44.45625],[1.84848,44.45779],[1.85012,44.45772],[1.85176,44.4571],[1.85177,44.45869],[1.85319,44.45978],[1.85279,44.46039],[1.85095,44.46087],[1.8507,44.46214],[1.85334,44.46283],[1.85157,44.46442],[1.85034,44.46474],[1.85022,44.46688],[1.84767,44.46753],[1.84753,44.46939],[1.84687,44.47039],[1.84186,44.47326],[1.83959,44.47591],[1.84074,44.4785],[1.84069,44.48066],[1.84215,44.48198],[1.84455,44.48293],[1.8521,44.4848],[1.8594,44.48743],[1.86158,44.48732]]]}},{"type":"Feature","id":"fr-commune-12257","properties":{"id":"fr-commune-12257","name":"Causse-et-Diège","kind":"commune","center":[2.0322,44.5249],"code":"12257","department":"12"},"bbox":[1.97937,44.49155,2.08509,44.55826],"geometry":{"type":"Polygon","coordinates":[[[2.06884,44.51333],[2.06659,44.51139],[2.06666,44.50898],[2.06627,44.50843],[2.06829,44.50707],[2.0669,44.50466],[2.06354,44.50112],[2.06255,44.4983],[2.06078,44.49807],[2.05798,44.4967],[2.05283,44.49309],[2.04946,44.49155],[2.04814,44.49278],[2.046,44.49364],[2.04347,44.49378],[2.04259,44.49418],[2.03899,44.49193],[2.03768,44.49282],[2.03574,44.49312],[2.03473,44.49277],[2.03333,44.49348],[2.03429,44.49591],[2.03433,44.49827],[2.03362,44.49965],[2.03161,44.50056],[2.02865,44.50144],[2.02663,44.50148],[2.02567,44.50205],[2.02221,44.50518],[2.01872,44.5063],[2.01955,44.50673],[2.02339,44.50768],[2.02558,44.50848],[2.02809,44.5075],[2.02958,44.50759],[2.03152,44.50713],[2.03254,44.51265],[2.02944,44.51307],[2.03001,44.51436],[2.02724,44.51503],[2.02573,44.51414],[2.02435,44.51429],[2.02182,44.51522],[2.01913,44.51693],[2.01587,44.51836],[2.01383,44.52077],[2.01013,44.52076],[2.0076,44.52212],[2.00675,44.52322],[2.00444,44.52512],[2.00069,44.52431],[1.99645,44.52462],[1.99619,44.52551],[1.99907,44.52813],[2.0012,44.52917],[2.00352,44.52981],[2.00693,44.53029],[2.00724,44.53213],[2.00548,44.53255],[2.00334,44.53465],[2.00157,44.53575],[2.00047,44.53748],[1.99819,44.53891],[1.99568,44.53816],[1.99365,44.53874],[1.98985,44.53888],[1.98826,44.53948],[1.98674,44.53889],[1.98529,44.53776],[1.98332,44.53858],[1.97937,44.54107],[1.98287,44.54502],[1.98426,44.54725],[1.98602,44.54948],[1.98735,44.55066],[1.99459,44.55371],[2.0003,44.556],[2.00428,44.55702],[2.00923,44.55679],[2.01354,44.55636],[2.01817,44.55549],[2.02089,44.55552],[2.02467,44.55663],[2.02807,44.55796],[2.02882,44.55826],[2.0312,44.55597],[2.03298,44.55728],[2.03488,44.55738],[2.03668,44.55665],[2.03919,44.55614],[2.03939,44.55358],[2.03809,44.55204],[2.03897,44.55166],[2.04101,44.55206],[2.04314,44.55123],[2.04314,44.54928],[2.04251,44.54782],[2.04321,44.54626],[2.04265,44.54558],[2.04321,44.54313],[2.04392,44.54257],[2.0465,44.54347],[2.04907,44.54369],[2.05145,44.54352],[2.0519,44.54258],[2.05475,44.54038],[2.05495,44.5393],[2.05809,44.53977],[2.06193,44.53977],[2.06455,44.54062],[2.06764,44.54037],[2.06997,44.53943],[2.07161,44.53914],[2.07552,44.53734],[2.07697,44.53577],[2.07956,44.53553],[2.08027,44.53686],[2.08332,44.5369],[2.08436,44.53443],[2.08509,44.53378],[2.08328,44.53347],[2.08259,44.53534],[2.08059,44.53486],[2.08103,44.53302],[2.08197,44.53211],[2.08002,44.53095],[2.08084,44.52974],[2.07931,44.52856],[2.07787,44.52847],[2.07753,44.5295],[2.07417,44.52801],[2.07324,44.52636],[2.07082,44.52595],[2.07105,44.52318],[2.06879,44.5225],[2.06434,44.52292],[2.06379,44.51804],[2.06769,44.51638],[2.06675,44.51566],[2.06753,44.51436],[2.06884,44.51333]]]}},{"type":"Feature","id":"fr-commune-12258","properties":{"id":"fr-commune-12258","name":"La Salvetat-Peyralès","kind":"commune","center":[2.1986,44.2228],"code":"12258","department":"12"},"bbox":[2.14927,44.16203,2.24788,44.28333],"geometry":{"type":"Polygon","coordinates":[[[2.14927,44.2006],[2.15151,44.20219],[2.15272,44.20415],[2.1522,44.20608],[2.15327,44.20724],[2.1554,44.20816],[2.15622,44.20933],[2.156,44.21032],[2.16189,44.20936],[2.16275,44.21114],[2.16545,44.21333],[2.16466,44.21489],[2.16264,44.21493],[2.1621,44.21631],[2.16065,44.2163],[2.15994,44.21698],[2.1613,44.21772],[2.16364,44.21764],[2.16566,44.21938],[2.16428,44.21947],[2.16463,44.22252],[2.16634,44.22483],[2.16848,44.22449],[2.17292,44.22441],[2.17539,44.22475],[2.17637,44.22578],[2.17545,44.22678],[2.17515,44.22868],[2.17664,44.23115],[2.17779,44.23145],[2.17832,44.23275],[2.17723,44.23369],[2.17754,44.23562],[2.17863,44.23646],[2.17827,44.23725],[2.17939,44.2391],[2.18012,44.24152],[2.17979,44.2443],[2.17833,44.2465],[2.17661,44.24421],[2.17352,44.24104],[2.17172,44.24358],[2.16973,44.24375],[2.16804,44.24511],[2.16485,44.24391],[2.16208,44.24374],[2.16065,44.24296],[2.15877,44.24332],[2.15987,44.24431],[2.15905,44.24509],[2.16114,44.24555],[2.16097,44.24834],[2.16003,44.24986],[2.16086,44.25121],[2.16143,44.25332],[2.16072,44.25361],[2.16259,44.25402],[2.16389,44.25508],[2.16401,44.25663],[2.16279,44.2576],[2.16516,44.25797],[2.16465,44.25948],[2.16706,44.25934],[2.16592,44.26104],[2.16853,44.26145],[2.16878,44.26216],[2.1721,44.26333],[2.17225,44.26571],[2.17328,44.26642],[2.17327,44.26737],[2.17529,44.268],[2.17512,44.26952],[2.17643,44.27067],[2.17895,44.27116],[2.18123,44.27125],[2.18268,44.27425],[2.18209,44.2754],[2.18082,44.2754],[2.18,44.27662],[2.18067,44.27786],[2.18282,44.27804],[2.183,44.2788],[2.18554,44.27881],[2.18858,44.27994],[2.19247,44.28189],[2.19386,44.28333],[2.1963,44.28333],[2.19731,44.28221],[2.19959,44.28272],[2.20176,44.27938],[2.20096,44.27889],[2.1998,44.27641],[2.1975,44.2739],[2.19716,44.27297],[2.19772,44.27008],[2.19556,44.26748],[2.19331,44.2674],[2.19317,44.26628],[2.19157,44.26562],[2.19127,44.26424],[2.1928,44.26235],[2.19184,44.26092],[2.19134,44.25866],[2.19226,44.25648],[2.19387,44.25585],[2.19432,44.25448],[2.19546,44.25353],[2.19643,44.25425],[2.19812,44.25442],[2.19713,44.25549],[2.1986,44.25603],[2.20077,44.25545],[2.20235,44.25641],[2.20519,44.25641],[2.20727,44.25704],[2.21019,44.25717],[2.21183,44.25567],[2.21289,44.25642],[2.2148,44.255],[2.216,44.25628],[2.21803,44.25697],[2.22147,44.25763],[2.22329,44.25865],[2.22466,44.2601],[2.22817,44.26055],[2.22998,44.26163],[2.23319,44.26202],[2.23515,44.26323],[2.23629,44.26247],[2.23629,44.26075],[2.23772,44.26022],[2.23859,44.25861],[2.23983,44.25497],[2.23908,44.2544],[2.23923,44.25294],[2.24062,44.25142],[2.24069,44.25016],[2.24348,44.24714],[2.24401,44.24613],[2.24557,44.24503],[2.24654,44.24508],[2.2472,44.24443],[2.24656,44.24278],[2.24737,44.24195],[2.24686,44.24024],[2.2478,44.23896],[2.24702,44.23444],[2.24788,44.23214],[2.24711,44.23076],[2.2446,44.23063],[2.24324,44.23088],[2.24133,44.23023],[2.24158,44.22705],[2.23991,44.2274],[2.2391,44.22808],[2.23657,44.2275],[2.23627,44.2256],[2.23393,44.22413],[2.23579,44.22192],[2.23374,44.22153],[2.23329,44.22034],[2.23022,44.21954],[2.22908,44.21797],[2.22736,44.2177],[2.22754,44.21639],[2.22623,44.21628],[2.22375,44.21508],[2.22349,44.21274],[2.2222,44.21177],[2.22462,44.21108],[2.22449,44.21041],[2.21987,44.21032],[2.21934,44.20911],[2.21715,44.20767],[2.21901,44.20712],[2.21916,44.20538],[2.21836,44.20485],[2.21938,44.20336],[2.21903,44.20199],[2.2204,44.20131],[2.21917,44.19892],[2.21687,44.1959],[2.21611,44.19405],[2.21722,44.19276],[2.21815,44.19349],[2.21998,44.19168],[2.21842,44.18965],[2.21884,44.18909],[2.21765,44.18813],[2.21918,44.18765],[2.2189,44.18626],[2.21723,44.18647],[2.21658,44.18578],[2.21857,44.18506],[2.21979,44.18317],[2.21937,44.18101],[2.21804,44.17968],[2.21918,44.17753],[2.21843,44.17634],[2.21717,44.17776],[2.21305,44.17814],[2.21392,44.17679],[2.21163,44.17478],[2.2101,44.17479],[2.20559,44.17558],[2.20435,44.17364],[2.20437,44.17173],[2.2053,44.17067],[2.20448,44.16951],[2.20177,44.16886],[2.20238,44.1665],[2.19927,44.16542],[2.19851,44.16432],[2.19717,44.164],[2.19666,44.16231],[2.19396,44.16253],[2.19197,44.16203],[2.19016,44.16332],[2.1893,44.16498],[2.1868,44.16658],[2.18568,44.16921],[2.18426,44.17001],[2.18253,44.17012],[2.18076,44.17072],[2.18059,44.17237],[2.18239,44.1743],[2.18273,44.17564],[2.18262,44.17768],[2.18133,44.17866],[2.17684,44.1797],[2.17558,44.18087],[2.17449,44.18095],[2.17032,44.18034],[2.16498,44.17832],[2.16123,44.17849],[2.15798,44.17917],[2.15533,44.18048],[2.15403,44.18145],[2.15423,44.18309],[2.15782,44.18611],[2.15881,44.1865],[2.16156,44.18657],[2.16217,44.18751],[2.16043,44.18895],[2.15672,44.1899],[2.15415,44.18969],[2.15187,44.19038],[2.15069,44.19165],[2.15289,44.19529],[2.15332,44.19685],[2.15258,44.198],[2.1511,44.19859],[2.14927,44.2006]]]}},{"type":"Feature","id":"fr-commune-12259","properties":{"id":"fr-commune-12259","name":"Sanvensa","kind":"commune","center":[2.0434,44.281],"code":"12259","department":"12"},"bbox":[2.00192,44.25129,2.08504,44.31075],"geometry":{"type":"Polygon","coordinates":[[[2.08504,44.29926],[2.082,44.29788],[2.08125,44.29706],[2.07992,44.29718],[2.07954,44.29506],[2.0786,44.29272],[2.07669,44.29259],[2.07666,44.2907],[2.07617,44.28756],[2.07676,44.28701],[2.07597,44.28592],[2.07412,44.28524],[2.07329,44.28393],[2.07113,44.28532],[2.07044,44.28459],[2.07059,44.28284],[2.06966,44.28242],[2.06976,44.27942],[2.07009,44.27867],[2.06634,44.27795],[2.06613,44.27634],[2.06525,44.27484],[2.06539,44.27387],[2.06689,44.27214],[2.06589,44.27013],[2.06373,44.26716],[2.06038,44.26638],[2.05747,44.26789],[2.05131,44.27049],[2.05045,44.27051],[2.04478,44.2669],[2.03901,44.26564],[2.03965,44.26398],[2.03912,44.26243],[2.03733,44.26119],[2.03735,44.2585],[2.03786,44.25729],[2.03732,44.25502],[2.03517,44.25556],[2.03365,44.25553],[2.02831,44.2581],[2.02766,44.25349],[2.02451,44.25322],[2.02301,44.25368],[2.02007,44.25319],[2.01623,44.25195],[2.01535,44.2513],[2.01388,44.25129],[2.0106,44.25251],[2.00917,44.25441],[2.00664,44.25564],[2.00672,44.2564],[2.0079,44.25669],[2.0086,44.25812],[2.0076,44.25964],[2.00432,44.26014],[2.00192,44.26121],[2.00205,44.26246],[2.00506,44.26384],[2.00629,44.26539],[2.00661,44.26652],[2.00998,44.26742],[2.01301,44.26695],[2.0132,44.26864],[2.01191,44.27166],[2.01134,44.27192],[2.0128,44.27441],[2.01169,44.27461],[2.01301,44.27658],[2.01252,44.278],[2.0141,44.28176],[2.01369,44.28229],[2.01009,44.28343],[2.00995,44.285],[2.00738,44.28638],[2.00795,44.28733],[2.00764,44.28896],[2.00773,44.29138],[2.00825,44.29263],[2.01048,44.29556],[2.01259,44.29701],[2.0107,44.2999],[2.0108,44.30092],[2.01351,44.30056],[2.01392,44.30264],[2.01633,44.30322],[2.01618,44.30454],[2.01751,44.30566],[2.01778,44.3053],[2.02085,44.30465],[2.02205,44.30539],[2.02447,44.30559],[2.02763,44.30505],[2.03329,44.30597],[2.03481,44.30766],[2.03689,44.30902],[2.03998,44.30944],[2.04375,44.30863],[2.04776,44.3088],[2.05054,44.31075],[2.06014,44.30825],[2.06799,44.30929],[2.07061,44.30832],[2.07246,44.30681],[2.07502,44.30595],[2.0765,44.30425],[2.078,44.30373],[2.07916,44.30193],[2.08504,44.29926]]]}},{"type":"Feature","id":"fr-commune-12260","properties":{"id":"fr-commune-12260","name":"Sauclières","kind":"commune","center":[3.3829,43.9794],"code":"12260","department":"12"},"bbox":[3.31413,43.93567,3.45176,44.02315],"geometry":{"type":"Polygon","coordinates":[[[3.35152,44.00976],[3.3534,44.00879],[3.3571,44.00803],[3.35859,44.00612],[3.36061,44.00495],[3.36414,43.99955],[3.36624,43.99836],[3.36817,43.9947],[3.37036,43.99361],[3.37121,43.9928],[3.37495,43.99041],[3.37648,43.98975],[3.37838,43.99136],[3.38487,43.99424],[3.38473,43.99752],[3.38773,43.99842],[3.39042,44.00119],[3.3925,44.00224],[3.39475,44.00137],[3.39579,44.00204],[3.39693,44.00491],[3.40094,44.00685],[3.4024,44.00693],[3.40447,44.00631],[3.40629,44.00677],[3.40852,44.00613],[3.41086,44.00678],[3.414,44.00979],[3.41621,44.01126],[3.41735,44.01368],[3.41819,44.01465],[3.4216,44.0144],[3.42305,44.01381],[3.42386,44.01452],[3.4274,44.01568],[3.42898,44.01498],[3.43381,44.01527],[3.43518,44.01477],[3.43712,44.01594],[3.43783,44.01938],[3.44043,44.02049],[3.4462,44.02154],[3.44981,44.02315],[3.45081,44.02255],[3.45176,44.02181],[3.45076,44.02079],[3.44842,44.01965],[3.44808,44.01625],[3.44911,44.01518],[3.44927,44.01152],[3.44698,44.00978],[3.44646,44.00877],[3.44592,44.00617],[3.44595,44.0048],[3.44384,44.00282],[3.44283,44.00129],[3.44017,43.99813],[3.43583,43.99751],[3.43139,43.99663],[3.42969,43.99695],[3.42619,43.9961],[3.42466,43.99472],[3.42212,43.99402],[3.42025,43.99404],[3.41789,43.99291],[3.4164,43.98817],[3.41649,43.98651],[3.41508,43.98472],[3.41334,43.98326],[3.41118,43.98202],[3.41019,43.97858],[3.40824,43.97701],[3.40842,43.97572],[3.40775,43.97453],[3.40564,43.97263],[3.40519,43.97173],[3.40586,43.96974],[3.40408,43.96965],[3.40034,43.96815],[3.38924,43.96705],[3.3845,43.9675],[3.37736,43.96751],[3.37671,43.9631],[3.37702,43.9602],[3.37565,43.95595],[3.36527,43.95228],[3.36265,43.95191],[3.36157,43.95134],[3.35898,43.95114],[3.35879,43.95013],[3.35659,43.94882],[3.35683,43.94783],[3.35459,43.94428],[3.35391,43.94124],[3.35269,43.93976],[3.35129,43.93872],[3.35144,43.93759],[3.3479,43.93714],[3.34101,43.93567],[3.33859,43.93568],[3.33615,43.9367],[3.33163,43.93898],[3.33061,43.94008],[3.32464,43.94207],[3.32264,43.94236],[3.32082,43.9439],[3.31738,43.94496],[3.31553,43.94647],[3.31413,43.94838],[3.31472,43.94916],[3.31651,43.94961],[3.32128,43.94993],[3.32499,43.95096],[3.32776,43.9524],[3.32828,43.95314],[3.33186,43.95575],[3.33541,43.95709],[3.33757,43.95883],[3.33789,43.96001],[3.33937,43.96117],[3.34115,43.96374],[3.34018,43.96588],[3.33893,43.96703],[3.33732,43.96785],[3.33781,43.96896],[3.33242,43.96955],[3.33052,43.9704],[3.32872,43.97176],[3.32807,43.97287],[3.32764,43.97608],[3.32828,43.98109],[3.32761,43.98161],[3.32632,43.98467],[3.32536,43.98617],[3.33349,43.98753],[3.33471,43.98787],[3.3332,43.9902],[3.33163,43.99164],[3.3324,43.99296],[3.33378,43.99279],[3.33451,43.99448],[3.33794,43.99306],[3.34225,43.99161],[3.34412,43.99036],[3.34548,43.99037],[3.34889,43.99332],[3.35113,43.99447],[3.34862,43.99589],[3.35037,43.99901],[3.35293,44.0005],[3.35215,44.00368],[3.35082,44.00472],[3.35015,44.00793],[3.35152,44.00976]]]}},{"type":"Feature","id":"fr-commune-12261","properties":{"id":"fr-commune-12261","name":"Saujac","kind":"commune","center":[1.9022,44.4767],"code":"12261","department":"12"},"bbox":[1.87744,44.44766,1.927,44.50583],"geometry":{"type":"Polygon","coordinates":[[[1.88791,44.5048],[1.88893,44.5057],[1.89018,44.50583],[1.89599,44.50528],[1.89933,44.50457],[1.90166,44.50375],[1.90335,44.5027],[1.90548,44.50071],[1.9064,44.49809],[1.90538,44.4956],[1.90536,44.49322],[1.90683,44.49077],[1.908,44.48828],[1.9096,44.48691],[1.91277,44.48561],[1.91462,44.48567],[1.9165,44.48628],[1.91855,44.48408],[1.91997,44.48055],[1.92288,44.47569],[1.9261,44.47294],[1.92649,44.47164],[1.92251,44.47074],[1.91747,44.46994],[1.91742,44.46751],[1.91788,44.46176],[1.91877,44.46036],[1.92528,44.45415],[1.92678,44.45064],[1.927,44.44884],[1.92464,44.44766],[1.92335,44.44911],[1.92297,44.45026],[1.91916,44.4535],[1.91714,44.45482],[1.91168,44.45716],[1.91052,44.45813],[1.90923,44.45748],[1.90747,44.45778],[1.90358,44.45502],[1.90078,44.4555],[1.89809,44.45537],[1.89436,44.45781],[1.89212,44.45838],[1.89315,44.46055],[1.8941,44.46138],[1.8972,44.46249],[1.89551,44.46558],[1.89017,44.47133],[1.89029,44.47205],[1.88849,44.47326],[1.88638,44.47423],[1.8858,44.47526],[1.87918,44.47605],[1.87862,44.47699],[1.87768,44.48044],[1.87796,44.48198],[1.87882,44.4823],[1.87744,44.4841],[1.88236,44.48398],[1.88422,44.48452],[1.88525,44.48662],[1.88515,44.48937],[1.88386,44.49744],[1.88505,44.50138],[1.88616,44.50322],[1.88791,44.5048]]]}},{"type":"Feature","id":"fr-commune-12262","properties":{"id":"fr-commune-12262","name":"Sauveterre-de-Rouergue","kind":"commune","center":[2.3151,44.2503],"code":"12262","department":"12"},"bbox":[2.28529,44.20889,2.34451,44.29067],"geometry":{"type":"Polygon","coordinates":[[[2.29704,44.21227],[2.2947,44.2142],[2.29371,44.21581],[2.29132,44.21662],[2.28838,44.21797],[2.28688,44.21819],[2.28602,44.21895],[2.28529,44.22009],[2.28533,44.22116],[2.28677,44.22214],[2.28913,44.22232],[2.28919,44.22334],[2.28793,44.22476],[2.29143,44.22619],[2.28971,44.22809],[2.29023,44.22894],[2.29205,44.22817],[2.29301,44.23016],[2.29225,44.23155],[2.28945,44.23266],[2.29011,44.23331],[2.28938,44.235],[2.2905,44.23654],[2.29228,44.23579],[2.29351,44.23769],[2.29184,44.23827],[2.29179,44.24015],[2.29225,44.24102],[2.29027,44.24207],[2.28908,44.24385],[2.28713,44.24466],[2.28752,44.24618],[2.28945,44.24505],[2.29179,44.24537],[2.29104,44.24671],[2.29089,44.24877],[2.29286,44.25009],[2.29315,44.25154],[2.29171,44.25253],[2.29119,44.25398],[2.29236,44.25571],[2.29322,44.25655],[2.29217,44.2572],[2.29269,44.25874],[2.2942,44.25974],[2.29581,44.25713],[2.29909,44.25586],[2.30156,44.25629],[2.30275,44.25931],[2.30175,44.26082],[2.30354,44.26349],[2.30402,44.26523],[2.30553,44.26576],[2.30529,44.26746],[2.3074,44.2691],[2.3074,44.27059],[2.30841,44.27161],[2.30881,44.27309],[2.31077,44.27293],[2.31041,44.27437],[2.31131,44.27568],[2.30995,44.27718],[2.30999,44.27969],[2.31133,44.27976],[2.31228,44.28074],[2.31046,44.28297],[2.31051,44.28421],[2.31264,44.28544],[2.31315,44.28628],[2.31212,44.28709],[2.31372,44.28842],[2.31277,44.28998],[2.31293,44.29067],[2.31644,44.28902],[2.31672,44.28826],[2.31932,44.28677],[2.3223,44.28718],[2.32407,44.28714],[2.32668,44.28624],[2.33003,44.28615],[2.33231,44.28497],[2.33589,44.28527],[2.33726,44.28587],[2.34057,44.28584],[2.34347,44.28465],[2.34299,44.28323],[2.34329,44.2809],[2.34099,44.28116],[2.33959,44.27979],[2.33906,44.27775],[2.33956,44.27653],[2.33887,44.27433],[2.33778,44.27243],[2.33611,44.27098],[2.33656,44.26914],[2.33644,44.26747],[2.33409,44.26399],[2.33446,44.26198],[2.33384,44.26072],[2.33267,44.26015],[2.33252,44.25811],[2.33285,44.25683],[2.33471,44.25441],[2.33451,44.25286],[2.33399,44.25174],[2.33475,44.25089],[2.33426,44.24984],[2.33276,44.24936],[2.33352,44.24798],[2.33121,44.24598],[2.32969,44.24525],[2.32988,44.24345],[2.32803,44.24149],[2.32847,44.24063],[2.32692,44.24014],[2.3259,44.23912],[2.32671,44.23824],[2.32714,44.23672],[2.32707,44.23443],[2.32574,44.23354],[2.32702,44.23302],[2.32698,44.23037],[2.32772,44.22921],[2.32646,44.22823],[2.32494,44.22635],[2.32708,44.22602],[2.32738,44.22482],[2.32923,44.22533],[2.32988,44.22431],[2.32855,44.22359],[2.32858,44.22245],[2.33101,44.22354],[2.33107,44.22424],[2.33314,44.22548],[2.33412,44.22698],[2.33636,44.22724],[2.33631,44.22823],[2.3382,44.22813],[2.34109,44.22964],[2.34383,44.22923],[2.34451,44.22767],[2.34353,44.22468],[2.34239,44.22556],[2.34055,44.22448],[2.34038,44.22325],[2.33725,44.22323],[2.33436,44.22217],[2.33223,44.22242],[2.33175,44.22133],[2.32963,44.21876],[2.32797,44.21599],[2.32764,44.21474],[2.32532,44.21345],[2.31946,44.21176],[2.31886,44.21104],[2.31707,44.21046],[2.31615,44.21032],[2.31411,44.20889],[2.31157,44.20998],[2.31098,44.21344],[2.30642,44.21496],[2.30481,44.21415],[2.303,44.21387],[2.29988,44.21203],[2.29832,44.21068],[2.29704,44.21227]]]}},{"type":"Feature","id":"fr-commune-12263","properties":{"id":"fr-commune-12263","name":"Savignac","kind":"commune","center":[1.9596,44.3616],"code":"12263","department":"12"},"bbox":[1.933,44.3358,1.98619,44.38748],"geometry":{"type":"Polygon","coordinates":[[[1.96064,44.38399],[1.96063,44.38292],[1.96246,44.38164],[1.96528,44.38017],[1.96711,44.37885],[1.97253,44.37647],[1.97196,44.37553],[1.97234,44.37355],[1.97328,44.37184],[1.97599,44.37143],[1.97875,44.37033],[1.97985,44.37062],[1.98086,44.36913],[1.98418,44.36716],[1.98548,44.3647],[1.98611,44.3623],[1.98582,44.36009],[1.98338,44.3574],[1.98254,44.35598],[1.9843,44.35328],[1.98563,44.35225],[1.98619,44.35116],[1.98555,44.34891],[1.98034,44.34736],[1.97805,44.34641],[1.97649,44.34336],[1.9757,44.34263],[1.9729,44.34566],[1.96995,44.34522],[1.96732,44.34573],[1.96657,44.34498],[1.96524,44.34548],[1.96451,44.34457],[1.9631,44.34513],[1.96258,44.34373],[1.95963,44.34306],[1.96021,44.34133],[1.96219,44.34048],[1.95944,44.33934],[1.96088,44.33602],[1.9581,44.3358],[1.95276,44.33758],[1.95097,44.3387],[1.94923,44.33738],[1.94531,44.33828],[1.94251,44.33987],[1.93968,44.34099],[1.93901,44.34201],[1.94046,44.34319],[1.94027,44.34462],[1.94103,44.34657],[1.93806,44.34796],[1.93677,44.34719],[1.93438,44.34743],[1.93386,44.34952],[1.93541,44.35138],[1.93716,44.35279],[1.93576,44.35538],[1.93437,44.35619],[1.933,44.35802],[1.93428,44.35822],[1.93667,44.35972],[1.93528,44.36383],[1.93477,44.36456],[1.93446,44.36816],[1.93604,44.36855],[1.93966,44.37232],[1.94133,44.3755],[1.94326,44.37626],[1.94529,44.37868],[1.9483,44.38124],[1.94873,44.38421],[1.95073,44.38748],[1.95739,44.38491],[1.95889,44.3849],[1.96064,44.38399]]]}},{"type":"Feature","id":"fr-commune-12264","properties":{"id":"fr-commune-12264","name":"Sébazac-Concourès","kind":"commune","center":[2.5869636444972057,44.416587938017805],"code":"12264","department":"12"},"bbox":[2.55044,44.39176,2.68068,44.45544],"geometry":{"type":"MultiPolygon","coordinates":[[[[2.56235,44.40912],[2.56254,44.41204],[2.56317,44.4135],[2.56164,44.41428],[2.56152,44.41572],[2.56341,44.41609],[2.56384,44.41709],[2.56554,44.41746],[2.56398,44.41873],[2.56129,44.4187],[2.55842,44.41912],[2.55448,44.42025],[2.55423,44.42237],[2.55272,44.42241],[2.55324,44.4245],[2.55044,44.42479],[2.5524,44.42785],[2.55316,44.42952],[2.55485,44.42933],[2.55548,44.43023],[2.55757,44.43009],[2.56403,44.43008],[2.56635,44.42864],[2.56623,44.4307],[2.5651,44.43179],[2.56499,44.43381],[2.56449,44.43525],[2.56475,44.43687],[2.56644,44.43619],[2.56745,44.43737],[2.56977,44.43787],[2.57347,44.43622],[2.57475,44.43622],[2.57486,44.43458],[2.5777,44.43338],[2.57929,44.43552],[2.58021,44.43867],[2.58033,44.44258],[2.58355,44.44259],[2.58442,44.44034],[2.58642,44.43831],[2.58855,44.43713],[2.58973,44.43579],[2.59096,44.43576],[2.59474,44.4347],[2.59774,44.43444],[2.59896,44.43245],[2.60079,44.43243],[2.60862,44.43393],[2.60729,44.42701],[2.60696,44.42369],[2.60984,44.4239],[2.6187,44.42343],[2.61602,44.42051],[2.61573,44.41832],[2.61503,44.41651],[2.61665,44.41403],[2.61651,44.41201],[2.61511,44.40773],[2.61459,44.40423],[2.61519,44.40276],[2.61265,44.40062],[2.61106,44.4006],[2.60759,44.39889],[2.60401,44.3956],[2.60201,44.39438],[2.59628,44.39494],[2.5968,44.3937],[2.59659,44.39196],[2.59589,44.39176],[2.5935,44.3924],[2.59431,44.39477],[2.59287,44.39487],[2.59256,44.39627],[2.59138,44.39824],[2.58979,44.39645],[2.58872,44.39472],[2.58766,44.39595],[2.58487,44.39718],[2.58481,44.39795],[2.5823,44.39836],[2.58054,44.3967],[2.57871,44.3967],[2.57826,44.39572],[2.57603,44.39595],[2.57606,44.39466],[2.57469,44.39487],[2.57343,44.39318],[2.5696,44.39389],[2.56635,44.39549],[2.56594,44.39682],[2.571,44.3991],[2.57245,44.39905],[2.57346,44.4013],[2.57497,44.40257],[2.57278,44.40351],[2.57278,44.40441],[2.57185,44.4059],[2.56985,44.40734],[2.56797,44.40825],[2.56576,44.40794],[2.56235,44.40912]]],[[[2.64076,44.42833],[2.6423,44.43033],[2.64078,44.43113],[2.63829,44.43314],[2.63715,44.4333],[2.63537,44.43448],[2.63126,44.4379],[2.63261,44.44275],[2.63324,44.44369],[2.63613,44.44519],[2.6375,44.44661],[2.63904,44.44903],[2.64198,44.45081],[2.64263,44.4518],[2.6449,44.45104],[2.64604,44.45185],[2.64694,44.45544],[2.64987,44.45298],[2.65145,44.45121],[2.65308,44.45281],[2.65529,44.45196],[2.65432,44.45008],[2.65661,44.44998],[2.65735,44.44855],[2.65989,44.44922],[2.66212,44.44791],[2.66373,44.44744],[2.66762,44.4472],[2.67265,44.44296],[2.67445,44.44218],[2.67639,44.44212],[2.67824,44.44046],[2.68068,44.43961],[2.67653,44.43448],[2.6704,44.42716],[2.66885,44.42495],[2.66696,44.42346],[2.66084,44.41861],[2.65897,44.41773],[2.6509,44.41504],[2.65012,44.41687],[2.64841,44.4191],[2.64685,44.41986],[2.64386,44.42022],[2.64279,44.42166],[2.64308,44.42324],[2.64194,44.42589],[2.64209,44.42635],[2.64076,44.42833]]]]}},{"type":"Feature","id":"fr-commune-12265","properties":{"id":"fr-commune-12265","name":"Sébrazac","kind":"commune","center":[2.6577,44.5358],"code":"12265","department":"12"},"bbox":[2.60371,44.50415,2.71175,44.56746],"geometry":{"type":"Polygon","coordinates":[[[2.66645,44.5057],[2.66597,44.50612],[2.66356,44.50466],[2.66118,44.50415],[2.65845,44.50501],[2.65946,44.50633],[2.66093,44.51001],[2.66017,44.51138],[2.65779,44.51214],[2.65551,44.51361],[2.65432,44.51323],[2.65245,44.51189],[2.65106,44.51272],[2.65015,44.51462],[2.65017,44.51565],[2.65183,44.51712],[2.64932,44.51853],[2.6502,44.51996],[2.64999,44.5215],[2.6487,44.52296],[2.64719,44.5224],[2.64554,44.5227],[2.64443,44.518],[2.64427,44.51494],[2.64305,44.51325],[2.64223,44.50914],[2.64225,44.50809],[2.63944,44.50919],[2.63878,44.50804],[2.63715,44.50971],[2.63631,44.51211],[2.63469,44.51297],[2.63223,44.51738],[2.63295,44.5198],[2.63422,44.52097],[2.63454,44.52367],[2.63605,44.52418],[2.6353,44.52613],[2.63056,44.52855],[2.62782,44.52754],[2.62543,44.52967],[2.62346,44.53215],[2.62175,44.53534],[2.621,44.53487],[2.61862,44.53103],[2.61361,44.53243],[2.61232,44.53437],[2.6122,44.53496],[2.60961,44.5369],[2.6094,44.53794],[2.60822,44.53831],[2.60695,44.53955],[2.60371,44.53979],[2.60389,44.54111],[2.60804,44.54195],[2.60923,44.54176],[2.61391,44.54175],[2.61556,44.5425],[2.61667,44.54247],[2.62123,44.54384],[2.62476,44.5465],[2.62483,44.5478],[2.62979,44.54693],[2.63062,44.54832],[2.62843,44.54977],[2.62372,44.55185],[2.61952,44.55446],[2.6197,44.55598],[2.62348,44.55605],[2.62472,44.55693],[2.62648,44.55739],[2.62881,44.55714],[2.63159,44.5574],[2.63343,44.55785],[2.6342,44.55935],[2.63821,44.56218],[2.63936,44.56208],[2.64172,44.56105],[2.64428,44.56136],[2.64591,44.56262],[2.64718,44.56276],[2.65006,44.56377],[2.65284,44.56424],[2.65379,44.56557],[2.65577,44.56473],[2.65798,44.56511],[2.66039,44.56735],[2.66166,44.56746],[2.66211,44.56565],[2.66082,44.56364],[2.66083,44.56145],[2.66197,44.55659],[2.66513,44.55229],[2.66658,44.54939],[2.66653,44.54802],[2.66776,44.54723],[2.67025,44.54756],[2.67112,44.54806],[2.67037,44.55137],[2.67063,44.55272],[2.67342,44.55302],[2.6755,44.55158],[2.67762,44.55083],[2.67911,44.54936],[2.68054,44.54891],[2.68426,44.5499],[2.68755,44.54998],[2.68875,44.54928],[2.68841,44.54772],[2.68692,44.54711],[2.68446,44.5467],[2.68228,44.54588],[2.68221,44.54535],[2.68775,44.54418],[2.69065,44.54335],[2.69412,44.54323],[2.69521,44.5437],[2.69905,44.54347],[2.70137,44.54364],[2.70409,44.54349],[2.70742,44.54279],[2.70954,44.5428],[2.71161,44.54336],[2.71175,44.54138],[2.70958,44.53927],[2.71123,44.53759],[2.7109,44.53599],[2.70744,44.53528],[2.70428,44.53344],[2.70284,44.53313],[2.70011,44.53125],[2.69935,44.53107],[2.69647,44.53257],[2.69597,44.53506],[2.69511,44.53718],[2.69353,44.53852],[2.69119,44.53595],[2.68997,44.53505],[2.68994,44.5339],[2.69075,44.53236],[2.68843,44.53094],[2.68963,44.52888],[2.68383,44.5273],[2.68384,44.52607],[2.68339,44.52587],[2.67778,44.52545],[2.67547,44.52429],[2.67347,44.52195],[2.67288,44.52072],[2.67149,44.51935],[2.67046,44.51898],[2.6698,44.51758],[2.67031,44.51562],[2.6695,44.51253],[2.66992,44.50856],[2.6674,44.50701],[2.66645,44.5057]]]}},{"type":"Feature","id":"fr-commune-12266","properties":{"id":"fr-commune-12266","name":"Ségur","kind":"commune","center":[2.834,44.2879],"code":"12266","department":"12"},"bbox":[2.76361,44.23389,2.90445,44.34197],"geometry":{"type":"Polygon","coordinates":[[[2.90445,44.32747],[2.9005,44.32865],[2.8994,44.32986],[2.89521,44.33036],[2.89465,44.32957],[2.89295,44.32889],[2.8904,44.32852],[2.88951,44.32804],[2.88385,44.32659],[2.88539,44.32561],[2.88981,44.32345],[2.89178,44.32331],[2.89501,44.32139],[2.89713,44.32054],[2.89861,44.31792],[2.89512,44.31742],[2.89133,44.31653],[2.88417,44.3166],[2.88241,44.31549],[2.88301,44.31493],[2.88556,44.31028],[2.88608,44.30601],[2.88452,44.30446],[2.88341,44.30176],[2.88416,44.30131],[2.88663,44.30193],[2.88883,44.30163],[2.88921,44.30027],[2.88901,44.29853],[2.89059,44.29627],[2.88922,44.29587],[2.88877,44.29701],[2.88542,44.29585],[2.88333,44.29557],[2.88282,44.29461],[2.88434,44.29249],[2.88418,44.2912],[2.88456,44.28897],[2.88404,44.28775],[2.88422,44.28649],[2.88261,44.28675],[2.88257,44.28514],[2.88309,44.28404],[2.88262,44.28203],[2.88484,44.27999],[2.88612,44.27633],[2.8845,44.27341],[2.88173,44.27142],[2.88202,44.26894],[2.87977,44.26256],[2.88357,44.2615],[2.88494,44.26158],[2.88577,44.26037],[2.88043,44.25833],[2.88176,44.25675],[2.87946,44.2567],[2.87608,44.25623],[2.87335,44.25386],[2.87339,44.24949],[2.87363,44.24818],[2.87211,44.24796],[2.8711,44.24662],[2.86986,44.24415],[2.87052,44.24357],[2.87378,44.24472],[2.8752,44.24314],[2.8744,44.24174],[2.87171,44.24256],[2.87038,44.24261],[2.86576,44.2421],[2.86275,44.23945],[2.86371,44.23766],[2.86344,44.23689],[2.85903,44.23389],[2.85442,44.23589],[2.84961,44.23704],[2.84892,44.23759],[2.8467,44.2367],[2.84504,44.23701],[2.84004,44.23718],[2.83907,44.23697],[2.83706,44.23743],[2.83551,44.2368],[2.83145,44.23654],[2.83185,44.23901],[2.82949,44.24029],[2.82581,44.24106],[2.82443,44.24082],[2.82398,44.24295],[2.82619,44.24453],[2.82739,44.24497],[2.82959,44.24654],[2.83098,44.24694],[2.82834,44.24807],[2.82164,44.24718],[2.8242,44.25054],[2.82232,44.25219],[2.82473,44.2577],[2.82259,44.26115],[2.82086,44.26278],[2.81878,44.26349],[2.81891,44.26477],[2.8183,44.26594],[2.81412,44.26955],[2.81217,44.27211],[2.81038,44.27132],[2.80776,44.27178],[2.80809,44.27349],[2.80753,44.27494],[2.80531,44.27543],[2.80382,44.27673],[2.79878,44.27797],[2.7966,44.27795],[2.79258,44.27894],[2.78535,44.27583],[2.78248,44.27638],[2.77876,44.27853],[2.77804,44.28008],[2.77579,44.28173],[2.77438,44.2812],[2.77214,44.28275],[2.77343,44.28312],[2.77659,44.2848],[2.77982,44.28586],[2.78098,44.28591],[2.78175,44.28719],[2.78033,44.29044],[2.77723,44.29317],[2.77686,44.29423],[2.77493,44.29571],[2.76922,44.29588],[2.76847,44.29615],[2.76554,44.29706],[2.76361,44.29837],[2.76387,44.29959],[2.76532,44.30043],[2.76687,44.29954],[2.76968,44.29873],[2.77088,44.3001],[2.77072,44.30187],[2.77187,44.30252],[2.77346,44.30169],[2.77587,44.30237],[2.77676,44.30303],[2.77655,44.30401],[2.77859,44.3051],[2.77967,44.30543],[2.78127,44.30479],[2.78177,44.30282],[2.78378,44.30249],[2.78549,44.30348],[2.78493,44.3053],[2.7855,44.30578],[2.78749,44.30552],[2.78831,44.30595],[2.78814,44.30801],[2.79042,44.30818],[2.79124,44.30918],[2.79484,44.30778],[2.79751,44.30728],[2.79958,44.30741],[2.80119,44.30593],[2.80174,44.30462],[2.80452,44.30497],[2.80627,44.30465],[2.80638,44.30361],[2.81099,44.30216],[2.81398,44.3033],[2.81538,44.30592],[2.81485,44.30739],[2.81566,44.30839],[2.81532,44.3097],[2.81557,44.31129],[2.81465,44.3115],[2.8126,44.31317],[2.80947,44.31377],[2.80909,44.31255],[2.80777,44.31242],[2.80649,44.31309],[2.80528,44.31505],[2.80534,44.31888],[2.80635,44.31996],[2.80352,44.32115],[2.80489,44.32274],[2.80514,44.32432],[2.80461,44.32565],[2.80639,44.32813],[2.8084,44.32938],[2.81055,44.33185],[2.81223,44.33133],[2.81282,44.32846],[2.814,44.32721],[2.81402,44.32594],[2.81613,44.32387],[2.81776,44.32325],[2.81717,44.32155],[2.81696,44.31908],[2.81801,44.31593],[2.81982,44.31485],[2.81959,44.31397],[2.82042,44.31317],[2.82263,44.31212],[2.82379,44.3105],[2.82642,44.30967],[2.82719,44.3123],[2.82796,44.31369],[2.83018,44.31481],[2.83254,44.31538],[2.83224,44.31664],[2.83021,44.32007],[2.82954,44.32223],[2.83156,44.32497],[2.83396,44.32694],[2.83781,44.32785],[2.8378,44.32859],[2.83442,44.32914],[2.83644,44.33111],[2.84041,44.33165],[2.84134,44.33449],[2.84087,44.33575],[2.84487,44.33787],[2.85166,44.33907],[2.85313,44.33909],[2.85681,44.33782],[2.85919,44.33788],[2.86123,44.33926],[2.86422,44.33948],[2.86926,44.34082],[2.87145,44.34095],[2.87496,44.34084],[2.88124,44.34184],[2.88399,44.34197],[2.88652,44.3415],[2.88773,44.34016],[2.89129,44.33911],[2.89492,44.33713],[2.89722,44.33561],[2.89821,44.33436],[2.90036,44.33325],[2.90177,44.33192],[2.90406,44.32847],[2.90445,44.32747]]]}},{"type":"Feature","id":"fr-commune-12267","properties":{"id":"fr-commune-12267","name":"La Selve","kind":"commune","center":[2.5356,44.1072],"code":"12267","department":"12"},"bbox":[2.48367,44.05361,2.5875,44.15913],"geometry":{"type":"Polygon","coordinates":[[[2.55834,44.15693],[2.56083,44.15569],[2.56072,44.1549],[2.55941,44.15392],[2.55997,44.15282],[2.55958,44.14891],[2.55513,44.14698],[2.55132,44.14645],[2.54931,44.14497],[2.54738,44.14475],[2.54674,44.14371],[2.54762,44.14245],[2.54808,44.14053],[2.55106,44.13916],[2.5519,44.1384],[2.55003,44.13502],[2.55043,44.1327],[2.5501,44.13185],[2.55361,44.13158],[2.55738,44.12853],[2.55835,44.12604],[2.55994,44.12473],[2.55968,44.12294],[2.56199,44.12308],[2.56481,44.12149],[2.57,44.1213],[2.5717,44.12049],[2.57787,44.12066],[2.57955,44.12116],[2.58103,44.12052],[2.58315,44.12037],[2.58663,44.12126],[2.58208,44.11786],[2.58166,44.11665],[2.5806,44.1163],[2.58011,44.11449],[2.57921,44.11426],[2.57867,44.11057],[2.57978,44.10879],[2.57771,44.10677],[2.57732,44.10581],[2.57899,44.10558],[2.58134,44.10454],[2.58337,44.10418],[2.58525,44.10325],[2.58614,44.10187],[2.58551,44.10106],[2.5875,44.10029],[2.58715,44.0987],[2.58604,44.09737],[2.58309,44.09811],[2.58116,44.09668],[2.58077,44.09461],[2.58188,44.09318],[2.58204,44.0913],[2.58152,44.08896],[2.58251,44.08701],[2.58115,44.08558],[2.58144,44.08455],[2.58085,44.08362],[2.57888,44.08286],[2.57506,44.08342],[2.57332,44.08065],[2.5704,44.07979],[2.56788,44.08086],[2.56581,44.07995],[2.56506,44.07848],[2.56346,44.07871],[2.56225,44.07779],[2.56039,44.07848],[2.55832,44.07794],[2.55683,44.07844],[2.55575,44.07765],[2.55318,44.07799],[2.55064,44.0761],[2.548,44.07679],[2.54334,44.07666],[2.54227,44.07559],[2.5402,44.07471],[2.53968,44.07394],[2.54003,44.07253],[2.53927,44.07108],[2.53733,44.07058],[2.53636,44.07146],[2.53393,44.07004],[2.53481,44.06822],[2.53283,44.06622],[2.53073,44.06525],[2.53048,44.06372],[2.5291,44.06138],[2.52641,44.06156],[2.52308,44.06026],[2.51994,44.06082],[2.51971,44.05943],[2.51834,44.05895],[2.51838,44.05651],[2.52032,44.05664],[2.52026,44.05505],[2.52144,44.05411],[2.51939,44.05361],[2.5197,44.0545],[2.51871,44.05561],[2.51769,44.05501],[2.51646,44.05527],[2.51387,44.05723],[2.51351,44.0598],[2.5128,44.06027],[2.51049,44.05841],[2.50851,44.05749],[2.50746,44.05866],[2.50692,44.06069],[2.50441,44.06104],[2.50498,44.06284],[2.50446,44.06408],[2.50479,44.06533],[2.50126,44.06574],[2.49876,44.06679],[2.49894,44.06755],[2.50095,44.06741],[2.50204,44.06782],[2.5031,44.06987],[2.49962,44.06881],[2.49803,44.06969],[2.49778,44.07223],[2.49884,44.07237],[2.49872,44.07405],[2.49612,44.07532],[2.49729,44.07621],[2.49907,44.07479],[2.50051,44.07441],[2.50169,44.0747],[2.50155,44.07695],[2.50014,44.07815],[2.49758,44.07849],[2.49581,44.07948],[2.4946,44.07941],[2.49295,44.08054],[2.49247,44.08173],[2.49338,44.08207],[2.49324,44.08328],[2.49156,44.08315],[2.48964,44.08368],[2.48638,44.08183],[2.4858,44.08313],[2.48486,44.08378],[2.4845,44.08555],[2.48367,44.08633],[2.48571,44.0875],[2.48765,44.08945],[2.49018,44.09018],[2.49232,44.09031],[2.49457,44.08963],[2.49692,44.08928],[2.49851,44.08995],[2.50041,44.09214],[2.50268,44.09352],[2.50682,44.09473],[2.50612,44.09707],[2.50375,44.0991],[2.50139,44.09994],[2.50026,44.09974],[2.50027,44.10147],[2.503,44.10179],[2.50644,44.10355],[2.50827,44.10316],[2.51092,44.10195],[2.51221,44.10243],[2.51495,44.10514],[2.51266,44.10611],[2.51309,44.10766],[2.5146,44.10747],[2.51593,44.10674],[2.51683,44.11032],[2.51773,44.1106],[2.51704,44.11251],[2.51538,44.11395],[2.51385,44.1148],[2.51459,44.11642],[2.51727,44.11699],[2.51765,44.11745],[2.51672,44.11978],[2.5174,44.12173],[2.51387,44.12347],[2.51152,44.12438],[2.51166,44.12736],[2.50903,44.12799],[2.50579,44.12809],[2.50237,44.12864],[2.50127,44.12948],[2.50388,44.13077],[2.50525,44.13258],[2.50632,44.1346],[2.50617,44.13685],[2.50717,44.13896],[2.50618,44.14136],[2.50448,44.14261],[2.50262,44.14483],[2.50246,44.14548],[2.50031,44.1476],[2.50092,44.14915],[2.50324,44.14878],[2.50628,44.14899],[2.50712,44.14835],[2.50938,44.14931],[2.51103,44.14927],[2.51269,44.14988],[2.51356,44.14952],[2.51712,44.14992],[2.52032,44.14983],[2.52327,44.14911],[2.52547,44.14992],[2.52663,44.15185],[2.52754,44.15452],[2.52624,44.15662],[2.52577,44.15889],[2.527,44.15913],[2.52832,44.15838],[2.53081,44.15757],[2.53406,44.15794],[2.53478,44.1572],[2.53643,44.15718],[2.53808,44.15627],[2.53784,44.15531],[2.54016,44.15205],[2.5433,44.15236],[2.54499,44.152],[2.54712,44.15359],[2.54874,44.1539],[2.5501,44.15347],[2.55298,44.15421],[2.55834,44.15693]]]}},{"type":"Feature","id":"fr-commune-12268","properties":{"id":"fr-commune-12268","name":"Sénergues","kind":"commune","center":[2.4631034534314895,44.605687531480754],"code":"12268","department":"12"},"bbox":[2.39964,44.55228,2.50849,44.64872],"geometry":{"type":"Polygon","coordinates":[[[2.48469,44.64153],[2.48443,44.64074],[2.48592,44.63972],[2.48609,44.63876],[2.48771,44.63729],[2.4856,44.63365],[2.48742,44.6323],[2.48924,44.63032],[2.49113,44.6291],[2.49302,44.62919],[2.49364,44.62725],[2.49844,44.62616],[2.50255,44.62425],[2.50168,44.62264],[2.50455,44.62012],[2.5055,44.62047],[2.50649,44.61896],[2.50513,44.61843],[2.50457,44.61759],[2.50559,44.61605],[2.50758,44.61553],[2.50849,44.61341],[2.50729,44.61337],[2.50631,44.61162],[2.50286,44.60892],[2.50339,44.60684],[2.50044,44.60614],[2.50066,44.6048],[2.49893,44.60274],[2.4982,44.60052],[2.49901,44.60017],[2.50094,44.5983],[2.50326,44.59699],[2.50619,44.59638],[2.50451,44.59339],[2.50539,44.59132],[2.50652,44.59042],[2.50437,44.58809],[2.5038,44.58647],[2.50371,44.58251],[2.5023,44.58091],[2.50089,44.57849],[2.49892,44.57719],[2.49741,44.57661],[2.49579,44.57686],[2.49354,44.57861],[2.49112,44.57916],[2.4899,44.57877],[2.48912,44.57757],[2.48964,44.57542],[2.48946,44.57312],[2.48797,44.57294],[2.48714,44.5693],[2.48789,44.56865],[2.48668,44.56611],[2.48714,44.56416],[2.48303,44.56341],[2.48195,44.56012],[2.48069,44.55922],[2.47547,44.55953],[2.47172,44.55888],[2.469,44.55868],[2.4669,44.55812],[2.46551,44.55601],[2.46582,44.5535],[2.46392,44.554],[2.46305,44.55366],[2.46028,44.55228],[2.45871,44.55237],[2.45563,44.55372],[2.4528,44.55445],[2.44998,44.5558],[2.45042,44.5571],[2.45266,44.55938],[2.44795,44.56215],[2.44616,44.56398],[2.44408,44.56403],[2.44232,44.56655],[2.44098,44.56749],[2.44014,44.56974],[2.43852,44.57171],[2.43849,44.57243],[2.43528,44.57439],[2.43232,44.57534],[2.43304,44.57882],[2.43139,44.57982],[2.43093,44.58144],[2.4316,44.58287],[2.43502,44.58358],[2.43757,44.58354],[2.43974,44.58432],[2.44153,44.5864],[2.44291,44.5864],[2.44493,44.58752],[2.45163,44.58868],[2.45319,44.59117],[2.4584,44.58836],[2.4616,44.58826],[2.46358,44.59183],[2.4639,44.59354],[2.46157,44.59394],[2.45915,44.59667],[2.45791,44.59755],[2.45679,44.59902],[2.45976,44.60312],[2.46239,44.60513],[2.4614,44.60686],[2.45592,44.607],[2.45328,44.60745],[2.45505,44.6115],[2.45404,44.61352],[2.45266,44.61456],[2.45062,44.61523],[2.4505,44.61692],[2.44743,44.61893],[2.44625,44.61864],[2.44501,44.61926],[2.44404,44.62074],[2.44194,44.622],[2.44281,44.62403],[2.44236,44.62667],[2.4426,44.62812],[2.43768,44.62852],[2.43517,44.62687],[2.43329,44.62689],[2.42936,44.62499],[2.42932,44.62326],[2.42704,44.62179],[2.42547,44.62236],[2.42449,44.62198],[2.4228,44.62266],[2.42111,44.62276],[2.41976,44.6219],[2.41605,44.62157],[2.41544,44.62019],[2.41422,44.61968],[2.41252,44.61974],[2.41007,44.61885],[2.40935,44.61792],[2.40799,44.61795],[2.4069,44.61719],[2.40593,44.61747],[2.40316,44.62104],[2.40315,44.62395],[2.40585,44.6246],[2.4055,44.6254],[2.40399,44.62603],[2.40355,44.62729],[2.40405,44.62828],[2.40259,44.62958],[2.40412,44.63183],[2.40323,44.63286],[2.40381,44.63445],[2.4031,44.63665],[2.40203,44.63652],[2.39964,44.63913],[2.40172,44.64142],[2.4044,44.64226],[2.4068,44.64091],[2.40715,44.6427],[2.4049,44.64613],[2.40538,44.64728],[2.40663,44.64715],[2.40975,44.64587],[2.4141,44.64342],[2.4166,44.6428],[2.41941,44.64328],[2.42111,44.6439],[2.42361,44.64433],[2.42671,44.6439],[2.42834,44.64306],[2.42997,44.64045],[2.43363,44.63896],[2.43568,44.63907],[2.43843,44.64088],[2.44213,44.64248],[2.4444,44.64388],[2.44488,44.64476],[2.44463,44.64664],[2.4459,44.64805],[2.44849,44.64872],[2.45149,44.64844],[2.45476,44.64702],[2.45616,44.64606],[2.46224,44.64506],[2.46541,44.64399],[2.46773,44.64286],[2.4706,44.64201],[2.47361,44.64173],[2.47587,44.64096],[2.47859,44.64148],[2.48376,44.64176],[2.48469,44.64153]]]}},{"type":"Feature","id":"fr-commune-12269","properties":{"id":"fr-commune-12269","name":"La Serre","kind":"commune","center":[2.6537,43.8959],"code":"12269","department":"12"},"bbox":[2.61339,43.87399,2.69413,43.91779],"geometry":{"type":"Polygon","coordinates":[[[2.65849,43.87476],[2.6573,43.87521],[2.65359,43.87556],[2.64948,43.87756],[2.64585,43.87898],[2.64484,43.87971],[2.64114,43.88043],[2.6393,43.88005],[2.63567,43.88041],[2.63263,43.88213],[2.63015,43.8825],[2.62922,43.88349],[2.62318,43.88346],[2.62232,43.88581],[2.62028,43.88802],[2.61873,43.88775],[2.61493,43.88844],[2.61506,43.89122],[2.61339,43.89195],[2.61675,43.89329],[2.619,43.89464],[2.6195,43.89608],[2.62109,43.89602],[2.62049,43.89759],[2.62193,43.89988],[2.6228,43.90211],[2.62154,43.90429],[2.62219,43.90616],[2.622,43.90845],[2.62324,43.90818],[2.62559,43.90651],[2.62871,43.90843],[2.63482,43.90849],[2.63723,43.90726],[2.63939,43.90653],[2.64282,43.90875],[2.64715,43.91054],[2.64815,43.91074],[2.65213,43.91028],[2.65391,43.91583],[2.65503,43.91779],[2.6569,43.91722],[2.66133,43.9153],[2.66227,43.91574],[2.66383,43.9149],[2.66534,43.9118],[2.66695,43.91117],[2.66674,43.91027],[2.67054,43.90773],[2.67158,43.90781],[2.67405,43.9066],[2.6744,43.90597],[2.67692,43.90589],[2.67803,43.90491],[2.67957,43.90449],[2.67923,43.90286],[2.6774,43.90146],[2.67903,43.90014],[2.68156,43.89935],[2.68141,43.89797],[2.68328,43.89664],[2.68582,43.89631],[2.68584,43.89391],[2.68518,43.89228],[2.68687,43.89164],[2.6912,43.88899],[2.69206,43.88685],[2.69264,43.88658],[2.69282,43.88461],[2.69413,43.88272],[2.6928,43.88055],[2.68775,43.87856],[2.68663,43.87726],[2.68176,43.87763],[2.67714,43.87687],[2.67404,43.87693],[2.6725,43.87632],[2.6704,43.87472],[2.66829,43.87399],[2.66385,43.87416],[2.6617,43.87476],[2.65849,43.87476]]]}},{"type":"Feature","id":"fr-commune-12270","properties":{"id":"fr-commune-12270","name":"Sévérac d'Aveyron","kind":"commune","center":[3.0294,44.3138],"code":"12270","department":"12"},"bbox":[2.90445,44.2256,3.15442,44.40207],"geometry":{"type":"Polygon","coordinates":[[[2.96873,44.40102],[2.9765,44.40207],[2.97781,44.40181],[2.97944,44.40069],[2.9808,44.40056],[2.98196,44.39961],[2.98592,44.39971],[2.98754,44.39948],[2.9937,44.39676],[2.99638,44.39529],[2.99708,44.39425],[2.99597,44.39135],[2.9962,44.39095],[2.9993,44.38925],[3.00007,44.38737],[3.00127,44.38694],[3.00421,44.38798],[3.0059,44.38677],[3.00822,44.38662],[3.00805,44.38539],[3.0087,44.38357],[3.00837,44.38234],[3.01017,44.38145],[3.01071,44.38023],[3.01216,44.38018],[3.01428,44.37919],[3.0159,44.37902],[3.01681,44.37749],[3.0168,44.37617],[3.02032,44.37455],[3.02178,44.37509],[3.02454,44.37495],[3.02657,44.37662],[3.02931,44.37668],[3.0307,44.37777],[3.03222,44.37709],[3.03308,44.37598],[3.03461,44.37553],[3.03508,44.37655],[3.03679,44.37691],[3.04212,44.37568],[3.04687,44.375],[3.04959,44.37519],[3.05198,44.37452],[3.05604,44.375],[3.05883,44.37572],[3.05988,44.3748],[3.06124,44.37474],[3.06662,44.37438],[3.06697,44.3723],[3.06581,44.37044],[3.06913,44.37026],[3.07048,44.37174],[3.07275,44.37124],[3.07509,44.37019],[3.07634,44.36762],[3.07653,44.36432],[3.07753,44.36264],[3.07662,44.36093],[3.08083,44.35989],[3.08096,44.36088],[3.08306,44.36243],[3.08625,44.36305],[3.08935,44.36411],[3.09169,44.36426],[3.09464,44.3648],[3.09918,44.36664],[3.10104,44.36814],[3.10327,44.36913],[3.10433,44.3692],[3.11006,44.37232],[3.11279,44.37262],[3.1146,44.3724],[3.11526,44.37017],[3.11708,44.37044],[3.11913,44.37012],[3.12273,44.37009],[3.12154,44.36941],[3.12136,44.36816],[3.11974,44.36577],[3.11938,44.364],[3.11994,44.36288],[3.12167,44.36142],[3.12466,44.36054],[3.12652,44.35943],[3.13116,44.35751],[3.13185,44.35704],[3.13027,44.35564],[3.12944,44.35344],[3.12821,44.3525],[3.12823,44.34996],[3.12748,44.34691],[3.1289,44.34438],[3.12892,44.34295],[3.1315,44.34153],[3.13182,44.33992],[3.13143,44.33775],[3.13379,44.33634],[3.13514,44.33404],[3.13362,44.33264],[3.13374,44.33027],[3.13682,44.33023],[3.14022,44.33078],[3.14329,44.33154],[3.14587,44.33274],[3.14938,44.33209],[3.15174,44.33251],[3.1542,44.33109],[3.15442,44.33014],[3.15372,44.32883],[3.15201,44.32697],[3.15149,44.32543],[3.15015,44.32486],[3.15012,44.3241],[3.1489,44.32122],[3.14735,44.32049],[3.14523,44.32027],[3.14494,44.31823],[3.14547,44.31718],[3.14635,44.31379],[3.1515,44.31549],[3.15383,44.31189],[3.15437,44.3085],[3.15316,44.30734],[3.1497,44.30511],[3.14667,44.30397],[3.14541,44.30188],[3.14539,44.30097],[3.14346,44.29887],[3.14024,44.29607],[3.1376,44.29533],[3.13659,44.29409],[3.13441,44.29316],[3.13424,44.29126],[3.13337,44.28962],[3.13165,44.28875],[3.12804,44.28805],[3.12584,44.28593],[3.12323,44.28487],[3.12614,44.28147],[3.1256,44.27935],[3.12578,44.27778],[3.12451,44.27657],[3.12455,44.27433],[3.12513,44.27268],[3.12372,44.2706],[3.12166,44.26814],[3.12125,44.26686],[3.12263,44.26565],[3.12271,44.2643],[3.12126,44.26328],[3.12017,44.26184],[3.12197,44.26079],[3.12416,44.26033],[3.12636,44.26153],[3.1281,44.26165],[3.13005,44.26079],[3.13171,44.26174],[3.1341,44.26223],[3.13544,44.26373],[3.13735,44.26417],[3.1383,44.26389],[3.13968,44.26345],[3.14023,44.26188],[3.13959,44.26093],[3.14012,44.25936],[3.14401,44.26019],[3.14563,44.25982],[3.14754,44.25742],[3.14907,44.2544],[3.1494,44.25169],[3.15075,44.24942],[3.15062,44.24885],[3.14866,44.24751],[3.15145,44.24569],[3.14942,44.24386],[3.14771,44.24163],[3.14779,44.24018],[3.14731,44.23809],[3.14845,44.23765],[3.14831,44.23532],[3.14734,44.23415],[3.14391,44.23149],[3.14242,44.23073],[3.14156,44.23195],[3.14113,44.23369],[3.13879,44.23387],[3.13874,44.23516],[3.13522,44.23547],[3.133,44.23413],[3.13223,44.23329],[3.13155,44.23114],[3.12933,44.22816],[3.12923,44.22668],[3.1278,44.2256],[3.12639,44.22703],[3.12505,44.22728],[3.12373,44.22939],[3.12146,44.23087],[3.12028,44.23232],[3.11718,44.23477],[3.1167,44.23558],[3.11697,44.23734],[3.11688,44.23977],[3.11461,44.24028],[3.11447,44.23875],[3.11372,44.23607],[3.11351,44.23375],[3.11014,44.23305],[3.10889,44.23324],[3.10733,44.23417],[3.10627,44.23538],[3.1047,44.23885],[3.10481,44.24023],[3.10245,44.24243],[3.10099,44.24512],[3.10139,44.24745],[3.09941,44.24811],[3.09814,44.24736],[3.09397,44.24811],[3.09486,44.24889],[3.09056,44.24968],[3.0877,44.24898],[3.08809,44.24773],[3.08767,44.2451],[3.08858,44.24182],[3.08475,44.24169],[3.08156,44.24209],[3.07979,44.24328],[3.07629,44.24349],[3.07427,44.24573],[3.07097,44.2464],[3.07005,44.24713],[3.06696,44.24816],[3.06587,44.25003],[3.06347,44.25083],[3.06269,44.25261],[3.06086,44.25424],[3.05973,44.25661],[3.06013,44.25765],[3.05805,44.25911],[3.05706,44.25931],[3.05253,44.26107],[3.04881,44.26193],[3.04586,44.26589],[3.04092,44.2685],[3.03977,44.26745],[3.03545,44.26615],[3.03603,44.2636],[3.03745,44.26085],[3.03696,44.25908],[3.03443,44.25671],[3.03348,44.25445],[3.03012,44.2519],[3.02973,44.24887],[3.0311,44.24704],[3.03083,44.24475],[3.02887,44.24353],[3.02692,44.23997],[3.02682,44.23868],[3.02359,44.23764],[3.01935,44.23677],[3.0192,44.2376],[3.02094,44.24015],[3.0207,44.24215],[3.01969,44.24272],[3.0189,44.24511],[3.01787,44.24609],[3.01818,44.24722],[3.01731,44.2493],[3.01757,44.25085],[3.01864,44.25272],[3.02176,44.25539],[3.0214,44.25804],[3.01917,44.2601],[3.01413,44.26256],[3.01324,44.26457],[3.0131,44.26582],[3.01202,44.26665],[3.01083,44.26644],[3.01039,44.2647],[3.0091,44.26394],[3.00576,44.26275],[3.00344,44.26217],[3.00069,44.26254],[2.99974,44.26381],[3.00029,44.2661],[3.00172,44.2669],[3.00296,44.2692],[3.00482,44.27076],[3.00451,44.27254],[3.00513,44.27276],[3.00716,44.2758],[3.00751,44.27722],[3.00704,44.27809],[3.00479,44.27979],[3.00313,44.28029],[2.9999,44.28065],[2.99593,44.28022],[2.99328,44.28057],[2.98592,44.28513],[2.98232,44.2892],[2.98066,44.29059],[2.97503,44.29293],[2.97242,44.29265],[2.96932,44.29116],[2.96765,44.29169],[2.9657,44.29308],[2.96327,44.29404],[2.9595,44.29505],[2.95786,44.29614],[2.95601,44.29902],[2.95567,44.30015],[2.95637,44.30162],[2.95547,44.30347],[2.95066,44.3065],[2.94964,44.30801],[2.94828,44.30908],[2.94707,44.30943],[2.94456,44.31171],[2.9412,44.31382],[2.93814,44.31473],[2.93593,44.315],[2.93384,44.31577],[2.92938,44.31635],[2.92435,44.3176],[2.92095,44.31921],[2.91951,44.32073],[2.9163,44.3211],[2.9154,44.32216],[2.9123,44.3236],[2.90925,44.32408],[2.90882,44.32455],[2.90508,44.32682],[2.90445,44.32747],[2.9072,44.33064],[2.90963,44.33239],[2.9116,44.33324],[2.9135,44.33314],[2.91523,44.33466],[2.91792,44.33553],[2.91991,44.33499],[2.92162,44.33517],[2.92382,44.3343],[2.92558,44.33322],[2.92687,44.33299],[2.92827,44.33413],[2.92858,44.33499],[2.92793,44.336],[2.92856,44.33734],[2.93056,44.3394],[2.92997,44.34148],[2.93013,44.34346],[2.92931,44.34508],[2.93083,44.34633],[2.93402,44.34684],[2.93378,44.34818],[2.93537,44.34883],[2.93603,44.35042],[2.93793,44.35129],[2.93746,44.3527],[2.93576,44.35329],[2.93576,44.354],[2.9396,44.35561],[2.93991,44.35632],[2.94234,44.3565],[2.94546,44.35569],[2.94672,44.35445],[2.94918,44.35385],[2.94928,44.35474],[2.95288,44.35519],[2.9525,44.35593],[2.95211,44.36136],[2.9497,44.36408],[2.94846,44.36773],[2.94857,44.36849],[2.9409,44.37066],[2.94042,44.37114],[2.93226,44.37146],[2.93121,44.37127],[2.92347,44.37174],[2.92343,44.37334],[2.92042,44.37787],[2.91991,44.37935],[2.92277,44.38084],[2.92419,44.38212],[2.9278,44.38167],[2.93195,44.38258],[2.93556,44.3811],[2.93977,44.38042],[2.94138,44.3821],[2.94106,44.38304],[2.94201,44.38363],[2.94522,44.38221],[2.94603,44.38225],[2.95003,44.38024],[2.95092,44.38201],[2.95297,44.38383],[2.95422,44.38649],[2.95628,44.38748],[2.95636,44.38847],[2.95985,44.39115],[2.96245,44.39168],[2.96368,44.39376],[2.96506,44.39758],[2.96661,44.39857],[2.96873,44.40102]]]}},{"type":"Feature","id":"fr-commune-12272","properties":{"id":"fr-commune-12272","name":"Sonnac","kind":"commune","center":[2.1188,44.5394],"code":"12272","department":"12"},"bbox":[2.0874,44.51206,2.15078,44.56622],"geometry":{"type":"Polygon","coordinates":[[[2.14899,44.52617],[2.14938,44.52496],[2.14878,44.52354],[2.15078,44.52201],[2.14938,44.52111],[2.14802,44.51889],[2.148,44.51725],[2.14663,44.51477],[2.14539,44.51333],[2.14341,44.51206],[2.14138,44.51256],[2.13851,44.51617],[2.13411,44.51616],[2.1331,44.51724],[2.13303,44.51876],[2.13417,44.51977],[2.13312,44.5215],[2.13293,44.52305],[2.13193,44.52356],[2.12965,44.52064],[2.12753,44.5209],[2.12491,44.52243],[2.12075,44.52337],[2.11831,44.52235],[2.11433,44.52466],[2.11577,44.52602],[2.11253,44.52523],[2.11044,44.52556],[2.1096,44.52437],[2.10789,44.52334],[2.1068,44.52148],[2.10533,44.52201],[2.10602,44.5237],[2.1049,44.52443],[2.10206,44.5246],[2.10247,44.52579],[2.1008,44.52686],[2.10016,44.5284],[2.09831,44.52832],[2.09687,44.52723],[2.09508,44.52719],[2.09453,44.52801],[2.09496,44.52986],[2.09367,44.53118],[2.09116,44.53129],[2.09106,44.53359],[2.08994,44.53403],[2.08743,44.53604],[2.0874,44.5373],[2.08874,44.53777],[2.0889,44.53881],[2.09152,44.54132],[2.09384,44.54161],[2.0923,44.54263],[2.09255,44.54376],[2.0943,44.54488],[2.09348,44.54542],[2.09385,44.54812],[2.09516,44.54979],[2.09415,44.55127],[2.09541,44.55334],[2.09673,44.55474],[2.09975,44.55519],[2.101,44.55668],[2.10188,44.55891],[2.10274,44.55955],[2.10232,44.56077],[2.09894,44.56359],[2.09689,44.56596],[2.09792,44.56622],[2.09868,44.56464],[2.10188,44.56605],[2.10136,44.56432],[2.10311,44.56195],[2.10356,44.5601],[2.10526,44.55913],[2.10967,44.55824],[2.11291,44.55892],[2.11397,44.55812],[2.11313,44.55743],[2.11298,44.55602],[2.11501,44.55427],[2.11914,44.55248],[2.12124,44.55538],[2.12043,44.55728],[2.12238,44.55768],[2.12621,44.55666],[2.12961,44.55659],[2.1314,44.55326],[2.12937,44.55369],[2.12882,44.55234],[2.12774,44.55171],[2.12786,44.54895],[2.12699,44.54865],[2.12408,44.54579],[2.11993,44.54345],[2.12126,44.54235],[2.12158,44.54068],[2.12169,44.53753],[2.12468,44.53703],[2.12809,44.53476],[2.12944,44.53477],[2.12975,44.53321],[2.1316,44.5333],[2.133,44.53163],[2.13439,44.53066],[2.13543,44.53062],[2.13846,44.52953],[2.14333,44.52727],[2.14373,44.52407],[2.14618,44.52511],[2.14674,44.52606],[2.14899,44.52617]]]}},{"type":"Feature","id":"fr-commune-12273","properties":{"id":"fr-commune-12273","name":"Soulages-Bonneval","kind":"commune","center":[2.7729,44.6772],"code":"12273","department":"12"},"bbox":[2.73851,44.65146,2.80686,44.70279],"geometry":{"type":"Polygon","coordinates":[[[2.80523,44.67383],[2.80484,44.67289],[2.80143,44.67196],[2.79996,44.67],[2.79776,44.66945],[2.79565,44.66559],[2.79353,44.66474],[2.79299,44.65991],[2.79208,44.65889],[2.7904,44.6587],[2.78715,44.66041],[2.78233,44.66158],[2.7801,44.66291],[2.77904,44.66291],[2.77616,44.66396],[2.77493,44.66405],[2.77359,44.66561],[2.77155,44.6664],[2.76977,44.66603],[2.76516,44.66401],[2.76433,44.66426],[2.76247,44.66178],[2.76183,44.65964],[2.76097,44.65931],[2.75801,44.65975],[2.75554,44.65943],[2.75325,44.66073],[2.75182,44.65934],[2.74993,44.65832],[2.75024,44.6571],[2.74834,44.65498],[2.74789,44.65323],[2.74651,44.65255],[2.74483,44.65291],[2.74257,44.65178],[2.74171,44.65236],[2.74017,44.65233],[2.73909,44.65146],[2.73851,44.65181],[2.74072,44.65428],[2.73965,44.65518],[2.74283,44.65814],[2.74599,44.65825],[2.74758,44.66106],[2.74638,44.66235],[2.74406,44.6657],[2.74661,44.66704],[2.74825,44.66829],[2.74953,44.6699],[2.75017,44.67202],[2.7488,44.67369],[2.7476,44.67445],[2.74547,44.67725],[2.74308,44.67771],[2.74184,44.67975],[2.74172,44.68146],[2.74173,44.68343],[2.74244,44.6846],[2.7422,44.68694],[2.74404,44.68774],[2.74512,44.68897],[2.74643,44.68713],[2.74715,44.68552],[2.74888,44.68597],[2.75121,44.68551],[2.75147,44.68668],[2.75274,44.68798],[2.75627,44.68815],[2.75767,44.68846],[2.76042,44.68739],[2.7641,44.68831],[2.76713,44.68874],[2.77211,44.68859],[2.77193,44.68985],[2.77287,44.69012],[2.77605,44.68933],[2.77685,44.68983],[2.78051,44.68986],[2.78147,44.69058],[2.78374,44.69088],[2.78343,44.69169],[2.78495,44.69227],[2.78433,44.69466],[2.78492,44.69678],[2.78263,44.69649],[2.7831,44.69759],[2.78311,44.70029],[2.78403,44.70279],[2.78945,44.70231],[2.78993,44.70115],[2.79086,44.70088],[2.79211,44.70229],[2.79335,44.70235],[2.79338,44.70101],[2.79144,44.699],[2.79193,44.69758],[2.79207,44.69504],[2.79348,44.69358],[2.79515,44.69288],[2.79754,44.6931],[2.79996,44.69295],[2.80176,44.69235],[2.80264,44.69134],[2.80558,44.6891],[2.80439,44.68639],[2.80508,44.68549],[2.80605,44.68205],[2.80686,44.68097],[2.80627,44.67694],[2.80523,44.67383]]]}},{"type":"Feature","id":"fr-commune-12274","properties":{"id":"fr-commune-12274","name":"Sylvanès","kind":"commune","center":[2.9517,43.8255],"code":"12274","department":"12"},"bbox":[2.91318,43.80032,2.99016,43.85071],"geometry":{"type":"Polygon","coordinates":[[[2.95035,43.85038],[2.95193,43.849],[2.95474,43.8481],[2.9526,43.84681],[2.95533,43.84524],[2.95872,43.84395],[2.96162,43.84827],[2.96484,43.85006],[2.96785,43.85071],[2.96951,43.85018],[2.96913,43.84708],[2.96855,43.84579],[2.97028,43.84293],[2.9742,43.84249],[2.97675,43.84348],[2.9775,43.84111],[2.97927,43.83969],[2.98128,43.83899],[2.98341,43.83586],[2.9835,43.83374],[2.98592,43.83228],[2.98599,43.83017],[2.98695,43.82729],[2.99016,43.82511],[2.98405,43.8209],[2.98273,43.82062],[2.98039,43.82146],[2.97739,43.8208],[2.97393,43.81779],[2.9713,43.81736],[2.96893,43.81615],[2.96757,43.81504],[2.96435,43.8134],[2.96295,43.81191],[2.96094,43.81186],[2.95867,43.81129],[2.95636,43.80995],[2.95448,43.80956],[2.95309,43.80839],[2.95044,43.80775],[2.94673,43.80779],[2.94555,43.8053],[2.94371,43.80493],[2.9419,43.80614],[2.93892,43.8037],[2.93797,43.80217],[2.93501,43.80089],[2.93254,43.80053],[2.92562,43.80032],[2.92377,43.80241],[2.92064,43.80475],[2.91895,43.80532],[2.91705,43.80489],[2.91642,43.80662],[2.91367,43.80921],[2.91318,43.81024],[2.91472,43.81169],[2.91895,43.8131],[2.92234,43.8148],[2.92352,43.81625],[2.92614,43.81615],[2.9311,43.81652],[2.93244,43.81722],[2.93289,43.82066],[2.9305,43.82249],[2.92665,43.82401],[2.92781,43.82625],[2.92869,43.82722],[2.92922,43.82923],[2.93118,43.8301],[2.9325,43.8322],[2.93383,43.83196],[2.93737,43.83339],[2.93974,43.83565],[2.94077,43.83724],[2.946,43.84095],[2.94666,43.84208],[2.94525,43.84331],[2.94472,43.84446],[2.94525,43.84682],[2.94646,43.84942],[2.9498,43.84899],[2.95035,43.85038]]]}},{"type":"Feature","id":"fr-commune-12275","properties":{"id":"fr-commune-12275","name":"Tauriac-de-Camarès","kind":"commune","center":[3.0307,43.7764],"code":"12275","department":"12"},"bbox":[2.98548,43.75119,3.07564,43.80157],"geometry":{"type":"Polygon","coordinates":[[[3.05682,43.78271],[3.05877,43.78072],[3.05891,43.77947],[3.06119,43.77884],[3.06322,43.77707],[3.06515,43.77646],[3.06624,43.77333],[3.06544,43.77289],[3.06848,43.77099],[3.07146,43.77185],[3.07498,43.7696],[3.07564,43.76832],[3.07438,43.7675],[3.07502,43.76659],[3.07331,43.76595],[3.0721,43.76432],[3.07078,43.76368],[3.06812,43.75946],[3.06928,43.75908],[3.06872,43.75723],[3.06684,43.75617],[3.06201,43.75418],[3.06011,43.75525],[3.05721,43.75538],[3.05625,43.75494],[3.0549,43.75555],[3.05182,43.75522],[3.04981,43.75398],[3.04784,43.754],[3.04696,43.75266],[3.04417,43.75119],[3.04157,43.75293],[3.03825,43.75201],[3.03763,43.75258],[3.0347,43.75278],[3.03387,43.75384],[3.03487,43.75701],[3.03335,43.76083],[3.03355,43.7617],[3.03215,43.76294],[3.02964,43.76227],[3.02798,43.76287],[3.02387,43.76178],[3.02317,43.76108],[3.02064,43.76076],[3.01765,43.76093],[3.01421,43.75997],[3.01053,43.76046],[3.00929,43.76115],[3.00765,43.76057],[3.00335,43.76049],[3.00011,43.76267],[2.99784,43.76281],[2.99634,43.76365],[2.99428,43.76405],[2.9925,43.7654],[2.99183,43.76668],[2.99028,43.76737],[2.9893,43.76838],[2.98988,43.76965],[2.98974,43.77153],[2.9885,43.77414],[2.98548,43.77608],[2.98588,43.77898],[2.98932,43.77875],[2.99227,43.77946],[2.99588,43.7787],[2.99727,43.77803],[2.99981,43.77924],[2.99827,43.78132],[2.99646,43.7819],[2.99558,43.78299],[2.99373,43.78357],[2.99344,43.7849],[2.9916,43.78582],[2.99139,43.78688],[2.99251,43.78806],[2.99655,43.78885],[2.99943,43.79008],[3.00446,43.79368],[3.0096,43.79582],[3.0111,43.7976],[3.01239,43.79837],[3.01322,43.79783],[3.01503,43.79803],[3.01748,43.79955],[3.02086,43.79978],[3.02434,43.79898],[3.0263,43.79773],[3.02736,43.79662],[3.02905,43.79634],[3.03115,43.79482],[3.03362,43.79653],[3.03371,43.79705],[3.0359,43.79798],[3.03723,43.79791],[3.03872,43.79865],[3.04211,43.79897],[3.04585,43.80157],[3.04864,43.8014],[3.04877,43.80042],[3.04992,43.79855],[3.05259,43.79674],[3.05337,43.79534],[3.05519,43.7934],[3.05613,43.79187],[3.0564,43.78972],[3.0569,43.78925],[3.05751,43.78682],[3.05831,43.78541],[3.05772,43.78342],[3.05682,43.78271]]]}},{"type":"Feature","id":"fr-commune-12276","properties":{"id":"fr-commune-12276","name":"Tauriac-de-Naucelle","kind":"commune","center":[2.3272,44.1436],"code":"12276","department":"12"},"bbox":[2.28483,44.11769,2.36895,44.16957],"geometry":{"type":"Polygon","coordinates":[[[2.29774,44.13568],[2.29792,44.138],[2.29517,44.14025],[2.29156,44.14098],[2.28989,44.14107],[2.28778,44.14378],[2.28483,44.14546],[2.28678,44.14667],[2.28772,44.14678],[2.28853,44.14909],[2.2893,44.14668],[2.29061,44.14689],[2.29312,44.14936],[2.2916,44.15069],[2.29235,44.15141],[2.29451,44.15148],[2.29228,44.15324],[2.29088,44.15382],[2.29057,44.1551],[2.29252,44.15548],[2.29309,44.1537],[2.29598,44.15429],[2.29705,44.15632],[2.29615,44.15739],[2.29831,44.15761],[2.29966,44.16014],[2.29996,44.16183],[2.30145,44.16115],[2.30184,44.15989],[2.30305,44.15971],[2.30431,44.16139],[2.30698,44.16176],[2.30619,44.16247],[2.30647,44.16537],[2.30809,44.16569],[2.30802,44.16689],[2.3086,44.16709],[2.31127,44.16637],[2.31126,44.1681],[2.31369,44.16728],[2.31452,44.16801],[2.31636,44.16823],[2.31789,44.16631],[2.31969,44.16785],[2.32218,44.16771],[2.32261,44.16957],[2.32487,44.16932],[2.3275,44.16797],[2.32927,44.16804],[2.3306,44.16742],[2.33213,44.16756],[2.33571,44.16645],[2.33804,44.16508],[2.3397,44.16352],[2.34308,44.162],[2.34457,44.16105],[2.34425,44.15929],[2.34564,44.15903],[2.3494,44.15908],[2.35171,44.16024],[2.35299,44.16138],[2.35514,44.16413],[2.35561,44.16515],[2.35583,44.16825],[2.3569,44.16911],[2.35759,44.16686],[2.35886,44.16531],[2.3619,44.163],[2.36231,44.16118],[2.36347,44.15918],[2.36494,44.15824],[2.36895,44.15769],[2.36777,44.15582],[2.36603,44.15389],[2.36487,44.15373],[2.36535,44.15235],[2.3636,44.14986],[2.3637,44.14829],[2.36218,44.14688],[2.36044,44.14719],[2.35206,44.14638],[2.35037,44.14599],[2.34716,44.1468],[2.34497,44.14584],[2.34552,44.14428],[2.34345,44.14278],[2.34644,44.14274],[2.34738,44.14147],[2.34868,44.14089],[2.3476,44.1394],[2.34662,44.13608],[2.34511,44.13601],[2.34552,44.13499],[2.34335,44.13428],[2.34382,44.13215],[2.34346,44.13042],[2.34107,44.12758],[2.33794,44.1268],[2.33799,44.1241],[2.33467,44.12274],[2.33216,44.12329],[2.32406,44.12481],[2.31826,44.12349],[2.31528,44.12184],[2.31407,44.12078],[2.31331,44.11933],[2.31203,44.11856],[2.30894,44.11769],[2.30732,44.1178],[2.3053,44.1197],[2.30483,44.12172],[2.2982,44.12259],[2.29655,44.12374],[2.29433,44.12228],[2.29194,44.12148],[2.28905,44.12188],[2.28829,44.12228],[2.29347,44.12708],[2.29407,44.12849],[2.29506,44.12931],[2.29501,44.13036],[2.29704,44.13212],[2.29774,44.13568]]]}},{"type":"Feature","id":"fr-commune-12277","properties":{"id":"fr-commune-12277","name":"Taussac","kind":"commune","center":[2.6375,44.8253],"code":"12277","department":"12"},"bbox":[2.58635,44.77751,2.68867,44.87296],"geometry":{"type":"Polygon","coordinates":[[[2.58653,44.7839],[2.58813,44.78531],[2.58989,44.786],[2.59283,44.78877],[2.5967,44.79044],[2.59872,44.79277],[2.60035,44.79346],[2.59947,44.79553],[2.59967,44.79695],[2.60063,44.79824],[2.6006,44.80102],[2.59894,44.80201],[2.60032,44.80317],[2.59978,44.80383],[2.60033,44.80562],[2.60013,44.80659],[2.60181,44.80819],[2.60049,44.80971],[2.60084,44.81114],[2.60057,44.81343],[2.59877,44.81402],[2.59918,44.81485],[2.5985,44.81673],[2.59848,44.81848],[2.59676,44.81978],[2.59814,44.82083],[2.59976,44.82156],[2.60189,44.82194],[2.60194,44.82266],[2.60346,44.82393],[2.60586,44.82323],[2.6075,44.82415],[2.60708,44.8251],[2.60772,44.8261],[2.61001,44.82594],[2.61044,44.8272],[2.61017,44.82924],[2.61148,44.83105],[2.61125,44.83249],[2.60987,44.83468],[2.60844,44.83534],[2.60814,44.83734],[2.60614,44.83731],[2.60361,44.83902],[2.60475,44.84005],[2.60267,44.84123],[2.60268,44.84316],[2.60376,44.84329],[2.60459,44.84465],[2.60699,44.84447],[2.61018,44.84756],[2.61163,44.84769],[2.61329,44.85025],[2.61538,44.85272],[2.61694,44.85122],[2.61864,44.85197],[2.61812,44.85326],[2.61839,44.85421],[2.61754,44.85652],[2.62098,44.8593],[2.62161,44.86066],[2.62162,44.86295],[2.62263,44.86384],[2.62288,44.86555],[2.6239,44.867],[2.62667,44.86765],[2.62662,44.86926],[2.62952,44.87179],[2.62898,44.87247],[2.63043,44.87296],[2.6332,44.87273],[2.63411,44.87295],[2.63807,44.8721],[2.64044,44.87184],[2.64149,44.87061],[2.6437,44.86994],[2.64577,44.87068],[2.64781,44.87082],[2.64831,44.86991],[2.65096,44.86954],[2.65286,44.87036],[2.65416,44.86982],[2.65471,44.87209],[2.65623,44.87242],[2.65698,44.87187],[2.65682,44.86611],[2.65821,44.86503],[2.66017,44.86484],[2.66246,44.8623],[2.66172,44.86056],[2.66304,44.85943],[2.66202,44.8581],[2.66303,44.85788],[2.66373,44.85639],[2.66286,44.85384],[2.66161,44.85229],[2.66079,44.85243],[2.6592,44.85135],[2.65857,44.84699],[2.65734,44.84645],[2.65878,44.84397],[2.65625,44.84258],[2.65736,44.84011],[2.65889,44.83884],[2.65863,44.8366],[2.66038,44.83724],[2.6615,44.8383],[2.66288,44.83617],[2.66376,44.83279],[2.66176,44.82652],[2.66287,44.82654],[2.66374,44.82555],[2.66173,44.82511],[2.66296,44.82432],[2.66534,44.82399],[2.66657,44.82257],[2.66511,44.82145],[2.66567,44.81916],[2.66458,44.81696],[2.66501,44.81471],[2.6633,44.81507],[2.66254,44.81355],[2.66151,44.81017],[2.66416,44.80971],[2.66529,44.80872],[2.66683,44.80888],[2.67155,44.80757],[2.67445,44.8064],[2.67703,44.80472],[2.67842,44.80521],[2.68007,44.80516],[2.68172,44.80334],[2.6837,44.80252],[2.6824,44.80152],[2.68318,44.80074],[2.68328,44.79864],[2.68229,44.79771],[2.684,44.79637],[2.68257,44.79512],[2.68072,44.79455],[2.6807,44.79366],[2.68235,44.79304],[2.68163,44.79227],[2.68223,44.79134],[2.68434,44.79113],[2.68404,44.78965],[2.68708,44.78858],[2.68673,44.78709],[2.68867,44.78609],[2.68665,44.78456],[2.68369,44.78295],[2.68184,44.78142],[2.6814,44.78028],[2.68183,44.77854],[2.67992,44.77751],[2.6795,44.7782],[2.67786,44.77882],[2.67611,44.78005],[2.67378,44.78067],[2.67233,44.78145],[2.66939,44.78187],[2.66822,44.78667],[2.66922,44.79004],[2.66639,44.78946],[2.66488,44.79],[2.66279,44.78969],[2.66305,44.79145],[2.66022,44.79307],[2.65966,44.79429],[2.65801,44.79515],[2.65941,44.79623],[2.6591,44.79803],[2.66076,44.79834],[2.66348,44.80036],[2.66298,44.80117],[2.66375,44.80229],[2.66285,44.80292],[2.66521,44.80422],[2.66465,44.80517],[2.66256,44.80643],[2.66161,44.80585],[2.66054,44.80662],[2.65969,44.80922],[2.65753,44.81009],[2.65695,44.80906],[2.65687,44.80546],[2.65409,44.80524],[2.65011,44.80548],[2.64897,44.80481],[2.64758,44.80499],[2.64639,44.80625],[2.64545,44.80612],[2.64277,44.80433],[2.64156,44.80425],[2.64161,44.80294],[2.64023,44.80256],[2.63844,44.8012],[2.63657,44.79885],[2.63166,44.79745],[2.62836,44.79746],[2.62669,44.79716],[2.62441,44.79803],[2.61984,44.79675],[2.61774,44.79573],[2.61717,44.79452],[2.61525,44.79289],[2.61642,44.79184],[2.61611,44.79041],[2.61519,44.78987],[2.61456,44.78821],[2.61508,44.78705],[2.61419,44.78624],[2.61432,44.78512],[2.61026,44.78474],[2.60817,44.78589],[2.60652,44.78515],[2.60638,44.7838],[2.60435,44.78266],[2.60218,44.78234],[2.59796,44.78427],[2.59689,44.78288],[2.59505,44.78211],[2.59282,44.78306],[2.59145,44.7819],[2.58973,44.78142],[2.59026,44.77999],[2.5887,44.7796],[2.58704,44.77998],[2.58698,44.78158],[2.58635,44.78271],[2.58653,44.7839]]]}},{"type":"Feature","id":"fr-commune-12278","properties":{"id":"fr-commune-12278","name":"Tayrac","kind":"commune","center":[2.2466,44.2042],"code":"12278","department":"12"},"bbox":[2.21611,44.17847,2.2768,44.22996],"geometry":{"type":"Polygon","coordinates":[[[2.26736,44.20926],[2.27116,44.20746],[2.27173,44.20695],[2.27469,44.20275],[2.2768,44.20109],[2.27415,44.20142],[2.27457,44.19955],[2.27377,44.19858],[2.27195,44.19905],[2.27156,44.1977],[2.27002,44.19927],[2.2691,44.19916],[2.26768,44.19603],[2.26848,44.19406],[2.26841,44.19208],[2.2662,44.19078],[2.2647,44.19062],[2.26285,44.19269],[2.26008,44.19227],[2.25888,44.19023],[2.25659,44.19025],[2.25432,44.19153],[2.25032,44.18732],[2.2482,44.18768],[2.24884,44.18638],[2.24884,44.18508],[2.24697,44.18413],[2.24674,44.18513],[2.24565,44.18554],[2.2451,44.18429],[2.24508,44.1828],[2.24378,44.18236],[2.24125,44.1844],[2.23933,44.18454],[2.23766,44.18289],[2.23661,44.18272],[2.23531,44.18504],[2.2328,44.18316],[2.23065,44.18323],[2.22959,44.18276],[2.23049,44.18161],[2.2289,44.1803],[2.22639,44.18011],[2.22363,44.17847],[2.22286,44.17876],[2.22286,44.18116],[2.22083,44.18067],[2.21937,44.18101],[2.21979,44.18317],[2.21857,44.18506],[2.21658,44.18578],[2.21723,44.18647],[2.2189,44.18626],[2.21918,44.18765],[2.21765,44.18813],[2.21884,44.18909],[2.21842,44.18965],[2.21998,44.19168],[2.21815,44.19349],[2.21722,44.19276],[2.21611,44.19405],[2.21687,44.1959],[2.21917,44.19892],[2.2204,44.20131],[2.21903,44.20199],[2.21938,44.20336],[2.21836,44.20485],[2.21916,44.20538],[2.21901,44.20712],[2.21715,44.20767],[2.21934,44.20911],[2.21987,44.21032],[2.22449,44.21041],[2.22462,44.21108],[2.2222,44.21177],[2.22349,44.21274],[2.22375,44.21508],[2.22623,44.21628],[2.22754,44.21639],[2.22736,44.2177],[2.22908,44.21797],[2.23022,44.21954],[2.23329,44.22034],[2.23374,44.22153],[2.23579,44.22192],[2.23393,44.22413],[2.23627,44.2256],[2.23657,44.2275],[2.2391,44.22808],[2.23991,44.2274],[2.24158,44.22705],[2.24346,44.22635],[2.24633,44.22651],[2.24777,44.22831],[2.24914,44.22899],[2.25297,44.22919],[2.25516,44.22996],[2.25803,44.22801],[2.25556,44.22632],[2.2562,44.22467],[2.25618,44.2213],[2.25658,44.21993],[2.25901,44.2185],[2.25834,44.21777],[2.26109,44.21632],[2.26303,44.21428],[2.26405,44.21222],[2.2648,44.21178],[2.26492,44.21042],[2.26736,44.20926]]]}},{"type":"Feature","id":"fr-commune-12280","properties":{"id":"fr-commune-12280","name":"Thérondels","kind":"commune","center":[2.7398,44.8951],"code":"12280","department":"12"},"bbox":[2.69642,44.84867,2.78322,44.94144],"geometry":{"type":"Polygon","coordinates":[[[2.75475,44.84919],[2.75444,44.85206],[2.75246,44.85386],[2.75104,44.85718],[2.75079,44.85848],[2.75193,44.85897],[2.75024,44.86082],[2.75145,44.86199],[2.75108,44.86316],[2.75125,44.86483],[2.74898,44.86613],[2.74756,44.86745],[2.74757,44.86866],[2.7465,44.86979],[2.74479,44.86998],[2.74366,44.87137],[2.74083,44.873],[2.7383,44.87274],[2.73719,44.87634],[2.7335,44.87469],[2.73119,44.8733],[2.73001,44.87408],[2.72531,44.8718],[2.72279,44.87208],[2.72119,44.87051],[2.71955,44.8711],[2.71618,44.87008],[2.71713,44.86906],[2.71587,44.86679],[2.71435,44.86667],[2.71361,44.86549],[2.71129,44.86523],[2.70963,44.86303],[2.7066,44.86344],[2.70717,44.86522],[2.70522,44.86561],[2.70522,44.86439],[2.70426,44.8635],[2.7018,44.86427],[2.70174,44.86476],[2.70099,44.86657],[2.70235,44.86714],[2.70255,44.86871],[2.7035,44.86979],[2.70277,44.87079],[2.7034,44.87446],[2.70375,44.87508],[2.70156,44.87681],[2.6986,44.87814],[2.69644,44.87762],[2.69642,44.87889],[2.69726,44.87967],[2.70107,44.8807],[2.70102,44.88215],[2.70261,44.88296],[2.70341,44.88433],[2.70547,44.88678],[2.70553,44.88905],[2.70702,44.89021],[2.71001,44.89345],[2.70622,44.89337],[2.70166,44.89397],[2.70096,44.89315],[2.69919,44.89276],[2.69643,44.89282],[2.69733,44.8939],[2.69825,44.89361],[2.70215,44.89578],[2.70596,44.89688],[2.7091,44.89831],[2.71259,44.9009],[2.71382,44.90148],[2.71368,44.90302],[2.71122,44.90846],[2.7094,44.90752],[2.70636,44.90714],[2.70828,44.90834],[2.70753,44.91095],[2.70984,44.91473],[2.71042,44.91675],[2.71226,44.9172],[2.71246,44.91836],[2.71107,44.91918],[2.71324,44.92165],[2.71438,44.92164],[2.71363,44.92359],[2.71558,44.92388],[2.71498,44.92578],[2.71359,44.92713],[2.7162,44.92906],[2.71669,44.92888],[2.71919,44.9272],[2.72068,44.92564],[2.72221,44.92464],[2.72377,44.92455],[2.72452,44.92603],[2.72406,44.92688],[2.72521,44.92753],[2.72631,44.92953],[2.7267,44.93115],[2.72602,44.93147],[2.72637,44.93345],[2.72789,44.93488],[2.72905,44.93699],[2.73164,44.93692],[2.73424,44.93755],[2.73349,44.93831],[2.73562,44.93937],[2.73715,44.93959],[2.73769,44.94041],[2.7384,44.94144],[2.74053,44.94],[2.742,44.93849],[2.74135,44.93795],[2.74312,44.93659],[2.74305,44.93476],[2.74115,44.93283],[2.74081,44.93176],[2.74171,44.93113],[2.74228,44.92891],[2.74369,44.92894],[2.74559,44.93095],[2.7482,44.93259],[2.75005,44.93295],[2.7499,44.93401],[2.7516,44.93397],[2.75607,44.93265],[2.76032,44.93006],[2.76026,44.92802],[2.76074,44.92628],[2.76196,44.92463],[2.76515,44.92262],[2.76694,44.92099],[2.77185,44.91802],[2.77276,44.91689],[2.77366,44.91357],[2.77451,44.91202],[2.77549,44.91128],[2.77581,44.90962],[2.77592,44.90892],[2.77449,44.90725],[2.77318,44.90495],[2.77284,44.90357],[2.77173,44.90179],[2.77236,44.90053],[2.77195,44.89848],[2.7735,44.89706],[2.773,44.89556],[2.77459,44.89429],[2.77453,44.8937],[2.77574,44.89131],[2.77579,44.8902],[2.777,44.88832],[2.77841,44.88751],[2.77697,44.8858],[2.77512,44.88473],[2.77551,44.88405],[2.77395,44.88024],[2.77074,44.87992],[2.7705,44.87822],[2.77107,44.87596],[2.76878,44.87436],[2.77004,44.87393],[2.76996,44.87257],[2.77089,44.87105],[2.76843,44.87018],[2.76822,44.86795],[2.76722,44.86571],[2.7679,44.86419],[2.76928,44.86288],[2.76984,44.86123],[2.7709,44.86045],[2.77061,44.85893],[2.77207,44.85855],[2.77121,44.85747],[2.77283,44.85534],[2.77393,44.85481],[2.77579,44.85764],[2.7769,44.85806],[2.77845,44.85723],[2.78074,44.85706],[2.78142,44.85783],[2.78322,44.85601],[2.78313,44.85426],[2.78206,44.85217],[2.77925,44.84959],[2.77812,44.84905],[2.77473,44.84867],[2.77005,44.84951],[2.76773,44.85152],[2.76491,44.85108],[2.7634,44.85028],[2.76016,44.84917],[2.75875,44.84895],[2.75475,44.84919]]]}},{"type":"Feature","id":"fr-commune-12281","properties":{"id":"fr-commune-12281","name":"Toulonjac","kind":"commune","center":[2.0013,44.3799],"code":"12281","department":"12"},"bbox":[1.97581,44.3623,2.02674,44.39726],"geometry":{"type":"Polygon","coordinates":[[[1.97985,44.37062],[1.98045,44.37192],[1.979,44.37344],[1.98296,44.37358],[1.98243,44.37547],[1.98081,44.37568],[1.98218,44.37791],[1.97878,44.37989],[1.97906,44.3803],[1.97581,44.3812],[1.97717,44.38401],[1.97937,44.38405],[1.98226,44.38461],[1.98333,44.38412],[1.98614,44.38624],[1.98745,44.38783],[1.98719,44.38953],[1.98865,44.39183],[1.99111,44.39292],[1.99398,44.39385],[1.99509,44.3924],[1.99801,44.3951],[1.99919,44.39726],[2.00099,44.39661],[2.00495,44.39689],[2.00502,44.39548],[2.0074,44.39234],[2.00873,44.39258],[2.00912,44.39144],[2.01225,44.38835],[2.0118,44.38727],[2.01327,44.38719],[2.01385,44.38641],[2.01182,44.38565],[2.01499,44.38432],[2.01708,44.38562],[2.0177,44.38647],[2.01946,44.38616],[2.0246,44.38704],[2.02674,44.38595],[2.0259,44.38451],[2.02557,44.38253],[2.02576,44.38123],[2.0246,44.37863],[2.02372,44.37769],[2.02063,44.3759],[2.01799,44.37508],[2.00151,44.37321],[1.99881,44.37222],[1.98687,44.36305],[1.98611,44.3623],[1.98548,44.3647],[1.98418,44.36716],[1.98086,44.36913],[1.97985,44.37062]]]}},{"type":"Feature","id":"fr-commune-12282","properties":{"id":"fr-commune-12282","name":"Tournemire","kind":"commune","center":[3.0242,43.9678],"code":"12282","department":"12"},"bbox":[3.00283,43.94628,3.04558,43.9894],"geometry":{"type":"Polygon","coordinates":[[[3.03992,43.94827],[3.03402,43.94798],[3.03274,43.94699],[3.03025,43.94628],[3.02833,43.94725],[3.02796,43.94822],[3.0238,43.9489],[3.02224,43.95136],[3.02337,43.9514],[3.02345,43.95306],[3.02423,43.95521],[3.02193,43.95608],[3.01815,43.9565],[3.01616,43.95811],[3.0166,43.959],[3.01258,43.9601],[3.00871,43.95988],[3.0076,43.95957],[3.00603,43.95994],[3.00349,43.96111],[3.00283,43.96339],[3.00285,43.9668],[3.00575,43.96785],[3.00758,43.96926],[3.00991,43.97185],[3.01152,43.97432],[3.01309,43.97488],[3.01508,43.97499],[3.0164,43.9757],[3.02048,43.97582],[3.02171,43.97507],[3.02327,43.97583],[3.02216,43.97778],[3.01767,43.97914],[3.0178,43.98025],[3.01941,43.98023],[3.01937,43.98229],[3.01707,43.98289],[3.01716,43.98486],[3.01957,43.98408],[3.02014,43.98734],[3.02781,43.98748],[3.03035,43.98763],[3.0326,43.98744],[3.03826,43.98635],[3.03912,43.9894],[3.04338,43.98912],[3.04534,43.98732],[3.04558,43.98628],[3.04545,43.97885],[3.04234,43.97868],[3.03796,43.97772],[3.03787,43.97589],[3.03612,43.97216],[3.03165,43.9676],[3.02931,43.96574],[3.03203,43.9658],[3.03266,43.96457],[3.03444,43.96387],[3.0396,43.96276],[3.04044,43.96199],[3.04068,43.95955],[3.04306,43.95684],[3.04383,43.95553],[3.04447,43.95298],[3.04323,43.95116],[3.04031,43.94939],[3.03992,43.94827]]]}},{"type":"Feature","id":"fr-commune-12283","properties":{"id":"fr-commune-12283","name":"Trémouilles","kind":"commune","center":[2.6371,44.2397],"code":"12283","department":"12"},"bbox":[2.57327,44.21042,2.70063,44.26895],"geometry":{"type":"Polygon","coordinates":[[[2.64416,44.2134],[2.64244,44.21409],[2.64206,44.21486],[2.64032,44.21611],[2.63825,44.21812],[2.63687,44.22166],[2.63527,44.22258],[2.63493,44.22359],[2.63258,44.22534],[2.63101,44.2278],[2.63198,44.22994],[2.62953,44.23201],[2.6256,44.23278],[2.62486,44.23185],[2.62586,44.23072],[2.62524,44.22889],[2.62377,44.22711],[2.62206,44.22688],[2.62156,44.22616],[2.62001,44.22681],[2.62114,44.22771],[2.62033,44.22875],[2.61866,44.22806],[2.61925,44.22999],[2.61639,44.22858],[2.61326,44.22661],[2.61176,44.22715],[2.61,44.22616],[2.61106,44.22477],[2.6071,44.22378],[2.60611,44.22492],[2.60655,44.22595],[2.60581,44.22667],[2.60319,44.22677],[2.60286,44.22865],[2.60111,44.23038],[2.59926,44.23109],[2.59864,44.22945],[2.59769,44.22876],[2.59405,44.23052],[2.59361,44.22917],[2.59152,44.22915],[2.59533,44.23309],[2.59606,44.23409],[2.59545,44.23507],[2.59696,44.23623],[2.59698,44.23805],[2.59433,44.23806],[2.59426,44.23922],[2.59185,44.24064],[2.5876,44.24245],[2.58344,44.24307],[2.57845,44.24354],[2.58123,44.24598],[2.57674,44.24851],[2.57561,44.25023],[2.57327,44.25123],[2.57561,44.25234],[2.57618,44.25328],[2.58044,44.25255],[2.58146,44.25445],[2.57969,44.25736],[2.58102,44.25825],[2.58195,44.26082],[2.58395,44.2598],[2.58632,44.26002],[2.58746,44.25872],[2.58951,44.25756],[2.59252,44.25871],[2.59346,44.26128],[2.59574,44.26165],[2.59606,44.26004],[2.59798,44.26046],[2.60057,44.25913],[2.6021,44.25993],[2.60223,44.26119],[2.60388,44.26084],[2.60293,44.25847],[2.60522,44.2575],[2.60533,44.25492],[2.60714,44.25292],[2.60865,44.25221],[2.61019,44.25205],[2.61086,44.25087],[2.61261,44.25082],[2.61431,44.25248],[2.61576,44.25239],[2.61783,44.25337],[2.61896,44.25517],[2.62042,44.25509],[2.62262,44.25411],[2.62081,44.25064],[2.62112,44.24946],[2.6225,44.2494],[2.62569,44.24858],[2.62701,44.24772],[2.62745,44.24908],[2.62632,44.2502],[2.62602,44.25178],[2.62733,44.25177],[2.6279,44.2533],[2.62722,44.25411],[2.62929,44.25741],[2.63158,44.25805],[2.63491,44.25741],[2.63709,44.25864],[2.64021,44.25877],[2.6416,44.26044],[2.64359,44.26123],[2.64606,44.26171],[2.64957,44.26346],[2.65176,44.26508],[2.65148,44.26628],[2.65213,44.26838],[2.65305,44.26883],[2.65513,44.26895],[2.66012,44.26791],[2.66119,44.26521],[2.65911,44.26415],[2.65838,44.26296],[2.65582,44.26255],[2.65468,44.26071],[2.65662,44.25953],[2.66078,44.25937],[2.66234,44.25865],[2.66428,44.25829],[2.66617,44.25736],[2.66633,44.25635],[2.66557,44.25499],[2.66515,44.25272],[2.66322,44.25059],[2.66307,44.24832],[2.66476,44.24756],[2.66842,44.24803],[2.66898,44.24674],[2.66851,44.24536],[2.66885,44.24378],[2.6715,44.2426],[2.6731,44.24257],[2.67413,44.2418],[2.67625,44.2411],[2.6766,44.24014],[2.67864,44.23852],[2.68235,44.23923],[2.685,44.23908],[2.6863,44.23747],[2.68688,44.23601],[2.68876,44.23385],[2.68998,44.23306],[2.68923,44.23014],[2.69181,44.23083],[2.69334,44.2304],[2.69332,44.22843],[2.6949,44.22711],[2.69588,44.22699],[2.69673,44.22472],[2.69533,44.22324],[2.69649,44.22069],[2.69728,44.22016],[2.69731,44.21867],[2.70063,44.21663],[2.69946,44.21513],[2.70044,44.21436],[2.69942,44.21327],[2.69804,44.21283],[2.699,44.21042],[2.69746,44.2108],[2.6971,44.21283],[2.6961,44.21382],[2.69615,44.21477],[2.69267,44.21581],[2.6921,44.21482],[2.69016,44.21497],[2.69097,44.2173],[2.68956,44.21835],[2.6915,44.21905],[2.69107,44.21986],[2.68883,44.22099],[2.68708,44.21925],[2.68561,44.22139],[2.68408,44.22128],[2.68245,44.22255],[2.67957,44.22337],[2.67921,44.22472],[2.67595,44.22352],[2.67519,44.22266],[2.67325,44.22194],[2.67189,44.22205],[2.67033,44.22079],[2.67035,44.22006],[2.66747,44.21814],[2.66629,44.21899],[2.66514,44.21901],[2.66244,44.21784],[2.6619,44.21723],[2.65925,44.21619],[2.65789,44.21671],[2.65518,44.21699],[2.65268,44.21757],[2.65189,44.21872],[2.65216,44.2197],[2.64684,44.22027],[2.64438,44.22025],[2.64354,44.21923],[2.64358,44.21762],[2.64559,44.21584],[2.64543,44.21365],[2.64416,44.2134]]]}},{"type":"Feature","id":"fr-commune-12284","properties":{"id":"fr-commune-12284","name":"Le Truel","kind":"commune","center":[2.7511,44.0549],"code":"12284","department":"12"},"bbox":[2.71472,44.01867,2.78741,44.09121],"geometry":{"type":"Polygon","coordinates":[[[2.73168,44.03451],[2.73216,44.03592],[2.73598,44.03901],[2.73187,44.04215],[2.72931,44.0433],[2.72826,44.04564],[2.72497,44.0462],[2.72365,44.04706],[2.72274,44.049],[2.72146,44.05082],[2.71957,44.05208],[2.71984,44.05468],[2.71899,44.05606],[2.71768,44.05725],[2.71587,44.06157],[2.71472,44.0627],[2.7163,44.06553],[2.71605,44.06719],[2.71531,44.06813],[2.71522,44.06948],[2.71674,44.07052],[2.71721,44.07195],[2.71676,44.07342],[2.71713,44.07546],[2.71675,44.07624],[2.71722,44.07755],[2.71682,44.07849],[2.71727,44.08069],[2.717,44.08435],[2.71915,44.08466],[2.72133,44.0846],[2.7178,44.08659],[2.71937,44.08737],[2.7217,44.08921],[2.72249,44.09121],[2.72785,44.0899],[2.73293,44.08965],[2.73495,44.08893],[2.74062,44.08634],[2.74337,44.08343],[2.74597,44.08248],[2.74778,44.08145],[2.75047,44.08073],[2.75462,44.07926],[2.75524,44.07763],[2.75735,44.07523],[2.76136,44.07376],[2.76242,44.07402],[2.76454,44.07371],[2.76477,44.07271],[2.76597,44.07153],[2.76849,44.07029],[2.76809,44.06954],[2.76917,44.06679],[2.76863,44.06659],[2.76582,44.06733],[2.76745,44.06515],[2.76543,44.06414],[2.76969,44.06136],[2.76914,44.05936],[2.76831,44.05794],[2.76715,44.05695],[2.7639,44.05237],[2.76649,44.05157],[2.768,44.05079],[2.7696,44.04901],[2.7735,44.04906],[2.77533,44.04783],[2.77727,44.0478],[2.78134,44.04597],[2.78214,44.04445],[2.78486,44.04306],[2.78741,44.04084],[2.7873,44.0398],[2.78542,44.03871],[2.78543,44.03588],[2.78367,44.03342],[2.78241,44.03239],[2.7804,44.02988],[2.77852,44.02818],[2.77867,44.02709],[2.77602,44.02444],[2.77518,44.0229],[2.77208,44.02333],[2.77135,44.02381],[2.76914,44.02406],[2.76802,44.02264],[2.76386,44.02151],[2.76128,44.0197],[2.76066,44.01867],[2.75638,44.01944],[2.75418,44.0203],[2.74952,44.0205],[2.74668,44.01885],[2.74356,44.01926],[2.74332,44.021],[2.74411,44.02343],[2.74243,44.02481],[2.74273,44.02566],[2.74208,44.02834],[2.74091,44.03088],[2.74109,44.03254],[2.73854,44.03439],[2.73331,44.03399],[2.73168,44.03451]]]}},{"type":"Feature","id":"fr-commune-12286","properties":{"id":"fr-commune-12286","name":"Vabres-l'Abbaye","kind":"commune","center":[2.8106,43.9252],"code":"12286","department":"12"},"bbox":[2.73949,43.89338,2.88156,43.95733],"geometry":{"type":"Polygon","coordinates":[[[2.87185,43.9053],[2.87122,43.90579],[2.85882,43.90627],[2.85563,43.90539],[2.85406,43.90539],[2.8525,43.90472],[2.85062,43.9025],[2.84874,43.90273],[2.84704,43.90243],[2.84625,43.90118],[2.84507,43.90083],[2.84334,43.90117],[2.84121,43.89856],[2.83701,43.89732],[2.83401,43.89804],[2.83204,43.89801],[2.82887,43.89732],[2.82681,43.89659],[2.82297,43.89862],[2.8219,43.89713],[2.81819,43.89592],[2.8173,43.89364],[2.81602,43.89338],[2.81407,43.89732],[2.81265,43.89889],[2.80858,43.89855],[2.80711,43.89872],[2.80488,43.89802],[2.80299,43.89923],[2.79953,43.89923],[2.79678,43.90102],[2.79614,43.90111],[2.79259,43.90389],[2.79166,43.9042],[2.78848,43.90354],[2.7871,43.90216],[2.78593,43.90342],[2.78382,43.90417],[2.78113,43.90417],[2.77978,43.90468],[2.77879,43.9039],[2.77485,43.90365],[2.77104,43.90581],[2.7699,43.90682],[2.76679,43.90794],[2.76582,43.90914],[2.7611,43.9097],[2.75789,43.90948],[2.75318,43.90863],[2.75186,43.90897],[2.74918,43.90884],[2.74911,43.90954],[2.74708,43.9094],[2.7456,43.9103],[2.74516,43.91156],[2.74394,43.91217],[2.74217,43.91402],[2.74206,43.91501],[2.74287,43.91677],[2.74166,43.91759],[2.74176,43.91854],[2.74288,43.91974],[2.74217,43.92077],[2.74088,43.9214],[2.74035,43.92332],[2.73949,43.92398],[2.74224,43.92493],[2.74511,43.92541],[2.74636,43.92602],[2.74863,43.92592],[2.75135,43.92657],[2.75246,43.92588],[2.75517,43.92646],[2.75667,43.92771],[2.76287,43.92623],[2.7656,43.92691],[2.76379,43.92833],[2.76395,43.93028],[2.76668,43.92977],[2.77009,43.92843],[2.7733,43.92843],[2.77581,43.93061],[2.77894,43.93146],[2.7836,43.93184],[2.78633,43.93128],[2.7868,43.93097],[2.79183,43.93026],[2.79356,43.93085],[2.79754,43.93135],[2.80125,43.93255],[2.80149,43.93339],[2.80337,43.93434],[2.80655,43.93424],[2.80855,43.93444],[2.81186,43.93362],[2.81328,43.93384],[2.81616,43.93486],[2.81657,43.93582],[2.81912,43.93701],[2.82081,43.939],[2.82287,43.94229],[2.82476,43.94408],[2.82691,43.94528],[2.82778,43.94534],[2.82905,43.94944],[2.83064,43.95112],[2.8306,43.95331],[2.82997,43.95548],[2.83085,43.95622],[2.83204,43.95594],[2.83504,43.95622],[2.83804,43.9552],[2.84159,43.95465],[2.84331,43.95468],[2.84413,43.95651],[2.84625,43.95733],[2.84775,43.95536],[2.85,43.95535],[2.8534,43.95603],[2.85347,43.95493],[2.85173,43.95421],[2.85245,43.95357],[2.85233,43.95192],[2.85363,43.94988],[2.85531,43.94934],[2.8584,43.94748],[2.86003,43.94492],[2.86243,43.94366],[2.86476,43.94113],[2.86387,43.93715],[2.86195,43.93405],[2.86533,43.9326],[2.86757,43.93211],[2.87013,43.93237],[2.87283,43.93439],[2.87433,43.93342],[2.87628,43.93314],[2.87698,43.92882],[2.87634,43.92695],[2.87752,43.92529],[2.87764,43.92313],[2.87583,43.91902],[2.87584,43.91838],[2.88101,43.91435],[2.88156,43.91353],[2.88131,43.90918],[2.88127,43.90813],[2.87977,43.90784],[2.87185,43.9053]]]}},{"type":"Feature","id":"fr-commune-12287","properties":{"id":"fr-commune-12287","name":"Vailhourles","kind":"commune","center":[1.9069,44.31],"code":"12287","department":"12"},"bbox":[1.85934,44.2791,1.95451,44.34099],"geometry":{"type":"Polygon","coordinates":[[[1.94027,44.28255],[1.93721,44.28073],[1.93239,44.28099],[1.9274,44.27999],[1.92676,44.28216],[1.92308,44.28195],[1.92259,44.28166],[1.91874,44.28103],[1.91729,44.28107],[1.91464,44.28182],[1.9101,44.28144],[1.90338,44.28008],[1.90155,44.2793],[1.90068,44.2791],[1.89543,44.2813],[1.89367,44.28124],[1.88707,44.28444],[1.88463,44.28655],[1.88016,44.28809],[1.87649,44.28855],[1.87446,44.29016],[1.87221,44.29127],[1.86871,44.29211],[1.8717,44.29466],[1.8739,44.29594],[1.87501,44.29706],[1.87594,44.29873],[1.87812,44.30009],[1.88181,44.30439],[1.88023,44.30495],[1.87835,44.30646],[1.87728,44.3079],[1.87344,44.31095],[1.86973,44.3145],[1.86673,44.31607],[1.86259,44.31787],[1.85934,44.32044],[1.86108,44.3236],[1.86264,44.32474],[1.86504,44.32793],[1.87182,44.3325],[1.87406,44.33371],[1.87766,44.33611],[1.88135,44.33498],[1.88305,44.33395],[1.88562,44.33526],[1.89023,44.33124],[1.89104,44.33205],[1.89411,44.33193],[1.89425,44.32959],[1.8957,44.32798],[1.89817,44.32594],[1.90209,44.32493],[1.90837,44.32649],[1.91046,44.32583],[1.91392,44.32345],[1.91442,44.3265],[1.91674,44.32883],[1.92263,44.33252],[1.92449,44.33582],[1.92517,44.33596],[1.92658,44.33357],[1.92969,44.33118],[1.93147,44.33148],[1.93276,44.33218],[1.93571,44.33465],[1.93637,44.33549],[1.93685,44.33782],[1.9376,44.33924],[1.93968,44.34099],[1.94251,44.33987],[1.94531,44.33828],[1.94923,44.33738],[1.94868,44.3357],[1.95031,44.3328],[1.94922,44.33076],[1.94833,44.33048],[1.9472,44.3283],[1.94707,44.32505],[1.94776,44.32377],[1.95074,44.32212],[1.95204,44.32187],[1.95426,44.3202],[1.95451,44.3192],[1.94832,44.31776],[1.94299,44.32057],[1.94184,44.32074],[1.93948,44.31929],[1.93843,44.31758],[1.93651,44.31565],[1.93492,44.31345],[1.93374,44.31257],[1.9333,44.31113],[1.93727,44.31035],[1.93841,44.30909],[1.94357,44.30743],[1.94753,44.30541],[1.9507,44.30323],[1.94858,44.30189],[1.94773,44.30094],[1.9512,44.29757],[1.94867,44.29565],[1.95085,44.29439],[1.94877,44.29242],[1.94383,44.28894],[1.94277,44.28799],[1.93877,44.28299],[1.94027,44.28255]]]}},{"type":"Feature","id":"fr-commune-12288","properties":{"id":"fr-commune-12288","name":"Valady","kind":"commune","center":[2.4412,44.4462],"code":"12288","department":"12"},"bbox":[2.41123,44.42202,2.47113,44.47032],"geometry":{"type":"Polygon","coordinates":[[[2.44268,44.42698],[2.44209,44.42774],[2.44058,44.42805],[2.43987,44.43075],[2.4364,44.43246],[2.43536,44.43062],[2.43266,44.43102],[2.43133,44.43157],[2.43195,44.43251],[2.42986,44.43317],[2.42863,44.43433],[2.42634,44.43481],[2.42178,44.43625],[2.41825,44.43629],[2.41786,44.43709],[2.41884,44.43923],[2.41872,44.44062],[2.41688,44.4408],[2.41691,44.44299],[2.41606,44.44301],[2.41549,44.4458],[2.41408,44.44661],[2.41417,44.44762],[2.41293,44.44793],[2.41238,44.44933],[2.41507,44.44958],[2.41584,44.45039],[2.41345,44.45172],[2.41123,44.45343],[2.41221,44.45431],[2.41334,44.45395],[2.41648,44.4539],[2.41779,44.45454],[2.41987,44.45431],[2.42172,44.45463],[2.42155,44.45589],[2.42212,44.45852],[2.42274,44.45894],[2.42312,44.46063],[2.42149,44.46182],[2.41903,44.46446],[2.41765,44.46535],[2.41771,44.46752],[2.41924,44.46976],[2.42247,44.47032],[2.42605,44.4686],[2.42593,44.46757],[2.42712,44.46734],[2.43014,44.46833],[2.43208,44.46703],[2.4349,44.46711],[2.43577,44.46562],[2.43747,44.46579],[2.43654,44.46788],[2.43742,44.46824],[2.44013,44.46738],[2.44296,44.46769],[2.44377,44.46863],[2.44509,44.46755],[2.44703,44.46788],[2.44917,44.46413],[2.45071,44.46331],[2.45468,44.46532],[2.45571,44.46439],[2.45393,44.46242],[2.4568,44.46094],[2.46035,44.4603],[2.46298,44.46043],[2.46348,44.45827],[2.46291,44.45691],[2.46376,44.45523],[2.46792,44.45196],[2.4707,44.45227],[2.47113,44.45112],[2.46976,44.44987],[2.4688,44.44664],[2.46771,44.44572],[2.46821,44.44436],[2.46711,44.44235],[2.46526,44.4422],[2.46321,44.44151],[2.46261,44.43975],[2.46274,44.43837],[2.46643,44.43828],[2.46336,44.43387],[2.46411,44.43288],[2.46285,44.42722],[2.46062,44.42482],[2.45722,44.42657],[2.45571,44.42202],[2.44424,44.42646],[2.44268,44.42698]]]}},{"type":"Feature","id":"fr-commune-12289","properties":{"id":"fr-commune-12289","name":"Valzergues","kind":"commune","center":[2.2195,44.5074],"code":"12289","department":"12"},"bbox":[2.19767,44.49166,2.24133,44.52313],"geometry":{"type":"Polygon","coordinates":[[[2.2196,44.52237],[2.22203,44.52233],[2.22421,44.52313],[2.22532,44.52292],[2.22584,44.52154],[2.22825,44.5199],[2.23017,44.51904],[2.23028,44.51849],[2.23346,44.51636],[2.23401,44.51561],[2.23619,44.51502],[2.23725,44.51241],[2.2398,44.51173],[2.24133,44.51072],[2.23954,44.50981],[2.23734,44.506],[2.23784,44.50346],[2.23758,44.50148],[2.23554,44.50074],[2.23404,44.49934],[2.23396,44.49758],[2.23289,44.49611],[2.23227,44.49443],[2.22603,44.49401],[2.22409,44.49437],[2.21776,44.49507],[2.21599,44.49166],[2.21227,44.49216],[2.21038,44.49292],[2.2075,44.49217],[2.20646,44.4937],[2.20012,44.49955],[2.19767,44.50236],[2.20071,44.50168],[2.20073,44.50405],[2.20319,44.50416],[2.20439,44.50475],[2.20648,44.50487],[2.20844,44.50588],[2.20769,44.507],[2.20862,44.50803],[2.20852,44.50889],[2.20959,44.50969],[2.21141,44.51218],[2.21279,44.51287],[2.21335,44.51389],[2.2151,44.51482],[2.21742,44.51457],[2.21883,44.51582],[2.21719,44.51823],[2.21918,44.52103],[2.2196,44.52237]]]}},{"type":"Feature","id":"fr-commune-12290","properties":{"id":"fr-commune-12290","name":"Vaureilles","kind":"commune","center":[2.1874,44.4559],"code":"12290","department":"12"},"bbox":[2.15176,44.43211,2.22313,44.47984],"geometry":{"type":"Polygon","coordinates":[[[2.16013,44.4454],[2.15835,44.44508],[2.15501,44.44652],[2.15298,44.44813],[2.15176,44.45102],[2.15177,44.45201],[2.15494,44.45184],[2.15645,44.45092],[2.15923,44.45027],[2.16088,44.45033],[2.16269,44.44958],[2.16233,44.45145],[2.16263,44.45554],[2.16515,44.45571],[2.16659,44.45499],[2.16766,44.45575],[2.16629,44.45843],[2.16465,44.45983],[2.1647,44.46116],[2.1659,44.46257],[2.16784,44.46419],[2.16904,44.46633],[2.16884,44.46746],[2.1668,44.46893],[2.16336,44.47086],[2.16159,44.46966],[2.15967,44.46941],[2.15776,44.47056],[2.16332,44.47336],[2.16418,44.47337],[2.16424,44.4779],[2.16497,44.47964],[2.16933,44.47984],[2.1741,44.47906],[2.1783,44.47738],[2.18089,44.47437],[2.18235,44.47307],[2.18378,44.47092],[2.18939,44.46414],[2.19239,44.46279],[2.19379,44.46186],[2.19857,44.46206],[2.19969,44.46177],[2.20103,44.46026],[2.20149,44.45909],[2.20298,44.4592],[2.20485,44.45858],[2.21104,44.45811],[2.21249,44.45711],[2.21627,44.45677],[2.21708,44.45641],[2.22097,44.45655],[2.22191,44.45597],[2.22313,44.45319],[2.22289,44.45129],[2.22018,44.45105],[2.2149,44.45173],[2.21217,44.45256],[2.21142,44.4494],[2.21199,44.44828],[2.21103,44.44738],[2.21233,44.4465],[2.21694,44.44543],[2.219,44.44549],[2.21919,44.44395],[2.21607,44.44464],[2.21126,44.4447],[2.21067,44.44362],[2.21232,44.44157],[2.21606,44.44111],[2.21537,44.44059],[2.21194,44.44118],[2.20929,44.43957],[2.21058,44.43861],[2.21248,44.43947],[2.21421,44.43894],[2.21515,44.43802],[2.21671,44.43754],[2.21556,44.43503],[2.21346,44.43549],[2.20957,44.43685],[2.20881,44.43811],[2.20525,44.43747],[2.20593,44.43515],[2.20349,44.43427],[2.20533,44.43215],[2.20435,44.43211],[2.1983,44.43288],[2.19433,44.43271],[2.1911,44.4324],[2.18935,44.43248],[2.18639,44.4337],[2.18088,44.43996],[2.1788,44.44037],[2.17583,44.44014],[2.17375,44.44026],[2.16944,44.43994],[2.16934,44.44062],[2.17026,44.44334],[2.16893,44.44344],[2.16668,44.44509],[2.1655,44.44551],[2.16353,44.44465],[2.16215,44.44471],[2.16013,44.4454]]]}},{"type":"Feature","id":"fr-commune-12291","properties":{"id":"fr-commune-12291","name":"Verrières","kind":"commune","center":[3.048,44.2155],"code":"12291","department":"12"},"bbox":[2.99294,44.16251,3.10304,44.2685],"geometry":{"type":"Polygon","coordinates":[[[3.08858,44.24182],[3.08888,44.24125],[3.09177,44.23896],[3.09387,44.2382],[3.09683,44.23319],[3.09464,44.23215],[3.09318,44.23078],[3.09307,44.22951],[3.09372,44.22756],[3.08856,44.2283],[3.08699,44.22809],[3.08729,44.22632],[3.0886,44.2252],[3.08872,44.22353],[3.09068,44.22323],[3.09342,44.22194],[3.09411,44.222],[3.09614,44.21943],[3.09526,44.21899],[3.09643,44.21785],[3.0976,44.21551],[3.09953,44.21504],[3.10211,44.2123],[3.10042,44.20983],[3.10049,44.208],[3.10129,44.20557],[3.10081,44.20328],[3.10172,44.20141],[3.10235,44.19912],[3.10194,44.19833],[3.10303,44.19732],[3.10273,44.19662],[3.10184,44.19544],[3.10238,44.19382],[3.10181,44.19302],[3.10304,44.19121],[3.10159,44.19045],[3.10157,44.18906],[3.10237,44.18789],[3.09705,44.18774],[3.09514,44.18861],[3.09151,44.18955],[3.08843,44.18983],[3.08737,44.18862],[3.08463,44.18765],[3.0842,44.18675],[3.0779,44.18369],[3.0777,44.18249],[3.07728,44.18163],[3.07366,44.18097],[3.07123,44.18087],[3.06663,44.18219],[3.06264,44.1815],[3.06136,44.18087],[3.0566,44.18203],[3.05129,44.18134],[3.04998,44.18186],[3.04791,44.18157],[3.04391,44.18216],[3.04285,44.18271],[3.04176,44.18224],[3.0395,44.18221],[3.03645,44.18331],[3.03234,44.18505],[3.02798,44.18184],[3.03008,44.17955],[3.03227,44.17658],[3.03244,44.17539],[3.03187,44.17398],[3.03261,44.17339],[3.0335,44.1715],[3.03448,44.17072],[3.03437,44.1686],[3.03508,44.16722],[3.0349,44.16613],[3.03232,44.16251],[3.031,44.16267],[3.02682,44.16409],[3.02383,44.16628],[3.02335,44.16703],[3.02091,44.1691],[3.02028,44.17009],[3.01701,44.17163],[3.01577,44.17333],[3.01454,44.1743],[3.01434,44.17529],[3.01043,44.17788],[3.00908,44.17999],[3.01081,44.18447],[3.0121,44.19028],[3.01263,44.19325],[3.01559,44.19913],[3.01584,44.20025],[3.01777,44.20075],[3.02078,44.20203],[3.02224,44.20325],[3.0261,44.20765],[3.02933,44.20931],[3.03074,44.21108],[3.03422,44.21272],[3.03583,44.2138],[3.03349,44.21416],[3.03214,44.21547],[3.03008,44.21601],[3.02761,44.21821],[3.02387,44.21983],[3.02232,44.22144],[3.02097,44.22371],[3.01857,44.22473],[3.01376,44.22471],[3.00919,44.22528],[3.00774,44.22524],[3.00495,44.22964],[3.00494,44.23051],[3.00296,44.23632],[3.00106,44.23817],[2.99854,44.23967],[2.99579,44.24163],[2.99547,44.24307],[2.9937,44.24506],[2.99294,44.24791],[2.99445,44.25082],[2.998,44.25096],[3.00294,44.25016],[3.00638,44.24983],[3.00492,44.25151],[3.00365,44.25199],[3.00298,44.25407],[3.0042,44.25752],[3.00483,44.25821],[3.01053,44.25687],[3.01153,44.25727],[3.01311,44.25681],[3.0128,44.25337],[3.01323,44.25096],[3.01578,44.24666],[3.01787,44.24609],[3.0189,44.24511],[3.01969,44.24272],[3.0207,44.24215],[3.02094,44.24015],[3.0192,44.2376],[3.01935,44.23677],[3.02359,44.23764],[3.02682,44.23868],[3.02692,44.23997],[3.02887,44.24353],[3.03083,44.24475],[3.0311,44.24704],[3.02973,44.24887],[3.03012,44.2519],[3.03348,44.25445],[3.03443,44.25671],[3.03696,44.25908],[3.03745,44.26085],[3.03603,44.2636],[3.03545,44.26615],[3.03977,44.26745],[3.04092,44.2685],[3.04586,44.26589],[3.04881,44.26193],[3.05253,44.26107],[3.05706,44.25931],[3.05805,44.25911],[3.06013,44.25765],[3.05973,44.25661],[3.06086,44.25424],[3.06269,44.25261],[3.06347,44.25083],[3.06587,44.25003],[3.06696,44.24816],[3.07005,44.24713],[3.07097,44.2464],[3.07427,44.24573],[3.07629,44.24349],[3.07979,44.24328],[3.08156,44.24209],[3.08475,44.24169],[3.08858,44.24182]]]}},{"type":"Feature","id":"fr-commune-12292","properties":{"id":"fr-commune-12292","name":"Versols-et-Lapeyre","kind":"commune","center":[2.9323,43.9003],"code":"12292","department":"12"},"bbox":[2.8855,43.87049,2.97915,43.93007],"geometry":{"type":"Polygon","coordinates":[[[2.8855,43.90435],[2.88946,43.90548],[2.89706,43.9063],[2.89969,43.90719],[2.90497,43.90983],[2.90539,43.91092],[2.9049,43.91198],[2.90736,43.91316],[2.90851,43.91415],[2.91069,43.91422],[2.91089,43.915],[2.91269,43.91536],[2.91495,43.91768],[2.9183,43.9199],[2.9197,43.91936],[2.92338,43.91876],[2.92685,43.91935],[2.92889,43.92032],[2.93086,43.92192],[2.93572,43.91819],[2.93945,43.91781],[2.94231,43.91706],[2.94403,43.91628],[2.94527,43.91785],[2.94749,43.9195],[2.94833,43.92304],[2.94794,43.92517],[2.9501,43.92367],[2.95109,43.92394],[2.95535,43.92639],[2.95897,43.92781],[2.96285,43.92873],[2.96554,43.93007],[2.96863,43.92857],[2.9715,43.92796],[2.97354,43.92674],[2.97077,43.92486],[2.97005,43.92401],[2.96848,43.91812],[2.96807,43.91769],[2.97213,43.91537],[2.97316,43.91393],[2.97458,43.9136],[2.97138,43.91118],[2.97127,43.90865],[2.97084,43.90607],[2.97584,43.90107],[2.97915,43.89678],[2.97672,43.89475],[2.97501,43.89397],[2.97242,43.8922],[2.96969,43.89113],[2.96734,43.88728],[2.96353,43.88385],[2.96188,43.88608],[2.95937,43.88353],[2.95749,43.88304],[2.95533,43.88029],[2.95481,43.87833],[2.95575,43.87657],[2.9548,43.87524],[2.95457,43.87049],[2.95255,43.87071],[2.95031,43.87118],[2.94293,43.87313],[2.93919,43.8743],[2.93421,43.87672],[2.93194,43.87716],[2.92642,43.87974],[2.92259,43.88094],[2.91867,43.88127],[2.91695,43.8811],[2.91374,43.8813],[2.90889,43.88283],[2.90498,43.88336],[2.89848,43.88474],[2.89776,43.88806],[2.89807,43.88939],[2.89366,43.89171],[2.8916,43.89225],[2.88766,43.8944],[2.88656,43.89689],[2.88778,43.89912],[2.88813,43.901],[2.8855,43.90435]]]}},{"type":"Feature","id":"fr-commune-12293","properties":{"id":"fr-commune-12293","name":"Veyreau","kind":"commune","center":[3.3013,44.1744],"code":"12293","department":"12"},"bbox":[3.22778,44.14179,3.3748,44.2071],"geometry":{"type":"Polygon","coordinates":[[[3.37401,44.17097],[3.37269,44.16955],[3.37105,44.16863],[3.36303,44.16748],[3.35747,44.16798],[3.35455,44.16526],[3.35097,44.16412],[3.3487,44.16293],[3.34779,44.16123],[3.3457,44.15927],[3.34425,44.15873],[3.34037,44.15836],[3.33462,44.15882],[3.33226,44.14831],[3.33227,44.14179],[3.33022,44.14216],[3.32585,44.14283],[3.32185,44.1444],[3.321,44.14544],[3.32172,44.14606],[3.322,44.1479],[3.3204,44.15274],[3.32413,44.15377],[3.32219,44.15546],[3.31861,44.15792],[3.32041,44.16174],[3.31766,44.16082],[3.31672,44.1613],[3.31688,44.1627],[3.31847,44.16597],[3.30725,44.16712],[3.30695,44.16824],[3.3054,44.16848],[3.30124,44.17005],[3.29998,44.17024],[3.29797,44.16931],[3.2973,44.17076],[3.2961,44.16963],[3.29234,44.17041],[3.29279,44.17129],[3.29322,44.17401],[3.28923,44.17456],[3.28763,44.17606],[3.28734,44.17752],[3.28532,44.17675],[3.28358,44.17662],[3.2804,44.17742],[3.27496,44.17728],[3.27498,44.17445],[3.27428,44.174],[3.27109,44.17367],[3.27061,44.17467],[3.26936,44.17546],[3.26653,44.1742],[3.26507,44.17313],[3.26429,44.17138],[3.26276,44.16933],[3.26137,44.16866],[3.25986,44.16964],[3.25675,44.16795],[3.25249,44.16738],[3.25074,44.16773],[3.24745,44.16963],[3.24656,44.17058],[3.24543,44.17079],[3.24193,44.16853],[3.24197,44.1678],[3.2405,44.16654],[3.23824,44.1662],[3.23563,44.16535],[3.23337,44.16411],[3.23078,44.16215],[3.22886,44.16523],[3.22888,44.16672],[3.22831,44.16812],[3.23153,44.16857],[3.23082,44.17001],[3.23229,44.17],[3.23424,44.17137],[3.23577,44.17455],[3.23357,44.17735],[3.23181,44.17735],[3.23099,44.17887],[3.22881,44.17941],[3.22799,44.18129],[3.22778,44.18389],[3.22916,44.18641],[3.23251,44.187],[3.23294,44.18637],[3.23599,44.18714],[3.23721,44.18703],[3.23883,44.18582],[3.23995,44.18821],[3.2394,44.19094],[3.24372,44.19273],[3.2443,44.19348],[3.24725,44.1951],[3.24922,44.19553],[3.25241,44.19742],[3.25424,44.19793],[3.25782,44.198],[3.26048,44.19924],[3.26162,44.19932],[3.26464,44.20065],[3.26607,44.20031],[3.26665,44.20159],[3.27263,44.2008],[3.27383,44.2],[3.27746,44.20011],[3.27814,44.20122],[3.27935,44.20121],[3.28301,44.20037],[3.28384,44.1996],[3.28578,44.19983],[3.2879,44.1996],[3.28941,44.20021],[3.29032,44.20172],[3.29083,44.20383],[3.29053,44.20533],[3.29148,44.20596],[3.2939,44.2071],[3.29644,44.20696],[3.29839,44.2065],[3.30074,44.20677],[3.3017,44.20617],[3.30355,44.20617],[3.30525,44.20557],[3.30802,44.20544],[3.30883,44.20463],[3.31021,44.20451],[3.31181,44.20366],[3.31286,44.20366],[3.31674,44.20066],[3.31966,44.20038],[3.32269,44.20075],[3.32367,44.20178],[3.32469,44.20188],[3.32649,44.20303],[3.32958,44.20327],[3.33077,44.20377],[3.33562,44.20429],[3.33767,44.20322],[3.33921,44.20285],[3.34162,44.20143],[3.34321,44.20147],[3.34638,44.20086],[3.34968,44.20205],[3.35071,44.20139],[3.35333,44.20136],[3.35491,44.20176],[3.35645,44.20087],[3.35894,44.20099],[3.36039,44.2015],[3.36281,44.20151],[3.3622,44.19832],[3.35937,44.19839],[3.35916,44.19727],[3.35748,44.19759],[3.35741,44.19323],[3.36182,44.19135],[3.36065,44.18766],[3.36364,44.18788],[3.36697,44.18743],[3.36802,44.187],[3.37011,44.18312],[3.3712,44.18059],[3.3748,44.17926],[3.3744,44.1776],[3.37206,44.1728],[3.37401,44.17097]]]}},{"type":"Feature","id":"fr-commune-12294","properties":{"id":"fr-commune-12294","name":"Vézins-de-Lévézou","kind":"commune","center":[2.9426,44.2628],"code":"12294","department":"12"},"bbox":[2.86335,44.19529,3.02176,44.33036],"geometry":{"type":"Polygon","coordinates":[[[2.8744,44.24174],[2.8752,44.24314],[2.87378,44.24472],[2.87052,44.24357],[2.86986,44.24415],[2.8711,44.24662],[2.87211,44.24796],[2.87363,44.24818],[2.87339,44.24949],[2.87335,44.25386],[2.87608,44.25623],[2.87946,44.2567],[2.88176,44.25675],[2.88043,44.25833],[2.88577,44.26037],[2.88494,44.26158],[2.88357,44.2615],[2.87977,44.26256],[2.88202,44.26894],[2.88173,44.27142],[2.8845,44.27341],[2.88612,44.27633],[2.88484,44.27999],[2.88262,44.28203],[2.88309,44.28404],[2.88257,44.28514],[2.88261,44.28675],[2.88422,44.28649],[2.88404,44.28775],[2.88456,44.28897],[2.88418,44.2912],[2.88434,44.29249],[2.88282,44.29461],[2.88333,44.29557],[2.88542,44.29585],[2.88877,44.29701],[2.88922,44.29587],[2.89059,44.29627],[2.88901,44.29853],[2.88921,44.30027],[2.88883,44.30163],[2.88663,44.30193],[2.88416,44.30131],[2.88341,44.30176],[2.88452,44.30446],[2.88608,44.30601],[2.88556,44.31028],[2.88301,44.31493],[2.88241,44.31549],[2.88417,44.3166],[2.89133,44.31653],[2.89512,44.31742],[2.89861,44.31792],[2.89713,44.32054],[2.89501,44.32139],[2.89178,44.32331],[2.88981,44.32345],[2.88539,44.32561],[2.88385,44.32659],[2.88951,44.32804],[2.8904,44.32852],[2.89295,44.32889],[2.89465,44.32957],[2.89521,44.33036],[2.8994,44.32986],[2.9005,44.32865],[2.90445,44.32747],[2.90508,44.32682],[2.90882,44.32455],[2.90925,44.32408],[2.9123,44.3236],[2.9154,44.32216],[2.9163,44.3211],[2.91951,44.32073],[2.92095,44.31921],[2.92435,44.3176],[2.92938,44.31635],[2.93384,44.31577],[2.93593,44.315],[2.93814,44.31473],[2.9412,44.31382],[2.94456,44.31171],[2.94707,44.30943],[2.94828,44.30908],[2.94964,44.30801],[2.95066,44.3065],[2.95547,44.30347],[2.95637,44.30162],[2.95567,44.30015],[2.95601,44.29902],[2.95786,44.29614],[2.9595,44.29505],[2.96327,44.29404],[2.9657,44.29308],[2.96765,44.29169],[2.96932,44.29116],[2.97242,44.29265],[2.97503,44.29293],[2.98066,44.29059],[2.98232,44.2892],[2.98592,44.28513],[2.99328,44.28057],[2.99593,44.28022],[2.9999,44.28065],[3.00313,44.28029],[3.00479,44.27979],[3.00704,44.27809],[3.00751,44.27722],[3.00716,44.2758],[3.00513,44.27276],[3.00451,44.27254],[3.00482,44.27076],[3.00296,44.2692],[3.00172,44.2669],[3.00029,44.2661],[2.99974,44.26381],[3.00069,44.26254],[3.00344,44.26217],[3.00576,44.26275],[3.0091,44.26394],[3.01039,44.2647],[3.01083,44.26644],[3.01202,44.26665],[3.0131,44.26582],[3.01324,44.26457],[3.01413,44.26256],[3.01917,44.2601],[3.0214,44.25804],[3.02176,44.25539],[3.01864,44.25272],[3.01757,44.25085],[3.01731,44.2493],[3.01818,44.24722],[3.01787,44.24609],[3.01578,44.24666],[3.01323,44.25096],[3.0128,44.25337],[3.01311,44.25681],[3.01153,44.25727],[3.01053,44.25687],[3.00483,44.25821],[3.0042,44.25752],[3.00298,44.25407],[3.00365,44.25199],[3.00492,44.25151],[3.00638,44.24983],[3.00294,44.25016],[2.998,44.25096],[2.99445,44.25082],[2.99024,44.25078],[2.98918,44.25236],[2.98954,44.25387],[2.98749,44.25354],[2.98539,44.25474],[2.98315,44.25479],[2.98101,44.25409],[2.97852,44.25401],[2.97364,44.25526],[2.97133,44.25611],[2.96733,44.2586],[2.96658,44.25856],[2.96406,44.25459],[2.96226,44.2523],[2.96102,44.25154],[2.95871,44.25095],[2.95533,44.24911],[2.95384,44.24976],[2.94669,44.25065],[2.94317,44.24998],[2.93928,44.25001],[2.93494,44.25107],[2.93323,44.25227],[2.9319,44.25139],[2.93009,44.24935],[2.92799,44.24824],[2.92358,44.24372],[2.92344,44.2393],[2.9223,44.23721],[2.92043,44.23538],[2.91845,44.23217],[2.91828,44.231],[2.9169,44.22988],[2.91751,44.22906],[2.916,44.22632],[2.91565,44.22386],[2.91183,44.22437],[2.91081,44.22239],[2.91022,44.21938],[2.90813,44.21576],[2.90802,44.21479],[2.90672,44.21433],[2.90547,44.21273],[2.90562,44.21063],[2.902,44.20686],[2.90077,44.20676],[2.90023,44.20462],[2.89791,44.20194],[2.89841,44.19981],[2.89728,44.19916],[2.89836,44.19529],[2.8946,44.1953],[2.89108,44.19655],[2.8892,44.19789],[2.88825,44.19769],[2.885,44.19917],[2.87956,44.20063],[2.87861,44.2016],[2.87654,44.20144],[2.87556,44.20202],[2.87357,44.20222],[2.87127,44.2041],[2.87086,44.20601],[2.87169,44.20935],[2.86969,44.21024],[2.86682,44.21212],[2.86335,44.21261],[2.86539,44.21529],[2.86532,44.21632],[2.86842,44.21917],[2.8703,44.22012],[2.873,44.22199],[2.87427,44.22248],[2.87745,44.22147],[2.8795,44.22282],[2.88145,44.22367],[2.88193,44.22522],[2.87725,44.225],[2.8754,44.22512],[2.87238,44.22589],[2.87273,44.22713],[2.87413,44.22923],[2.87584,44.23107],[2.87504,44.23256],[2.87542,44.23685],[2.87543,44.24039],[2.87601,44.24115],[2.8744,44.24174]]]}},{"type":"Feature","id":"fr-commune-12295","properties":{"id":"fr-commune-12295","name":"Viala-du-Pas-de-Jaux","kind":"commune","center":[3.0649,43.953],"code":"12295","department":"12"},"bbox":[3.02931,43.92723,3.10054,43.97885],"geometry":{"type":"Polygon","coordinates":[[[3.10054,43.9729],[3.09977,43.97102],[3.09851,43.96986],[3.09619,43.96848],[3.09473,43.967],[3.09339,43.9644],[3.09297,43.95162],[3.09258,43.93606],[3.08889,43.93173],[3.08821,43.93022],[3.08621,43.92723],[3.08407,43.92784],[3.0843,43.93079],[3.08476,43.93268],[3.08788,43.93841],[3.08357,43.94193],[3.08137,43.94017],[3.08118,43.93923],[3.07985,43.93737],[3.07919,43.93733],[3.07645,43.93471],[3.07539,43.93697],[3.07322,43.93746],[3.07228,43.93873],[3.07052,43.93876],[3.0691,43.93998],[3.06709,43.93928],[3.06597,43.93933],[3.06402,43.937],[3.06239,43.93665],[3.05862,43.93852],[3.05491,43.94128],[3.05144,43.94211],[3.04662,43.94562],[3.04444,43.9459],[3.04197,43.947],[3.04091,43.94813],[3.03992,43.94827],[3.04031,43.94939],[3.04323,43.95116],[3.04447,43.95298],[3.04383,43.95553],[3.04306,43.95684],[3.04068,43.95955],[3.04044,43.96199],[3.0396,43.96276],[3.03444,43.96387],[3.03266,43.96457],[3.03203,43.9658],[3.02931,43.96574],[3.03165,43.9676],[3.03612,43.97216],[3.03787,43.97589],[3.03796,43.97772],[3.04234,43.97868],[3.04545,43.97885],[3.04939,43.97775],[3.05696,43.97588],[3.06058,43.97707],[3.06296,43.97837],[3.06712,43.97821],[3.07798,43.97688],[3.08253,43.97765],[3.08449,43.97757],[3.08922,43.97807],[3.09083,43.9785],[3.0943,43.97707],[3.09839,43.97467],[3.10054,43.9729]]]}},{"type":"Feature","id":"fr-commune-12296","properties":{"id":"fr-commune-12296","name":"Viala-du-Tarn","kind":"commune","center":[2.8437,44.0893],"code":"12296","department":"12"},"bbox":[2.78603,44.05474,2.90141,44.12377],"geometry":{"type":"Polygon","coordinates":[[[2.90141,44.06897],[2.9004,44.06709],[2.89783,44.06728],[2.89547,44.0642],[2.89512,44.06295],[2.89335,44.06518],[2.89137,44.06487],[2.89058,44.0634],[2.89071,44.06215],[2.88952,44.06013],[2.88792,44.05925],[2.88814,44.0582],[2.88565,44.05666],[2.8827,44.05777],[2.88105,44.05782],[2.88003,44.05673],[2.87805,44.05638],[2.87781,44.05474],[2.87338,44.05537],[2.86987,44.0565],[2.86756,44.05756],[2.86457,44.06058],[2.86328,44.06129],[2.86141,44.06331],[2.8585,44.06478],[2.85468,44.06491],[2.85048,44.06566],[2.84966,44.06555],[2.84776,44.06372],[2.84643,44.06183],[2.84556,44.06149],[2.84004,44.06269],[2.83659,44.0643],[2.83453,44.0647],[2.82883,44.06697],[2.82603,44.06744],[2.82068,44.06774],[2.81502,44.06765],[2.81387,44.06802],[2.8088,44.07087],[2.80619,44.0714],[2.80415,44.07033],[2.8036,44.06767],[2.80414,44.06469],[2.80363,44.06346],[2.80156,44.06233],[2.79751,44.06124],[2.79382,44.05985],[2.79241,44.06207],[2.79158,44.06573],[2.79124,44.06902],[2.79379,44.07265],[2.79391,44.07526],[2.79459,44.07728],[2.79597,44.07896],[2.79617,44.08004],[2.79743,44.08169],[2.80043,44.08406],[2.80129,44.08622],[2.80136,44.08751],[2.8004,44.08919],[2.79797,44.08989],[2.79695,44.09073],[2.79313,44.09186],[2.79013,44.09013],[2.78879,44.0906],[2.78704,44.09027],[2.78721,44.09306],[2.7862,44.09427],[2.78603,44.0954],[2.78672,44.09761],[2.78776,44.09963],[2.78942,44.10083],[2.79087,44.10125],[2.79082,44.10269],[2.79206,44.10335],[2.7967,44.10482],[2.79662,44.10563],[2.79435,44.1073],[2.79539,44.10864],[2.79602,44.11115],[2.79749,44.11127],[2.79827,44.1128],[2.79799,44.11544],[2.79667,44.11729],[2.7921,44.11712],[2.78985,44.11915],[2.79071,44.12245],[2.79237,44.12377],[2.79426,44.12242],[2.79869,44.12083],[2.8036,44.11874],[2.81102,44.11624],[2.81216,44.11372],[2.81419,44.11393],[2.81685,44.1122],[2.81806,44.11279],[2.82156,44.11332],[2.82311,44.11236],[2.82574,44.11303],[2.8292,44.11125],[2.83042,44.11242],[2.83353,44.11092],[2.83747,44.10989],[2.836,44.10495],[2.83634,44.10406],[2.83776,44.10428],[2.8404,44.10404],[2.84239,44.10349],[2.84742,44.10354],[2.84885,44.10464],[2.84986,44.1064],[2.85146,44.11111],[2.85192,44.11494],[2.85264,44.11593],[2.85527,44.11427],[2.85659,44.11203],[2.85757,44.11124],[2.85936,44.10855],[2.85924,44.10776],[2.86077,44.10627],[2.86093,44.1054],[2.86245,44.10378],[2.8632,44.104],[2.8672,44.10398],[2.86943,44.10274],[2.87087,44.09983],[2.87092,44.09776],[2.87494,44.09593],[2.87664,44.09549],[2.87766,44.09371],[2.87636,44.0929],[2.87819,44.09203],[2.87723,44.08984],[2.87833,44.08841],[2.87862,44.08677],[2.88105,44.08332],[2.88367,44.08413],[2.8855,44.08387],[2.88754,44.08412],[2.89062,44.08343],[2.8928,44.0836],[2.89471,44.08301],[2.89702,44.08294],[2.89714,44.08151],[2.89564,44.07979],[2.89368,44.07833],[2.89264,44.07668],[2.89381,44.07537],[2.89411,44.07347],[2.89545,44.07102],[2.89711,44.06999],[2.89978,44.07053],[2.90141,44.06897]]]}},{"type":"Feature","id":"fr-commune-12297","properties":{"id":"fr-commune-12297","name":"Le Vibal","kind":"commune","center":[2.7286,44.3166],"code":"12297","department":"12"},"bbox":[2.6684,44.29215,2.78897,44.34097],"geometry":{"type":"Polygon","coordinates":[[[2.76847,44.29615],[2.76645,44.2956],[2.76313,44.29397],[2.76089,44.29215],[2.75815,44.29345],[2.7557,44.29379],[2.75419,44.29466],[2.75163,44.29513],[2.74852,44.29514],[2.74713,44.29582],[2.74425,44.29554],[2.73913,44.29624],[2.73793,44.29694],[2.73812,44.29858],[2.73953,44.30162],[2.73988,44.30472],[2.7398,44.30686],[2.73801,44.30825],[2.73713,44.30978],[2.73562,44.31136],[2.7341,44.31192],[2.73294,44.31315],[2.7318,44.31298],[2.72536,44.31366],[2.72176,44.31564],[2.72074,44.31496],[2.7184,44.31516],[2.71428,44.31597],[2.71067,44.3169],[2.7075,44.3169],[2.70274,44.31787],[2.7026,44.31828],[2.70334,44.32203],[2.70233,44.32378],[2.69717,44.32224],[2.69631,44.32097],[2.69472,44.32115],[2.69084,44.31921],[2.69407,44.31702],[2.6927,44.31597],[2.68968,44.31593],[2.68858,44.31486],[2.68697,44.3145],[2.68587,44.31491],[2.68399,44.31454],[2.68153,44.31609],[2.68123,44.31686],[2.68359,44.32015],[2.67836,44.32139],[2.67374,44.32202],[2.67206,44.32278],[2.67045,44.32447],[2.6684,44.32661],[2.6684,44.32816],[2.67002,44.32739],[2.67308,44.32877],[2.67507,44.32763],[2.67814,44.32704],[2.67932,44.32632],[2.68113,44.32655],[2.68193,44.32764],[2.68524,44.32874],[2.68736,44.32915],[2.68921,44.32901],[2.69111,44.33039],[2.69269,44.33083],[2.69517,44.33481],[2.69694,44.334],[2.70036,44.33348],[2.7025,44.33354],[2.7051,44.33398],[2.70943,44.33526],[2.71006,44.33817],[2.70925,44.34091],[2.71106,44.34097],[2.71396,44.34034],[2.71873,44.34018],[2.72043,44.3398],[2.72533,44.33974],[2.72663,44.3368],[2.72631,44.33536],[2.72705,44.33449],[2.73172,44.33586],[2.73466,44.3371],[2.74074,44.33768],[2.7437,44.33671],[2.74464,44.33568],[2.74657,44.33511],[2.75027,44.33578],[2.75315,44.33545],[2.75451,44.33586],[2.75542,44.33788],[2.7568,44.33852],[2.7607,44.3397],[2.76352,44.33953],[2.76625,44.33879],[2.77006,44.33948],[2.77197,44.3388],[2.7767,44.33923],[2.78047,44.34019],[2.78709,44.34091],[2.7865,44.33954],[2.78746,44.33552],[2.78616,44.33195],[2.78671,44.33069],[2.78897,44.32884],[2.78723,44.32542],[2.78392,44.32597],[2.78346,44.32373],[2.78403,44.32224],[2.78262,44.32054],[2.78236,44.31896],[2.78117,44.31846],[2.77826,44.31573],[2.77644,44.31475],[2.77568,44.31363],[2.77442,44.31287],[2.77254,44.3107],[2.77339,44.31022],[2.7763,44.3101],[2.77615,44.30885],[2.77859,44.3051],[2.77655,44.30401],[2.77676,44.30303],[2.77587,44.30237],[2.77346,44.30169],[2.77187,44.30252],[2.77072,44.30187],[2.77088,44.3001],[2.76968,44.29873],[2.76687,44.29954],[2.76532,44.30043],[2.76387,44.29959],[2.76361,44.29837],[2.76554,44.29706],[2.76847,44.29615]]]}},{"type":"Feature","id":"fr-commune-12298","properties":{"id":"fr-commune-12298","name":"Villecomtal","kind":"commune","center":[2.5753,44.5434],"code":"12298","department":"12"},"bbox":[2.53822,44.51675,2.61232,44.57001],"geometry":{"type":"Polygon","coordinates":[[[2.55708,44.55233],[2.5563,44.55424],[2.55365,44.55544],[2.55135,44.55564],[2.55319,44.55711],[2.55335,44.55835],[2.55193,44.55912],[2.55027,44.55943],[2.55049,44.56083],[2.54891,44.56136],[2.54941,44.56269],[2.54845,44.56397],[2.54546,44.56418],[2.54452,44.56611],[2.54008,44.56648],[2.53822,44.56804],[2.53839,44.56961],[2.54053,44.56906],[2.54361,44.5693],[2.54644,44.56984],[2.54814,44.56948],[2.54895,44.57001],[2.55084,44.57001],[2.55535,44.56709],[2.55525,44.56615],[2.55389,44.56384],[2.55663,44.56553],[2.5572,44.5665],[2.56204,44.56679],[2.56297,44.56787],[2.56619,44.56697],[2.56733,44.56854],[2.56953,44.56831],[2.57042,44.56961],[2.57212,44.56824],[2.57458,44.56541],[2.57549,44.56288],[2.57724,44.56263],[2.57934,44.5593],[2.58158,44.55936],[2.5845,44.5575],[2.58489,44.55679],[2.58458,44.555],[2.58824,44.55337],[2.58829,44.55089],[2.58618,44.54999],[2.58534,44.54791],[2.58524,44.54536],[2.58601,44.54441],[2.58986,44.54405],[2.59076,44.54373],[2.59302,44.54453],[2.59678,44.54501],[2.6012,44.54395],[2.60131,44.54269],[2.60217,44.54077],[2.60371,44.53979],[2.60695,44.53955],[2.60822,44.53831],[2.6094,44.53794],[2.60961,44.5369],[2.6122,44.53496],[2.61232,44.53437],[2.60994,44.53316],[2.60669,44.53226],[2.60355,44.53034],[2.60268,44.53288],[2.59897,44.53261],[2.59693,44.53271],[2.59637,44.5315],[2.59473,44.5319],[2.5916,44.5307],[2.59064,44.52993],[2.58565,44.52794],[2.58521,44.52884],[2.58173,44.52811],[2.58367,44.52692],[2.58213,44.52583],[2.58181,44.52441],[2.58277,44.52283],[2.58467,44.52181],[2.58606,44.52213],[2.58591,44.52448],[2.58829,44.52389],[2.59024,44.52439],[2.59276,44.52424],[2.59353,44.52573],[2.59254,44.52637],[2.5937,44.52789],[2.59511,44.52767],[2.59827,44.52465],[2.59915,44.52271],[2.60015,44.52145],[2.5981,44.5197],[2.59671,44.51942],[2.5934,44.51735],[2.59169,44.51675],[2.58878,44.5182],[2.58725,44.51807],[2.58624,44.51945],[2.58327,44.51955],[2.58091,44.51834],[2.57985,44.51843],[2.57991,44.51973],[2.57821,44.52171],[2.57664,44.52217],[2.57256,44.52182],[2.56987,44.521],[2.56769,44.5218],[2.56736,44.52113],[2.56656,44.52273],[2.56437,44.52466],[2.56434,44.52686],[2.56298,44.52781],[2.56296,44.52886],[2.56064,44.52927],[2.55979,44.53132],[2.56051,44.53312],[2.55984,44.53426],[2.56038,44.53563],[2.56276,44.53755],[2.5633,44.53866],[2.56258,44.54059],[2.56334,44.54338],[2.56255,44.54401],[2.56117,44.54727],[2.56029,44.54817],[2.55985,44.55009],[2.55708,44.55233]]]}},{"type":"Feature","id":"fr-commune-12299","properties":{"id":"fr-commune-12299","name":"Villefranche-de-Panat","kind":"commune","center":[2.7148,44.0851],"code":"12299","department":"12"},"bbox":[2.65977,44.0258,2.76976,44.14437],"geometry":{"type":"Polygon","coordinates":[[[2.7201,44.14231],[2.72326,44.1414],[2.72457,44.14133],[2.72945,44.14248],[2.73239,44.14158],[2.73453,44.14208],[2.73663,44.14394],[2.73935,44.14437],[2.741,44.14345],[2.74362,44.14258],[2.7491,44.14264],[2.74846,44.13907],[2.749,44.13633],[2.74734,44.1342],[2.74798,44.13354],[2.74642,44.12992],[2.75031,44.12782],[2.75377,44.12658],[2.75606,44.12603],[2.75855,44.12693],[2.76051,44.12935],[2.76077,44.13088],[2.76153,44.13124],[2.76352,44.13065],[2.76795,44.12985],[2.76708,44.1277],[2.76784,44.12651],[2.76976,44.12564],[2.76898,44.12473],[2.76749,44.12304],[2.7659,44.12281],[2.76311,44.12085],[2.75857,44.11913],[2.75777,44.11836],[2.75559,44.11866],[2.75323,44.11971],[2.75169,44.11841],[2.7473,44.11721],[2.74497,44.11736],[2.74253,44.11655],[2.74402,44.11547],[2.7445,44.11395],[2.74571,44.11223],[2.74477,44.11072],[2.74437,44.1083],[2.74367,44.10686],[2.7408,44.10588],[2.73774,44.10554],[2.7356,44.10384],[2.73347,44.10285],[2.72866,44.10283],[2.72491,44.10261],[2.72509,44.10058],[2.72476,44.09838],[2.72478,44.09544],[2.72249,44.09121],[2.7217,44.08921],[2.71937,44.08737],[2.7178,44.08659],[2.72133,44.0846],[2.71915,44.08466],[2.717,44.08435],[2.71727,44.08069],[2.71682,44.07849],[2.71722,44.07755],[2.71675,44.07624],[2.71713,44.07546],[2.71676,44.07342],[2.71721,44.07195],[2.71674,44.07052],[2.71522,44.06948],[2.71531,44.06813],[2.71605,44.06719],[2.7163,44.06553],[2.71472,44.0627],[2.71587,44.06157],[2.71768,44.05725],[2.71899,44.05606],[2.71984,44.05468],[2.71957,44.05208],[2.72146,44.05082],[2.72274,44.049],[2.72365,44.04706],[2.72497,44.0462],[2.72826,44.04564],[2.72931,44.0433],[2.73187,44.04215],[2.73598,44.03901],[2.73216,44.03592],[2.73168,44.03451],[2.73084,44.03338],[2.72809,44.03256],[2.72442,44.03233],[2.72263,44.03154],[2.72034,44.02872],[2.71975,44.02691],[2.7178,44.0258],[2.71544,44.02858],[2.71575,44.03138],[2.71533,44.03363],[2.71407,44.0347],[2.71437,44.03722],[2.71255,44.03874],[2.71119,44.04161],[2.70892,44.04173],[2.70689,44.04301],[2.70589,44.04469],[2.70615,44.04641],[2.7053,44.04761],[2.70552,44.04976],[2.70758,44.05171],[2.70886,44.05547],[2.70841,44.05866],[2.70603,44.05914],[2.70779,44.06101],[2.70866,44.06314],[2.7067,44.064],[2.70565,44.06315],[2.70427,44.06306],[2.70031,44.06471],[2.69979,44.06593],[2.70105,44.06711],[2.70433,44.06834],[2.70746,44.07012],[2.7085,44.0717],[2.70715,44.07369],[2.7056,44.07404],[2.70355,44.07615],[2.70019,44.07755],[2.70281,44.07898],[2.70266,44.0807],[2.70313,44.08419],[2.70433,44.08532],[2.7037,44.08578],[2.69865,44.08536],[2.69762,44.08469],[2.69619,44.08471],[2.69228,44.08396],[2.69099,44.08396],[2.69021,44.08571],[2.68687,44.08745],[2.68764,44.08866],[2.68651,44.08937],[2.68574,44.08581],[2.67832,44.08463],[2.67656,44.08468],[2.67338,44.08357],[2.67094,44.08337],[2.67012,44.08165],[2.66828,44.08132],[2.66673,44.08009],[2.66518,44.07985],[2.66069,44.08195],[2.65977,44.08434],[2.66033,44.08668],[2.66242,44.08826],[2.66301,44.09119],[2.66384,44.09199],[2.6635,44.09306],[2.6623,44.09404],[2.6637,44.09586],[2.66258,44.0967],[2.66354,44.09772],[2.66561,44.09659],[2.66663,44.09649],[2.67182,44.09716],[2.67316,44.09663],[2.67922,44.09691],[2.68054,44.09807],[2.68074,44.09973],[2.67993,44.10059],[2.67988,44.10172],[2.68262,44.10393],[2.68595,44.10494],[2.68883,44.10435],[2.69176,44.10492],[2.69327,44.106],[2.69321,44.10761],[2.6949,44.10834],[2.6946,44.10933],[2.69818,44.11103],[2.70248,44.11151],[2.70331,44.11132],[2.70652,44.11398],[2.7077,44.11429],[2.70914,44.11583],[2.71054,44.11871],[2.71273,44.1197],[2.71571,44.12041],[2.71766,44.12001],[2.71712,44.12151],[2.71522,44.12173],[2.71429,44.12308],[2.71599,44.12424],[2.71512,44.12535],[2.7154,44.12775],[2.7162,44.12976],[2.71774,44.13069],[2.72046,44.13296],[2.71892,44.13404],[2.71688,44.13657],[2.7164,44.13995],[2.7201,44.14231]]]}},{"type":"Feature","id":"fr-commune-12300","properties":{"id":"fr-commune-12300","name":"Villefranche-de-Rouergue","kind":"commune","center":[2.0296,44.3471],"code":"12300","department":"12"},"bbox":[1.9757,44.30465,2.08344,44.38949],"geometry":{"type":"Polygon","coordinates":[[[2.05054,44.31075],[2.04776,44.3088],[2.04375,44.30863],[2.03998,44.30944],[2.03689,44.30902],[2.03481,44.30766],[2.03329,44.30597],[2.02763,44.30505],[2.02447,44.30559],[2.02205,44.30539],[2.02085,44.30465],[2.01778,44.3053],[2.01751,44.30566],[2.01693,44.30751],[2.0192,44.30955],[2.01937,44.31093],[2.01821,44.31277],[2.01903,44.31415],[2.0181,44.31477],[2.01562,44.31552],[2.01248,44.31752],[2.01095,44.32085],[2.0094,44.32079],[2.00816,44.32177],[2.00348,44.32193],[2.00148,44.32305],[2.00033,44.3255],[2.00009,44.32674],[1.99894,44.32724],[1.99919,44.32842],[1.99559,44.32818],[1.99495,44.33064],[1.98922,44.32996],[1.98753,44.33009],[1.98734,44.33136],[1.98582,44.33417],[1.98261,44.33781],[1.97791,44.34045],[1.9757,44.34263],[1.97649,44.34336],[1.97805,44.34641],[1.98034,44.34736],[1.98555,44.34891],[1.98619,44.35116],[1.98563,44.35225],[1.9843,44.35328],[1.98254,44.35598],[1.98338,44.3574],[1.98582,44.36009],[1.98611,44.3623],[1.98687,44.36305],[1.99881,44.37222],[2.00151,44.37321],[2.01799,44.37508],[2.02063,44.3759],[2.02372,44.37769],[2.0246,44.37863],[2.02576,44.38123],[2.02557,44.38253],[2.0259,44.38451],[2.02674,44.38595],[2.02984,44.3856],[2.03164,44.38496],[2.03477,44.38447],[2.04084,44.38511],[2.04178,44.38391],[2.04457,44.38415],[2.047,44.3858],[2.05188,44.3868],[2.05317,44.38786],[2.05659,44.38897],[2.05804,44.38834],[2.06249,44.38822],[2.0646,44.38949],[2.0651,44.38916],[2.06378,44.3871],[2.06266,44.38425],[2.06256,44.38198],[2.06058,44.38079],[2.06375,44.37886],[2.06735,44.37855],[2.06688,44.37735],[2.06576,44.3773],[2.06483,44.37642],[2.06507,44.37506],[2.06586,44.37451],[2.07001,44.3754],[2.0718,44.37514],[2.07341,44.37353],[2.07651,44.37227],[2.07857,44.37169],[2.07884,44.36915],[2.07733,44.36832],[2.07645,44.36718],[2.07858,44.36644],[2.07932,44.36537],[2.0812,44.36429],[2.0826,44.36296],[2.08272,44.36216],[2.08229,44.3615],[2.08344,44.36006],[2.08012,44.3572],[2.07822,44.35604],[2.07603,44.35753],[2.0747,44.35705],[2.07651,44.34999],[2.07517,44.34701],[2.07402,44.34518],[2.07351,44.34353],[2.07375,44.34114],[2.07337,44.34009],[2.0748,44.33666],[2.07074,44.33499],[2.07075,44.33444],[2.06409,44.33218],[2.0627,44.33201],[2.05757,44.33235],[2.05157,44.33405],[2.05055,44.33419],[2.04786,44.33267],[2.04652,44.33223],[2.04369,44.33552],[2.04226,44.3346],[2.04213,44.33358],[2.03963,44.33109],[2.03991,44.33001],[2.04112,44.32853],[2.04102,44.3269],[2.0403,44.32512],[2.04009,44.3232],[2.04219,44.32277],[2.04793,44.31809],[2.04483,44.31694],[2.04426,44.31475],[2.04345,44.31314],[2.04496,44.31227],[2.05054,44.31075]]]}},{"type":"Feature","id":"fr-commune-12301","properties":{"id":"fr-commune-12301","name":"Villeneuve","kind":"commune","center":[2.0288,44.4457],"code":"12301","department":"12"},"bbox":[1.96773,44.38835,2.08987,44.50297],"geometry":{"type":"Polygon","coordinates":[[[2.01489,44.48551],[2.01595,44.48647],[2.01746,44.48689],[2.01764,44.4849],[2.02155,44.48301],[2.02313,44.48132],[2.02578,44.48034],[2.02758,44.48072],[2.02906,44.48273],[2.02568,44.4848],[2.02364,44.48698],[2.02151,44.48834],[2.01875,44.48909],[2.01518,44.48957],[2.01334,44.48931],[2.01326,44.49034],[2.0119,44.4928],[2.0096,44.49238],[2.0082,44.49172],[2.00492,44.49278],[2.00473,44.49516],[2.00554,44.4966],[2.00365,44.49761],[2.00554,44.49932],[2.00886,44.49805],[2.01094,44.50106],[2.01524,44.50297],[2.01638,44.50171],[2.01916,44.50055],[2.01985,44.5008],[2.02342,44.49852],[2.02586,44.49742],[2.02753,44.49896],[2.03012,44.49645],[2.03161,44.49468],[2.03042,44.49396],[2.03253,44.49285],[2.03306,44.49166],[2.03978,44.49057],[2.04519,44.48898],[2.04946,44.49155],[2.05283,44.49309],[2.05798,44.4967],[2.06078,44.49807],[2.06255,44.4983],[2.06609,44.49798],[2.06783,44.49715],[2.07008,44.49674],[2.07168,44.49581],[2.07288,44.49388],[2.07434,44.49236],[2.07316,44.49221],[2.0719,44.4902],[2.07159,44.48885],[2.07001,44.48861],[2.06769,44.4874],[2.06736,44.48601],[2.06621,44.48416],[2.06766,44.48284],[2.06877,44.48326],[2.06925,44.48164],[2.06722,44.48043],[2.06794,44.47595],[2.06704,44.47469],[2.06719,44.47327],[2.06509,44.4729],[2.06445,44.4704],[2.06753,44.46837],[2.06679,44.46635],[2.06949,44.46375],[2.06936,44.46266],[2.06566,44.45808],[2.06266,44.45732],[2.05982,44.4534],[2.05904,44.45174],[2.05927,44.45078],[2.06087,44.45118],[2.06246,44.45099],[2.0639,44.45144],[2.06352,44.44868],[2.06543,44.44852],[2.06691,44.44795],[2.06947,44.44629],[2.07124,44.44799],[2.07285,44.4466],[2.07792,44.44484],[2.07648,44.44369],[2.0773,44.44252],[2.07535,44.44142],[2.07248,44.43652],[2.07237,44.43548],[2.07085,44.43292],[2.07369,44.43343],[2.07622,44.43417],[2.07805,44.43375],[2.08084,44.43186],[2.08395,44.42928],[2.08586,44.42873],[2.0866,44.42661],[2.08901,44.42512],[2.08987,44.42348],[2.0872,44.42239],[2.08425,44.42331],[2.08293,44.42453],[2.08027,44.42508],[2.07699,44.42457],[2.07471,44.4237],[2.06942,44.42368],[2.06963,44.42167],[2.07189,44.42128],[2.071,44.41982],[2.07096,44.41811],[2.06961,44.41725],[2.07052,44.41553],[2.07072,44.41405],[2.06848,44.4138],[2.06717,44.41171],[2.06624,44.41094],[2.06804,44.40924],[2.06828,44.40616],[2.06605,44.40374],[2.06219,44.406],[2.05801,44.40776],[2.05714,44.40776],[2.05498,44.40494],[2.05519,44.4032],[2.05254,44.40259],[2.05036,44.4042],[2.05221,44.40518],[2.04659,44.40758],[2.04654,44.40656],[2.04523,44.40377],[2.04078,44.40513],[2.03778,44.40494],[2.03778,44.40689],[2.03865,44.4076],[2.03461,44.40813],[2.03442,44.40558],[2.03241,44.40509],[2.03065,44.40563],[2.02909,44.40387],[2.02917,44.40216],[2.02726,44.4013],[2.02662,44.40194],[2.0246,44.40143],[2.02329,44.40312],[2.0203,44.40434],[2.01857,44.40423],[2.01672,44.40471],[2.01474,44.403],[2.01636,44.40168],[2.0156,44.3991],[2.01691,44.39868],[2.01622,44.39697],[2.01443,44.39607],[2.01366,44.39412],[2.01359,44.39236],[2.01539,44.39123],[2.0143,44.38936],[2.01225,44.38835],[2.00912,44.39144],[2.00873,44.39258],[2.0074,44.39234],[2.00502,44.39548],[2.00495,44.39689],[2.00099,44.39661],[1.99919,44.39726],[1.99855,44.3983],[1.99894,44.39997],[1.99843,44.40444],[1.99789,44.40652],[1.9963,44.40897],[1.99259,44.41035],[1.98995,44.41066],[1.98941,44.41173],[1.99111,44.41222],[1.99464,44.41384],[1.9962,44.41399],[1.99848,44.41526],[1.99702,44.41836],[1.99811,44.4189],[2.00113,44.41921],[2.00374,44.42097],[2.00323,44.42411],[2.00164,44.42389],[1.99587,44.42451],[1.99316,44.42406],[1.99615,44.42704],[1.99527,44.42833],[1.99591,44.43132],[1.9927,44.43343],[1.9917,44.43436],[1.98846,44.43545],[1.98485,44.43548],[1.98317,44.43801],[1.98656,44.4381],[1.98691,44.43927],[1.98587,44.43992],[1.98328,44.44068],[1.98007,44.44222],[1.97796,44.44256],[1.9748,44.44516],[1.97474,44.44796],[1.97321,44.449],[1.97042,44.45008],[1.9681,44.45063],[1.96773,44.45254],[1.96932,44.45354],[1.96966,44.45792],[1.9744,44.45758],[1.97566,44.45958],[1.97716,44.46104],[1.97602,44.46154],[1.97585,44.46373],[1.97369,44.4676],[1.97306,44.47019],[1.97284,44.47268],[1.97292,44.47578],[1.97704,44.47717],[1.97804,44.47589],[1.97806,44.4746],[1.97949,44.47235],[1.98655,44.47476],[1.98701,44.47554],[1.98924,44.47629],[1.99298,44.47353],[1.99638,44.47259],[2.00195,44.47177],[2.0036,44.47344],[2.0048,44.4782],[2.00709,44.47984],[2.00766,44.48097],[2.00956,44.48207],[2.01237,44.48417],[2.01452,44.48422],[2.01489,44.48551]]]}},{"type":"Feature","id":"fr-commune-12303","properties":{"id":"fr-commune-12303","name":"Vimenet","kind":"commune","center":[2.9267,44.4019],"code":"12303","department":"12"},"bbox":[2.88476,44.3787,2.96873,44.42514],"geometry":{"type":"Polygon","coordinates":[[[2.91991,44.37935],[2.91762,44.3787],[2.91424,44.3806],[2.91153,44.38249],[2.90946,44.38289],[2.90906,44.3839],[2.90757,44.38496],[2.90827,44.38733],[2.90639,44.38935],[2.90341,44.38864],[2.89992,44.38881],[2.90096,44.38636],[2.89868,44.38579],[2.89705,44.38642],[2.8945,44.3846],[2.89287,44.38473],[2.89149,44.38571],[2.88592,44.38584],[2.88476,44.38872],[2.88634,44.38947],[2.88965,44.39182],[2.88962,44.39354],[2.88658,44.39347],[2.88565,44.39392],[2.88641,44.39588],[2.88778,44.39762],[2.88747,44.40017],[2.8886,44.40089],[2.8888,44.40212],[2.89285,44.40342],[2.89404,44.40511],[2.89628,44.40498],[2.90057,44.40245],[2.90573,44.40368],[2.91089,44.40587],[2.90605,44.40708],[2.89855,44.40922],[2.89504,44.40988],[2.89177,44.41016],[2.89186,44.41163],[2.89236,44.41218],[2.89763,44.41145],[2.89848,44.41222],[2.90022,44.41275],[2.90073,44.41168],[2.90222,44.41193],[2.90441,44.41096],[2.9039,44.41287],[2.90605,44.41344],[2.90719,44.41287],[2.908,44.4112],[2.90967,44.41311],[2.91067,44.41376],[2.90936,44.41475],[2.91106,44.4159],[2.91321,44.4161],[2.91746,44.41576],[2.91934,44.41538],[2.92049,44.41455],[2.92731,44.41343],[2.92798,44.41592],[2.92965,44.41766],[2.93208,44.41798],[2.93223,44.41921],[2.9307,44.42066],[2.93274,44.42213],[2.93405,44.4214],[2.93505,44.42254],[2.93724,44.4233],[2.9377,44.42514],[2.93959,44.42407],[2.94021,44.42418],[2.9436,44.42329],[2.945,44.42323],[2.94643,44.42154],[2.9507,44.42104],[2.9503,44.42004],[2.95085,44.41865],[2.95515,44.41903],[2.95653,44.41834],[2.96053,44.41474],[2.96184,44.41323],[2.96188,44.4118],[2.9629,44.41128],[2.96412,44.40939],[2.96612,44.40852],[2.96432,44.4058],[2.9645,44.40538],[2.96825,44.40201],[2.96873,44.40102],[2.96661,44.39857],[2.96506,44.39758],[2.96368,44.39376],[2.96245,44.39168],[2.95985,44.39115],[2.95636,44.38847],[2.95628,44.38748],[2.95422,44.38649],[2.95297,44.38383],[2.95092,44.38201],[2.95003,44.38024],[2.94603,44.38225],[2.94522,44.38221],[2.94201,44.38363],[2.94106,44.38304],[2.94138,44.3821],[2.93977,44.38042],[2.93556,44.3811],[2.93195,44.38258],[2.9278,44.38167],[2.92419,44.38212],[2.92277,44.38084],[2.91991,44.37935]]]}},{"type":"Feature","id":"fr-commune-12305","properties":{"id":"fr-commune-12305","name":"Viviez","kind":"commune","center":[2.2209,44.5541],"code":"12305","department":"12"},"bbox":[2.20154,44.53742,2.24037,44.57086],"geometry":{"type":"Polygon","coordinates":[[[2.20178,44.54018],[2.20154,44.54097],[2.20498,44.54247],[2.20604,44.54252],[2.20813,44.54508],[2.20702,44.54583],[2.20953,44.54674],[2.20863,44.54792],[2.20865,44.54962],[2.20623,44.55106],[2.20572,44.55245],[2.20711,44.55425],[2.20571,44.55461],[2.20552,44.55645],[2.20792,44.5569],[2.20925,44.55805],[2.20936,44.55942],[2.20867,44.5609],[2.20646,44.56387],[2.20642,44.56456],[2.20408,44.5655],[2.20342,44.56612],[2.20463,44.56693],[2.20216,44.5681],[2.20386,44.5687],[2.20705,44.56928],[2.20821,44.56856],[2.20972,44.56968],[2.21224,44.56984],[2.21507,44.56875],[2.21727,44.56843],[2.21966,44.56879],[2.21972,44.56956],[2.22211,44.57086],[2.22328,44.56961],[2.22508,44.57018],[2.22679,44.56717],[2.23101,44.56642],[2.23202,44.56689],[2.23379,44.56685],[2.23462,44.56476],[2.23538,44.56432],[2.23519,44.56237],[2.2358,44.56045],[2.23762,44.56085],[2.23914,44.55837],[2.23869,44.55667],[2.23896,44.55518],[2.23993,44.55384],[2.24037,44.55229],[2.2397,44.55166],[2.2402,44.55046],[2.23991,44.54931],[2.23693,44.54678],[2.23046,44.54636],[2.22681,44.54561],[2.22656,44.54496],[2.22361,44.54497],[2.22099,44.54615],[2.21972,44.54619],[2.21803,44.54696],[2.21538,44.54606],[2.21349,44.54413],[2.21124,44.53742],[2.2091,44.538],[2.20922,44.53867],[2.2048,44.54066],[2.20178,44.54018]]]}},{"type":"Feature","id":"fr-commune-12307","properties":{"id":"fr-commune-12307","name":"Curan","kind":"commune","center":[2.8642,44.1999],"code":"12307","department":"12"},"bbox":[2.81067,44.15751,2.91781,44.24261],"geometry":{"type":"Polygon","coordinates":[[[2.90276,44.19426],[2.90271,44.19341],[2.905,44.19119],[2.90898,44.18816],[2.9125,44.18574],[2.91681,44.18312],[2.91781,44.18217],[2.91427,44.17929],[2.91225,44.17853],[2.9056,44.18062],[2.90142,44.18284],[2.89058,44.18628],[2.88927,44.18407],[2.88749,44.18335],[2.88748,44.18206],[2.88559,44.18088],[2.8845,44.17923],[2.88419,44.17736],[2.88264,44.17557],[2.88194,44.17328],[2.88269,44.17144],[2.8797,44.16981],[2.87855,44.16855],[2.87618,44.16708],[2.87575,44.16573],[2.8761,44.16485],[2.8756,44.16333],[2.87411,44.16163],[2.87525,44.1597],[2.8725,44.15988],[2.871,44.15946],[2.86824,44.15953],[2.86682,44.15924],[2.86275,44.15751],[2.8615,44.15795],[2.85372,44.15972],[2.85252,44.1596],[2.85054,44.16043],[2.84545,44.16188],[2.83843,44.16464],[2.83323,44.16464],[2.83132,44.16381],[2.82843,44.16467],[2.82583,44.16408],[2.82477,44.16322],[2.82397,44.16417],[2.82361,44.16627],[2.82411,44.16679],[2.82289,44.17019],[2.82305,44.17119],[2.82041,44.17417],[2.8211,44.17599],[2.81794,44.17912],[2.81685,44.18057],[2.8178,44.18232],[2.82114,44.18165],[2.82351,44.18182],[2.82945,44.18426],[2.83379,44.18748],[2.83086,44.18879],[2.82926,44.19105],[2.82915,44.19258],[2.82785,44.19461],[2.82467,44.19723],[2.82261,44.19762],[2.81885,44.19691],[2.81554,44.19821],[2.81396,44.19831],[2.81067,44.20051],[2.81257,44.20143],[2.81384,44.20311],[2.81411,44.20469],[2.81548,44.20594],[2.81783,44.20905],[2.81868,44.21076],[2.8159,44.21123],[2.8152,44.21044],[2.81255,44.21056],[2.81083,44.21034],[2.8127,44.216],[2.81292,44.21912],[2.81579,44.21976],[2.8174,44.22096],[2.82043,44.22079],[2.8214,44.22225],[2.82208,44.22536],[2.82379,44.22569],[2.82455,44.22664],[2.82521,44.22921],[2.82462,44.23063],[2.82792,44.23263],[2.82729,44.23332],[2.83126,44.23564],[2.83145,44.23654],[2.83551,44.2368],[2.83706,44.23743],[2.83907,44.23697],[2.84004,44.23718],[2.84504,44.23701],[2.8467,44.2367],[2.84892,44.23759],[2.84961,44.23704],[2.85442,44.23589],[2.85903,44.23389],[2.86344,44.23689],[2.86371,44.23766],[2.86275,44.23945],[2.86576,44.2421],[2.87038,44.24261],[2.87171,44.24256],[2.8744,44.24174],[2.87601,44.24115],[2.87543,44.24039],[2.87542,44.23685],[2.87504,44.23256],[2.87584,44.23107],[2.87413,44.22923],[2.87273,44.22713],[2.87238,44.22589],[2.8754,44.22512],[2.87725,44.225],[2.88193,44.22522],[2.88145,44.22367],[2.8795,44.22282],[2.87745,44.22147],[2.87427,44.22248],[2.873,44.22199],[2.8703,44.22012],[2.86842,44.21917],[2.86532,44.21632],[2.86539,44.21529],[2.86335,44.21261],[2.86682,44.21212],[2.86969,44.21024],[2.87169,44.20935],[2.87086,44.20601],[2.87127,44.2041],[2.87357,44.20222],[2.87556,44.20202],[2.87654,44.20144],[2.87861,44.2016],[2.87956,44.20063],[2.885,44.19917],[2.88825,44.19769],[2.8892,44.19789],[2.89108,44.19655],[2.8946,44.1953],[2.89836,44.19529],[2.90141,44.19493],[2.90276,44.19426]]]}}]}
