{"type":"FeatureCollection","bbox":[2.06288,44.61577,3.37145,45.48347],"license":"ODbL-1.0","licenseUrl":"https://opendatacommons.org/licenses/odbl/1-0/","attribution":"Contours administratifs — data.gouv.fr / IGN et sources des collectivités d’outre-mer","sourceIds":["contours-france-50m"],"features":[{"type":"Feature","id":"fr-commune-15001","properties":{"id":"fr-commune-15001","name":"Allanche","kind":"commune","center":[2.961,45.2285],"code":"15001","department":"15"},"bbox":[2.88788,45.18972,3.03403,45.26736],"geometry":{"type":"Polygon","coordinates":[[[2.89338,45.24688],[2.89615,45.24722],[2.8954,45.24951],[2.8938,45.25239],[2.89354,45.25405],[2.89123,45.25677],[2.89188,45.25841],[2.88831,45.26025],[2.88816,45.2609],[2.88957,45.26283],[2.89108,45.26374],[2.89368,45.26186],[2.89476,45.26029],[2.89664,45.25843],[2.89702,45.25941],[2.89978,45.26124],[2.90136,45.25993],[2.90226,45.26065],[2.90505,45.26079],[2.90818,45.2592],[2.90989,45.25984],[2.91032,45.25863],[2.91312,45.25758],[2.91364,45.2587],[2.91192,45.25929],[2.9106,45.2611],[2.91195,45.26168],[2.91385,45.26081],[2.91493,45.26099],[2.91722,45.26012],[2.91712,45.25729],[2.9166,45.25625],[2.91824,45.25431],[2.9197,45.25372],[2.922,45.25425],[2.92422,45.25388],[2.92681,45.25197],[2.92872,45.25142],[2.92883,45.25025],[2.92991,45.24966],[2.93264,45.24961],[2.93719,45.25161],[2.93626,45.25432],[2.93545,45.25535],[2.93603,45.25693],[2.939,45.26046],[2.93902,45.26249],[2.94006,45.26401],[2.9433,45.26532],[2.94859,45.26704],[2.95141,45.26736],[2.95305,45.26413],[2.95656,45.26061],[2.95995,45.25878],[2.96409,45.25701],[2.96831,45.25561],[2.97145,45.25379],[2.97424,45.25146],[2.97888,45.24905],[2.98169,45.2493],[2.98519,45.24919],[2.98844,45.24949],[2.99557,45.24981],[2.99514,45.25102],[2.99701,45.25241],[2.99819,45.25538],[2.99933,45.25519],[2.99992,45.25649],[3.00235,45.25729],[3.00593,45.25751],[3.00768,45.25918],[3.00844,45.25876],[3.01014,45.25908],[3.01177,45.25872],[3.01356,45.25737],[3.01724,45.25577],[3.01902,45.25599],[3.01938,45.2553],[3.02117,45.25486],[3.02181,45.25375],[3.02461,45.25257],[3.02662,45.25053],[3.02825,45.24943],[3.02851,45.24861],[3.03097,45.24711],[3.03403,45.24654],[3.03027,45.24342],[3.02603,45.24179],[3.02702,45.24076],[3.02642,45.24045],[3.02703,45.2386],[3.02454,45.23821],[3.02173,45.23724],[3.02159,45.23643],[3.02273,45.23557],[3.02107,45.23504],[3.01981,45.23635],[3.01872,45.23608],[3.01914,45.23358],[3.01775,45.23099],[3.01825,45.22941],[3.01803,45.22839],[3.01684,45.22756],[3.01467,45.22748],[3.01077,45.22619],[3.00677,45.22671],[3.00498,45.22618],[3.00384,45.22655],[3.00334,45.22767],[3.00146,45.22786],[3.00108,45.22844],[2.99777,45.22964],[2.99855,45.23157],[2.9941,45.23155],[2.9944,45.23002],[2.99237,45.23107],[2.98907,45.23176],[2.98589,45.23178],[2.98335,45.23274],[2.98087,45.23294],[2.97935,45.23258],[2.97917,45.2315],[2.97678,45.2299],[2.97931,45.22861],[2.97697,45.22746],[2.97532,45.22714],[2.97622,45.22541],[2.9765,45.22347],[2.98299,45.22334],[2.98252,45.22163],[2.98288,45.21983],[2.98541,45.21977],[2.98673,45.21914],[2.98963,45.21952],[2.99395,45.219],[2.99446,45.21779],[2.99599,45.21805],[2.99719,45.21732],[2.99928,45.21704],[2.99933,45.21533],[2.99663,45.21328],[2.99492,45.21268],[2.99246,45.21041],[2.98631,45.2091],[2.98126,45.20754],[2.978,45.20705],[2.97656,45.20721],[2.97447,45.20586],[2.97127,45.20421],[2.96771,45.20275],[2.96049,45.19844],[2.95552,45.1964],[2.95048,45.1949],[2.9493,45.19518],[2.94825,45.19433],[2.94633,45.19467],[2.94541,45.196],[2.94134,45.19824],[2.9397,45.19748],[2.93606,45.19763],[2.93509,45.19522],[2.93365,45.19385],[2.93313,45.19266],[2.93118,45.19164],[2.92882,45.19182],[2.92684,45.19084],[2.92588,45.18972],[2.9197,45.18997],[2.91556,45.19058],[2.9092,45.19048],[2.90625,45.19085],[2.90626,45.19238],[2.90718,45.19296],[2.9093,45.19339],[2.90867,45.1943],[2.90656,45.19351],[2.90825,45.19719],[2.9105,45.19893],[2.91459,45.20125],[2.91428,45.20183],[2.91742,45.20397],[2.91681,45.20654],[2.91528,45.20642],[2.91475,45.20808],[2.91245,45.20997],[2.91362,45.21187],[2.91076,45.21377],[2.91049,45.21488],[2.91449,45.21646],[2.9168,45.21827],[2.92023,45.22002],[2.92064,45.22088],[2.91696,45.22134],[2.91677,45.22254],[2.9136,45.22312],[2.91552,45.22647],[2.91341,45.22685],[2.91135,45.22771],[2.91003,45.22881],[2.9051,45.23229],[2.90253,45.23753],[2.9007,45.23906],[2.8967,45.24047],[2.88788,45.24299],[2.88826,45.24361],[2.89056,45.2446],[2.89338,45.24688]]]}},{"type":"Feature","id":"fr-commune-15002","properties":{"id":"fr-commune-15002","name":"Alleuze","kind":"commune","center":[3.1037,44.9548],"code":"15002","department":"15"},"bbox":[3.06229,44.91728,3.14505,44.99233],"geometry":{"type":"Polygon","coordinates":[[[3.14505,44.96954],[3.14315,44.96808],[3.13986,44.96749],[3.13828,44.96672],[3.13597,44.96427],[3.13408,44.96481],[3.13372,44.96874],[3.13311,44.96935],[3.13127,44.96937],[3.12906,44.96845],[3.12802,44.96738],[3.12577,44.96591],[3.12561,44.96507],[3.12711,44.96305],[3.12702,44.96224],[3.12583,44.96102],[3.12263,44.95976],[3.11843,44.95727],[3.11734,44.95623],[3.11802,44.95337],[3.11798,44.95176],[3.11537,44.94945],[3.11402,44.94745],[3.11146,44.94521],[3.10946,44.94459],[3.10691,44.94451],[3.10565,44.94405],[3.10448,44.94196],[3.10359,44.94108],[3.10185,44.94051],[3.09966,44.94121],[3.09603,44.94414],[3.09501,44.94422],[3.09356,44.94325],[3.09401,44.94169],[3.09621,44.93939],[3.09658,44.93773],[3.09614,44.93559],[3.09661,44.93448],[3.09883,44.93352],[3.10374,44.93251],[3.10631,44.93095],[3.10599,44.92871],[3.10302,44.92601],[3.10079,44.92449],[3.0939,44.92151],[3.09003,44.91878],[3.08787,44.9175],[3.08611,44.91728],[3.08348,44.91794],[3.08028,44.9192],[3.07629,44.92157],[3.07911,44.92314],[3.0815,44.92324],[3.0829,44.92437],[3.08255,44.92599],[3.08393,44.92937],[3.08395,44.9308],[3.0822,44.93156],[3.0799,44.93052],[3.0779,44.93288],[3.07717,44.93556],[3.07488,44.93547],[3.07511,44.93788],[3.07628,44.93708],[3.07642,44.94064],[3.0756,44.94082],[3.07525,44.94234],[3.07201,44.94388],[3.06661,44.94593],[3.0675,44.94708],[3.06279,44.94741],[3.06229,44.94856],[3.064,44.95023],[3.06284,44.95131],[3.06261,44.95296],[3.06364,44.95374],[3.06294,44.9563],[3.06376,44.9571],[3.06688,44.959],[3.06842,44.95925],[3.06972,44.96019],[3.06794,44.96104],[3.06859,44.96298],[3.06751,44.96437],[3.06821,44.96744],[3.06916,44.96844],[3.07042,44.97063],[3.07035,44.97188],[3.07155,44.97352],[3.07309,44.97302],[3.07493,44.97368],[3.07741,44.97393],[3.07784,44.97316],[3.08026,44.97423],[3.08136,44.97615],[3.08258,44.97723],[3.0853,44.97718],[3.08646,44.97684],[3.08753,44.97835],[3.08552,44.97951],[3.08356,44.98141],[3.08581,44.98184],[3.08566,44.98422],[3.08692,44.98427],[3.08941,44.9856],[3.09038,44.98708],[3.09241,44.98695],[3.09352,44.98613],[3.09499,44.98746],[3.09982,44.98825],[3.10168,44.98551],[3.10325,44.98618],[3.10364,44.98698],[3.10181,44.98875],[3.10512,44.9894],[3.10997,44.99181],[3.11219,44.99233],[3.11395,44.99021],[3.11607,44.98884],[3.11651,44.98717],[3.11793,44.98742],[3.11997,44.98501],[3.12473,44.98586],[3.12708,44.98593],[3.12929,44.98533],[3.13312,44.98309],[3.13492,44.98126],[3.13408,44.98013],[3.13445,44.97874],[3.13549,44.97702],[3.13726,44.97624],[3.13916,44.97588],[3.13952,44.97481],[3.1385,44.97424],[3.13814,44.97286],[3.14014,44.97133],[3.14295,44.97125],[3.14505,44.96954]]]}},{"type":"Feature","id":"fr-commune-15003","properties":{"id":"fr-commune-15003","name":"Ally","kind":"commune","center":[2.3289084190129037,45.149924999999996],"code":"15003","department":"15"},"bbox":[2.28995,45.1358,2.37124,45.19812],"geometry":{"type":"Polygon","coordinates":[[[2.34406,45.17616],[2.34708,45.176],[2.3484,45.17646],[2.35012,45.17638],[2.35309,45.17695],[2.35453,45.17637],[2.35579,45.17512],[2.35551,45.17371],[2.35846,45.17256],[2.36113,45.17108],[2.36151,45.17051],[2.36357,45.17044],[2.36425,45.16935],[2.36593,45.16858],[2.3693,45.16771],[2.37124,45.1666],[2.37009,45.16557],[2.36764,45.16564],[2.36758,45.16407],[2.36823,45.16282],[2.36821,45.16001],[2.36742,45.15984],[2.3674,45.15792],[2.36638,45.15512],[2.36489,45.15583],[2.3644,45.15402],[2.36568,45.15323],[2.3642,45.1519],[2.36612,45.15013],[2.36659,45.14792],[2.36752,45.14792],[2.36872,45.14581],[2.36679,45.14457],[2.36453,45.1474],[2.36269,45.14657],[2.363,45.14581],[2.36039,45.14413],[2.3586,45.14455],[2.35689,45.14353],[2.35574,45.14424],[2.35351,45.1413],[2.34985,45.1429],[2.34954,45.1439],[2.34811,45.1444],[2.34692,45.14605],[2.34792,45.14631],[2.34703,45.14764],[2.34441,45.14942],[2.34207,45.14832],[2.33935,45.14634],[2.33682,45.14546],[2.33551,45.14578],[2.33238,45.14556],[2.33201,45.14458],[2.33077,45.14459],[2.32913,45.14268],[2.32653,45.14271],[2.32323,45.14356],[2.32164,45.14301],[2.3193,45.14278],[2.31685,45.14151],[2.31346,45.14069],[2.31126,45.13972],[2.30982,45.14009],[2.30792,45.13912],[2.30447,45.13872],[2.30292,45.13721],[2.30113,45.1368],[2.29996,45.1358],[2.29878,45.13586],[2.29871,45.13728],[2.30033,45.1388],[2.30037,45.14006],[2.29859,45.14054],[2.29857,45.14262],[2.29735,45.14248],[2.29601,45.14358],[2.29661,45.14464],[2.29856,45.14585],[2.29858,45.14743],[2.30007,45.14861],[2.30032,45.14947],[2.29705,45.14972],[2.29597,45.14671],[2.29352,45.14655],[2.29106,45.14769],[2.29192,45.15093],[2.29395,45.15035],[2.29433,45.15093],[2.29217,45.1534],[2.2935,45.1567],[2.29612,45.15721],[2.29563,45.15867],[2.29424,45.16032],[2.29268,45.16052],[2.29077,45.16168],[2.29239,45.1633],[2.28995,45.16382],[2.29271,45.16651],[2.29508,45.1673],[2.29621,45.16627],[2.29768,45.16601],[2.2973,45.16741],[2.29629,45.16839],[2.2985,45.169],[2.29784,45.1714],[2.29966,45.17181],[2.30157,45.17313],[2.30228,45.17574],[2.3043,45.17657],[2.30357,45.17794],[2.30158,45.17895],[2.3029,45.18045],[2.30184,45.18165],[2.30029,45.1809],[2.29927,45.18153],[2.30029,45.18324],[2.30022,45.18558],[2.30113,45.18727],[2.3028,45.18814],[2.303,45.18913],[2.30079,45.18854],[2.30022,45.18922],[2.30308,45.19007],[2.30217,45.19204],[2.30192,45.19356],[2.30269,45.19519],[2.30075,45.19721],[2.30245,45.19812],[2.31124,45.19547],[2.31251,45.19464],[2.31427,45.19579],[2.3147,45.19729],[2.31679,45.19763],[2.31936,45.19347],[2.32048,45.1936],[2.32094,45.19505],[2.32311,45.19579],[2.32569,45.19467],[2.32679,45.19465],[2.32809,45.19551],[2.33081,45.19334],[2.33101,45.19145],[2.33271,45.1902],[2.33268,45.18939],[2.33511,45.18893],[2.33792,45.18758],[2.33701,45.18586],[2.34026,45.18416],[2.33994,45.18328],[2.33818,45.18245],[2.33827,45.18117],[2.33938,45.18023],[2.33964,45.17716],[2.33842,45.17601],[2.3343,45.17446],[2.33054,45.17477],[2.32898,45.17524],[2.32725,45.17491],[2.32551,45.17594],[2.32317,45.17574],[2.3224,45.17268],[2.3215,45.17153],[2.31985,45.17038],[2.31872,45.16782],[2.31744,45.16837],[2.31509,45.16543],[2.31675,45.165],[2.31784,45.16619],[2.31927,45.16571],[2.32143,45.16614],[2.32204,45.16502],[2.3203,45.1638],[2.32028,45.16282],[2.32341,45.16327],[2.32514,45.16032],[2.32663,45.1599],[2.32917,45.16022],[2.33184,45.16018],[2.33178,45.16075],[2.33388,45.16138],[2.3355,45.16134],[2.33687,45.16054],[2.33788,45.16188],[2.34125,45.16233],[2.34164,45.16291],[2.34405,45.16434],[2.34351,45.16475],[2.34053,45.16427],[2.33922,45.16504],[2.34042,45.16627],[2.34046,45.16745],[2.33955,45.16817],[2.34057,45.1699],[2.34202,45.17084],[2.34111,45.17158],[2.34137,45.17395],[2.34233,45.17507],[2.34406,45.17616]]]}},{"type":"Feature","id":"fr-commune-15004","properties":{"id":"fr-commune-15004","name":"Andelat","kind":"commune","center":[3.055,45.0653],"code":"15004","department":"15"},"bbox":[3.00875,45.03574,3.10126,45.09457],"geometry":{"type":"Polygon","coordinates":[[[3.00875,45.07143],[3.00966,45.07265],[3.0117,45.07374],[3.01386,45.07566],[3.01627,45.07328],[3.02378,45.07653],[3.02889,45.07895],[3.02738,45.08037],[3.02937,45.08198],[3.0284,45.08254],[3.02913,45.08427],[3.02693,45.08483],[3.02676,45.08667],[3.02765,45.08712],[3.02777,45.08872],[3.02984,45.08881],[3.03074,45.08949],[3.03734,45.08927],[3.03913,45.08808],[3.03878,45.08562],[3.04053,45.08495],[3.04218,45.08591],[3.04421,45.08631],[3.04526,45.0853],[3.04871,45.08517],[3.04735,45.08705],[3.04587,45.08634],[3.04481,45.08738],[3.04748,45.08799],[3.05083,45.08703],[3.05146,45.08914],[3.04949,45.0909],[3.05045,45.09171],[3.04882,45.09343],[3.05086,45.09391],[3.05143,45.09237],[3.05276,45.09191],[3.05321,45.09457],[3.05776,45.09238],[3.05766,45.09155],[3.0588,45.08913],[3.05953,45.08929],[3.06134,45.08835],[3.06382,45.08911],[3.06855,45.08855],[3.06882,45.0891],[3.07136,45.08785],[3.07182,45.08843],[3.0693,45.08966],[3.07015,45.09073],[3.07146,45.09011],[3.07281,45.09139],[3.07282,45.09269],[3.07618,45.09191],[3.07796,45.09115],[3.07623,45.0906],[3.07673,45.08992],[3.07852,45.09046],[3.07858,45.09225],[3.08023,45.09077],[3.08041,45.08998],[3.0789,45.08923],[3.08061,45.08845],[3.07999,45.08711],[3.08125,45.08643],[3.08346,45.08315],[3.08499,45.0852],[3.08816,45.08302],[3.08918,45.08044],[3.09166,45.08074],[3.09264,45.07981],[3.09144,45.07919],[3.09014,45.07643],[3.09185,45.07601],[3.09158,45.07503],[3.09322,45.07507],[3.09266,45.07284],[3.09313,45.07179],[3.09132,45.071],[3.09103,45.0672],[3.0973,45.06604],[3.09826,45.06527],[3.09874,45.06373],[3.10089,45.063],[3.10066,45.06179],[3.1007,45.05948],[3.10126,45.05737],[3.10089,45.05417],[3.09452,45.05674],[3.09338,45.05652],[3.08781,45.05835],[3.08735,45.05773],[3.08401,45.05798],[3.0837,45.05871],[3.0793,45.05859],[3.07473,45.058],[3.07567,45.05579],[3.0758,45.05432],[3.07278,45.05499],[3.07126,45.05469],[3.07048,45.05352],[3.07182,45.05142],[3.07184,45.04965],[3.07094,45.04888],[3.0699,45.04691],[3.06948,45.04512],[3.06785,45.0434],[3.06623,45.04227],[3.06666,45.04144],[3.06445,45.04017],[3.06434,45.03831],[3.06756,45.03788],[3.06716,45.03672],[3.06459,45.03729],[3.06442,45.03574],[3.06173,45.03595],[3.06196,45.0377],[3.05885,45.038],[3.05885,45.03975],[3.0595,45.04216],[3.05952,45.04446],[3.05828,45.04456],[3.0567,45.0484],[3.05569,45.04824],[3.05406,45.04966],[3.05609,45.05114],[3.05473,45.05211],[3.05392,45.05184],[3.0506,45.05252],[3.05061,45.05504],[3.05146,45.05562],[3.05218,45.05718],[3.05114,45.05732],[3.04805,45.0598],[3.04651,45.05963],[3.04344,45.05876],[3.04076,45.05919],[3.03795,45.05852],[3.03614,45.05868],[3.03415,45.05979],[3.03254,45.05974],[3.0327,45.06294],[3.0308,45.06403],[3.01189,45.06971],[3.01111,45.07064],[3.00923,45.07077],[3.00875,45.07143]]]}},{"type":"Feature","id":"fr-commune-15005","properties":{"id":"fr-commune-15005","name":"Anglards-de-Saint-Flour","kind":"commune","center":[3.1635,44.9881],"code":"15005","department":"15"},"bbox":[3.13408,44.96528,3.19302,45.01076],"geometry":{"type":"Polygon","coordinates":[[[3.18837,45.00349],[3.18915,45.00225],[3.1911,45.00179],[3.1907,44.99967],[3.19302,44.99849],[3.19209,44.99624],[3.19244,44.99427],[3.19061,44.99361],[3.18816,44.99377],[3.1861,44.9921],[3.18395,44.98995],[3.18135,44.98996],[3.1809,44.98881],[3.18118,44.98764],[3.17782,44.98678],[3.17723,44.98823],[3.17598,44.98752],[3.17576,44.98607],[3.1748,44.98568],[3.17363,44.98277],[3.17366,44.97987],[3.17401,44.97905],[3.17252,44.97721],[3.17312,44.97522],[3.17539,44.97441],[3.17214,44.97274],[3.16904,44.97277],[3.16697,44.97359],[3.1646,44.9753],[3.16354,44.97719],[3.16216,44.97636],[3.1617,44.9734],[3.16013,44.97031],[3.15824,44.96919],[3.15766,44.96823],[3.15811,44.96605],[3.15748,44.96532],[3.15586,44.96528],[3.15414,44.96604],[3.15293,44.9683],[3.15066,44.97084],[3.14912,44.97101],[3.14505,44.96954],[3.14295,44.97125],[3.14014,44.97133],[3.13814,44.97286],[3.1385,44.97424],[3.13952,44.97481],[3.13916,44.97588],[3.13726,44.97624],[3.13549,44.97702],[3.13445,44.97874],[3.13408,44.98013],[3.13492,44.98126],[3.13882,44.98215],[3.13968,44.98345],[3.13922,44.98613],[3.14058,44.98818],[3.14376,44.988],[3.14447,44.98943],[3.14299,44.9907],[3.13863,44.99104],[3.1386,44.9918],[3.13992,44.99296],[3.14057,44.9946],[3.14025,44.99683],[3.13968,44.99779],[3.13976,45.00029],[3.1402,45.00239],[3.14097,45.00395],[3.13806,45.00475],[3.13676,45.0054],[3.13736,45.00678],[3.13964,45.008],[3.13938,45.00884],[3.14424,45.00995],[3.14911,45.01026],[3.15051,45.00931],[3.15138,45.01076],[3.1534,45.00932],[3.15655,45.00834],[3.15705,45.00944],[3.15874,45.00803],[3.15849,45.00567],[3.16028,45.00523],[3.16152,45.00573],[3.16329,45.00532],[3.16412,45.00436],[3.16256,45.00359],[3.16451,45.00223],[3.16689,45.00108],[3.16989,45.00096],[3.16946,45.00027],[3.17253,44.99852],[3.16994,44.9949],[3.16828,44.99433],[3.17137,44.99304],[3.17353,44.99366],[3.1745,44.99491],[3.17491,44.99635],[3.17662,44.9966],[3.17705,44.99592],[3.17889,44.9956],[3.1813,44.99612],[3.18326,44.99571],[3.18371,44.99624],[3.18145,44.99761],[3.1796,44.99919],[3.1812,45.00153],[3.18246,45.00243],[3.18171,45.00384],[3.18517,45.00347],[3.18689,45.00381],[3.18837,45.00349]]]}},{"type":"Feature","id":"fr-commune-15006","properties":{"id":"fr-commune-15006","name":"Anglards-de-Salers","kind":"commune","center":[2.4854,45.199],"code":"15006","department":"15"},"bbox":[2.39133,45.16282,2.58068,45.23513],"geometry":{"type":"Polygon","coordinates":[[[2.43553,45.23513],[2.43463,45.2345],[2.43478,45.23255],[2.43809,45.23133],[2.43949,45.22953],[2.44178,45.22818],[2.44127,45.22692],[2.44338,45.22589],[2.44471,45.22593],[2.44541,45.22458],[2.44426,45.22355],[2.44541,45.22247],[2.44477,45.22152],[2.44222,45.22157],[2.44089,45.22119],[2.44148,45.22012],[2.44315,45.21972],[2.4458,45.21781],[2.44833,45.21765],[2.45139,45.21999],[2.45336,45.21962],[2.45501,45.21886],[2.45947,45.2193],[2.46093,45.21867],[2.46303,45.21921],[2.46354,45.21849],[2.46595,45.21727],[2.4657,45.21678],[2.46767,45.21592],[2.46888,45.21722],[2.47079,45.217],[2.47137,45.21879],[2.47359,45.21834],[2.47493,45.21712],[2.47798,45.21762],[2.48142,45.21788],[2.48161,45.21865],[2.48511,45.21981],[2.48683,45.21936],[2.48593,45.2184],[2.48715,45.21727],[2.49044,45.21666],[2.49,45.2158],[2.48671,45.21528],[2.48716,45.21431],[2.48745,45.2114],[2.49031,45.20946],[2.49266,45.20914],[2.49144,45.20685],[2.49602,45.20617],[2.49748,45.20522],[2.49875,45.20508],[2.50093,45.20396],[2.50347,45.20337],[2.50576,45.20327],[2.50716,45.20417],[2.51008,45.20241],[2.50938,45.20165],[2.51218,45.20043],[2.51555,45.19975],[2.51726,45.19853],[2.51929,45.19759],[2.5205,45.19754],[2.52139,45.19664],[2.52317,45.19663],[2.5252,45.19555],[2.52787,45.19487],[2.5339,45.19144],[2.53377,45.19063],[2.53707,45.18883],[2.53974,45.1868],[2.53986,45.18559],[2.54255,45.18473],[2.54093,45.18163],[2.54309,45.18225],[2.54762,45.18094],[2.5492,45.17887],[2.5504,45.17823],[2.55263,45.1781],[2.55358,45.17863],[2.55872,45.17584],[2.5591,45.17502],[2.56079,45.17371],[2.5633,45.17363],[2.56416,45.17273],[2.56747,45.17218],[2.57238,45.17099],[2.57466,45.16874],[2.57656,45.16766],[2.57878,45.16702],[2.58068,45.16549],[2.57845,45.16369],[2.57838,45.16324],[2.57253,45.16326],[2.56917,45.16389],[2.56619,45.16552],[2.56373,45.16582],[2.55891,45.16552],[2.55653,45.16505],[2.55431,45.16536],[2.55202,45.16527],[2.54857,45.16403],[2.54189,45.16282],[2.54024,45.16296],[2.53988,45.16854],[2.54083,45.16975],[2.5437,45.17011],[2.54393,45.17189],[2.54311,45.17302],[2.53708,45.17488],[2.53343,45.17519],[2.53029,45.17587],[2.52904,45.17674],[2.52258,45.17746],[2.52038,45.17845],[2.51932,45.1795],[2.51795,45.17961],[2.5156,45.17771],[2.51306,45.17695],[2.51088,45.17532],[2.509,45.17654],[2.5109,45.17875],[2.51129,45.17974],[2.51111,45.18166],[2.50833,45.18204],[2.50577,45.18355],[2.50283,45.18395],[2.5011,45.17886],[2.49796,45.17883],[2.49609,45.17961],[2.49407,45.17877],[2.4926,45.17885],[2.49179,45.17802],[2.48985,45.17762],[2.48889,45.17801],[2.48883,45.18008],[2.4883,45.18083],[2.48602,45.18119],[2.48481,45.18025],[2.48286,45.18108],[2.48249,45.17949],[2.48103,45.17916],[2.47644,45.17913],[2.47644,45.17827],[2.4744,45.17808],[2.4742,45.17729],[2.47197,45.1774],[2.47017,45.17705],[2.4687,45.17732],[2.46771,45.17574],[2.46554,45.17571],[2.46684,45.17433],[2.46547,45.1739],[2.46515,45.17156],[2.46286,45.17157],[2.46139,45.17097],[2.45986,45.17212],[2.45674,45.1733],[2.45501,45.17445],[2.4525,45.17275],[2.45194,45.17086],[2.45075,45.17182],[2.44898,45.17214],[2.4472,45.17196],[2.44435,45.17308],[2.44371,45.17255],[2.44193,45.17402],[2.44017,45.1736],[2.43965,45.17222],[2.43832,45.17195],[2.43596,45.17353],[2.43559,45.17555],[2.43292,45.17866],[2.43222,45.18014],[2.42984,45.18032],[2.42918,45.17945],[2.42742,45.1797],[2.42775,45.18147],[2.41848,45.18299],[2.41651,45.18452],[2.41333,45.18569],[2.40988,45.18561],[2.40996,45.18745],[2.40818,45.18713],[2.40672,45.18781],[2.40697,45.18871],[2.40869,45.18866],[2.40857,45.19312],[2.40418,45.19233],[2.40463,45.19316],[2.40341,45.19375],[2.40119,45.19361],[2.39826,45.19394],[2.39718,45.19356],[2.39382,45.19354],[2.39133,45.19295],[2.39216,45.19598],[2.39332,45.19705],[2.39456,45.19998],[2.39549,45.2007],[2.39614,45.20246],[2.39777,45.20226],[2.39809,45.20365],[2.40025,45.20415],[2.40203,45.205],[2.40566,45.205],[2.40681,45.20585],[2.40316,45.20662],[2.40395,45.20869],[2.40172,45.20946],[2.4016,45.2131],[2.40166,45.21463],[2.40287,45.21566],[2.40326,45.21836],[2.40205,45.22061],[2.4032,45.22191],[2.40307,45.2229],[2.40167,45.22358],[2.40282,45.22556],[2.40397,45.22668],[2.40206,45.22736],[2.40365,45.22897],[2.40499,45.22893],[2.40677,45.2296],[2.4076,45.2292],[2.40919,45.23104],[2.40919,45.23248],[2.41104,45.23324],[2.41073,45.23115],[2.41199,45.23126],[2.41505,45.22955],[2.41638,45.22937],[2.41613,45.2282],[2.41682,45.22636],[2.4188,45.22685],[2.41893,45.22888],[2.41664,45.22973],[2.41836,45.23216],[2.41987,45.23182],[2.42248,45.23233],[2.42644,45.23098],[2.42925,45.23314],[2.43013,45.23152],[2.43154,45.23183],[2.42976,45.23341],[2.43141,45.23417],[2.43275,45.23417],[2.43415,45.23502],[2.43553,45.23513]]]}},{"type":"Feature","id":"fr-commune-15007","properties":{"id":"fr-commune-15007","name":"Anterrieux","kind":"commune","center":[3.0637,44.827],"code":"15007","department":"15"},"bbox":[3.02724,44.79778,3.10028,44.85649],"geometry":{"type":"Polygon","coordinates":[[[3.10028,44.84391],[3.09772,44.84306],[3.0979,44.84127],[3.09946,44.84021],[3.09911,44.83766],[3.09901,44.83303],[3.09568,44.83361],[3.09383,44.83327],[3.09188,44.8334],[3.09011,44.83271],[3.0882,44.8333],[3.08585,44.83324],[3.08301,44.83375],[3.08098,44.83476],[3.07474,44.83664],[3.07234,44.83761],[3.07127,44.83425],[3.07372,44.82796],[3.07421,44.8259],[3.0773,44.82459],[3.07602,44.82367],[3.07215,44.82255],[3.06896,44.82276],[3.06684,44.82193],[3.06386,44.82013],[3.06148,44.8177],[3.06163,44.81528],[3.0598,44.8133],[3.05808,44.81316],[3.05777,44.81146],[3.0565,44.8095],[3.0541,44.80776],[3.05208,44.80569],[3.04813,44.80421],[3.04649,44.8016],[3.04579,44.79905],[3.04592,44.79778],[3.04395,44.79788],[3.04304,44.7999],[3.03846,44.80361],[3.03694,44.80389],[3.03858,44.80601],[3.03874,44.80792],[3.03771,44.80994],[3.03582,44.81117],[3.03538,44.81255],[3.03583,44.8143],[3.03526,44.81731],[3.03471,44.81858],[3.03345,44.81965],[3.03122,44.82061],[3.02934,44.82273],[3.0286,44.82475],[3.02724,44.8264],[3.02728,44.82832],[3.02917,44.83242],[3.02962,44.83527],[3.03127,44.83687],[3.03224,44.83835],[3.03465,44.83987],[3.03771,44.84219],[3.03935,44.84458],[3.03955,44.84575],[3.04238,44.84669],[3.04431,44.84676],[3.0453,44.84527],[3.04752,44.84611],[3.05045,44.84775],[3.05084,44.8487],[3.04962,44.85045],[3.05209,44.85145],[3.05409,44.85187],[3.05489,44.85282],[3.05703,44.85302],[3.05729,44.85387],[3.05951,44.85404],[3.06279,44.85289],[3.06278,44.85406],[3.06144,44.85449],[3.0637,44.85649],[3.06474,44.85603],[3.06717,44.85409],[3.06959,44.85355],[3.07277,44.85203],[3.07365,44.85121],[3.07426,44.84963],[3.07694,44.84557],[3.08102,44.84383],[3.08532,44.84362],[3.08891,44.84292],[3.09095,44.84385],[3.09266,44.84407],[3.09486,44.84342],[3.09594,44.84404],[3.09879,44.84416],[3.10028,44.84391]]]}},{"type":"Feature","id":"fr-commune-15008","properties":{"id":"fr-commune-15008","name":"Antignac","kind":"commune","center":[2.5608,45.3545],"code":"15008","department":"15"},"bbox":[2.52454,45.3292,2.59706,45.37977],"geometry":{"type":"Polygon","coordinates":[[[2.53016,45.33005],[2.52927,45.33066],[2.52915,45.3318],[2.52596,45.33272],[2.52648,45.33343],[2.52454,45.33607],[2.52616,45.33641],[2.52865,45.33782],[2.52988,45.33711],[2.53127,45.33771],[2.52925,45.33895],[2.52962,45.33947],[2.52863,45.34153],[2.53006,45.34208],[2.5319,45.34176],[2.53287,45.34081],[2.53414,45.34178],[2.53263,45.3431],[2.53308,45.34382],[2.5359,45.3434],[2.53616,45.3452],[2.53488,45.34746],[2.53364,45.34791],[2.53525,45.34917],[2.53494,45.35074],[2.53298,45.35151],[2.5365,45.35411],[2.53593,45.35623],[2.53497,45.35714],[2.53562,45.35801],[2.53704,45.35726],[2.5366,45.35638],[2.53979,45.35578],[2.54271,45.35456],[2.54337,45.35523],[2.54544,45.35423],[2.54628,45.3534],[2.54836,45.35359],[2.54721,45.35472],[2.54639,45.35634],[2.54716,45.358],[2.54812,45.35877],[2.54694,45.35986],[2.54704,45.36107],[2.5481,45.36131],[2.54768,45.36418],[2.54709,45.36536],[2.54807,45.36583],[2.54893,45.36745],[2.54967,45.37042],[2.55074,45.37112],[2.55055,45.37221],[2.55188,45.37228],[2.55478,45.37617],[2.55566,45.37593],[2.55829,45.37639],[2.56011,45.3757],[2.56298,45.37569],[2.565,45.37636],[2.5674,45.37567],[2.56879,45.3761],[2.56937,45.37788],[2.5691,45.37916],[2.57088,45.37977],[2.57249,45.37775],[2.57484,45.37227],[2.57396,45.37064],[2.57897,45.36954],[2.58065,45.36747],[2.57961,45.36428],[2.58018,45.36306],[2.5826,45.36306],[2.58513,45.36224],[2.58741,45.36316],[2.59022,45.3658],[2.59353,45.36674],[2.59524,45.36627],[2.59706,45.36516],[2.59137,45.35755],[2.58728,45.3571],[2.58498,45.35509],[2.58344,45.35312],[2.58344,45.35226],[2.58733,45.35261],[2.58867,45.35176],[2.58708,45.35073],[2.58408,45.35186],[2.58293,45.35114],[2.58375,45.34983],[2.58535,45.34893],[2.58566,45.34659],[2.58719,45.34636],[2.58763,45.34546],[2.5856,45.34296],[2.58171,45.34368],[2.57907,45.34166],[2.57759,45.33928],[2.57778,45.33833],[2.57611,45.33577],[2.57612,45.335],[2.5791,45.33374],[2.57813,45.33181],[2.57673,45.33078],[2.57646,45.3292],[2.57455,45.32966],[2.57245,45.33061],[2.56818,45.3299],[2.56703,45.33066],[2.56531,45.33035],[2.56436,45.3317],[2.5634,45.33107],[2.56206,45.33148],[2.5611,45.33013],[2.55862,45.33081],[2.55548,45.33131],[2.55509,45.33226],[2.54933,45.33436],[2.54807,45.33558],[2.54557,45.33704],[2.54293,45.33503],[2.53877,45.33493],[2.5372,45.33706],[2.53406,45.33766],[2.5332,45.33716],[2.53294,45.33553],[2.53207,45.33518],[2.53076,45.3336],[2.5314,45.33287],[2.53016,45.33005]]]}},{"type":"Feature","id":"fr-commune-15009","properties":{"id":"fr-commune-15009","name":"Apchon","kind":"commune","center":[2.7013,45.2446],"code":"15009","department":"15"},"bbox":[2.66631,45.22082,2.73404,45.26837],"geometry":{"type":"Polygon","coordinates":[[[2.72789,45.24792],[2.72979,45.24678],[2.73209,45.24711],[2.73404,45.24506],[2.73389,45.24419],[2.73014,45.24273],[2.72887,45.24186],[2.72904,45.2411],[2.72771,45.24026],[2.72766,45.23918],[2.72596,45.23935],[2.72466,45.24034],[2.72296,45.241],[2.72077,45.24029],[2.72197,45.23934],[2.72196,45.23835],[2.71928,45.23683],[2.71596,45.23545],[2.7155,45.23306],[2.71244,45.23347],[2.71144,45.23491],[2.71184,45.2386],[2.70957,45.24218],[2.70895,45.24379],[2.70633,45.24213],[2.70568,45.24083],[2.70699,45.24073],[2.70758,45.2395],[2.70661,45.23914],[2.70355,45.23884],[2.70267,45.23787],[2.70355,45.23552],[2.70335,45.23436],[2.70149,45.23379],[2.70205,45.23213],[2.70321,45.23242],[2.70319,45.23053],[2.70185,45.23],[2.70064,45.22665],[2.69927,45.227],[2.69853,45.22839],[2.69619,45.23042],[2.69459,45.22953],[2.69527,45.2262],[2.69608,45.22509],[2.69377,45.22534],[2.6933,45.22616],[2.69145,45.22603],[2.69082,45.2268],[2.68904,45.22689],[2.68948,45.22559],[2.68763,45.22505],[2.68696,45.22619],[2.68197,45.22792],[2.68075,45.22755],[2.67909,45.22794],[2.67809,45.22567],[2.67441,45.22596],[2.67355,45.22457],[2.67184,45.22411],[2.67171,45.2233],[2.67297,45.22127],[2.66966,45.22082],[2.67055,45.22187],[2.6691,45.22322],[2.66757,45.22371],[2.6679,45.22471],[2.66631,45.22589],[2.66681,45.2271],[2.66815,45.22803],[2.66882,45.23078],[2.67073,45.23059],[2.67043,45.23284],[2.67126,45.23398],[2.67338,45.23522],[2.68047,45.23699],[2.67958,45.23832],[2.67529,45.24273],[2.67481,45.24618],[2.67425,45.24781],[2.67497,45.24857],[2.67466,45.25024],[2.6753,45.25136],[2.67893,45.25144],[2.68146,45.24984],[2.68193,45.25232],[2.68149,45.25359],[2.6822,45.25422],[2.68106,45.2553],[2.68094,45.25642],[2.6819,45.25763],[2.68445,45.25794],[2.68541,45.25985],[2.68634,45.26042],[2.68786,45.26017],[2.69031,45.26238],[2.69244,45.26355],[2.69315,45.26435],[2.695,45.26484],[2.69608,45.26425],[2.69807,45.2646],[2.69899,45.26526],[2.6995,45.26717],[2.70115,45.26837],[2.70112,45.26709],[2.70418,45.26502],[2.70451,45.26344],[2.70453,45.26085],[2.70782,45.26047],[2.71207,45.25666],[2.71224,45.25547],[2.71374,45.25606],[2.71584,45.25564],[2.71711,45.25456],[2.7185,45.25267],[2.7208,45.2541],[2.72187,45.25292],[2.72283,45.25301],[2.72494,45.25417],[2.72517,45.25089],[2.72586,45.24958],[2.72789,45.24792]]]}},{"type":"Feature","id":"fr-commune-15010","properties":{"id":"fr-commune-15010","name":"Arches","kind":"commune","center":[2.3152,45.297],"code":"15010","department":"15"},"bbox":[2.27611,45.26738,2.35434,45.32659],"geometry":{"type":"Polygon","coordinates":[[[2.30593,45.31042],[2.30738,45.31305],[2.31047,45.31535],[2.31245,45.31726],[2.3145,45.32054],[2.31687,45.3227],[2.31938,45.3235],[2.3262,45.32461],[2.32789,45.32517],[2.33165,45.32571],[2.33502,45.32655],[2.33659,45.32659],[2.33994,45.32587],[2.34082,45.32307],[2.3422,45.32221],[2.34132,45.32077],[2.34184,45.31953],[2.34603,45.31883],[2.34849,45.31804],[2.34907,45.31743],[2.34762,45.31615],[2.34817,45.31438],[2.34769,45.31295],[2.34658,45.31225],[2.34487,45.31214],[2.34468,45.31114],[2.34655,45.3103],[2.35079,45.31151],[2.35206,45.31123],[2.35253,45.3103],[2.35132,45.30977],[2.35151,45.30548],[2.35114,45.30442],[2.35311,45.30399],[2.35347,45.30187],[2.35434,45.30126],[2.35336,45.29849],[2.35351,45.29701],[2.35205,45.29536],[2.34885,45.29476],[2.34775,45.29513],[2.34477,45.29494],[2.34106,45.29229],[2.34283,45.29158],[2.34254,45.29035],[2.34095,45.28995],[2.34145,45.28712],[2.33821,45.28716],[2.33682,45.28665],[2.33464,45.28959],[2.33318,45.29286],[2.3326,45.29139],[2.33158,45.29134],[2.33183,45.29368],[2.32833,45.29391],[2.32801,45.2926],[2.32673,45.29256],[2.32635,45.29409],[2.32125,45.29454],[2.32125,45.29341],[2.3191,45.29115],[2.31724,45.29107],[2.31711,45.28972],[2.31839,45.28882],[2.31801,45.2877],[2.31692,45.28671],[2.31858,45.28639],[2.31884,45.28567],[2.31762,45.28464],[2.31648,45.28495],[2.31449,45.28404],[2.31121,45.28317],[2.30807,45.28176],[2.30801,45.2809],[2.31036,45.27933],[2.31184,45.27575],[2.30825,45.2723],[2.30584,45.27064],[2.30461,45.27042],[2.30294,45.27087],[2.30105,45.27014],[2.29888,45.26822],[2.29661,45.26738],[2.29539,45.26765],[2.29485,45.26859],[2.29325,45.26903],[2.29241,45.26997],[2.29066,45.27019],[2.28977,45.27257],[2.2879,45.27397],[2.28672,45.27545],[2.28329,45.27552],[2.28193,45.27526],[2.28142,45.27608],[2.28202,45.27713],[2.28092,45.27849],[2.2827,45.28048],[2.28323,45.28161],[2.28315,45.2833],[2.28028,45.28358],[2.28011,45.285],[2.27765,45.28625],[2.27646,45.28742],[2.27611,45.28853],[2.28242,45.28716],[2.28685,45.28676],[2.28875,45.28706],[2.29109,45.28974],[2.29489,45.29546],[2.29837,45.29763],[2.29993,45.299],[2.30156,45.30373],[2.30325,45.30552],[2.30536,45.3068],[2.30588,45.30768],[2.30593,45.31042]]]}},{"type":"Feature","id":"fr-commune-15011","properties":{"id":"fr-commune-15011","name":"Arnac","kind":"commune","center":[2.2204,45.0646],"code":"15011","department":"15"},"bbox":[2.17273,45.03962,2.26803,45.08956],"geometry":{"type":"Polygon","coordinates":[[[2.25843,45.08521],[2.25726,45.08411],[2.25575,45.0834],[2.25383,45.08328],[2.2529,45.08474],[2.25202,45.08493],[2.25044,45.08316],[2.24956,45.08163],[2.24947,45.08004],[2.25027,45.07951],[2.25348,45.079],[2.25418,45.07426],[2.25697,45.07167],[2.25672,45.06977],[2.25711,45.06897],[2.25919,45.0693],[2.2611,45.07073],[2.26215,45.07019],[2.26269,45.06902],[2.2626,45.06717],[2.26208,45.0654],[2.26105,45.06463],[2.25892,45.06403],[2.25815,45.06311],[2.25918,45.06142],[2.26074,45.06193],[2.26118,45.06325],[2.26234,45.06426],[2.26404,45.06428],[2.26618,45.06292],[2.2674,45.06008],[2.26803,45.05778],[2.26643,45.05706],[2.2635,45.05726],[2.26401,45.05576],[2.26015,45.05513],[2.26011,45.05388],[2.26077,45.05165],[2.25849,45.05083],[2.25934,45.04934],[2.25766,45.04738],[2.25861,45.04585],[2.25593,45.04528],[2.25358,45.04404],[2.25309,45.04201],[2.25229,45.04115],[2.24803,45.04111],[2.24619,45.0417],[2.24441,45.04333],[2.24133,45.04488],[2.24012,45.04491],[2.23709,45.04422],[2.23626,45.04524],[2.23646,45.04644],[2.23583,45.04759],[2.23419,45.04572],[2.23233,45.04525],[2.23177,45.04388],[2.22985,45.0434],[2.22878,45.04358],[2.22716,45.04111],[2.22538,45.03962],[2.22438,45.0399],[2.21897,45.03996],[2.21486,45.04178],[2.21352,45.04211],[2.20959,45.04131],[2.20583,45.04154],[2.20574,45.04283],[2.205,45.04368],[2.20485,45.04504],[2.20351,45.04581],[2.20235,45.04771],[2.20182,45.05103],[2.19956,45.0526],[2.19911,45.05421],[2.19765,45.05658],[2.19866,45.05727],[2.19746,45.06241],[2.19545,45.06473],[2.19286,45.06485],[2.19239,45.06677],[2.19037,45.06814],[2.18701,45.06993],[2.185,45.07293],[2.18598,45.07545],[2.18369,45.07662],[2.18388,45.07782],[2.18192,45.07746],[2.17962,45.07756],[2.17795,45.07695],[2.17602,45.07705],[2.17409,45.07768],[2.17323,45.07857],[2.17273,45.08024],[2.17305,45.08117],[2.17516,45.08007],[2.17785,45.08119],[2.18233,45.08228],[2.18916,45.08286],[2.19212,45.08172],[2.19463,45.08132],[2.19805,45.07806],[2.19935,45.07776],[2.20264,45.07817],[2.20373,45.0787],[2.20791,45.08199],[2.20993,45.08465],[2.21153,45.08595],[2.21311,45.08625],[2.2151,45.08528],[2.21522,45.08357],[2.21277,45.08125],[2.21188,45.07998],[2.21224,45.07872],[2.21414,45.076],[2.21521,45.07533],[2.21858,45.07542],[2.22555,45.07609],[2.23187,45.07621],[2.23405,45.07659],[2.23639,45.07767],[2.24017,45.07979],[2.24319,45.08075],[2.24448,45.0823],[2.24252,45.08561],[2.24231,45.08735],[2.24268,45.08845],[2.24432,45.08931],[2.25069,45.08909],[2.25417,45.08956],[2.25739,45.0891],[2.25858,45.08759],[2.25886,45.0863],[2.25843,45.08521]]]}},{"type":"Feature","id":"fr-commune-15012","properties":{"id":"fr-commune-15012","name":"Arpajon-sur-Cère","kind":"commune","center":[2.4631,44.879],"code":"15012","department":"15"},"bbox":[2.40644,44.83565,2.51983,44.92238],"geometry":{"type":"Polygon","coordinates":[[[2.5197,44.86981],[2.51836,44.86926],[2.51847,44.86765],[2.51983,44.86655],[2.51782,44.86611],[2.51711,44.86502],[2.51554,44.86394],[2.51713,44.86135],[2.51885,44.86009],[2.51483,44.85798],[2.51037,44.85761],[2.50944,44.85607],[2.5101,44.85498],[2.50912,44.8527],[2.50564,44.85608],[2.50357,44.85902],[2.50148,44.85888],[2.49852,44.86058],[2.49601,44.86115],[2.49426,44.86113],[2.49314,44.85975],[2.4914,44.85834],[2.49167,44.85772],[2.48959,44.85637],[2.49034,44.85421],[2.49244,44.85258],[2.4937,44.84982],[2.49177,44.84949],[2.49221,44.84841],[2.49036,44.84731],[2.48778,44.84386],[2.48917,44.84382],[2.49052,44.8429],[2.49028,44.8401],[2.48468,44.83866],[2.48269,44.83861],[2.48123,44.83952],[2.47967,44.84167],[2.47887,44.84212],[2.47434,44.83901],[2.47167,44.83869],[2.47133,44.83683],[2.46914,44.83565],[2.46505,44.836],[2.45925,44.83932],[2.45575,44.84045],[2.45436,44.8404],[2.45327,44.83936],[2.45049,44.83941],[2.45064,44.83779],[2.44623,44.83704],[2.44383,44.83696],[2.44139,44.8364],[2.44024,44.83654],[2.43878,44.83765],[2.43685,44.83817],[2.43489,44.83794],[2.4341,44.83857],[2.43218,44.83899],[2.43152,44.83998],[2.42997,44.84054],[2.4294,44.84148],[2.42652,44.84185],[2.4252,44.84266],[2.42316,44.84303],[2.42374,44.84422],[2.42876,44.84647],[2.43017,44.84618],[2.43131,44.84757],[2.43005,44.84893],[2.42989,44.85007],[2.4289,44.85039],[2.42689,44.85256],[2.4298,44.85203],[2.43169,44.85234],[2.43249,44.85307],[2.43481,44.8526],[2.43514,44.85195],[2.43877,44.8516],[2.43937,44.85321],[2.44023,44.85407],[2.44009,44.85637],[2.44422,44.86049],[2.44302,44.86289],[2.44333,44.86387],[2.44195,44.86485],[2.44176,44.86691],[2.43876,44.8684],[2.43836,44.87051],[2.43634,44.87083],[2.43272,44.86987],[2.43159,44.86929],[2.4299,44.86728],[2.4271,44.86543],[2.42595,44.86647],[2.42454,44.86889],[2.42132,44.86972],[2.41999,44.86977],[2.4179,44.87064],[2.41658,44.87189],[2.41453,44.8727],[2.41399,44.87338],[2.41003,44.87539],[2.40829,44.8759],[2.40644,44.87706],[2.40803,44.8774],[2.40942,44.8787],[2.4094,44.87985],[2.40758,44.88157],[2.40854,44.88176],[2.40859,44.88314],[2.40712,44.88398],[2.40935,44.88844],[2.40974,44.89123],[2.40795,44.89581],[2.40733,44.89658],[2.40936,44.89741],[2.41256,44.89828],[2.41521,44.89871],[2.41543,44.89635],[2.41623,44.89439],[2.41899,44.89446],[2.4177,44.89312],[2.4168,44.89035],[2.41819,44.89008],[2.42067,44.8914],[2.42131,44.89235],[2.42365,44.89195],[2.42372,44.89523],[2.42481,44.89629],[2.42771,44.89696],[2.42912,44.89662],[2.43012,44.89748],[2.42799,44.8984],[2.42757,44.89931],[2.42831,44.90067],[2.43095,44.90062],[2.4314,44.89941],[2.43338,44.89773],[2.43544,44.89786],[2.43776,44.89753],[2.43794,44.89521],[2.44073,44.89516],[2.4419,44.89469],[2.44432,44.89479],[2.44503,44.89586],[2.44449,44.89772],[2.44722,44.89665],[2.45077,44.89963],[2.45257,44.90447],[2.45312,44.90657],[2.45493,44.90755],[2.45675,44.90768],[2.45661,44.91037],[2.45371,44.91179],[2.45815,44.91337],[2.45965,44.91361],[2.46304,44.91594],[2.46471,44.91661],[2.46602,44.91802],[2.46789,44.91893],[2.46931,44.91861],[2.47151,44.91901],[2.47309,44.91989],[2.478,44.91824],[2.47917,44.91867],[2.48055,44.91717],[2.48189,44.91852],[2.48315,44.91861],[2.48429,44.91892],[2.48721,44.92238],[2.48924,44.92161],[2.49152,44.9212],[2.49063,44.92026],[2.49075,44.91905],[2.49153,44.91811],[2.49404,44.91886],[2.49543,44.9185],[2.49201,44.91626],[2.49055,44.91491],[2.49276,44.91419],[2.4934,44.91279],[2.49244,44.91234],[2.49354,44.90943],[2.49175,44.90788],[2.49181,44.90621],[2.49248,44.90392],[2.49335,44.9031],[2.49539,44.90534],[2.49638,44.90561],[2.49868,44.90346],[2.49602,44.90223],[2.49665,44.90132],[2.49905,44.90156],[2.49945,44.90069],[2.50112,44.90096],[2.50145,44.90001],[2.49995,44.89973],[2.50076,44.89699],[2.50051,44.89582],[2.49702,44.89425],[2.49664,44.89375],[2.49252,44.89187],[2.49258,44.89084],[2.49751,44.88818],[2.49908,44.88381],[2.49986,44.88217],[2.49955,44.88064],[2.50216,44.87971],[2.50382,44.87861],[2.50798,44.87795],[2.51174,44.87654],[2.51437,44.87483],[2.5162,44.87402],[2.51875,44.87198],[2.51895,44.87038],[2.5197,44.86981]]]}},{"type":"Feature","id":"fr-commune-15013","properties":{"id":"fr-commune-15013","name":"Auriac-l'Église","kind":"commune","center":[3.1156,45.2663],"code":"15013","department":"15"},"bbox":[3.06163,45.23738,3.16938,45.29523],"geometry":{"type":"Polygon","coordinates":[[[3.1316,45.28612],[3.13352,45.28752],[3.13475,45.28799],[3.13694,45.28969],[3.13814,45.2882],[3.1405,45.28885],[3.14259,45.28789],[3.14684,45.28761],[3.14985,45.28927],[3.1504,45.29044],[3.15218,45.29201],[3.15359,45.29387],[3.1546,45.29451],[3.15835,45.29513],[3.16041,45.29523],[3.16064,45.29439],[3.15832,45.29254],[3.15933,45.29115],[3.16032,45.29106],[3.16123,45.28992],[3.1628,45.28892],[3.16113,45.28763],[3.1636,45.28703],[3.1632,45.28502],[3.16529,45.28601],[3.16682,45.28618],[3.16764,45.28442],[3.16902,45.2826],[3.16757,45.28194],[3.16765,45.27975],[3.16938,45.27969],[3.16854,45.27822],[3.16749,45.27821],[3.16711,45.27647],[3.1656,45.27642],[3.1684,45.27458],[3.16658,45.27286],[3.16595,45.27106],[3.1633,45.26988],[3.16471,45.2686],[3.16298,45.26909],[3.16203,45.26867],[3.16337,45.26673],[3.16209,45.26544],[3.15913,45.2638],[3.159,45.26262],[3.15739,45.26174],[3.15391,45.25862],[3.15243,45.25786],[3.15223,45.25683],[3.15082,45.25648],[3.14561,45.25309],[3.14559,45.25161],[3.14532,45.2505],[3.13909,45.25087],[3.13767,45.25031],[3.13811,45.24946],[3.13618,45.24853],[3.13705,45.24654],[3.13342,45.24639],[3.1319,45.24748],[3.13025,45.24749],[3.12976,45.2487],[3.12409,45.24765],[3.12377,45.24852],[3.12211,45.24812],[3.12165,45.24999],[3.12062,45.25092],[3.11796,45.25229],[3.11755,45.2554],[3.11539,45.25605],[3.11473,45.25461],[3.11133,45.25376],[3.11017,45.25066],[3.10885,45.24984],[3.1048,45.24846],[3.10302,45.24811],[3.10224,45.24617],[3.09885,45.24574],[3.09677,45.24384],[3.09597,45.24168],[3.0901,45.24067],[3.08703,45.23947],[3.07474,45.23738],[3.07434,45.23827],[3.07281,45.23792],[3.07123,45.23888],[3.07252,45.23964],[3.0714,45.24046],[3.07316,45.24124],[3.07235,45.24247],[3.07225,45.24481],[3.07043,45.24622],[3.06889,45.24542],[3.06243,45.24505],[3.06163,45.24546],[3.06366,45.248],[3.06395,45.24923],[3.06556,45.25081],[3.06593,45.25275],[3.0679,45.25235],[3.06924,45.25297],[3.07224,45.25327],[3.07317,45.25169],[3.07413,45.25217],[3.07667,45.25103],[3.0771,45.25009],[3.07984,45.25011],[3.08214,45.25059],[3.08404,45.25031],[3.08749,45.25078],[3.08802,45.25222],[3.08675,45.25236],[3.08683,45.2538],[3.09027,45.25414],[3.09035,45.25513],[3.08694,45.25619],[3.08912,45.25689],[3.08978,45.25799],[3.09148,45.25886],[3.0915,45.26048],[3.09278,45.26056],[3.09362,45.26144],[3.09532,45.2604],[3.09649,45.26148],[3.09956,45.26272],[3.10071,45.2628],[3.10277,45.26418],[3.1049,45.26646],[3.10715,45.2682],[3.10629,45.27045],[3.10862,45.27035],[3.11015,45.26977],[3.11177,45.2701],[3.11363,45.27154],[3.11515,45.27099],[3.11553,45.27022],[3.11725,45.27043],[3.12011,45.26996],[3.12103,45.27175],[3.12381,45.2707],[3.1257,45.27325],[3.12769,45.27463],[3.12847,45.27629],[3.12794,45.27798],[3.12933,45.27871],[3.12843,45.28232],[3.13042,45.28338],[3.13175,45.28301],[3.13284,45.28341],[3.13446,45.28539],[3.1316,45.28612]]]}},{"type":"Feature","id":"fr-commune-15014","properties":{"id":"fr-commune-15014","name":"Aurillac","kind":"commune","center":[2.4416,44.9281],"code":"15014","department":"15"},"bbox":[2.39617,44.89008,2.49291,44.96603],"geometry":{"type":"Polygon","coordinates":[[[2.49291,44.94302],[2.49145,44.94145],[2.48954,44.94091],[2.48903,44.94011],[2.48745,44.94002],[2.48813,44.93817],[2.48782,44.93724],[2.48657,44.93635],[2.48716,44.9346],[2.4841,44.93493],[2.48381,44.93252],[2.4811,44.9318],[2.48097,44.93081],[2.47843,44.9296],[2.47585,44.92937],[2.47343,44.93032],[2.47425,44.92754],[2.47532,44.9251],[2.47768,44.92565],[2.47918,44.92482],[2.47861,44.92378],[2.48,44.92288],[2.47936,44.92226],[2.4817,44.91928],[2.48315,44.91861],[2.48189,44.91852],[2.48055,44.91717],[2.47917,44.91867],[2.478,44.91824],[2.47309,44.91989],[2.47151,44.91901],[2.46931,44.91861],[2.46789,44.91893],[2.46602,44.91802],[2.46471,44.91661],[2.46304,44.91594],[2.45965,44.91361],[2.45815,44.91337],[2.45371,44.91179],[2.45661,44.91037],[2.45675,44.90768],[2.45493,44.90755],[2.45312,44.90657],[2.45257,44.90447],[2.45077,44.89963],[2.44722,44.89665],[2.44449,44.89772],[2.44503,44.89586],[2.44432,44.89479],[2.4419,44.89469],[2.44073,44.89516],[2.43794,44.89521],[2.43776,44.89753],[2.43544,44.89786],[2.43338,44.89773],[2.4314,44.89941],[2.43095,44.90062],[2.42831,44.90067],[2.42757,44.89931],[2.42799,44.8984],[2.43012,44.89748],[2.42912,44.89662],[2.42771,44.89696],[2.42481,44.89629],[2.42372,44.89523],[2.42365,44.89195],[2.42131,44.89235],[2.42067,44.8914],[2.41819,44.89008],[2.4168,44.89035],[2.4177,44.89312],[2.41899,44.89446],[2.41623,44.89439],[2.41543,44.89635],[2.41521,44.89871],[2.41256,44.89828],[2.40936,44.89741],[2.40733,44.89658],[2.40497,44.8959],[2.39771,44.89324],[2.39617,44.89421],[2.39689,44.89821],[2.40231,44.89883],[2.40301,44.90128],[2.40205,44.90315],[2.39829,44.90384],[2.39933,44.9055],[2.39857,44.90673],[2.40094,44.90839],[2.40087,44.91028],[2.39824,44.91037],[2.39737,44.91126],[2.39788,44.91252],[2.40111,44.91191],[2.40542,44.91246],[2.40635,44.91343],[2.40485,44.91496],[2.40567,44.91534],[2.40603,44.91664],[2.40868,44.91513],[2.40941,44.917],[2.40683,44.91819],[2.40625,44.9176],[2.40415,44.91892],[2.40164,44.92139],[2.3996,44.92273],[2.40292,44.92331],[2.40422,44.92417],[2.40771,44.92469],[2.40728,44.9255],[2.40531,44.92606],[2.40583,44.93008],[2.40848,44.9316],[2.40768,44.93393],[2.40882,44.93481],[2.41306,44.9343],[2.41592,44.93418],[2.41615,44.93533],[2.41752,44.9359],[2.41806,44.93523],[2.41957,44.93544],[2.4222,44.93635],[2.42163,44.9404],[2.42559,44.94023],[2.42643,44.93999],[2.42757,44.94102],[2.43194,44.94009],[2.43415,44.94123],[2.44172,44.94412],[2.44324,44.94358],[2.44651,44.94571],[2.44495,44.94766],[2.44337,44.9478],[2.44185,44.94884],[2.44242,44.95041],[2.44433,44.95289],[2.44541,44.95325],[2.44718,44.95369],[2.44806,44.95468],[2.45144,44.95586],[2.45226,44.95559],[2.45061,44.95406],[2.45486,44.95295],[2.45723,44.95389],[2.45839,44.95481],[2.45827,44.95636],[2.45887,44.95768],[2.4623,44.95916],[2.46392,44.95793],[2.46696,44.96023],[2.47052,44.96242],[2.47412,44.96603],[2.4768,44.96455],[2.47464,44.96298],[2.4721,44.95961],[2.4745,44.9579],[2.4756,44.9565],[2.47343,44.9561],[2.47188,44.95509],[2.47187,44.95329],[2.47282,44.95194],[2.47195,44.95094],[2.47021,44.95012],[2.47043,44.94806],[2.46857,44.94752],[2.47105,44.9453],[2.47321,44.94723],[2.47492,44.9471],[2.47614,44.94508],[2.47497,44.94386],[2.47497,44.94233],[2.47376,44.94143],[2.47484,44.9403],[2.47676,44.94237],[2.47959,44.94241],[2.48188,44.94151],[2.48321,44.94016],[2.48639,44.94245],[2.48918,44.94416],[2.49038,44.94523],[2.49291,44.94302]]]}},{"type":"Feature","id":"fr-commune-15015","properties":{"id":"fr-commune-15015","name":"Auzers","kind":"commune","center":[2.4681,45.2732],"code":"15015","department":"15"},"bbox":[2.42116,45.24974,2.51506,45.29657],"geometry":{"type":"Polygon","coordinates":[[[2.44717,45.26161],[2.44456,45.26274],[2.44067,45.26339],[2.43947,45.2651],[2.43637,45.26583],[2.43571,45.26675],[2.43598,45.26871],[2.43335,45.27053],[2.43236,45.27182],[2.4308,45.2723],[2.4288,45.27439],[2.42674,45.27599],[2.4239,45.27752],[2.42527,45.28036],[2.42617,45.28163],[2.42486,45.28214],[2.4255,45.28439],[2.42398,45.28493],[2.42248,45.28732],[2.42116,45.28867],[2.42244,45.29027],[2.42389,45.29043],[2.42344,45.29171],[2.42498,45.29306],[2.42684,45.29192],[2.42708,45.2911],[2.43196,45.29131],[2.43399,45.29103],[2.43488,45.28968],[2.43463,45.28851],[2.43501,45.28644],[2.43806,45.28662],[2.43915,45.2877],[2.44068,45.28792],[2.44216,45.28721],[2.44616,45.28832],[2.44514,45.28972],[2.44585,45.29084],[2.4449,45.29314],[2.44298,45.29345],[2.4445,45.29506],[2.44516,45.29657],[2.44656,45.29538],[2.44936,45.29448],[2.45133,45.29471],[2.45227,45.29541],[2.45428,45.29586],[2.45771,45.29579],[2.45841,45.2948],[2.46,45.29439],[2.46179,45.2953],[2.46312,45.29417],[2.46516,45.29492],[2.46548,45.29582],[2.46797,45.29532],[2.46873,45.2946],[2.47166,45.29393],[2.47217,45.29334],[2.47472,45.29374],[2.47803,45.29261],[2.47994,45.29252],[2.48115,45.29162],[2.48166,45.29032],[2.48312,45.28878],[2.48496,45.28766],[2.48733,45.28559],[2.48784,45.28603],[2.48975,45.28486],[2.49096,45.28545],[2.49306,45.28544],[2.49561,45.28454],[2.49573,45.28395],[2.49822,45.28319],[2.49853,45.28013],[2.50114,45.28026],[2.50337,45.27993],[2.50432,45.27827],[2.50597,45.27814],[2.50674,45.27724],[2.50826,45.27687],[2.51043,45.27808],[2.51177,45.27813],[2.51291,45.27655],[2.5124,45.2743],[2.51417,45.27228],[2.5136,45.27169],[2.51232,45.27035],[2.51506,45.26935],[2.51467,45.26814],[2.51282,45.26837],[2.51276,45.26705],[2.51129,45.2662],[2.50836,45.26814],[2.50506,45.26891],[2.50538,45.26972],[2.50417,45.27026],[2.50053,45.27023],[2.49709,45.26914],[2.49525,45.26951],[2.49391,45.26888],[2.49295,45.26776],[2.49167,45.26722],[2.48957,45.26794],[2.48747,45.26826],[2.48982,45.2662],[2.48746,45.26419],[2.48581,45.26498],[2.48498,45.26435],[2.48332,45.26444],[2.48313,45.26327],[2.48465,45.26188],[2.48401,45.26098],[2.4858,45.26025],[2.48484,45.25868],[2.48292,45.25801],[2.48082,45.25896],[2.4772,45.26171],[2.47484,45.26058],[2.47382,45.25951],[2.47063,45.25834],[2.47044,45.25605],[2.47177,45.25514],[2.47075,45.25371],[2.47189,45.25231],[2.47227,45.24974],[2.47049,45.25092],[2.46896,45.25074],[2.46801,45.2516],[2.46769,45.25317],[2.46674,45.25389],[2.46368,45.25286],[2.46374,45.25362],[2.46222,45.25502],[2.45604,45.2569],[2.45539,45.2562],[2.45368,45.25665],[2.45234,45.25647],[2.45107,45.25764],[2.45231,45.25927],[2.45017,45.26018],[2.449,45.26188],[2.44717,45.26161]]]}},{"type":"Feature","id":"fr-commune-15016","properties":{"id":"fr-commune-15016","name":"Ayrens","kind":"commune","center":[2.3266,44.9907],"code":"15016","department":"15"},"bbox":[2.27155,44.95953,2.38175,45.02205],"geometry":{"type":"Polygon","coordinates":[[[2.32197,44.96023],[2.31997,44.96025],[2.31883,44.96159],[2.31732,44.96209],[2.31478,44.9617],[2.31433,44.96065],[2.31102,44.95953],[2.30748,44.96058],[2.30804,44.96101],[2.31105,44.96148],[2.31155,44.96262],[2.31042,44.96673],[2.30733,44.96769],[2.30499,44.96805],[2.29991,44.96804],[2.30007,44.96899],[2.29815,44.97039],[2.29897,44.97093],[2.29768,44.97341],[2.29531,44.97301],[2.29491,44.97383],[2.29273,44.97375],[2.292,44.97457],[2.29076,44.97418],[2.28972,44.97592],[2.28716,44.97628],[2.28507,44.9758],[2.28336,44.97419],[2.28153,44.97641],[2.27969,44.97744],[2.27775,44.97768],[2.27614,44.97839],[2.27293,44.97784],[2.27155,44.97906],[2.27557,44.98046],[2.27723,44.98244],[2.27993,44.98401],[2.28155,44.98422],[2.28231,44.98523],[2.28111,44.98784],[2.28312,44.98766],[2.28426,44.988],[2.28561,44.98658],[2.28716,44.98662],[2.28846,44.98565],[2.2901,44.98507],[2.29248,44.98524],[2.29387,44.98623],[2.29521,44.9935],[2.29453,44.99407],[2.29375,44.99627],[2.29391,44.99732],[2.29626,44.99904],[2.29706,44.99909],[2.29761,45.00048],[2.29993,44.9998],[2.30085,44.99843],[2.3025,44.99707],[2.30364,44.99788],[2.3037,44.99896],[2.3052,44.99888],[2.30863,45.00281],[2.30801,45.00344],[2.30622,45.00341],[2.30232,45.00465],[2.30215,45.00531],[2.30442,45.00644],[2.30179,45.00745],[2.30275,45.00877],[2.30095,45.0122],[2.301,45.01533],[2.30364,45.01506],[2.30658,45.01637],[2.30851,45.01656],[2.30936,45.01791],[2.31156,45.01863],[2.31164,45.01986],[2.31332,45.02119],[2.3152,45.0216],[2.31601,45.02114],[2.31901,45.02184],[2.32099,45.02163],[2.32413,45.02035],[2.32718,45.02205],[2.32904,45.02135],[2.32992,45.02036],[2.3334,45.01963],[2.33459,45.01988],[2.33617,45.01912],[2.33763,45.01714],[2.33998,45.01467],[2.34023,45.01242],[2.34281,45.01082],[2.34238,45.00882],[2.34501,45.00643],[2.34741,45.00582],[2.34725,45.00442],[2.34768,45.00301],[2.34895,45.0013],[2.34803,45.00093],[2.34829,44.99959],[2.34953,44.99911],[2.35052,44.9976],[2.35272,44.99754],[2.35444,44.99842],[2.35527,44.9981],[2.35603,44.99645],[2.35786,44.99796],[2.36008,44.9981],[2.35979,44.9962],[2.36127,44.99657],[2.36332,44.99579],[2.3646,44.9961],[2.36657,44.99474],[2.3689,44.99593],[2.37056,44.99604],[2.37261,44.99505],[2.37361,44.99557],[2.37631,44.99558],[2.37594,44.99377],[2.37832,44.99362],[2.3813,44.9928],[2.38175,44.99144],[2.37998,44.99199],[2.37821,44.99203],[2.37713,44.99091],[2.37687,44.98987],[2.37488,44.98914],[2.37316,44.98905],[2.37082,44.98943],[2.37085,44.9882],[2.36867,44.98794],[2.36608,44.98567],[2.36453,44.98585],[2.36049,44.98469],[2.35678,44.98431],[2.35513,44.98364],[2.35443,44.9841],[2.35241,44.98302],[2.35494,44.98148],[2.357,44.98086],[2.35608,44.97872],[2.35387,44.9797],[2.35244,44.97996],[2.35132,44.97825],[2.34937,44.97773],[2.34967,44.9771],[2.35303,44.97795],[2.353,44.97701],[2.34904,44.97571],[2.34514,44.97602],[2.34161,44.97672],[2.34124,44.97879],[2.34007,44.97862],[2.34049,44.97705],[2.33833,44.97734],[2.33545,44.9771],[2.33551,44.97585],[2.33193,44.97268],[2.33427,44.97197],[2.33228,44.97015],[2.33101,44.97139],[2.32785,44.97093],[2.32661,44.96904],[2.32528,44.96962],[2.32471,44.96774],[2.32307,44.9672],[2.32217,44.9632],[2.32197,44.96023]]]}},{"type":"Feature","id":"fr-commune-15017","properties":{"id":"fr-commune-15017","name":"Badailhac","kind":"commune","center":[2.626,44.9144],"code":"15017","department":"15"},"bbox":[2.59697,44.88742,2.65584,44.94129],"geometry":{"type":"Polygon","coordinates":[[[2.61523,44.92723],[2.61653,44.92783],[2.61748,44.92727],[2.62059,44.93],[2.61826,44.93056],[2.6218,44.93019],[2.62461,44.92951],[2.62952,44.92878],[2.63083,44.93066],[2.63288,44.93035],[2.63651,44.93146],[2.63705,44.93379],[2.63882,44.93541],[2.64091,44.9352],[2.64183,44.93896],[2.64287,44.9389],[2.6438,44.94021],[2.64558,44.94129],[2.64803,44.93849],[2.65097,44.93872],[2.65136,44.93758],[2.64891,44.93752],[2.65035,44.93628],[2.65172,44.93604],[2.65156,44.93496],[2.65047,44.93367],[2.6504,44.93115],[2.64938,44.93129],[2.64887,44.92967],[2.64996,44.92869],[2.64776,44.926],[2.64959,44.92606],[2.65188,44.92474],[2.65274,44.92398],[2.65443,44.92414],[2.65485,44.92114],[2.6539,44.92092],[2.65393,44.91894],[2.65299,44.9177],[2.65359,44.91625],[2.65584,44.91477],[2.65492,44.91405],[2.65244,44.91477],[2.65179,44.91316],[2.64394,44.91363],[2.64469,44.91167],[2.64424,44.91023],[2.64309,44.90962],[2.64172,44.90818],[2.64179,44.90664],[2.64266,44.90593],[2.64184,44.90458],[2.64019,44.90323],[2.64011,44.90188],[2.63917,44.90095],[2.63747,44.90048],[2.63575,44.89951],[2.63674,44.89896],[2.63554,44.89771],[2.63284,44.89705],[2.63185,44.89595],[2.63065,44.89658],[2.63093,44.89791],[2.6284,44.89783],[2.62922,44.89698],[2.62739,44.89407],[2.62842,44.89311],[2.62864,44.8917],[2.62789,44.89087],[2.62841,44.88946],[2.62678,44.88742],[2.6254,44.88902],[2.62318,44.89035],[2.61768,44.89071],[2.61392,44.892],[2.61361,44.89291],[2.61159,44.89399],[2.61431,44.89564],[2.61725,44.89611],[2.61868,44.89797],[2.6155,44.89956],[2.61641,44.90063],[2.61852,44.901],[2.61886,44.90188],[2.61746,44.90304],[2.61573,44.90374],[2.61512,44.90499],[2.61158,44.90328],[2.61289,44.90124],[2.61144,44.90061],[2.6092,44.90104],[2.60877,44.90219],[2.60778,44.90231],[2.60536,44.90355],[2.60574,44.90409],[2.60489,44.90548],[2.60165,44.90431],[2.60163,44.90221],[2.60065,44.90254],[2.59877,44.90219],[2.59783,44.90258],[2.60001,44.90558],[2.59924,44.90737],[2.59697,44.90928],[2.59725,44.91148],[2.59915,44.91104],[2.60184,44.9119],[2.60656,44.91304],[2.60616,44.91419],[2.6103,44.9147],[2.61012,44.9155],[2.60824,44.91591],[2.60866,44.91717],[2.61138,44.91762],[2.61182,44.91933],[2.61152,44.92108],[2.61259,44.92303],[2.61603,44.92232],[2.61618,44.92602],[2.61523,44.92723]]]}},{"type":"Feature","id":"fr-commune-15018","properties":{"id":"fr-commune-15018","name":"Barriac-les-Bosquets","kind":"commune","center":[2.2656,45.1483],"code":"15018","department":"15"},"bbox":[2.22933,45.12427,2.30037,45.17225],"geometry":{"type":"Polygon","coordinates":[[[2.23042,45.1621],[2.22933,45.16295],[2.2298,45.16395],[2.232,45.16398],[2.23283,45.16534],[2.23301,45.16732],[2.23301,45.16813],[2.2359,45.16806],[2.23835,45.16935],[2.23885,45.16876],[2.24472,45.16878],[2.24326,45.17039],[2.24305,45.17119],[2.24535,45.17099],[2.24682,45.17184],[2.24862,45.17225],[2.24757,45.17046],[2.24909,45.17042],[2.25,45.1688],[2.25284,45.16877],[2.25775,45.16727],[2.25893,45.16765],[2.26091,45.16675],[2.2612,45.16596],[2.26355,45.16527],[2.26279,45.16383],[2.26335,45.16302],[2.26741,45.16399],[2.2661,45.16189],[2.26734,45.16158],[2.2691,45.16046],[2.26957,45.16152],[2.27497,45.16114],[2.27729,45.16025],[2.27709,45.15876],[2.2759,45.15757],[2.27613,45.15694],[2.27891,45.1558],[2.27771,45.1541],[2.2784,45.15184],[2.27642,45.15214],[2.27553,45.15137],[2.27624,45.1505],[2.27752,45.15025],[2.27683,45.14836],[2.27512,45.14706],[2.27785,45.1446],[2.28077,45.14538],[2.28088,45.14398],[2.28293,45.14455],[2.28194,45.14553],[2.28417,45.14652],[2.28429,45.14746],[2.28764,45.14686],[2.28882,45.14761],[2.28892,45.14877],[2.28998,45.14913],[2.29106,45.14769],[2.29352,45.14655],[2.29597,45.14671],[2.29705,45.14972],[2.30032,45.14947],[2.30007,45.14861],[2.29858,45.14743],[2.29856,45.14585],[2.29661,45.14464],[2.29601,45.14358],[2.29735,45.14248],[2.29857,45.14262],[2.29859,45.14054],[2.30037,45.14006],[2.30033,45.1388],[2.29871,45.13728],[2.29878,45.13586],[2.29609,45.13458],[2.29545,45.13303],[2.29316,45.13238],[2.292,45.13462],[2.29029,45.13374],[2.28865,45.13392],[2.28801,45.13264],[2.2858,45.13451],[2.28264,45.13163],[2.28251,45.13022],[2.28062,45.12879],[2.28093,45.12777],[2.27861,45.1268],[2.27452,45.12633],[2.27361,45.12567],[2.27217,45.12681],[2.27096,45.12592],[2.26752,45.12525],[2.26708,45.12734],[2.26582,45.12568],[2.26545,45.12427],[2.26326,45.12448],[2.26302,45.12582],[2.26436,45.12771],[2.26487,45.1296],[2.26349,45.12952],[2.26152,45.12867],[2.26105,45.12742],[2.26002,45.12758],[2.25988,45.12991],[2.25649,45.13051],[2.25433,45.12886],[2.2529,45.12815],[2.25063,45.12859],[2.24852,45.12697],[2.24783,45.12807],[2.24859,45.13133],[2.25069,45.13249],[2.2508,45.13421],[2.25192,45.13536],[2.25076,45.13671],[2.25122,45.13783],[2.25291,45.13734],[2.25291,45.1386],[2.2548,45.14011],[2.25544,45.14135],[2.25726,45.14072],[2.25688,45.14257],[2.25521,45.1436],[2.25641,45.14489],[2.25627,45.14676],[2.25455,45.14889],[2.25447,45.14998],[2.25318,45.15144],[2.24968,45.1524],[2.24756,45.15466],[2.24516,45.15585],[2.24263,45.15536],[2.24207,45.15468],[2.23968,45.15677],[2.23874,45.15663],[2.23722,45.15821],[2.23558,45.15828],[2.23712,45.15966],[2.23666,45.16059],[2.23526,45.16056],[2.23439,45.16155],[2.231,45.16121],[2.23042,45.1621]]]}},{"type":"Feature","id":"fr-commune-15019","properties":{"id":"fr-commune-15019","name":"Bassignac","kind":"commune","center":[2.4044,45.3116],"code":"15019","department":"15"},"bbox":[2.38014,45.27932,2.42863,45.34365],"geometry":{"type":"Polygon","coordinates":[[[2.40604,45.29621],[2.40357,45.29654],[2.40268,45.29737],[2.40044,45.2974],[2.39876,45.2983],[2.39767,45.29769],[2.39673,45.2959],[2.39514,45.29561],[2.39027,45.29758],[2.3885,45.29781],[2.38769,45.29659],[2.38834,45.29513],[2.39194,45.29326],[2.39296,45.29021],[2.39389,45.28924],[2.39371,45.28597],[2.39144,45.28313],[2.39109,45.28201],[2.38873,45.28135],[2.38721,45.27932],[2.38645,45.27964],[2.38689,45.28153],[2.38632,45.28189],[2.38715,45.28364],[2.3862,45.2858],[2.38491,45.28585],[2.38359,45.2872],[2.3834,45.28827],[2.3823,45.28882],[2.38249,45.29025],[2.3839,45.29187],[2.38108,45.29263],[2.38136,45.29454],[2.38014,45.29579],[2.3811,45.2966],[2.38044,45.29745],[2.38176,45.29895],[2.3842,45.30048],[2.38611,45.30052],[2.38779,45.30231],[2.38824,45.30357],[2.38925,45.30452],[2.39111,45.30849],[2.39073,45.30946],[2.38684,45.31022],[2.38748,45.31099],[2.38995,45.31087],[2.3892,45.31218],[2.38806,45.31288],[2.38697,45.3118],[2.38576,45.31256],[2.3857,45.31378],[2.38398,45.31391],[2.38436,45.3159],[2.38666,45.31595],[2.38615,45.31716],[2.38506,45.31775],[2.3829,45.31793],[2.38156,45.31932],[2.38258,45.32116],[2.38443,45.32157],[2.38399,45.32341],[2.38577,45.32688],[2.38335,45.32674],[2.38303,45.32805],[2.38412,45.32904],[2.38629,45.32953],[2.38539,45.33056],[2.38635,45.33187],[2.38769,45.33119],[2.38897,45.33169],[2.38941,45.33277],[2.38903,45.33583],[2.38935,45.33731],[2.39178,45.33785],[2.39344,45.33884],[2.39403,45.33971],[2.39597,45.33975],[2.39427,45.34243],[2.39434,45.34338],[2.39638,45.34365],[2.39727,45.34095],[2.39905,45.34104],[2.40007,45.33969],[2.40103,45.34004],[2.40332,45.33852],[2.40581,45.33816],[2.40894,45.34022],[2.40893,45.33806],[2.41086,45.33766],[2.41131,45.33892],[2.41239,45.33707],[2.41251,45.33203],[2.41034,45.32997],[2.41078,45.32439],[2.41341,45.32292],[2.41403,45.32201],[2.41695,45.32418],[2.42073,45.32526],[2.42066,45.32407],[2.42155,45.32317],[2.42334,45.32465],[2.42659,45.32483],[2.42816,45.32457],[2.42863,45.32375],[2.42646,45.32357],[2.42487,45.32199],[2.42455,45.32069],[2.42187,45.31988],[2.42365,45.31867],[2.42454,45.31921],[2.42607,45.31839],[2.42473,45.31772],[2.42569,45.31705],[2.42479,45.31552],[2.42562,45.31507],[2.42515,45.31335],[2.42109,45.3103],[2.41654,45.30892],[2.41198,45.30702],[2.41012,45.30651],[2.40884,45.30428],[2.41043,45.30207],[2.40998,45.30054],[2.40896,45.29955],[2.40596,45.29748],[2.40604,45.29621]]]}},{"type":"Feature","id":"fr-commune-15020","properties":{"id":"fr-commune-15020","name":"Beaulieu","kind":"commune","center":[2.5204,45.465],"code":"15020","department":"15"},"bbox":[2.49688,45.44666,2.54386,45.48347],"geometry":{"type":"Polygon","coordinates":[[[2.50361,45.46158],[2.50542,45.46265],[2.50727,45.46464],[2.50706,45.46617],[2.50553,45.46856],[2.50549,45.46916],[2.50701,45.47059],[2.50934,45.47227],[2.50972,45.47357],[2.5084,45.47834],[2.51033,45.47942],[2.51522,45.47969],[2.51699,45.4815],[2.51765,45.48311],[2.52038,45.48347],[2.52211,45.48293],[2.52432,45.48089],[2.52937,45.48011],[2.5312,45.48057],[2.5331,45.47945],[2.53529,45.4788],[2.54,45.47934],[2.54386,45.47906],[2.54377,45.47795],[2.54258,45.47679],[2.5415,45.47314],[2.53817,45.46848],[2.53834,45.46728],[2.53752,45.46609],[2.53684,45.46373],[2.53651,45.46032],[2.53571,45.45954],[2.53565,45.45798],[2.53465,45.45687],[2.53064,45.45622],[2.52903,45.4553],[2.52725,45.45259],[2.52522,45.4518],[2.52456,45.45088],[2.51894,45.44822],[2.5165,45.44874],[2.51136,45.44865],[2.50796,45.44813],[2.50544,45.44666],[2.50212,45.44698],[2.50071,45.44743],[2.49688,45.44726],[2.49975,45.44862],[2.50221,45.44798],[2.50342,45.44882],[2.50319,45.45029],[2.49955,45.45351],[2.49907,45.45489],[2.49969,45.46091],[2.50067,45.46149],[2.5029,45.46124],[2.50361,45.46158]]]}},{"type":"Feature","id":"fr-commune-15021","properties":{"id":"fr-commune-15021","name":"Boisset","kind":"commune","center":[2.2575,44.7816],"code":"15021","department":"15"},"bbox":[2.21844,44.73508,2.29665,44.82895],"geometry":{"type":"Polygon","coordinates":[[[2.28282,44.82347],[2.28704,44.82024],[2.28832,44.82077],[2.29051,44.8207],[2.28956,44.8174],[2.287,44.81214],[2.28871,44.80742],[2.28709,44.80686],[2.2858,44.80434],[2.2837,44.80266],[2.28318,44.8018],[2.28155,44.80164],[2.28199,44.80037],[2.28021,44.79935],[2.28191,44.79885],[2.28562,44.79967],[2.28859,44.79927],[2.29011,44.79806],[2.29175,44.7945],[2.29365,44.79329],[2.29428,44.79235],[2.29586,44.79163],[2.29665,44.79059],[2.29522,44.78921],[2.29526,44.78734],[2.29611,44.7865],[2.29434,44.78584],[2.29595,44.78409],[2.29526,44.78333],[2.29595,44.78155],[2.29589,44.7805],[2.29155,44.78066],[2.28956,44.77882],[2.28868,44.77712],[2.28518,44.77661],[2.28439,44.77589],[2.28502,44.77446],[2.28384,44.77248],[2.2823,44.77192],[2.28152,44.77063],[2.28252,44.7697],[2.28216,44.76901],[2.28256,44.76711],[2.28008,44.76729],[2.27815,44.76607],[2.27655,44.76579],[2.27584,44.76492],[2.27365,44.76413],[2.27501,44.76308],[2.27346,44.76255],[2.27139,44.76444],[2.26829,44.76278],[2.2677,44.76005],[2.26668,44.75911],[2.26738,44.7579],[2.26696,44.75701],[2.26499,44.75742],[2.26286,44.75702],[2.26162,44.75741],[2.25909,44.75675],[2.25778,44.75602],[2.2558,44.75242],[2.25302,44.7509],[2.25079,44.75077],[2.25062,44.74976],[2.24947,44.74959],[2.2488,44.74842],[2.24666,44.74744],[2.24344,44.74728],[2.24258,44.74639],[2.24488,44.74485],[2.24384,44.74374],[2.24382,44.74269],[2.24232,44.74146],[2.23954,44.74066],[2.23884,44.73988],[2.23982,44.73915],[2.24148,44.73986],[2.242,44.73898],[2.23974,44.73836],[2.2385,44.73752],[2.23603,44.7367],[2.23512,44.73566],[2.23359,44.73508],[2.233,44.73597],[2.23155,44.7363],[2.23043,44.73899],[2.23074,44.74024],[2.22795,44.7426],[2.22995,44.74437],[2.22764,44.74757],[2.22504,44.74855],[2.22304,44.74721],[2.22071,44.74651],[2.22042,44.74727],[2.2232,44.74826],[2.22308,44.75297],[2.22175,44.75277],[2.22128,44.75475],[2.22068,44.75546],[2.22111,44.75679],[2.22311,44.75709],[2.2239,44.75802],[2.22657,44.75909],[2.22685,44.76177],[2.22803,44.76259],[2.22735,44.76332],[2.22574,44.76293],[2.22519,44.76653],[2.22425,44.76838],[2.22227,44.76942],[2.22152,44.76884],[2.21844,44.77016],[2.21927,44.77142],[2.21913,44.77272],[2.22058,44.7743],[2.22234,44.77673],[2.22252,44.77798],[2.22403,44.77983],[2.22533,44.77992],[2.22466,44.78292],[2.22321,44.78345],[2.22407,44.78565],[2.22588,44.78778],[2.22738,44.79023],[2.22617,44.79088],[2.22652,44.79194],[2.22831,44.79154],[2.22807,44.79273],[2.2265,44.79319],[2.22766,44.79509],[2.22748,44.79712],[2.22851,44.79811],[2.2284,44.79964],[2.22953,44.80148],[2.22753,44.80339],[2.22654,44.80361],[2.22657,44.80484],[2.22547,44.80517],[2.22387,44.80805],[2.22453,44.81059],[2.22691,44.81016],[2.22779,44.81242],[2.22913,44.81275],[2.232,44.8148],[2.23403,44.81435],[2.2325,44.81297],[2.23359,44.80981],[2.23489,44.80876],[2.23314,44.80841],[2.23343,44.80684],[2.23233,44.8064],[2.23147,44.80435],[2.2353,44.804],[2.23556,44.80479],[2.23733,44.80466],[2.23774,44.80833],[2.23679,44.80968],[2.23869,44.81053],[2.23779,44.81212],[2.23482,44.81388],[2.23506,44.81548],[2.23632,44.81604],[2.23559,44.8172],[2.23748,44.81782],[2.23955,44.81643],[2.23982,44.81793],[2.2421,44.81725],[2.24236,44.8179],[2.24009,44.81858],[2.24041,44.82031],[2.24273,44.82044],[2.2445,44.8235],[2.24544,44.82449],[2.24405,44.82494],[2.24715,44.82629],[2.24721,44.82895],[2.24928,44.82756],[2.25132,44.82714],[2.25317,44.82613],[2.25404,44.82434],[2.25399,44.82177],[2.25562,44.82104],[2.25628,44.8219],[2.25845,44.8225],[2.25954,44.82323],[2.2616,44.82342],[2.26292,44.82403],[2.26827,44.82091],[2.26884,44.82136],[2.27093,44.8206],[2.27383,44.82033],[2.27505,44.82118],[2.28061,44.82119],[2.28137,44.8215],[2.28282,44.82347]]]}},{"type":"Feature","id":"fr-commune-15022","properties":{"id":"fr-commune-15022","name":"Bonnac","kind":"commune","center":[3.1438,45.2114],"code":"15022","department":"15"},"bbox":[3.0863,45.1864,3.20125,45.23646],"geometry":{"type":"Polygon","coordinates":[[[3.08675,45.1948],[3.0863,45.19768],[3.08794,45.19925],[3.09177,45.20076],[3.09274,45.20197],[3.0927,45.20312],[3.09586,45.20354],[3.0969,45.20433],[3.09839,45.20276],[3.10117,45.20076],[3.10288,45.20075],[3.10362,45.20173],[3.1029,45.20306],[3.10457,45.20339],[3.10594,45.20618],[3.10586,45.20766],[3.10406,45.20766],[3.10417,45.20891],[3.10622,45.20864],[3.10786,45.20917],[3.10841,45.21018],[3.11017,45.21165],[3.11194,45.21234],[3.11199,45.21339],[3.11328,45.21486],[3.11396,45.21668],[3.11603,45.21785],[3.11699,45.21883],[3.11974,45.21976],[3.12127,45.2197],[3.12223,45.21762],[3.12142,45.21648],[3.12371,45.21649],[3.12511,45.21549],[3.12726,45.21489],[3.12966,45.2137],[3.13079,45.21234],[3.13297,45.21323],[3.13513,45.21312],[3.13559,45.21411],[3.13388,45.21493],[3.13536,45.21618],[3.13558,45.21771],[3.13666,45.21784],[3.13721,45.21621],[3.1402,45.21652],[3.14162,45.21745],[3.14031,45.22056],[3.1409,45.22155],[3.13957,45.22205],[3.14022,45.22308],[3.1382,45.22368],[3.13719,45.22454],[3.1385,45.22687],[3.14016,45.22736],[3.141,45.22852],[3.14109,45.23014],[3.1423,45.23004],[3.14375,45.23141],[3.146,45.231],[3.14837,45.2317],[3.15045,45.23439],[3.15403,45.23585],[3.15786,45.23646],[3.15847,45.23461],[3.16154,45.23535],[3.16138,45.23346],[3.16279,45.23377],[3.16312,45.23502],[3.16448,45.23609],[3.16631,45.23554],[3.16711,45.23415],[3.16934,45.23565],[3.17173,45.23644],[3.17254,45.23516],[3.17234,45.23387],[3.17062,45.2325],[3.17236,45.23104],[3.17502,45.23129],[3.17467,45.2321],[3.17735,45.23267],[3.17849,45.23154],[3.17875,45.23005],[3.18075,45.22948],[3.18377,45.22978],[3.18363,45.22791],[3.1828,45.22612],[3.18404,45.22158],[3.18302,45.21857],[3.18237,45.21563],[3.18051,45.21299],[3.18184,45.21072],[3.18191,45.20966],[3.18566,45.20861],[3.18562,45.20708],[3.18748,45.20641],[3.18955,45.20914],[3.19223,45.2097],[3.19719,45.21323],[3.19916,45.2141],[3.20115,45.2142],[3.20125,45.21209],[3.20096,45.20971],[3.20051,45.20943],[3.1979,45.20545],[3.19992,45.20453],[3.198,45.20372],[3.19663,45.20373],[3.19613,45.20222],[3.19419,45.19991],[3.19061,45.19773],[3.18898,45.19832],[3.18707,45.19841],[3.18403,45.19933],[3.18262,45.19921],[3.17907,45.19743],[3.17705,45.19848],[3.17297,45.19806],[3.17286,45.19959],[3.16932,45.20042],[3.16778,45.19994],[3.16646,45.20067],[3.16657,45.20162],[3.16396,45.20144],[3.16381,45.2002],[3.16219,45.20025],[3.16106,45.20152],[3.16022,45.20063],[3.15813,45.2015],[3.15588,45.19989],[3.15467,45.19986],[3.15224,45.20179],[3.15116,45.20059],[3.14907,45.1994],[3.14785,45.19959],[3.14728,45.19721],[3.14543,45.19742],[3.14585,45.19995],[3.14648,45.20054],[3.14587,45.20198],[3.14214,45.20265],[3.14091,45.20364],[3.13968,45.20248],[3.13817,45.20271],[3.13805,45.20147],[3.13953,45.20081],[3.13641,45.1997],[3.13601,45.1984],[3.13442,45.19817],[3.13389,45.19731],[3.13477,45.19619],[3.13503,45.19438],[3.13637,45.19404],[3.13552,45.19133],[3.13467,45.1903],[3.13095,45.19129],[3.1309,45.19242],[3.12918,45.19243],[3.12792,45.19307],[3.1238,45.19403],[3.12397,45.19291],[3.1225,45.19193],[3.12312,45.19125],[3.12247,45.18986],[3.12069,45.1905],[3.12199,45.19216],[3.12087,45.19271],[3.11867,45.18912],[3.11582,45.18752],[3.11385,45.18772],[3.11403,45.18677],[3.10964,45.18707],[3.10868,45.1864],[3.10671,45.18655],[3.10742,45.18754],[3.10661,45.18835],[3.1052,45.18782],[3.10335,45.18783],[3.10417,45.18895],[3.10356,45.18954],[3.10011,45.1884],[3.10037,45.18929],[3.0993,45.19002],[3.09907,45.19196],[3.09622,45.19228],[3.09505,45.19195],[3.09307,45.19348],[3.08978,45.19401],[3.08675,45.1948]]]}},{"type":"Feature","id":"fr-commune-15024","properties":{"id":"fr-commune-15024","name":"Brageac","kind":"commune","center":[2.2624,45.2026],"code":"15024","department":"15"},"bbox":[2.22208,45.18491,2.30269,45.22016],"geometry":{"type":"Polygon","coordinates":[[[2.30217,45.19204],[2.29869,45.1898],[2.2957,45.18953],[2.29561,45.18831],[2.29348,45.18701],[2.28997,45.18593],[2.28908,45.18491],[2.28603,45.18796],[2.28434,45.18926],[2.28205,45.19046],[2.27933,45.19064],[2.27687,45.19212],[2.27118,45.19223],[2.26978,45.19265],[2.26876,45.19394],[2.26833,45.1953],[2.26688,45.19595],[2.26465,45.19498],[2.26139,45.19496],[2.25977,45.1953],[2.25789,45.19686],[2.25556,45.19635],[2.25333,45.19653],[2.25109,45.19795],[2.249,45.19797],[2.24668,45.19879],[2.24377,45.2008],[2.24185,45.20071],[2.2407,45.20012],[2.23644,45.19917],[2.23505,45.2011],[2.23102,45.20083],[2.22853,45.20236],[2.22817,45.20333],[2.2263,45.20532],[2.22289,45.20651],[2.22208,45.20957],[2.22237,45.21215],[2.22313,45.21393],[2.22667,45.21274],[2.22847,45.21083],[2.22906,45.21081],[2.23599,45.21306],[2.23605,45.21468],[2.23977,45.21651],[2.24152,45.21571],[2.24228,45.21445],[2.24423,45.21426],[2.24544,45.21646],[2.2472,45.21545],[2.24898,45.21781],[2.25127,45.21762],[2.25278,45.22016],[2.25482,45.22012],[2.25609,45.21763],[2.25813,45.21508],[2.25735,45.21376],[2.25772,45.21235],[2.25933,45.21155],[2.26246,45.21413],[2.26409,45.21655],[2.2658,45.21623],[2.26801,45.21462],[2.26902,45.21425],[2.27117,45.21226],[2.27379,45.21201],[2.27736,45.21272],[2.27932,45.21227],[2.28081,45.21306],[2.28026,45.2143],[2.28077,45.21489],[2.28335,45.21321],[2.28513,45.21326],[2.28988,45.21603],[2.29082,45.21615],[2.29307,45.21504],[2.29211,45.21398],[2.29313,45.21291],[2.2941,45.21108],[2.29252,45.21031],[2.29385,45.20853],[2.29575,45.20826],[2.29699,45.20698],[2.297,45.20593],[2.29531,45.20472],[2.29348,45.20474],[2.2929,45.20281],[2.29302,45.20157],[2.29511,45.19881],[2.29828,45.19792],[2.2997,45.19693],[2.30075,45.19721],[2.30269,45.19519],[2.30192,45.19356],[2.30217,45.19204]]]}},{"type":"Feature","id":"fr-commune-15025","properties":{"id":"fr-commune-15025","name":"Albepierre-Bredons","kind":"commune","center":[2.8268,45.0777],"code":"15025","department":"15"},"bbox":[2.76096,45.04822,2.89262,45.10648],"geometry":{"type":"Polygon","coordinates":[[[2.76096,45.057],[2.76167,45.05803],[2.76118,45.06073],[2.76158,45.06234],[2.76302,45.06506],[2.7659,45.06639],[2.76744,45.06703],[2.76926,45.06937],[2.77006,45.07095],[2.77092,45.07459],[2.77032,45.07724],[2.77299,45.07887],[2.77395,45.08044],[2.7788,45.08535],[2.77975,45.08781],[2.7831,45.08896],[2.78847,45.08962],[2.79029,45.09045],[2.79256,45.09082],[2.79658,45.09252],[2.7986,45.09298],[2.80304,45.09494],[2.80421,45.09514],[2.8073,45.09654],[2.81098,45.0968],[2.81206,45.09565],[2.81221,45.09347],[2.81329,45.09298],[2.81522,45.09299],[2.81705,45.09465],[2.81912,45.09602],[2.82291,45.09747],[2.82558,45.09874],[2.82896,45.09879],[2.83087,45.09802],[2.83252,45.09824],[2.83539,45.09963],[2.83559,45.10035],[2.83846,45.10128],[2.84161,45.10096],[2.84451,45.10167],[2.84394,45.10086],[2.84743,45.09998],[2.84922,45.09831],[2.84927,45.09633],[2.84669,45.09296],[2.8497,45.09412],[2.84997,45.09479],[2.85187,45.09528],[2.85422,45.0954],[2.85721,45.09514],[2.85795,45.09581],[2.86191,45.09535],[2.86183,45.09651],[2.85967,45.09631],[2.85921,45.09747],[2.85671,45.09719],[2.85616,45.09854],[2.85997,45.09906],[2.86296,45.09914],[2.86355,45.10067],[2.86125,45.10086],[2.86709,45.10319],[2.86938,45.10469],[2.87009,45.10568],[2.87291,45.10553],[2.87416,45.10501],[2.87554,45.1052],[2.8762,45.10648],[2.88019,45.10642],[2.88111,45.10569],[2.88339,45.10558],[2.8844,45.10483],[2.88623,45.10588],[2.88852,45.10489],[2.88796,45.10384],[2.88638,45.10425],[2.88571,45.10341],[2.88678,45.10274],[2.88817,45.10363],[2.89049,45.10392],[2.8907,45.10279],[2.89002,45.10028],[2.8906,45.09881],[2.89214,45.09835],[2.89262,45.0973],[2.89062,45.09791],[2.88903,45.09788],[2.88851,45.09692],[2.88323,45.09558],[2.88269,45.09449],[2.88075,45.09292],[2.87812,45.09134],[2.88024,45.08945],[2.87974,45.08848],[2.87813,45.08736],[2.87773,45.0858],[2.87475,45.08375],[2.87532,45.08316],[2.87111,45.08197],[2.86526,45.08001],[2.86296,45.07889],[2.86162,45.0775],[2.85732,45.07753],[2.85443,45.07605],[2.85378,45.07498],[2.85137,45.07421],[2.84489,45.06893],[2.84181,45.06609],[2.83823,45.06377],[2.83389,45.06154],[2.83258,45.06105],[2.83041,45.05879],[2.82818,45.05808],[2.82625,45.05526],[2.82453,45.0541],[2.82167,45.05341],[2.82258,45.04956],[2.81808,45.04965],[2.8159,45.04951],[2.81379,45.04986],[2.80597,45.04987],[2.80219,45.05107],[2.79927,45.05236],[2.79761,45.05354],[2.79493,45.05297],[2.79269,45.05176],[2.79011,45.04822],[2.78869,45.04826],[2.77936,45.04933],[2.77313,45.05385],[2.76782,45.05574],[2.76511,45.05637],[2.76096,45.057]]]}},{"type":"Feature","id":"fr-commune-15026","properties":{"id":"fr-commune-15026","name":"Brezons","kind":"commune","center":[2.7865,45.005],"code":"15026","department":"15"},"bbox":[2.73978,44.95298,2.83304,45.057],"geometry":{"type":"Polygon","coordinates":[[[2.82502,44.95575],[2.82223,44.95406],[2.81749,44.95395],[2.81749,44.95298],[2.81668,44.9536],[2.81516,44.95599],[2.81437,44.95611],[2.81297,44.95384],[2.81219,44.95331],[2.81051,44.95439],[2.8097,44.9554],[2.80831,44.95446],[2.80368,44.95354],[2.80278,44.95525],[2.80039,44.95486],[2.80035,44.95583],[2.79849,44.95739],[2.79846,44.95866],[2.79991,44.95862],[2.80035,44.9608],[2.80117,44.96256],[2.80032,44.96264],[2.79988,44.96449],[2.8,44.9658],[2.79832,44.96579],[2.79738,44.96735],[2.79718,44.96951],[2.79861,44.97065],[2.79919,44.97168],[2.7969,44.97482],[2.79807,44.97793],[2.79424,44.98125],[2.79316,44.9826],[2.79347,44.98451],[2.79165,44.98823],[2.78992,44.98829],[2.78851,44.98892],[2.78629,44.98908],[2.78499,44.99033],[2.78546,44.99222],[2.77993,44.9954],[2.77627,44.99637],[2.77506,44.99718],[2.7742,44.99861],[2.77252,44.99816],[2.77029,44.99838],[2.7698,45.00007],[2.76742,45.00443],[2.76567,45.00835],[2.7646,45.00907],[2.76111,45.00863],[2.75953,45.00922],[2.75408,45.01325],[2.7494,45.01743],[2.74729,45.01912],[2.74527,45.02016],[2.74389,45.02192],[2.74309,45.02588],[2.74406,45.02781],[2.74375,45.02934],[2.74205,45.03101],[2.74136,45.0308],[2.73994,45.03345],[2.73978,45.03467],[2.74016,45.03577],[2.74246,45.03931],[2.74364,45.04033],[2.74669,45.04162],[2.75096,45.04385],[2.75148,45.04569],[2.75316,45.04864],[2.75322,45.04951],[2.75554,45.05427],[2.75847,45.05591],[2.76096,45.057],[2.76511,45.05637],[2.76782,45.05574],[2.77313,45.05385],[2.77936,45.04933],[2.78869,45.04826],[2.79011,45.04822],[2.79319,45.04747],[2.79508,45.04594],[2.79558,45.04458],[2.7936,45.04306],[2.7936,45.04257],[2.79669,45.04049],[2.79865,45.03994],[2.80035,45.0389],[2.80503,45.03744],[2.8073,45.03559],[2.80881,45.03356],[2.81025,45.0327],[2.8072,45.03136],[2.80535,45.03019],[2.80301,45.03047],[2.80388,45.02839],[2.80585,45.02726],[2.80767,45.02728],[2.81201,45.02671],[2.81785,45.0242],[2.81968,45.02373],[2.82224,45.02212],[2.82406,45.02139],[2.8271,45.02075],[2.82863,45.0211],[2.8316,45.01186],[2.83304,45.00493],[2.83297,45.00346],[2.83077,44.99714],[2.83053,44.99539],[2.83104,44.99404],[2.8312,44.99148],[2.8319,44.98932],[2.83175,44.98491],[2.83074,44.98242],[2.83046,44.97879],[2.82991,44.97744],[2.82867,44.97594],[2.82753,44.97315],[2.82493,44.97049],[2.82473,44.96678],[2.82604,44.96424],[2.82579,44.96272],[2.82604,44.95999],[2.82525,44.95782],[2.82502,44.95575]]]}},{"type":"Feature","id":"fr-commune-15027","properties":{"id":"fr-commune-15027","name":"Puycapel","kind":"commune","center":[2.325,44.7065],"code":"15027","department":"15"},"bbox":[2.26203,44.66423,2.38864,44.74883],"geometry":{"type":"Polygon","coordinates":[[[2.38864,44.74883],[2.38831,44.74548],[2.38675,44.74348],[2.38379,44.74245],[2.38404,44.74049],[2.38552,44.73868],[2.38572,44.73744],[2.38679,44.73586],[2.38543,44.73501],[2.38501,44.73346],[2.3834,44.73178],[2.38289,44.73002],[2.3816,44.72885],[2.38177,44.72624],[2.38248,44.72238],[2.38367,44.71825],[2.38216,44.71552],[2.38304,44.7144],[2.38351,44.71133],[2.38147,44.71182],[2.38074,44.71065],[2.37953,44.70994],[2.37731,44.70976],[2.37616,44.70848],[2.37113,44.71031],[2.37094,44.70779],[2.36963,44.70745],[2.36861,44.70606],[2.36712,44.7063],[2.36476,44.70546],[2.3652,44.70451],[2.36665,44.70326],[2.36595,44.6997],[2.36336,44.69809],[2.3633,44.69711],[2.36163,44.69663],[2.36052,44.69737],[2.35654,44.69768],[2.3544,44.69831],[2.35239,44.70104],[2.34933,44.70199],[2.34965,44.7003],[2.34778,44.69985],[2.34811,44.6989],[2.34956,44.69809],[2.34909,44.69437],[2.35044,44.69388],[2.35113,44.69301],[2.35057,44.69198],[2.34876,44.69194],[2.34763,44.6914],[2.34855,44.69012],[2.34748,44.68922],[2.34703,44.68774],[2.35172,44.68761],[2.35385,44.68644],[2.35596,44.68386],[2.35859,44.68284],[2.35908,44.6814],[2.36164,44.67927],[2.35873,44.67858],[2.35588,44.67928],[2.35352,44.67828],[2.3527,44.67692],[2.35424,44.67411],[2.35418,44.67227],[2.35223,44.67178],[2.35068,44.67182],[2.34886,44.67074],[2.34787,44.66873],[2.34583,44.66738],[2.34427,44.66579],[2.34284,44.66656],[2.3415,44.66649],[2.33775,44.66423],[2.33288,44.66566],[2.33241,44.66448],[2.33123,44.6657],[2.32788,44.66825],[2.32681,44.66993],[2.32424,44.66918],[2.32325,44.66987],[2.32214,44.67151],[2.32056,44.67271],[2.31916,44.67549],[2.31513,44.6787],[2.31501,44.68034],[2.3139,44.68112],[2.31157,44.68087],[2.31098,44.6796],[2.30963,44.67952],[2.30898,44.67876],[2.30722,44.6781],[2.30382,44.67767],[2.30173,44.67795],[2.3001,44.6791],[2.29934,44.67834],[2.29733,44.67898],[2.29655,44.68023],[2.2945,44.679],[2.29342,44.68016],[2.2911,44.68104],[2.29128,44.68265],[2.28967,44.68254],[2.28839,44.68308],[2.2876,44.68179],[2.2857,44.68245],[2.28201,44.68305],[2.27945,44.68322],[2.2791,44.68211],[2.27607,44.68198],[2.27402,44.68299],[2.27253,44.68216],[2.27091,44.6825],[2.26791,44.68223],[2.26704,44.6811],[2.26533,44.68054],[2.26513,44.68203],[2.26258,44.68122],[2.26203,44.68168],[2.26384,44.68287],[2.26576,44.68495],[2.26549,44.68576],[2.26992,44.68914],[2.26992,44.68996],[2.27122,44.69034],[2.27094,44.69262],[2.26969,44.6932],[2.26834,44.69497],[2.26951,44.69544],[2.27104,44.69476],[2.27299,44.69604],[2.27256,44.69692],[2.27114,44.69653],[2.27015,44.69772],[2.27043,44.69866],[2.27276,44.69772],[2.27284,44.6991],[2.27624,44.69881],[2.27639,44.70017],[2.27344,44.70026],[2.27169,44.70095],[2.27158,44.70168],[2.27568,44.70223],[2.27871,44.70319],[2.27957,44.70448],[2.28155,44.70495],[2.28408,44.70634],[2.28867,44.70655],[2.28761,44.70747],[2.29026,44.70811],[2.29016,44.71038],[2.28963,44.71094],[2.28776,44.71098],[2.28758,44.71191],[2.29069,44.7122],[2.29118,44.7129],[2.29365,44.71425],[2.29346,44.71532],[2.29468,44.71642],[2.29914,44.71848],[2.29859,44.71963],[2.30041,44.72008],[2.30008,44.72136],[2.30243,44.72165],[2.30295,44.72383],[2.30739,44.72585],[2.3077,44.72545],[2.31208,44.72586],[2.31427,44.72584],[2.31654,44.72646],[2.32099,44.72828],[2.32334,44.72849],[2.32442,44.7294],[2.32716,44.73076],[2.32849,44.73129],[2.32918,44.73263],[2.33301,44.73453],[2.33398,44.73296],[2.33694,44.73467],[2.33832,44.73659],[2.33968,44.73711],[2.3407,44.73741],[2.34293,44.73635],[2.34467,44.73636],[2.34662,44.7342],[2.34907,44.73451],[2.35166,44.73434],[2.35259,44.73511],[2.35585,44.73508],[2.35744,44.73691],[2.3591,44.73659],[2.36076,44.73562],[2.36197,44.73605],[2.36375,44.73566],[2.36428,44.73695],[2.36404,44.73827],[2.36532,44.7395],[2.36451,44.7411],[2.36474,44.74212],[2.36634,44.74269],[2.36917,44.74211],[2.3717,44.74477],[2.37397,44.74508],[2.37648,44.74397],[2.37771,44.74488],[2.37906,44.74515],[2.38287,44.74404],[2.38723,44.74544],[2.38785,44.74853],[2.38864,44.74883]]]}},{"type":"Feature","id":"fr-commune-15028","properties":{"id":"fr-commune-15028","name":"Carlat","kind":"commune","center":[2.5729,44.8776],"code":"15028","department":"15"},"bbox":[2.52687,44.84416,2.61886,44.91096],"geometry":{"type":"Polygon","coordinates":[[[2.58645,44.84475],[2.58528,44.84628],[2.58345,44.84416],[2.58144,44.84451],[2.57898,44.84592],[2.57715,44.84808],[2.57873,44.84839],[2.57823,44.84946],[2.5787,44.85118],[2.57815,44.85305],[2.57803,44.85613],[2.5753,44.85879],[2.57389,44.85892],[2.57121,44.8599],[2.56806,44.85972],[2.56772,44.86151],[2.57052,44.8617],[2.57113,44.86318],[2.56965,44.86582],[2.56946,44.86786],[2.56683,44.8695],[2.56468,44.872],[2.56467,44.87356],[2.56029,44.87188],[2.55854,44.87015],[2.55698,44.87006],[2.55659,44.87196],[2.55391,44.87223],[2.55334,44.87436],[2.55119,44.87466],[2.55149,44.87351],[2.55011,44.8727],[2.54795,44.87321],[2.54733,44.87383],[2.54459,44.87477],[2.54269,44.87477],[2.54148,44.87594],[2.54272,44.8769],[2.54209,44.87763],[2.53981,44.87704],[2.5381,44.87621],[2.53524,44.87738],[2.53264,44.87954],[2.52933,44.88097],[2.52697,44.88152],[2.52956,44.88267],[2.52889,44.88438],[2.52687,44.88548],[2.52949,44.88744],[2.53178,44.88722],[2.53423,44.88875],[2.5365,44.88827],[2.53596,44.89064],[2.53726,44.89004],[2.53987,44.8919],[2.53974,44.89271],[2.54174,44.89277],[2.54269,44.89375],[2.54132,44.89444],[2.53955,44.89391],[2.53708,44.89211],[2.53518,44.89131],[2.53512,44.89258],[2.53823,44.89423],[2.5406,44.8949],[2.54389,44.89523],[2.54333,44.89683],[2.54177,44.89723],[2.54137,44.89563],[2.54026,44.89598],[2.54,44.89815],[2.54092,44.90134],[2.54179,44.90216],[2.54473,44.90338],[2.55004,44.90586],[2.55057,44.90704],[2.5518,44.90806],[2.55512,44.90868],[2.55667,44.90799],[2.55892,44.90907],[2.56112,44.91096],[2.56181,44.9082],[2.56165,44.9068],[2.56068,44.90624],[2.56125,44.90242],[2.56192,44.90088],[2.5632,44.89936],[2.56337,44.89746],[2.56429,44.89738],[2.56743,44.89844],[2.57,44.89794],[2.5712,44.89866],[2.57528,44.89795],[2.57444,44.89686],[2.57581,44.89508],[2.57858,44.89433],[2.58218,44.89509],[2.5842,44.89492],[2.58612,44.89516],[2.58704,44.89597],[2.5899,44.89749],[2.58911,44.89819],[2.59035,44.89903],[2.59287,44.89769],[2.5946,44.89915],[2.5953,44.8988],[2.59654,44.90035],[2.59498,44.90248],[2.59672,44.90408],[2.5971,44.90526],[2.59907,44.90587],[2.60001,44.90558],[2.59783,44.90258],[2.59877,44.90219],[2.60065,44.90254],[2.60163,44.90221],[2.60165,44.90431],[2.60489,44.90548],[2.60574,44.90409],[2.60536,44.90355],[2.60778,44.90231],[2.60877,44.90219],[2.6092,44.90104],[2.61144,44.90061],[2.61289,44.90124],[2.61158,44.90328],[2.61512,44.90499],[2.61573,44.90374],[2.61746,44.90304],[2.61886,44.90188],[2.61852,44.901],[2.61641,44.90063],[2.6155,44.89956],[2.61868,44.89797],[2.61725,44.89611],[2.61431,44.89564],[2.61159,44.89399],[2.61001,44.89363],[2.60801,44.89438],[2.60602,44.89446],[2.60579,44.89315],[2.60497,44.89208],[2.60521,44.89079],[2.60462,44.88992],[2.60298,44.88999],[2.60029,44.88866],[2.60121,44.88781],[2.59896,44.88578],[2.5987,44.88474],[2.59706,44.88404],[2.59721,44.88314],[2.59631,44.8824],[2.59719,44.87937],[2.59616,44.87736],[2.59773,44.87461],[2.59646,44.87401],[2.59714,44.87308],[2.59576,44.87218],[2.59672,44.87133],[2.59645,44.86979],[2.59489,44.8699],[2.59525,44.86876],[2.59225,44.86595],[2.58975,44.86497],[2.58918,44.86378],[2.58761,44.86202],[2.58866,44.85771],[2.58842,44.85474],[2.58896,44.85318],[2.58742,44.85238],[2.58743,44.84725],[2.58645,44.84475]]]}},{"type":"Feature","id":"fr-commune-15029","properties":{"id":"fr-commune-15029","name":"Cassaniouze","kind":"commune","center":[2.3822,44.6761],"code":"15029","department":"15"},"bbox":[2.33241,44.6401,2.43203,44.71213],"geometry":{"type":"Polygon","coordinates":[[[2.4302,44.66464],[2.42945,44.66382],[2.42837,44.66147],[2.42822,44.65931],[2.4269,44.65693],[2.42567,44.65587],[2.42503,44.65399],[2.4226,44.6538],[2.42203,44.6548],[2.42156,44.65803],[2.42051,44.65897],[2.42043,44.65996],[2.41732,44.66085],[2.41456,44.65763],[2.41398,44.65873],[2.41249,44.65893],[2.41109,44.658],[2.41115,44.65718],[2.40686,44.65773],[2.40395,44.66046],[2.403,44.66011],[2.40105,44.66104],[2.39999,44.65883],[2.40017,44.65793],[2.3994,44.65675],[2.39651,44.65497],[2.39532,44.65326],[2.39689,44.65212],[2.39846,44.64837],[2.39754,44.64638],[2.39529,44.64653],[2.39429,44.64616],[2.39208,44.6444],[2.39054,44.64378],[2.38825,44.64425],[2.38755,44.64529],[2.38927,44.64862],[2.38799,44.64972],[2.38603,44.64932],[2.38302,44.65026],[2.38027,44.65147],[2.37808,44.65002],[2.37624,44.6466],[2.37535,44.64597],[2.37139,44.64503],[2.36951,44.64389],[2.36664,44.6415],[2.36072,44.64149],[2.3595,44.64183],[2.35752,44.64168],[2.35429,44.6401],[2.3491,44.64094],[2.34841,44.64265],[2.34663,44.64396],[2.34353,44.64485],[2.34057,44.64601],[2.33762,44.64791],[2.33525,44.64779],[2.33318,44.64871],[2.33256,44.6506],[2.33448,44.6517],[2.33419,44.65446],[2.33672,44.6555],[2.33773,44.65659],[2.33618,44.65975],[2.33664,44.66195],[2.33372,44.6647],[2.33241,44.66448],[2.33288,44.66566],[2.33775,44.66423],[2.3415,44.66649],[2.34284,44.66656],[2.34427,44.66579],[2.34583,44.66738],[2.34787,44.66873],[2.34886,44.67074],[2.35068,44.67182],[2.35223,44.67178],[2.35418,44.67227],[2.35424,44.67411],[2.3527,44.67692],[2.35352,44.67828],[2.35588,44.67928],[2.35873,44.67858],[2.36164,44.67927],[2.35908,44.6814],[2.35859,44.68284],[2.35596,44.68386],[2.35385,44.68644],[2.35172,44.68761],[2.34703,44.68774],[2.34748,44.68922],[2.34855,44.69012],[2.34763,44.6914],[2.34876,44.69194],[2.35057,44.69198],[2.35113,44.69301],[2.35044,44.69388],[2.34909,44.69437],[2.34956,44.69809],[2.34811,44.6989],[2.34778,44.69985],[2.34965,44.7003],[2.34933,44.70199],[2.35239,44.70104],[2.3544,44.69831],[2.35654,44.69768],[2.36052,44.69737],[2.36163,44.69663],[2.3633,44.69711],[2.36336,44.69809],[2.36595,44.6997],[2.36665,44.70326],[2.3652,44.70451],[2.36476,44.70546],[2.36712,44.7063],[2.36861,44.70606],[2.36963,44.70745],[2.37094,44.70779],[2.37113,44.71031],[2.37616,44.70848],[2.37731,44.70976],[2.37953,44.70994],[2.38074,44.71065],[2.38147,44.71182],[2.38351,44.71133],[2.38539,44.71145],[2.38788,44.71213],[2.39,44.71081],[2.39039,44.71006],[2.39279,44.70879],[2.39386,44.70766],[2.3925,44.70709],[2.39428,44.705],[2.39742,44.70438],[2.39813,44.70313],[2.40027,44.70223],[2.40252,44.70171],[2.40269,44.70096],[2.40513,44.69888],[2.40725,44.69818],[2.40774,44.69695],[2.41058,44.69556],[2.41143,44.69588],[2.41428,44.69409],[2.41561,44.69394],[2.41547,44.69196],[2.41588,44.68939],[2.41492,44.68896],[2.41335,44.6865],[2.41352,44.68464],[2.41485,44.68326],[2.41664,44.68265],[2.41628,44.6813],[2.41924,44.68163],[2.42145,44.68028],[2.42226,44.67698],[2.42433,44.67531],[2.42677,44.67487],[2.4287,44.67403],[2.43203,44.67321],[2.42981,44.67098],[2.43022,44.67005],[2.42907,44.669],[2.42929,44.66648],[2.4302,44.66464]]]}},{"type":"Feature","id":"fr-commune-15030","properties":{"id":"fr-commune-15030","name":"Cayrols","kind":"commune","center":[2.2243,44.8266],"code":"15030","department":"15"},"bbox":[2.20142,44.804,2.24721,44.84915],"geometry":{"type":"Polygon","coordinates":[[[2.21691,44.84709],[2.21765,44.8448],[2.22009,44.84204],[2.22184,44.84116],[2.22178,44.83954],[2.22278,44.83905],[2.22688,44.83941],[2.22868,44.84024],[2.23089,44.84024],[2.22784,44.84174],[2.22679,44.84577],[2.22943,44.84637],[2.23169,44.8458],[2.23245,44.84612],[2.23423,44.8442],[2.2365,44.84557],[2.23901,44.84591],[2.23874,44.84781],[2.24281,44.84856],[2.24385,44.84915],[2.24512,44.84849],[2.24634,44.84669],[2.24423,44.84526],[2.24219,44.84172],[2.24016,44.84085],[2.24123,44.83993],[2.24168,44.83782],[2.24265,44.8352],[2.24347,44.83449],[2.24356,44.83124],[2.24537,44.83033],[2.24721,44.82895],[2.24715,44.82629],[2.24405,44.82494],[2.24544,44.82449],[2.2445,44.8235],[2.24273,44.82044],[2.24041,44.82031],[2.24009,44.81858],[2.24236,44.8179],[2.2421,44.81725],[2.23982,44.81793],[2.23955,44.81643],[2.23748,44.81782],[2.23559,44.8172],[2.23632,44.81604],[2.23506,44.81548],[2.23482,44.81388],[2.23779,44.81212],[2.23869,44.81053],[2.23679,44.80968],[2.23774,44.80833],[2.23733,44.80466],[2.23556,44.80479],[2.2353,44.804],[2.23147,44.80435],[2.23233,44.8064],[2.23343,44.80684],[2.23314,44.80841],[2.23489,44.80876],[2.23359,44.80981],[2.2325,44.81297],[2.23403,44.81435],[2.232,44.8148],[2.22913,44.81275],[2.22779,44.81242],[2.22691,44.81016],[2.22453,44.81059],[2.22387,44.80805],[2.22031,44.80732],[2.21968,44.80859],[2.21868,44.80848],[2.21817,44.80989],[2.21712,44.8102],[2.21606,44.80917],[2.21514,44.81045],[2.21301,44.81246],[2.21195,44.81646],[2.2122,44.81826],[2.21163,44.82039],[2.21296,44.82149],[2.21226,44.82261],[2.21327,44.82311],[2.21352,44.82482],[2.21288,44.82662],[2.21473,44.8271],[2.21419,44.82958],[2.21237,44.82967],[2.20993,44.83065],[2.20819,44.83064],[2.20751,44.83273],[2.20943,44.8332],[2.20768,44.83467],[2.20502,44.83588],[2.20214,44.83587],[2.20142,44.83682],[2.20559,44.8371],[2.20749,44.83593],[2.20831,44.83665],[2.21052,44.83715],[2.21008,44.83782],[2.21178,44.83895],[2.21483,44.83989],[2.21292,44.84072],[2.21152,44.84207],[2.21312,44.8438],[2.21246,44.84443],[2.21196,44.84631],[2.21374,44.84881],[2.21507,44.84762],[2.21556,44.84651],[2.21691,44.84709]]]}},{"type":"Feature","id":"fr-commune-15031","properties":{"id":"fr-commune-15031","name":"Celles","kind":"commune","center":[2.9554,45.1023],"code":"15031","department":"15"},"bbox":[2.92045,45.07178,2.99033,45.13275],"geometry":{"type":"Polygon","coordinates":[[[2.92597,45.09272],[2.92711,45.09294],[2.92954,45.09419],[2.92961,45.09473],[2.93182,45.09643],[2.93071,45.09688],[2.93243,45.09786],[2.93396,45.09812],[2.93339,45.09915],[2.93387,45.10168],[2.9327,45.10301],[2.93366,45.10386],[2.93153,45.1057],[2.93048,45.10579],[2.92968,45.10737],[2.92713,45.10693],[2.92727,45.10797],[2.9248,45.10881],[2.92507,45.10771],[2.92145,45.10691],[2.92045,45.10692],[2.92306,45.10968],[2.92564,45.11078],[2.92604,45.11139],[2.9244,45.11257],[2.92523,45.11301],[2.92721,45.11566],[2.9297,45.11668],[2.92901,45.11772],[2.92735,45.11687],[2.92922,45.11968],[2.92845,45.12023],[2.92913,45.12124],[2.93133,45.12081],[2.93193,45.12149],[2.93385,45.12217],[2.93322,45.12302],[2.93616,45.12387],[2.93563,45.12435],[2.93327,45.12368],[2.93023,45.12442],[2.92877,45.1251],[2.93064,45.12752],[2.92906,45.12789],[2.92702,45.12777],[2.92932,45.12924],[2.93149,45.12995],[2.93202,45.13138],[2.93354,45.13259],[2.93673,45.13275],[2.94118,45.13223],[2.94406,45.1314],[2.94347,45.13011],[2.94592,45.13059],[2.94645,45.13151],[2.94791,45.13038],[2.94957,45.12702],[2.95193,45.1257],[2.95157,45.12771],[2.95343,45.12805],[2.95585,45.12747],[2.9576,45.1267],[2.95818,45.12577],[2.96001,45.12576],[2.96106,45.1263],[2.96185,45.12775],[2.96317,45.12772],[2.96419,45.12849],[2.96723,45.12797],[2.96936,45.12856],[2.97101,45.12785],[2.97364,45.12813],[2.97382,45.12697],[2.97188,45.12676],[2.97026,45.12716],[2.97003,45.12569],[2.97361,45.12487],[2.97438,45.12151],[2.976,45.12147],[2.97856,45.11981],[2.98227,45.11869],[2.986,45.11889],[2.98481,45.11772],[2.98752,45.11579],[2.98755,45.1136],[2.99033,45.11381],[2.98941,45.11234],[2.98843,45.11203],[2.98593,45.1095],[2.9844,45.10739],[2.9841,45.10515],[2.97617,45.10486],[2.97575,45.10423],[2.97016,45.10384],[2.96647,45.10413],[2.96573,45.10394],[2.96228,45.1056],[2.96154,45.10477],[2.96286,45.10355],[2.95877,45.10306],[2.9593,45.10128],[2.96021,45.10007],[2.9639,45.09941],[2.96463,45.09517],[2.96447,45.0936],[2.96532,45.09067],[2.96615,45.09002],[2.96545,45.08737],[2.96743,45.08765],[2.96743,45.08467],[2.96836,45.08264],[2.96989,45.07759],[2.97287,45.07666],[2.97693,45.07737],[2.97707,45.07586],[2.97507,45.07588],[2.97463,45.07499],[2.97275,45.07567],[2.96978,45.07432],[2.97015,45.07287],[2.96761,45.07248],[2.96545,45.07267],[2.9636,45.07178],[2.95964,45.07484],[2.95727,45.07215],[2.95392,45.07378],[2.95583,45.07507],[2.95407,45.07674],[2.95188,45.08076],[2.95298,45.08214],[2.95165,45.08319],[2.95237,45.08405],[2.95058,45.08473],[2.95076,45.0854],[2.94847,45.08793],[2.94943,45.08877],[2.94753,45.08959],[2.94619,45.08893],[2.94459,45.08714],[2.9435,45.08673],[2.94212,45.08867],[2.94034,45.08788],[2.93729,45.08758],[2.93781,45.08915],[2.93432,45.08913],[2.93274,45.08936],[2.93185,45.09098],[2.93045,45.09023],[2.92912,45.09095],[2.92755,45.09267],[2.92597,45.09272]]]}},{"type":"Feature","id":"fr-commune-15032","properties":{"id":"fr-commune-15032","name":"Celoux","kind":"commune","center":[3.2595,45.1377],"code":"15032","department":"15"},"bbox":[3.23084,45.11989,3.28803,45.15455],"geometry":{"type":"Polygon","coordinates":[[[3.23084,45.15093],[3.23456,45.15025],[3.23616,45.14949],[3.23787,45.14993],[3.24465,45.15023],[3.24731,45.14924],[3.24787,45.14985],[3.25059,45.14879],[3.25221,45.14863],[3.25435,45.14903],[3.25521,45.14754],[3.25806,45.14815],[3.25956,45.14931],[3.26068,45.14922],[3.26582,45.15111],[3.26767,45.15127],[3.26797,45.15406],[3.27412,45.15191],[3.27677,45.15299],[3.27855,45.15455],[3.27965,45.1533],[3.28214,45.15158],[3.28153,45.15118],[3.28157,45.14941],[3.28054,45.14856],[3.28039,45.14712],[3.27498,45.1471],[3.27383,45.14627],[3.27347,45.14523],[3.27555,45.14324],[3.27826,45.14137],[3.27748,45.14084],[3.27856,45.1371],[3.27799,45.13616],[3.27904,45.13559],[3.27735,45.13431],[3.27919,45.13328],[3.27972,45.13384],[3.28197,45.13177],[3.282,45.13074],[3.28359,45.13061],[3.28431,45.12949],[3.28502,45.12615],[3.28678,45.12414],[3.28803,45.12045],[3.28719,45.12023],[3.28261,45.12145],[3.27708,45.12221],[3.27507,45.12271],[3.27386,45.12182],[3.26966,45.12088],[3.26744,45.12092],[3.26268,45.11989],[3.26242,45.12163],[3.26027,45.12211],[3.25943,45.12421],[3.26027,45.12528],[3.25837,45.12543],[3.25864,45.12669],[3.25692,45.12703],[3.25784,45.12995],[3.25827,45.13267],[3.25581,45.13286],[3.25423,45.13332],[3.2555,45.13432],[3.25411,45.1355],[3.25247,45.13461],[3.24886,45.13319],[3.24593,45.13129],[3.24397,45.13124],[3.24361,45.13222],[3.24365,45.1354],[3.245,45.13669],[3.24357,45.13696],[3.24286,45.135],[3.23988,45.13214],[3.24059,45.13078],[3.23446,45.13177],[3.23553,45.13244],[3.23356,45.13304],[3.23343,45.13467],[3.2318,45.13827],[3.23135,45.14],[3.2314,45.14241],[3.23258,45.14299],[3.23208,45.14491],[3.23302,45.14568],[3.23224,45.1467],[3.23202,45.14818],[3.23084,45.15093]]]}},{"type":"Feature","id":"fr-commune-15033","properties":{"id":"fr-commune-15033","name":"Cézens","kind":"commune","center":[2.8572,44.9919],"code":"15033","department":"15"},"bbox":[2.80301,44.95105,2.90971,45.0327],"geometry":{"type":"Polygon","coordinates":[[[2.89873,44.9655],[2.89474,44.96455],[2.89343,44.96354],[2.88961,44.96385],[2.88592,44.96299],[2.88063,44.96283],[2.87867,44.95889],[2.87639,44.95761],[2.87587,44.95527],[2.87466,44.95356],[2.87183,44.95301],[2.87025,44.95345],[2.86775,44.95358],[2.86725,44.95106],[2.86624,44.95105],[2.85742,44.95241],[2.85266,44.95489],[2.84874,44.95795],[2.84716,44.96012],[2.84662,44.95772],[2.84455,44.95944],[2.84299,44.95807],[2.84135,44.95751],[2.83632,44.95742],[2.83291,44.95647],[2.8307,44.95661],[2.8297,44.95739],[2.82778,44.95651],[2.82502,44.95575],[2.82525,44.95782],[2.82604,44.95999],[2.82579,44.96272],[2.82604,44.96424],[2.82473,44.96678],[2.82493,44.97049],[2.82753,44.97315],[2.82867,44.97594],[2.82991,44.97744],[2.83046,44.97879],[2.83074,44.98242],[2.83175,44.98491],[2.8319,44.98932],[2.8312,44.99148],[2.83104,44.99404],[2.83053,44.99539],[2.83077,44.99714],[2.83297,45.00346],[2.83304,45.00493],[2.8316,45.01186],[2.82863,45.0211],[2.8271,45.02075],[2.82406,45.02139],[2.82224,45.02212],[2.81968,45.02373],[2.81785,45.0242],[2.81201,45.02671],[2.80767,45.02728],[2.80585,45.02726],[2.80388,45.02839],[2.80301,45.03047],[2.80535,45.03019],[2.8072,45.03136],[2.81025,45.0327],[2.81747,45.02889],[2.81905,45.02829],[2.82127,45.0281],[2.8238,45.02751],[2.82772,45.02574],[2.82961,45.02411],[2.83833,45.02002],[2.84132,45.02044],[2.84328,45.01979],[2.84519,45.01855],[2.84796,45.01872],[2.85029,45.01682],[2.85313,45.01591],[2.85535,45.01563],[2.85845,45.01453],[2.85869,45.01381],[2.86042,45.01353],[2.86098,45.01272],[2.86026,45.01057],[2.86171,45.0089],[2.86437,45.00915],[2.86501,45.00969],[2.86691,45.00937],[2.8685,45.00802],[2.87058,45.00717],[2.87011,45.00638],[2.86538,45.00159],[2.86749,45.00009],[2.86936,44.99796],[2.87182,44.9972],[2.87485,44.9954],[2.87654,44.99479],[2.88036,44.99644],[2.88269,44.99625],[2.88587,44.99511],[2.88921,44.99324],[2.89133,44.98991],[2.89353,44.98837],[2.89403,44.98746],[2.89611,44.98587],[2.89863,44.98492],[2.90229,44.98406],[2.90321,44.98513],[2.90502,44.98428],[2.90537,44.98339],[2.90588,44.98174],[2.90796,44.98096],[2.90701,44.97929],[2.90697,44.978],[2.90808,44.97804],[2.90825,44.9761],[2.90971,44.97636],[2.90967,44.97236],[2.90913,44.97061],[2.90661,44.97062],[2.90647,44.96976],[2.90797,44.96929],[2.90414,44.96771],[2.90084,44.96677],[2.89873,44.9655]]]}},{"type":"Feature","id":"fr-commune-15034","properties":{"id":"fr-commune-15034","name":"Chaliers","kind":"commune","center":[3.2378,44.9677],"code":"15034","department":"15"},"bbox":[3.20952,44.93856,3.26497,44.99675],"geometry":{"type":"Polygon","coordinates":[[[3.25617,44.9416],[3.25295,44.94126],[3.25149,44.94029],[3.24857,44.93935],[3.24721,44.94023],[3.24535,44.94039],[3.24212,44.93965],[3.24098,44.93899],[3.23836,44.93858],[3.23355,44.93856],[3.23238,44.93901],[3.23136,44.94047],[3.2336,44.94274],[3.23398,44.94505],[3.23487,44.94663],[3.23434,44.94781],[3.23195,44.95033],[3.23015,44.95278],[3.22781,44.9547],[3.2268,44.95472],[3.22322,44.95384],[3.22068,44.95365],[3.21877,44.95495],[3.21963,44.9564],[3.21964,44.95758],[3.21762,44.96045],[3.21416,44.96158],[3.21312,44.96227],[3.21218,44.96486],[3.2105,44.96579],[3.21032,44.96799],[3.20978,44.96838],[3.21121,44.96903],[3.21146,44.97037],[3.2125,44.97192],[3.21186,44.97258],[3.21241,44.97423],[3.21026,44.97547],[3.20952,44.97659],[3.21014,44.97848],[3.20987,44.98035],[3.21182,44.98256],[3.21185,44.9835],[3.21308,44.98431],[3.21305,44.98579],[3.21475,44.98653],[3.21472,44.98762],[3.21602,44.98773],[3.21674,44.98932],[3.21837,44.99068],[3.22027,44.99122],[3.22133,44.99276],[3.22139,44.99383],[3.22029,44.99493],[3.22232,44.99561],[3.22354,44.99675],[3.22898,44.99622],[3.2301,44.99556],[3.23142,44.99566],[3.23379,44.99507],[3.23452,44.99358],[3.23789,44.99271],[3.24162,44.99076],[3.24432,44.99165],[3.24666,44.99303],[3.24783,44.99182],[3.25124,44.99291],[3.25414,44.99606],[3.25635,44.99671],[3.25696,44.99468],[3.25634,44.99303],[3.25677,44.99204],[3.25852,44.99022],[3.26021,44.99036],[3.26104,44.98971],[3.25964,44.98895],[3.26158,44.98759],[3.26357,44.98568],[3.26497,44.98549],[3.26431,44.983],[3.26268,44.98065],[3.26105,44.97961],[3.26144,44.97856],[3.26041,44.97799],[3.26076,44.97681],[3.25876,44.97367],[3.2582,44.97205],[3.25606,44.97121],[3.25707,44.97024],[3.25623,44.96995],[3.25533,44.96772],[3.25366,44.9675],[3.25122,44.96589],[3.25343,44.96561],[3.25354,44.96453],[3.25657,44.96356],[3.25743,44.96373],[3.25889,44.96251],[3.25797,44.96139],[3.25521,44.96025],[3.25167,44.96007],[3.24998,44.95949],[3.24977,44.95835],[3.25053,44.9578],[3.25231,44.95788],[3.25388,44.9571],[3.25521,44.95553],[3.25626,44.95577],[3.25897,44.95541],[3.25909,44.95445],[3.25704,44.95312],[3.25882,44.95045],[3.25816,44.94942],[3.26006,44.9481],[3.25992,44.94707],[3.26068,44.94634],[3.25977,44.94499],[3.25843,44.94523],[3.25716,44.94411],[3.25721,44.9433],[3.25617,44.9416]]]}},{"type":"Feature","id":"fr-commune-15035","properties":{"id":"fr-commune-15035","name":"Chalinargues","kind":"commune","center":[2.9343,45.1628],"code":"15035","department":"15"},"bbox":[2.89886,45.12738,2.96991,45.19824],"geometry":{"type":"Polygon","coordinates":[[[2.89886,45.14451],[2.90031,45.14562],[2.89957,45.14729],[2.90072,45.14831],[2.90396,45.1484],[2.90456,45.15037],[2.90343,45.15191],[2.9016,45.15309],[2.90257,45.15493],[2.90488,45.15583],[2.90359,45.15728],[2.9019,45.15817],[2.902,45.15882],[2.90027,45.16128],[2.90104,45.16389],[2.90105,45.16517],[2.90326,45.16774],[2.90257,45.16869],[2.9041,45.16922],[2.90506,45.17012],[2.90317,45.17152],[2.90181,45.17119],[2.90179,45.17354],[2.90281,45.17405],[2.90496,45.17259],[2.90751,45.17303],[2.90852,45.1728],[2.90832,45.17158],[2.91016,45.17139],[2.9097,45.17308],[2.90856,45.17321],[2.90657,45.17461],[2.90448,45.17511],[2.90354,45.17647],[2.90508,45.17673],[2.90508,45.17785],[2.90592,45.17897],[2.90943,45.18085],[2.91094,45.18503],[2.91063,45.18588],[2.90681,45.18707],[2.90154,45.187],[2.90541,45.19052],[2.90625,45.19085],[2.9092,45.19048],[2.91556,45.19058],[2.9197,45.18997],[2.92588,45.18972],[2.92684,45.19084],[2.92882,45.19182],[2.93118,45.19164],[2.93313,45.19266],[2.93365,45.19385],[2.93509,45.19522],[2.93606,45.19763],[2.9397,45.19748],[2.94134,45.19824],[2.94541,45.196],[2.94633,45.19467],[2.94856,45.19183],[2.94845,45.19062],[2.95065,45.1899],[2.95086,45.18876],[2.9537,45.18604],[2.95398,45.18515],[2.95669,45.18166],[2.95596,45.18051],[2.95616,45.17927],[2.95711,45.17865],[2.95442,45.17709],[2.95339,45.17514],[2.95511,45.17293],[2.95687,45.17287],[2.95854,45.17167],[2.95805,45.17044],[2.95506,45.17158],[2.95313,45.17093],[2.95539,45.16997],[2.95485,45.16932],[2.95705,45.1686],[2.95533,45.16675],[2.957,45.16658],[2.95825,45.16773],[2.95987,45.16831],[2.96313,45.16475],[2.96237,45.16414],[2.95998,45.16369],[2.96391,45.1629],[2.96602,45.16157],[2.96366,45.16114],[2.96404,45.16028],[2.96237,45.15925],[2.96232,45.15757],[2.9612,45.15661],[2.96389,45.15565],[2.9645,45.15651],[2.96389,45.15742],[2.96531,45.15841],[2.96721,45.15809],[2.96758,45.15663],[2.96594,45.15593],[2.96877,45.15438],[2.96991,45.15411],[2.9681,45.15269],[2.96725,45.15103],[2.96883,45.15057],[2.96773,45.14865],[2.96552,45.14933],[2.96487,45.14803],[2.96166,45.14603],[2.95919,45.14636],[2.95801,45.1452],[2.95576,45.147],[2.95269,45.14531],[2.95483,45.14292],[2.95566,45.14105],[2.95387,45.14084],[2.95482,45.13952],[2.95771,45.13705],[2.95829,45.13603],[2.95526,45.1362],[2.95342,45.13591],[2.95112,45.13506],[2.94939,45.1339],[2.94836,45.13264],[2.94645,45.13151],[2.94592,45.13059],[2.94347,45.13011],[2.94406,45.1314],[2.94118,45.13223],[2.93673,45.13275],[2.93354,45.13259],[2.93202,45.13138],[2.93149,45.12995],[2.92932,45.12924],[2.92702,45.12777],[2.92365,45.12738],[2.92272,45.12918],[2.92063,45.13],[2.92121,45.13059],[2.9188,45.13154],[2.91901,45.13361],[2.92017,45.13455],[2.9198,45.1359],[2.92191,45.1367],[2.9197,45.13968],[2.92194,45.14079],[2.92099,45.14143],[2.91799,45.13987],[2.91847,45.14201],[2.91559,45.14247],[2.91531,45.14087],[2.91463,45.14053],[2.91285,45.14122],[2.91153,45.13977],[2.91019,45.13907],[2.90852,45.14063],[2.90473,45.14236],[2.9021,45.14307],[2.90119,45.1439],[2.89907,45.14351],[2.89886,45.14451]]]}},{"type":"Feature","id":"fr-commune-15036","properties":{"id":"fr-commune-15036","name":"Chalvignac","kind":"commune","center":[2.2624,45.251],"code":"15036","department":"15"},"bbox":[2.20214,45.21155,2.32265,45.29053],"geometry":{"type":"Polygon","coordinates":[[[2.31184,45.27575],[2.31336,45.2756],[2.3146,45.27618],[2.31728,45.27535],[2.31879,45.27378],[2.31897,45.27257],[2.31752,45.26979],[2.31872,45.2665],[2.3194,45.26594],[2.31972,45.26432],[2.32092,45.26362],[2.32151,45.26227],[2.32112,45.26154],[2.32261,45.25957],[2.32206,45.25855],[2.32265,45.25758],[2.32144,45.25664],[2.32164,45.2553],[2.32119,45.25238],[2.32142,45.25161],[2.31936,45.25095],[2.32082,45.24923],[2.31929,45.24865],[2.31942,45.24748],[2.31808,45.24676],[2.31826,45.24598],[2.31455,45.2458],[2.30875,45.24638],[2.30871,45.24535],[2.30976,45.24209],[2.30752,45.24104],[2.30452,45.2423],[2.30166,45.2428],[2.30013,45.24442],[2.30009,45.2452],[2.30386,45.2474],[2.30525,45.24868],[2.30382,45.25036],[2.3021,45.25005],[2.29872,45.25045],[2.29662,45.24987],[2.29527,45.2505],[2.29394,45.25225],[2.28999,45.25283],[2.28919,45.25202],[2.29031,45.24981],[2.28731,45.24968],[2.28712,45.25202],[2.28528,45.25197],[2.2847,45.25045],[2.28477,45.24721],[2.28178,45.24427],[2.27987,45.24297],[2.27842,45.24114],[2.28159,45.2396],[2.27943,45.23919],[2.2786,45.23833],[2.27572,45.23818],[2.27718,45.23568],[2.27725,45.23334],[2.27855,45.23181],[2.27861,45.23069],[2.27957,45.22907],[2.27855,45.22821],[2.27779,45.22637],[2.27811,45.22538],[2.27938,45.22538],[2.28005,45.22371],[2.27763,45.22367],[2.27894,45.22237],[2.27803,45.22093],[2.27812,45.21889],[2.27466,45.21703],[2.2727,45.21622],[2.27106,45.21636],[2.26801,45.21462],[2.2658,45.21623],[2.26409,45.21655],[2.26246,45.21413],[2.25933,45.21155],[2.25772,45.21235],[2.25735,45.21376],[2.25813,45.21508],[2.25609,45.21763],[2.25482,45.22012],[2.25278,45.22016],[2.25127,45.21762],[2.24898,45.21781],[2.2472,45.21545],[2.24544,45.21646],[2.24423,45.21426],[2.24228,45.21445],[2.24152,45.21571],[2.23977,45.21651],[2.23605,45.21468],[2.23491,45.215],[2.23235,45.21442],[2.22987,45.2145],[2.22752,45.2141],[2.22637,45.21486],[2.22389,45.21553],[2.22334,45.21634],[2.22166,45.21724],[2.22063,45.22048],[2.21919,45.22136],[2.21629,45.22002],[2.21305,45.22074],[2.20995,45.22073],[2.20909,45.22371],[2.20765,45.22383],[2.20698,45.22257],[2.20344,45.22191],[2.2028,45.22316],[2.203,45.22449],[2.20214,45.22624],[2.20286,45.22764],[2.20753,45.22892],[2.20959,45.23054],[2.21289,45.23193],[2.21466,45.23298],[2.21952,45.2366],[2.22153,45.23784],[2.22465,45.24142],[2.225,45.24392],[2.22621,45.24506],[2.22902,45.24642],[2.23068,45.2469],[2.23488,45.24648],[2.23922,45.24736],[2.24083,45.24801],[2.24119,45.24948],[2.24019,45.25138],[2.23976,45.25603],[2.23911,45.25726],[2.23754,45.25862],[2.2378,45.2596],[2.24031,45.26174],[2.24187,45.2637],[2.24254,45.2656],[2.24465,45.26723],[2.2475,45.26789],[2.25353,45.26814],[2.25616,45.26866],[2.25896,45.27085],[2.25976,45.27246],[2.26072,45.2764],[2.26157,45.27897],[2.26126,45.28212],[2.26157,45.28356],[2.26353,45.2854],[2.26648,45.28592],[2.26804,45.28731],[2.26845,45.28929],[2.26942,45.2903],[2.2712,45.29053],[2.27274,45.29024],[2.27611,45.28853],[2.27646,45.28742],[2.27765,45.28625],[2.28011,45.285],[2.28028,45.28358],[2.28315,45.2833],[2.28323,45.28161],[2.2827,45.28048],[2.28092,45.27849],[2.28202,45.27713],[2.28142,45.27608],[2.28193,45.27526],[2.28329,45.27552],[2.28672,45.27545],[2.2879,45.27397],[2.28977,45.27257],[2.29066,45.27019],[2.29241,45.26997],[2.29325,45.26903],[2.29485,45.26859],[2.29539,45.26765],[2.29661,45.26738],[2.29888,45.26822],[2.30105,45.27014],[2.30294,45.27087],[2.30461,45.27042],[2.30584,45.27064],[2.30825,45.2723],[2.31184,45.27575]]]}},{"type":"Feature","id":"fr-commune-15037","properties":{"id":"fr-commune-15037","name":"Champagnac","kind":"commune","center":[2.4001,45.3673],"code":"15037","department":"15"},"bbox":[2.35018,45.33766,2.4497,45.39703],"geometry":{"type":"Polygon","coordinates":[[[2.43788,45.38786],[2.43798,45.38491],[2.44064,45.38133],[2.44152,45.37784],[2.44104,45.37649],[2.44206,45.3762],[2.44126,45.37401],[2.44163,45.37312],[2.44364,45.3723],[2.44281,45.36923],[2.44288,45.36797],[2.44199,45.36672],[2.44364,45.36611],[2.44882,45.36721],[2.44898,45.36608],[2.44771,45.36549],[2.44783,45.36459],[2.4497,45.3644],[2.44914,45.36301],[2.44694,45.36372],[2.44582,45.36324],[2.44354,45.36373],[2.44124,45.36306],[2.43894,45.36364],[2.43768,45.36204],[2.43984,45.36142],[2.4387,45.3603],[2.4403,45.35918],[2.43829,45.35731],[2.43679,45.35765],[2.43526,45.35684],[2.43468,45.35541],[2.43328,45.35527],[2.43161,45.35258],[2.42973,45.35144],[2.43148,45.34952],[2.43167,45.34713],[2.43246,45.3459],[2.43083,45.34484],[2.42898,45.34462],[2.42649,45.34614],[2.42459,45.34642],[2.42331,45.34741],[2.42191,45.34692],[2.42101,45.3444],[2.4191,45.34336],[2.4184,45.34408],[2.41705,45.34382],[2.41839,45.34179],[2.41459,45.34133],[2.41337,45.34072],[2.4131,45.33981],[2.41098,45.33991],[2.41131,45.33892],[2.41086,45.33766],[2.40893,45.33806],[2.40894,45.34022],[2.40581,45.33816],[2.40332,45.33852],[2.40103,45.34004],[2.40007,45.33969],[2.39905,45.34104],[2.39727,45.34095],[2.39638,45.34365],[2.39434,45.34338],[2.39427,45.34243],[2.39597,45.33975],[2.39403,45.33971],[2.39344,45.33884],[2.39178,45.33785],[2.39159,45.33875],[2.38955,45.33816],[2.38859,45.33929],[2.38821,45.34162],[2.38482,45.34297],[2.38364,45.34134],[2.38209,45.34197],[2.37951,45.34238],[2.37723,45.34231],[2.37654,45.34302],[2.37475,45.34298],[2.3736,45.34366],[2.37086,45.34339],[2.37035,45.34402],[2.36825,45.34415],[2.36678,45.34339],[2.36581,45.34486],[2.36449,45.34365],[2.3627,45.34388],[2.36155,45.34315],[2.35977,45.34101],[2.35865,45.33918],[2.35537,45.34181],[2.35224,45.34355],[2.35018,45.34637],[2.35119,45.34836],[2.35426,45.35037],[2.35553,45.3516],[2.357,45.35417],[2.35807,45.35494],[2.35985,45.35481],[2.36194,45.35355],[2.36357,45.35356],[2.36488,45.3553],[2.3651,45.35683],[2.36423,45.3602],[2.36421,45.36174],[2.36507,45.36321],[2.36674,45.36424],[2.36758,45.36548],[2.36758,45.36724],[2.36658,45.36938],[2.36457,45.37156],[2.3645,45.37468],[2.39793,45.37785],[2.39799,45.37782],[2.4154,45.39106],[2.42309,45.39703],[2.42451,45.39437],[2.42547,45.39386],[2.43033,45.39274],[2.43262,45.39301],[2.43556,45.38972],[2.43629,45.38857],[2.43788,45.38786]]]}},{"type":"Feature","id":"fr-commune-15038","properties":{"id":"fr-commune-15038","name":"Champs-sur-Tarentaine-Marchal","kind":"commune","center":[2.6053,45.4043],"code":"15038","department":"15"},"bbox":[2.5211,45.36224,2.69055,45.44635],"geometry":{"type":"Polygon","coordinates":[[[2.68843,45.43768],[2.69055,45.43395],[2.68968,45.43003],[2.68859,45.42895],[2.68629,45.42905],[2.68455,45.42793],[2.68455,45.4255],[2.6812,45.42323],[2.67992,45.42269],[2.67841,45.42308],[2.67611,45.4228],[2.6754,45.42156],[2.67335,45.42102],[2.67086,45.42112],[2.66956,45.41839],[2.66715,45.41695],[2.66493,45.41635],[2.66528,45.41534],[2.66679,45.41516],[2.66548,45.41332],[2.66658,45.41265],[2.66378,45.41203],[2.66298,45.41285],[2.66045,45.41196],[2.66052,45.41086],[2.65812,45.41149],[2.65631,45.40942],[2.65204,45.40869],[2.64883,45.4099],[2.64787,45.40972],[2.64737,45.40595],[2.64647,45.40339],[2.64868,45.40222],[2.64724,45.40191],[2.64589,45.40303],[2.64393,45.40282],[2.64225,45.4035],[2.63826,45.40064],[2.63829,45.4001],[2.63459,45.39907],[2.63277,45.39936],[2.62916,45.39901],[2.62837,45.39741],[2.62843,45.39441],[2.62747,45.39356],[2.62605,45.39337],[2.62715,45.39159],[2.62898,45.39068],[2.6316,45.39085],[2.6321,45.38977],[2.63155,45.38758],[2.63053,45.38669],[2.63066,45.38525],[2.63213,45.38432],[2.63289,45.38308],[2.63592,45.38282],[2.63832,45.38335],[2.63902,45.3812],[2.63819,45.38008],[2.63704,45.38004],[2.63568,45.3773],[2.63592,45.37521],[2.64054,45.37482],[2.64194,45.37501],[2.64201,45.3726],[2.64349,45.37062],[2.64393,45.36783],[2.6465,45.36646],[2.6463,45.36327],[2.64496,45.3654],[2.64088,45.36713],[2.63982,45.36928],[2.63769,45.37121],[2.63542,45.3722],[2.63264,45.37284],[2.63113,45.37239],[2.62882,45.3703],[2.62725,45.36994],[2.62383,45.36692],[2.62221,45.36514],[2.62015,45.36484],[2.62062,45.36648],[2.61944,45.36675],[2.61559,45.36673],[2.61388,45.36812],[2.61189,45.36868],[2.60916,45.36815],[2.60652,45.36833],[2.60469,45.36567],[2.60135,45.36478],[2.59706,45.36516],[2.59524,45.36627],[2.59353,45.36674],[2.59022,45.3658],[2.58741,45.36316],[2.58513,45.36224],[2.5826,45.36306],[2.58018,45.36306],[2.57961,45.36428],[2.58065,45.36747],[2.57897,45.36954],[2.57396,45.37064],[2.57484,45.37227],[2.57249,45.37775],[2.57088,45.37977],[2.5691,45.37916],[2.56937,45.37788],[2.56879,45.3761],[2.5674,45.37567],[2.565,45.37636],[2.56298,45.37569],[2.56011,45.3757],[2.55829,45.37639],[2.55566,45.37593],[2.55478,45.37617],[2.55394,45.37768],[2.55178,45.37789],[2.54716,45.3772],[2.54641,45.37836],[2.54328,45.37849],[2.53445,45.37667],[2.53306,45.37721],[2.53078,45.37657],[2.52925,45.378],[2.52792,45.37977],[2.52556,45.37995],[2.52336,45.38148],[2.52318,45.3828],[2.52377,45.38456],[2.52352,45.38541],[2.52645,45.39],[2.52818,45.392],[2.52756,45.39359],[2.52552,45.39409],[2.5252,45.39508],[2.52361,45.39648],[2.5211,45.39737],[2.52266,45.39787],[2.52362,45.39945],[2.52203,45.4003],[2.52146,45.40134],[2.52222,45.40266],[2.5228,45.4027],[2.52732,45.40517],[2.53002,45.4051],[2.53692,45.40599],[2.53829,45.40603],[2.53801,45.40428],[2.53876,45.40346],[2.54495,45.40184],[2.54821,45.40083],[2.54898,45.40227],[2.55069,45.40336],[2.55269,45.40377],[2.55277,45.40193],[2.55522,45.40197],[2.55834,45.4025],[2.55843,45.40594],[2.55778,45.40709],[2.55809,45.40978],[2.55763,45.41079],[2.55915,45.41149],[2.56078,45.41512],[2.5624,45.41538],[2.5656,45.41508],[2.56748,45.41726],[2.56813,45.41858],[2.56942,45.41931],[2.57053,45.42107],[2.57381,45.42363],[2.57527,45.42381],[2.57877,45.42362],[2.58133,45.42612],[2.58655,45.42645],[2.58783,45.42785],[2.58966,45.43133],[2.59225,45.4316],[2.59306,45.43251],[2.59467,45.43285],[2.59593,45.43374],[2.59927,45.43437],[2.6017,45.43629],[2.604,45.4369],[2.60526,45.43648],[2.6065,45.43474],[2.60936,45.43483],[2.61205,45.43523],[2.61429,45.43643],[2.61481,45.43744],[2.62077,45.43986],[2.62252,45.44364],[2.62382,45.44394],[2.62686,45.44364],[2.62952,45.44454],[2.63307,45.4448],[2.63489,45.44594],[2.63672,45.44635],[2.63878,45.44616],[2.64034,45.44484],[2.64314,45.44406],[2.64547,45.44278],[2.64638,45.44283],[2.64772,45.44395],[2.65129,45.44275],[2.65261,45.44153],[2.65392,45.43912],[2.65608,45.43715],[2.65673,45.43613],[2.6582,45.43514],[2.66166,45.43432],[2.66356,45.43426],[2.66711,45.43549],[2.67029,45.43785],[2.67196,45.43786],[2.67531,45.43716],[2.67585,45.43843],[2.67821,45.44021],[2.67893,45.44009],[2.68034,45.43785],[2.68007,45.43698],[2.68202,45.43661],[2.68619,45.4375],[2.68722,45.43832],[2.68843,45.43768]]]}},{"type":"Feature","id":"fr-commune-15040","properties":{"id":"fr-commune-15040","name":"Chanterelle","kind":"commune","center":[2.8308,45.3761],"code":"15040","department":"15"},"bbox":[2.78514,45.35079,2.87641,45.4015],"geometry":{"type":"Polygon","coordinates":[[[2.78514,45.38458],[2.78643,45.38651],[2.78562,45.38963],[2.7905,45.39069],[2.79554,45.39291],[2.79703,45.39402],[2.79862,45.39266],[2.80166,45.39216],[2.80334,45.39345],[2.8051,45.39588],[2.80863,45.39756],[2.80968,45.39873],[2.80941,45.39946],[2.8139,45.4015],[2.81525,45.40053],[2.81734,45.4002],[2.82134,45.40029],[2.822,45.3999],[2.82256,45.39707],[2.82435,45.39543],[2.82396,45.39434],[2.8247,45.39365],[2.82328,45.3923],[2.82339,45.39136],[2.82535,45.39207],[2.82679,45.3918],[2.82906,45.39052],[2.82919,45.38972],[2.83078,45.38956],[2.8319,45.39035],[2.83405,45.39039],[2.83515,45.39114],[2.83743,45.39193],[2.84068,45.39254],[2.84348,45.39257],[2.84581,45.39208],[2.84835,45.392],[2.85235,45.39231],[2.85224,45.39085],[2.85124,45.38969],[2.85552,45.38891],[2.8567,45.38729],[2.85806,45.38617],[2.85595,45.3854],[2.85689,45.38277],[2.85953,45.38143],[2.86468,45.37807],[2.86763,45.3763],[2.87371,45.3753],[2.87277,45.37319],[2.8743,45.37065],[2.87557,45.37048],[2.87641,45.36894],[2.87468,45.3683],[2.87328,45.36846],[2.87227,45.3675],[2.87313,45.36678],[2.87215,45.36487],[2.87312,45.3624],[2.872,45.36207],[2.87071,45.36059],[2.87133,45.35902],[2.86831,45.35861],[2.86745,45.3564],[2.86622,45.35456],[2.86465,45.35079],[2.85676,45.35263],[2.85346,45.35386],[2.85092,45.35544],[2.84787,45.35642],[2.84621,45.3575],[2.8449,45.35948],[2.84509,45.36012],[2.84296,45.36046],[2.83922,45.3599],[2.83807,45.36241],[2.83654,45.36213],[2.83478,45.36283],[2.83463,45.36424],[2.83542,45.36504],[2.8301,45.36476],[2.82811,45.36507],[2.82738,45.36372],[2.82575,45.36394],[2.82364,45.36518],[2.82384,45.36635],[2.82082,45.36743],[2.81868,45.3667],[2.81521,45.36666],[2.81099,45.36611],[2.81002,45.36812],[2.80997,45.36966],[2.81139,45.37048],[2.80856,45.37091],[2.80943,45.37204],[2.80452,45.37192],[2.80483,45.37296],[2.80256,45.37515],[2.80091,45.37744],[2.80062,45.37838],[2.79893,45.37913],[2.7968,45.37921],[2.79337,45.38044],[2.79174,45.38145],[2.79105,45.38274],[2.78859,45.38394],[2.78514,45.38458]]]}},{"type":"Feature","id":"fr-commune-15041","properties":{"id":"fr-commune-15041","name":"La Chapelle-d'Alagnon","kind":"commune","center":[2.9072,45.1037],"code":"15041","department":"15"},"bbox":[2.88019,45.08509,2.93396,45.12258],"geometry":{"type":"Polygon","coordinates":[[[2.89262,45.0973],[2.89214,45.09835],[2.8906,45.09881],[2.89002,45.10028],[2.8907,45.10279],[2.89049,45.10392],[2.88817,45.10363],[2.88678,45.10274],[2.88571,45.10341],[2.88638,45.10425],[2.88796,45.10384],[2.88852,45.10489],[2.88623,45.10588],[2.8844,45.10483],[2.88339,45.10558],[2.88111,45.10569],[2.88019,45.10642],[2.88098,45.10731],[2.88247,45.10705],[2.88274,45.10854],[2.88403,45.11052],[2.88613,45.11091],[2.88671,45.11181],[2.88906,45.11338],[2.89122,45.11379],[2.89013,45.11545],[2.89008,45.11731],[2.88899,45.11782],[2.88715,45.11747],[2.88545,45.11835],[2.88618,45.11962],[2.88832,45.11887],[2.88939,45.11932],[2.89002,45.12067],[2.89112,45.12027],[2.89126,45.12198],[2.89377,45.12174],[2.89583,45.12258],[2.89777,45.12065],[2.89874,45.12061],[2.89904,45.12209],[2.90143,45.12176],[2.90301,45.12014],[2.90372,45.11731],[2.90441,45.11645],[2.90569,45.11667],[2.90648,45.11552],[2.9062,45.11356],[2.90769,45.11306],[2.90802,45.11522],[2.9098,45.11516],[2.91106,45.11439],[2.91745,45.11575],[2.91928,45.1157],[2.9199,45.11502],[2.92196,45.1164],[2.9239,45.11662],[2.9248,45.11558],[2.92735,45.11687],[2.92901,45.11772],[2.9297,45.11668],[2.92721,45.11566],[2.92523,45.11301],[2.9244,45.11257],[2.92604,45.11139],[2.92564,45.11078],[2.92306,45.10968],[2.92045,45.10692],[2.92145,45.10691],[2.92507,45.10771],[2.9248,45.10881],[2.92727,45.10797],[2.92713,45.10693],[2.92968,45.10737],[2.93048,45.10579],[2.93153,45.1057],[2.93366,45.10386],[2.9327,45.10301],[2.93387,45.10168],[2.93339,45.09915],[2.93396,45.09812],[2.93243,45.09786],[2.93071,45.09688],[2.93182,45.09643],[2.92961,45.09473],[2.92954,45.09419],[2.92711,45.09294],[2.92597,45.09272],[2.92368,45.093],[2.92352,45.09167],[2.92422,45.08967],[2.92673,45.08889],[2.92624,45.08761],[2.92351,45.08943],[2.92226,45.0911],[2.92086,45.09036],[2.92123,45.08959],[2.91957,45.0887],[2.91788,45.08642],[2.9161,45.0863],[2.91579,45.08509],[2.91313,45.08577],[2.91472,45.08639],[2.9105,45.08851],[2.91259,45.08929],[2.91191,45.09045],[2.91032,45.09059],[2.9082,45.09257],[2.90711,45.09272],[2.90774,45.09556],[2.90626,45.09561],[2.90408,45.09331],[2.90212,45.09435],[2.90091,45.0936],[2.89949,45.09392],[2.8986,45.09562],[2.89659,45.09594],[2.89655,45.09742],[2.89503,45.09751],[2.89352,45.09693],[2.89262,45.0973]]]}},{"type":"Feature","id":"fr-commune-15042","properties":{"id":"fr-commune-15042","name":"La Chapelle-Laurent","kind":"commune","center":[3.2395,45.1827],"code":"15042","department":"15"},"bbox":[3.20589,45.14754,3.27315,45.21795],"geometry":{"type":"Polygon","coordinates":[[[3.27211,45.20959],[3.27315,45.20847],[3.27239,45.20682],[3.27144,45.20615],[3.27178,45.20373],[3.2702,45.20308],[3.27081,45.19946],[3.26973,45.19733],[3.27009,45.19578],[3.27136,45.19509],[3.2708,45.19187],[3.27086,45.18977],[3.26859,45.1873],[3.26702,45.18814],[3.26487,45.18744],[3.26528,45.18585],[3.2647,45.18524],[3.26204,45.18478],[3.26086,45.18342],[3.2607,45.1821],[3.26213,45.18183],[3.2634,45.17767],[3.26299,45.17593],[3.26206,45.17545],[3.26065,45.17312],[3.26086,45.17071],[3.26208,45.17026],[3.26326,45.16742],[3.26316,45.16668],[3.26503,45.16293],[3.26452,45.1612],[3.2664,45.15961],[3.26877,45.15907],[3.27019,45.15696],[3.26838,45.15603],[3.26797,45.15406],[3.26767,45.15127],[3.26582,45.15111],[3.26068,45.14922],[3.25956,45.14931],[3.25806,45.14815],[3.25521,45.14754],[3.25435,45.14903],[3.25221,45.14863],[3.25059,45.14879],[3.24787,45.14985],[3.24731,45.14924],[3.24465,45.15023],[3.23787,45.14993],[3.23616,45.14949],[3.23456,45.15025],[3.23084,45.15093],[3.22942,45.15332],[3.22889,45.15636],[3.22807,45.15803],[3.22997,45.15808],[3.23135,45.15874],[3.22973,45.15943],[3.23246,45.16169],[3.23252,45.16248],[3.22969,45.16265],[3.22598,45.16456],[3.2253,45.16608],[3.22316,45.16742],[3.22183,45.1689],[3.22112,45.16761],[3.21722,45.16674],[3.21715,45.17078],[3.21446,45.17241],[3.21123,45.17219],[3.21093,45.17346],[3.20861,45.17431],[3.20748,45.17736],[3.20589,45.17895],[3.2062,45.17938],[3.20933,45.18001],[3.21065,45.1814],[3.21028,45.18283],[3.21193,45.18309],[3.21444,45.18579],[3.21402,45.18624],[3.21103,45.1864],[3.20959,45.18714],[3.21087,45.18791],[3.21304,45.19099],[3.2171,45.19031],[3.21869,45.1912],[3.21945,45.19248],[3.22105,45.1928],[3.22155,45.19567],[3.22097,45.19696],[3.21989,45.19695],[3.21825,45.19993],[3.21627,45.19949],[3.21591,45.20125],[3.21701,45.20304],[3.2158,45.20348],[3.21626,45.20471],[3.21552,45.20539],[3.21491,45.20733],[3.21539,45.20908],[3.2136,45.20906],[3.2136,45.20992],[3.21692,45.20921],[3.21871,45.20973],[3.22068,45.20963],[3.22108,45.21094],[3.22198,45.21129],[3.22315,45.21303],[3.22147,45.21487],[3.22085,45.21643],[3.22168,45.2166],[3.22189,45.21795],[3.22637,45.21645],[3.22765,45.2146],[3.23121,45.21165],[3.23381,45.21035],[3.23541,45.20855],[3.23822,45.20938],[3.23951,45.21023],[3.24226,45.20982],[3.24503,45.21219],[3.24604,45.21227],[3.24691,45.21424],[3.24693,45.21559],[3.24682,45.21649],[3.24899,45.2172],[3.25018,45.21611],[3.25204,45.21663],[3.25223,45.21579],[3.25455,45.21628],[3.25489,45.21498],[3.25301,45.21415],[3.25221,45.21215],[3.25236,45.2111],[3.25527,45.21003],[3.25575,45.21094],[3.25777,45.21206],[3.2594,45.21219],[3.2612,45.21333],[3.26287,45.2136],[3.26414,45.21295],[3.26736,45.21275],[3.2691,45.21124],[3.26971,45.20912],[3.27211,45.20959]]]}},{"type":"Feature","id":"fr-commune-15043","properties":{"id":"fr-commune-15043","name":"Charmensac","kind":"commune","center":[3.0742,45.2255],"code":"15043","department":"15"},"bbox":[3.03643,45.19978,3.11147,45.25163],"geometry":{"type":"Polygon","coordinates":[[[3.06556,45.25081],[3.06395,45.24923],[3.06366,45.248],[3.06163,45.24546],[3.06243,45.24505],[3.06889,45.24542],[3.07043,45.24622],[3.07225,45.24481],[3.07235,45.24247],[3.07316,45.24124],[3.0714,45.24046],[3.07252,45.23964],[3.07123,45.23888],[3.07281,45.23792],[3.07434,45.23827],[3.07474,45.23738],[3.08703,45.23947],[3.08721,45.23873],[3.08605,45.23761],[3.08829,45.23657],[3.09743,45.23687],[3.09741,45.23738],[3.10013,45.23759],[3.10205,45.23709],[3.10313,45.23591],[3.10143,45.2347],[3.10235,45.2331],[3.10363,45.23327],[3.10495,45.23263],[3.10629,45.23294],[3.10717,45.23203],[3.10927,45.23206],[3.11147,45.23056],[3.11057,45.22973],[3.10889,45.22941],[3.1086,45.22874],[3.10941,45.22684],[3.10851,45.22622],[3.10408,45.22408],[3.10266,45.22505],[3.1018,45.22455],[3.10191,45.22315],[3.10119,45.22185],[3.09877,45.22142],[3.10097,45.2196],[3.09904,45.2185],[3.10112,45.21664],[3.10079,45.21601],[3.09863,45.21589],[3.09899,45.21494],[3.09756,45.21239],[3.09588,45.21074],[3.09289,45.20527],[3.09122,45.20362],[3.09093,45.20148],[3.08849,45.20056],[3.08733,45.19978],[3.08449,45.20041],[3.08565,45.20131],[3.08466,45.20334],[3.08197,45.20331],[3.08022,45.20521],[3.07842,45.20419],[3.07799,45.20514],[3.07623,45.20537],[3.07502,45.20501],[3.0721,45.20688],[3.07331,45.20759],[3.07452,45.20732],[3.07581,45.20861],[3.07569,45.2096],[3.07291,45.21057],[3.07004,45.21018],[3.06908,45.20965],[3.07002,45.20843],[3.06803,45.20763],[3.06709,45.20872],[3.06524,45.2085],[3.06504,45.20756],[3.0629,45.20747],[3.06321,45.20888],[3.06603,45.21012],[3.06432,45.21112],[3.06155,45.211],[3.06084,45.21235],[3.05862,45.21268],[3.05648,45.21477],[3.05573,45.21702],[3.05735,45.2193],[3.05666,45.21976],[3.05352,45.21816],[3.05254,45.21848],[3.05641,45.22026],[3.05864,45.22042],[3.05806,45.22435],[3.05537,45.22668],[3.05433,45.22703],[3.05283,45.22942],[3.05029,45.23097],[3.04886,45.2323],[3.04768,45.23233],[3.0465,45.23473],[3.04383,45.23614],[3.04208,45.23556],[3.03878,45.23633],[3.03811,45.23901],[3.03643,45.23904],[3.0383,45.24085],[3.0405,45.24105],[3.04287,45.24211],[3.04452,45.24192],[3.04695,45.24305],[3.04779,45.24411],[3.04926,45.24423],[3.04976,45.24299],[3.05237,45.24448],[3.05258,45.2459],[3.05154,45.24695],[3.05125,45.24818],[3.05251,45.24911],[3.05313,45.24794],[3.05598,45.24729],[3.05798,45.24867],[3.05761,45.24962],[3.05852,45.25132],[3.05993,45.25163],[3.06556,45.25081]]]}},{"type":"Feature","id":"fr-commune-15045","properties":{"id":"fr-commune-15045","name":"Chaudes-Aigues","kind":"commune","center":[3.0057,44.8423],"code":"15045","department":"15"},"bbox":[2.94772,44.78975,3.0637,44.8948],"geometry":{"type":"Polygon","coordinates":[[[3.03122,44.82061],[3.02339,44.81743],[3.02164,44.81889],[3.01905,44.82025],[3.01674,44.82032],[3.01424,44.82281],[3.01341,44.8221],[3.01533,44.81822],[3.01453,44.81764],[3.01099,44.81915],[3.00799,44.81744],[3.00667,44.81572],[3.00603,44.81225],[3.00549,44.81147],[3.00617,44.80753],[3.00438,44.80623],[3.00396,44.80412],[3.00055,44.80368],[2.99956,44.80182],[2.99681,44.80215],[2.99797,44.79732],[2.99769,44.7971],[2.99859,44.79161],[2.99904,44.79037],[2.98829,44.78975],[2.98557,44.79054],[2.98507,44.79294],[2.9821,44.79632],[2.98045,44.79697],[2.97998,44.79775],[2.98021,44.79999],[2.9799,44.80262],[2.97816,44.80422],[2.97788,44.80636],[2.97673,44.80778],[2.97709,44.81046],[2.97672,44.81143],[2.9732,44.81269],[2.97242,44.81389],[2.97004,44.81555],[2.9671,44.81706],[2.96663,44.81929],[2.96532,44.82201],[2.96684,44.82356],[2.967,44.82462],[2.9661,44.82588],[2.96459,44.82663],[2.96376,44.82792],[2.95976,44.82888],[2.95935,44.82948],[2.96007,44.83136],[2.95993,44.83296],[2.96151,44.833],[2.963,44.83433],[2.9623,44.83498],[2.96101,44.83943],[2.95676,44.84006],[2.95401,44.84206],[2.95171,44.84234],[2.94946,44.8443],[2.94772,44.84672],[2.94983,44.84802],[2.95065,44.84734],[2.95217,44.84805],[2.9513,44.84918],[2.95391,44.85146],[2.95523,44.85182],[2.95574,44.85271],[2.95527,44.85554],[2.95292,44.8569],[2.95114,44.85921],[2.95173,44.86082],[2.95281,44.86159],[2.95333,44.86285],[2.95126,44.86461],[2.95447,44.86483],[2.95507,44.8659],[2.95737,44.86746],[2.95699,44.86804],[2.9587,44.8694],[2.95925,44.87217],[2.96042,44.87237],[2.96046,44.875],[2.9612,44.87581],[2.96012,44.8771],[2.96119,44.87824],[2.96095,44.88105],[2.96415,44.88063],[2.96711,44.88095],[2.96812,44.88141],[2.97009,44.88375],[2.97201,44.88533],[2.9743,44.88593],[2.97583,44.88501],[2.97534,44.88333],[2.97641,44.88265],[2.97912,44.88394],[2.98181,44.88638],[2.9846,44.88706],[2.98612,44.88705],[2.99196,44.88454],[2.99485,44.88469],[2.99574,44.88623],[2.99407,44.88729],[2.99385,44.88868],[2.99485,44.88967],[2.99884,44.89063],[3.00046,44.89071],[3.0031,44.8916],[3.00427,44.8924],[3.00609,44.8948],[3.00923,44.89367],[3.01178,44.89333],[3.01496,44.89181],[3.01692,44.89018],[3.02004,44.8905],[3.02152,44.88937],[3.02133,44.8873],[3.02187,44.88441],[3.02677,44.88096],[3.02914,44.88127],[3.03068,44.88112],[3.03206,44.88022],[3.03327,44.87567],[3.03383,44.87484],[3.03305,44.87297],[3.03083,44.87111],[3.03376,44.87117],[3.03832,44.86902],[3.04173,44.86895],[3.04132,44.86698],[3.04003,44.86437],[3.04147,44.86351],[3.04641,44.8643],[3.05039,44.86297],[3.05299,44.8634],[3.05621,44.86311],[3.06021,44.86184],[3.06127,44.86098],[3.06178,44.85953],[3.0623,44.85779],[3.0637,44.85649],[3.06144,44.85449],[3.06278,44.85406],[3.06279,44.85289],[3.05951,44.85404],[3.05729,44.85387],[3.05703,44.85302],[3.05489,44.85282],[3.05409,44.85187],[3.05209,44.85145],[3.04962,44.85045],[3.05084,44.8487],[3.05045,44.84775],[3.04752,44.84611],[3.0453,44.84527],[3.04431,44.84676],[3.04238,44.84669],[3.03955,44.84575],[3.03935,44.84458],[3.03771,44.84219],[3.03465,44.83987],[3.03224,44.83835],[3.03127,44.83687],[3.02962,44.83527],[3.02917,44.83242],[3.02728,44.82832],[3.02724,44.8264],[3.0286,44.82475],[3.02934,44.82273],[3.03122,44.82061]]]}},{"type":"Feature","id":"fr-commune-15046","properties":{"id":"fr-commune-15046","name":"Chaussenac","kind":"commune","center":[2.2686,45.1726],"code":"15046","department":"15"},"bbox":[2.23102,45.14398,2.3043,45.2011],"geometry":{"type":"Polygon","coordinates":[[[2.23102,45.20083],[2.23505,45.2011],[2.23644,45.19917],[2.2407,45.20012],[2.24185,45.20071],[2.24377,45.2008],[2.24668,45.19879],[2.249,45.19797],[2.25109,45.19795],[2.25333,45.19653],[2.25556,45.19635],[2.25789,45.19686],[2.25977,45.1953],[2.26139,45.19496],[2.26465,45.19498],[2.26688,45.19595],[2.26833,45.1953],[2.26876,45.19394],[2.26978,45.19265],[2.27118,45.19223],[2.27687,45.19212],[2.27933,45.19064],[2.28205,45.19046],[2.28434,45.18926],[2.28603,45.18796],[2.28908,45.18491],[2.28997,45.18593],[2.29348,45.18701],[2.29561,45.18831],[2.2957,45.18953],[2.29869,45.1898],[2.30217,45.19204],[2.30308,45.19007],[2.30022,45.18922],[2.30079,45.18854],[2.303,45.18913],[2.3028,45.18814],[2.30113,45.18727],[2.30022,45.18558],[2.30029,45.18324],[2.29927,45.18153],[2.30029,45.1809],[2.30184,45.18165],[2.3029,45.18045],[2.30158,45.17895],[2.30357,45.17794],[2.3043,45.17657],[2.30228,45.17574],[2.30157,45.17313],[2.29966,45.17181],[2.29784,45.1714],[2.2985,45.169],[2.29629,45.16839],[2.2973,45.16741],[2.29768,45.16601],[2.29621,45.16627],[2.29508,45.1673],[2.29271,45.16651],[2.28995,45.16382],[2.29239,45.1633],[2.29077,45.16168],[2.29268,45.16052],[2.29424,45.16032],[2.29563,45.15867],[2.29612,45.15721],[2.2935,45.1567],[2.29217,45.1534],[2.29433,45.15093],[2.29395,45.15035],[2.29192,45.15093],[2.29106,45.14769],[2.28998,45.14913],[2.28892,45.14877],[2.28882,45.14761],[2.28764,45.14686],[2.28429,45.14746],[2.28417,45.14652],[2.28194,45.14553],[2.28293,45.14455],[2.28088,45.14398],[2.28077,45.14538],[2.27785,45.1446],[2.27512,45.14706],[2.27683,45.14836],[2.27752,45.15025],[2.27624,45.1505],[2.27553,45.15137],[2.27642,45.15214],[2.2784,45.15184],[2.27771,45.1541],[2.27891,45.1558],[2.27613,45.15694],[2.2759,45.15757],[2.27709,45.15876],[2.27729,45.16025],[2.27497,45.16114],[2.26957,45.16152],[2.2691,45.16046],[2.26734,45.16158],[2.2661,45.16189],[2.26741,45.16399],[2.26335,45.16302],[2.26279,45.16383],[2.26355,45.16527],[2.2612,45.16596],[2.26091,45.16675],[2.25893,45.16765],[2.25775,45.16727],[2.25284,45.16877],[2.25,45.1688],[2.24909,45.17042],[2.24757,45.17046],[2.24862,45.17225],[2.24742,45.17563],[2.2473,45.17717],[2.24519,45.17933],[2.24561,45.18077],[2.24723,45.18051],[2.24858,45.18231],[2.24813,45.18294],[2.24788,45.18554],[2.24613,45.18716],[2.24588,45.18845],[2.24501,45.18895],[2.24302,45.18867],[2.24139,45.18899],[2.23967,45.19052],[2.23838,45.19073],[2.2372,45.19165],[2.23693,45.19354],[2.23634,45.19429],[2.2336,45.19564],[2.23255,45.19807],[2.23102,45.20083]]]}},{"type":"Feature","id":"fr-commune-15047","properties":{"id":"fr-commune-15047","name":"Chavagnac","kind":"commune","center":[2.8757,45.1629],"code":"15047","department":"15"},"bbox":[2.84041,45.13603,2.91094,45.18984],"geometry":{"type":"Polygon","coordinates":[[[2.90154,45.187],[2.90681,45.18707],[2.91063,45.18588],[2.91094,45.18503],[2.90943,45.18085],[2.90592,45.17897],[2.90508,45.17785],[2.90508,45.17673],[2.90354,45.17647],[2.90448,45.17511],[2.90657,45.17461],[2.90856,45.17321],[2.9097,45.17308],[2.91016,45.17139],[2.90832,45.17158],[2.90852,45.1728],[2.90751,45.17303],[2.90496,45.17259],[2.90281,45.17405],[2.90179,45.17354],[2.90181,45.17119],[2.90317,45.17152],[2.90506,45.17012],[2.9041,45.16922],[2.90257,45.16869],[2.90326,45.16774],[2.90105,45.16517],[2.90104,45.16389],[2.90027,45.16128],[2.902,45.15882],[2.9019,45.15817],[2.90359,45.15728],[2.90488,45.15583],[2.90257,45.15493],[2.9016,45.15309],[2.90343,45.15191],[2.90456,45.15037],[2.90396,45.1484],[2.90072,45.14831],[2.89957,45.14729],[2.90031,45.14562],[2.89886,45.14451],[2.89522,45.14582],[2.89497,45.14357],[2.89648,45.14327],[2.89595,45.14177],[2.89872,45.14094],[2.8994,45.13985],[2.89922,45.13856],[2.89794,45.13731],[2.89812,45.13603],[2.89488,45.13661],[2.89446,45.1377],[2.89299,45.13774],[2.893,45.13882],[2.89112,45.13922],[2.88839,45.14131],[2.88566,45.14191],[2.88064,45.14361],[2.87809,45.14312],[2.86691,45.14585],[2.86512,45.14678],[2.86423,45.14731],[2.86362,45.14891],[2.86384,45.1502],[2.86313,45.15161],[2.85941,45.15174],[2.85679,45.15149],[2.8549,45.15164],[2.85482,45.15075],[2.85154,45.14911],[2.84899,45.14842],[2.84732,45.14829],[2.84542,45.14947],[2.84173,45.14877],[2.84066,45.14963],[2.84041,45.15206],[2.84118,45.15268],[2.8426,45.15506],[2.84897,45.15535],[2.84994,45.15782],[2.85344,45.15862],[2.85447,45.15978],[2.85429,45.16145],[2.85551,45.16266],[2.85824,45.16246],[2.85927,45.16493],[2.86228,45.16933],[2.86608,45.17061],[2.86727,45.17216],[2.86763,45.17347],[2.86879,45.17505],[2.87041,45.17833],[2.87227,45.18008],[2.87326,45.18325],[2.87748,45.18372],[2.87741,45.18483],[2.88003,45.18652],[2.88191,45.18984],[2.8867,45.18888],[2.88986,45.18862],[2.90026,45.1871],[2.90154,45.187]]]}},{"type":"Feature","id":"fr-commune-15048","properties":{"id":"fr-commune-15048","name":"Chazelles","kind":"commune","center":[3.3313,45.1066],"code":"15048","department":"15"},"bbox":[3.30099,45.09504,3.36202,45.11848],"geometry":{"type":"Polygon","coordinates":[[[3.31431,45.11816],[3.32155,45.11644],[3.3215,45.11526],[3.32602,45.11526],[3.32699,45.11412],[3.32801,45.11484],[3.32899,45.11415],[3.32696,45.11196],[3.32937,45.11136],[3.33075,45.10979],[3.33185,45.1114],[3.33466,45.11114],[3.33866,45.11167],[3.34305,45.11165],[3.34776,45.11267],[3.34991,45.11251],[3.35181,45.11196],[3.35166,45.11073],[3.35004,45.10812],[3.35159,45.10644],[3.35038,45.1063],[3.35053,45.10428],[3.35244,45.10472],[3.35344,45.10372],[3.35771,45.10449],[3.35815,45.10375],[3.36032,45.10464],[3.36202,45.10419],[3.35832,45.10119],[3.35504,45.10143],[3.35466,45.10042],[3.35016,45.10122],[3.34835,45.10065],[3.34567,45.10088],[3.34625,45.1029],[3.34452,45.10213],[3.34391,45.10015],[3.34257,45.09954],[3.34189,45.10067],[3.34022,45.10039],[3.33866,45.09831],[3.33436,45.09755],[3.33281,45.09766],[3.3308,45.09671],[3.33057,45.09604],[3.3284,45.09561],[3.32853,45.09504],[3.32694,45.09558],[3.32579,45.09514],[3.32295,45.09629],[3.32146,45.0981],[3.31899,45.09879],[3.30979,45.0999],[3.30543,45.10111],[3.30634,45.10259],[3.30338,45.1024],[3.30472,45.10641],[3.30213,45.10643],[3.30099,45.10685],[3.30185,45.10929],[3.30313,45.1109],[3.30712,45.11257],[3.31122,45.11449],[3.31148,45.11848],[3.31211,45.11846],[3.31431,45.11816]]]}},{"type":"Feature","id":"fr-commune-15049","properties":{"id":"fr-commune-15049","name":"Cheylade","kind":"commune","center":[2.7097,45.2087],"code":"15049","department":"15"},"bbox":[2.65328,45.16443,2.76621,45.25295],"geometry":{"type":"Polygon","coordinates":[[[2.72789,45.24792],[2.7291,45.24858],[2.72911,45.24953],[2.73007,45.25065],[2.72963,45.25182],[2.73505,45.25207],[2.73601,45.25247],[2.74091,45.25295],[2.74084,45.25187],[2.74256,45.25173],[2.74476,45.25263],[2.74594,45.2514],[2.74706,45.24948],[2.74919,45.24919],[2.74989,45.24721],[2.74909,45.24653],[2.74939,45.24504],[2.74692,45.2452],[2.74748,45.24228],[2.74941,45.24076],[2.75036,45.23943],[2.75157,45.23874],[2.7531,45.23869],[2.75399,45.23927],[2.75579,45.23931],[2.75766,45.23822],[2.75717,45.23535],[2.75869,45.23538],[2.75876,45.23678],[2.76029,45.23731],[2.75979,45.23884],[2.76032,45.24069],[2.75866,45.24204],[2.7609,45.24343],[2.76072,45.24442],[2.76298,45.24488],[2.76406,45.24329],[2.76548,45.24225],[2.76621,45.24052],[2.76368,45.23521],[2.76177,45.23038],[2.75792,45.23006],[2.75448,45.22877],[2.75424,45.22796],[2.75496,45.2266],[2.75492,45.22496],[2.75347,45.22362],[2.75269,45.22227],[2.75091,45.22092],[2.74984,45.2191],[2.75071,45.21831],[2.74919,45.21662],[2.7441,45.2172],[2.73901,45.21734],[2.73828,45.21475],[2.73846,45.21228],[2.75342,45.21255],[2.75021,45.20793],[2.75056,45.20365],[2.75176,45.20225],[2.75917,45.20112],[2.75863,45.19888],[2.7567,45.19805],[2.75552,45.19823],[2.75452,45.19361],[2.75485,45.19276],[2.75325,45.19145],[2.75346,45.19049],[2.75234,45.18939],[2.75276,45.18773],[2.75114,45.18404],[2.75186,45.18234],[2.75311,45.18129],[2.75452,45.17849],[2.75454,45.17335],[2.75386,45.17237],[2.75172,45.17245],[2.74823,45.17257],[2.74506,45.17401],[2.7434,45.17407],[2.74073,45.17606],[2.74019,45.17428],[2.73877,45.1719],[2.73508,45.17235],[2.73476,45.1719],[2.73196,45.17191],[2.73115,45.17117],[2.72945,45.17193],[2.72669,45.1719],[2.72352,45.17298],[2.71633,45.17435],[2.71474,45.1739],[2.7129,45.17449],[2.71136,45.17436],[2.71193,45.17736],[2.70923,45.17697],[2.70902,45.17593],[2.70581,45.17206],[2.70346,45.17223],[2.69849,45.17103],[2.69844,45.17274],[2.69261,45.17425],[2.68964,45.17535],[2.68871,45.17607],[2.68688,45.17426],[2.68658,45.1716],[2.68514,45.17018],[2.68179,45.16906],[2.67946,45.16727],[2.67701,45.16647],[2.67582,45.16573],[2.6696,45.16443],[2.66685,45.16492],[2.6654,45.16591],[2.65922,45.16498],[2.6558,45.16576],[2.65328,45.16959],[2.65329,45.17197],[2.65812,45.172],[2.66203,45.17178],[2.66333,45.17198],[2.66464,45.17303],[2.6668,45.17661],[2.66946,45.17988],[2.67154,45.18286],[2.67555,45.18383],[2.67715,45.18531],[2.67897,45.18912],[2.68047,45.19156],[2.68152,45.19485],[2.68135,45.19785],[2.68048,45.20127],[2.67922,45.20258],[2.6803,45.20294],[2.68539,45.20297],[2.69003,45.20079],[2.69227,45.20195],[2.69324,45.2014],[2.69353,45.20011],[2.69671,45.20099],[2.69837,45.20067],[2.69887,45.19968],[2.70058,45.1991],[2.70037,45.19639],[2.70165,45.19707],[2.704,45.1968],[2.70426,45.19783],[2.70662,45.1976],[2.70661,45.19692],[2.70929,45.19714],[2.70984,45.20083],[2.71113,45.20186],[2.70971,45.20352],[2.70825,45.20353],[2.70654,45.20574],[2.70617,45.20754],[2.70414,45.20836],[2.70632,45.21001],[2.70683,45.211],[2.70524,45.2124],[2.70569,45.21352],[2.70799,45.21289],[2.70608,45.21492],[2.70705,45.21622],[2.70641,45.21689],[2.70755,45.21824],[2.70953,45.2172],[2.71234,45.21741],[2.7126,45.21849],[2.71425,45.2188],[2.71503,45.22015],[2.71629,45.21929],[2.7177,45.21996],[2.71956,45.22009],[2.7198,45.21874],[2.7214,45.21878],[2.72202,45.21684],[2.7231,45.21697],[2.7233,45.21819],[2.72527,45.21782],[2.72583,45.21651],[2.72806,45.21583],[2.72807,45.21758],[2.72874,45.2228],[2.72983,45.22393],[2.73244,45.22347],[2.73402,45.22221],[2.73587,45.22292],[2.74088,45.22134],[2.7435,45.22228],[2.74464,45.22398],[2.74568,45.22411],[2.74608,45.22651],[2.74249,45.23135],[2.74039,45.23228],[2.74052,45.2337],[2.73767,45.2332],[2.73517,45.23403],[2.73345,45.23309],[2.73218,45.23382],[2.7313,45.23499],[2.73138,45.23827],[2.72973,45.23832],[2.72904,45.2411],[2.72887,45.24186],[2.73014,45.24273],[2.73389,45.24419],[2.73404,45.24506],[2.73209,45.24711],[2.72979,45.24678],[2.72789,45.24792]]]}},{"type":"Feature","id":"fr-commune-15050","properties":{"id":"fr-commune-15050","name":"Le Claux","kind":"commune","center":[2.7038,45.1433],"code":"15050","department":"15"},"bbox":[2.6558,45.10929,2.75172,45.17736],"geometry":{"type":"Polygon","coordinates":[[[2.67613,45.10929],[2.67495,45.10985],[2.67222,45.11338],[2.66964,45.11847],[2.67111,45.12143],[2.67365,45.12335],[2.67324,45.1252],[2.6726,45.13066],[2.67265,45.13246],[2.67343,45.13525],[2.67306,45.13737],[2.66872,45.14056],[2.66787,45.14289],[2.66752,45.14487],[2.66789,45.14593],[2.66728,45.15039],[2.66582,45.15102],[2.66278,45.15305],[2.65952,45.16192],[2.65826,45.16364],[2.6558,45.16576],[2.65922,45.16498],[2.6654,45.16591],[2.66685,45.16492],[2.6696,45.16443],[2.67582,45.16573],[2.67701,45.16647],[2.67946,45.16727],[2.68179,45.16906],[2.68514,45.17018],[2.68658,45.1716],[2.68688,45.17426],[2.68871,45.17607],[2.68964,45.17535],[2.69261,45.17425],[2.69844,45.17274],[2.69849,45.17103],[2.70346,45.17223],[2.70581,45.17206],[2.70902,45.17593],[2.70923,45.17697],[2.71193,45.17736],[2.71136,45.17436],[2.7129,45.17449],[2.71474,45.1739],[2.71633,45.17435],[2.72352,45.17298],[2.72669,45.1719],[2.72945,45.17193],[2.73115,45.17117],[2.73196,45.17191],[2.73476,45.1719],[2.73508,45.17235],[2.73877,45.1719],[2.74019,45.17428],[2.74073,45.17606],[2.7434,45.17407],[2.74506,45.17401],[2.74823,45.17257],[2.75172,45.17245],[2.75095,45.17018],[2.74963,45.16752],[2.74619,45.16273],[2.74296,45.15855],[2.74056,45.15455],[2.73805,45.1509],[2.73694,45.14974],[2.73465,45.14851],[2.73448,45.14796],[2.73028,45.14547],[2.72745,45.14359],[2.72554,45.14297],[2.72273,45.14117],[2.71691,45.13952],[2.71553,45.13768],[2.71289,45.13618],[2.71156,45.13599],[2.71113,45.13517],[2.70759,45.13319],[2.70401,45.13143],[2.70071,45.12932],[2.69998,45.1282],[2.69772,45.12606],[2.69599,45.1249],[2.69496,45.12202],[2.69108,45.11678],[2.69078,45.11563],[2.68932,45.11343],[2.68714,45.11326],[2.68414,45.11111],[2.6767,45.10929],[2.67613,45.10929]]]}},{"type":"Feature","id":"fr-commune-15051","properties":{"id":"fr-commune-15051","name":"Clavières","kind":"commune","center":[3.3137,44.9926],"code":"15051","department":"15"},"bbox":[3.25606,44.95456,3.37145,45.03069],"geometry":{"type":"Polygon","coordinates":[[[3.37145,45.00231],[3.37049,45.00098],[3.36792,44.99907],[3.36831,44.99487],[3.36591,44.9929],[3.36486,44.99071],[3.36287,44.98948],[3.36025,44.98958],[3.35844,44.98929],[3.35572,44.98961],[3.35433,44.98886],[3.35296,44.98913],[3.34955,44.98802],[3.34691,44.98758],[3.34547,44.98598],[3.34548,44.98509],[3.34751,44.98254],[3.34665,44.98092],[3.34914,44.97664],[3.34778,44.97554],[3.34788,44.97388],[3.3533,44.97274],[3.36135,44.97141],[3.35807,44.96523],[3.35727,44.96298],[3.35538,44.96016],[3.35549,44.95882],[3.35464,44.95486],[3.35351,44.95456],[3.34764,44.95547],[3.34292,44.95555],[3.33794,44.95591],[3.33651,44.96079],[3.33589,44.9616],[3.33207,44.96388],[3.33178,44.96533],[3.33402,44.96778],[3.33664,44.96861],[3.33816,44.97224],[3.33709,44.97261],[3.33353,44.97224],[3.33338,44.97098],[3.32609,44.96957],[3.32105,44.96733],[3.31738,44.96643],[3.31444,44.96736],[3.31235,44.96724],[3.31218,44.96887],[3.31067,44.96901],[3.31056,44.97],[3.30904,44.97083],[3.30727,44.97093],[3.30674,44.96819],[3.30451,44.96894],[3.30271,44.96904],[3.2995,44.96865],[3.29858,44.96654],[3.29749,44.96668],[3.29557,44.96612],[3.29295,44.96653],[3.29063,44.96522],[3.28832,44.96713],[3.28783,44.96826],[3.28484,44.97094],[3.28274,44.97093],[3.28026,44.96984],[3.27806,44.97198],[3.27711,44.9736],[3.27579,44.97463],[3.27332,44.97358],[3.26955,44.97065],[3.26974,44.9702],[3.26724,44.96926],[3.26582,44.97096],[3.26225,44.97156],[3.26201,44.97067],[3.25961,44.97096],[3.2586,44.97169],[3.25707,44.97024],[3.25606,44.97121],[3.2582,44.97205],[3.25876,44.97367],[3.26076,44.97681],[3.26041,44.97799],[3.26144,44.97856],[3.26105,44.97961],[3.26268,44.98065],[3.26431,44.983],[3.26497,44.98549],[3.26357,44.98568],[3.26158,44.98759],[3.25964,44.98895],[3.26104,44.98971],[3.26021,44.99036],[3.25852,44.99022],[3.25677,44.99204],[3.25634,44.99303],[3.25696,44.99468],[3.25635,44.99671],[3.25641,44.99753],[3.2576,44.99822],[3.26061,44.99907],[3.26235,44.99928],[3.26343,45.00004],[3.26403,45.00157],[3.26387,45.00416],[3.26316,45.0044],[3.25978,45.00199],[3.25956,45.00251],[3.26143,45.00379],[3.26162,45.00514],[3.26343,45.00575],[3.26388,45.00782],[3.26519,45.00811],[3.26629,45.00988],[3.26648,45.01112],[3.26867,45.0112],[3.26834,45.01198],[3.26624,45.0132],[3.26422,45.01363],[3.2637,45.01506],[3.26611,45.01473],[3.26696,45.01421],[3.27217,45.01869],[3.27842,45.02472],[3.27927,45.02697],[3.2859,45.02679],[3.28785,45.02709],[3.28999,45.02679],[3.29257,45.02544],[3.2952,45.0247],[3.29901,45.02308],[3.30199,45.02257],[3.30414,45.02363],[3.30564,45.0238],[3.30775,45.02341],[3.30983,45.02211],[3.31088,45.02039],[3.31322,45.02169],[3.31318,45.02281],[3.31607,45.0235],[3.31885,45.02474],[3.32091,45.0248],[3.32248,45.02723],[3.32512,45.02968],[3.32628,45.03043],[3.32789,45.03069],[3.33079,45.02928],[3.3319,45.02786],[3.33709,45.02538],[3.3354,45.02333],[3.32509,45.01029],[3.32486,45.0098],[3.32959,45.00803],[3.33159,45.00845],[3.33287,45.01017],[3.33847,45.01079],[3.34196,45.01262],[3.34558,45.01395],[3.34731,45.01435],[3.34849,45.01242],[3.3504,45.01254],[3.35034,45.00925],[3.35072,45.00916],[3.3497,45.00166],[3.35222,45.00203],[3.35383,45.00271],[3.35495,45.00226],[3.35851,45.00176],[3.36225,45.00228],[3.36674,45.00403],[3.36905,45.00531],[3.37003,45.00527],[3.37145,45.00231]]]}},{"type":"Feature","id":"fr-commune-15052","properties":{"id":"fr-commune-15052","name":"Collandres","kind":"commune","center":[2.6387,45.213],"code":"15052","department":"15"},"bbox":[2.5969,45.17178,2.68047,45.25416],"geometry":{"type":"Polygon","coordinates":[[[2.62507,45.17686],[2.62476,45.17808],[2.62368,45.17911],[2.62014,45.18344],[2.61558,45.18629],[2.61928,45.18862],[2.61529,45.19447],[2.61213,45.19839],[2.61098,45.1993],[2.60844,45.20029],[2.60692,45.20021],[2.60253,45.20067],[2.60164,45.20157],[2.59986,45.20112],[2.5972,45.20365],[2.59918,45.2049],[2.59874,45.2054],[2.60014,45.20692],[2.6025,45.20773],[2.60524,45.20953],[2.60702,45.21005],[2.60637,45.21465],[2.60485,45.21634],[2.60595,45.21829],[2.60736,45.21949],[2.6077,45.22146],[2.60738,45.22318],[2.6064,45.22387],[2.60594,45.22545],[2.60491,45.2268],[2.59771,45.23109],[2.59772,45.23375],[2.59842,45.2364],[2.5969,45.23843],[2.59691,45.24018],[2.59775,45.2422],[2.59747,45.24458],[2.59904,45.24508],[2.60172,45.24669],[2.60229,45.24628],[2.6049,45.24628],[2.61008,45.24709],[2.6103,45.24569],[2.61168,45.245],[2.61135,45.24345],[2.60958,45.24172],[2.60973,45.24095],[2.60873,45.23923],[2.61219,45.23798],[2.61556,45.23708],[2.61616,45.24103],[2.61819,45.24121],[2.61881,45.24194],[2.61748,45.24299],[2.61686,45.24512],[2.61544,45.24612],[2.6152,45.25044],[2.61582,45.25246],[2.61691,45.2534],[2.61933,45.25326],[2.62277,45.25392],[2.62252,45.25271],[2.62379,45.25167],[2.62462,45.25311],[2.62711,45.25391],[2.63112,45.25342],[2.635,45.2535],[2.63558,45.25327],[2.63991,45.25416],[2.64138,45.25237],[2.64264,45.25177],[2.64332,45.24934],[2.64575,45.25005],[2.64753,45.25009],[2.64873,45.24896],[2.64944,45.25004],[2.65102,45.24805],[2.65389,45.24791],[2.65529,45.2493],[2.657,45.24925],[2.65616,45.25128],[2.65914,45.25284],[2.66085,45.25293],[2.66136,45.25221],[2.66314,45.25216],[2.66322,45.254],[2.66494,45.25409],[2.66557,45.25346],[2.66843,45.25228],[2.66957,45.25227],[2.67268,45.25056],[2.67466,45.25024],[2.67497,45.24857],[2.67425,45.24781],[2.67481,45.24618],[2.67529,45.24273],[2.67958,45.23832],[2.68047,45.23699],[2.67338,45.23522],[2.67126,45.23398],[2.67043,45.23284],[2.67073,45.23059],[2.66882,45.23078],[2.66815,45.22803],[2.66681,45.2271],[2.66631,45.22589],[2.6679,45.22471],[2.66757,45.22371],[2.6691,45.22322],[2.67055,45.22187],[2.66966,45.22082],[2.67243,45.21543],[2.67336,45.21421],[2.67494,45.21123],[2.67619,45.20794],[2.67788,45.20209],[2.67586,45.19982],[2.67455,45.19918],[2.67403,45.19816],[2.67344,45.19464],[2.67451,45.19274],[2.67688,45.19251],[2.6777,45.19206],[2.68047,45.19156],[2.67897,45.18912],[2.67715,45.18531],[2.67555,45.18383],[2.67154,45.18286],[2.66946,45.17988],[2.6668,45.17661],[2.66464,45.17303],[2.66333,45.17198],[2.66203,45.17178],[2.65812,45.172],[2.65329,45.17197],[2.6531,45.17238],[2.64838,45.17244],[2.64667,45.17271],[2.64405,45.17417],[2.64415,45.1762],[2.64327,45.18041],[2.64113,45.18008],[2.63763,45.18049],[2.63504,45.17803],[2.63309,45.17783],[2.6313,45.17639],[2.63009,45.17716],[2.62736,45.17744],[2.6255,45.1752],[2.62507,45.17686]]]}},{"type":"Feature","id":"fr-commune-15053","properties":{"id":"fr-commune-15053","name":"Coltines","kind":"commune","center":[2.9944,45.0939],"code":"15053","department":"15"},"bbox":[2.95877,45.06999,3.03032,45.11814],"geometry":{"type":"Polygon","coordinates":[[[2.99596,45.06999],[2.99522,45.07116],[2.99078,45.07173],[2.9864,45.0713],[2.98461,45.07067],[2.98295,45.07498],[2.97818,45.07543],[2.97795,45.07751],[2.97693,45.07737],[2.97287,45.07666],[2.96989,45.07759],[2.96836,45.08264],[2.96743,45.08467],[2.96743,45.08765],[2.96545,45.08737],[2.96615,45.09002],[2.96532,45.09067],[2.96447,45.0936],[2.96463,45.09517],[2.9639,45.09941],[2.96021,45.10007],[2.9593,45.10128],[2.95877,45.10306],[2.96286,45.10355],[2.96154,45.10477],[2.96228,45.1056],[2.96573,45.10394],[2.96647,45.10413],[2.97016,45.10384],[2.97575,45.10423],[2.97617,45.10486],[2.9841,45.10515],[2.9844,45.10739],[2.98593,45.1095],[2.98843,45.11203],[2.98941,45.11234],[2.99033,45.11381],[2.98755,45.1136],[2.98752,45.11579],[2.99118,45.11519],[2.99537,45.1155],[2.99881,45.11644],[3.00155,45.11672],[3.00614,45.11814],[3.00787,45.11747],[3.0096,45.11786],[3.00977,45.11683],[3.01174,45.11709],[3.01248,45.11665],[3.0108,45.11478],[3.01391,45.11344],[3.01401,45.11281],[3.01759,45.11224],[3.01919,45.11308],[3.01971,45.1122],[3.02137,45.11215],[3.02456,45.11288],[3.02514,45.11218],[3.02493,45.10997],[3.02809,45.10847],[3.03032,45.1053],[3.02733,45.10478],[3.02731,45.10402],[3.02551,45.10386],[3.02638,45.10218],[3.02394,45.10203],[3.02389,45.1011],[3.0203,45.10128],[3.01987,45.10069],[3.01785,45.10026],[3.01553,45.09817],[3.01752,45.09659],[3.01634,45.09604],[3.01636,45.09442],[3.01733,45.09295],[3.01721,45.09065],[3.02012,45.09052],[3.01908,45.08955],[3.02099,45.08841],[3.0229,45.0889],[3.02488,45.08884],[3.02676,45.08667],[3.02693,45.08483],[3.02913,45.08427],[3.0284,45.08254],[3.02937,45.08198],[3.02738,45.08037],[3.02889,45.07895],[3.02378,45.07653],[3.01627,45.07328],[3.01386,45.07566],[3.0117,45.07374],[3.00966,45.07265],[3.00875,45.07143],[3.00597,45.07238],[3.00367,45.07215],[3.00104,45.07103],[2.99804,45.07028],[2.9968,45.07124],[2.99596,45.06999]]]}},{"type":"Feature","id":"fr-commune-15054","properties":{"id":"fr-commune-15054","name":"Condat","kind":"commune","center":[2.7964,45.3493],"code":"15054","department":"15"},"bbox":[2.72822,45.31294,2.86465,45.38567],"geometry":{"type":"Polygon","coordinates":[[[2.78056,45.38567],[2.78514,45.38458],[2.78859,45.38394],[2.79105,45.38274],[2.79174,45.38145],[2.79337,45.38044],[2.7968,45.37921],[2.79893,45.37913],[2.80062,45.37838],[2.80091,45.37744],[2.80256,45.37515],[2.80483,45.37296],[2.80452,45.37192],[2.80943,45.37204],[2.80856,45.37091],[2.81139,45.37048],[2.80997,45.36966],[2.81002,45.36812],[2.81099,45.36611],[2.81521,45.36666],[2.81868,45.3667],[2.82082,45.36743],[2.82384,45.36635],[2.82364,45.36518],[2.82575,45.36394],[2.82738,45.36372],[2.82811,45.36507],[2.8301,45.36476],[2.83542,45.36504],[2.83463,45.36424],[2.83478,45.36283],[2.83654,45.36213],[2.83807,45.36241],[2.83922,45.3599],[2.84296,45.36046],[2.84509,45.36012],[2.8449,45.35948],[2.84621,45.3575],[2.84787,45.35642],[2.85092,45.35544],[2.85346,45.35386],[2.85676,45.35263],[2.86465,45.35079],[2.86368,45.34846],[2.86284,45.34738],[2.86048,45.34825],[2.85915,45.34816],[2.85768,45.34898],[2.85253,45.35044],[2.85449,45.34837],[2.85875,45.3474],[2.85862,45.34632],[2.85988,45.3447],[2.85637,45.3448],[2.85407,45.34419],[2.85425,45.34319],[2.85138,45.34343],[2.85001,45.33935],[2.85087,45.33507],[2.84686,45.33621],[2.84521,45.33626],[2.84516,45.33502],[2.84345,45.33501],[2.84088,45.33599],[2.83869,45.33616],[2.83691,45.33679],[2.83619,45.33917],[2.83392,45.34049],[2.83355,45.33955],[2.83058,45.3399],[2.82997,45.33799],[2.82825,45.33844],[2.8236,45.33805],[2.82192,45.33721],[2.81957,45.33745],[2.81975,45.33536],[2.81827,45.33467],[2.81744,45.3353],[2.81622,45.33463],[2.81781,45.33363],[2.81844,45.33237],[2.81628,45.33277],[2.81705,45.3294],[2.81823,45.32825],[2.8178,45.32732],[2.81535,45.32523],[2.81498,45.32346],[2.81415,45.32226],[2.81159,45.32362],[2.80926,45.32335],[2.80743,45.32451],[2.80435,45.3254],[2.80022,45.32557],[2.79935,45.32722],[2.79763,45.32774],[2.79785,45.32914],[2.7988,45.33054],[2.79722,45.33054],[2.79473,45.33131],[2.79218,45.33107],[2.78992,45.33294],[2.785,45.33382],[2.78351,45.33485],[2.78112,45.33085],[2.78409,45.32769],[2.78506,45.3276],[2.78612,45.32602],[2.78745,45.32507],[2.79094,45.32119],[2.78933,45.31975],[2.79124,45.31876],[2.79015,45.31818],[2.79199,45.31695],[2.79108,45.31502],[2.78846,45.31449],[2.78713,45.3158],[2.78446,45.3164],[2.78313,45.31294],[2.77963,45.31319],[2.77635,45.31415],[2.77545,45.31475],[2.77394,45.31472],[2.77198,45.31529],[2.7691,45.31442],[2.7683,45.31466],[2.7672,45.31562],[2.76786,45.31717],[2.76706,45.31911],[2.76661,45.32153],[2.76524,45.32215],[2.75936,45.32467],[2.75831,45.32441],[2.75717,45.32508],[2.75577,45.3279],[2.7541,45.3283],[2.75482,45.33065],[2.75311,45.33182],[2.75338,45.33312],[2.75126,45.3349],[2.75003,45.33552],[2.74902,45.33729],[2.74719,45.33686],[2.74563,45.33597],[2.74272,45.33695],[2.7413,45.33688],[2.74009,45.33764],[2.73928,45.34023],[2.73699,45.34116],[2.73327,45.34067],[2.73133,45.34156],[2.7303,45.34259],[2.72972,45.34422],[2.73053,45.34591],[2.72822,45.34926],[2.73368,45.3514],[2.73286,45.35275],[2.73032,45.35424],[2.73154,45.35509],[2.73268,45.35713],[2.73485,45.35688],[2.7404,45.35489],[2.74372,45.35497],[2.74475,45.35528],[2.74579,45.35392],[2.74818,45.3532],[2.74812,45.35556],[2.74906,45.35817],[2.75382,45.35888],[2.75557,45.3618],[2.75764,45.36795],[2.76002,45.36952],[2.76263,45.36987],[2.76883,45.37201],[2.77053,45.37232],[2.77228,45.37383],[2.77339,45.37385],[2.77647,45.3759],[2.77889,45.37674],[2.77926,45.37786],[2.77743,45.37899],[2.77801,45.38173],[2.78056,45.38567]]]}},{"type":"Feature","id":"fr-commune-15055","properties":{"id":"fr-commune-15055","name":"Coren","kind":"commune","center":[3.1021,45.0871],"code":"15055","department":"15"},"bbox":[3.07127,45.06139,3.13315,45.11284],"geometry":{"type":"Polygon","coordinates":[[[3.12203,45.06246],[3.12159,45.06391],[3.11994,45.06359],[3.1196,45.06459],[3.1166,45.06573],[3.11455,45.06385],[3.11511,45.06335],[3.11242,45.06226],[3.11072,45.06226],[3.10872,45.06322],[3.10669,45.06191],[3.1048,45.06216],[3.10348,45.06139],[3.10066,45.06179],[3.10089,45.063],[3.09874,45.06373],[3.09826,45.06527],[3.0973,45.06604],[3.09103,45.0672],[3.09132,45.071],[3.09313,45.07179],[3.09266,45.07284],[3.09322,45.07507],[3.09158,45.07503],[3.09185,45.07601],[3.09014,45.07643],[3.09144,45.07919],[3.09264,45.07981],[3.09166,45.08074],[3.08918,45.08044],[3.08816,45.08302],[3.08499,45.0852],[3.08346,45.08315],[3.08125,45.08643],[3.07999,45.08711],[3.08061,45.08845],[3.0789,45.08923],[3.08041,45.08998],[3.08023,45.09077],[3.07858,45.09225],[3.07852,45.09046],[3.07673,45.08992],[3.07623,45.0906],[3.07796,45.09115],[3.07618,45.09191],[3.07282,45.09269],[3.0719,45.09296],[3.07219,45.09431],[3.07127,45.09594],[3.07139,45.09751],[3.07288,45.09943],[3.0769,45.09867],[3.07827,45.09793],[3.08081,45.09743],[3.08055,45.09575],[3.08359,45.09528],[3.08467,45.09596],[3.08326,45.09665],[3.08469,45.09742],[3.08624,45.09715],[3.08804,45.09584],[3.09267,45.09555],[3.09365,45.09639],[3.09327,45.09748],[3.0917,45.0991],[3.09233,45.10153],[3.09311,45.10195],[3.09314,45.10369],[3.0945,45.10448],[3.09671,45.10504],[3.09808,45.10465],[3.09815,45.10699],[3.10008,45.10816],[3.10072,45.10939],[3.10192,45.10997],[3.10356,45.10974],[3.10487,45.11044],[3.10651,45.10985],[3.10734,45.10828],[3.11293,45.10935],[3.11603,45.11111],[3.12125,45.1128],[3.12272,45.11284],[3.12702,45.11181],[3.12913,45.11042],[3.13201,45.10931],[3.13306,45.1076],[3.13176,45.10652],[3.13209,45.10483],[3.131,45.10384],[3.13231,45.10297],[3.13144,45.10116],[3.13184,45.09989],[3.13202,45.09721],[3.13315,45.09489],[3.13176,45.09443],[3.13101,45.0933],[3.12921,45.09237],[3.12564,45.08919],[3.12476,45.08802],[3.12791,45.08767],[3.12853,45.0872],[3.12763,45.08595],[3.1297,45.08584],[3.12971,45.08478],[3.12776,45.08332],[3.12666,45.08055],[3.1287,45.07955],[3.12707,45.07909],[3.12745,45.0776],[3.12706,45.07521],[3.12829,45.07444],[3.12956,45.07439],[3.1291,45.07301],[3.12964,45.07194],[3.12821,45.07135],[3.12999,45.07045],[3.12907,45.06722],[3.12716,45.06708],[3.12808,45.06511],[3.12637,45.06562],[3.12468,45.06428],[3.12521,45.06276],[3.12372,45.06181],[3.12203,45.06246]]]}},{"type":"Feature","id":"fr-commune-15056","properties":{"id":"fr-commune-15056","name":"Crandelles","kind":"commune","center":[2.3589,44.9591],"code":"15056","department":"15"},"bbox":[2.32173,44.9394,2.39708,44.9788],"geometry":{"type":"Polygon","coordinates":[[[2.38622,44.95077],[2.38411,44.95292],[2.38096,44.95158],[2.37925,44.95167],[2.37944,44.94947],[2.37824,44.94924],[2.37529,44.95094],[2.37498,44.95053],[2.37767,44.94875],[2.37664,44.94804],[2.37443,44.9489],[2.37408,44.94761],[2.37821,44.94345],[2.37718,44.9427],[2.37569,44.94297],[2.37539,44.94173],[2.37384,44.94209],[2.37,44.94164],[2.36766,44.9394],[2.36455,44.9412],[2.36563,44.94268],[2.3631,44.94326],[2.36228,44.94403],[2.36088,44.94385],[2.35746,44.94502],[2.35782,44.9438],[2.35732,44.94285],[2.35484,44.94192],[2.35681,44.9399],[2.35525,44.93954],[2.35487,44.94115],[2.35385,44.94192],[2.3508,44.94187],[2.34878,44.94304],[2.34675,44.94286],[2.34668,44.94336],[2.34301,44.9439],[2.34219,44.94471],[2.34016,44.94367],[2.33782,44.94493],[2.33516,44.94381],[2.33396,44.94448],[2.33085,44.94529],[2.32743,44.94403],[2.32712,44.94457],[2.32978,44.94597],[2.33117,44.94556],[2.3325,44.94673],[2.33079,44.94808],[2.33009,44.94794],[2.32762,44.94944],[2.32614,44.9488],[2.32477,44.95073],[2.32321,44.95199],[2.32477,44.95235],[2.32637,44.9533],[2.32789,44.95519],[2.32607,44.95604],[2.32496,44.95743],[2.32575,44.95822],[2.32173,44.9578],[2.32195,44.95954],[2.32415,44.9586],[2.32595,44.95958],[2.32581,44.96043],[2.32838,44.96077],[2.32843,44.96155],[2.33028,44.96324],[2.33004,44.96455],[2.33102,44.96512],[2.33208,44.96348],[2.33363,44.96544],[2.33543,44.96633],[2.33665,44.965],[2.33799,44.96618],[2.33659,44.96714],[2.34068,44.96806],[2.34317,44.96811],[2.34606,44.96769],[2.34577,44.96609],[2.34514,44.9656],[2.34728,44.96458],[2.34829,44.96551],[2.35066,44.96442],[2.35532,44.96405],[2.3544,44.96318],[2.35613,44.96273],[2.35669,44.96353],[2.35809,44.96316],[2.36297,44.96372],[2.36506,44.96319],[2.36615,44.96248],[2.36775,44.96279],[2.36901,44.9617],[2.37008,44.96149],[2.37305,44.96328],[2.3749,44.9636],[2.37392,44.96454],[2.37462,44.96545],[2.37631,44.96544],[2.37698,44.96693],[2.37812,44.96634],[2.37977,44.96782],[2.37771,44.96834],[2.37855,44.96997],[2.37781,44.97025],[2.37914,44.97385],[2.3775,44.97502],[2.37788,44.97691],[2.3789,44.9788],[2.38305,44.97786],[2.38374,44.97716],[2.38542,44.97677],[2.38804,44.97862],[2.39025,44.9779],[2.39063,44.97672],[2.3917,44.97574],[2.39274,44.97301],[2.39264,44.97207],[2.3955,44.97236],[2.3969,44.97164],[2.39708,44.97034],[2.39375,44.96869],[2.395,44.96552],[2.3929,44.96539],[2.39264,44.96431],[2.39132,44.9636],[2.39027,44.96424],[2.3885,44.96414],[2.38714,44.96342],[2.38803,44.96261],[2.38941,44.96332],[2.39066,44.96293],[2.39077,44.96136],[2.39012,44.95847],[2.38827,44.95932],[2.3861,44.95856],[2.38584,44.95722],[2.3875,44.95414],[2.38752,44.95174],[2.38859,44.95182],[2.38776,44.95071],[2.38622,44.95077]]]}},{"type":"Feature","id":"fr-commune-15057","properties":{"id":"fr-commune-15057","name":"Cros-de-Montvert","kind":"commune","center":[2.154,45.0572],"code":"15057","department":"15"},"bbox":[2.10216,45.02744,2.20583,45.08678],"geometry":{"type":"Polygon","coordinates":[[[2.17254,45.08138],[2.17305,45.08117],[2.17273,45.08024],[2.17323,45.07857],[2.17409,45.07768],[2.17602,45.07705],[2.17795,45.07695],[2.17962,45.07756],[2.18192,45.07746],[2.18388,45.07782],[2.18369,45.07662],[2.18598,45.07545],[2.185,45.07293],[2.18701,45.06993],[2.19037,45.06814],[2.19239,45.06677],[2.19286,45.06485],[2.19545,45.06473],[2.19746,45.06241],[2.19866,45.05727],[2.19765,45.05658],[2.19911,45.05421],[2.19956,45.0526],[2.20182,45.05103],[2.20235,45.04771],[2.20351,45.04581],[2.20485,45.04504],[2.205,45.04368],[2.20574,45.04283],[2.20583,45.04154],[2.20372,45.0423],[2.20114,45.04407],[2.19967,45.04608],[2.19806,45.04697],[2.19613,45.04697],[2.19549,45.04555],[2.19875,45.04364],[2.19828,45.04123],[2.19975,45.03984],[2.19916,45.03878],[2.19978,45.03451],[2.1993,45.02911],[2.19703,45.02744],[2.19269,45.02864],[2.18741,45.02821],[2.1844,45.02948],[2.18258,45.02876],[2.17939,45.02916],[2.17798,45.02867],[2.17705,45.02988],[2.17499,45.03061],[2.17473,45.03224],[2.17282,45.0334],[2.17058,45.03611],[2.16867,45.03682],[2.16778,45.03819],[2.16639,45.03911],[2.16178,45.03994],[2.16144,45.04065],[2.15917,45.0414],[2.15722,45.04165],[2.1561,45.04315],[2.15559,45.04471],[2.1548,45.04514],[2.1533,45.04754],[2.15078,45.04817],[2.14811,45.04653],[2.14722,45.04794],[2.14493,45.04792],[2.14303,45.04708],[2.14328,45.04593],[2.13948,45.04496],[2.13876,45.04593],[2.13622,45.04505],[2.13505,45.04555],[2.13475,45.04765],[2.13191,45.04767],[2.13084,45.04822],[2.12888,45.04831],[2.12791,45.05023],[2.12609,45.04961],[2.12504,45.04981],[2.12405,45.04885],[2.12196,45.04915],[2.12065,45.05036],[2.11944,45.05079],[2.11704,45.04994],[2.11572,45.05002],[2.11323,45.05203],[2.11234,45.05338],[2.11104,45.05376],[2.1106,45.05484],[2.10841,45.05592],[2.10745,45.057],[2.1051,45.05829],[2.10494,45.06019],[2.10325,45.06088],[2.10216,45.06226],[2.10401,45.06388],[2.10388,45.06601],[2.10521,45.06727],[2.10715,45.06794],[2.10992,45.06846],[2.11082,45.06897],[2.11318,45.07131],[2.11526,45.07153],[2.11682,45.06961],[2.1178,45.06894],[2.11934,45.0689],[2.12062,45.06988],[2.11998,45.07156],[2.12015,45.07269],[2.12508,45.07465],[2.12674,45.07708],[2.12937,45.07739],[2.13062,45.07861],[2.13108,45.08015],[2.1309,45.08137],[2.13338,45.08199],[2.13819,45.08136],[2.13878,45.08187],[2.13971,45.08506],[2.14081,45.08678],[2.14273,45.08662],[2.14346,45.08541],[2.14652,45.08566],[2.14827,45.08491],[2.1479,45.08346],[2.14885,45.08302],[2.15198,45.08429],[2.15298,45.08507],[2.15518,45.08511],[2.15614,45.08654],[2.15715,45.08644],[2.1587,45.0851],[2.1612,45.08466],[2.16328,45.08523],[2.16464,45.08501],[2.16585,45.08337],[2.16556,45.0822],[2.16615,45.08127],[2.1683,45.08089],[2.17144,45.08155],[2.17254,45.08138]]]}},{"type":"Feature","id":"fr-commune-15058","properties":{"id":"fr-commune-15058","name":"Cros-de-Ronesque","kind":"commune","center":[2.6108,44.8577],"code":"15058","department":"15"},"bbox":[2.58556,44.82083,2.63538,44.89446],"geometry":{"type":"Polygon","coordinates":[[[2.62898,44.87247],[2.62952,44.87179],[2.62662,44.86926],[2.62667,44.86765],[2.6239,44.867],[2.62288,44.86555],[2.62263,44.86384],[2.62162,44.86295],[2.62161,44.86066],[2.62098,44.8593],[2.61754,44.85652],[2.61839,44.85421],[2.61812,44.85326],[2.61864,44.85197],[2.61694,44.85122],[2.61538,44.85272],[2.61329,44.85025],[2.61163,44.84769],[2.61018,44.84756],[2.60699,44.84447],[2.60459,44.84465],[2.60376,44.84329],[2.60268,44.84316],[2.60267,44.84123],[2.60475,44.84005],[2.60361,44.83902],[2.60614,44.83731],[2.60814,44.83734],[2.60844,44.83534],[2.60987,44.83468],[2.61125,44.83249],[2.61148,44.83105],[2.61017,44.82924],[2.61044,44.8272],[2.61001,44.82594],[2.60772,44.8261],[2.60708,44.8251],[2.6075,44.82415],[2.60586,44.82323],[2.60346,44.82393],[2.60194,44.82266],[2.60189,44.82194],[2.59976,44.82156],[2.59814,44.82083],[2.59794,44.82199],[2.59641,44.82337],[2.59398,44.8241],[2.59304,44.82533],[2.59237,44.82791],[2.59052,44.82901],[2.59074,44.83069],[2.59015,44.8328],[2.59136,44.83463],[2.59038,44.8356],[2.58833,44.83599],[2.58662,44.83769],[2.58679,44.83843],[2.58561,44.83931],[2.58556,44.8413],[2.58617,44.84296],[2.58705,44.84363],[2.58645,44.84475],[2.58743,44.84725],[2.58742,44.85238],[2.58896,44.85318],[2.58842,44.85474],[2.58866,44.85771],[2.58761,44.86202],[2.58918,44.86378],[2.58975,44.86497],[2.59225,44.86595],[2.59525,44.86876],[2.59489,44.8699],[2.59645,44.86979],[2.59672,44.87133],[2.59576,44.87218],[2.59714,44.87308],[2.59646,44.87401],[2.59773,44.87461],[2.59616,44.87736],[2.59719,44.87937],[2.59631,44.8824],[2.59721,44.88314],[2.59706,44.88404],[2.5987,44.88474],[2.59896,44.88578],[2.60121,44.88781],[2.60029,44.88866],[2.60298,44.88999],[2.60462,44.88992],[2.60521,44.89079],[2.60497,44.89208],[2.60579,44.89315],[2.60602,44.89446],[2.60801,44.89438],[2.61001,44.89363],[2.61159,44.89399],[2.61361,44.89291],[2.61392,44.892],[2.61768,44.89071],[2.62318,44.89035],[2.6254,44.88902],[2.62678,44.88742],[2.62734,44.88664],[2.62681,44.88567],[2.62867,44.88482],[2.63052,44.88549],[2.63403,44.88447],[2.63538,44.88277],[2.63403,44.88209],[2.63436,44.88061],[2.63359,44.87953],[2.63335,44.87757],[2.63267,44.87733],[2.63214,44.87547],[2.63077,44.87468],[2.62898,44.87247]]]}},{"type":"Feature","id":"fr-commune-15059","properties":{"id":"fr-commune-15059","name":"Cussac","kind":"commune","center":[2.9353,44.9804],"code":"15059","department":"15"},"bbox":[2.90537,44.95445,2.9652,45.00637],"geometry":{"type":"Polygon","coordinates":[[[2.95766,45.00512],[2.95711,45.00398],[2.95823,45.00294],[2.96336,45.00165],[2.96404,45.00081],[2.9634,44.99925],[2.96181,44.99962],[2.9618,44.99818],[2.96401,44.9975],[2.9652,44.99614],[2.96209,44.99478],[2.96126,44.99339],[2.95947,44.99347],[2.9592,44.9924],[2.96034,44.99184],[2.96088,44.99014],[2.95898,44.98939],[2.95884,44.98844],[2.96228,44.98977],[2.96252,44.98932],[2.95953,44.98812],[2.95952,44.98668],[2.95805,44.98584],[2.95634,44.98584],[2.95664,44.98444],[2.95674,44.98259],[2.95355,44.9813],[2.95195,44.98019],[2.95399,44.97859],[2.95416,44.97717],[2.95364,44.976],[2.9525,44.9756],[2.95209,44.97434],[2.95003,44.97484],[2.95026,44.97355],[2.94985,44.9713],[2.94832,44.9705],[2.94908,44.96938],[2.95006,44.96964],[2.9505,44.97229],[2.95107,44.97233],[2.9516,44.96882],[2.95216,44.96778],[2.95069,44.96634],[2.94817,44.9677],[2.94707,44.966],[2.94706,44.9651],[2.9451,44.96525],[2.94477,44.96426],[2.94319,44.96418],[2.94396,44.96291],[2.9434,44.962],[2.93992,44.96078],[2.94009,44.95893],[2.93742,44.958],[2.93823,44.9566],[2.93568,44.95545],[2.93442,44.95445],[2.93335,44.9565],[2.9321,44.95744],[2.9317,44.95869],[2.932,44.96015],[2.92985,44.96209],[2.92768,44.96262],[2.92443,44.96251],[2.92279,44.96322],[2.92069,44.96266],[2.91692,44.96363],[2.91468,44.96497],[2.91324,44.96665],[2.9121,44.96868],[2.90953,44.96959],[2.90797,44.96929],[2.90647,44.96976],[2.90661,44.97062],[2.90913,44.97061],[2.90967,44.97236],[2.90971,44.97636],[2.90825,44.9761],[2.90808,44.97804],[2.90697,44.978],[2.90701,44.97929],[2.90796,44.98096],[2.90588,44.98174],[2.90537,44.98339],[2.90921,44.98271],[2.9112,44.98418],[2.91357,44.98228],[2.9158,44.98303],[2.91555,44.98398],[2.91875,44.98621],[2.9194,44.98829],[2.92097,44.98834],[2.92144,44.98924],[2.92038,44.98994],[2.92059,44.99309],[2.92156,44.99434],[2.92074,44.99512],[2.9217,44.99579],[2.92524,44.99518],[2.9277,44.99418],[2.93145,44.99447],[2.93145,44.99325],[2.93301,44.99334],[2.93284,44.99487],[2.93449,44.99499],[2.93488,44.99792],[2.93843,44.99944],[2.93658,45.00062],[2.93912,45.00077],[2.93977,45.0019],[2.93928,45.00366],[2.94114,45.00274],[2.94437,45.00222],[2.94653,45.00368],[2.94707,45.00326],[2.94963,45.00637],[2.95177,45.00553],[2.95462,45.00505],[2.95584,45.00614],[2.95766,45.00512]]]}},{"type":"Feature","id":"fr-commune-15060","properties":{"id":"fr-commune-15060","name":"Deux-Verges","kind":"commune","center":[3.0178,44.7996],"code":"15060","department":"15"},"bbox":[2.99681,44.77639,3.03874,44.82281],"geometry":{"type":"Polygon","coordinates":[[[2.99904,44.79037],[2.99859,44.79161],[2.99769,44.7971],[2.99797,44.79732],[2.99681,44.80215],[2.99956,44.80182],[3.00055,44.80368],[3.00396,44.80412],[3.00438,44.80623],[3.00617,44.80753],[3.00549,44.81147],[3.00603,44.81225],[3.00667,44.81572],[3.00799,44.81744],[3.01099,44.81915],[3.01453,44.81764],[3.01533,44.81822],[3.01341,44.8221],[3.01424,44.82281],[3.01674,44.82032],[3.01905,44.82025],[3.02164,44.81889],[3.02339,44.81743],[3.03122,44.82061],[3.03345,44.81965],[3.03471,44.81858],[3.03526,44.81731],[3.03583,44.8143],[3.03538,44.81255],[3.03582,44.81117],[3.03771,44.80994],[3.03874,44.80792],[3.03858,44.80601],[3.03694,44.80389],[3.03686,44.80273],[3.03869,44.80027],[3.03526,44.79858],[3.03318,44.79891],[3.03314,44.79611],[3.03257,44.79494],[3.03282,44.79239],[3.03251,44.79035],[3.03266,44.78718],[3.03131,44.78551],[3.02751,44.78162],[3.01893,44.77724],[3.01172,44.77662],[3.01039,44.77639],[3.00764,44.77934],[3.00569,44.78215],[3.00312,44.78518],[2.99904,44.79037]]]}},{"type":"Feature","id":"fr-commune-15061","properties":{"id":"fr-commune-15061","name":"Dienne","kind":"commune","center":[2.8112,45.1614],"code":"15061","department":"15"},"bbox":[2.74056,45.11995,2.88191,45.2031],"geometry":{"type":"Polygon","coordinates":[[[2.75452,45.17849],[2.7591,45.17919],[2.76304,45.17927],[2.76432,45.18021],[2.76898,45.18569],[2.77383,45.18709],[2.77713,45.18501],[2.78069,45.18363],[2.78148,45.1858],[2.78104,45.18813],[2.78177,45.19005],[2.78137,45.1915],[2.78302,45.19446],[2.78338,45.19595],[2.78247,45.19714],[2.78327,45.19935],[2.78508,45.19885],[2.78921,45.19892],[2.79227,45.19936],[2.79589,45.19858],[2.79266,45.19252],[2.79175,45.19014],[2.79122,45.18785],[2.79101,45.18389],[2.79483,45.18342],[2.79538,45.18506],[2.79847,45.18525],[2.80299,45.18605],[2.80704,45.18333],[2.80766,45.18229],[2.81115,45.18088],[2.81496,45.18069],[2.8161,45.18001],[2.81808,45.18027],[2.81846,45.1809],[2.82101,45.18098],[2.8222,45.17953],[2.82366,45.17935],[2.82451,45.18131],[2.82705,45.18109],[2.83136,45.179],[2.83326,45.179],[2.83474,45.18038],[2.83835,45.18068],[2.84025,45.18445],[2.84058,45.18652],[2.83964,45.18756],[2.84124,45.18841],[2.84112,45.18949],[2.84296,45.18952],[2.84271,45.19043],[2.84686,45.19126],[2.84782,45.19188],[2.84793,45.1938],[2.84996,45.19304],[2.85173,45.19484],[2.85454,45.19623],[2.85974,45.19791],[2.86295,45.19981],[2.86546,45.20157],[2.86632,45.20239],[2.8756,45.2031],[2.87722,45.19935],[2.88084,45.19901],[2.88191,45.19659],[2.88163,45.19385],[2.88191,45.18984],[2.88003,45.18652],[2.87741,45.18483],[2.87748,45.18372],[2.87326,45.18325],[2.87227,45.18008],[2.87041,45.17833],[2.86879,45.17505],[2.86763,45.17347],[2.86727,45.17216],[2.86608,45.17061],[2.86228,45.16933],[2.85927,45.16493],[2.85824,45.16246],[2.85551,45.16266],[2.85429,45.16145],[2.85447,45.15978],[2.85344,45.15862],[2.84994,45.15782],[2.84897,45.15535],[2.8426,45.15506],[2.83877,45.15359],[2.83355,45.15213],[2.83155,45.14922],[2.82737,45.14797],[2.82407,45.14789],[2.82231,45.14701],[2.81696,45.14505],[2.81382,45.14178],[2.81349,45.14065],[2.81385,45.13858],[2.81265,45.13684],[2.81161,45.13601],[2.81141,45.13442],[2.81023,45.13198],[2.80903,45.13064],[2.80062,45.12924],[2.79254,45.12809],[2.79,45.12756],[2.78465,45.12687],[2.78056,45.12684],[2.78089,45.12531],[2.77883,45.12212],[2.77291,45.11999],[2.77088,45.11995],[2.77203,45.12134],[2.77376,45.12259],[2.77487,45.12601],[2.77557,45.12728],[2.77525,45.12863],[2.77572,45.13069],[2.77526,45.13174],[2.77617,45.13316],[2.77594,45.13445],[2.777,45.13808],[2.77627,45.13887],[2.77559,45.1413],[2.77493,45.14222],[2.77571,45.14389],[2.77482,45.14452],[2.77229,45.14316],[2.76999,45.14276],[2.76501,45.14083],[2.76557,45.14246],[2.76356,45.14499],[2.76025,45.14446],[2.75854,45.14568],[2.75824,45.14725],[2.75672,45.14901],[2.75565,45.15192],[2.75495,45.15281],[2.7534,45.15305],[2.74983,45.15172],[2.74739,45.15154],[2.74552,45.15211],[2.74501,45.15289],[2.74303,45.15293],[2.74056,45.15455],[2.74296,45.15855],[2.74619,45.16273],[2.74963,45.16752],[2.75095,45.17018],[2.75172,45.17245],[2.75386,45.17237],[2.75454,45.17335],[2.75452,45.17849]]]}},{"type":"Feature","id":"fr-commune-15063","properties":{"id":"fr-commune-15063","name":"Drugeac","kind":"commune","center":[2.385,45.1601],"code":"15063","department":"15"},"bbox":[2.34708,45.13401,2.42292,45.18618],"geometry":{"type":"Polygon","coordinates":[[[2.4153,45.14474],[2.41356,45.14414],[2.41181,45.143],[2.41048,45.14475],[2.40788,45.14348],[2.40751,45.1419],[2.40622,45.14129],[2.40415,45.13814],[2.40685,45.13617],[2.40836,45.13401],[2.40445,45.13494],[2.40156,45.13479],[2.39757,45.13536],[2.39731,45.13806],[2.39318,45.13875],[2.39317,45.14054],[2.39098,45.13997],[2.38937,45.1416],[2.38875,45.14129],[2.38558,45.1431],[2.38694,45.14438],[2.38223,45.14597],[2.38125,45.1459],[2.38131,45.14418],[2.37802,45.14311],[2.37711,45.14356],[2.37444,45.14364],[2.37228,45.14486],[2.37173,45.14592],[2.36872,45.14581],[2.36752,45.14792],[2.36659,45.14792],[2.36612,45.15013],[2.3642,45.1519],[2.36568,45.15323],[2.3644,45.15402],[2.36489,45.15583],[2.36638,45.15512],[2.3674,45.15792],[2.36742,45.15984],[2.36821,45.16001],[2.36823,45.16282],[2.36758,45.16407],[2.36764,45.16564],[2.37009,45.16557],[2.37124,45.1666],[2.3693,45.16771],[2.36593,45.16858],[2.36425,45.16935],[2.36357,45.17044],[2.36151,45.17051],[2.36113,45.17108],[2.35846,45.17256],[2.35551,45.17371],[2.35579,45.17512],[2.35453,45.17637],[2.35309,45.17695],[2.35012,45.17638],[2.3484,45.17646],[2.34708,45.176],[2.34775,45.17848],[2.34931,45.1793],[2.34983,45.18116],[2.35246,45.18137],[2.35307,45.18222],[2.3567,45.18343],[2.35755,45.1829],[2.36184,45.18514],[2.36347,45.1851],[2.3656,45.18617],[2.36827,45.18583],[2.36977,45.18618],[2.37127,45.18583],[2.37366,45.1846],[2.37618,45.18426],[2.37877,45.18432],[2.38084,45.18352],[2.38089,45.18214],[2.38162,45.18017],[2.38608,45.17748],[2.38726,45.17625],[2.3883,45.17685],[2.38785,45.178],[2.38928,45.17817],[2.39097,45.17633],[2.39237,45.17583],[2.39674,45.17595],[2.39749,45.17634],[2.39947,45.17612],[2.39911,45.17734],[2.40067,45.17976],[2.40444,45.17922],[2.40732,45.17856],[2.41338,45.17665],[2.41707,45.17347],[2.41881,45.17327],[2.4186,45.17095],[2.4198,45.17102],[2.42049,45.16985],[2.42292,45.16918],[2.4205,45.16519],[2.4183,45.16474],[2.41725,45.16266],[2.41844,45.16259],[2.41791,45.1606],[2.41667,45.16125],[2.41628,45.15977],[2.41521,45.15858],[2.41321,45.15844],[2.41307,45.15703],[2.41489,45.15458],[2.41621,45.15346],[2.41804,45.15395],[2.41916,45.15285],[2.4174,45.15127],[2.41617,45.15085],[2.41699,45.1484],[2.41552,45.14835],[2.41513,45.14724],[2.4159,45.14641],[2.41723,45.14713],[2.41825,45.14664],[2.4153,45.14474]]]}},{"type":"Feature","id":"fr-commune-15064","properties":{"id":"fr-commune-15064","name":"Escorailles","kind":"commune","center":[2.3296,45.1704],"code":"15064","department":"15"},"bbox":[2.31509,45.1599,2.34406,45.18168],"geometry":{"type":"Polygon","coordinates":[[[2.33938,45.18023],[2.33984,45.1809],[2.34193,45.18168],[2.34289,45.18079],[2.34174,45.18016],[2.34215,45.17908],[2.34149,45.17715],[2.34406,45.17616],[2.34233,45.17507],[2.34137,45.17395],[2.34111,45.17158],[2.34202,45.17084],[2.34057,45.1699],[2.33955,45.16817],[2.34046,45.16745],[2.34042,45.16627],[2.33922,45.16504],[2.34053,45.16427],[2.34351,45.16475],[2.34405,45.16434],[2.34164,45.16291],[2.34125,45.16233],[2.33788,45.16188],[2.33687,45.16054],[2.3355,45.16134],[2.33388,45.16138],[2.33178,45.16075],[2.33184,45.16018],[2.32917,45.16022],[2.32663,45.1599],[2.32514,45.16032],[2.32341,45.16327],[2.32028,45.16282],[2.3203,45.1638],[2.32204,45.16502],[2.32143,45.16614],[2.31927,45.16571],[2.31784,45.16619],[2.31675,45.165],[2.31509,45.16543],[2.31744,45.16837],[2.31872,45.16782],[2.31985,45.17038],[2.3215,45.17153],[2.3224,45.17268],[2.32317,45.17574],[2.32551,45.17594],[2.32725,45.17491],[2.32898,45.17524],[2.33054,45.17477],[2.3343,45.17446],[2.33842,45.17601],[2.33964,45.17716],[2.33938,45.18023]]]}},{"type":"Feature","id":"fr-commune-15065","properties":{"id":"fr-commune-15065","name":"Espinasse","kind":"commune","center":[2.9266,44.8702],"code":"15065","department":"15"},"bbox":[2.89191,44.84672,2.9612,44.89343],"geometry":{"type":"Polygon","coordinates":[[[2.89191,44.86738],[2.89649,44.87008],[2.89837,44.87205],[2.90052,44.87258],[2.90532,44.87706],[2.90869,44.87878],[2.91166,44.88089],[2.91328,44.88466],[2.91433,44.88541],[2.91787,44.88552],[2.91877,44.88856],[2.91938,44.88926],[2.92176,44.8898],[2.92249,44.89056],[2.92365,44.8933],[2.92574,44.89343],[2.92684,44.89033],[2.92735,44.88804],[2.92843,44.88769],[2.93233,44.88801],[2.93544,44.88903],[2.93773,44.89029],[2.94071,44.89139],[2.9433,44.89093],[2.94507,44.88855],[2.94817,44.88631],[2.94881,44.88465],[2.95239,44.88306],[2.95559,44.88311],[2.95782,44.88173],[2.96095,44.88105],[2.96119,44.87824],[2.96012,44.8771],[2.9612,44.87581],[2.96046,44.875],[2.96042,44.87237],[2.95925,44.87217],[2.9587,44.8694],[2.95699,44.86804],[2.95737,44.86746],[2.95507,44.8659],[2.95447,44.86483],[2.95126,44.86461],[2.95333,44.86285],[2.95281,44.86159],[2.95173,44.86082],[2.95114,44.85921],[2.95292,44.8569],[2.95527,44.85554],[2.95574,44.85271],[2.95523,44.85182],[2.95391,44.85146],[2.9513,44.84918],[2.95217,44.84805],[2.95065,44.84734],[2.94983,44.84802],[2.94772,44.84672],[2.94665,44.84746],[2.94403,44.84704],[2.94209,44.848],[2.94037,44.8475],[2.93813,44.849],[2.93666,44.84947],[2.93505,44.84917],[2.93286,44.84931],[2.93253,44.85041],[2.92811,44.84995],[2.92697,44.85178],[2.92427,44.85154],[2.92341,44.85344],[2.92082,44.85367],[2.91887,44.85457],[2.91579,44.85427],[2.91295,44.85494],[2.91086,44.85509],[2.91015,44.85705],[2.90864,44.85859],[2.90546,44.85895],[2.90016,44.86043],[2.89765,44.8621],[2.89681,44.86342],[2.89286,44.86533],[2.89191,44.86738]]]}},{"type":"Feature","id":"fr-commune-15066","properties":{"id":"fr-commune-15066","name":"Le Falgoux","kind":"commune","center":[2.6299,45.142],"code":"15066","department":"15"},"bbox":[2.58366,45.10354,2.67613,45.18049],"geometry":{"type":"Polygon","coordinates":[[[2.6558,45.16576],[2.65826,45.16364],[2.65952,45.16192],[2.66278,45.15305],[2.66582,45.15102],[2.66728,45.15039],[2.66789,45.14593],[2.66752,45.14487],[2.66787,45.14289],[2.66872,45.14056],[2.67306,45.13737],[2.67343,45.13525],[2.67265,45.13246],[2.6726,45.13066],[2.67324,45.1252],[2.67365,45.12335],[2.67111,45.12143],[2.66964,45.11847],[2.67222,45.11338],[2.67495,45.10985],[2.67613,45.10929],[2.67371,45.10862],[2.66982,45.10517],[2.66839,45.10503],[2.6644,45.10399],[2.66039,45.10448],[2.65616,45.10412],[2.6538,45.10354],[2.65278,45.10387],[2.6496,45.1063],[2.64781,45.10703],[2.64625,45.1082],[2.64298,45.10978],[2.64196,45.11055],[2.64133,45.1128],[2.64287,45.11423],[2.64014,45.11667],[2.64003,45.11865],[2.63236,45.12286],[2.6299,45.12471],[2.62715,45.13524],[2.62612,45.13706],[2.62216,45.1402],[2.61714,45.14219],[2.60864,45.14595],[2.60506,45.14709],[2.60412,45.14805],[2.60267,45.1483],[2.60093,45.14946],[2.59684,45.15097],[2.59146,45.1553],[2.58937,45.15652],[2.58544,45.15972],[2.58366,45.16211],[2.59341,45.16528],[2.59614,45.16397],[2.59888,45.16585],[2.59773,45.16611],[2.60074,45.16859],[2.60076,45.17014],[2.60274,45.1705],[2.6019,45.17151],[2.60349,45.17191],[2.60533,45.17159],[2.60647,45.17083],[2.60877,45.17209],[2.61163,45.17316],[2.6157,45.17239],[2.61927,45.17517],[2.61979,45.17705],[2.62246,45.17651],[2.62507,45.17686],[2.6255,45.1752],[2.62736,45.17744],[2.63009,45.17716],[2.6313,45.17639],[2.63309,45.17783],[2.63504,45.17803],[2.63763,45.18049],[2.64113,45.18008],[2.64327,45.18041],[2.64415,45.1762],[2.64405,45.17417],[2.64667,45.17271],[2.64838,45.17244],[2.6531,45.17238],[2.65329,45.17197],[2.65328,45.16959],[2.6558,45.16576]]]}},{"type":"Feature","id":"fr-commune-15067","properties":{"id":"fr-commune-15067","name":"Le Fau","kind":"commune","center":[2.5971,45.1106],"code":"15067","department":"15"},"bbox":[2.55139,45.09136,2.64298,45.12983],"geometry":{"type":"Polygon","coordinates":[[[2.56894,45.09533],[2.56742,45.09519],[2.56645,45.09648],[2.56418,45.0963],[2.56359,45.09678],[2.5611,45.09667],[2.55816,45.09712],[2.55846,45.09917],[2.55571,45.10049],[2.55184,45.10184],[2.55139,45.10402],[2.55447,45.10455],[2.55617,45.10513],[2.5565,45.10834],[2.55739,45.10961],[2.55798,45.11186],[2.559,45.11285],[2.55919,45.11487],[2.55996,45.11599],[2.56148,45.11451],[2.56434,45.115],[2.5686,45.11495],[2.57327,45.11591],[2.57636,45.11741],[2.58025,45.11886],[2.58328,45.11849],[2.58272,45.12036],[2.58305,45.12284],[2.58454,45.12326],[2.58802,45.12496],[2.58977,45.12713],[2.58955,45.12786],[2.58796,45.12922],[2.5898,45.12983],[2.59368,45.12725],[2.5987,45.12562],[2.60072,45.12536],[2.60326,45.1245],[2.61376,45.12474],[2.61758,45.12649],[2.62005,45.1254],[2.62189,45.12558],[2.62373,45.12467],[2.6299,45.12471],[2.63236,45.12286],[2.64003,45.11865],[2.64014,45.11667],[2.64287,45.11423],[2.64133,45.1128],[2.64196,45.11055],[2.64298,45.10978],[2.64253,45.10839],[2.63953,45.10709],[2.63743,45.10665],[2.6331,45.10625],[2.63291,45.10292],[2.63392,45.10217],[2.63209,45.10144],[2.63391,45.10085],[2.6353,45.09945],[2.63669,45.09734],[2.63566,45.0964],[2.63109,45.09659],[2.62849,45.09556],[2.62638,45.0944],[2.6251,45.09413],[2.62287,45.09269],[2.62166,45.09269],[2.61448,45.09158],[2.6122,45.09136],[2.60718,45.09147],[2.60249,45.09229],[2.59982,45.09243],[2.5974,45.09194],[2.59537,45.09239],[2.5943,45.0946],[2.59162,45.09491],[2.59013,45.09547],[2.58782,45.09699],[2.58528,45.09722],[2.58459,45.09831],[2.58029,45.09722],[2.5782,45.09738],[2.57549,45.09672],[2.57211,45.09715],[2.57051,45.09668],[2.56894,45.09533]]]}},{"type":"Feature","id":"fr-commune-15069","properties":{"id":"fr-commune-15069","name":"Ferrières-Saint-Mary","kind":"commune","center":[3.0789,45.1698],"code":"15069","department":"15"},"bbox":[3.03728,45.14475,3.12136,45.1948],"geometry":{"type":"Polygon","coordinates":[[[3.0822,45.14649],[3.08037,45.14618],[3.07939,45.14741],[3.07754,45.1485],[3.07595,45.15018],[3.07082,45.1521],[3.06956,45.15297],[3.0693,45.15453],[3.06994,45.15703],[3.06807,45.16053],[3.06699,45.16153],[3.07099,45.16287],[3.07111,45.16515],[3.0691,45.16619],[3.07073,45.16723],[3.07047,45.17029],[3.07002,45.17177],[3.06914,45.17213],[3.06722,45.17156],[3.06455,45.17204],[3.06005,45.17459],[3.05857,45.17387],[3.05386,45.17482],[3.05336,45.17394],[3.05161,45.17394],[3.0494,45.17283],[3.04882,45.17478],[3.04717,45.17476],[3.04515,45.1738],[3.04296,45.1746],[3.04416,45.17222],[3.04398,45.17066],[3.04466,45.16967],[3.04492,45.16793],[3.04444,45.16638],[3.04343,45.16572],[3.04178,45.16674],[3.04006,45.16567],[3.03819,45.16561],[3.03774,45.1662],[3.03833,45.16723],[3.03763,45.16836],[3.03958,45.17121],[3.03974,45.173],[3.03857,45.17354],[3.03974,45.17466],[3.03845,45.17529],[3.03838,45.17623],[3.03728,45.17853],[3.0385,45.17948],[3.0392,45.1809],[3.03864,45.18176],[3.04112,45.18197],[3.04241,45.18335],[3.04477,45.1833],[3.04683,45.18287],[3.04828,45.18449],[3.04504,45.18451],[3.04602,45.1868],[3.04845,45.18764],[3.05098,45.18772],[3.05308,45.18667],[3.05591,45.18948],[3.05623,45.19059],[3.0591,45.18996],[3.05924,45.19108],[3.0609,45.19174],[3.0623,45.19129],[3.06374,45.18984],[3.065,45.1892],[3.06609,45.18973],[3.06703,45.18806],[3.06823,45.18787],[3.06932,45.1885],[3.07148,45.18849],[3.07276,45.18902],[3.07476,45.19112],[3.07522,45.1922],[3.07687,45.19169],[3.07802,45.19227],[3.07917,45.19165],[3.08087,45.19231],[3.08352,45.19213],[3.0857,45.19273],[3.08657,45.19355],[3.08675,45.1948],[3.08978,45.19401],[3.09307,45.19348],[3.09505,45.19195],[3.09622,45.19228],[3.09907,45.19196],[3.0993,45.19002],[3.10037,45.18929],[3.10011,45.1884],[3.10356,45.18954],[3.10417,45.18895],[3.10335,45.18783],[3.1052,45.18782],[3.10661,45.18835],[3.10742,45.18754],[3.10671,45.18655],[3.10868,45.1864],[3.11046,45.18612],[3.11135,45.18537],[3.1107,45.18454],[3.10837,45.1829],[3.11039,45.1814],[3.10964,45.18018],[3.11228,45.17979],[3.11119,45.17803],[3.11135,45.17359],[3.1103,45.17264],[3.11178,45.17052],[3.11193,45.1691],[3.11366,45.16728],[3.11502,45.1678],[3.12136,45.16607],[3.12088,45.16529],[3.11771,45.16388],[3.11739,45.16295],[3.11509,45.16243],[3.11302,45.16147],[3.11106,45.16205],[3.10771,45.16147],[3.10655,45.16099],[3.10579,45.15949],[3.10309,45.15697],[3.10226,45.15574],[3.10331,45.15017],[3.10142,45.14727],[3.10012,45.14475],[3.09599,45.14608],[3.09474,45.1477],[3.09187,45.1463],[3.08964,45.14573],[3.087,45.14575],[3.08583,45.1454],[3.0822,45.14649]]]}},{"type":"Feature","id":"fr-commune-15070","properties":{"id":"fr-commune-15070","name":"Fontanges","kind":"commune","center":[2.5196,45.1106],"code":"15070","department":"15"},"bbox":[2.47016,45.09109,2.56894,45.13016],"geometry":{"type":"Polygon","coordinates":[[[2.48197,45.13016],[2.48381,45.12893],[2.48527,45.12907],[2.48809,45.12835],[2.49013,45.1294],[2.49181,45.12898],[2.49394,45.12779],[2.49655,45.12962],[2.49794,45.1288],[2.49584,45.12811],[2.49664,45.12716],[2.5014,45.12757],[2.50872,45.12644],[2.51117,45.12532],[2.51023,45.12279],[2.50918,45.12143],[2.51011,45.12075],[2.51484,45.12066],[2.51717,45.12102],[2.51772,45.11922],[2.52197,45.11921],[2.52343,45.11831],[2.53848,45.11613],[2.53988,45.11675],[2.54185,45.1167],[2.54325,45.11724],[2.54801,45.11642],[2.55005,45.11651],[2.55329,45.11596],[2.55425,45.1165],[2.55977,45.11622],[2.55996,45.11599],[2.55919,45.11487],[2.559,45.11285],[2.55798,45.11186],[2.55739,45.10961],[2.5565,45.10834],[2.55617,45.10513],[2.55447,45.10455],[2.55139,45.10402],[2.55184,45.10184],[2.55571,45.10049],[2.55846,45.09917],[2.55816,45.09712],[2.5611,45.09667],[2.56359,45.09678],[2.56418,45.0963],[2.56645,45.09648],[2.56742,45.09519],[2.56894,45.09533],[2.56857,45.09411],[2.56548,45.09366],[2.56138,45.09237],[2.55575,45.09318],[2.55351,45.0933],[2.55108,45.09258],[2.54746,45.09342],[2.54634,45.09292],[2.54083,45.09184],[2.5385,45.09109],[2.53678,45.09157],[2.53464,45.09122],[2.53328,45.09178],[2.53,45.09241],[2.52717,45.09248],[2.52319,45.0932],[2.52158,45.09381],[2.51885,45.09538],[2.51745,45.09526],[2.51548,45.09604],[2.51436,45.09718],[2.51307,45.09628],[2.50863,45.09683],[2.50717,45.09638],[2.50564,45.0967],[2.50512,45.09436],[2.50347,45.09431],[2.50224,45.09486],[2.49896,45.09549],[2.49453,45.09541],[2.48938,45.09639],[2.49035,45.09788],[2.48895,45.10011],[2.48475,45.10172],[2.48761,45.10329],[2.48736,45.10437],[2.48838,45.10604],[2.49071,45.10748],[2.49205,45.10952],[2.49375,45.10972],[2.49413,45.11045],[2.49278,45.11267],[2.48999,45.11301],[2.48732,45.11437],[2.48536,45.11427],[2.4837,45.11485],[2.48228,45.11603],[2.4807,45.11655],[2.47768,45.11685],[2.47622,45.11773],[2.47691,45.1191],[2.47433,45.11863],[2.47352,45.11949],[2.47229,45.11889],[2.47064,45.11913],[2.47016,45.12033],[2.47148,45.12153],[2.47141,45.12275],[2.47334,45.12368],[2.47178,45.12563],[2.47573,45.12464],[2.47679,45.12559],[2.47694,45.12809],[2.47764,45.12854],[2.4803,45.12888],[2.48197,45.13016]]]}},{"type":"Feature","id":"fr-commune-15072","properties":{"id":"fr-commune-15072","name":"Freix-Anglards","kind":"commune","center":[2.3791,45.018],"code":"15072","department":"15"},"bbox":[2.34238,44.99474,2.41588,45.04121],"geometry":{"type":"Polygon","coordinates":[[[2.34281,45.01082],[2.34407,45.01065],[2.34546,45.01157],[2.34747,45.01211],[2.34812,45.01272],[2.34903,45.01488],[2.34989,45.01575],[2.35066,45.01826],[2.35033,45.01928],[2.34847,45.02047],[2.34937,45.02172],[2.34975,45.02346],[2.3509,45.02428],[2.35263,45.02422],[2.35463,45.02552],[2.35448,45.0273],[2.35374,45.03033],[2.35385,45.03158],[2.3555,45.03256],[2.35727,45.03015],[2.35979,45.02994],[2.35967,45.03111],[2.3602,45.03274],[2.36354,45.03202],[2.3665,45.03169],[2.36545,45.03317],[2.36782,45.03357],[2.36852,45.03452],[2.37099,45.03466],[2.37206,45.03579],[2.37024,45.03664],[2.37196,45.03788],[2.37215,45.03991],[2.37444,45.03939],[2.37568,45.03872],[2.37759,45.03856],[2.38149,45.03743],[2.38307,45.03828],[2.38437,45.03701],[2.38764,45.03544],[2.38917,45.03656],[2.39174,45.03508],[2.39325,45.03726],[2.39833,45.04094],[2.39926,45.04121],[2.39974,45.03911],[2.39928,45.03808],[2.3976,45.03731],[2.39624,45.03531],[2.39536,45.03325],[2.39453,45.03223],[2.39576,45.03181],[2.3974,45.03207],[2.39872,45.03174],[2.4007,45.03212],[2.40235,45.03119],[2.40457,45.03102],[2.40786,45.03139],[2.41239,45.03099],[2.41398,45.03115],[2.41462,45.02788],[2.41582,45.02697],[2.4128,45.02306],[2.4128,45.02148],[2.41489,45.02073],[2.41588,45.01907],[2.41256,45.01641],[2.41119,45.01604],[2.40791,45.0141],[2.40649,45.01198],[2.40352,45.01053],[2.40222,45.01142],[2.39756,45.00962],[2.394,45.00973],[2.39396,45.01049],[2.39275,45.01145],[2.38974,45.01142],[2.3885,45.01341],[2.38704,45.01156],[2.38451,45.00992],[2.38544,45.00859],[2.38449,45.00811],[2.3857,45.00544],[2.38723,45.00461],[2.38563,45.00233],[2.38665,45.00165],[2.38868,45.00174],[2.38841,45.00006],[2.38886,44.99936],[2.38831,44.99796],[2.38639,44.99661],[2.3836,44.99662],[2.3817,44.99608],[2.37823,44.9959],[2.37733,44.99656],[2.37631,44.99558],[2.37361,44.99557],[2.37261,44.99505],[2.37056,44.99604],[2.3689,44.99593],[2.36657,44.99474],[2.3646,44.9961],[2.36332,44.99579],[2.36127,44.99657],[2.35979,44.9962],[2.36008,44.9981],[2.35786,44.99796],[2.35603,44.99645],[2.35527,44.9981],[2.35444,44.99842],[2.35272,44.99754],[2.35052,44.9976],[2.34953,44.99911],[2.34829,44.99959],[2.34803,45.00093],[2.34895,45.0013],[2.34768,45.00301],[2.34725,45.00442],[2.34741,45.00582],[2.34501,45.00643],[2.34238,45.00882],[2.34281,45.01082]]]}},{"type":"Feature","id":"fr-commune-15073","properties":{"id":"fr-commune-15073","name":"Fridefont","kind":"commune","center":[3.0908,44.9061],"code":"15073","department":"15"},"bbox":[3.05342,44.88133,3.12815,44.93095],"geometry":{"type":"Polygon","coordinates":[[[3.12815,44.90365],[3.12561,44.901],[3.12486,44.89885],[3.12505,44.89735],[3.12444,44.89675],[3.12174,44.89589],[3.12134,44.89429],[3.1235,44.89213],[3.12429,44.89075],[3.12336,44.88944],[3.12099,44.88994],[3.11762,44.89003],[3.11692,44.89062],[3.11727,44.89316],[3.11712,44.89436],[3.11506,44.89428],[3.11328,44.88961],[3.11155,44.88793],[3.10989,44.88707],[3.10585,44.88714],[3.10356,44.88684],[3.10265,44.88599],[3.10303,44.8846],[3.09937,44.88416],[3.09949,44.88258],[3.09783,44.88133],[3.09643,44.88166],[3.09657,44.88269],[3.09398,44.88284],[3.09399,44.88388],[3.09215,44.88375],[3.09034,44.88543],[3.09042,44.88676],[3.09155,44.88695],[3.09265,44.88793],[3.09387,44.88976],[3.09085,44.89001],[3.08871,44.89115],[3.08644,44.89121],[3.0875,44.89004],[3.08673,44.88898],[3.08363,44.88984],[3.0812,44.89223],[3.07978,44.89299],[3.0783,44.89479],[3.07634,44.89567],[3.0746,44.89704],[3.07364,44.89708],[3.07083,44.89831],[3.06973,44.90076],[3.06955,44.90266],[3.06822,44.90358],[3.06687,44.9016],[3.06463,44.90382],[3.0641,44.90306],[3.06126,44.90365],[3.06082,44.90212],[3.05839,44.90152],[3.05708,44.90288],[3.05696,44.90413],[3.05616,44.90549],[3.05342,44.90755],[3.0544,44.90897],[3.05929,44.90779],[3.06227,44.9085],[3.06427,44.91006],[3.06544,44.91174],[3.06594,44.9135],[3.06526,44.91414],[3.06159,44.91474],[3.05749,44.91651],[3.05636,44.91739],[3.05625,44.91846],[3.05729,44.91947],[3.05929,44.91981],[3.062,44.91952],[3.06339,44.91875],[3.06452,44.91744],[3.06637,44.91678],[3.06832,44.91736],[3.06895,44.91837],[3.06815,44.9208],[3.06843,44.92172],[3.07053,44.92276],[3.07177,44.92298],[3.07542,44.92214],[3.07629,44.92157],[3.08028,44.9192],[3.08348,44.91794],[3.08611,44.91728],[3.08787,44.9175],[3.09003,44.91878],[3.0939,44.92151],[3.10079,44.92449],[3.10302,44.92601],[3.10599,44.92871],[3.10631,44.93095],[3.10808,44.93058],[3.10906,44.92886],[3.10618,44.92671],[3.10618,44.92496],[3.10886,44.92267],[3.10922,44.92075],[3.10814,44.91733],[3.10898,44.91595],[3.11147,44.91537],[3.11343,44.9163],[3.11306,44.91829],[3.11118,44.92015],[3.11252,44.92175],[3.11712,44.92229],[3.11736,44.92281],[3.11972,44.92276],[3.12062,44.92154],[3.12257,44.92055],[3.12147,44.91899],[3.11857,44.91764],[3.11977,44.91693],[3.12075,44.9151],[3.12371,44.91461],[3.12512,44.91393],[3.12529,44.91164],[3.12636,44.90991],[3.12659,44.90814],[3.12591,44.90676],[3.12598,44.9054],[3.12772,44.90448],[3.12815,44.90365]]]}},{"type":"Feature","id":"fr-commune-15074","properties":{"id":"fr-commune-15074","name":"Giou-de-Mamou","kind":"commune","center":[2.5089,44.9355],"code":"15074","department":"15"},"bbox":[2.47343,44.9031,2.54451,44.96791],"geometry":{"type":"Polygon","coordinates":[[[2.48315,44.91861],[2.4817,44.91928],[2.47936,44.92226],[2.48,44.92288],[2.47861,44.92378],[2.47918,44.92482],[2.47768,44.92565],[2.47532,44.9251],[2.47425,44.92754],[2.47343,44.93032],[2.47585,44.92937],[2.47843,44.9296],[2.48097,44.93081],[2.4811,44.9318],[2.48381,44.93252],[2.4841,44.93493],[2.48716,44.9346],[2.48657,44.93635],[2.48782,44.93724],[2.48813,44.93817],[2.48745,44.94002],[2.48903,44.94011],[2.48954,44.94091],[2.49145,44.94145],[2.49291,44.94302],[2.49524,44.94109],[2.49602,44.9437],[2.498,44.94528],[2.49578,44.94833],[2.49674,44.94958],[2.49823,44.95058],[2.49792,44.95175],[2.50231,44.95452],[2.50408,44.95609],[2.5084,44.95664],[2.50909,44.95511],[2.51039,44.95613],[2.51101,44.95403],[2.51252,44.95311],[2.51269,44.95207],[2.51568,44.95177],[2.51681,44.95218],[2.51869,44.95087],[2.52111,44.95045],[2.52185,44.95178],[2.52508,44.95393],[2.52321,44.95489],[2.5244,44.95553],[2.52757,44.95881],[2.52992,44.96004],[2.53272,44.96101],[2.53513,44.96542],[2.53807,44.96621],[2.53931,44.96692],[2.53958,44.96791],[2.54451,44.96621],[2.54344,44.96558],[2.54054,44.96547],[2.53895,44.9645],[2.54286,44.96267],[2.54092,44.96162],[2.53963,44.96174],[2.53827,44.96047],[2.54019,44.95986],[2.54106,44.95848],[2.54045,44.95804],[2.53825,44.95843],[2.53667,44.95825],[2.53742,44.9565],[2.5341,44.95686],[2.53387,44.95588],[2.53254,44.95484],[2.53044,44.95152],[2.52993,44.94995],[2.53093,44.94805],[2.52948,44.94778],[2.53017,44.94666],[2.53151,44.9475],[2.53307,44.94753],[2.53386,44.94654],[2.53587,44.9453],[2.53329,44.94352],[2.5337,44.94211],[2.52935,44.93858],[2.52889,44.93653],[2.52961,44.93427],[2.52848,44.93343],[2.5292,44.93268],[2.52655,44.93214],[2.52327,44.93056],[2.52324,44.92877],[2.51837,44.92573],[2.51795,44.92495],[2.51166,44.9231],[2.51006,44.92328],[2.50925,44.92056],[2.50716,44.92019],[2.50848,44.91931],[2.50918,44.91732],[2.50912,44.9148],[2.5122,44.91473],[2.51179,44.9125],[2.51029,44.9111],[2.50865,44.91172],[2.50825,44.90902],[2.50683,44.90751],[2.50497,44.90657],[2.50079,44.9075],[2.49846,44.90663],[2.49791,44.90578],[2.49638,44.90561],[2.49539,44.90534],[2.49335,44.9031],[2.49248,44.90392],[2.49181,44.90621],[2.49175,44.90788],[2.49354,44.90943],[2.49244,44.91234],[2.4934,44.91279],[2.49276,44.91419],[2.49055,44.91491],[2.49201,44.91626],[2.49543,44.9185],[2.49404,44.91886],[2.49153,44.91811],[2.49075,44.91905],[2.49063,44.92026],[2.49152,44.9212],[2.48924,44.92161],[2.48721,44.92238],[2.48429,44.91892],[2.48315,44.91861]]]}},{"type":"Feature","id":"fr-commune-15075","properties":{"id":"fr-commune-15075","name":"Girgols","kind":"commune","center":[2.5224,45.05],"code":"15075","department":"15"},"bbox":[2.46728,45.0272,2.57792,45.07259],"geometry":{"type":"Polygon","coordinates":[[[2.51329,45.06182],[2.51452,45.06177],[2.51633,45.06082],[2.5178,45.06319],[2.52084,45.06554],[2.52168,45.06757],[2.52321,45.06869],[2.52448,45.06883],[2.52487,45.0699],[2.52671,45.06941],[2.52619,45.06707],[2.52625,45.06576],[2.52804,45.06289],[2.53345,45.06305],[2.53387,45.06413],[2.53644,45.06513],[2.54086,45.06626],[2.54242,45.0674],[2.5441,45.07045],[2.54564,45.07259],[2.54703,45.07239],[2.5453,45.06937],[2.54308,45.06744],[2.54378,45.0668],[2.54916,45.0669],[2.55109,45.06606],[2.55499,45.06672],[2.55964,45.06682],[2.5612,45.06662],[2.56408,45.06707],[2.56822,45.06735],[2.5684,45.06558],[2.57454,45.06689],[2.57792,45.06378],[2.57664,45.0631],[2.57487,45.06288],[2.57163,45.06135],[2.57024,45.06001],[2.56557,45.05864],[2.56348,45.05852],[2.56172,45.05764],[2.56103,45.05672],[2.55944,45.0561],[2.55841,45.05405],[2.55477,45.05216],[2.55152,45.05289],[2.55019,45.05253],[2.54637,45.0498],[2.54224,45.04859],[2.53958,45.0481],[2.53875,45.04698],[2.53735,45.04658],[2.53514,45.0477],[2.5344,45.04618],[2.53454,45.0449],[2.53208,45.04452],[2.53026,45.04476],[2.52894,45.04403],[2.52483,45.04429],[2.52186,45.04341],[2.51981,45.0431],[2.51957,45.04148],[2.51763,45.04106],[2.51575,45.04017],[2.51645,45.03891],[2.51639,45.03761],[2.51799,45.03588],[2.51575,45.03463],[2.5166,45.03284],[2.5184,45.03189],[2.51832,45.03045],[2.51404,45.02887],[2.51201,45.02866],[2.51209,45.03044],[2.50818,45.03117],[2.50699,45.03115],[2.5049,45.03018],[2.502,45.031],[2.5008,45.02928],[2.5018,45.02872],[2.50268,45.0272],[2.50011,45.02738],[2.497,45.02878],[2.49478,45.0291],[2.49301,45.02878],[2.48977,45.02871],[2.48698,45.02909],[2.48757,45.03106],[2.48842,45.03197],[2.48702,45.03289],[2.48545,45.03134],[2.48116,45.03127],[2.47618,45.03255],[2.47538,45.03096],[2.47418,45.03187],[2.47253,45.0312],[2.47111,45.03294],[2.47361,45.03429],[2.47414,45.03738],[2.47292,45.03836],[2.47311,45.03912],[2.46984,45.03916],[2.46997,45.03967],[2.47213,45.04118],[2.47069,45.04267],[2.4693,45.04181],[2.46728,45.04262],[2.4676,45.04375],[2.47,45.04475],[2.47119,45.04364],[2.473,45.04412],[2.47504,45.04229],[2.47963,45.0419],[2.48127,45.04335],[2.48307,45.04389],[2.48425,45.04486],[2.48785,45.04437],[2.49121,45.04358],[2.49185,45.04386],[2.4946,45.04348],[2.49563,45.04254],[2.4985,45.04272],[2.49854,45.04383],[2.49946,45.04435],[2.49908,45.04547],[2.50175,45.04668],[2.50419,45.0468],[2.50432,45.04512],[2.50586,45.04486],[2.50856,45.04516],[2.51227,45.04333],[2.51546,45.04463],[2.52066,45.04494],[2.52288,45.04539],[2.52447,45.04633],[2.52581,45.04848],[2.5274,45.04938],[2.52391,45.04939],[2.52302,45.04997],[2.51998,45.04984],[2.52259,45.05141],[2.52417,45.05074],[2.5241,45.05006],[2.5281,45.05019],[2.52929,45.05179],[2.52732,45.05256],[2.52596,45.05195],[2.5238,45.05267],[2.52171,45.05284],[2.52126,45.05443],[2.51974,45.05488],[2.52,45.05614],[2.51803,45.05682],[2.51348,45.05677],[2.51265,45.05758],[2.51329,45.06182]]]}},{"type":"Feature","id":"fr-commune-15076","properties":{"id":"fr-commune-15076","name":"Glénat","kind":"commune","center":[2.1745,44.8965],"code":"15076","department":"15"},"bbox":[2.13943,44.85819,2.2093,44.93486],"geometry":{"type":"Polygon","coordinates":[[[2.15713,44.86277],[2.15941,44.86268],[2.16224,44.8657],[2.1627,44.86692],[2.16262,44.8691],[2.16444,44.87071],[2.1632,44.873],[2.16234,44.8736],[2.16296,44.87584],[2.16272,44.87707],[2.16178,44.87744],[2.16208,44.8786],[2.16129,44.87922],[2.16046,44.88131],[2.16038,44.88305],[2.15948,44.88326],[2.1555,44.88653],[2.15613,44.88827],[2.15537,44.8911],[2.15204,44.89182],[2.15,44.89384],[2.15009,44.8948],[2.14813,44.8959],[2.14522,44.89518],[2.14434,44.8946],[2.14314,44.89521],[2.14323,44.89678],[2.14255,44.89792],[2.14058,44.89918],[2.13984,44.90013],[2.14117,44.90132],[2.142,44.90292],[2.14359,44.90309],[2.14574,44.90442],[2.14594,44.9053],[2.14435,44.90698],[2.14349,44.90719],[2.14206,44.90878],[2.14328,44.90994],[2.14077,44.91178],[2.13946,44.9133],[2.13943,44.91425],[2.14031,44.91682],[2.14305,44.91674],[2.14343,44.91886],[2.14274,44.92001],[2.14498,44.92314],[2.14726,44.92286],[2.15018,44.92296],[2.15365,44.92378],[2.15541,44.92454],[2.15262,44.92734],[2.15139,44.92794],[2.14826,44.92858],[2.14892,44.93054],[2.15014,44.9313],[2.15764,44.93269],[2.16334,44.93291],[2.16538,44.93486],[2.16598,44.93224],[2.16887,44.93201],[2.1724,44.93137],[2.17423,44.93181],[2.1768,44.93171],[2.18072,44.93066],[2.18191,44.92955],[2.18221,44.92809],[2.18526,44.9271],[2.1883,44.92553],[2.19146,44.92572],[2.1938,44.92656],[2.19456,44.92625],[2.19742,44.92701],[2.19959,44.92607],[2.20133,44.92386],[2.20123,44.92235],[2.20494,44.92063],[2.20558,44.91953],[2.20757,44.91801],[2.20676,44.91639],[2.20845,44.91522],[2.2093,44.9135],[2.20865,44.91296],[2.20767,44.91216],[2.20569,44.91225],[2.2047,44.91179],[2.20332,44.9122],[2.19999,44.91141],[2.1975,44.90962],[2.19726,44.90892],[2.19513,44.90846],[2.19499,44.90752],[2.19641,44.90648],[2.19598,44.9046],[2.19704,44.90214],[2.19839,44.90196],[2.19878,44.90107],[2.1978,44.89858],[2.19875,44.89796],[2.19869,44.89603],[2.19708,44.89563],[2.19629,44.88941],[2.19722,44.88848],[2.19719,44.88657],[2.19591,44.8854],[2.19458,44.8862],[2.19326,44.88632],[2.19068,44.88481],[2.1872,44.88436],[2.18669,44.88341],[2.18556,44.88319],[2.18307,44.88494],[2.18149,44.88463],[2.17848,44.88457],[2.1755,44.88558],[2.17606,44.88323],[2.17747,44.88265],[2.17495,44.88134],[2.17355,44.88097],[2.17496,44.87978],[2.17547,44.87731],[2.1716,44.87737],[2.1713,44.87664],[2.1731,44.87624],[2.17567,44.87632],[2.17583,44.87564],[2.17304,44.87588],[2.17279,44.8748],[2.17172,44.87458],[2.17497,44.87204],[2.17263,44.87027],[2.17053,44.86778],[2.17054,44.8667],[2.17433,44.86698],[2.17699,44.86626],[2.17856,44.86479],[2.17924,44.86254],[2.17766,44.86272],[2.17801,44.86113],[2.1765,44.85996],[2.17309,44.86018],[2.17265,44.85887],[2.16709,44.85819],[2.165,44.85882],[2.16366,44.85881],[2.15973,44.86174],[2.15713,44.86277]]]}},{"type":"Feature","id":"fr-commune-15077","properties":{"id":"fr-commune-15077","name":"Gourdièges","kind":"commune","center":[2.8823,44.9448],"code":"15077","department":"15"},"bbox":[2.86147,44.92461,2.90338,44.9655],"geometry":{"type":"Polygon","coordinates":[[[2.86624,44.95105],[2.86725,44.95106],[2.86775,44.95358],[2.87025,44.95345],[2.87183,44.95301],[2.87466,44.95356],[2.87587,44.95527],[2.87639,44.95761],[2.87867,44.95889],[2.88063,44.96283],[2.88592,44.96299],[2.88961,44.96385],[2.89343,44.96354],[2.89474,44.96455],[2.89873,44.9655],[2.90107,44.96003],[2.90338,44.95755],[2.90089,44.95549],[2.9005,44.95432],[2.90219,44.95179],[2.90243,44.95008],[2.90034,44.94904],[2.90038,44.94846],[2.89879,44.94748],[2.8946,44.94725],[2.89541,44.94521],[2.89873,44.94168],[2.90176,44.9414],[2.90226,44.94049],[2.8972,44.94057],[2.89312,44.93944],[2.89413,44.93857],[2.89191,44.93744],[2.89057,44.93745],[2.88985,44.93542],[2.88693,44.93384],[2.88452,44.93315],[2.88156,44.93138],[2.8769,44.92997],[2.87021,44.93083],[2.86942,44.92922],[2.87086,44.92823],[2.87403,44.92785],[2.87515,44.92627],[2.87437,44.92461],[2.87184,44.92476],[2.86704,44.92612],[2.86604,44.92759],[2.86591,44.92902],[2.86512,44.93012],[2.86559,44.93127],[2.86347,44.93099],[2.8636,44.93558],[2.86391,44.93685],[2.86547,44.93782],[2.86577,44.93977],[2.86673,44.94116],[2.86572,44.94179],[2.86677,44.94262],[2.86147,44.94515],[2.86428,44.94731],[2.86624,44.95105]]]}},{"type":"Feature","id":"fr-commune-15078","properties":{"id":"fr-commune-15078","name":"Jabrun","kind":"commune","center":[2.9627,44.7974],"code":"15078","department":"15"},"bbox":[2.91549,44.74554,3.01039,44.84947],"geometry":{"type":"Polygon","coordinates":[[[2.94772,44.84672],[2.94946,44.8443],[2.95171,44.84234],[2.95401,44.84206],[2.95676,44.84006],[2.96101,44.83943],[2.9623,44.83498],[2.963,44.83433],[2.96151,44.833],[2.95993,44.83296],[2.96007,44.83136],[2.95935,44.82948],[2.95976,44.82888],[2.96376,44.82792],[2.96459,44.82663],[2.9661,44.82588],[2.967,44.82462],[2.96684,44.82356],[2.96532,44.82201],[2.96663,44.81929],[2.9671,44.81706],[2.97004,44.81555],[2.97242,44.81389],[2.9732,44.81269],[2.97672,44.81143],[2.97709,44.81046],[2.97673,44.80778],[2.97788,44.80636],[2.97816,44.80422],[2.9799,44.80262],[2.98021,44.79999],[2.97998,44.79775],[2.98045,44.79697],[2.9821,44.79632],[2.98507,44.79294],[2.98557,44.79054],[2.98829,44.78975],[2.99904,44.79037],[3.00312,44.78518],[3.00569,44.78215],[3.00764,44.77934],[3.01039,44.77639],[3.00416,44.77572],[3.00156,44.77506],[3.00017,44.77412],[2.99768,44.77081],[2.99779,44.76947],[2.99969,44.76907],[3.00036,44.7684],[3.00347,44.76703],[3.00338,44.7661],[3.0043,44.76384],[3.00178,44.76142],[2.99998,44.75862],[2.99792,44.75492],[2.9971,44.75388],[2.99398,44.75239],[2.99218,44.75113],[2.99008,44.74917],[2.98887,44.7475],[2.98501,44.74577],[2.98182,44.74554],[2.97955,44.74681],[2.9742,44.74764],[2.9751,44.74882],[2.97544,44.75035],[2.97465,44.75128],[2.9742,44.75412],[2.97434,44.7561],[2.97369,44.75722],[2.97016,44.75683],[2.96707,44.75574],[2.96676,44.7572],[2.96735,44.75788],[2.96755,44.75999],[2.96602,44.76149],[2.96536,44.76345],[2.96546,44.76612],[2.96483,44.76735],[2.96394,44.77103],[2.96173,44.7723],[2.9628,44.77336],[2.9629,44.77497],[2.96148,44.77585],[2.96068,44.77786],[2.95809,44.77867],[2.95864,44.78026],[2.95835,44.78236],[2.95647,44.7826],[2.95585,44.78108],[2.95402,44.78182],[2.95137,44.78213],[2.94788,44.78109],[2.94398,44.7813],[2.94174,44.78181],[2.93948,44.78178],[2.93426,44.78066],[2.93332,44.78115],[2.93254,44.78277],[2.93054,44.78527],[2.929,44.78633],[2.92732,44.7867],[2.92625,44.78781],[2.92496,44.79137],[2.92246,44.79272],[2.92019,44.79431],[2.9181,44.79587],[2.91549,44.79978],[2.91555,44.80194],[2.92124,44.80472],[2.92134,44.80514],[2.92564,44.80798],[2.92807,44.80758],[2.9311,44.81201],[2.93277,44.81359],[2.9345,44.81251],[2.93394,44.81012],[2.93752,44.81029],[2.93915,44.81071],[2.94076,44.8104],[2.9436,44.81052],[2.94732,44.81013],[2.94833,44.80923],[2.94974,44.80973],[2.94714,44.81219],[2.94688,44.81336],[2.94538,44.81463],[2.94524,44.81604],[2.9432,44.81771],[2.94188,44.81788],[2.94048,44.8174],[2.93931,44.81864],[2.93938,44.82095],[2.94052,44.82132],[2.94098,44.82263],[2.93901,44.82287],[2.93663,44.82509],[2.93837,44.82637],[2.93678,44.82799],[2.93586,44.8311],[2.93598,44.83227],[2.935,44.83316],[2.93483,44.83449],[2.93708,44.83603],[2.93769,44.83828],[2.93888,44.83911],[2.93727,44.84139],[2.93687,44.84333],[2.93578,44.84464],[2.93593,44.84548],[2.93311,44.84719],[2.93286,44.84931],[2.93505,44.84917],[2.93666,44.84947],[2.93813,44.849],[2.94037,44.8475],[2.94209,44.848],[2.94403,44.84704],[2.94665,44.84746],[2.94772,44.84672]]]}},{"type":"Feature","id":"fr-commune-15079","properties":{"id":"fr-commune-15079","name":"Jaleyrac","kind":"commune","center":[2.3657,45.2715],"code":"15079","department":"15"},"bbox":[2.337,45.23893,2.39437,45.30399],"geometry":{"type":"Polygon","coordinates":[[[2.35205,45.29536],[2.35351,45.29701],[2.35336,45.29849],[2.35434,45.30126],[2.35347,45.30187],[2.35311,45.30399],[2.35416,45.30349],[2.35587,45.30163],[2.35749,45.30105],[2.35989,45.30107],[2.35971,45.29942],[2.36043,45.2987],[2.36434,45.29813],[2.36534,45.29889],[2.36776,45.2991],[2.369,45.2978],[2.37175,45.29719],[2.37311,45.29751],[2.37458,45.29863],[2.37618,45.2974],[2.3785,45.29806],[2.38044,45.29745],[2.3811,45.2966],[2.38014,45.29579],[2.38136,45.29454],[2.38108,45.29263],[2.3839,45.29187],[2.38249,45.29025],[2.3823,45.28882],[2.3834,45.28827],[2.38359,45.2872],[2.38491,45.28585],[2.3862,45.2858],[2.38715,45.28364],[2.38632,45.28189],[2.38689,45.28153],[2.38645,45.27964],[2.38721,45.27932],[2.38678,45.27679],[2.38882,45.27517],[2.39045,45.27492],[2.39116,45.27416],[2.39053,45.27315],[2.39247,45.27181],[2.39166,45.26987],[2.39204,45.26849],[2.39429,45.26717],[2.39364,45.26547],[2.39263,45.26436],[2.39245,45.26328],[2.39377,45.26211],[2.39229,45.26182],[2.39199,45.26026],[2.3931,45.25955],[2.39323,45.25752],[2.39437,45.2572],[2.39349,45.25598],[2.39101,45.25409],[2.38942,45.25449],[2.38732,45.25413],[2.38693,45.25346],[2.3876,45.25213],[2.38655,45.25107],[2.38521,45.24847],[2.38375,45.24919],[2.38323,45.24802],[2.3818,45.24712],[2.37939,45.24923],[2.37514,45.24838],[2.37488,45.24883],[2.37628,45.25068],[2.37456,45.25104],[2.37437,45.25207],[2.37578,45.25252],[2.3761,45.25445],[2.37431,45.25396],[2.37437,45.25275],[2.37304,45.25216],[2.37297,45.2514],[2.37418,45.25059],[2.37189,45.24982],[2.37119,45.25167],[2.36979,45.25054],[2.36546,45.24928],[2.36527,45.24779],[2.36386,45.24712],[2.36399,45.24622],[2.36202,45.24581],[2.36132,45.24635],[2.35947,45.24644],[2.35864,45.24514],[2.35836,45.24266],[2.36087,45.2424],[2.36106,45.24145],[2.35858,45.24096],[2.35928,45.23925],[2.35769,45.23893],[2.35546,45.24145],[2.35508,45.24438],[2.35272,45.24559],[2.34985,45.24373],[2.34848,45.24074],[2.34672,45.24406],[2.34851,45.24458],[2.34497,45.24721],[2.34446,45.24831],[2.34553,45.24869],[2.34585,45.25073],[2.34451,45.25284],[2.34642,45.25433],[2.3447,45.25581],[2.34432,45.25725],[2.34277,45.25701],[2.34323,45.25601],[2.3412,45.25586],[2.34158,45.25725],[2.33986,45.25927],[2.33973,45.26089],[2.3384,45.26089],[2.33854,45.26237],[2.33967,45.26364],[2.33903,45.2649],[2.34177,45.2657],[2.34005,45.26634],[2.34037,45.26724],[2.33959,45.26812],[2.337,45.26844],[2.33712,45.2693],[2.33922,45.26998],[2.34298,45.27011],[2.34381,45.27097],[2.34712,45.27097],[2.35018,45.27286],[2.35133,45.27178],[2.35375,45.27272],[2.35753,45.27274],[2.35897,45.27378],[2.35866,45.27515],[2.36101,45.27708],[2.36229,45.27731],[2.36292,45.27875],[2.36305,45.28216],[2.35805,45.28551],[2.35925,45.28654],[2.35852,45.28858],[2.35722,45.28975],[2.35603,45.28999],[2.35539,45.29133],[2.35407,45.2926],[2.35308,45.29242],[2.35207,45.29331],[2.35249,45.29462],[2.35205,45.29536]]]}},{"type":"Feature","id":"fr-commune-15080","properties":{"id":"fr-commune-15080","name":"Joursac","kind":"commune","center":[3.0158,45.1617],"code":"15080","department":"15"},"bbox":[2.98333,45.12868,3.04828,45.1948],"geometry":{"type":"Polygon","coordinates":[[[3.03774,45.1662],[3.03583,45.1657],[3.03493,45.16478],[3.03601,45.16324],[3.03598,45.16232],[3.03697,45.16084],[3.03552,45.16023],[3.03731,45.15941],[3.03574,45.15871],[3.03521,45.15694],[3.03191,45.15611],[3.02948,45.15491],[3.02956,45.15397],[3.02689,45.15482],[3.02568,45.15378],[3.02666,45.15318],[3.02916,45.15029],[3.02762,45.1489],[3.02668,45.14926],[3.02483,45.14891],[3.02545,45.14801],[3.0244,45.145],[3.02306,45.14487],[3.02248,45.14375],[3.0241,45.14176],[3.02295,45.14115],[3.02465,45.13969],[3.02318,45.1392],[3.02094,45.13769],[3.01915,45.13725],[3.01701,45.13501],[3.01829,45.13342],[3.01815,45.13199],[3.01712,45.13127],[3.01742,45.12952],[3.01613,45.12868],[3.01474,45.12968],[3.01225,45.12992],[3.0117,45.13077],[3.01166,45.13336],[3.01369,45.13483],[3.01148,45.13602],[3.00712,45.13428],[3.00429,45.13422],[3.00237,45.13374],[3.00065,45.13427],[2.9993,45.13402],[2.99836,45.13475],[2.99541,45.13505],[2.99321,45.1359],[2.98984,45.136],[2.99028,45.13839],[2.99117,45.13993],[2.99277,45.14086],[2.99126,45.14267],[2.99154,45.14443],[2.98916,45.14413],[2.98637,45.14418],[2.98567,45.14333],[2.98427,45.14429],[2.98506,45.14617],[2.9847,45.1486],[2.98333,45.15059],[2.98411,45.15253],[2.9853,45.15357],[2.98871,45.15474],[2.99051,45.15595],[2.99169,45.15722],[2.99212,45.15947],[2.99306,45.16071],[2.99289,45.16227],[2.99324,45.16446],[2.99304,45.16612],[2.99351,45.16883],[2.99285,45.17134],[2.99449,45.17706],[2.99535,45.17822],[2.99686,45.18172],[2.99782,45.18231],[2.99816,45.18439],[2.99752,45.18652],[2.99732,45.19014],[2.9967,45.19123],[2.99703,45.19322],[2.99655,45.19386],[2.99864,45.19382],[3.00378,45.19298],[3.00521,45.19442],[3.00774,45.19413],[3.00932,45.1948],[3.00983,45.19377],[3.01103,45.19308],[3.0129,45.19059],[3.01542,45.19152],[3.01803,45.19208],[3.01953,45.19194],[3.02286,45.1926],[3.02632,45.1924],[3.02858,45.19262],[3.02936,45.19168],[3.03081,45.19119],[3.03394,45.19239],[3.03601,45.19234],[3.03831,45.19278],[3.03767,45.19144],[3.04026,45.1899],[3.0405,45.189],[3.0426,45.18799],[3.04602,45.1868],[3.04504,45.18451],[3.04828,45.18449],[3.04683,45.18287],[3.04477,45.1833],[3.04241,45.18335],[3.04112,45.18197],[3.03864,45.18176],[3.0392,45.1809],[3.0385,45.17948],[3.03728,45.17853],[3.03838,45.17623],[3.03845,45.17529],[3.03974,45.17466],[3.03857,45.17354],[3.03974,45.173],[3.03958,45.17121],[3.03763,45.16836],[3.03833,45.16723],[3.03774,45.1662]]]}},{"type":"Feature","id":"fr-commune-15081","properties":{"id":"fr-commune-15081","name":"Jou-sous-Monjou","kind":"commune","center":[2.6605,44.9411],"code":"15081","department":"15"},"bbox":[2.63907,44.92474,2.68196,44.95754],"geometry":{"type":"Polygon","coordinates":[[[2.68025,44.93479],[2.67783,44.9344],[2.67512,44.93332],[2.67386,44.93331],[2.67264,44.93202],[2.67247,44.93061],[2.67058,44.9308],[2.66984,44.93237],[2.66846,44.93177],[2.66889,44.93083],[2.66723,44.92945],[2.6658,44.92976],[2.66341,44.92887],[2.6611,44.92847],[2.65983,44.92708],[2.6549,44.92799],[2.65373,44.92556],[2.65165,44.92597],[2.65188,44.92474],[2.64959,44.92606],[2.64776,44.926],[2.64996,44.92869],[2.64887,44.92967],[2.64938,44.93129],[2.6504,44.93115],[2.65047,44.93367],[2.65156,44.93496],[2.65172,44.93604],[2.65035,44.93628],[2.64891,44.93752],[2.65136,44.93758],[2.65097,44.93872],[2.64803,44.93849],[2.64558,44.94129],[2.6438,44.94021],[2.6426,44.94075],[2.63967,44.94111],[2.63907,44.94227],[2.64047,44.94307],[2.64598,44.94766],[2.6461,44.94643],[2.64854,44.94741],[2.65154,44.94805],[2.65271,44.94697],[2.65879,44.94679],[2.65766,44.9479],[2.65787,44.94888],[2.65635,44.94983],[2.65826,44.95035],[2.66017,44.95176],[2.66071,44.95358],[2.66318,44.95451],[2.66431,44.95408],[2.66652,44.95483],[2.66788,44.95483],[2.66915,44.95553],[2.67101,44.95584],[2.67236,44.95368],[2.67245,44.95205],[2.67351,44.95061],[2.67529,44.95093],[2.67587,44.95362],[2.67505,44.95497],[2.67658,44.9555],[2.67877,44.95562],[2.68042,44.95754],[2.68196,44.95671],[2.68044,44.95477],[2.68164,44.95409],[2.67998,44.9527],[2.6788,44.95345],[2.67751,44.95217],[2.67617,44.95159],[2.67609,44.95079],[2.67797,44.94961],[2.67732,44.94803],[2.67634,44.94732],[2.67772,44.94523],[2.67893,44.94496],[2.67965,44.94208],[2.67943,44.94116],[2.6797,44.93785],[2.68045,44.93569],[2.68025,44.93479]]]}},{"type":"Feature","id":"fr-commune-15082","properties":{"id":"fr-commune-15082","name":"Junhac","kind":"commune","center":[2.4495,44.6945],"code":"15082","department":"15"},"bbox":[2.41837,44.65247,2.48044,44.73655],"geometry":{"type":"Polygon","coordinates":[[[2.48044,44.72008],[2.47988,44.71803],[2.48014,44.71321],[2.47801,44.71172],[2.47337,44.70922],[2.47114,44.70615],[2.47132,44.70508],[2.47423,44.70152],[2.47377,44.69987],[2.47424,44.69863],[2.4756,44.6991],[2.47667,44.69625],[2.47464,44.69171],[2.47722,44.68923],[2.47868,44.68716],[2.47781,44.68529],[2.47587,44.68467],[2.47594,44.68265],[2.47515,44.68087],[2.4742,44.67766],[2.47148,44.6767],[2.47149,44.67492],[2.47056,44.67382],[2.47077,44.67264],[2.4694,44.67107],[2.46843,44.67087],[2.46747,44.66952],[2.46464,44.66806],[2.46499,44.66606],[2.46805,44.6633],[2.46908,44.66193],[2.4706,44.66143],[2.47181,44.65983],[2.473,44.65751],[2.47295,44.65668],[2.47146,44.65651],[2.47046,44.65342],[2.46926,44.65247],[2.46757,44.65309],[2.46763,44.65406],[2.46657,44.65536],[2.46501,44.65573],[2.46338,44.65691],[2.46155,44.65718],[2.45895,44.65909],[2.45909,44.66004],[2.4583,44.66106],[2.45882,44.66172],[2.45608,44.66208],[2.45556,44.661],[2.45126,44.66214],[2.44993,44.66306],[2.44763,44.66224],[2.44245,44.66373],[2.44136,44.66164],[2.43685,44.66012],[2.43607,44.65913],[2.43308,44.65867],[2.43145,44.66143],[2.43145,44.6621],[2.4302,44.66464],[2.42929,44.66648],[2.42907,44.669],[2.43022,44.67005],[2.42981,44.67098],[2.43203,44.67321],[2.4287,44.67403],[2.42677,44.67487],[2.42433,44.67531],[2.42226,44.67698],[2.42145,44.68028],[2.42151,44.68073],[2.4192,44.6824],[2.42058,44.68285],[2.42171,44.68406],[2.4191,44.68596],[2.4186,44.68714],[2.42001,44.68838],[2.41837,44.6896],[2.42072,44.69073],[2.42441,44.69135],[2.42434,44.69278],[2.42292,44.69477],[2.42538,44.69634],[2.42847,44.69499],[2.43075,44.6949],[2.43428,44.69724],[2.43429,44.69897],[2.43224,44.7003],[2.43501,44.70219],[2.43748,44.70689],[2.43577,44.7074],[2.43859,44.70946],[2.43893,44.7102],[2.43748,44.71101],[2.4352,44.71076],[2.43306,44.71097],[2.43386,44.71209],[2.43229,44.71501],[2.43112,44.71497],[2.43071,44.71289],[2.42919,44.71209],[2.42822,44.71412],[2.43025,44.71532],[2.43064,44.71668],[2.4302,44.71881],[2.42961,44.71978],[2.43037,44.72056],[2.43058,44.72246],[2.42902,44.72315],[2.43176,44.72493],[2.4352,44.72778],[2.43769,44.72703],[2.43841,44.72734],[2.44244,44.7272],[2.44471,44.72625],[2.4481,44.72625],[2.44781,44.72747],[2.45001,44.72879],[2.45244,44.72863],[2.4513,44.73034],[2.45178,44.73172],[2.45365,44.73396],[2.45079,44.73534],[2.45309,44.73655],[2.4534,44.73574],[2.45499,44.73522],[2.4562,44.73601],[2.4577,44.73409],[2.461,44.73458],[2.46338,44.73537],[2.46564,44.7347],[2.4669,44.73378],[2.4663,44.73226],[2.46732,44.73177],[2.46696,44.73041],[2.47015,44.72854],[2.4751,44.72622],[2.47604,44.72595],[2.47789,44.72365],[2.47848,44.72167],[2.48044,44.72008]]]}},{"type":"Feature","id":"fr-commune-15083","properties":{"id":"fr-commune-15083","name":"Jussac","kind":"commune","center":[2.4189,44.997],"code":"15083","department":"15"},"bbox":[2.37594,44.97164,2.4615,45.02237],"geometry":{"type":"Polygon","coordinates":[[[2.43256,45.01498],[2.43273,45.01229],[2.43025,45.01151],[2.42966,45.01038],[2.43483,45.0085],[2.43573,45.00781],[2.43591,45.00575],[2.43309,45.00469],[2.4306,45.00181],[2.43035,45.00095],[2.42802,45.00025],[2.42705,45.00033],[2.42786,44.99768],[2.42924,44.99687],[2.42982,44.99788],[2.43122,44.99819],[2.43104,44.99971],[2.43312,44.99965],[2.43459,45.00018],[2.43411,45.00169],[2.43854,45.00127],[2.4391,44.99989],[2.44062,45.00029],[2.43997,45.00138],[2.44259,45.00162],[2.44281,45.00084],[2.44428,45.00016],[2.44785,45.00008],[2.45029,45.0003],[2.45292,44.99995],[2.45525,45.00068],[2.45674,45.00204],[2.45913,45.00229],[2.45908,45.00035],[2.45952,44.9994],[2.46143,44.99936],[2.46142,44.9981],[2.46028,44.99722],[2.46046,44.99604],[2.4615,44.99495],[2.46102,44.99352],[2.45923,44.99413],[2.45875,44.99533],[2.45983,44.99638],[2.45946,44.99812],[2.45671,44.99769],[2.45677,44.99683],[2.4555,44.99449],[2.45964,44.99365],[2.46051,44.99049],[2.45886,44.98999],[2.45715,44.99008],[2.45702,44.98925],[2.46013,44.98634],[2.45833,44.98605],[2.45567,44.98435],[2.45492,44.98348],[2.45196,44.98315],[2.45168,44.98483],[2.44927,44.98486],[2.44627,44.98435],[2.44402,44.98347],[2.44376,44.98262],[2.44178,44.98216],[2.44028,44.98293],[2.4375,44.98192],[2.43666,44.98066],[2.43661,44.97938],[2.43469,44.97994],[2.43285,44.9799],[2.43335,44.97895],[2.43227,44.97828],[2.42904,44.97734],[2.4286,44.97833],[2.42448,44.97811],[2.42473,44.97675],[2.42327,44.97657],[2.42245,44.97878],[2.41965,44.97834],[2.41946,44.97888],[2.41617,44.9787],[2.41534,44.97924],[2.41332,44.97865],[2.41313,44.9796],[2.40908,44.97988],[2.40825,44.97878],[2.40489,44.97834],[2.40046,44.97556],[2.40114,44.9742],[2.40019,44.9735],[2.3992,44.97424],[2.3981,44.97242],[2.3969,44.97164],[2.3955,44.97236],[2.39264,44.97207],[2.39274,44.97301],[2.3917,44.97574],[2.39063,44.97672],[2.39025,44.9779],[2.38804,44.97862],[2.39026,44.98258],[2.39234,44.98199],[2.39254,44.98308],[2.39469,44.98357],[2.39632,44.98541],[2.39834,44.98603],[2.39698,44.98757],[2.39837,44.9892],[2.39666,44.99049],[2.39571,44.99009],[2.39317,44.98789],[2.39241,44.98789],[2.39146,44.98933],[2.39015,44.9898],[2.38745,44.99142],[2.3848,44.99063],[2.38496,44.98982],[2.38294,44.98896],[2.38181,44.98973],[2.3839,44.99031],[2.38365,44.99102],[2.38175,44.99144],[2.3813,44.9928],[2.37832,44.99362],[2.37594,44.99377],[2.37631,44.99558],[2.37733,44.99656],[2.37823,44.9959],[2.3817,44.99608],[2.3836,44.99662],[2.38639,44.99661],[2.38831,44.99796],[2.38886,44.99936],[2.38841,45.00006],[2.38868,45.00174],[2.38665,45.00165],[2.38563,45.00233],[2.38723,45.00461],[2.3857,45.00544],[2.38449,45.00811],[2.38544,45.00859],[2.38451,45.00992],[2.38704,45.01156],[2.3885,45.01341],[2.38974,45.01142],[2.39275,45.01145],[2.39396,45.01049],[2.394,45.00973],[2.39756,45.00962],[2.40222,45.01142],[2.40352,45.01053],[2.40649,45.01198],[2.40791,45.0141],[2.41119,45.01604],[2.41256,45.01641],[2.41803,45.01576],[2.42071,45.01584],[2.42438,45.01711],[2.42845,45.02007],[2.43335,45.02237],[2.43319,45.02111],[2.42936,45.01934],[2.42833,45.01651],[2.42949,45.01606],[2.43231,45.01857],[2.43442,45.01848],[2.43408,45.01746],[2.433,45.01678],[2.43256,45.01498]]]}},{"type":"Feature","id":"fr-commune-15084","properties":{"id":"fr-commune-15084","name":"Labesserette","kind":"commune","center":[2.4803,44.7437],"code":"15084","department":"15"},"bbox":[2.44996,44.72008,2.5105,44.76723],"geometry":{"type":"Polygon","coordinates":[[[2.50898,44.73671],[2.50906,44.73473],[2.5105,44.73203],[2.5105,44.73087],[2.50777,44.72836],[2.50673,44.72789],[2.50707,44.7253],[2.50597,44.72284],[2.50367,44.72068],[2.49264,44.72383],[2.49163,44.72387],[2.48841,44.72276],[2.48398,44.72313],[2.48301,44.72249],[2.48084,44.72216],[2.48044,44.72008],[2.47848,44.72167],[2.47789,44.72365],[2.47604,44.72595],[2.4751,44.72622],[2.47015,44.72854],[2.46696,44.73041],[2.46732,44.73177],[2.4663,44.73226],[2.4669,44.73378],[2.46564,44.7347],[2.46338,44.73537],[2.461,44.73458],[2.4577,44.73409],[2.4562,44.73601],[2.45499,44.73522],[2.4534,44.73574],[2.45309,44.73655],[2.45079,44.73534],[2.4513,44.73639],[2.44996,44.73787],[2.45011,44.73895],[2.45175,44.73922],[2.4513,44.74075],[2.45229,44.74155],[2.45112,44.74292],[2.45073,44.7464],[2.44996,44.74674],[2.45162,44.74775],[2.45303,44.74707],[2.4543,44.7478],[2.45431,44.74941],[2.45659,44.74951],[2.45827,44.75152],[2.457,44.75236],[2.4605,44.75343],[2.46088,44.75504],[2.46308,44.75533],[2.46484,44.75764],[2.46518,44.75899],[2.46603,44.75937],[2.46464,44.76118],[2.46584,44.76203],[2.46705,44.76381],[2.47256,44.76723],[2.47399,44.76362],[2.47519,44.76312],[2.47835,44.76294],[2.4819,44.76069],[2.48233,44.7593],[2.48361,44.75726],[2.48509,44.75633],[2.48792,44.75571],[2.49007,44.75384],[2.4895,44.75175],[2.48986,44.75099],[2.49188,44.75032],[2.49474,44.75023],[2.49423,44.74891],[2.49527,44.74823],[2.49794,44.74757],[2.50094,44.74741],[2.5042,44.74566],[2.50206,44.74253],[2.50397,44.74133],[2.5057,44.74204],[2.5062,44.74035],[2.50555,44.7401],[2.50873,44.73734],[2.50898,44.73671]]]}},{"type":"Feature","id":"fr-commune-15085","properties":{"id":"fr-commune-15085","name":"Labrousse","kind":"commune","center":[2.5483,44.8502],"code":"15085","department":"15"},"bbox":[2.50513,44.82268,2.59136,44.87763],"geometry":{"type":"Polygon","coordinates":[[[2.5381,44.87621],[2.53981,44.87704],[2.54209,44.87763],[2.54272,44.8769],[2.54148,44.87594],[2.54269,44.87477],[2.54459,44.87477],[2.54733,44.87383],[2.54795,44.87321],[2.55011,44.8727],[2.55149,44.87351],[2.55119,44.87466],[2.55334,44.87436],[2.55391,44.87223],[2.55659,44.87196],[2.55698,44.87006],[2.55854,44.87015],[2.56029,44.87188],[2.56467,44.87356],[2.56468,44.872],[2.56683,44.8695],[2.56946,44.86786],[2.56965,44.86582],[2.57113,44.86318],[2.57052,44.8617],[2.56772,44.86151],[2.56806,44.85972],[2.57121,44.8599],[2.57389,44.85892],[2.5753,44.85879],[2.57803,44.85613],[2.57815,44.85305],[2.5787,44.85118],[2.57823,44.84946],[2.57873,44.84839],[2.57715,44.84808],[2.57898,44.84592],[2.58144,44.84451],[2.58345,44.84416],[2.58528,44.84628],[2.58645,44.84475],[2.58705,44.84363],[2.58617,44.84296],[2.58556,44.8413],[2.58561,44.83931],[2.58679,44.83843],[2.58662,44.83769],[2.58833,44.83599],[2.59038,44.8356],[2.59136,44.83463],[2.59028,44.83514],[2.58687,44.83414],[2.58181,44.83365],[2.58007,44.83269],[2.5781,44.8329],[2.57561,44.83219],[2.5738,44.83038],[2.57386,44.82745],[2.57207,44.82712],[2.57093,44.82596],[2.57149,44.82546],[2.56718,44.82268],[2.56639,44.82472],[2.56438,44.82546],[2.56281,44.82723],[2.56295,44.82792],[2.56169,44.82934],[2.56335,44.82983],[2.56354,44.83151],[2.56056,44.83352],[2.55968,44.83363],[2.55907,44.83555],[2.55773,44.8362],[2.55112,44.83679],[2.54777,44.83801],[2.54158,44.837],[2.53922,44.83825],[2.53839,44.83927],[2.53773,44.84138],[2.53643,44.84249],[2.53497,44.84294],[2.53233,44.84223],[2.52884,44.84246],[2.52579,44.84416],[2.52415,44.84406],[2.52102,44.845],[2.5174,44.84385],[2.51601,44.84391],[2.51419,44.84319],[2.51225,44.84306],[2.50741,44.84319],[2.50513,44.8427],[2.50679,44.84596],[2.50677,44.84739],[2.50742,44.8489],[2.50762,44.85076],[2.50912,44.8527],[2.5101,44.85498],[2.50944,44.85607],[2.51037,44.85761],[2.51483,44.85798],[2.51885,44.86009],[2.51713,44.86135],[2.51554,44.86394],[2.51711,44.86502],[2.51782,44.86611],[2.51983,44.86655],[2.51847,44.86765],[2.51836,44.86926],[2.5197,44.86981],[2.5211,44.86895],[2.52396,44.87059],[2.52661,44.86871],[2.52928,44.86906],[2.53038,44.86954],[2.53255,44.86817],[2.53308,44.87011],[2.53666,44.87145],[2.53849,44.87296],[2.53875,44.8741],[2.5381,44.87621]]]}},{"type":"Feature","id":"fr-commune-15086","properties":{"id":"fr-commune-15086","name":"Lacapelle-Barrès","kind":"commune","center":[2.7245,44.9516],"code":"15086","department":"15"},"bbox":[2.71135,44.92455,2.73769,44.97876],"geometry":{"type":"Polygon","coordinates":[[[2.72588,44.97876],[2.72684,44.97627],[2.72929,44.97406],[2.73232,44.9731],[2.73159,44.96865],[2.73256,44.96715],[2.73133,44.96593],[2.73242,44.96217],[2.73427,44.96072],[2.73334,44.95375],[2.73276,44.95249],[2.73041,44.95095],[2.73028,44.94859],[2.72878,44.94698],[2.72915,44.94592],[2.7281,44.94366],[2.73014,44.94241],[2.73171,44.94276],[2.73342,44.94234],[2.73478,44.94138],[2.73769,44.94041],[2.73715,44.93959],[2.73562,44.93937],[2.73349,44.93831],[2.73424,44.93755],[2.73164,44.93692],[2.72905,44.93699],[2.72789,44.93488],[2.72637,44.93345],[2.72602,44.93147],[2.7267,44.93115],[2.72631,44.92953],[2.72521,44.92753],[2.72406,44.92688],[2.72452,44.92603],[2.72377,44.92455],[2.72221,44.92464],[2.72068,44.92564],[2.71919,44.9272],[2.71669,44.92888],[2.71875,44.93129],[2.71772,44.93304],[2.71514,44.93239],[2.71438,44.93417],[2.71385,44.93951],[2.71306,44.94347],[2.71135,44.9441],[2.71182,44.94756],[2.71235,44.94958],[2.71325,44.95075],[2.71206,44.95107],[2.71433,44.95445],[2.7146,44.95624],[2.71353,44.95791],[2.7143,44.95867],[2.71424,44.95983],[2.71334,44.96189],[2.71365,44.96341],[2.7167,44.96595],[2.71812,44.9665],[2.72072,44.96566],[2.72182,44.96598],[2.72259,44.96728],[2.72512,44.96771],[2.72618,44.97143],[2.72628,44.9727],[2.72512,44.97434],[2.72588,44.97876]]]}},{"type":"Feature","id":"fr-commune-15087","properties":{"id":"fr-commune-15087","name":"Lacapelle-del-Fraisse","kind":"commune","center":[2.4307,44.7737],"code":"15087","department":"15"},"bbox":[2.3888,44.74674,2.47256,44.80057],"geometry":{"type":"Polygon","coordinates":[[[2.40466,44.76807],[2.40466,44.76889],[2.40314,44.77053],[2.40156,44.77111],[2.40122,44.77271],[2.40206,44.77323],[2.40456,44.77301],[2.40647,44.77473],[2.40517,44.77519],[2.40412,44.77694],[2.40317,44.77691],[2.40049,44.77824],[2.39892,44.77791],[2.39489,44.77819],[2.3933,44.77717],[2.39248,44.77809],[2.38994,44.77835],[2.3888,44.77941],[2.39109,44.78037],[2.39359,44.78303],[2.39378,44.78412],[2.39241,44.78559],[2.39086,44.78632],[2.39146,44.78935],[2.39402,44.78963],[2.39619,44.79028],[2.39642,44.79226],[2.39893,44.79436],[2.40387,44.7951],[2.40602,44.79643],[2.40814,44.80044],[2.40873,44.80057],[2.41081,44.79926],[2.41056,44.79786],[2.41257,44.7966],[2.41327,44.7948],[2.41296,44.79389],[2.41586,44.79139],[2.41902,44.78985],[2.42009,44.78872],[2.42373,44.78716],[2.42581,44.78672],[2.4296,44.78465],[2.43228,44.7845],[2.43352,44.78412],[2.43499,44.78178],[2.43682,44.78273],[2.43836,44.78257],[2.43942,44.78346],[2.44173,44.78356],[2.44245,44.78322],[2.44257,44.78069],[2.44358,44.77912],[2.44296,44.7779],[2.44511,44.77608],[2.44389,44.77426],[2.44586,44.77343],[2.45005,44.77385],[2.45437,44.77353],[2.45538,44.77384],[2.46439,44.77331],[2.46645,44.77259],[2.47115,44.76827],[2.47256,44.76723],[2.46705,44.76381],[2.46584,44.76203],[2.46464,44.76118],[2.46603,44.75937],[2.46518,44.75899],[2.46484,44.75764],[2.46308,44.75533],[2.46088,44.75504],[2.4605,44.75343],[2.457,44.75236],[2.45827,44.75152],[2.45659,44.74951],[2.45431,44.74941],[2.4543,44.7478],[2.45303,44.74707],[2.45162,44.74775],[2.44996,44.74674],[2.44576,44.74944],[2.44474,44.75071],[2.44299,44.75196],[2.44273,44.75382],[2.44169,44.75542],[2.43971,44.75661],[2.43688,44.75684],[2.43563,44.7573],[2.43309,44.75951],[2.4313,44.76018],[2.42914,44.76212],[2.42501,44.76363],[2.42419,44.76544],[2.42258,44.76689],[2.42109,44.76673],[2.42001,44.76548],[2.41901,44.76542],[2.41484,44.76654],[2.41089,44.76682],[2.40466,44.76807]]]}},{"type":"Feature","id":"fr-commune-15088","properties":{"id":"fr-commune-15088","name":"Lacapelle-Viescamp","kind":"commune","center":[2.2744,44.9279],"code":"15088","department":"15"},"bbox":[2.24206,44.90267,2.30673,44.95308],"geometry":{"type":"Polygon","coordinates":[[[2.30481,44.91578],[2.30673,44.91248],[2.30485,44.91119],[2.3041,44.91002],[2.30211,44.90947],[2.29907,44.90956],[2.29762,44.91028],[2.29701,44.90934],[2.29341,44.90939],[2.29228,44.90869],[2.29129,44.90681],[2.28954,44.90715],[2.28703,44.90698],[2.2856,44.90759],[2.28331,44.90704],[2.28083,44.90519],[2.27731,44.90429],[2.2765,44.90434],[2.27553,44.90543],[2.27069,44.90529],[2.26788,44.90343],[2.2653,44.90287],[2.26104,44.90267],[2.25878,44.9033],[2.25856,44.90599],[2.25756,44.90787],[2.25487,44.90863],[2.24347,44.91123],[2.24206,44.91243],[2.24311,44.91421],[2.24881,44.91716],[2.25018,44.91813],[2.25021,44.9189],[2.24723,44.9221],[2.24899,44.92346],[2.25095,44.92732],[2.25104,44.92831],[2.2526,44.93089],[2.25426,44.93228],[2.25642,44.93352],[2.25281,44.9359],[2.24954,44.93693],[2.24813,44.93569],[2.24578,44.93603],[2.24444,44.9352],[2.24392,44.93681],[2.24471,44.93806],[2.24845,44.93825],[2.24985,44.9392],[2.25099,44.94113],[2.25253,44.94087],[2.25553,44.94105],[2.25762,44.9386],[2.25991,44.93952],[2.2607,44.94049],[2.26191,44.94076],[2.26181,44.94237],[2.26117,44.94365],[2.26363,44.94534],[2.2675,44.94626],[2.26749,44.94798],[2.26948,44.9513],[2.26915,44.95308],[2.27896,44.9509],[2.28111,44.95031],[2.28298,44.94887],[2.28137,44.9482],[2.28485,44.94547],[2.28673,44.94544],[2.28746,44.94654],[2.29017,44.9438],[2.29417,44.94425],[2.29563,44.94309],[2.29083,44.94293],[2.28995,44.94132],[2.29051,44.93936],[2.29262,44.93939],[2.29402,44.94017],[2.29616,44.94052],[2.30106,44.94004],[2.30078,44.93915],[2.30387,44.93825],[2.30151,44.93543],[2.3015,44.9336],[2.30022,44.93097],[2.29871,44.92676],[2.29189,44.92553],[2.29092,44.92327],[2.29311,44.92238],[2.29253,44.92008],[2.29398,44.91966],[2.29622,44.91959],[2.29755,44.91901],[2.30217,44.91771],[2.30111,44.91687],[2.30233,44.91578],[2.30481,44.91578]]]}},{"type":"Feature","id":"fr-commune-15089","properties":{"id":"fr-commune-15089","name":"Ladinhac","kind":"commune","center":[2.5125,44.7683],"code":"15089","department":"15"},"bbox":[2.47024,44.73517,2.55474,44.80176],"geometry":{"type":"Polygon","coordinates":[[[2.55444,44.7391],[2.54937,44.74005],[2.54864,44.74035],[2.54591,44.74011],[2.54265,44.74145],[2.54209,44.74272],[2.53639,44.74404],[2.53545,44.74568],[2.53615,44.74682],[2.53517,44.74721],[2.53378,44.74661],[2.53202,44.7441],[2.5313,44.74397],[2.52926,44.7418],[2.52746,44.74084],[2.52584,44.74058],[2.52478,44.73904],[2.52035,44.73865],[2.51761,44.74033],[2.51516,44.74147],[2.51385,44.74169],[2.51399,44.74004],[2.51354,44.73838],[2.5144,44.7364],[2.51274,44.73517],[2.51054,44.73764],[2.50898,44.73671],[2.50873,44.73734],[2.50555,44.7401],[2.5062,44.74035],[2.5057,44.74204],[2.50397,44.74133],[2.50206,44.74253],[2.5042,44.74566],[2.50094,44.74741],[2.49794,44.74757],[2.49527,44.74823],[2.49423,44.74891],[2.49474,44.75023],[2.49188,44.75032],[2.48986,44.75099],[2.4895,44.75175],[2.49007,44.75384],[2.48792,44.75571],[2.48509,44.75633],[2.48361,44.75726],[2.48233,44.7593],[2.4819,44.76069],[2.47835,44.76294],[2.47519,44.76312],[2.47399,44.76362],[2.47256,44.76723],[2.47785,44.76658],[2.4773,44.76924],[2.47633,44.77127],[2.47679,44.7718],[2.47969,44.77197],[2.47692,44.77407],[2.47842,44.77545],[2.47863,44.77665],[2.47776,44.7783],[2.47675,44.78134],[2.47539,44.78271],[2.47416,44.783],[2.47365,44.7846],[2.4718,44.78721],[2.47228,44.78811],[2.47151,44.78933],[2.47133,44.791],[2.47173,44.79203],[2.47054,44.79415],[2.47024,44.79727],[2.47085,44.80006],[2.47434,44.80086],[2.47876,44.80176],[2.48148,44.80131],[2.48369,44.80045],[2.48568,44.79823],[2.4898,44.79693],[2.4927,44.79669],[2.49358,44.79729],[2.49371,44.799],[2.49606,44.79893],[2.49788,44.79957],[2.50039,44.79943],[2.50195,44.79971],[2.5035,44.79864],[2.50343,44.79789],[2.50474,44.79663],[2.5051,44.79487],[2.50593,44.79355],[2.5079,44.79262],[2.51077,44.7902],[2.51354,44.78892],[2.51416,44.78813],[2.51589,44.78781],[2.51512,44.78522],[2.51615,44.78396],[2.51618,44.78233],[2.51763,44.78168],[2.51718,44.77999],[2.51938,44.77858],[2.5215,44.77831],[2.52281,44.77757],[2.52718,44.77686],[2.52916,44.77614],[2.52999,44.77539],[2.53187,44.77543],[2.53158,44.7743],[2.53228,44.77282],[2.53181,44.77215],[2.53342,44.77122],[2.53462,44.77173],[2.5367,44.77038],[2.53926,44.76957],[2.54003,44.76765],[2.54179,44.76758],[2.54211,44.76662],[2.54344,44.76546],[2.54386,44.76439],[2.5463,44.76357],[2.54666,44.76231],[2.54849,44.76194],[2.55146,44.76079],[2.55188,44.75837],[2.55342,44.75731],[2.55304,44.7559],[2.5509,44.75611],[2.54994,44.75496],[2.55221,44.75284],[2.55294,44.75137],[2.55333,44.74938],[2.55292,44.74812],[2.55039,44.7489],[2.54997,44.74833],[2.55073,44.74708],[2.55284,44.74544],[2.55472,44.74482],[2.55474,44.74309],[2.55395,44.74251],[2.55176,44.74251],[2.55137,44.74202],[2.55268,44.74042],[2.55444,44.7391]]]}},{"type":"Feature","id":"fr-commune-15090","properties":{"id":"fr-commune-15090","name":"Lafeuillade-en-Vézie","kind":"commune","center":[2.4439,44.793],"code":"15090","department":"15"},"bbox":[2.40814,44.76658,2.47969,44.8192],"geometry":{"type":"Polygon","coordinates":[[[2.41177,44.80426],[2.41414,44.8048],[2.41786,44.80437],[2.42077,44.80747],[2.42293,44.8078],[2.42378,44.80886],[2.42715,44.80938],[2.42803,44.81104],[2.42924,44.81154],[2.43158,44.81029],[2.43449,44.8094],[2.43596,44.80819],[2.43892,44.80774],[2.44092,44.80826],[2.43951,44.81027],[2.44023,44.81121],[2.44302,44.81259],[2.44271,44.81465],[2.44295,44.8168],[2.4462,44.8192],[2.44808,44.81769],[2.45004,44.81675],[2.45146,44.81557],[2.45092,44.81395],[2.45179,44.81186],[2.45155,44.81083],[2.45387,44.81025],[2.45598,44.80793],[2.45775,44.80738],[2.4609,44.80859],[2.46303,44.81037],[2.4661,44.80866],[2.46856,44.80793],[2.46896,44.80655],[2.4705,44.80526],[2.47138,44.80522],[2.47232,44.80321],[2.47477,44.80128],[2.47434,44.80086],[2.47085,44.80006],[2.47024,44.79727],[2.47054,44.79415],[2.47173,44.79203],[2.47133,44.791],[2.47151,44.78933],[2.47228,44.78811],[2.4718,44.78721],[2.47365,44.7846],[2.47416,44.783],[2.47539,44.78271],[2.47675,44.78134],[2.47776,44.7783],[2.47863,44.77665],[2.47842,44.77545],[2.47692,44.77407],[2.47969,44.77197],[2.47679,44.7718],[2.47633,44.77127],[2.4773,44.76924],[2.47785,44.76658],[2.47256,44.76723],[2.47115,44.76827],[2.46645,44.77259],[2.46439,44.77331],[2.45538,44.77384],[2.45437,44.77353],[2.45005,44.77385],[2.44586,44.77343],[2.44389,44.77426],[2.44511,44.77608],[2.44296,44.7779],[2.44358,44.77912],[2.44257,44.78069],[2.44245,44.78322],[2.44173,44.78356],[2.43942,44.78346],[2.43836,44.78257],[2.43682,44.78273],[2.43499,44.78178],[2.43352,44.78412],[2.43228,44.7845],[2.4296,44.78465],[2.42581,44.78672],[2.42373,44.78716],[2.42009,44.78872],[2.41902,44.78985],[2.41586,44.79139],[2.41296,44.79389],[2.41327,44.7948],[2.41257,44.7966],[2.41056,44.79786],[2.41081,44.79926],[2.40873,44.80057],[2.40814,44.80044],[2.40848,44.80179],[2.40974,44.8035],[2.41177,44.80426]]]}},{"type":"Feature","id":"fr-commune-15091","properties":{"id":"fr-commune-15091","name":"Landeyrat","kind":"commune","center":[2.8682,45.2734],"code":"15091","department":"15"},"bbox":[2.8395,45.24093,2.89672,45.30592],"geometry":{"type":"Polygon","coordinates":[[[2.88816,45.2609],[2.88831,45.26025],[2.89188,45.25841],[2.89123,45.25677],[2.89354,45.25405],[2.8938,45.25239],[2.8954,45.24951],[2.89615,45.24722],[2.89338,45.24688],[2.89128,45.24737],[2.88893,45.24729],[2.8869,45.24643],[2.88386,45.24698],[2.88241,45.24661],[2.88156,45.24576],[2.87865,45.24465],[2.87488,45.24517],[2.86531,45.24843],[2.86451,45.24529],[2.86186,45.24222],[2.85749,45.24093],[2.8552,45.24823],[2.85102,45.24958],[2.84876,45.25001],[2.84688,45.25213],[2.84293,45.25379],[2.84272,45.25667],[2.84137,45.25766],[2.84047,45.25933],[2.8395,45.25974],[2.84017,45.26277],[2.84144,45.26286],[2.84128,45.26437],[2.84203,45.26506],[2.84306,45.2674],[2.8437,45.26794],[2.84795,45.26897],[2.85162,45.27032],[2.85207,45.27215],[2.84871,45.27676],[2.84879,45.27882],[2.85197,45.28058],[2.8548,45.28264],[2.85793,45.28442],[2.86004,45.28486],[2.86088,45.28594],[2.86027,45.28698],[2.85885,45.28767],[2.85671,45.28786],[2.85428,45.2888],[2.85524,45.28979],[2.85831,45.29063],[2.86069,45.29494],[2.85964,45.29676],[2.86404,45.298],[2.86698,45.29937],[2.86567,45.30104],[2.86415,45.30163],[2.86538,45.3036],[2.8676,45.30532],[2.87018,45.30592],[2.87604,45.30522],[2.87623,45.30553],[2.8798,45.30515],[2.88611,45.30512],[2.8917,45.30289],[2.89512,45.30339],[2.89412,45.30087],[2.89447,45.2992],[2.89332,45.29766],[2.8932,45.29638],[2.89389,45.29507],[2.89369,45.29285],[2.89529,45.29164],[2.8963,45.28416],[2.89672,45.28202],[2.89582,45.28061],[2.89643,45.27772],[2.89537,45.27688],[2.89599,45.27358],[2.89414,45.27166],[2.89355,45.2705],[2.88675,45.26594],[2.89048,45.26416],[2.88858,45.26254],[2.88816,45.2609]]]}},{"type":"Feature","id":"fr-commune-15092","properties":{"id":"fr-commune-15092","name":"Lanobre","kind":"commune","center":[2.5567,45.4355],"code":"15092","department":"15"},"bbox":[2.48753,45.40083,2.62597,45.47009],"geometry":{"type":"Polygon","coordinates":[[[2.52222,45.40266],[2.51812,45.4019],[2.51705,45.40238],[2.51208,45.40572],[2.50985,45.40644],[2.50609,45.40865],[2.50527,45.41063],[2.503,45.40969],[2.5015,45.4098],[2.50244,45.41186],[2.49765,45.41366],[2.4954,45.41336],[2.49306,45.41372],[2.49157,45.41512],[2.48908,45.41643],[2.48753,45.41817],[2.48786,45.41979],[2.48936,45.42133],[2.49234,45.42338],[2.49279,45.42439],[2.49151,45.42545],[2.49165,45.4295],[2.49347,45.43276],[2.49621,45.4363],[2.4955,45.43713],[2.49359,45.4375],[2.49315,45.43912],[2.49558,45.44114],[2.49629,45.44316],[2.49559,45.4455],[2.49688,45.44726],[2.50071,45.44743],[2.50212,45.44698],[2.50544,45.44666],[2.50796,45.44813],[2.51136,45.44865],[2.5165,45.44874],[2.51894,45.44822],[2.52456,45.45088],[2.52522,45.4518],[2.52725,45.45259],[2.52903,45.4553],[2.53064,45.45622],[2.53465,45.45687],[2.53565,45.45798],[2.53621,45.45678],[2.53807,45.45691],[2.54114,45.45897],[2.54262,45.45951],[2.54529,45.46239],[2.54754,45.46321],[2.5519,45.46344],[2.55598,45.46449],[2.55573,45.46241],[2.56078,45.46288],[2.56194,45.46567],[2.56363,45.46582],[2.5658,45.46501],[2.56908,45.46439],[2.56973,45.46305],[2.57119,45.46232],[2.57086,45.46071],[2.56948,45.45982],[2.57194,45.45886],[2.57347,45.45908],[2.57264,45.4574],[2.57461,45.45692],[2.57442,45.45605],[2.578,45.45612],[2.57937,45.45385],[2.58157,45.45373],[2.58182,45.4525],[2.58447,45.45308],[2.58481,45.45016],[2.58685,45.44951],[2.58803,45.44963],[2.5888,45.45075],[2.59038,45.45004],[2.59191,45.45009],[2.59315,45.4527],[2.59517,45.45154],[2.59692,45.45126],[2.59783,45.45042],[2.60376,45.45008],[2.60709,45.45527],[2.61048,45.45701],[2.61215,45.45881],[2.61458,45.46042],[2.61723,45.46392],[2.6169,45.46429],[2.61781,45.46788],[2.61635,45.4691],[2.61751,45.47009],[2.62,45.46909],[2.62193,45.46884],[2.6234,45.4664],[2.62304,45.46351],[2.62349,45.46169],[2.62186,45.45983],[2.62421,45.45823],[2.62447,45.45559],[2.62311,45.45111],[2.62425,45.45],[2.62459,45.44874],[2.62597,45.44664],[2.62398,45.4446],[2.62382,45.44394],[2.62252,45.44364],[2.62077,45.43986],[2.61481,45.43744],[2.61429,45.43643],[2.61205,45.43523],[2.60936,45.43483],[2.6065,45.43474],[2.60526,45.43648],[2.604,45.4369],[2.6017,45.43629],[2.59927,45.43437],[2.59593,45.43374],[2.59467,45.43285],[2.59306,45.43251],[2.59225,45.4316],[2.58966,45.43133],[2.58783,45.42785],[2.58655,45.42645],[2.58133,45.42612],[2.57877,45.42362],[2.57527,45.42381],[2.57381,45.42363],[2.57053,45.42107],[2.56942,45.41931],[2.56813,45.41858],[2.56748,45.41726],[2.5656,45.41508],[2.5624,45.41538],[2.56078,45.41512],[2.55915,45.41149],[2.55763,45.41079],[2.55809,45.40978],[2.55778,45.40709],[2.55843,45.40594],[2.55834,45.4025],[2.55522,45.40197],[2.55277,45.40193],[2.55269,45.40377],[2.55069,45.40336],[2.54898,45.40227],[2.54821,45.40083],[2.54495,45.40184],[2.53876,45.40346],[2.53801,45.40428],[2.53829,45.40603],[2.53692,45.40599],[2.53002,45.4051],[2.52732,45.40517],[2.5228,45.4027],[2.52222,45.40266]]]}},{"type":"Feature","id":"fr-commune-15093","properties":{"id":"fr-commune-15093","name":"Lapeyrugue","kind":"commune","center":[2.5339,44.7294],"code":"15093","department":"15"},"bbox":[2.50673,44.71175,2.5608,44.74721],"geometry":{"type":"Polygon","coordinates":[[[2.55207,44.73143],[2.55093,44.73128],[2.5494,44.72935],[2.54953,44.72854],[2.54574,44.72791],[2.54434,44.72526],[2.54741,44.72484],[2.55103,44.72524],[2.55364,44.72525],[2.55444,44.72574],[2.55483,44.72857],[2.55578,44.72956],[2.55951,44.73149],[2.56005,44.73054],[2.55823,44.73014],[2.55707,44.72856],[2.55739,44.7276],[2.5608,44.72712],[2.55785,44.72529],[2.55814,44.7222],[2.56034,44.72134],[2.56047,44.72051],[2.55899,44.71975],[2.55753,44.72017],[2.55682,44.72129],[2.55506,44.72115],[2.55008,44.71959],[2.54908,44.71894],[2.54929,44.7179],[2.5487,44.7163],[2.54494,44.71527],[2.54077,44.71352],[2.54089,44.71175],[2.53641,44.71201],[2.53341,44.71501],[2.5332,44.71609],[2.53224,44.71693],[2.53207,44.71824],[2.52783,44.71818],[2.52665,44.71881],[2.52316,44.72231],[2.51897,44.72299],[2.51553,44.72467],[2.51447,44.72561],[2.51196,44.72679],[2.50983,44.72701],[2.50673,44.72789],[2.50777,44.72836],[2.5105,44.73087],[2.5105,44.73203],[2.50906,44.73473],[2.50898,44.73671],[2.51054,44.73764],[2.51274,44.73517],[2.5144,44.7364],[2.51354,44.73838],[2.51399,44.74004],[2.51385,44.74169],[2.51516,44.74147],[2.51761,44.74033],[2.52035,44.73865],[2.52478,44.73904],[2.52584,44.74058],[2.52746,44.74084],[2.52926,44.7418],[2.5313,44.74397],[2.53202,44.7441],[2.53378,44.74661],[2.53517,44.74721],[2.53615,44.74682],[2.53545,44.74568],[2.53639,44.74404],[2.54209,44.74272],[2.54265,44.74145],[2.54591,44.74011],[2.54864,44.74035],[2.54937,44.74005],[2.55444,44.7391],[2.55306,44.73785],[2.55079,44.7378],[2.55072,44.7363],[2.55394,44.73491],[2.55572,44.73464],[2.55592,44.73354],[2.55475,44.73292],[2.55215,44.73313],[2.55207,44.73143]]]}},{"type":"Feature","id":"fr-commune-15094","properties":{"id":"fr-commune-15094","name":"Laroquebrou","kind":"commune","center":[2.2017,44.9705],"code":"15094","department":"15"},"bbox":[2.16118,44.93833,2.24231,45.00261],"geometry":{"type":"Polygon","coordinates":[[[2.16722,44.93833],[2.1628,44.94138],[2.16118,44.94421],[2.16147,44.94611],[2.16141,44.94873],[2.16218,44.95042],[2.16472,44.95146],[2.16457,44.95242],[2.16713,44.95404],[2.16591,44.95598],[2.16601,44.95735],[2.16804,44.95865],[2.1696,44.95898],[2.17009,44.96014],[2.1729,44.9614],[2.1746,44.96097],[2.17594,44.96122],[2.17745,44.96078],[2.17855,44.96242],[2.17891,44.96401],[2.18046,44.96449],[2.17887,44.96733],[2.17659,44.96654],[2.17496,44.96647],[2.17336,44.96762],[2.1716,44.97074],[2.16916,44.97208],[2.17059,44.97314],[2.17073,44.97403],[2.16963,44.97583],[2.16891,44.97859],[2.16997,44.98015],[2.16929,44.98103],[2.16942,44.98231],[2.1709,44.98357],[2.16962,44.9859],[2.16867,44.98654],[2.16714,44.98892],[2.16974,44.99117],[2.17135,44.99136],[2.17164,44.9925],[2.17662,44.99204],[2.17815,44.99495],[2.18497,44.99788],[2.18224,45.00261],[2.18549,45.00253],[2.1881,45.00153],[2.19174,45.0011],[2.19304,44.99988],[2.19345,44.99873],[2.19678,44.99371],[2.19823,44.99277],[2.19995,44.99391],[2.20151,44.99385],[2.2024,44.99279],[2.20587,44.99167],[2.20827,44.98937],[2.21163,44.98907],[2.21335,44.9877],[2.21353,44.98625],[2.21516,44.98564],[2.21539,44.98377],[2.21899,44.98399],[2.22123,44.98288],[2.22266,44.98067],[2.22506,44.98062],[2.22542,44.97937],[2.22489,44.97836],[2.22515,44.97681],[2.22637,44.97653],[2.22703,44.9739],[2.23212,44.97194],[2.23656,44.96962],[2.23812,44.96963],[2.24231,44.96725],[2.23813,44.96884],[2.23752,44.96727],[2.22988,44.96655],[2.22853,44.96659],[2.22023,44.96566],[2.21828,44.96572],[2.21731,44.96626],[2.21348,44.96546],[2.21557,44.96272],[2.21652,44.9623],[2.21547,44.9611],[2.21305,44.9611],[2.20942,44.96058],[2.20888,44.95877],[2.20743,44.95912],[2.2026,44.95882],[2.19981,44.95986],[2.19714,44.96015],[2.19586,44.9613],[2.19544,44.96252],[2.19279,44.96411],[2.18999,44.9665],[2.1873,44.96599],[2.18579,44.9638],[2.18485,44.96306],[2.18243,44.95964],[2.18165,44.95907],[2.18116,44.95716],[2.18186,44.95577],[2.18102,44.95359],[2.17841,44.95087],[2.17717,44.94825],[2.17421,44.94511],[2.17359,44.94268],[2.16907,44.9398],[2.16722,44.93833]]]}},{"type":"Feature","id":"fr-commune-15095","properties":{"id":"fr-commune-15095","name":"Laroquevieille","kind":"commune","center":[2.5257,45.0283],"code":"15095","department":"15"},"bbox":[2.49328,45.00393,2.55793,45.05289],"geometry":{"type":"Polygon","coordinates":[[[2.50268,45.0272],[2.5018,45.02872],[2.5008,45.02928],[2.502,45.031],[2.5049,45.03018],[2.50699,45.03115],[2.50818,45.03117],[2.51209,45.03044],[2.51201,45.02866],[2.51404,45.02887],[2.51832,45.03045],[2.5184,45.03189],[2.5166,45.03284],[2.51575,45.03463],[2.51799,45.03588],[2.51639,45.03761],[2.51645,45.03891],[2.51575,45.04017],[2.51763,45.04106],[2.51957,45.04148],[2.51981,45.0431],[2.52186,45.04341],[2.52483,45.04429],[2.52894,45.04403],[2.53026,45.04476],[2.53208,45.04452],[2.53454,45.0449],[2.5344,45.04618],[2.53514,45.0477],[2.53735,45.04658],[2.53875,45.04698],[2.53958,45.0481],[2.54224,45.04859],[2.54637,45.0498],[2.55019,45.05253],[2.55152,45.05289],[2.55477,45.05216],[2.5533,45.0496],[2.55336,45.04834],[2.55163,45.04735],[2.55017,45.04719],[2.54688,45.0459],[2.54749,45.04413],[2.54724,45.04291],[2.54818,45.04147],[2.5494,45.04071],[2.54767,45.04017],[2.54843,45.03742],[2.54799,45.03693],[2.5507,45.03432],[2.55322,45.03232],[2.55497,45.03282],[2.55583,45.03093],[2.55342,45.02994],[2.55194,45.02698],[2.55397,45.02571],[2.55581,45.02512],[2.55615,45.02318],[2.55529,45.02226],[2.55594,45.02078],[2.55763,45.01952],[2.55793,45.01844],[2.55627,45.0179],[2.55521,45.01829],[2.55374,45.01685],[2.5506,45.01486],[2.54843,45.01383],[2.54539,45.01043],[2.54281,45.0087],[2.53715,45.00559],[2.53506,45.00491],[2.53436,45.00559],[2.53028,45.00424],[2.5296,45.00508],[2.52306,45.00408],[2.52275,45.00611],[2.51749,45.00629],[2.51368,45.00473],[2.50537,45.00393],[2.50614,45.00514],[2.50435,45.00538],[2.50327,45.00603],[2.50121,45.00586],[2.49824,45.00646],[2.49727,45.00565],[2.49516,45.00619],[2.49526,45.00719],[2.49702,45.00802],[2.49733,45.01102],[2.496,45.01235],[2.49515,45.01188],[2.49328,45.01402],[2.49506,45.01609],[2.49894,45.01785],[2.50206,45.01883],[2.50405,45.01873],[2.50682,45.01909],[2.50772,45.02204],[2.50653,45.02328],[2.5059,45.02174],[2.50425,45.0213],[2.50448,45.02299],[2.50685,45.02402],[2.50732,45.02545],[2.50379,45.02643],[2.50421,45.02463],[2.5041,45.02305],[2.50247,45.02262],[2.50065,45.02388],[2.50268,45.0272]]]}},{"type":"Feature","id":"fr-commune-15096","properties":{"id":"fr-commune-15096","name":"Lascelle","kind":"commune","center":[2.5772366909823994,45.010400000000004],"code":"15096","department":"15"},"bbox":[2.54539,45.00268,2.60966,45.06843],"geometry":{"type":"Polygon","coordinates":[[[2.57454,45.06689],[2.57675,45.06739],[2.57852,45.06843],[2.58299,45.06802],[2.58572,45.06721],[2.58953,45.0673],[2.59087,45.0664],[2.59208,45.06572],[2.59137,45.06366],[2.59181,45.06226],[2.59148,45.05988],[2.59465,45.05924],[2.59649,45.05856],[2.59648,45.05744],[2.59826,45.05473],[2.59915,45.05437],[2.59971,45.05293],[2.59907,45.05154],[2.60052,45.05073],[2.60092,45.04885],[2.59972,45.0482],[2.59824,45.04665],[2.59748,45.04652],[2.59588,45.04485],[2.59643,45.04362],[2.59464,45.04183],[2.59522,45.04035],[2.59652,45.03965],[2.59423,45.03762],[2.59254,45.03719],[2.59096,45.0356],[2.58949,45.03594],[2.58828,45.03506],[2.58743,45.03359],[2.58484,45.03336],[2.58254,45.03205],[2.5804,45.03215],[2.5795,45.03169],[2.57892,45.03397],[2.579,45.03547],[2.58021,45.0379],[2.57875,45.03763],[2.5766,45.03822],[2.57247,45.03634],[2.57183,45.03508],[2.56688,45.03195],[2.56779,45.02816],[2.56865,45.02637],[2.57227,45.02395],[2.5729,45.02473],[2.57627,45.02577],[2.57833,45.02428],[2.57909,45.02315],[2.5832,45.0212],[2.58434,45.02142],[2.58592,45.02043],[2.58808,45.02131],[2.58888,45.01952],[2.58801,45.01862],[2.58858,45.01698],[2.59032,45.01718],[2.59244,45.0181],[2.59376,45.01614],[2.59507,45.01631],[2.59607,45.01324],[2.59747,45.0134],[2.5973,45.0147],[2.59789,45.01555],[2.59992,45.01483],[2.60301,45.01306],[2.60922,45.01589],[2.60966,45.01463],[2.60926,45.01374],[2.60901,45.01033],[2.60949,45.00867],[2.60815,45.00708],[2.60607,45.00564],[2.6013,45.00497],[2.59479,45.00511],[2.59333,45.00494],[2.59277,45.00696],[2.59285,45.00824],[2.59141,45.00828],[2.58527,45.00778],[2.5797,45.00573],[2.57776,45.0056],[2.57667,45.00444],[2.5745,45.00364],[2.57333,45.00391],[2.57014,45.00268],[2.56924,45.00306],[2.56697,45.00299],[2.56675,45.00374],[2.56805,45.00498],[2.56805,45.00769],[2.5662,45.00907],[2.56215,45.0091],[2.56056,45.0096],[2.55948,45.0091],[2.55828,45.01037],[2.55473,45.00914],[2.55338,45.00826],[2.5526,45.00714],[2.55029,45.00697],[2.54775,45.00845],[2.5463,45.01003],[2.54539,45.01043],[2.54843,45.01383],[2.5506,45.01486],[2.55374,45.01685],[2.55521,45.01829],[2.55627,45.0179],[2.55793,45.01844],[2.55763,45.01952],[2.55594,45.02078],[2.55529,45.02226],[2.55615,45.02318],[2.55581,45.02512],[2.55397,45.02571],[2.55194,45.02698],[2.55342,45.02994],[2.55583,45.03093],[2.55497,45.03282],[2.55322,45.03232],[2.5507,45.03432],[2.54799,45.03693],[2.54843,45.03742],[2.54767,45.04017],[2.5494,45.04071],[2.54818,45.04147],[2.54724,45.04291],[2.54749,45.04413],[2.54688,45.0459],[2.55017,45.04719],[2.55163,45.04735],[2.55336,45.04834],[2.5533,45.0496],[2.55477,45.05216],[2.55841,45.05405],[2.55944,45.0561],[2.56103,45.05672],[2.56172,45.05764],[2.56348,45.05852],[2.56557,45.05864],[2.57024,45.06001],[2.57163,45.06135],[2.57487,45.06288],[2.57664,45.0631],[2.57792,45.06378],[2.57454,45.06689]]]}},{"type":"Feature","id":"fr-commune-15097","properties":{"id":"fr-commune-15097","name":"Lastic","kind":"commune","center":[3.2203,45.1115],"code":"15097","department":"15"},"bbox":[3.19053,45.08793,3.25005,45.13516],"geometry":{"type":"Polygon","coordinates":[[[3.23356,45.13304],[3.23553,45.13244],[3.23446,45.13177],[3.24059,45.13078],[3.24014,45.12975],[3.24206,45.12625],[3.24353,45.12579],[3.24258,45.12483],[3.24338,45.12335],[3.24619,45.12202],[3.24617,45.12085],[3.24975,45.12122],[3.25005,45.12002],[3.24787,45.12015],[3.24543,45.11916],[3.24421,45.11806],[3.24168,45.11921],[3.23953,45.11849],[3.24093,45.11767],[3.24236,45.11863],[3.24383,45.11676],[3.24244,45.11603],[3.24175,45.11682],[3.2404,45.11587],[3.23953,45.11622],[3.23692,45.11506],[3.23447,45.11609],[3.23121,45.11454],[3.23232,45.11271],[3.23162,45.11115],[3.22954,45.1078],[3.2298,45.10598],[3.22913,45.10488],[3.22937,45.1041],[3.22839,45.10285],[3.22845,45.10164],[3.2301,45.10166],[3.23375,45.09566],[3.23432,45.09552],[3.23492,45.09317],[3.23593,45.09299],[3.23585,45.09177],[3.23407,45.09147],[3.23237,45.09256],[3.23027,45.09204],[3.22862,45.08997],[3.22657,45.08796],[3.22531,45.08793],[3.22312,45.08948],[3.22145,45.09124],[3.21951,45.09239],[3.21875,45.09235],[3.21753,45.0938],[3.21633,45.09399],[3.21236,45.09304],[3.21158,45.09398],[3.21074,45.09394],[3.20883,45.09547],[3.20823,45.09662],[3.20621,45.09744],[3.20502,45.09835],[3.2051,45.09983],[3.20308,45.1017],[3.20261,45.10146],[3.20014,45.10334],[3.19837,45.10416],[3.19935,45.1049],[3.19728,45.10545],[3.19552,45.10639],[3.19398,45.10773],[3.1955,45.10927],[3.19418,45.10974],[3.19608,45.11129],[3.19391,45.11304],[3.19459,45.11525],[3.19656,45.11571],[3.19349,45.1176],[3.19357,45.11859],[3.19149,45.11994],[3.19176,45.12081],[3.19053,45.12329],[3.19424,45.12467],[3.19705,45.12561],[3.19925,45.12449],[3.20062,45.12259],[3.20178,45.12196],[3.20444,45.12297],[3.20473,45.12166],[3.20624,45.11962],[3.20732,45.12112],[3.20943,45.12141],[3.20786,45.1188],[3.20913,45.11825],[3.21207,45.1192],[3.2142,45.119],[3.21595,45.11775],[3.21782,45.11526],[3.22104,45.11586],[3.22275,45.11803],[3.22267,45.11986],[3.22493,45.12146],[3.22341,45.12266],[3.22431,45.12398],[3.22602,45.1243],[3.22574,45.12525],[3.22703,45.12617],[3.22676,45.12869],[3.22468,45.12929],[3.22386,45.13093],[3.22481,45.13221],[3.22651,45.13161],[3.22732,45.13274],[3.22636,45.13312],[3.22488,45.13255],[3.22383,45.13308],[3.22594,45.13516],[3.22882,45.13424],[3.22947,45.13084],[3.2334,45.13195],[3.23356,45.13304]]]}},{"type":"Feature","id":"fr-commune-15098","properties":{"id":"fr-commune-15098","name":"Laurie","kind":"commune","center":[3.0853,45.284],"code":"15098","department":"15"},"bbox":[3.03621,45.2604,3.13446,45.30751],"geometry":{"type":"Polygon","coordinates":[[[3.0915,45.26048],[3.09036,45.26049],[3.08878,45.2618],[3.08758,45.2619],[3.08461,45.26407],[3.08182,45.26499],[3.07843,45.26519],[3.07703,45.26488],[3.07552,45.26656],[3.07364,45.26655],[3.07318,45.26747],[3.07148,45.26892],[3.07014,45.26938],[3.06867,45.26854],[3.06619,45.26864],[3.06391,45.26827],[3.06398,45.27073],[3.06445,45.27212],[3.06567,45.27306],[3.06449,45.27527],[3.06571,45.27611],[3.06534,45.27688],[3.06594,45.27872],[3.0655,45.27976],[3.06603,45.28079],[3.0631,45.28099],[3.05997,45.28178],[3.05713,45.28323],[3.05414,45.28608],[3.05412,45.28699],[3.05228,45.28808],[3.0503,45.28786],[3.04844,45.28693],[3.04622,45.2874],[3.04483,45.28839],[3.04367,45.29012],[3.03988,45.28977],[3.04028,45.29165],[3.03818,45.29308],[3.03631,45.29514],[3.03621,45.29676],[3.03689,45.29841],[3.03878,45.29934],[3.04147,45.2985],[3.04367,45.29908],[3.04762,45.30109],[3.04891,45.30251],[3.04992,45.30216],[3.05282,45.3034],[3.05535,45.30476],[3.0558,45.30563],[3.05911,45.30681],[3.06182,45.30704],[3.06814,45.30634],[3.0695,45.30581],[3.07113,45.30727],[3.07317,45.30751],[3.0755,45.30683],[3.07791,45.30657],[3.07874,45.30718],[3.08038,45.30694],[3.0827,45.30722],[3.08409,45.30663],[3.08386,45.30475],[3.08487,45.30397],[3.08818,45.30382],[3.08919,45.30282],[3.09428,45.30202],[3.09715,45.30263],[3.0979,45.30051],[3.09625,45.30027],[3.0961,45.29955],[3.0922,45.29915],[3.08845,45.3001],[3.08666,45.29999],[3.08419,45.29899],[3.08415,45.29777],[3.08617,45.29672],[3.08562,45.29504],[3.08466,45.29384],[3.08418,45.29142],[3.08314,45.28937],[3.08503,45.28876],[3.08847,45.28888],[3.09103,45.29008],[3.09268,45.29008],[3.0938,45.29065],[3.09616,45.29094],[3.09846,45.29084],[3.09937,45.29232],[3.10164,45.29091],[3.10242,45.29167],[3.10515,45.29098],[3.10553,45.29003],[3.10781,45.28885],[3.10786,45.28697],[3.10849,45.28582],[3.11134,45.2859],[3.11131,45.28413],[3.11322,45.28433],[3.11781,45.28419],[3.12173,45.2861],[3.12305,45.28483],[3.12408,45.28554],[3.12714,45.28529],[3.13004,45.28665],[3.1316,45.28612],[3.13446,45.28539],[3.13284,45.28341],[3.13175,45.28301],[3.13042,45.28338],[3.12843,45.28232],[3.12933,45.27871],[3.12794,45.27798],[3.12847,45.27629],[3.12769,45.27463],[3.1257,45.27325],[3.12381,45.2707],[3.12103,45.27175],[3.12011,45.26996],[3.11725,45.27043],[3.11553,45.27022],[3.11515,45.27099],[3.11363,45.27154],[3.11177,45.2701],[3.11015,45.26977],[3.10862,45.27035],[3.10629,45.27045],[3.10715,45.2682],[3.1049,45.26646],[3.10277,45.26418],[3.10071,45.2628],[3.09956,45.26272],[3.09649,45.26148],[3.09532,45.2604],[3.09362,45.26144],[3.09278,45.26056],[3.0915,45.26048]]]}},{"type":"Feature","id":"fr-commune-15100","properties":{"id":"fr-commune-15100","name":"Laveissenet","kind":"commune","center":[2.8773705483063887,45.07687490528239],"code":"15100","department":"15"},"bbox":[2.82167,45.04772,2.9202,45.09791],"geometry":{"type":"Polygon","coordinates":[[[2.91386,45.07528],[2.91151,45.07494],[2.91184,45.07624],[2.90956,45.0785],[2.90835,45.0775],[2.90607,45.0779],[2.90458,45.07859],[2.90113,45.07595],[2.90072,45.07412],[2.89814,45.07199],[2.89732,45.0726],[2.8946,45.07221],[2.89208,45.07314],[2.88941,45.07298],[2.88881,45.07363],[2.88501,45.07261],[2.88227,45.07233],[2.88175,45.07303],[2.8801,45.07296],[2.87685,45.07413],[2.87713,45.07294],[2.87444,45.07029],[2.87312,45.07097],[2.8715,45.07069],[2.87213,45.07283],[2.87198,45.07398],[2.87293,45.07601],[2.86962,45.07666],[2.86815,45.07618],[2.86689,45.07354],[2.86565,45.07259],[2.86123,45.07045],[2.86137,45.07004],[2.85241,45.06589],[2.84895,45.06401],[2.84798,45.0638],[2.83962,45.05965],[2.83842,45.0602],[2.83579,45.05875],[2.8347,45.05663],[2.83517,45.05522],[2.83764,45.05368],[2.84058,45.05276],[2.84534,45.05292],[2.84633,45.05004],[2.84492,45.04861],[2.84344,45.04784],[2.84193,45.04772],[2.83629,45.04811],[2.82651,45.04905],[2.82258,45.04956],[2.82167,45.05341],[2.82453,45.0541],[2.82625,45.05526],[2.82818,45.05808],[2.83041,45.05879],[2.83258,45.06105],[2.83389,45.06154],[2.83823,45.06377],[2.84181,45.06609],[2.84489,45.06893],[2.85137,45.07421],[2.85378,45.07498],[2.85443,45.07605],[2.85732,45.07753],[2.86162,45.0775],[2.86296,45.07889],[2.86526,45.08001],[2.87111,45.08197],[2.87532,45.08316],[2.87475,45.08375],[2.87773,45.0858],[2.87813,45.08736],[2.87974,45.08848],[2.88024,45.08945],[2.87812,45.09134],[2.88075,45.09292],[2.88269,45.09449],[2.88323,45.09558],[2.88851,45.09692],[2.88903,45.09788],[2.89062,45.09791],[2.89262,45.0973],[2.89352,45.09693],[2.89503,45.09751],[2.89655,45.09742],[2.89659,45.09594],[2.8986,45.09562],[2.89949,45.09392],[2.90091,45.0936],[2.90212,45.09435],[2.90408,45.09331],[2.90626,45.09561],[2.90774,45.09556],[2.90711,45.09272],[2.9082,45.09257],[2.91032,45.09059],[2.91191,45.09045],[2.91259,45.08929],[2.9105,45.08851],[2.91472,45.08639],[2.91313,45.08577],[2.91579,45.08509],[2.9161,45.0863],[2.91788,45.08642],[2.91849,45.08429],[2.9202,45.08316],[2.92002,45.08159],[2.91769,45.08122],[2.91688,45.08028],[2.91713,45.07859],[2.91459,45.07798],[2.91319,45.07837],[2.91255,45.07749],[2.91387,45.07618],[2.91386,45.07528]]]}},{"type":"Feature","id":"fr-commune-15101","properties":{"id":"fr-commune-15101","name":"Laveissière","kind":"commune","center":[2.7837,45.0985],"code":"15101","department":"15"},"bbox":[2.71616,45.06639,2.85131,45.13064],"geometry":{"type":"Polygon","coordinates":[[[2.77088,45.11995],[2.77291,45.11999],[2.77883,45.12212],[2.78089,45.12531],[2.78056,45.12684],[2.78465,45.12687],[2.79,45.12756],[2.79254,45.12809],[2.80062,45.12924],[2.80903,45.13064],[2.81692,45.12789],[2.81859,45.12597],[2.82248,45.12475],[2.83083,45.12273],[2.83543,45.12263],[2.83408,45.12009],[2.83596,45.11842],[2.84115,45.11643],[2.84601,45.11351],[2.84696,45.11368],[2.84743,45.11159],[2.85131,45.10992],[2.85038,45.10725],[2.85031,45.10595],[2.84941,45.10519],[2.8492,45.10384],[2.84775,45.10259],[2.84571,45.10291],[2.84451,45.10167],[2.84161,45.10096],[2.83846,45.10128],[2.83559,45.10035],[2.83539,45.09963],[2.83252,45.09824],[2.83087,45.09802],[2.82896,45.09879],[2.82558,45.09874],[2.82291,45.09747],[2.81912,45.09602],[2.81705,45.09465],[2.81522,45.09299],[2.81329,45.09298],[2.81221,45.09347],[2.81206,45.09565],[2.81098,45.0968],[2.8073,45.09654],[2.80421,45.09514],[2.80304,45.09494],[2.7986,45.09298],[2.79658,45.09252],[2.79256,45.09082],[2.79029,45.09045],[2.78847,45.08962],[2.7831,45.08896],[2.77975,45.08781],[2.7788,45.08535],[2.77395,45.08044],[2.77299,45.07887],[2.77032,45.07724],[2.77092,45.07459],[2.77006,45.07095],[2.76926,45.06937],[2.76744,45.06703],[2.7659,45.06639],[2.76496,45.06769],[2.76194,45.07021],[2.75673,45.07206],[2.75461,45.0732],[2.75267,45.07665],[2.75295,45.07731],[2.75169,45.07836],[2.75173,45.07943],[2.74746,45.08047],[2.74686,45.08028],[2.7428,45.08297],[2.74179,45.08282],[2.73758,45.08299],[2.73375,45.0836],[2.73261,45.0871],[2.72979,45.0872],[2.72318,45.08777],[2.71799,45.08806],[2.71673,45.08833],[2.71686,45.08995],[2.71616,45.09137],[2.71651,45.09266],[2.71886,45.09476],[2.71799,45.09683],[2.71844,45.09928],[2.71985,45.10041],[2.72271,45.10057],[2.72458,45.10023],[2.7275,45.10039],[2.72981,45.10096],[2.73288,45.10091],[2.73479,45.10217],[2.73788,45.10729],[2.74446,45.11051],[2.7454,45.11122],[2.74762,45.11428],[2.74947,45.1149],[2.75149,45.11665],[2.75531,45.11942],[2.76378,45.12254],[2.77088,45.11995]]]}},{"type":"Feature","id":"fr-commune-15102","properties":{"id":"fr-commune-15102","name":"Lavigerie","kind":"commune","center":[2.7269,45.1274],"code":"15102","department":"15"},"bbox":[2.6767,45.10023,2.777,45.15455],"geometry":{"type":"Polygon","coordinates":[[[2.74056,45.15455],[2.74303,45.15293],[2.74501,45.15289],[2.74552,45.15211],[2.74739,45.15154],[2.74983,45.15172],[2.7534,45.15305],[2.75495,45.15281],[2.75565,45.15192],[2.75672,45.14901],[2.75824,45.14725],[2.75854,45.14568],[2.76025,45.14446],[2.76356,45.14499],[2.76557,45.14246],[2.76501,45.14083],[2.76999,45.14276],[2.77229,45.14316],[2.77482,45.14452],[2.77571,45.14389],[2.77493,45.14222],[2.77559,45.1413],[2.77627,45.13887],[2.777,45.13808],[2.77594,45.13445],[2.77617,45.13316],[2.77526,45.13174],[2.77572,45.13069],[2.77525,45.12863],[2.77557,45.12728],[2.77487,45.12601],[2.77376,45.12259],[2.77203,45.12134],[2.77088,45.11995],[2.76378,45.12254],[2.75531,45.11942],[2.75149,45.11665],[2.74947,45.1149],[2.74762,45.11428],[2.7454,45.11122],[2.74446,45.11051],[2.73788,45.10729],[2.73479,45.10217],[2.73288,45.10091],[2.72981,45.10096],[2.7275,45.10039],[2.72458,45.10023],[2.72271,45.10057],[2.71985,45.10041],[2.71078,45.11013],[2.70765,45.10889],[2.70528,45.1074],[2.70452,45.10736],[2.70007,45.10517],[2.69901,45.10426],[2.69534,45.10337],[2.69453,45.10265],[2.69281,45.10241],[2.68906,45.10354],[2.68575,45.10369],[2.68294,45.10502],[2.68141,45.1064],[2.6803,45.10676],[2.6767,45.10929],[2.68414,45.11111],[2.68714,45.11326],[2.68932,45.11343],[2.69078,45.11563],[2.69108,45.11678],[2.69496,45.12202],[2.69599,45.1249],[2.69772,45.12606],[2.69998,45.1282],[2.70071,45.12932],[2.70401,45.13143],[2.70759,45.13319],[2.71113,45.13517],[2.71156,45.13599],[2.71289,45.13618],[2.71553,45.13768],[2.71691,45.13952],[2.72273,45.14117],[2.72554,45.14297],[2.72745,45.14359],[2.73028,45.14547],[2.73448,45.14796],[2.73465,45.14851],[2.73694,45.14974],[2.73805,45.1509],[2.74056,45.15455]]]}},{"type":"Feature","id":"fr-commune-15103","properties":{"id":"fr-commune-15103","name":"Leucamp","kind":"commune","center":[2.5363,44.7829],"code":"15103","department":"15"},"bbox":[2.5079,44.75712,2.56478,44.80868],"geometry":{"type":"Polygon","coordinates":[[[2.5643,44.77809],[2.56228,44.77767],[2.56294,44.77616],[2.56256,44.77513],[2.56478,44.77233],[2.56327,44.77064],[2.56331,44.76932],[2.56226,44.76717],[2.56308,44.76588],[2.56074,44.76371],[2.55993,44.76218],[2.56,44.76104],[2.56131,44.75873],[2.56069,44.75811],[2.55857,44.75862],[2.55731,44.75712],[2.55342,44.75731],[2.55188,44.75837],[2.55146,44.76079],[2.54849,44.76194],[2.54666,44.76231],[2.5463,44.76357],[2.54386,44.76439],[2.54344,44.76546],[2.54211,44.76662],[2.54179,44.76758],[2.54003,44.76765],[2.53926,44.76957],[2.5367,44.77038],[2.53462,44.77173],[2.53342,44.77122],[2.53181,44.77215],[2.53228,44.77282],[2.53158,44.7743],[2.53187,44.77543],[2.52999,44.77539],[2.52916,44.77614],[2.52718,44.77686],[2.52281,44.77757],[2.5215,44.77831],[2.51938,44.77858],[2.51718,44.77999],[2.51763,44.78168],[2.51618,44.78233],[2.51615,44.78396],[2.51512,44.78522],[2.51589,44.78781],[2.51416,44.78813],[2.51354,44.78892],[2.51077,44.7902],[2.5079,44.79262],[2.50815,44.79361],[2.5102,44.79614],[2.51135,44.79716],[2.51326,44.79781],[2.51652,44.79843],[2.51764,44.80037],[2.51692,44.80169],[2.51519,44.80287],[2.5146,44.80381],[2.51588,44.80338],[2.51791,44.80412],[2.51687,44.8054],[2.51775,44.80584],[2.52093,44.80598],[2.5227,44.80706],[2.5227,44.80868],[2.52384,44.80854],[2.52447,44.80719],[2.52731,44.80604],[2.52714,44.80293],[2.52957,44.80309],[2.53162,44.80371],[2.53236,44.8033],[2.53864,44.80363],[2.53942,44.8023],[2.54284,44.80001],[2.54477,44.80051],[2.54605,44.7999],[2.54732,44.79846],[2.55133,44.79598],[2.55363,44.79601],[2.55605,44.79655],[2.56191,44.7956],[2.56346,44.7943],[2.56072,44.79342],[2.56035,44.79185],[2.55915,44.79066],[2.55855,44.78931],[2.55935,44.78812],[2.55812,44.786],[2.55943,44.78542],[2.56148,44.78383],[2.56147,44.78263],[2.56477,44.779],[2.5643,44.77809]]]}},{"type":"Feature","id":"fr-commune-15104","properties":{"id":"fr-commune-15104","name":"Leynhac","kind":"commune","center":[2.278,44.7414],"code":"15104","department":"15"},"bbox":[2.22897,44.70984,2.32716,44.77299],"geometry":{"type":"Polygon","coordinates":[[[2.28196,44.71817],[2.28274,44.719],[2.28753,44.72171],[2.29467,44.72437],[2.2927,44.72549],[2.29077,44.72781],[2.28895,44.72927],[2.28684,44.72888],[2.28399,44.72911],[2.28378,44.72856],[2.27724,44.72845],[2.27547,44.72596],[2.27366,44.72549],[2.2728,44.72428],[2.26979,44.72467],[2.26869,44.72414],[2.26665,44.72443],[2.26542,44.72384],[2.26244,44.72413],[2.26212,44.72315],[2.25915,44.72233],[2.25762,44.72272],[2.25588,44.72209],[2.25514,44.72271],[2.25057,44.72055],[2.24941,44.71895],[2.24663,44.71855],[2.24657,44.71704],[2.24461,44.71604],[2.24414,44.71746],[2.24229,44.71852],[2.24108,44.72046],[2.23875,44.72115],[2.23632,44.72246],[2.23535,44.72369],[2.2322,44.72579],[2.23042,44.72568],[2.23145,44.72754],[2.23065,44.72933],[2.23236,44.73032],[2.23265,44.73256],[2.23097,44.73376],[2.22897,44.73417],[2.22923,44.73519],[2.23031,44.73617],[2.23155,44.7363],[2.233,44.73597],[2.23359,44.73508],[2.23512,44.73566],[2.23603,44.7367],[2.2385,44.73752],[2.23974,44.73836],[2.242,44.73898],[2.24148,44.73986],[2.23982,44.73915],[2.23884,44.73988],[2.23954,44.74066],[2.24232,44.74146],[2.24382,44.74269],[2.24384,44.74374],[2.24488,44.74485],[2.24258,44.74639],[2.24344,44.74728],[2.24666,44.74744],[2.2488,44.74842],[2.24947,44.74959],[2.25062,44.74976],[2.25079,44.75077],[2.25302,44.7509],[2.2558,44.75242],[2.25778,44.75602],[2.25909,44.75675],[2.26162,44.75741],[2.26286,44.75702],[2.26499,44.75742],[2.26696,44.75701],[2.26738,44.7579],[2.26668,44.75911],[2.2677,44.76005],[2.26829,44.76278],[2.27139,44.76444],[2.27346,44.76255],[2.27501,44.76308],[2.27365,44.76413],[2.27584,44.76492],[2.27655,44.76579],[2.27815,44.76607],[2.28008,44.76729],[2.28256,44.76711],[2.28216,44.76901],[2.28252,44.7697],[2.28152,44.77063],[2.2823,44.77192],[2.28384,44.77248],[2.28508,44.77299],[2.28718,44.77212],[2.28772,44.77133],[2.28738,44.76985],[2.28866,44.76799],[2.29244,44.76834],[2.29387,44.76726],[2.29567,44.76666],[2.29821,44.76457],[2.29967,44.76481],[2.30173,44.76368],[2.30314,44.7649],[2.30512,44.76505],[2.30739,44.76481],[2.30839,44.76327],[2.31142,44.7622],[2.31081,44.76008],[2.31109,44.75905],[2.30923,44.755],[2.31132,44.75557],[2.31339,44.75545],[2.31425,44.75495],[2.31339,44.75379],[2.31449,44.75255],[2.31477,44.7514],[2.31694,44.74844],[2.32111,44.74788],[2.32048,44.74356],[2.32219,44.7421],[2.32345,44.74045],[2.32498,44.73928],[2.32428,44.73837],[2.32456,44.7371],[2.32674,44.73545],[2.32554,44.73387],[2.32532,44.73256],[2.32595,44.73107],[2.32716,44.73076],[2.32442,44.7294],[2.32334,44.72849],[2.32099,44.72828],[2.31654,44.72646],[2.31427,44.72584],[2.31208,44.72586],[2.3077,44.72545],[2.30739,44.72585],[2.30295,44.72383],[2.30243,44.72165],[2.30008,44.72136],[2.30041,44.72008],[2.29859,44.71963],[2.29914,44.71848],[2.29468,44.71642],[2.29346,44.71532],[2.29365,44.71425],[2.29118,44.7129],[2.29069,44.7122],[2.28758,44.71191],[2.28776,44.71098],[2.28963,44.71094],[2.29016,44.71038],[2.28705,44.70984],[2.28473,44.70996],[2.28389,44.71566],[2.28278,44.7176],[2.28196,44.71817]]]}},{"type":"Feature","id":"fr-commune-15105","properties":{"id":"fr-commune-15105","name":"Leyvaux","kind":"commune","center":[3.086,45.3272],"code":"15105","department":"15"},"bbox":[3.05634,45.30001,3.11613,45.35425],"geometry":{"type":"Polygon","coordinates":[[[3.0979,45.30051],[3.09715,45.30263],[3.09428,45.30202],[3.08919,45.30282],[3.08818,45.30382],[3.08487,45.30397],[3.08386,45.30475],[3.08409,45.30663],[3.0827,45.30722],[3.08038,45.30694],[3.07874,45.30718],[3.07791,45.30657],[3.0755,45.30683],[3.07317,45.30751],[3.07113,45.30727],[3.0695,45.30581],[3.06814,45.30634],[3.06182,45.30704],[3.05911,45.30681],[3.05752,45.3082],[3.05634,45.31008],[3.05784,45.31178],[3.05863,45.3136],[3.06247,45.31338],[3.06531,45.3148],[3.06557,45.31531],[3.06481,45.31749],[3.06674,45.31971],[3.06488,45.32052],[3.06418,45.32185],[3.06476,45.3225],[3.06389,45.32373],[3.06196,45.32509],[3.06253,45.32651],[3.06198,45.32818],[3.06244,45.32911],[3.06436,45.33087],[3.06191,45.33173],[3.06338,45.33227],[3.06795,45.33313],[3.06918,45.33396],[3.06951,45.33641],[3.07045,45.33705],[3.0728,45.33768],[3.07445,45.33718],[3.07747,45.3373],[3.08075,45.33622],[3.08251,45.33657],[3.08569,45.33833],[3.08718,45.33863],[3.08889,45.34056],[3.09032,45.34161],[3.08894,45.34353],[3.08959,45.34435],[3.09024,45.34684],[3.09148,45.34813],[3.0952,45.34972],[3.09605,45.35202],[3.10106,45.35272],[3.1019,45.35425],[3.10371,45.35413],[3.10554,45.35278],[3.10791,45.35234],[3.10968,45.35138],[3.113,45.35137],[3.11111,45.34997],[3.11065,45.3488],[3.10916,45.34697],[3.10926,45.34517],[3.11093,45.3436],[3.11278,45.3432],[3.11189,45.34124],[3.11302,45.34068],[3.11305,45.33872],[3.11252,45.33644],[3.11412,45.33608],[3.1143,45.33494],[3.11613,45.33366],[3.11463,45.33275],[3.11461,45.33173],[3.11243,45.3307],[3.11399,45.33025],[3.11323,45.32731],[3.1119,45.32663],[3.1089,45.32701],[3.10599,45.32784],[3.10469,45.32871],[3.10339,45.3287],[3.09876,45.32773],[3.09505,45.32717],[3.09372,45.32741],[3.09274,45.32585],[3.09141,45.32549],[3.09053,45.32433],[3.09046,45.32251],[3.09225,45.32204],[3.09658,45.31907],[3.09858,45.31667],[3.1068,45.31376],[3.1082,45.31458],[3.1131,45.31348],[3.11165,45.31274],[3.11112,45.3114],[3.1144,45.31113],[3.11367,45.30907],[3.1111,45.30817],[3.11091,45.30677],[3.1102,45.30615],[3.11089,45.30507],[3.10967,45.30471],[3.10921,45.30364],[3.10728,45.3023],[3.10463,45.30168],[3.10102,45.30001],[3.09909,45.30065],[3.0979,45.30051]]]}},{"type":"Feature","id":"fr-commune-15106","properties":{"id":"fr-commune-15106","name":"Lieutadès","kind":"commune","center":[2.9022,44.829],"code":"15106","department":"15"},"bbox":[2.8546,44.7839,2.94974,44.87442],"geometry":{"type":"Polygon","coordinates":[[[2.87913,44.80381],[2.87722,44.807],[2.87762,44.80986],[2.87696,44.81238],[2.8756,44.81562],[2.87301,44.81746],[2.87213,44.81841],[2.87183,44.81987],[2.87042,44.82387],[2.8704,44.82942],[2.86805,44.8334],[2.86655,44.83366],[2.86624,44.83452],[2.8648,44.83455],[2.86168,44.83589],[2.86104,44.83798],[2.85962,44.83924],[2.86004,44.84028],[2.85907,44.84128],[2.85945,44.84227],[2.86246,44.8428],[2.86414,44.84272],[2.86543,44.84471],[2.86575,44.84709],[2.86186,44.84796],[2.86181,44.84973],[2.86082,44.85078],[2.85958,44.85051],[2.85874,44.84895],[2.85677,44.84881],[2.85549,44.84953],[2.8546,44.85072],[2.85617,44.85207],[2.85606,44.85291],[2.85481,44.85385],[2.85595,44.85457],[2.85529,44.85617],[2.85607,44.85773],[2.85658,44.85992],[2.8558,44.86109],[2.85684,44.86226],[2.85609,44.86443],[2.85644,44.86558],[2.85849,44.86591],[2.86087,44.86715],[2.86139,44.86793],[2.85984,44.86959],[2.85929,44.87102],[2.85975,44.87442],[2.86472,44.87307],[2.86898,44.8726],[2.87281,44.87189],[2.87506,44.87048],[2.87873,44.86962],[2.88061,44.86884],[2.88188,44.86761],[2.88385,44.8675],[2.88719,44.86952],[2.89041,44.86918],[2.89191,44.86738],[2.89286,44.86533],[2.89681,44.86342],[2.89765,44.8621],[2.90016,44.86043],[2.90546,44.85895],[2.90864,44.85859],[2.91015,44.85705],[2.91086,44.85509],[2.91295,44.85494],[2.91579,44.85427],[2.91887,44.85457],[2.92082,44.85367],[2.92341,44.85344],[2.92427,44.85154],[2.92697,44.85178],[2.92811,44.84995],[2.93253,44.85041],[2.93286,44.84931],[2.93311,44.84719],[2.93593,44.84548],[2.93578,44.84464],[2.93687,44.84333],[2.93727,44.84139],[2.93888,44.83911],[2.93769,44.83828],[2.93708,44.83603],[2.93483,44.83449],[2.935,44.83316],[2.93598,44.83227],[2.93586,44.8311],[2.93678,44.82799],[2.93837,44.82637],[2.93663,44.82509],[2.93901,44.82287],[2.94098,44.82263],[2.94052,44.82132],[2.93938,44.82095],[2.93931,44.81864],[2.94048,44.8174],[2.94188,44.81788],[2.9432,44.81771],[2.94524,44.81604],[2.94538,44.81463],[2.94688,44.81336],[2.94714,44.81219],[2.94974,44.80973],[2.94833,44.80923],[2.94732,44.81013],[2.9436,44.81052],[2.94076,44.8104],[2.93915,44.81071],[2.93752,44.81029],[2.93394,44.81012],[2.9345,44.81251],[2.93277,44.81359],[2.9311,44.81201],[2.92807,44.80758],[2.92564,44.80798],[2.92134,44.80514],[2.92124,44.80472],[2.91555,44.80194],[2.91549,44.79978],[2.9181,44.79587],[2.92019,44.79431],[2.91599,44.79159],[2.91156,44.79057],[2.91162,44.78985],[2.90976,44.78738],[2.90511,44.7839],[2.90119,44.78468],[2.8985,44.78463],[2.89543,44.78582],[2.89462,44.78585],[2.88994,44.78764],[2.88899,44.78875],[2.88765,44.78917],[2.88941,44.79082],[2.88865,44.79234],[2.8862,44.79425],[2.88602,44.79506],[2.88438,44.79619],[2.88139,44.80016],[2.87913,44.80381]]]}},{"type":"Feature","id":"fr-commune-15107","properties":{"id":"fr-commune-15107","name":"Lorcières","kind":"commune","center":[3.2938,44.9503],"code":"15107","department":"15"},"bbox":[3.24977,44.92606,3.33816,44.97463],"geometry":{"type":"Polygon","coordinates":[[[3.33794,44.95591],[3.33546,44.95459],[3.32938,44.95203],[3.32631,44.9498],[3.31542,44.94403],[3.31549,44.94207],[3.31645,44.94053],[3.31386,44.93922],[3.31183,44.93782],[3.31039,44.93781],[3.30864,44.93883],[3.30839,44.94031],[3.30757,44.94102],[3.30563,44.94114],[3.30479,44.94035],[3.29993,44.93955],[3.29927,44.93888],[3.2986,44.93633],[3.29579,44.93439],[3.29243,44.93137],[3.28961,44.92975],[3.28817,44.92795],[3.28563,44.92631],[3.28115,44.92606],[3.27475,44.92664],[3.27261,44.92711],[3.26929,44.92845],[3.26656,44.93008],[3.2628,44.93178],[3.262,44.93286],[3.26186,44.93509],[3.26237,44.93642],[3.26489,44.93814],[3.26819,44.94152],[3.26744,44.94257],[3.26576,44.94219],[3.26317,44.94274],[3.26046,44.94222],[3.25935,44.94248],[3.25617,44.9416],[3.25721,44.9433],[3.25716,44.94411],[3.25843,44.94523],[3.25977,44.94499],[3.26068,44.94634],[3.25992,44.94707],[3.26006,44.9481],[3.25816,44.94942],[3.25882,44.95045],[3.25704,44.95312],[3.25909,44.95445],[3.25897,44.95541],[3.25626,44.95577],[3.25521,44.95553],[3.25388,44.9571],[3.25231,44.95788],[3.25053,44.9578],[3.24977,44.95835],[3.24998,44.95949],[3.25167,44.96007],[3.25521,44.96025],[3.25797,44.96139],[3.25889,44.96251],[3.25743,44.96373],[3.25657,44.96356],[3.25354,44.96453],[3.25343,44.96561],[3.25122,44.96589],[3.25366,44.9675],[3.25533,44.96772],[3.25623,44.96995],[3.25707,44.97024],[3.2586,44.97169],[3.25961,44.97096],[3.26201,44.97067],[3.26225,44.97156],[3.26582,44.97096],[3.26724,44.96926],[3.26974,44.9702],[3.26955,44.97065],[3.27332,44.97358],[3.27579,44.97463],[3.27711,44.9736],[3.27806,44.97198],[3.28026,44.96984],[3.28274,44.97093],[3.28484,44.97094],[3.28783,44.96826],[3.28832,44.96713],[3.29063,44.96522],[3.29295,44.96653],[3.29557,44.96612],[3.29749,44.96668],[3.29858,44.96654],[3.2995,44.96865],[3.30271,44.96904],[3.30451,44.96894],[3.30674,44.96819],[3.30727,44.97093],[3.30904,44.97083],[3.31056,44.97],[3.31067,44.96901],[3.31218,44.96887],[3.31235,44.96724],[3.31444,44.96736],[3.31738,44.96643],[3.32105,44.96733],[3.32609,44.96957],[3.33338,44.97098],[3.33353,44.97224],[3.33709,44.97261],[3.33816,44.97224],[3.33664,44.96861],[3.33402,44.96778],[3.33178,44.96533],[3.33207,44.96388],[3.33589,44.9616],[3.33651,44.96079],[3.33794,44.95591]]]}},{"type":"Feature","id":"fr-commune-15108","properties":{"id":"fr-commune-15108","name":"Val d'Arcomie","kind":"commune","center":[3.1723,44.9193],"code":"15108","department":"15"},"bbox":[3.09356,44.86149,3.25102,44.97719],"geometry":{"type":"Polygon","coordinates":[[[3.2499,44.91626],[3.24709,44.91581],[3.2467,44.91515],[3.24392,44.91612],[3.24235,44.91517],[3.24248,44.91445],[3.23962,44.91451],[3.23634,44.91263],[3.23374,44.91167],[3.23036,44.91111],[3.22668,44.90977],[3.22905,44.90584],[3.22876,44.90381],[3.22694,44.89882],[3.2272,44.89691],[3.22884,44.89504],[3.23406,44.88979],[3.23599,44.88928],[3.23636,44.88793],[3.23819,44.88676],[3.23493,44.88663],[3.23318,44.88609],[3.23207,44.88643],[3.23131,44.88556],[3.22784,44.88591],[3.22567,44.88216],[3.22426,44.88099],[3.2224,44.88074],[3.22236,44.88001],[3.22009,44.87832],[3.21736,44.87717],[3.21562,44.8744],[3.21357,44.87491],[3.21141,44.87441],[3.21079,44.87331],[3.20909,44.87382],[3.2056,44.87432],[3.20377,44.87399],[3.20184,44.87533],[3.20065,44.87467],[3.19941,44.87488],[3.19609,44.87255],[3.19427,44.87165],[3.19232,44.86954],[3.1927,44.86742],[3.19366,44.866],[3.19181,44.86403],[3.19213,44.86277],[3.18903,44.86163],[3.18706,44.86149],[3.18482,44.86232],[3.18373,44.86331],[3.18245,44.86362],[3.18129,44.86467],[3.17989,44.86659],[3.18009,44.8677],[3.17573,44.87077],[3.17415,44.87145],[3.17344,44.87271],[3.17156,44.87277],[3.17,44.87327],[3.16754,44.87487],[3.16411,44.87375],[3.16358,44.87414],[3.16497,44.87776],[3.16414,44.8796],[3.16253,44.88024],[3.16112,44.88151],[3.16103,44.88341],[3.15991,44.88515],[3.15691,44.88698],[3.15571,44.88823],[3.15473,44.88819],[3.15346,44.8895],[3.15283,44.89169],[3.15281,44.89321],[3.1498,44.89418],[3.14863,44.89583],[3.14614,44.8975],[3.14451,44.89912],[3.14445,44.9017],[3.14222,44.90297],[3.13366,44.90335],[3.13074,44.90376],[3.12815,44.90365],[3.12772,44.90448],[3.12598,44.9054],[3.12591,44.90676],[3.12659,44.90814],[3.12636,44.90991],[3.12529,44.91164],[3.12512,44.91393],[3.12371,44.91461],[3.12075,44.9151],[3.11977,44.91693],[3.11857,44.91764],[3.12147,44.91899],[3.12257,44.92055],[3.12062,44.92154],[3.11972,44.92276],[3.11736,44.92281],[3.11712,44.92229],[3.11252,44.92175],[3.11118,44.92015],[3.11306,44.91829],[3.11343,44.9163],[3.11147,44.91537],[3.10898,44.91595],[3.10814,44.91733],[3.10922,44.92075],[3.10886,44.92267],[3.10618,44.92496],[3.10618,44.92671],[3.10906,44.92886],[3.10808,44.93058],[3.10631,44.93095],[3.10374,44.93251],[3.09883,44.93352],[3.09661,44.93448],[3.09614,44.93559],[3.09658,44.93773],[3.09621,44.93939],[3.09401,44.94169],[3.09356,44.94325],[3.09501,44.94422],[3.09603,44.94414],[3.09966,44.94121],[3.10185,44.94051],[3.10359,44.94108],[3.10448,44.94196],[3.10565,44.94405],[3.10691,44.94451],[3.10946,44.94459],[3.11146,44.94521],[3.11402,44.94745],[3.11537,44.94945],[3.11798,44.95176],[3.11802,44.95337],[3.11734,44.95623],[3.11843,44.95727],[3.12263,44.95976],[3.12583,44.96102],[3.12702,44.96224],[3.12711,44.96305],[3.12561,44.96507],[3.12577,44.96591],[3.12802,44.96738],[3.12906,44.96845],[3.13127,44.96937],[3.13311,44.96935],[3.13372,44.96874],[3.13408,44.96481],[3.13597,44.96427],[3.13828,44.96672],[3.13986,44.96749],[3.14315,44.96808],[3.14505,44.96954],[3.14912,44.97101],[3.15066,44.97084],[3.15293,44.9683],[3.15414,44.96604],[3.15586,44.96528],[3.15748,44.96532],[3.15811,44.96605],[3.15766,44.96823],[3.15824,44.96919],[3.16013,44.97031],[3.1617,44.9734],[3.16216,44.97636],[3.16354,44.97719],[3.1646,44.9753],[3.16697,44.97359],[3.16904,44.97277],[3.17214,44.97274],[3.17539,44.97441],[3.17718,44.97539],[3.17849,44.97557],[3.18056,44.97522],[3.18303,44.97221],[3.18465,44.97119],[3.18548,44.96986],[3.18768,44.96929],[3.19013,44.9707],[3.19194,44.97071],[3.19418,44.97025],[3.19413,44.9684],[3.19672,44.9677],[3.19829,44.96686],[3.20218,44.9679],[3.20631,44.96738],[3.20978,44.96838],[3.21032,44.96799],[3.2105,44.96579],[3.21218,44.96486],[3.21312,44.96227],[3.21416,44.96158],[3.21762,44.96045],[3.21964,44.95758],[3.21963,44.9564],[3.21877,44.95495],[3.22068,44.95365],[3.22322,44.95384],[3.2268,44.95472],[3.22781,44.9547],[3.23015,44.95278],[3.23195,44.95033],[3.23434,44.94781],[3.23487,44.94663],[3.23398,44.94505],[3.2336,44.94274],[3.23136,44.94047],[3.23238,44.93901],[3.23355,44.93856],[3.23836,44.93858],[3.24098,44.93899],[3.24212,44.93965],[3.24535,44.94039],[3.24721,44.94023],[3.24857,44.93935],[3.25022,44.93817],[3.25102,44.93544],[3.24988,44.93436],[3.24619,44.93388],[3.24534,44.93498],[3.24336,44.93568],[3.24168,44.93537],[3.24172,44.9339],[3.24347,44.93159],[3.24741,44.92993],[3.24835,44.92906],[3.24785,44.92829],[3.24417,44.92711],[3.24495,44.9255],[3.24608,44.92487],[3.24811,44.92168],[3.24892,44.91839],[3.2499,44.91626]]]}},{"type":"Feature","id":"fr-commune-15110","properties":{"id":"fr-commune-15110","name":"Lugarde","kind":"commune","center":[2.7569,45.2858],"code":"15110","department":"15"},"bbox":[2.73433,45.24943,2.77931,45.32215],"geometry":{"type":"Polygon","coordinates":[[[2.77107,45.30135],[2.77027,45.29849],[2.76881,45.29723],[2.76707,45.29631],[2.76691,45.29559],[2.76803,45.29428],[2.77281,45.29178],[2.7751,45.2898],[2.7765,45.28957],[2.77725,45.28845],[2.77921,45.28734],[2.77931,45.28607],[2.7779,45.28408],[2.7758,45.2844],[2.77565,45.28329],[2.77716,45.28197],[2.77451,45.28017],[2.77263,45.27762],[2.77249,45.2765],[2.77102,45.27632],[2.77239,45.2743],[2.77243,45.27265],[2.77081,45.27263],[2.76742,45.27197],[2.76767,45.27107],[2.76664,45.26991],[2.76849,45.26954],[2.76953,45.26876],[2.76856,45.26658],[2.77196,45.26424],[2.77353,45.26225],[2.77219,45.26013],[2.77093,45.25984],[2.7698,45.25764],[2.77011,45.2568],[2.77491,45.25184],[2.77624,45.25143],[2.77427,45.24943],[2.77422,45.25036],[2.77207,45.25208],[2.76871,45.25365],[2.76688,45.2553],[2.76547,45.25755],[2.76349,45.258],[2.76361,45.25651],[2.75907,45.25455],[2.75577,45.25581],[2.75563,45.25717],[2.75229,45.25969],[2.74993,45.26213],[2.74954,45.26543],[2.75044,45.26713],[2.75319,45.26964],[2.75509,45.27202],[2.75571,45.27409],[2.75771,45.27565],[2.75708,45.27705],[2.75477,45.27454],[2.7517,45.27577],[2.75101,45.27689],[2.74949,45.27744],[2.74721,45.27992],[2.74646,45.28141],[2.74402,45.28164],[2.74403,45.28287],[2.74603,45.2833],[2.74508,45.28429],[2.74521,45.28533],[2.74655,45.28747],[2.74486,45.28817],[2.74254,45.28865],[2.74183,45.28758],[2.73953,45.28789],[2.73908,45.28924],[2.73753,45.28999],[2.73799,45.29093],[2.7348,45.29108],[2.7345,45.29243],[2.73539,45.29283],[2.73631,45.29597],[2.73433,45.29638],[2.73453,45.29706],[2.73669,45.29683],[2.7393,45.305],[2.73954,45.30685],[2.74014,45.30693],[2.74565,45.30479],[2.74619,45.30596],[2.74734,45.30664],[2.74742,45.30923],[2.74622,45.3111],[2.74713,45.31298],[2.74999,45.31288],[2.75498,45.31313],[2.75759,45.31461],[2.75558,45.31691],[2.75705,45.31889],[2.7612,45.31901],[2.7644,45.32044],[2.76524,45.32215],[2.76661,45.32153],[2.76706,45.31911],[2.76786,45.31717],[2.7672,45.31562],[2.7683,45.31466],[2.76746,45.31211],[2.76837,45.31099],[2.76601,45.30941],[2.76645,45.30772],[2.76521,45.30702],[2.76704,45.30525],[2.76834,45.30462],[2.76843,45.30345],[2.77064,45.30275],[2.77107,45.30135]]]}},{"type":"Feature","id":"fr-commune-15111","properties":{"id":"fr-commune-15111","name":"Madic","kind":"commune","center":[2.4593,45.3726],"code":"15111","department":"15"},"bbox":[2.43788,45.35736,2.48064,45.38786],"geometry":{"type":"Polygon","coordinates":[[[2.44694,45.36372],[2.44914,45.36301],[2.4497,45.3644],[2.44783,45.36459],[2.44771,45.36549],[2.44898,45.36608],[2.44882,45.36721],[2.44364,45.36611],[2.44199,45.36672],[2.44288,45.36797],[2.44281,45.36923],[2.44364,45.3723],[2.44163,45.37312],[2.44126,45.37401],[2.44206,45.3762],[2.44104,45.37649],[2.44152,45.37784],[2.44064,45.38133],[2.43798,45.38491],[2.43788,45.38786],[2.44154,45.38452],[2.44443,45.38337],[2.44753,45.38353],[2.45017,45.38339],[2.45618,45.38397],[2.45844,45.38533],[2.45952,45.3855],[2.46202,45.38488],[2.47046,45.38188],[2.47507,45.38111],[2.47518,45.37995],[2.47428,45.37847],[2.47313,45.37748],[2.4716,45.37816],[2.47057,45.37672],[2.47015,45.37396],[2.47115,45.37349],[2.4731,45.37458],[2.47491,45.3746],[2.47625,45.37333],[2.47636,45.37046],[2.47783,45.37041],[2.4802,45.36969],[2.48064,45.369],[2.47913,45.36801],[2.47759,45.36586],[2.47578,45.36497],[2.47425,45.36682],[2.47238,45.3656],[2.47238,45.36397],[2.47372,45.36026],[2.47205,45.35961],[2.47011,45.35981],[2.46806,45.35802],[2.46693,45.35855],[2.46186,45.35736],[2.45656,45.35741],[2.45472,45.35779],[2.45365,45.35904],[2.45093,45.36101],[2.44716,45.36293],[2.44694,45.36372]]]}},{"type":"Feature","id":"fr-commune-15112","properties":{"id":"fr-commune-15112","name":"Malbo","kind":"commune","center":[2.7554,44.9857],"code":"15112","department":"15"},"bbox":[2.71843,44.94041,2.79245,45.03101],"geometry":{"type":"Polygon","coordinates":[[[2.7384,44.94144],[2.73769,44.94041],[2.73478,44.94138],[2.73342,44.94234],[2.73171,44.94276],[2.73014,44.94241],[2.7281,44.94366],[2.72915,44.94592],[2.72878,44.94698],[2.73028,44.94859],[2.73041,44.95095],[2.73276,44.95249],[2.73334,44.95375],[2.73427,44.96072],[2.73242,44.96217],[2.73133,44.96593],[2.73256,44.96715],[2.73159,44.96865],[2.73232,44.9731],[2.72929,44.97406],[2.72684,44.97627],[2.72588,44.97876],[2.72223,44.98221],[2.72079,44.98467],[2.71959,44.98829],[2.72025,44.9895],[2.71941,44.99054],[2.71916,44.99252],[2.7196,44.99342],[2.71843,44.99396],[2.72093,44.99592],[2.72298,44.99788],[2.72459,45.00062],[2.72814,45.0015],[2.72892,45.0033],[2.73,45.00447],[2.73097,45.00689],[2.73268,45.0072],[2.7339,45.00882],[2.73517,45.00877],[2.73481,45.01138],[2.73622,45.01434],[2.73869,45.01352],[2.73986,45.0155],[2.73855,45.01881],[2.73686,45.02157],[2.73703,45.02304],[2.73835,45.02545],[2.73848,45.02642],[2.74136,45.0308],[2.74205,45.03101],[2.74375,45.02934],[2.74406,45.02781],[2.74309,45.02588],[2.74389,45.02192],[2.74527,45.02016],[2.74729,45.01912],[2.7494,45.01743],[2.75408,45.01325],[2.75953,45.00922],[2.76111,45.00863],[2.7646,45.00907],[2.76567,45.00835],[2.76742,45.00443],[2.7698,45.00007],[2.77029,44.99838],[2.77252,44.99816],[2.77229,44.99739],[2.77284,44.99471],[2.77537,44.99409],[2.77585,44.99225],[2.77741,44.99134],[2.77896,44.98821],[2.78034,44.9867],[2.78193,44.9861],[2.78203,44.98313],[2.78156,44.97999],[2.7804,44.97766],[2.78389,44.97795],[2.78512,44.97709],[2.7873,44.97704],[2.78855,44.97551],[2.78999,44.97517],[2.79129,44.97267],[2.79245,44.96842],[2.78902,44.96779],[2.78643,44.96767],[2.78744,44.96635],[2.78545,44.96514],[2.78588,44.96347],[2.78713,44.96309],[2.78707,44.96209],[2.78484,44.96128],[2.78338,44.96187],[2.78318,44.96045],[2.78213,44.95947],[2.77886,44.95802],[2.7798,44.95606],[2.77765,44.95615],[2.7772,44.95467],[2.77923,44.95392],[2.77856,44.95284],[2.77681,44.95377],[2.77587,44.95322],[2.77685,44.9513],[2.77635,44.95041],[2.77864,44.94885],[2.77524,44.94879],[2.77478,44.94781],[2.77664,44.94717],[2.77557,44.94609],[2.774,44.94582],[2.77203,44.94629],[2.77203,44.94432],[2.76768,44.94541],[2.76648,44.94686],[2.76483,44.94621],[2.75955,44.94607],[2.75756,44.94617],[2.75919,44.94776],[2.75963,44.95272],[2.76029,44.95434],[2.76005,44.95522],[2.7582,44.95569],[2.75687,44.95678],[2.75738,44.95832],[2.75705,44.95979],[2.75573,44.95989],[2.75615,44.96222],[2.75567,44.96515],[2.75489,44.96533],[2.75045,44.96365],[2.75297,44.96133],[2.75253,44.9601],[2.75353,44.9595],[2.75253,44.9578],[2.75276,44.95679],[2.75151,44.95546],[2.74918,44.95458],[2.74752,44.9529],[2.74628,44.95306],[2.74626,44.95127],[2.74569,44.95003],[2.74449,44.94994],[2.74242,44.94848],[2.74325,44.94812],[2.74261,44.9463],[2.74269,44.94328],[2.73991,44.94317],[2.7384,44.94144]]]}},{"type":"Feature","id":"fr-commune-15113","properties":{"id":"fr-commune-15113","name":"Mandailles-Saint-Julien","kind":"commune","center":[2.6649,45.0775],"code":"15113","department":"15"},"bbox":[2.60986,45.04483,2.71985,45.11013],"geometry":{"type":"Polygon","coordinates":[[[2.6162,45.07665],[2.61766,45.07739],[2.62094,45.07641],[2.62204,45.0765],[2.62344,45.07748],[2.62541,45.07815],[2.62763,45.07837],[2.63018,45.07949],[2.63222,45.08079],[2.63574,45.08192],[2.637,45.08195],[2.63904,45.08321],[2.64238,45.0843],[2.64403,45.08442],[2.64452,45.08624],[2.64378,45.0887],[2.64407,45.08972],[2.64271,45.09138],[2.64259,45.09252],[2.6447,45.09632],[2.64586,45.09751],[2.64876,45.09883],[2.65296,45.09986],[2.65347,45.1008],[2.6538,45.10354],[2.65616,45.10412],[2.66039,45.10448],[2.6644,45.10399],[2.66839,45.10503],[2.66982,45.10517],[2.67371,45.10862],[2.67613,45.10929],[2.6767,45.10929],[2.6803,45.10676],[2.68141,45.1064],[2.68294,45.10502],[2.68575,45.10369],[2.68906,45.10354],[2.69281,45.10241],[2.69453,45.10265],[2.69534,45.10337],[2.69901,45.10426],[2.70007,45.10517],[2.70452,45.10736],[2.70528,45.1074],[2.70765,45.10889],[2.71078,45.11013],[2.71985,45.10041],[2.71844,45.09928],[2.71799,45.09683],[2.71886,45.09476],[2.71651,45.09266],[2.71616,45.09137],[2.71686,45.08995],[2.71673,45.08833],[2.71628,45.08775],[2.71302,45.08538],[2.71221,45.08364],[2.71059,45.08223],[2.70777,45.08137],[2.70555,45.07923],[2.70262,45.07712],[2.69854,45.07381],[2.69617,45.07116],[2.69628,45.06782],[2.69582,45.06626],[2.6967,45.06415],[2.69529,45.06199],[2.69198,45.06159],[2.68793,45.06291],[2.68502,45.06417],[2.68037,45.06284],[2.67694,45.06276],[2.67712,45.06173],[2.67516,45.05934],[2.67332,45.05786],[2.67236,45.05663],[2.67231,45.05568],[2.67111,45.05423],[2.66837,45.05267],[2.66416,45.05099],[2.66194,45.05065],[2.65798,45.051],[2.65511,45.05096],[2.65299,45.05023],[2.64964,45.0497],[2.649,45.04808],[2.64804,45.04754],[2.64372,45.04697],[2.64303,45.04742],[2.63953,45.04487],[2.6368,45.04483],[2.63359,45.04535],[2.63068,45.04699],[2.62707,45.04716],[2.62482,45.04785],[2.62295,45.04776],[2.62218,45.0487],[2.62223,45.05006],[2.6205,45.0516],[2.61782,45.05245],[2.61649,45.05226],[2.61365,45.05108],[2.61169,45.05115],[2.61237,45.05332],[2.61312,45.05447],[2.61465,45.05555],[2.6133,45.05668],[2.61326,45.05813],[2.61159,45.06024],[2.6118,45.06161],[2.61057,45.06384],[2.60986,45.06579],[2.61057,45.06739],[2.61357,45.06848],[2.617,45.07201],[2.61715,45.07584],[2.6162,45.07665]]]}},{"type":"Feature","id":"fr-commune-15114","properties":{"id":"fr-commune-15114","name":"Marcenat","kind":"commune","center":[2.8569,45.3119],"code":"15114","department":"15"},"bbox":[2.76521,45.27676,2.94861,45.34708],"geometry":{"type":"Polygon","coordinates":[[[2.7683,45.31466],[2.7691,45.31442],[2.77198,45.31529],[2.77394,45.31472],[2.77545,45.31475],[2.77635,45.31415],[2.77963,45.31319],[2.78313,45.31294],[2.78446,45.3164],[2.78713,45.3158],[2.78846,45.31449],[2.79108,45.31502],[2.79199,45.31695],[2.79015,45.31818],[2.79124,45.31876],[2.78933,45.31975],[2.79094,45.32119],[2.78745,45.32507],[2.78612,45.32602],[2.78506,45.3276],[2.78409,45.32769],[2.78112,45.33085],[2.78351,45.33485],[2.785,45.33382],[2.78992,45.33294],[2.79218,45.33107],[2.79473,45.33131],[2.79722,45.33054],[2.7988,45.33054],[2.79785,45.32914],[2.79763,45.32774],[2.79935,45.32722],[2.80022,45.32557],[2.80435,45.3254],[2.80743,45.32451],[2.80926,45.32335],[2.81159,45.32362],[2.81415,45.32226],[2.81498,45.32346],[2.81535,45.32523],[2.8178,45.32732],[2.81823,45.32825],[2.81705,45.3294],[2.81628,45.33277],[2.81844,45.33237],[2.81781,45.33363],[2.81622,45.33463],[2.81744,45.3353],[2.81827,45.33467],[2.81975,45.33536],[2.81957,45.33745],[2.82192,45.33721],[2.8236,45.33805],[2.82825,45.33844],[2.82997,45.33799],[2.83058,45.3399],[2.83355,45.33955],[2.83392,45.34049],[2.83619,45.33917],[2.83691,45.33679],[2.83869,45.33616],[2.84088,45.33599],[2.84345,45.33501],[2.84516,45.33502],[2.84521,45.33626],[2.84686,45.33621],[2.85087,45.33507],[2.85152,45.33574],[2.85362,45.33573],[2.85329,45.33443],[2.85516,45.33411],[2.85814,45.33544],[2.85834,45.33584],[2.86185,45.33596],[2.86313,45.33672],[2.86447,45.33671],[2.86395,45.33506],[2.8658,45.33527],[2.86808,45.33409],[2.86869,45.33089],[2.87124,45.33142],[2.87257,45.3302],[2.87398,45.33069],[2.87392,45.3315],[2.87744,45.33206],[2.87896,45.33165],[2.87895,45.33413],[2.87981,45.33394],[2.88021,45.33565],[2.87842,45.33539],[2.87675,45.3361],[2.87889,45.33759],[2.87954,45.33849],[2.88401,45.33906],[2.8859,45.33852],[2.8886,45.33917],[2.88995,45.34024],[2.89002,45.34114],[2.89229,45.34212],[2.8929,45.34178],[2.897,45.3426],[2.90067,45.34275],[2.9039,45.34256],[2.90379,45.34602],[2.90572,45.34708],[2.90788,45.3465],[2.90984,45.34541],[2.91315,45.34304],[2.91749,45.34485],[2.92027,45.3452],[2.92216,45.34625],[2.9248,45.34655],[2.9272,45.33993],[2.92956,45.33493],[2.93307,45.32806],[2.93399,45.32594],[2.93574,45.32612],[2.93732,45.32566],[2.93722,45.32447],[2.94159,45.32067],[2.94638,45.31561],[2.94827,45.31201],[2.94861,45.30912],[2.9449,45.31099],[2.94282,45.31147],[2.94126,45.31101],[2.93891,45.31174],[2.93686,45.31298],[2.93357,45.31291],[2.93178,45.31244],[2.93125,45.31152],[2.92899,45.31032],[2.928,45.3093],[2.92594,45.31025],[2.9238,45.3106],[2.92121,45.3117],[2.91945,45.31162],[2.91938,45.31298],[2.9175,45.3137],[2.91619,45.31541],[2.91588,45.31715],[2.91254,45.31384],[2.91177,45.31112],[2.91028,45.30946],[2.90237,45.30604],[2.89512,45.30339],[2.8917,45.30289],[2.88611,45.30512],[2.8798,45.30515],[2.87623,45.30553],[2.87604,45.30522],[2.87018,45.30592],[2.8676,45.30532],[2.86538,45.3036],[2.86415,45.30163],[2.86567,45.30104],[2.86698,45.29937],[2.86404,45.298],[2.85964,45.29676],[2.86069,45.29494],[2.85831,45.29063],[2.85524,45.28979],[2.85428,45.2888],[2.85671,45.28786],[2.85885,45.28767],[2.86027,45.28698],[2.86088,45.28594],[2.86004,45.28486],[2.85793,45.28442],[2.8548,45.28264],[2.85197,45.28058],[2.84879,45.27882],[2.84871,45.27676],[2.84676,45.27822],[2.84287,45.28168],[2.84372,45.28283],[2.84362,45.28414],[2.84232,45.28418],[2.83857,45.28541],[2.83794,45.28595],[2.83264,45.28512],[2.83074,45.2859],[2.82884,45.28716],[2.82996,45.28817],[2.82449,45.29227],[2.82285,45.29484],[2.82096,45.29678],[2.81878,45.29597],[2.81458,45.2963],[2.81069,45.29749],[2.80915,45.29905],[2.80441,45.29881],[2.80327,45.29756],[2.80086,45.29618],[2.79799,45.29547],[2.79493,45.29588],[2.79315,45.29654],[2.78976,45.29659],[2.78845,45.29735],[2.78666,45.29771],[2.78613,45.29846],[2.78704,45.29944],[2.78497,45.30113],[2.78301,45.30121],[2.78086,45.30083],[2.77848,45.30082],[2.77726,45.29981],[2.77535,45.29925],[2.77197,45.30126],[2.77107,45.30135],[2.77064,45.30275],[2.76843,45.30345],[2.76834,45.30462],[2.76704,45.30525],[2.76521,45.30702],[2.76645,45.30772],[2.76601,45.30941],[2.76837,45.31099],[2.76746,45.31211],[2.7683,45.31466]]]}},{"type":"Feature","id":"fr-commune-15116","properties":{"id":"fr-commune-15116","name":"Marchastel","kind":"commune","center":[2.7334,45.2718],"code":"15116","department":"15"},"bbox":[2.69274,45.23535,2.77427,45.30844],"geometry":{"type":"Polygon","coordinates":[[[2.76621,45.24052],[2.76548,45.24225],[2.76406,45.24329],[2.76298,45.24488],[2.76072,45.24442],[2.7609,45.24343],[2.75866,45.24204],[2.76032,45.24069],[2.75979,45.23884],[2.76029,45.23731],[2.75876,45.23678],[2.75869,45.23538],[2.75717,45.23535],[2.75766,45.23822],[2.75579,45.23931],[2.75399,45.23927],[2.7531,45.23869],[2.75157,45.23874],[2.75036,45.23943],[2.74941,45.24076],[2.74748,45.24228],[2.74692,45.2452],[2.74939,45.24504],[2.74909,45.24653],[2.74989,45.24721],[2.74919,45.24919],[2.74706,45.24948],[2.74594,45.2514],[2.74476,45.25263],[2.74256,45.25173],[2.74084,45.25187],[2.74091,45.25295],[2.73601,45.25247],[2.73505,45.25207],[2.72963,45.25182],[2.73007,45.25065],[2.72911,45.24953],[2.7291,45.24858],[2.72789,45.24792],[2.72586,45.24958],[2.72517,45.25089],[2.72494,45.25417],[2.72283,45.25301],[2.72187,45.25292],[2.7208,45.2541],[2.7185,45.25267],[2.71711,45.25456],[2.71584,45.25564],[2.71374,45.25606],[2.71224,45.25547],[2.71207,45.25666],[2.70782,45.26047],[2.70453,45.26085],[2.70451,45.26344],[2.70418,45.26502],[2.70112,45.26709],[2.70115,45.26837],[2.70048,45.2696],[2.70099,45.27083],[2.69959,45.27141],[2.70116,45.27409],[2.70096,45.27562],[2.70248,45.27758],[2.70258,45.27903],[2.70201,45.28016],[2.70252,45.2813],[2.70131,45.28246],[2.69954,45.28212],[2.6957,45.28282],[2.69654,45.2843],[2.69579,45.28536],[2.69644,45.28708],[2.69801,45.28762],[2.69855,45.29096],[2.70055,45.29334],[2.69966,45.29376],[2.69974,45.29511],[2.69728,45.29641],[2.69746,45.29787],[2.69306,45.30005],[2.69274,45.30174],[2.69557,45.30223],[2.69568,45.30325],[2.69469,45.30388],[2.69695,45.3039],[2.69831,45.30323],[2.70218,45.30269],[2.70211,45.30152],[2.70848,45.30155],[2.70938,45.30231],[2.71065,45.30181],[2.71302,45.303],[2.71366,45.30368],[2.71642,45.3036],[2.71845,45.30199],[2.71951,45.3026],[2.72067,45.30165],[2.722,45.30133],[2.72548,45.30202],[2.72652,45.30417],[2.72909,45.30355],[2.73223,45.30494],[2.7353,45.30844],[2.73954,45.30685],[2.7393,45.305],[2.73669,45.29683],[2.73453,45.29706],[2.73433,45.29638],[2.73631,45.29597],[2.73539,45.29283],[2.7345,45.29243],[2.7348,45.29108],[2.73799,45.29093],[2.73753,45.28999],[2.73908,45.28924],[2.73953,45.28789],[2.74183,45.28758],[2.74254,45.28865],[2.74486,45.28817],[2.74655,45.28747],[2.74521,45.28533],[2.74508,45.28429],[2.74603,45.2833],[2.74403,45.28287],[2.74402,45.28164],[2.74646,45.28141],[2.74721,45.27992],[2.74949,45.27744],[2.75101,45.27689],[2.7517,45.27577],[2.75477,45.27454],[2.75708,45.27705],[2.75771,45.27565],[2.75571,45.27409],[2.75509,45.27202],[2.75319,45.26964],[2.75044,45.26713],[2.74954,45.26543],[2.74993,45.26213],[2.75229,45.25969],[2.75563,45.25717],[2.75577,45.25581],[2.75907,45.25455],[2.76361,45.25651],[2.76349,45.258],[2.76547,45.25755],[2.76688,45.2553],[2.76871,45.25365],[2.77207,45.25208],[2.77422,45.25036],[2.77427,45.24943],[2.77364,45.24697],[2.7717,45.24477],[2.76961,45.24348],[2.76862,45.24245],[2.7676,45.24024],[2.76621,45.24052]]]}},{"type":"Feature","id":"fr-commune-15117","properties":{"id":"fr-commune-15117","name":"Marcolès","kind":"commune","center":[2.3462,44.7839],"code":"15117","department":"15"},"bbox":[2.28384,44.7342,2.40848,44.83358],"geometry":{"type":"Polygon","coordinates":[[[2.33968,44.73711],[2.34121,44.73826],[2.34296,44.73827],[2.34422,44.73993],[2.34572,44.73952],[2.34959,44.74027],[2.35079,44.74131],[2.35069,44.74255],[2.35161,44.74334],[2.35018,44.74453],[2.35121,44.74564],[2.35125,44.74651],[2.35336,44.7481],[2.3532,44.74935],[2.35092,44.75158],[2.35184,44.7536],[2.35184,44.75502],[2.35251,44.75568],[2.35214,44.75726],[2.35402,44.75845],[2.35437,44.76043],[2.35901,44.76085],[2.35927,44.76185],[2.3553,44.76325],[2.35373,44.7648],[2.3525,44.76464],[2.34996,44.76316],[2.34373,44.76601],[2.34231,44.76638],[2.33773,44.76555],[2.33447,44.76531],[2.33327,44.76423],[2.33411,44.76227],[2.33151,44.76001],[2.33183,44.75899],[2.32813,44.75687],[2.3268,44.75533],[2.32683,44.75461],[2.32459,44.75408],[2.32242,44.75473],[2.32162,44.75409],[2.32034,44.75444],[2.31641,44.75434],[2.31425,44.75495],[2.31339,44.75545],[2.31132,44.75557],[2.30923,44.755],[2.31109,44.75905],[2.31081,44.76008],[2.31142,44.7622],[2.30839,44.76327],[2.30739,44.76481],[2.30512,44.76505],[2.30314,44.7649],[2.30173,44.76368],[2.29967,44.76481],[2.29821,44.76457],[2.29567,44.76666],[2.29387,44.76726],[2.29244,44.76834],[2.28866,44.76799],[2.28738,44.76985],[2.28772,44.77133],[2.28718,44.77212],[2.28508,44.77299],[2.28384,44.77248],[2.28502,44.77446],[2.28439,44.77589],[2.28518,44.77661],[2.28868,44.77712],[2.28956,44.77882],[2.29155,44.78066],[2.29589,44.7805],[2.29595,44.78155],[2.29736,44.78151],[2.29923,44.78227],[2.29973,44.78357],[2.30162,44.78323],[2.30331,44.7834],[2.30464,44.78471],[2.30399,44.78716],[2.30511,44.78838],[2.30623,44.78791],[2.30762,44.78829],[2.30763,44.78923],[2.30946,44.7914],[2.31055,44.79218],[2.31202,44.79104],[2.3128,44.7917],[2.31557,44.79199],[2.31736,44.79304],[2.31927,44.79277],[2.32022,44.79383],[2.32267,44.79412],[2.32437,44.79486],[2.3265,44.79439],[2.32935,44.79494],[2.33037,44.79588],[2.33234,44.79566],[2.33304,44.7942],[2.33469,44.79363],[2.33536,44.79239],[2.3367,44.79258],[2.33674,44.79423],[2.33728,44.79548],[2.33895,44.79633],[2.33941,44.79721],[2.34136,44.79738],[2.34123,44.7982],[2.33785,44.80044],[2.33782,44.80213],[2.34003,44.80268],[2.34014,44.8036],[2.34202,44.80559],[2.34269,44.80681],[2.34284,44.80834],[2.34195,44.81],[2.33989,44.81214],[2.34062,44.81456],[2.34228,44.81609],[2.34384,44.81634],[2.34364,44.81809],[2.34423,44.81982],[2.34518,44.82012],[2.34577,44.82268],[2.34584,44.82778],[2.34598,44.82835],[2.34804,44.83019],[2.34824,44.83216],[2.3499,44.83358],[2.35123,44.83263],[2.35163,44.83169],[2.35278,44.83137],[2.35634,44.83188],[2.35822,44.83243],[2.36514,44.83277],[2.36417,44.83143],[2.3648,44.83033],[2.36399,44.82839],[2.36502,44.82721],[2.36721,44.82676],[2.3688,44.82567],[2.37141,44.82551],[2.37255,44.82642],[2.37493,44.82654],[2.37625,44.82703],[2.3784,44.82878],[2.38011,44.82885],[2.38266,44.82846],[2.38064,44.82661],[2.38226,44.8253],[2.38212,44.82385],[2.38352,44.82192],[2.38556,44.82101],[2.38765,44.81942],[2.3904,44.81538],[2.39315,44.81406],[2.39355,44.81267],[2.39305,44.81116],[2.39296,44.80837],[2.39641,44.8056],[2.39598,44.80463],[2.39631,44.80331],[2.39847,44.80278],[2.40124,44.80332],[2.40848,44.80179],[2.40814,44.80044],[2.40602,44.79643],[2.40387,44.7951],[2.39893,44.79436],[2.39642,44.79226],[2.39619,44.79028],[2.39402,44.78963],[2.39146,44.78935],[2.39086,44.78632],[2.39241,44.78559],[2.39378,44.78412],[2.39359,44.78303],[2.39109,44.78037],[2.3888,44.77941],[2.38994,44.77835],[2.39248,44.77809],[2.3933,44.77717],[2.39489,44.77819],[2.39892,44.77791],[2.40049,44.77824],[2.40317,44.77691],[2.40412,44.77694],[2.40517,44.77519],[2.40647,44.77473],[2.40456,44.77301],[2.40206,44.77323],[2.40122,44.77271],[2.40156,44.77111],[2.40314,44.77053],[2.40466,44.76889],[2.40466,44.76807],[2.40418,44.76726],[2.40204,44.76644],[2.40173,44.7651],[2.40291,44.76325],[2.40333,44.7598],[2.40501,44.75805],[2.40682,44.75537],[2.40389,44.75384],[2.4023,44.75226],[2.39938,44.75091],[2.39708,44.75094],[2.39568,44.75046],[2.39414,44.75057],[2.39192,44.75011],[2.39051,44.74886],[2.38864,44.74883],[2.38785,44.74853],[2.38723,44.74544],[2.38287,44.74404],[2.37906,44.74515],[2.37771,44.74488],[2.37648,44.74397],[2.37397,44.74508],[2.3717,44.74477],[2.36917,44.74211],[2.36634,44.74269],[2.36474,44.74212],[2.36451,44.7411],[2.36532,44.7395],[2.36404,44.73827],[2.36428,44.73695],[2.36375,44.73566],[2.36197,44.73605],[2.36076,44.73562],[2.3591,44.73659],[2.35744,44.73691],[2.35585,44.73508],[2.35259,44.73511],[2.35166,44.73434],[2.34907,44.73451],[2.34662,44.7342],[2.34467,44.73636],[2.34293,44.73635],[2.3407,44.73741],[2.33968,44.73711]]]}},{"type":"Feature","id":"fr-commune-15118","properties":{"id":"fr-commune-15118","name":"Marmanhac","kind":"commune","center":[2.4789,45.0075],"code":"15118","department":"15"},"bbox":[2.42705,44.98235,2.53089,45.03289],"geometry":{"type":"Polygon","coordinates":[[[2.46051,44.99049],[2.45964,44.99365],[2.4555,44.99449],[2.45677,44.99683],[2.45671,44.99769],[2.45946,44.99812],[2.45983,44.99638],[2.45875,44.99533],[2.45923,44.99413],[2.46102,44.99352],[2.4615,44.99495],[2.46046,44.99604],[2.46028,44.99722],[2.46142,44.9981],[2.46143,44.99936],[2.45952,44.9994],[2.45908,45.00035],[2.45913,45.00229],[2.45674,45.00204],[2.45525,45.00068],[2.45292,44.99995],[2.45029,45.0003],[2.44785,45.00008],[2.44428,45.00016],[2.44281,45.00084],[2.44259,45.00162],[2.43997,45.00138],[2.44062,45.00029],[2.4391,44.99989],[2.43854,45.00127],[2.43411,45.00169],[2.43459,45.00018],[2.43312,44.99965],[2.43104,44.99971],[2.43122,44.99819],[2.42982,44.99788],[2.42924,44.99687],[2.42786,44.99768],[2.42705,45.00033],[2.42802,45.00025],[2.43035,45.00095],[2.4306,45.00181],[2.43309,45.00469],[2.43591,45.00575],[2.43573,45.00781],[2.43483,45.0085],[2.42966,45.01038],[2.43025,45.01151],[2.43273,45.01229],[2.43256,45.01498],[2.43636,45.01533],[2.44286,45.01701],[2.44585,45.01925],[2.44465,45.02005],[2.44625,45.02157],[2.44874,45.02278],[2.44725,45.02435],[2.44871,45.02469],[2.45061,45.02637],[2.45437,45.02779],[2.45896,45.02929],[2.4617,45.02772],[2.46299,45.02871],[2.46556,45.0291],[2.46705,45.02973],[2.46526,45.03122],[2.46654,45.03155],[2.46754,45.02996],[2.46858,45.02972],[2.47045,45.03022],[2.47235,45.03028],[2.47253,45.0312],[2.47418,45.03187],[2.47538,45.03096],[2.47618,45.03255],[2.48116,45.03127],[2.48545,45.03134],[2.48702,45.03289],[2.48842,45.03197],[2.48757,45.03106],[2.48698,45.02909],[2.48977,45.02871],[2.49301,45.02878],[2.49478,45.0291],[2.497,45.02878],[2.50011,45.02738],[2.50268,45.0272],[2.50065,45.02388],[2.50247,45.02262],[2.5041,45.02305],[2.50421,45.02463],[2.50379,45.02643],[2.50732,45.02545],[2.50685,45.02402],[2.50448,45.02299],[2.50425,45.0213],[2.5059,45.02174],[2.50653,45.02328],[2.50772,45.02204],[2.50682,45.01909],[2.50405,45.01873],[2.50206,45.01883],[2.49894,45.01785],[2.49506,45.01609],[2.49328,45.01402],[2.49515,45.01188],[2.496,45.01235],[2.49733,45.01102],[2.49702,45.00802],[2.49526,45.00719],[2.49516,45.00619],[2.49727,45.00565],[2.49824,45.00646],[2.50121,45.00586],[2.50327,45.00603],[2.50435,45.00538],[2.50614,45.00514],[2.50537,45.00393],[2.51368,45.00473],[2.51749,45.00629],[2.52275,45.00611],[2.52306,45.00408],[2.5296,45.00508],[2.53028,45.00424],[2.52827,45.00277],[2.52617,45.00168],[2.52482,44.99988],[2.52623,44.9981],[2.52893,44.99796],[2.5296,44.99661],[2.53089,44.99569],[2.52946,44.99397],[2.52929,44.9929],[2.53011,44.99059],[2.52882,44.99065],[2.52801,44.98826],[2.52658,44.98827],[2.52536,44.98702],[2.52353,44.9867],[2.51964,44.98886],[2.5151,44.99065],[2.51516,44.99164],[2.51282,44.99168],[2.5136,44.98976],[2.50877,44.99108],[2.50869,44.99009],[2.50681,44.98985],[2.50561,44.99129],[2.50267,44.98998],[2.4968,44.98946],[2.49473,44.99223],[2.49257,44.99187],[2.49148,44.99084],[2.48827,44.99108],[2.48707,44.98893],[2.48426,44.98767],[2.48455,44.98678],[2.48205,44.98434],[2.4797,44.98358],[2.47976,44.98471],[2.47761,44.98439],[2.47494,44.98314],[2.47381,44.98413],[2.47242,44.98349],[2.47076,44.98356],[2.46855,44.98235],[2.46437,44.9849],[2.46114,44.98585],[2.46228,44.98671],[2.46051,44.99049]]]}},{"type":"Feature","id":"fr-commune-15119","properties":{"id":"fr-commune-15119","name":"Massiac","kind":"commune","center":[3.1954,45.2439],"code":"15119","department":"15"},"bbox":[3.14559,45.2054,3.24693,45.28238],"geometry":{"type":"Polygon","coordinates":[[[3.16471,45.2686],[3.16621,45.26919],[3.16885,45.27105],[3.17006,45.27038],[3.17237,45.27153],[3.17626,45.27191],[3.17589,45.27281],[3.1784,45.27349],[3.18351,45.27541],[3.18506,45.27634],[3.18507,45.2771],[3.18818,45.27734],[3.18855,45.27852],[3.18423,45.2789],[3.18545,45.27958],[3.18785,45.28005],[3.18925,45.27986],[3.18964,45.28072],[3.19214,45.28097],[3.1932,45.27988],[3.19536,45.28045],[3.19792,45.28007],[3.19851,45.28137],[3.20042,45.2814],[3.20235,45.28238],[3.20501,45.28141],[3.20846,45.2817],[3.21126,45.28141],[3.21265,45.28086],[3.21168,45.27983],[3.21566,45.27665],[3.21831,45.2765],[3.22036,45.27691],[3.22253,45.27569],[3.22122,45.274],[3.22033,45.27388],[3.21989,45.27203],[3.22197,45.27215],[3.22649,45.27196],[3.22666,45.26942],[3.22714,45.26742],[3.22911,45.26477],[3.22622,45.26394],[3.22448,45.26265],[3.22357,45.2609],[3.22525,45.25936],[3.22535,45.256],[3.22708,45.2553],[3.22541,45.25209],[3.22484,45.25026],[3.22316,45.25013],[3.22422,45.24762],[3.22186,45.24578],[3.22113,45.24415],[3.22335,45.24335],[3.22391,45.24227],[3.22529,45.24125],[3.22886,45.24047],[3.23153,45.24055],[3.23274,45.2383],[3.23401,45.2377],[3.23476,45.235],[3.23413,45.22964],[3.23441,45.22843],[3.23395,45.22652],[3.23456,45.22508],[3.23493,45.22053],[3.23905,45.21666],[3.24097,45.21744],[3.24323,45.21715],[3.24329,45.2156],[3.24482,45.21521],[3.24693,45.21559],[3.24691,45.21424],[3.24604,45.21227],[3.24503,45.21219],[3.24226,45.20982],[3.23951,45.21023],[3.23822,45.20938],[3.23541,45.20855],[3.23381,45.21035],[3.23121,45.21165],[3.22765,45.2146],[3.22637,45.21645],[3.22189,45.21795],[3.22168,45.2166],[3.22085,45.21643],[3.22147,45.21487],[3.22315,45.21303],[3.22198,45.21129],[3.22108,45.21094],[3.22068,45.20963],[3.21871,45.20973],[3.21692,45.20921],[3.2136,45.20992],[3.2136,45.20906],[3.21539,45.20908],[3.21491,45.20733],[3.21406,45.2054],[3.21304,45.20555],[3.21159,45.20664],[3.21168,45.20826],[3.20928,45.20927],[3.2091,45.21003],[3.21008,45.21142],[3.20869,45.21219],[3.2089,45.213],[3.20785,45.21562],[3.20708,45.2159],[3.20632,45.21754],[3.20711,45.22188],[3.20568,45.22125],[3.20249,45.21804],[3.20153,45.21627],[3.20115,45.2142],[3.19916,45.2141],[3.19719,45.21323],[3.19223,45.2097],[3.18955,45.20914],[3.18748,45.20641],[3.18562,45.20708],[3.18566,45.20861],[3.18191,45.20966],[3.18184,45.21072],[3.18051,45.21299],[3.18237,45.21563],[3.18302,45.21857],[3.18404,45.22158],[3.1828,45.22612],[3.18363,45.22791],[3.18377,45.22978],[3.18075,45.22948],[3.17875,45.23005],[3.17849,45.23154],[3.17735,45.23267],[3.17467,45.2321],[3.17502,45.23129],[3.17236,45.23104],[3.17062,45.2325],[3.17234,45.23387],[3.17254,45.23516],[3.17173,45.23644],[3.16934,45.23565],[3.16711,45.23415],[3.16631,45.23554],[3.16448,45.23609],[3.16312,45.23502],[3.16279,45.23377],[3.16138,45.23346],[3.16154,45.23535],[3.16162,45.23688],[3.16456,45.23735],[3.16438,45.23798],[3.16718,45.23832],[3.16804,45.24029],[3.16777,45.24116],[3.17057,45.24196],[3.16957,45.24492],[3.16812,45.24565],[3.16717,45.24687],[3.16763,45.24749],[3.17018,45.24788],[3.1676,45.24992],[3.16914,45.25068],[3.16985,45.25157],[3.1665,45.25304],[3.16614,45.25479],[3.16448,45.254],[3.1621,45.25222],[3.16072,45.25166],[3.16065,45.2538],[3.15874,45.2535],[3.15773,45.25418],[3.15572,45.25213],[3.15284,45.25116],[3.15209,45.25206],[3.1505,45.2518],[3.14978,45.25073],[3.14656,45.25042],[3.14559,45.25161],[3.14561,45.25309],[3.15082,45.25648],[3.15223,45.25683],[3.15243,45.25786],[3.15391,45.25862],[3.15739,45.26174],[3.159,45.26262],[3.15913,45.2638],[3.16209,45.26544],[3.16337,45.26673],[3.16203,45.26867],[3.16298,45.26909],[3.16471,45.2686]]]}},{"type":"Feature","id":"fr-commune-15120","properties":{"id":"fr-commune-15120","name":"Mauriac","kind":"commune","center":[2.3209,45.2209],"code":"15120","department":"15"},"bbox":[2.26801,45.18893,2.37328,45.25283],"geometry":{"type":"Polygon","coordinates":[[[2.33511,45.18893],[2.33268,45.18939],[2.33271,45.1902],[2.33101,45.19145],[2.33081,45.19334],[2.32809,45.19551],[2.32679,45.19465],[2.32569,45.19467],[2.32311,45.19579],[2.32094,45.19505],[2.32048,45.1936],[2.31936,45.19347],[2.31679,45.19763],[2.3147,45.19729],[2.31427,45.19579],[2.31251,45.19464],[2.31124,45.19547],[2.30245,45.19812],[2.30075,45.19721],[2.2997,45.19693],[2.29828,45.19792],[2.29511,45.19881],[2.29302,45.20157],[2.2929,45.20281],[2.29348,45.20474],[2.29531,45.20472],[2.297,45.20593],[2.29699,45.20698],[2.29575,45.20826],[2.29385,45.20853],[2.29252,45.21031],[2.2941,45.21108],[2.29313,45.21291],[2.29211,45.21398],[2.29307,45.21504],[2.29082,45.21615],[2.28988,45.21603],[2.28513,45.21326],[2.28335,45.21321],[2.28077,45.21489],[2.28026,45.2143],[2.28081,45.21306],[2.27932,45.21227],[2.27736,45.21272],[2.27379,45.21201],[2.27117,45.21226],[2.26902,45.21425],[2.26801,45.21462],[2.27106,45.21636],[2.2727,45.21622],[2.27466,45.21703],[2.27812,45.21889],[2.27803,45.22093],[2.27894,45.22237],[2.27763,45.22367],[2.28005,45.22371],[2.27938,45.22538],[2.27811,45.22538],[2.27779,45.22637],[2.27855,45.22821],[2.27957,45.22907],[2.27861,45.23069],[2.27855,45.23181],[2.27725,45.23334],[2.27718,45.23568],[2.27572,45.23818],[2.2786,45.23833],[2.27943,45.23919],[2.28159,45.2396],[2.27842,45.24114],[2.27987,45.24297],[2.28178,45.24427],[2.28477,45.24721],[2.2847,45.25045],[2.28528,45.25197],[2.28712,45.25202],[2.28731,45.24968],[2.29031,45.24981],[2.28919,45.25202],[2.28999,45.25283],[2.29394,45.25225],[2.29527,45.2505],[2.29662,45.24987],[2.29872,45.25045],[2.3021,45.25005],[2.30382,45.25036],[2.30525,45.24868],[2.30386,45.2474],[2.30009,45.2452],[2.30013,45.24442],[2.30166,45.2428],[2.30452,45.2423],[2.30752,45.24104],[2.30976,45.24209],[2.30871,45.24535],[2.30875,45.24638],[2.31455,45.2458],[2.31826,45.24598],[2.31847,45.2442],[2.31751,45.24307],[2.31961,45.24258],[2.3221,45.24303],[2.32407,45.24303],[2.32561,45.24088],[2.32544,45.23814],[2.32503,45.2374],[2.32433,45.23385],[2.32967,45.23158],[2.33027,45.23036],[2.3302,45.22854],[2.33236,45.22824],[2.33536,45.22902],[2.33502,45.22762],[2.33537,45.22656],[2.33782,45.22612],[2.33661,45.22486],[2.33789,45.22405],[2.33909,45.22441],[2.34061,45.22365],[2.3423,45.22157],[2.34611,45.22195],[2.34801,45.22112],[2.34871,45.21892],[2.35042,45.21811],[2.35405,45.2159],[2.35953,45.21472],[2.36188,45.21568],[2.36544,45.2159],[2.36843,45.21712],[2.36932,45.21563],[2.36828,45.21473],[2.36964,45.21321],[2.37328,45.21239],[2.36835,45.20955],[2.36868,45.20871],[2.36677,45.20826],[2.36716,45.20745],[2.36999,45.20774],[2.37048,45.20659],[2.3662,45.20628],[2.36493,45.2043],[2.36499,45.20299],[2.36295,45.20047],[2.36106,45.2],[2.36098,45.19858],[2.3578,45.19714],[2.35761,45.19813],[2.35477,45.19887],[2.35445,45.19702],[2.34889,45.19638],[2.34666,45.19539],[2.34699,45.194],[2.34625,45.19355],[2.34451,45.19417],[2.33814,45.18932],[2.33511,45.18893]]]}},{"type":"Feature","id":"fr-commune-15121","properties":{"id":"fr-commune-15121","name":"Maurines","kind":"commune","center":[3.0842,44.8706],"code":"15121","department":"15"},"bbox":[3.05873,44.84292,3.10978,44.89831],"geometry":{"type":"Polygon","coordinates":[[[3.1049,44.86641],[3.10331,44.86535],[3.10356,44.86407],[3.10193,44.8612],[3.09957,44.86042],[3.09672,44.85878],[3.09482,44.85686],[3.0945,44.85565],[3.09327,44.85487],[3.09355,44.85402],[3.09531,44.85214],[3.09494,44.85071],[3.09622,44.8501],[3.09807,44.85042],[3.09913,44.84952],[3.09675,44.84663],[3.10017,44.84443],[3.10028,44.84391],[3.09879,44.84416],[3.09594,44.84404],[3.09486,44.84342],[3.09266,44.84407],[3.09095,44.84385],[3.08891,44.84292],[3.08532,44.84362],[3.08102,44.84383],[3.07694,44.84557],[3.07426,44.84963],[3.07365,44.85121],[3.07277,44.85203],[3.06959,44.85355],[3.06717,44.85409],[3.06474,44.85603],[3.0637,44.85649],[3.0623,44.85779],[3.06178,44.85953],[3.06397,44.86148],[3.06703,44.86349],[3.06841,44.86475],[3.06727,44.86637],[3.06487,44.86741],[3.06219,44.8659],[3.0612,44.86717],[3.06164,44.87066],[3.06351,44.87142],[3.06108,44.87242],[3.05989,44.87502],[3.05985,44.87693],[3.06062,44.87784],[3.05969,44.87989],[3.05873,44.88012],[3.05986,44.88194],[3.06156,44.88188],[3.06164,44.88305],[3.0626,44.88385],[3.06417,44.88303],[3.06506,44.88357],[3.06434,44.88591],[3.0677,44.88856],[3.06723,44.89032],[3.06834,44.89151],[3.06808,44.89463],[3.07047,44.89672],[3.07083,44.89831],[3.07364,44.89708],[3.0746,44.89704],[3.07634,44.89567],[3.0783,44.89479],[3.07978,44.89299],[3.0812,44.89223],[3.08363,44.88984],[3.08673,44.88898],[3.0875,44.89004],[3.08644,44.89121],[3.08871,44.89115],[3.09085,44.89001],[3.09387,44.88976],[3.09265,44.88793],[3.09155,44.88695],[3.09042,44.88676],[3.09034,44.88543],[3.09215,44.88375],[3.09399,44.88388],[3.09398,44.88284],[3.09657,44.88269],[3.09643,44.88166],[3.09783,44.88133],[3.09949,44.88258],[3.09937,44.88416],[3.10303,44.8846],[3.10679,44.8797],[3.10689,44.87772],[3.10637,44.87691],[3.10459,44.87616],[3.10302,44.87491],[3.10305,44.87301],[3.10249,44.87103],[3.10478,44.86879],[3.10677,44.86762],[3.10978,44.86721],[3.10933,44.86587],[3.10814,44.86639],[3.1049,44.86641]]]}},{"type":"Feature","id":"fr-commune-15122","properties":{"id":"fr-commune-15122","name":"Maurs","kind":"commune","center":[2.1729,44.7151],"code":"15122","department":"15"},"bbox":[2.12998,44.67448,2.21565,44.75549],"geometry":{"type":"Polygon","coordinates":[[[2.13009,44.69922],[2.13149,44.70091],[2.13132,44.7024],[2.13294,44.70364],[2.13125,44.70523],[2.13112,44.70858],[2.13156,44.70938],[2.13382,44.7097],[2.13548,44.71043],[2.13597,44.71162],[2.13775,44.71204],[2.13771,44.71322],[2.13839,44.71494],[2.13998,44.71603],[2.14355,44.71678],[2.14562,44.71935],[2.14922,44.72219],[2.14684,44.72289],[2.14764,44.72367],[2.14762,44.72629],[2.14884,44.72659],[2.1511,44.72843],[2.14996,44.72933],[2.1506,44.73188],[2.15197,44.73509],[2.15386,44.73695],[2.15214,44.73678],[2.15121,44.73746],[2.15224,44.73928],[2.15044,44.74055],[2.15084,44.74114],[2.15301,44.7413],[2.15581,44.74303],[2.1545,44.74367],[2.15257,44.74385],[2.1515,44.74444],[2.15405,44.74863],[2.15537,44.74894],[2.15475,44.75046],[2.15503,44.7513],[2.15363,44.75282],[2.15444,44.7539],[2.15894,44.75549],[2.1627,44.75487],[2.16631,44.7538],[2.16928,44.75443],[2.17261,44.75368],[2.174,44.7522],[2.17692,44.74766],[2.17994,44.74595],[2.18126,44.74598],[2.1833,44.7436],[2.18303,44.74183],[2.18416,44.74027],[2.18346,44.737],[2.18404,44.7357],[2.18368,44.73446],[2.18242,44.7333],[2.18226,44.73201],[2.18298,44.7294],[2.18484,44.72878],[2.18771,44.72653],[2.18856,44.72542],[2.18757,44.7235],[2.18966,44.72226],[2.19114,44.72084],[2.1913,44.71952],[2.19415,44.71787],[2.19597,44.71727],[2.19763,44.71572],[2.20068,44.71547],[2.20284,44.7128],[2.20349,44.71133],[2.20342,44.71017],[2.20496,44.70974],[2.2066,44.71017],[2.2107,44.71064],[2.21239,44.71058],[2.21501,44.70918],[2.21565,44.70823],[2.21396,44.70711],[2.21453,44.7063],[2.21554,44.70298],[2.21491,44.70217],[2.21521,44.69722],[2.21302,44.69656],[2.21149,44.6941],[2.21171,44.69189],[2.213,44.69062],[2.21293,44.68879],[2.21224,44.6875],[2.2093,44.6855],[2.20477,44.68497],[2.20147,44.68437],[2.20075,44.68373],[2.19881,44.68337],[2.19725,44.68113],[2.19461,44.67992],[2.19303,44.67992],[2.1911,44.68055],[2.18802,44.68017],[2.1872,44.67939],[2.18572,44.6791],[2.1853,44.68055],[2.18427,44.68056],[2.18354,44.67827],[2.17926,44.67448],[2.17695,44.67625],[2.1744,44.67751],[2.17286,44.68079],[2.16968,44.68249],[2.16803,44.68496],[2.16448,44.68871],[2.16229,44.6914],[2.16065,44.69474],[2.15963,44.69741],[2.15666,44.69901],[2.1553,44.70024],[2.15308,44.69986],[2.1497,44.6969],[2.14767,44.69617],[2.14762,44.69529],[2.1435,44.69375],[2.13848,44.69306],[2.13796,44.69371],[2.13528,44.6953],[2.13405,44.69504],[2.13323,44.69663],[2.13418,44.69702],[2.12998,44.69855],[2.13009,44.69922]]]}},{"type":"Feature","id":"fr-commune-15123","properties":{"id":"fr-commune-15123","name":"Méallet","kind":"commune","center":[2.4172,45.2623],"code":"15123","department":"15"},"bbox":[2.38678,45.22636,2.44781,45.2983],"geometry":{"type":"Polygon","coordinates":[[[2.42344,45.29171],[2.42389,45.29043],[2.42244,45.29027],[2.42116,45.28867],[2.42248,45.28732],[2.42398,45.28493],[2.4255,45.28439],[2.42486,45.28214],[2.42617,45.28163],[2.42527,45.28036],[2.4239,45.27752],[2.42674,45.27599],[2.4288,45.27439],[2.4308,45.2723],[2.43236,45.27182],[2.43335,45.27053],[2.43598,45.26871],[2.43571,45.26675],[2.43637,45.26583],[2.43947,45.2651],[2.44067,45.26339],[2.44456,45.26274],[2.44717,45.26161],[2.44605,45.25676],[2.44781,45.25367],[2.4473,45.25211],[2.44622,45.25153],[2.44589,45.25049],[2.44691,45.24986],[2.44493,45.24708],[2.44289,45.24582],[2.44238,45.24465],[2.44034,45.24501],[2.43952,45.24618],[2.43799,45.2452],[2.43631,45.24472],[2.43677,45.24332],[2.43601,45.24191],[2.43758,45.2409],[2.43633,45.23992],[2.43516,45.2398],[2.43117,45.24057],[2.43009,45.23994],[2.4276,45.24066],[2.42614,45.23999],[2.4248,45.24098],[2.42334,45.24053],[2.42308,45.23976],[2.42556,45.23881],[2.42582,45.23821],[2.42805,45.23836],[2.42932,45.2375],[2.43097,45.23755],[2.4374,45.23669],[2.43727,45.23498],[2.43553,45.23513],[2.43415,45.23502],[2.43275,45.23417],[2.43141,45.23417],[2.42976,45.23341],[2.43154,45.23183],[2.43013,45.23152],[2.42925,45.23314],[2.42644,45.23098],[2.42248,45.23233],[2.41987,45.23182],[2.41836,45.23216],[2.41664,45.22973],[2.41893,45.22888],[2.4188,45.22685],[2.41682,45.22636],[2.41613,45.2282],[2.41638,45.22937],[2.41505,45.22955],[2.41199,45.23126],[2.41073,45.23115],[2.41104,45.23324],[2.40919,45.23248],[2.40843,45.23315],[2.40951,45.2341],[2.40869,45.23477],[2.40932,45.23581],[2.40754,45.23693],[2.40727,45.23817],[2.40594,45.23911],[2.40591,45.24017],[2.40473,45.24112],[2.40338,45.24132],[2.40271,45.24247],[2.39953,45.24229],[2.39577,45.2431],[2.39558,45.24445],[2.39438,45.24558],[2.39348,45.24544],[2.39049,45.24824],[2.39094,45.24892],[2.38916,45.24968],[2.38967,45.25067],[2.39183,45.25157],[2.39203,45.25301],[2.39349,45.25305],[2.39617,45.25436],[2.39639,45.25636],[2.39585,45.2576],[2.39437,45.2572],[2.39323,45.25752],[2.3931,45.25955],[2.39199,45.26026],[2.39229,45.26182],[2.39377,45.26211],[2.39245,45.26328],[2.39263,45.26436],[2.39364,45.26547],[2.39429,45.26717],[2.39204,45.26849],[2.39166,45.26987],[2.39247,45.27181],[2.39053,45.27315],[2.39116,45.27416],[2.39045,45.27492],[2.38882,45.27517],[2.38678,45.27679],[2.38721,45.27932],[2.38873,45.28135],[2.39109,45.28201],[2.39144,45.28313],[2.39371,45.28597],[2.39389,45.28924],[2.39296,45.29021],[2.39194,45.29326],[2.38834,45.29513],[2.38769,45.29659],[2.3885,45.29781],[2.39027,45.29758],[2.39514,45.29561],[2.39673,45.2959],[2.39767,45.29769],[2.39876,45.2983],[2.40044,45.2974],[2.40268,45.29737],[2.40357,45.29654],[2.40604,45.29621],[2.40891,45.29579],[2.40948,45.29424],[2.41115,45.29327],[2.41478,45.29256],[2.41477,45.2918],[2.41723,45.29054],[2.41813,45.29187],[2.41968,45.29241],[2.42344,45.29171]]]}},{"type":"Feature","id":"fr-commune-15124","properties":{"id":"fr-commune-15124","name":"Menet","kind":"commune","center":[2.5781,45.296],"code":"15124","department":"15"},"bbox":[2.5319,45.26529,2.62465,45.32675],"geometry":{"type":"Polygon","coordinates":[[[2.61415,45.28773],[2.61245,45.28823],[2.61076,45.28938],[2.60602,45.29023],[2.60231,45.29039],[2.60016,45.29118],[2.59913,45.29199],[2.59708,45.29253],[2.5956,45.29227],[2.59614,45.28945],[2.59815,45.28691],[2.59892,45.28342],[2.59838,45.28243],[2.59801,45.2802],[2.5981,45.27514],[2.59837,45.27387],[2.597,45.27315],[2.59439,45.27275],[2.59308,45.27301],[2.59223,45.27523],[2.5938,45.27676],[2.59244,45.27729],[2.59111,45.27711],[2.59054,45.27617],[2.58921,45.27557],[2.58806,45.27583],[2.58528,45.27322],[2.58356,45.27284],[2.58312,45.27082],[2.58246,45.26967],[2.58108,45.26909],[2.58036,45.26799],[2.57857,45.26871],[2.57705,45.26871],[2.576,45.26805],[2.57334,45.26726],[2.57174,45.26547],[2.57091,45.26529],[2.57016,45.26614],[2.56945,45.26818],[2.56622,45.26863],[2.56482,45.26931],[2.56234,45.27147],[2.55998,45.27246],[2.55838,45.2726],[2.55705,45.27373],[2.55922,45.2748],[2.55732,45.27643],[2.55631,45.2785],[2.55682,45.27953],[2.55593,45.28138],[2.55403,45.28296],[2.54919,45.28454],[2.54779,45.28499],[2.54422,45.28477],[2.54423,45.28594],[2.54041,45.28752],[2.53965,45.28708],[2.53659,45.28834],[2.53729,45.28883],[2.53647,45.29019],[2.53475,45.29068],[2.53456,45.29145],[2.53584,45.29244],[2.53412,45.29298],[2.53259,45.2919],[2.53266,45.2951],[2.5319,45.29613],[2.53396,45.29849],[2.53212,45.30015],[2.53225,45.30126],[2.53415,45.3017],[2.53403,45.30296],[2.53652,45.30381],[2.53812,45.30503],[2.54009,45.30556],[2.54182,45.3056],[2.54169,45.307],[2.54348,45.30767],[2.545,45.30709],[2.54899,45.3091],[2.55069,45.30946],[2.55069,45.31036],[2.54917,45.31234],[2.55032,45.31256],[2.55433,45.31234],[2.55684,45.31419],[2.55899,45.31282],[2.56135,45.31381],[2.56174,45.31542],[2.56047,45.31765],[2.56222,45.31796],[2.5637,45.31735],[2.56647,45.31757],[2.56876,45.31743],[2.5687,45.31856],[2.57094,45.3199],[2.57311,45.32008],[2.57413,45.31963],[2.57572,45.3181],[2.57699,45.3185],[2.57828,45.32065],[2.57841,45.32236],[2.57918,45.32303],[2.579,45.32483],[2.57989,45.32627],[2.58214,45.32576],[2.58205,45.323],[2.58086,45.3212],[2.57986,45.31788],[2.58064,45.31703],[2.57998,45.31467],[2.58386,45.31529],[2.58757,45.31685],[2.58789,45.31825],[2.58899,45.3204],[2.58848,45.32108],[2.59192,45.32152],[2.5932,45.32084],[2.59376,45.31972],[2.59536,45.3194],[2.5974,45.3202],[2.59722,45.32173],[2.59824,45.32308],[2.60265,45.32424],[2.60368,45.32581],[2.60547,45.32675],[2.60724,45.32635],[2.60763,45.32529],[2.60993,45.32368],[2.61009,45.3218],[2.61126,45.32098],[2.6117,45.31748],[2.61506,45.31686],[2.61591,45.31465],[2.61746,45.31517],[2.61845,45.31434],[2.61852,45.31285],[2.62032,45.30946],[2.62064,45.30787],[2.62164,45.30715],[2.62083,45.30566],[2.62209,45.30436],[2.62211,45.30256],[2.62138,45.30193],[2.62296,45.30071],[2.62291,45.30002],[2.62465,45.29882],[2.62044,45.2977],[2.61962,45.29852],[2.61789,45.29663],[2.61781,45.29407],[2.61628,45.29263],[2.61432,45.29247],[2.61442,45.29105],[2.6164,45.29187],[2.61722,45.29141],[2.61588,45.29038],[2.61674,45.28937],[2.61415,45.28773]]]}},{"type":"Feature","id":"fr-commune-15125","properties":{"id":"fr-commune-15125","name":"Mentières","kind":"commune","center":[3.1426,45.0782],"code":"15125","department":"15"},"bbox":[3.12372,45.04766,3.16128,45.10878],"geometry":{"type":"Polygon","coordinates":[[[3.14838,45.0503],[3.14663,45.05085],[3.14502,45.05069],[3.14252,45.04979],[3.13984,45.04946],[3.13859,45.04766],[3.13288,45.04875],[3.13118,45.04984],[3.13032,45.05264],[3.12877,45.05431],[3.12757,45.05472],[3.12754,45.05686],[3.12694,45.0587],[3.12472,45.0605],[3.12372,45.06181],[3.12521,45.06276],[3.12468,45.06428],[3.12637,45.06562],[3.12808,45.06511],[3.12716,45.06708],[3.12907,45.06722],[3.12999,45.07045],[3.12821,45.07135],[3.12964,45.07194],[3.1291,45.07301],[3.12956,45.07439],[3.12829,45.07444],[3.12706,45.07521],[3.12745,45.0776],[3.12707,45.07909],[3.1287,45.07955],[3.12666,45.08055],[3.12776,45.08332],[3.12971,45.08478],[3.1297,45.08584],[3.12763,45.08595],[3.12853,45.0872],[3.12791,45.08767],[3.12476,45.08802],[3.12564,45.08919],[3.12921,45.09237],[3.13101,45.0933],[3.13176,45.09443],[3.13315,45.09489],[3.13202,45.09721],[3.13184,45.09989],[3.13144,45.10116],[3.13231,45.10297],[3.131,45.10384],[3.13209,45.10483],[3.13176,45.10652],[3.13306,45.1076],[3.13354,45.1081],[3.13765,45.10878],[3.14095,45.10822],[3.14591,45.10668],[3.14561,45.10522],[3.14466,45.10413],[3.14716,45.1036],[3.14954,45.10252],[3.1516,45.10193],[3.15509,45.10006],[3.15699,45.09873],[3.15844,45.09816],[3.15864,45.09347],[3.15831,45.09262],[3.15653,45.09268],[3.15671,45.09149],[3.15931,45.08919],[3.15994,45.08669],[3.16109,45.0857],[3.16064,45.08484],[3.15833,45.08326],[3.15582,45.08256],[3.15715,45.0809],[3.15726,45.08002],[3.15936,45.08018],[3.16126,45.07676],[3.15977,45.07484],[3.16128,45.07281],[3.16006,45.07265],[3.1603,45.07061],[3.15591,45.07058],[3.15372,45.06944],[3.15416,45.06824],[3.15153,45.06598],[3.14975,45.06613],[3.1496,45.06433],[3.15182,45.06306],[3.15134,45.06179],[3.14981,45.06183],[3.1491,45.06265],[3.14715,45.06257],[3.14651,45.06134],[3.14911,45.06033],[3.15197,45.05542],[3.15183,45.05425],[3.15268,45.05373],[3.15181,45.05249],[3.15235,45.05136],[3.14838,45.0503]]]}},{"type":"Feature","id":"fr-commune-15126","properties":{"id":"fr-commune-15126","name":"Molèdes","kind":"commune","center":[3.0485,45.2685],"code":"15126","department":"15"},"bbox":[3.00575,45.23861,3.0915,45.29841],"geometry":{"type":"Polygon","coordinates":[[[3.03643,45.23904],[3.03257,45.23861],[3.0289,45.24075],[3.02702,45.24076],[3.02603,45.24179],[3.03027,45.24342],[3.03403,45.24654],[3.03097,45.24711],[3.02851,45.24861],[3.02825,45.24943],[3.02662,45.25053],[3.02461,45.25257],[3.02181,45.25375],[3.02117,45.25486],[3.01938,45.2553],[3.01902,45.25599],[3.01724,45.25577],[3.01356,45.25737],[3.01177,45.25872],[3.01084,45.26042],[3.00873,45.26173],[3.00686,45.26692],[3.00593,45.26753],[3.00575,45.26916],[3.00735,45.26967],[3.00884,45.27177],[3.00873,45.27318],[3.00956,45.27509],[3.0105,45.27576],[3.01456,45.27756],[3.01489,45.27849],[3.01708,45.28073],[3.01904,45.27982],[3.02013,45.27995],[3.0213,45.28205],[3.01817,45.28671],[3.0183,45.28707],[3.02099,45.28786],[3.02056,45.2893],[3.0215,45.29051],[3.02006,45.29233],[3.02149,45.29373],[3.02197,45.29555],[3.02681,45.29644],[3.02876,45.29746],[3.03131,45.29785],[3.03336,45.29768],[3.03689,45.29841],[3.03621,45.29676],[3.03631,45.29514],[3.03818,45.29308],[3.04028,45.29165],[3.03988,45.28977],[3.04367,45.29012],[3.04483,45.28839],[3.04622,45.2874],[3.04844,45.28693],[3.0503,45.28786],[3.05228,45.28808],[3.05412,45.28699],[3.05414,45.28608],[3.05713,45.28323],[3.05997,45.28178],[3.0631,45.28099],[3.06603,45.28079],[3.0655,45.27976],[3.06594,45.27872],[3.06534,45.27688],[3.06571,45.27611],[3.06449,45.27527],[3.06567,45.27306],[3.06445,45.27212],[3.06398,45.27073],[3.06391,45.26827],[3.06619,45.26864],[3.06867,45.26854],[3.07014,45.26938],[3.07148,45.26892],[3.07318,45.26747],[3.07364,45.26655],[3.07552,45.26656],[3.07703,45.26488],[3.07843,45.26519],[3.08182,45.26499],[3.08461,45.26407],[3.08758,45.2619],[3.08878,45.2618],[3.09036,45.26049],[3.0915,45.26048],[3.09148,45.25886],[3.08978,45.25799],[3.08912,45.25689],[3.08694,45.25619],[3.09035,45.25513],[3.09027,45.25414],[3.08683,45.2538],[3.08675,45.25236],[3.08802,45.25222],[3.08749,45.25078],[3.08404,45.25031],[3.08214,45.25059],[3.07984,45.25011],[3.0771,45.25009],[3.07667,45.25103],[3.07413,45.25217],[3.07317,45.25169],[3.07224,45.25327],[3.06924,45.25297],[3.0679,45.25235],[3.06593,45.25275],[3.06556,45.25081],[3.05993,45.25163],[3.05852,45.25132],[3.05761,45.24962],[3.05798,45.24867],[3.05598,45.24729],[3.05313,45.24794],[3.05251,45.24911],[3.05125,45.24818],[3.05154,45.24695],[3.05258,45.2459],[3.05237,45.24448],[3.04976,45.24299],[3.04926,45.24423],[3.04779,45.24411],[3.04695,45.24305],[3.04452,45.24192],[3.04287,45.24211],[3.0405,45.24105],[3.0383,45.24085],[3.03643,45.23904]]]}},{"type":"Feature","id":"fr-commune-15127","properties":{"id":"fr-commune-15127","name":"Molompize","kind":"commune","center":[3.1284,45.2276],"code":"15127","department":"15"},"bbox":[3.08605,45.19925,3.17057,45.25605],"geometry":{"type":"Polygon","coordinates":[[[3.08794,45.19925],[3.08733,45.19978],[3.08849,45.20056],[3.09093,45.20148],[3.09122,45.20362],[3.09289,45.20527],[3.09588,45.21074],[3.09756,45.21239],[3.09899,45.21494],[3.09863,45.21589],[3.10079,45.21601],[3.10112,45.21664],[3.09904,45.2185],[3.10097,45.2196],[3.09877,45.22142],[3.10119,45.22185],[3.10191,45.22315],[3.1018,45.22455],[3.10266,45.22505],[3.10408,45.22408],[3.10851,45.22622],[3.10941,45.22684],[3.1086,45.22874],[3.10889,45.22941],[3.11057,45.22973],[3.11147,45.23056],[3.10927,45.23206],[3.10717,45.23203],[3.10629,45.23294],[3.10495,45.23263],[3.10363,45.23327],[3.10235,45.2331],[3.10143,45.2347],[3.10313,45.23591],[3.10205,45.23709],[3.10013,45.23759],[3.09741,45.23738],[3.09743,45.23687],[3.08829,45.23657],[3.08605,45.23761],[3.08721,45.23873],[3.08703,45.23947],[3.0901,45.24067],[3.09597,45.24168],[3.09677,45.24384],[3.09885,45.24574],[3.10224,45.24617],[3.10302,45.24811],[3.1048,45.24846],[3.10885,45.24984],[3.11017,45.25066],[3.11133,45.25376],[3.11473,45.25461],[3.11539,45.25605],[3.11755,45.2554],[3.11796,45.25229],[3.12062,45.25092],[3.12165,45.24999],[3.12211,45.24812],[3.12377,45.24852],[3.12409,45.24765],[3.12976,45.2487],[3.13025,45.24749],[3.1319,45.24748],[3.13342,45.24639],[3.13705,45.24654],[3.13618,45.24853],[3.13811,45.24946],[3.13767,45.25031],[3.13909,45.25087],[3.14532,45.2505],[3.14559,45.25161],[3.14656,45.25042],[3.14978,45.25073],[3.1505,45.2518],[3.15209,45.25206],[3.15284,45.25116],[3.15572,45.25213],[3.15773,45.25418],[3.15874,45.2535],[3.16065,45.2538],[3.16072,45.25166],[3.1621,45.25222],[3.16448,45.254],[3.16614,45.25479],[3.1665,45.25304],[3.16985,45.25157],[3.16914,45.25068],[3.1676,45.24992],[3.17018,45.24788],[3.16763,45.24749],[3.16717,45.24687],[3.16812,45.24565],[3.16957,45.24492],[3.17057,45.24196],[3.16777,45.24116],[3.16804,45.24029],[3.16718,45.23832],[3.16438,45.23798],[3.16456,45.23735],[3.16162,45.23688],[3.16154,45.23535],[3.15847,45.23461],[3.15786,45.23646],[3.15403,45.23585],[3.15045,45.23439],[3.14837,45.2317],[3.146,45.231],[3.14375,45.23141],[3.1423,45.23004],[3.14109,45.23014],[3.141,45.22852],[3.14016,45.22736],[3.1385,45.22687],[3.13719,45.22454],[3.1382,45.22368],[3.14022,45.22308],[3.13957,45.22205],[3.1409,45.22155],[3.14031,45.22056],[3.14162,45.21745],[3.1402,45.21652],[3.13721,45.21621],[3.13666,45.21784],[3.13558,45.21771],[3.13536,45.21618],[3.13388,45.21493],[3.13559,45.21411],[3.13513,45.21312],[3.13297,45.21323],[3.13079,45.21234],[3.12966,45.2137],[3.12726,45.21489],[3.12511,45.21549],[3.12371,45.21649],[3.12142,45.21648],[3.12223,45.21762],[3.12127,45.2197],[3.11974,45.21976],[3.11699,45.21883],[3.11603,45.21785],[3.11396,45.21668],[3.11328,45.21486],[3.11199,45.21339],[3.11194,45.21234],[3.11017,45.21165],[3.10841,45.21018],[3.10786,45.20917],[3.10622,45.20864],[3.10417,45.20891],[3.10406,45.20766],[3.10586,45.20766],[3.10594,45.20618],[3.10457,45.20339],[3.1029,45.20306],[3.10362,45.20173],[3.10288,45.20075],[3.10117,45.20076],[3.09839,45.20276],[3.0969,45.20433],[3.09586,45.20354],[3.0927,45.20312],[3.09274,45.20197],[3.09177,45.20076],[3.08794,45.19925]]]}},{"type":"Feature","id":"fr-commune-15128","properties":{"id":"fr-commune-15128","name":"La Monselie","kind":"commune","center":[2.554,45.3203],"code":"15128","department":"15"},"bbox":[2.52388,45.30296,2.58403,45.33766],"geometry":{"type":"Polygon","coordinates":[[[2.57813,45.33181],[2.58235,45.33252],[2.58403,45.33055],[2.58363,45.32797],[2.58214,45.32576],[2.57989,45.32627],[2.579,45.32483],[2.57918,45.32303],[2.57841,45.32236],[2.57828,45.32065],[2.57699,45.3185],[2.57572,45.3181],[2.57413,45.31963],[2.57311,45.32008],[2.57094,45.3199],[2.5687,45.31856],[2.56876,45.31743],[2.56647,45.31757],[2.5637,45.31735],[2.56222,45.31796],[2.56047,45.31765],[2.56174,45.31542],[2.56135,45.31381],[2.55899,45.31282],[2.55684,45.31419],[2.55433,45.31234],[2.55032,45.31256],[2.54917,45.31234],[2.55069,45.31036],[2.55069,45.30946],[2.54899,45.3091],[2.545,45.30709],[2.54348,45.30767],[2.54169,45.307],[2.54182,45.3056],[2.54009,45.30556],[2.53812,45.30503],[2.53652,45.30381],[2.53403,45.30296],[2.53314,45.30359],[2.53206,45.30549],[2.53085,45.30531],[2.53009,45.30679],[2.52728,45.30829],[2.52606,45.30957],[2.52599,45.31071],[2.52853,45.31115],[2.52763,45.31287],[2.52795,45.3135],[2.52635,45.31464],[2.5262,45.31542],[2.52388,45.31708],[2.52554,45.31769],[2.52726,45.31755],[2.52873,45.31897],[2.53112,45.3188],[2.53453,45.31718],[2.53587,45.31798],[2.53409,45.31857],[2.53364,45.3197],[2.5346,45.32037],[2.53448,45.32127],[2.53582,45.32217],[2.53576,45.32302],[2.53768,45.32486],[2.53972,45.32433],[2.54056,45.32707],[2.53871,45.32685],[2.53698,45.32816],[2.53544,45.3277],[2.53347,45.32788],[2.5322,45.32897],[2.53016,45.33005],[2.5314,45.33287],[2.53076,45.3336],[2.53207,45.33518],[2.53294,45.33553],[2.5332,45.33716],[2.53406,45.33766],[2.5372,45.33706],[2.53877,45.33493],[2.54293,45.33503],[2.54557,45.33704],[2.54807,45.33558],[2.54933,45.33436],[2.55509,45.33226],[2.55548,45.33131],[2.55862,45.33081],[2.5611,45.33013],[2.56206,45.33148],[2.5634,45.33107],[2.56436,45.3317],[2.56531,45.33035],[2.56703,45.33066],[2.56818,45.3299],[2.57245,45.33061],[2.57455,45.32966],[2.57646,45.3292],[2.57673,45.33078],[2.57813,45.33181]]]}},{"type":"Feature","id":"fr-commune-15129","properties":{"id":"fr-commune-15129","name":"Montboudif","kind":"commune","center":[2.727,45.3708],"code":"15129","department":"15"},"bbox":[2.67353,45.34835,2.78056,45.39334],"geometry":{"type":"Polygon","coordinates":[[[2.71453,45.3815],[2.71603,45.38239],[2.71969,45.38344],[2.72088,45.38356],[2.72203,45.3849],[2.72197,45.38669],[2.72378,45.3875],[2.72708,45.38978],[2.7309,45.39041],[2.73156,45.39094],[2.73417,45.39064],[2.7368,45.39184],[2.73828,45.392],[2.74108,45.39325],[2.74239,45.39334],[2.74468,45.39248],[2.74611,45.39258],[2.74777,45.39142],[2.75011,45.39127],[2.75046,45.39021],[2.75313,45.38882],[2.75473,45.38898],[2.75566,45.38803],[2.75711,45.38756],[2.75842,45.38774],[2.76039,45.38721],[2.76176,45.38587],[2.76451,45.38552],[2.76845,45.38663],[2.77124,45.3865],[2.77386,45.38705],[2.77693,45.38688],[2.78056,45.38567],[2.77801,45.38173],[2.77743,45.37899],[2.77926,45.37786],[2.77889,45.37674],[2.77647,45.3759],[2.77339,45.37385],[2.77228,45.37383],[2.77053,45.37232],[2.76883,45.37201],[2.76263,45.36987],[2.76002,45.36952],[2.75764,45.36795],[2.75557,45.3618],[2.75382,45.35888],[2.74906,45.35817],[2.74812,45.35556],[2.74818,45.3532],[2.74579,45.35392],[2.74475,45.35528],[2.74372,45.35497],[2.7404,45.35489],[2.73485,45.35688],[2.73268,45.35713],[2.73154,45.35509],[2.73032,45.35424],[2.73286,45.35275],[2.73368,45.3514],[2.72822,45.34926],[2.72744,45.3502],[2.72412,45.35058],[2.72256,45.34956],[2.72164,45.34835],[2.72042,45.34845],[2.71736,45.34982],[2.71512,45.35017],[2.71216,45.35104],[2.70994,45.35258],[2.70788,45.35233],[2.70652,45.35065],[2.70563,45.35041],[2.70127,45.35085],[2.69594,45.35164],[2.69487,45.35076],[2.69027,45.35197],[2.6846,45.35283],[2.68355,45.35342],[2.68157,45.35363],[2.67772,45.35457],[2.67425,45.35657],[2.67353,45.35793],[2.67651,45.35861],[2.67848,45.35789],[2.68287,45.35706],[2.68414,45.35738],[2.6858,45.35682],[2.68861,45.35685],[2.6897,45.35772],[2.68971,45.35896],[2.69135,45.36007],[2.69384,45.36078],[2.69434,45.3615],[2.6974,45.3616],[2.69963,45.36339],[2.70094,45.36573],[2.70196,45.36605],[2.7026,45.36907],[2.70228,45.36987],[2.70297,45.37224],[2.70508,45.3748],[2.70781,45.37601],[2.70767,45.37791],[2.70799,45.37958],[2.70925,45.38039],[2.71453,45.3815]]]}},{"type":"Feature","id":"fr-commune-15130","properties":{"id":"fr-commune-15130","name":"Montchamp","kind":"commune","center":[3.2128,45.0709],"code":"15130","department":"15"},"bbox":[3.17195,45.04693,3.2536,45.09399],"geometry":{"type":"Polygon","coordinates":[[[3.18214,45.05816],[3.18323,45.05984],[3.18573,45.06065],[3.18636,45.06298],[3.17976,45.0638],[3.17889,45.06282],[3.17578,45.06414],[3.17646,45.06572],[3.17401,45.0659],[3.17195,45.06641],[3.17222,45.06783],[3.17366,45.06907],[3.17445,45.07086],[3.1765,45.07422],[3.1779,45.07417],[3.17928,45.07518],[3.18186,45.07493],[3.1819,45.07675],[3.18081,45.07893],[3.18335,45.07959],[3.18532,45.08108],[3.18845,45.08151],[3.19295,45.08091],[3.19313,45.08008],[3.19522,45.0792],[3.19742,45.07874],[3.20007,45.07717],[3.20164,45.07655],[3.2042,45.07748],[3.20513,45.07583],[3.20654,45.07498],[3.21039,45.07556],[3.21323,45.07485],[3.21362,45.07579],[3.21058,45.07698],[3.21062,45.07768],[3.21227,45.07825],[3.21267,45.07702],[3.21596,45.0785],[3.21634,45.07965],[3.21494,45.08061],[3.21507,45.08166],[3.21233,45.08188],[3.21203,45.08309],[3.20652,45.08663],[3.20792,45.08825],[3.20679,45.08866],[3.208,45.09017],[3.20915,45.08964],[3.2112,45.09259],[3.21158,45.09398],[3.21236,45.09304],[3.21633,45.09399],[3.21753,45.0938],[3.21875,45.09235],[3.21951,45.09239],[3.22145,45.09124],[3.22312,45.08948],[3.22531,45.08793],[3.22657,45.08796],[3.22862,45.08997],[3.23083,45.08904],[3.22967,45.08733],[3.2296,45.08526],[3.2281,45.08394],[3.22782,45.08256],[3.22968,45.08169],[3.23047,45.08037],[3.23082,45.0771],[3.23615,45.07817],[3.24041,45.07833],[3.24421,45.07879],[3.24346,45.07791],[3.24265,45.07575],[3.24261,45.07238],[3.24526,45.07188],[3.24582,45.07247],[3.24859,45.0711],[3.24972,45.07118],[3.25107,45.07209],[3.25222,45.07175],[3.25139,45.07012],[3.25174,45.06895],[3.2536,45.06704],[3.25349,45.0647],[3.25097,45.06342],[3.25056,45.06256],[3.24915,45.06174],[3.24787,45.06023],[3.24062,45.06085],[3.23891,45.05946],[3.23758,45.05986],[3.23571,45.05812],[3.23387,45.05412],[3.23265,45.05225],[3.23357,45.05013],[3.23342,45.04896],[3.23152,45.04888],[3.22794,45.04765],[3.22401,45.04745],[3.22178,45.04693],[3.22067,45.0507],[3.21785,45.05145],[3.21684,45.05132],[3.2117,45.05281],[3.20341,45.05727],[3.20028,45.05833],[3.1948,45.05953],[3.19084,45.05966],[3.1861,45.05956],[3.1849,45.05923],[3.18344,45.05762],[3.18214,45.05816]]]}},{"type":"Feature","id":"fr-commune-15131","properties":{"id":"fr-commune-15131","name":"Le Monteil","kind":"commune","center":[2.5092,45.2997],"code":"15131","department":"15"},"bbox":[2.46421,45.27005,2.5544,45.32949],"geometry":{"type":"Polygon","coordinates":[[[2.54919,45.28454],[2.5481,45.28207],[2.55192,45.2817],[2.5544,45.2808],[2.55191,45.27914],[2.55191,45.27783],[2.55298,45.27626],[2.54424,45.27245],[2.54411,45.27029],[2.54243,45.27005],[2.54168,45.27067],[2.53881,45.2716],[2.53554,45.27383],[2.53444,45.27589],[2.5319,45.27589],[2.53037,45.2763],[2.52878,45.27774],[2.52719,45.27788],[2.52586,45.2795],[2.5229,45.27875],[2.52154,45.28026],[2.52075,45.27918],[2.51857,45.28011],[2.51751,45.27924],[2.51852,45.27791],[2.52056,45.27717],[2.51992,45.27533],[2.52176,45.27361],[2.52074,45.27326],[2.51883,45.27344],[2.51857,45.27267],[2.51519,45.27084],[2.5136,45.27169],[2.51417,45.27228],[2.5124,45.2743],[2.51291,45.27655],[2.51177,45.27813],[2.51043,45.27808],[2.50826,45.27687],[2.50674,45.27724],[2.50597,45.27814],[2.50432,45.27827],[2.50337,45.27993],[2.50114,45.28026],[2.49853,45.28013],[2.49822,45.28319],[2.49573,45.28395],[2.49561,45.28454],[2.49306,45.28544],[2.49096,45.28545],[2.48975,45.28486],[2.48784,45.28603],[2.48733,45.28559],[2.48496,45.28766],[2.48312,45.28878],[2.48166,45.29032],[2.48115,45.29162],[2.47994,45.29252],[2.47803,45.29261],[2.47472,45.29374],[2.47217,45.29334],[2.47166,45.29393],[2.46873,45.2946],[2.46797,45.29532],[2.46548,45.29582],[2.46516,45.29492],[2.46421,45.29578],[2.46466,45.29668],[2.46447,45.29875],[2.4653,45.30041],[2.4667,45.29937],[2.46824,45.30045],[2.46837,45.30302],[2.47118,45.30594],[2.47106,45.30814],[2.47173,45.31119],[2.47273,45.31133],[2.47356,45.31331],[2.47267,45.31394],[2.47248,45.31556],[2.47152,45.31696],[2.47344,45.31836],[2.47396,45.32015],[2.4767,45.32068],[2.4788,45.32059],[2.48262,45.31861],[2.48581,45.31761],[2.48982,45.31738],[2.49314,45.31819],[2.49315,45.32129],[2.49506,45.32187],[2.49743,45.32389],[2.50043,45.32389],[2.50164,45.3251],[2.50265,45.32463],[2.50476,45.32501],[2.507,45.325],[2.50751,45.32739],[2.51013,45.32837],[2.51377,45.32805],[2.51587,45.32872],[2.51568,45.32949],[2.5188,45.32858],[2.51988,45.3275],[2.52199,45.32687],[2.5223,45.32574],[2.52357,45.32475],[2.52155,45.32349],[2.5209,45.32238],[2.52145,45.3205],[2.52137,45.31895],[2.52231,45.31749],[2.52388,45.31708],[2.5262,45.31542],[2.52635,45.31464],[2.52795,45.3135],[2.52763,45.31287],[2.52853,45.31115],[2.52599,45.31071],[2.52606,45.30957],[2.52728,45.30829],[2.53009,45.30679],[2.53085,45.30531],[2.53206,45.30549],[2.53314,45.30359],[2.53403,45.30296],[2.53415,45.3017],[2.53225,45.30126],[2.53212,45.30015],[2.53396,45.29849],[2.5319,45.29613],[2.53266,45.2951],[2.53259,45.2919],[2.53412,45.29298],[2.53584,45.29244],[2.53456,45.29145],[2.53475,45.29068],[2.53647,45.29019],[2.53729,45.28883],[2.53659,45.28834],[2.53965,45.28708],[2.54041,45.28752],[2.54423,45.28594],[2.54422,45.28477],[2.54779,45.28499],[2.54919,45.28454]]]}},{"type":"Feature","id":"fr-commune-15132","properties":{"id":"fr-commune-15132","name":"Montgreleix","kind":"commune","center":[2.8874,45.3571],"code":"15132","department":"15"},"bbox":[2.85001,45.3302,2.9248,45.38417],"geometry":{"type":"Polygon","coordinates":[[[2.92467,45.35009],[2.9248,45.34655],[2.92216,45.34625],[2.92027,45.3452],[2.91749,45.34485],[2.91315,45.34304],[2.90984,45.34541],[2.90788,45.3465],[2.90572,45.34708],[2.90379,45.34602],[2.9039,45.34256],[2.90067,45.34275],[2.897,45.3426],[2.8929,45.34178],[2.89229,45.34212],[2.89002,45.34114],[2.88995,45.34024],[2.8886,45.33917],[2.8859,45.33852],[2.88401,45.33906],[2.87954,45.33849],[2.87889,45.33759],[2.87675,45.3361],[2.87842,45.33539],[2.88021,45.33565],[2.87981,45.33394],[2.87895,45.33413],[2.87896,45.33165],[2.87744,45.33206],[2.87392,45.3315],[2.87398,45.33069],[2.87257,45.3302],[2.87124,45.33142],[2.86869,45.33089],[2.86808,45.33409],[2.8658,45.33527],[2.86395,45.33506],[2.86447,45.33671],[2.86313,45.33672],[2.86185,45.33596],[2.85834,45.33584],[2.85814,45.33544],[2.85516,45.33411],[2.85329,45.33443],[2.85362,45.33573],[2.85152,45.33574],[2.85087,45.33507],[2.85001,45.33935],[2.85138,45.34343],[2.85425,45.34319],[2.85407,45.34419],[2.85637,45.3448],[2.85988,45.3447],[2.85862,45.34632],[2.85875,45.3474],[2.85449,45.34837],[2.85253,45.35044],[2.85768,45.34898],[2.85915,45.34816],[2.86048,45.34825],[2.86284,45.34738],[2.86368,45.34846],[2.86465,45.35079],[2.86622,45.35456],[2.86745,45.3564],[2.86831,45.35861],[2.87133,45.35902],[2.87071,45.36059],[2.872,45.36207],[2.87312,45.3624],[2.87215,45.36487],[2.87313,45.36678],[2.87227,45.3675],[2.87328,45.36846],[2.87468,45.3683],[2.87641,45.36894],[2.87557,45.37048],[2.8743,45.37065],[2.87277,45.37319],[2.87371,45.3753],[2.87442,45.37613],[2.87447,45.37747],[2.87369,45.379],[2.87433,45.37984],[2.87412,45.3811],[2.87895,45.3824],[2.88317,45.38417],[2.88644,45.38299],[2.88953,45.3808],[2.89317,45.37938],[2.89341,45.37872],[2.89566,45.3771],[2.899,45.37724],[2.89999,45.37686],[2.90067,45.37079],[2.90693,45.36906],[2.91371,45.36622],[2.91537,45.3662],[2.92273,45.36815],[2.92284,45.36698],[2.92071,45.36542],[2.92031,45.36286],[2.9209,45.35927],[2.92467,45.35009]]]}},{"type":"Feature","id":"fr-commune-15133","properties":{"id":"fr-commune-15133","name":"Montmurat","kind":"commune","center":[2.1987,44.6298],"code":"15133","department":"15"},"bbox":[2.17668,44.61577,2.22072,44.64384],"geometry":{"type":"Polygon","coordinates":[[[2.20842,44.64384],[2.21146,44.64033],[2.21165,44.63812],[2.2129,44.6375],[2.21113,44.63639],[2.21201,44.63325],[2.21191,44.63137],[2.21451,44.62723],[2.21575,44.62475],[2.21735,44.62502],[2.22072,44.62335],[2.2207,44.62209],[2.21767,44.62208],[2.21411,44.61973],[2.21027,44.61859],[2.20969,44.6172],[2.20779,44.61577],[2.20545,44.61641],[2.20623,44.61794],[2.2044,44.61808],[2.20299,44.6198],[2.20001,44.62093],[2.19992,44.62169],[2.19757,44.6234],[2.19323,44.62504],[2.19459,44.62703],[2.19411,44.62808],[2.19119,44.62748],[2.19043,44.62915],[2.18898,44.62924],[2.18633,44.62861],[2.18316,44.63085],[2.18218,44.63292],[2.18056,44.63398],[2.17668,44.6355],[2.17926,44.6367],[2.1799,44.63744],[2.18485,44.64037],[2.18656,44.64094],[2.19003,44.64107],[2.19127,44.64144],[2.1937,44.64133],[2.19698,44.6416],[2.20105,44.64276],[2.20343,44.64372],[2.20454,44.64124],[2.2061,44.64162],[2.20742,44.64327],[2.20842,44.64384]]]}},{"type":"Feature","id":"fr-commune-15134","properties":{"id":"fr-commune-15134","name":"Montsalvy","kind":"commune","center":[2.494320569845931,44.69577518480783],"code":"15134","department":"15"},"bbox":[2.46464,44.64913,2.53641,44.72789],"geometry":{"type":"Polygon","coordinates":[[[2.51894,44.69907],[2.51798,44.69871],[2.51652,44.69614],[2.51643,44.69541],[2.51414,44.69309],[2.51105,44.69576],[2.50971,44.69467],[2.50921,44.69322],[2.50631,44.6932],[2.50511,44.69216],[2.50253,44.69073],[2.50031,44.69047],[2.49935,44.68931],[2.49943,44.68749],[2.49833,44.68579],[2.49815,44.68379],[2.49685,44.68263],[2.49627,44.68043],[2.49481,44.67772],[2.49274,44.67508],[2.4926,44.67385],[2.49089,44.67191],[2.48859,44.67061],[2.48763,44.66874],[2.48753,44.666],[2.48887,44.66494],[2.48775,44.6628],[2.48921,44.66184],[2.48902,44.66035],[2.49099,44.65804],[2.49031,44.65688],[2.48767,44.65677],[2.48688,44.65631],[2.48573,44.653],[2.48391,44.65076],[2.48161,44.64997],[2.48052,44.65012],[2.47879,44.64913],[2.47762,44.64914],[2.47697,44.65019],[2.47576,44.65058],[2.47393,44.65187],[2.47217,44.65219],[2.47205,44.65386],[2.47274,44.65478],[2.47295,44.65668],[2.473,44.65751],[2.47181,44.65983],[2.4706,44.66143],[2.46908,44.66193],[2.46805,44.6633],[2.46499,44.66606],[2.46464,44.66806],[2.46747,44.66952],[2.46843,44.67087],[2.4694,44.67107],[2.47077,44.67264],[2.47056,44.67382],[2.47149,44.67492],[2.47148,44.6767],[2.4742,44.67766],[2.47515,44.68087],[2.47594,44.68265],[2.47587,44.68467],[2.47781,44.68529],[2.47868,44.68716],[2.47722,44.68923],[2.47464,44.69171],[2.47667,44.69625],[2.4756,44.6991],[2.47424,44.69863],[2.47377,44.69987],[2.47423,44.70152],[2.47132,44.70508],[2.47114,44.70615],[2.47337,44.70922],[2.47801,44.71172],[2.48014,44.71321],[2.47988,44.71803],[2.48044,44.72008],[2.48084,44.72216],[2.48301,44.72249],[2.48398,44.72313],[2.48841,44.72276],[2.49163,44.72387],[2.49264,44.72383],[2.50367,44.72068],[2.50597,44.72284],[2.50707,44.7253],[2.50673,44.72789],[2.50983,44.72701],[2.51196,44.72679],[2.51447,44.72561],[2.51553,44.72467],[2.51897,44.72299],[2.52316,44.72231],[2.52665,44.71881],[2.52783,44.71818],[2.53207,44.71824],[2.53224,44.71693],[2.5332,44.71609],[2.53341,44.71501],[2.53641,44.71201],[2.53506,44.71146],[2.53203,44.71098],[2.5266,44.70756],[2.52629,44.70657],[2.52376,44.70505],[2.52206,44.70518],[2.51799,44.70419],[2.5195,44.70217],[2.51968,44.70067],[2.51864,44.69979],[2.51894,44.69907]]]}},{"type":"Feature","id":"fr-commune-15135","properties":{"id":"fr-commune-15135","name":"Montvert","kind":"commune","center":[2.1634,44.9973],"code":"15135","department":"15"},"bbox":[2.13317,44.97208,2.19367,45.02254],"geometry":{"type":"Polygon","coordinates":[[[2.13317,44.9856],[2.13354,44.98863],[2.13475,44.98958],[2.13604,44.98976],[2.13601,44.99081],[2.13784,44.99235],[2.13714,44.99326],[2.13707,44.99501],[2.13897,44.99511],[2.1401,44.99722],[2.13934,44.9983],[2.14194,45.00015],[2.14089,45.00192],[2.13972,45.00244],[2.13936,45.00361],[2.14122,45.00544],[2.14335,45.00281],[2.14581,45.00252],[2.14668,45.00145],[2.15048,45.00085],[2.1523,45.0011],[2.15364,44.99995],[2.15485,44.99983],[2.15702,45.0033],[2.15811,45.00415],[2.15854,45.00543],[2.15991,45.00614],[2.16055,45.00724],[2.16213,45.00785],[2.16533,45.0083],[2.1677,45.00804],[2.17073,45.00834],[2.17218,45.01009],[2.17294,45.00998],[2.17471,45.01131],[2.17641,45.01167],[2.17702,45.01369],[2.18408,45.01689],[2.18883,45.02254],[2.19219,45.01916],[2.19139,45.01647],[2.19269,45.01574],[2.19346,45.0135],[2.19349,45.01188],[2.19069,45.01106],[2.191,45.01034],[2.19303,45.00947],[2.19076,45.00491],[2.19328,45.00296],[2.19367,45.00192],[2.19174,45.0011],[2.1881,45.00153],[2.18549,45.00253],[2.18224,45.00261],[2.18497,44.99788],[2.17815,44.99495],[2.17662,44.99204],[2.17164,44.9925],[2.17135,44.99136],[2.16974,44.99117],[2.16714,44.98892],[2.16867,44.98654],[2.16962,44.9859],[2.1709,44.98357],[2.16942,44.98231],[2.16929,44.98103],[2.16997,44.98015],[2.16891,44.97859],[2.16963,44.97583],[2.17073,44.97403],[2.17059,44.97314],[2.16916,44.97208],[2.16807,44.97273],[2.16619,44.97501],[2.16318,44.97646],[2.16114,44.97599],[2.15763,44.97719],[2.15643,44.9771],[2.15527,44.97587],[2.15417,44.97576],[2.15257,44.97658],[2.14927,44.97588],[2.14803,44.97529],[2.14761,44.97423],[2.146,44.97437],[2.14541,44.97514],[2.145,44.97744],[2.14278,44.97775],[2.14146,44.97888],[2.14262,44.98087],[2.14269,44.98181],[2.1417,44.9831],[2.13947,44.98409],[2.13696,44.98413],[2.13507,44.98545],[2.13317,44.9856]]]}},{"type":"Feature","id":"fr-commune-15137","properties":{"id":"fr-commune-15137","name":"Moussages","kind":"commune","center":[2.4741,45.2389],"code":"15137","department":"15"},"bbox":[2.42308,45.21592,2.52512,45.26188],"geometry":{"type":"Polygon","coordinates":[[[2.47227,45.24974],[2.47455,45.24733],[2.47578,45.24522],[2.47814,45.24403],[2.48208,45.24413],[2.48414,45.24363],[2.48808,45.24378],[2.48909,45.24312],[2.49422,45.24222],[2.49287,45.23982],[2.4956,45.23838],[2.49733,45.2391],[2.49974,45.23748],[2.5013,45.23701],[2.50366,45.23714],[2.50661,45.23777],[2.50869,45.23754],[2.50987,45.23702],[2.51108,45.23578],[2.51501,45.23417],[2.51615,45.23407],[2.51838,45.23271],[2.52166,45.23146],[2.52124,45.22957],[2.52487,45.22799],[2.52512,45.22687],[2.52276,45.22633],[2.52218,45.22534],[2.52262,45.22314],[2.52052,45.22292],[2.51873,45.22143],[2.51546,45.22016],[2.51561,45.21901],[2.51435,45.21803],[2.51176,45.21897],[2.51109,45.21798],[2.50943,45.21835],[2.50541,45.21871],[2.50038,45.21858],[2.49917,45.21804],[2.49542,45.21845],[2.49332,45.21791],[2.48957,45.21837],[2.48683,45.21936],[2.48511,45.21981],[2.48161,45.21865],[2.48142,45.21788],[2.47798,45.21762],[2.47493,45.21712],[2.47359,45.21834],[2.47137,45.21879],[2.47079,45.217],[2.46888,45.21722],[2.46767,45.21592],[2.4657,45.21678],[2.46595,45.21727],[2.46354,45.21849],[2.46303,45.21921],[2.46093,45.21867],[2.45947,45.2193],[2.45501,45.21886],[2.45336,45.21962],[2.45139,45.21999],[2.44833,45.21765],[2.4458,45.21781],[2.44315,45.21972],[2.44148,45.22012],[2.44089,45.22119],[2.44222,45.22157],[2.44477,45.22152],[2.44541,45.22247],[2.44426,45.22355],[2.44541,45.22458],[2.44471,45.22593],[2.44338,45.22589],[2.44127,45.22692],[2.44178,45.22818],[2.43949,45.22953],[2.43809,45.23133],[2.43478,45.23255],[2.43463,45.2345],[2.43553,45.23513],[2.43727,45.23498],[2.4374,45.23669],[2.43097,45.23755],[2.42932,45.2375],[2.42805,45.23836],[2.42582,45.23821],[2.42556,45.23881],[2.42308,45.23976],[2.42334,45.24053],[2.4248,45.24098],[2.42614,45.23999],[2.4276,45.24066],[2.43009,45.23994],[2.43117,45.24057],[2.43516,45.2398],[2.43633,45.23992],[2.43758,45.2409],[2.43601,45.24191],[2.43677,45.24332],[2.43631,45.24472],[2.43799,45.2452],[2.43952,45.24618],[2.44034,45.24501],[2.44238,45.24465],[2.44289,45.24582],[2.44493,45.24708],[2.44691,45.24986],[2.44589,45.25049],[2.44622,45.25153],[2.4473,45.25211],[2.44781,45.25367],[2.44605,45.25676],[2.44717,45.26161],[2.449,45.26188],[2.45017,45.26018],[2.45231,45.25927],[2.45107,45.25764],[2.45234,45.25647],[2.45368,45.25665],[2.45539,45.2562],[2.45604,45.2569],[2.46222,45.25502],[2.46374,45.25362],[2.46368,45.25286],[2.46674,45.25389],[2.46769,45.25317],[2.46801,45.2516],[2.46896,45.25074],[2.47049,45.25092],[2.47227,45.24974]]]}},{"type":"Feature","id":"fr-commune-15138","properties":{"id":"fr-commune-15138","name":"Murat","kind":"commune","center":[2.8501,45.1236],"code":"15138","department":"15"},"bbox":[2.80903,45.09296,2.89122,45.15506],"geometry":{"type":"Polygon","coordinates":[[[2.88019,45.10642],[2.8762,45.10648],[2.87554,45.1052],[2.87416,45.10501],[2.87291,45.10553],[2.87009,45.10568],[2.86938,45.10469],[2.86709,45.10319],[2.86125,45.10086],[2.86355,45.10067],[2.86296,45.09914],[2.85997,45.09906],[2.85616,45.09854],[2.85671,45.09719],[2.85921,45.09747],[2.85967,45.09631],[2.86183,45.09651],[2.86191,45.09535],[2.85795,45.09581],[2.85721,45.09514],[2.85422,45.0954],[2.85187,45.09528],[2.84997,45.09479],[2.8497,45.09412],[2.84669,45.09296],[2.84927,45.09633],[2.84922,45.09831],[2.84743,45.09998],[2.84394,45.10086],[2.84451,45.10167],[2.84571,45.10291],[2.84775,45.10259],[2.8492,45.10384],[2.84941,45.10519],[2.85031,45.10595],[2.85038,45.10725],[2.85131,45.10992],[2.84743,45.11159],[2.84696,45.11368],[2.84601,45.11351],[2.84115,45.11643],[2.83596,45.11842],[2.83408,45.12009],[2.83543,45.12263],[2.83083,45.12273],[2.82248,45.12475],[2.81859,45.12597],[2.81692,45.12789],[2.80903,45.13064],[2.81023,45.13198],[2.81141,45.13442],[2.81161,45.13601],[2.81265,45.13684],[2.81385,45.13858],[2.81349,45.14065],[2.81382,45.14178],[2.81696,45.14505],[2.82231,45.14701],[2.82407,45.14789],[2.82737,45.14797],[2.83155,45.14922],[2.83355,45.15213],[2.83877,45.15359],[2.8426,45.15506],[2.84118,45.15268],[2.84041,45.15206],[2.84066,45.14963],[2.84173,45.14877],[2.84542,45.14947],[2.84732,45.14829],[2.84899,45.14842],[2.85154,45.14911],[2.85482,45.15075],[2.8549,45.15164],[2.85679,45.15149],[2.85941,45.15174],[2.86313,45.15161],[2.86384,45.1502],[2.86362,45.14891],[2.86423,45.14731],[2.86512,45.14678],[2.86724,45.14448],[2.87177,45.13852],[2.87398,45.13693],[2.87664,45.13555],[2.87707,45.1344],[2.87629,45.1325],[2.87463,45.13193],[2.87404,45.12964],[2.8744,45.12858],[2.87299,45.12577],[2.87233,45.12668],[2.87101,45.12601],[2.86873,45.12588],[2.87004,45.12363],[2.86851,45.1231],[2.86743,45.12355],[2.86545,45.12154],[2.86747,45.1209],[2.86872,45.11896],[2.8684,45.11806],[2.871,45.11827],[2.87627,45.11766],[2.87898,45.11561],[2.88139,45.11568],[2.88181,45.11791],[2.87929,45.11848],[2.87766,45.11951],[2.87925,45.12134],[2.88027,45.1206],[2.88046,45.11917],[2.88214,45.11847],[2.88279,45.11917],[2.88545,45.11835],[2.88715,45.11747],[2.88899,45.11782],[2.89008,45.11731],[2.89013,45.11545],[2.89122,45.11379],[2.88906,45.11338],[2.88671,45.11181],[2.88613,45.11091],[2.88403,45.11052],[2.88274,45.10854],[2.88247,45.10705],[2.88098,45.10731],[2.88019,45.10642]]]}},{"type":"Feature","id":"fr-commune-15139","properties":{"id":"fr-commune-15139","name":"Narnhac","kind":"commune","center":[2.7645,44.9375],"code":"15139","department":"15"},"bbox":[2.7384,44.90962,2.79056,44.96533],"geometry":{"type":"Polygon","coordinates":[[[2.77581,44.90962],[2.77549,44.91128],[2.77451,44.91202],[2.77366,44.91357],[2.77276,44.91689],[2.77185,44.91802],[2.76694,44.92099],[2.76515,44.92262],[2.76196,44.92463],[2.76074,44.92628],[2.76026,44.92802],[2.76032,44.93006],[2.75607,44.93265],[2.7516,44.93397],[2.7499,44.93401],[2.75005,44.93295],[2.7482,44.93259],[2.74559,44.93095],[2.74369,44.92894],[2.74228,44.92891],[2.74171,44.93113],[2.74081,44.93176],[2.74115,44.93283],[2.74305,44.93476],[2.74312,44.93659],[2.74135,44.93795],[2.742,44.93849],[2.74053,44.94],[2.7384,44.94144],[2.73991,44.94317],[2.74269,44.94328],[2.74261,44.9463],[2.74325,44.94812],[2.74242,44.94848],[2.74449,44.94994],[2.74569,44.95003],[2.74626,44.95127],[2.74628,44.95306],[2.74752,44.9529],[2.74918,44.95458],[2.75151,44.95546],[2.75276,44.95679],[2.75253,44.9578],[2.75353,44.9595],[2.75253,44.9601],[2.75297,44.96133],[2.75045,44.96365],[2.75489,44.96533],[2.75567,44.96515],[2.75615,44.96222],[2.75573,44.95989],[2.75705,44.95979],[2.75738,44.95832],[2.75687,44.95678],[2.7582,44.95569],[2.76005,44.95522],[2.76029,44.95434],[2.75963,44.95272],[2.75919,44.94776],[2.75756,44.94617],[2.75955,44.94607],[2.76483,44.94621],[2.76648,44.94686],[2.76768,44.94541],[2.77203,44.94432],[2.77203,44.94629],[2.774,44.94582],[2.77557,44.94609],[2.77664,44.94717],[2.77478,44.94781],[2.77524,44.94879],[2.77864,44.94885],[2.77815,44.94702],[2.77973,44.94701],[2.78092,44.94556],[2.77997,44.94416],[2.77994,44.94143],[2.78235,44.94137],[2.78529,44.93792],[2.78545,44.93634],[2.78513,44.93406],[2.78677,44.93183],[2.79056,44.93001],[2.7889,44.92946],[2.7887,44.92718],[2.786,44.92561],[2.78552,44.92403],[2.78624,44.92176],[2.78741,44.92027],[2.78792,44.91766],[2.78601,44.91579],[2.78495,44.9155],[2.78358,44.91363],[2.78152,44.91217],[2.78076,44.91096],[2.77952,44.9104],[2.77581,44.90962]]]}},{"type":"Feature","id":"fr-commune-15140","properties":{"id":"fr-commune-15140","name":"Naucelles","kind":"commune","center":[2.4203,44.952],"code":"15140","department":"15"},"bbox":[2.38544,44.93523,2.45501,44.9683],"geometry":{"type":"Polygon","coordinates":[[[2.41752,44.9359],[2.41762,44.93763],[2.41111,44.93776],[2.40572,44.9374],[2.40448,44.93694],[2.40107,44.93953],[2.40098,44.94046],[2.39946,44.94109],[2.39868,44.9428],[2.39898,44.94375],[2.40123,44.94401],[2.40118,44.94483],[2.39741,44.94448],[2.39815,44.94207],[2.39737,44.94034],[2.39472,44.94049],[2.3936,44.93929],[2.39275,44.94081],[2.39455,44.9416],[2.39172,44.94253],[2.39105,44.94101],[2.38943,44.94099],[2.38736,44.94174],[2.38725,44.94394],[2.38858,44.94501],[2.38759,44.94617],[2.38578,44.94726],[2.38673,44.94864],[2.38544,44.94956],[2.38622,44.95077],[2.38776,44.95071],[2.38859,44.95182],[2.39004,44.95262],[2.39239,44.95233],[2.39399,44.95109],[2.39602,44.95117],[2.39704,44.95023],[2.4015,44.95169],[2.4054,44.94992],[2.40792,44.95263],[2.40536,44.95427],[2.40334,44.95616],[2.40215,44.9596],[2.40362,44.96068],[2.40489,44.96102],[2.40398,44.96202],[2.4055,44.96368],[2.40449,44.96452],[2.40472,44.96546],[2.40606,44.96653],[2.40379,44.96678],[2.40377,44.96753],[2.40621,44.96734],[2.40692,44.96673],[2.40917,44.96826],[2.41236,44.9683],[2.4147,44.96685],[2.41657,44.96798],[2.41783,44.96746],[2.42071,44.96778],[2.42345,44.96753],[2.42488,44.96639],[2.42819,44.96783],[2.42886,44.96718],[2.43028,44.96774],[2.4334,44.96829],[2.43438,44.96782],[2.43451,44.96627],[2.43634,44.9641],[2.43898,44.96595],[2.44412,44.96735],[2.44912,44.96798],[2.45141,44.96787],[2.45275,44.96779],[2.45501,44.96548],[2.45488,44.96431],[2.45196,44.96283],[2.44865,44.96013],[2.44649,44.95959],[2.44453,44.95861],[2.44326,44.95726],[2.44433,44.9564],[2.44345,44.95559],[2.44325,44.95443],[2.44161,44.95389],[2.44541,44.95325],[2.44433,44.95289],[2.44242,44.95041],[2.44185,44.94884],[2.44337,44.9478],[2.44495,44.94766],[2.44651,44.94571],[2.44324,44.94358],[2.44172,44.94412],[2.43415,44.94123],[2.43194,44.94009],[2.42757,44.94102],[2.42643,44.93999],[2.42559,44.94023],[2.42163,44.9404],[2.4222,44.93635],[2.41957,44.93544],[2.41806,44.93523],[2.41752,44.9359]]]}},{"type":"Feature","id":"fr-commune-15141","properties":{"id":"fr-commune-15141","name":"Neussargues-Moissac","kind":"commune","center":[2.9875,45.136],"code":"15141","department":"15"},"bbox":[2.94645,45.11215,3.02819,45.15988],"geometry":{"type":"Polygon","coordinates":[[[2.98411,45.15253],[2.98333,45.15059],[2.9847,45.1486],[2.98506,45.14617],[2.98427,45.14429],[2.98567,45.14333],[2.98637,45.14418],[2.98916,45.14413],[2.99154,45.14443],[2.99126,45.14267],[2.99277,45.14086],[2.99117,45.13993],[2.99028,45.13839],[2.98984,45.136],[2.99321,45.1359],[2.99541,45.13505],[2.99836,45.13475],[2.9993,45.13402],[3.00065,45.13427],[3.00237,45.13374],[3.00429,45.13422],[3.00712,45.13428],[3.01148,45.13602],[3.01369,45.13483],[3.01166,45.13336],[3.0117,45.13077],[3.01225,45.12992],[3.01474,45.12968],[3.01613,45.12868],[3.01933,45.12717],[3.02033,45.12618],[3.02181,45.12558],[3.02232,45.12354],[3.01929,45.12221],[3.01802,45.1201],[3.02004,45.12019],[3.02478,45.11872],[3.02796,45.1183],[3.02819,45.11752],[3.02648,45.11639],[3.02722,45.1137],[3.02514,45.11218],[3.02456,45.11288],[3.02137,45.11215],[3.01971,45.1122],[3.01919,45.11308],[3.01759,45.11224],[3.01401,45.11281],[3.01391,45.11344],[3.0108,45.11478],[3.01248,45.11665],[3.01174,45.11709],[3.00977,45.11683],[3.0096,45.11786],[3.00787,45.11747],[3.00614,45.11814],[3.00155,45.11672],[2.99881,45.11644],[2.99537,45.1155],[2.99118,45.11519],[2.98752,45.11579],[2.98481,45.11772],[2.986,45.11889],[2.98227,45.11869],[2.97856,45.11981],[2.976,45.12147],[2.97438,45.12151],[2.97361,45.12487],[2.97003,45.12569],[2.97026,45.12716],[2.97188,45.12676],[2.97382,45.12697],[2.97364,45.12813],[2.97101,45.12785],[2.96936,45.12856],[2.96723,45.12797],[2.96419,45.12849],[2.96317,45.12772],[2.96185,45.12775],[2.96106,45.1263],[2.96001,45.12576],[2.95818,45.12577],[2.9576,45.1267],[2.95585,45.12747],[2.95343,45.12805],[2.95157,45.12771],[2.95193,45.1257],[2.94957,45.12702],[2.94791,45.13038],[2.94645,45.13151],[2.94836,45.13264],[2.94939,45.1339],[2.95112,45.13506],[2.95342,45.13591],[2.95526,45.1362],[2.95829,45.13603],[2.95771,45.13705],[2.95482,45.13952],[2.95387,45.14084],[2.95566,45.14105],[2.95483,45.14292],[2.95269,45.14531],[2.95576,45.147],[2.95801,45.1452],[2.95919,45.14636],[2.96166,45.14603],[2.96487,45.14803],[2.96552,45.14933],[2.96773,45.14865],[2.96883,45.15057],[2.96725,45.15103],[2.9681,45.15269],[2.96976,45.15125],[2.97383,45.1537],[2.97504,45.15554],[2.97427,45.15719],[2.97545,45.15988],[2.97719,45.15937],[2.97916,45.15769],[2.97893,45.15687],[2.97975,45.15555],[2.98071,45.15546],[2.98267,45.15433],[2.98523,45.15548],[2.98542,45.15448],[2.98439,45.15395],[2.98411,45.15253]]]}},{"type":"Feature","id":"fr-commune-15142","properties":{"id":"fr-commune-15142","name":"Neuvéglise-sur-Truyère","kind":"commune","center":[2.9767,44.936],"code":"15142","department":"15"},"bbox":[2.86942,44.88063,3.08395,44.9914],"geometry":{"type":"Polygon","coordinates":[[[2.95664,44.98444],[2.95938,44.98508],[2.96286,44.98284],[2.96425,44.98418],[2.96533,44.9844],[2.96666,44.98358],[2.96869,44.98417],[2.96932,44.98384],[2.97339,44.98544],[2.97402,44.98462],[2.97567,44.98506],[2.97683,44.98366],[2.97841,44.98358],[2.9797,44.98275],[2.97928,44.97964],[2.98001,44.97667],[2.98242,44.9767],[2.98203,44.9758],[2.9792,44.97623],[2.97794,44.97552],[2.97853,44.97452],[2.97807,44.97335],[2.97616,44.97287],[2.97786,44.9716],[2.97977,44.97083],[2.97992,44.9697],[2.98312,44.97054],[2.98294,44.97121],[2.98516,44.97196],[2.9863,44.9711],[2.98777,44.97118],[2.99066,44.97208],[2.99204,44.97281],[2.99707,44.97653],[2.99827,44.9752],[2.9991,44.97737],[2.99829,44.97775],[3.00055,44.97917],[3.00516,44.98019],[3.00995,44.98213],[3.00668,44.98264],[3.00672,44.98381],[3.00812,44.98389],[3.00788,44.98524],[3.00968,44.98725],[3.0139,44.99042],[3.01575,44.9914],[3.01682,44.99072],[3.01822,44.9913],[3.02093,44.98994],[3.02328,44.99042],[3.02688,44.98954],[3.02972,44.99097],[3.03015,44.99031],[3.03179,44.98891],[3.03271,44.98756],[3.03514,44.98728],[3.0361,44.98594],[3.03751,44.98508],[3.03932,44.98507],[3.04188,44.98339],[3.04206,44.98228],[3.04348,44.98184],[3.04343,44.98027],[3.04533,44.98],[3.04611,44.97884],[3.04786,44.97887],[3.04907,44.97804],[3.05111,44.97758],[3.05323,44.97484],[3.05462,44.97461],[3.05589,44.9734],[3.05699,44.97339],[3.05867,44.97106],[3.06133,44.96984],[3.06215,44.96916],[3.063,44.96691],[3.06493,44.96637],[3.06492,44.96569],[3.06751,44.96437],[3.06859,44.96298],[3.06794,44.96104],[3.06972,44.96019],[3.06842,44.95925],[3.06688,44.959],[3.06376,44.9571],[3.06294,44.9563],[3.06364,44.95374],[3.06261,44.95296],[3.06284,44.95131],[3.064,44.95023],[3.06229,44.94856],[3.06279,44.94741],[3.0675,44.94708],[3.06661,44.94593],[3.07201,44.94388],[3.07525,44.94234],[3.0756,44.94082],[3.07642,44.94064],[3.07628,44.93708],[3.07511,44.93788],[3.07488,44.93547],[3.07717,44.93556],[3.0779,44.93288],[3.0799,44.93052],[3.0822,44.93156],[3.08395,44.9308],[3.08393,44.92937],[3.08255,44.92599],[3.0829,44.92437],[3.0815,44.92324],[3.07911,44.92314],[3.07629,44.92157],[3.07542,44.92214],[3.07177,44.92298],[3.07053,44.92276],[3.06843,44.92172],[3.06815,44.9208],[3.06895,44.91837],[3.06832,44.91736],[3.06637,44.91678],[3.06452,44.91744],[3.06339,44.91875],[3.062,44.91952],[3.05929,44.91981],[3.05729,44.91947],[3.05625,44.91846],[3.05636,44.91739],[3.05749,44.91651],[3.06159,44.91474],[3.06526,44.91414],[3.06594,44.9135],[3.06544,44.91174],[3.06427,44.91006],[3.06227,44.9085],[3.05929,44.90779],[3.0544,44.90897],[3.05342,44.90755],[3.05188,44.90496],[3.05064,44.90428],[3.04683,44.90386],[3.04372,44.90294],[3.04232,44.90307],[3.04095,44.90391],[3.04012,44.90582],[3.04071,44.90628],[3.04491,44.90721],[3.04508,44.90825],[3.04423,44.90889],[3.04198,44.90943],[3.0369,44.90893],[3.03456,44.9083],[3.02904,44.90628],[3.0281,44.90554],[3.02784,44.90408],[3.02868,44.90285],[3.03115,44.90198],[3.03167,44.90111],[3.03019,44.90049],[3.02576,44.90243],[3.02355,44.90267],[3.02093,44.90171],[3.01537,44.9024],[3.0141,44.90233],[3.01141,44.90123],[3.01023,44.9004],[3.00825,44.89829],[3.00609,44.8948],[3.00427,44.8924],[3.0031,44.8916],[3.00046,44.89071],[2.99884,44.89063],[2.99485,44.88967],[2.99385,44.88868],[2.99407,44.88729],[2.99574,44.88623],[2.99485,44.88469],[2.99196,44.88454],[2.98612,44.88705],[2.9846,44.88706],[2.98181,44.88638],[2.97912,44.88394],[2.97641,44.88265],[2.97534,44.88333],[2.97583,44.88501],[2.9743,44.88593],[2.97201,44.88533],[2.97009,44.88375],[2.96812,44.88141],[2.96711,44.88095],[2.96415,44.88063],[2.96095,44.88105],[2.95782,44.88173],[2.95559,44.88311],[2.95239,44.88306],[2.94881,44.88465],[2.94817,44.88631],[2.94507,44.88855],[2.9433,44.89093],[2.94071,44.89139],[2.93773,44.89029],[2.93544,44.88903],[2.93233,44.88801],[2.92843,44.88769],[2.92735,44.88804],[2.92684,44.89033],[2.92574,44.89343],[2.92365,44.8933],[2.92265,44.89376],[2.9197,44.89353],[2.91688,44.89393],[2.91495,44.89459],[2.91352,44.89383],[2.91281,44.89112],[2.91186,44.8905],[2.90977,44.89151],[2.90913,44.89115],[2.90552,44.89085],[2.90159,44.89011],[2.89768,44.89112],[2.89256,44.89507],[2.89208,44.89736],[2.89047,44.89985],[2.89041,44.90158],[2.89123,44.9027],[2.8924,44.90272],[2.89538,44.90099],[2.89711,44.90106],[2.89836,44.90209],[2.89923,44.90118],[2.90087,44.90077],[2.90336,44.90283],[2.90471,44.9048],[2.90341,44.9072],[2.90146,44.9095],[2.89995,44.91086],[2.89966,44.91177],[2.8983,44.91276],[2.89705,44.91227],[2.89295,44.91332],[2.89189,44.91468],[2.88937,44.91613],[2.88785,44.91569],[2.8866,44.91826],[2.88444,44.91802],[2.8841,44.91896],[2.88712,44.91888],[2.88694,44.92001],[2.88355,44.91967],[2.88297,44.92094],[2.88174,44.91995],[2.87857,44.91946],[2.87864,44.92081],[2.87493,44.92066],[2.87428,44.92132],[2.87155,44.92233],[2.87184,44.92476],[2.87437,44.92461],[2.87515,44.92627],[2.87403,44.92785],[2.87086,44.92823],[2.86942,44.92922],[2.87021,44.93083],[2.8769,44.92997],[2.88156,44.93138],[2.88452,44.93315],[2.88693,44.93384],[2.88985,44.93542],[2.89057,44.93745],[2.89191,44.93744],[2.89413,44.93857],[2.89312,44.93944],[2.8972,44.94057],[2.90226,44.94049],[2.90176,44.9414],[2.89873,44.94168],[2.89541,44.94521],[2.8946,44.94725],[2.89879,44.94748],[2.90038,44.94846],[2.90034,44.94904],[2.90243,44.95008],[2.90219,44.95179],[2.9005,44.95432],[2.90089,44.95549],[2.90338,44.95755],[2.90107,44.96003],[2.89873,44.9655],[2.90084,44.96677],[2.90414,44.96771],[2.90797,44.96929],[2.90953,44.96959],[2.9121,44.96868],[2.91324,44.96665],[2.91468,44.96497],[2.91692,44.96363],[2.92069,44.96266],[2.92279,44.96322],[2.92443,44.96251],[2.92768,44.96262],[2.92985,44.96209],[2.932,44.96015],[2.9317,44.95869],[2.9321,44.95744],[2.93335,44.9565],[2.93442,44.95445],[2.93568,44.95545],[2.93823,44.9566],[2.93742,44.958],[2.94009,44.95893],[2.93992,44.96078],[2.9434,44.962],[2.94396,44.96291],[2.94319,44.96418],[2.94477,44.96426],[2.9451,44.96525],[2.94706,44.9651],[2.94707,44.966],[2.94817,44.9677],[2.95069,44.96634],[2.95216,44.96778],[2.9516,44.96882],[2.95107,44.97233],[2.9505,44.97229],[2.95006,44.96964],[2.94908,44.96938],[2.94832,44.9705],[2.94985,44.9713],[2.95026,44.97355],[2.95003,44.97484],[2.95209,44.97434],[2.9525,44.9756],[2.95364,44.976],[2.95416,44.97717],[2.95399,44.97859],[2.95195,44.98019],[2.95355,44.9813],[2.95674,44.98259],[2.95664,44.98444]]]}},{"type":"Feature","id":"fr-commune-15143","properties":{"id":"fr-commune-15143","name":"Nieudan","kind":"commune","center":[2.2415,44.9818],"code":"15143","department":"15"},"bbox":[2.21163,44.9596,2.27131,45.00398],"geometry":{"type":"Polygon","coordinates":[[[2.21163,44.98907],[2.21185,44.99116],[2.21423,44.9939],[2.21783,44.99525],[2.21914,44.99697],[2.22131,44.9972],[2.22349,44.99662],[2.22447,44.99539],[2.22681,44.99543],[2.22874,44.99438],[2.23087,44.99439],[2.2312,44.99261],[2.23375,44.9917],[2.23535,44.99049],[2.236,44.99113],[2.23941,44.99085],[2.24084,44.99173],[2.24153,44.99071],[2.24431,44.99059],[2.24544,44.99111],[2.24503,44.99251],[2.24612,44.99288],[2.24869,44.99483],[2.24895,44.99576],[2.24738,44.99671],[2.24743,44.9976],[2.24869,44.99835],[2.24866,45.00087],[2.25008,45.00198],[2.25256,45.00182],[2.25406,45.00254],[2.25579,45.00398],[2.25911,45.00316],[2.25999,45.00233],[2.26149,45.00191],[2.26466,45.00216],[2.26698,45.00385],[2.26825,45.00204],[2.266,44.99968],[2.2694,44.99921],[2.26826,44.99692],[2.26826,44.99229],[2.2689,44.98833],[2.2655,44.9886],[2.26572,44.98566],[2.26699,44.98498],[2.26742,44.98386],[2.26898,44.98294],[2.27131,44.9791],[2.27067,44.97939],[2.26674,44.97748],[2.26403,44.97545],[2.26173,44.97279],[2.26277,44.97221],[2.26444,44.96781],[2.26566,44.96636],[2.26633,44.96487],[2.26631,44.96328],[2.26854,44.96193],[2.26862,44.9596],[2.2633,44.96169],[2.2607,44.96209],[2.26042,44.96138],[2.24231,44.96725],[2.23812,44.96963],[2.23656,44.96962],[2.23212,44.97194],[2.22703,44.9739],[2.22637,44.97653],[2.22515,44.97681],[2.22489,44.97836],[2.22542,44.97937],[2.22506,44.98062],[2.22266,44.98067],[2.22123,44.98288],[2.21899,44.98399],[2.21539,44.98377],[2.21516,44.98564],[2.21353,44.98625],[2.21335,44.9877],[2.21163,44.98907]]]}},{"type":"Feature","id":"fr-commune-15144","properties":{"id":"fr-commune-15144","name":"Omps","kind":"commune","center":[2.2724,44.8812],"code":"15144","department":"15"},"bbox":[2.23859,44.85864,2.30611,44.90376],"geometry":{"type":"Polygon","coordinates":[[[2.27398,44.89867],[2.27694,44.89625],[2.27825,44.89736],[2.27882,44.89615],[2.27877,44.89473],[2.28041,44.89326],[2.27959,44.89246],[2.2813,44.89056],[2.28029,44.88926],[2.28193,44.88737],[2.28367,44.88824],[2.28495,44.88745],[2.28633,44.88735],[2.28742,44.88558],[2.28968,44.88532],[2.29099,44.88414],[2.29223,44.88385],[2.29572,44.88093],[2.29765,44.88023],[2.29828,44.87927],[2.29993,44.87844],[2.30015,44.8774],[2.30237,44.87606],[2.3032,44.87607],[2.30447,44.87437],[2.30611,44.87351],[2.30505,44.87189],[2.30213,44.87093],[2.30163,44.87122],[2.29882,44.86977],[2.29583,44.86887],[2.29571,44.86577],[2.29278,44.86539],[2.29421,44.86273],[2.29254,44.86053],[2.28954,44.86066],[2.28632,44.86179],[2.28568,44.86273],[2.28141,44.86444],[2.27796,44.86535],[2.2806,44.86569],[2.28156,44.86772],[2.28112,44.86915],[2.27974,44.86972],[2.27987,44.87121],[2.2794,44.87455],[2.27721,44.8759],[2.27643,44.87445],[2.27406,44.87166],[2.27165,44.87153],[2.26926,44.8727],[2.26685,44.87347],[2.26616,44.87436],[2.26378,44.87159],[2.26474,44.8703],[2.26347,44.86912],[2.26439,44.86839],[2.26459,44.86715],[2.26591,44.86546],[2.26617,44.8641],[2.26493,44.86311],[2.26335,44.86077],[2.26039,44.85864],[2.25787,44.86047],[2.25469,44.8613],[2.25375,44.86402],[2.25235,44.86521],[2.25082,44.86551],[2.24956,44.86845],[2.24831,44.86968],[2.24654,44.86987],[2.24632,44.87122],[2.24449,44.87241],[2.24493,44.87453],[2.2447,44.87585],[2.24691,44.87592],[2.24682,44.8771],[2.24918,44.87763],[2.24655,44.87889],[2.24486,44.8786],[2.24376,44.88143],[2.24496,44.8833],[2.24695,44.88364],[2.24653,44.88487],[2.2477,44.88618],[2.24598,44.88851],[2.2463,44.89058],[2.24509,44.89227],[2.24163,44.89207],[2.24113,44.89459],[2.24047,44.89595],[2.24055,44.89833],[2.23859,44.89961],[2.23938,44.90135],[2.24208,44.90175],[2.24425,44.90174],[2.24653,44.90089],[2.24856,44.90226],[2.25049,44.90178],[2.25569,44.90376],[2.25583,44.90254],[2.25455,44.89959],[2.2534,44.89992],[2.25173,44.898],[2.25022,44.8988],[2.24957,44.89759],[2.25122,44.89714],[2.25311,44.89545],[2.25348,44.89432],[2.25514,44.89447],[2.25623,44.8933],[2.25787,44.8928],[2.25838,44.89199],[2.26192,44.89191],[2.2635,44.89384],[2.26504,44.89481],[2.26471,44.89594],[2.26255,44.89598],[2.26261,44.89771],[2.26331,44.89988],[2.26439,44.8993],[2.26424,44.89726],[2.26551,44.8956],[2.26725,44.89414],[2.26822,44.89469],[2.27191,44.89423],[2.27328,44.89475],[2.27248,44.89744],[2.27398,44.89867]]]}},{"type":"Feature","id":"fr-commune-15146","properties":{"id":"fr-commune-15146","name":"Pailherols","kind":"commune","center":[2.7088,44.9684],"code":"15146","department":"15"},"bbox":[2.67609,44.90215,2.74136,45.03467],"geometry":{"type":"Polygon","coordinates":[[[2.73978,45.03467],[2.73994,45.03345],[2.74136,45.0308],[2.73848,45.02642],[2.73835,45.02545],[2.73703,45.02304],[2.73686,45.02157],[2.73855,45.01881],[2.73986,45.0155],[2.73869,45.01352],[2.73622,45.01434],[2.73481,45.01138],[2.73517,45.00877],[2.7339,45.00882],[2.73268,45.0072],[2.73097,45.00689],[2.73,45.00447],[2.72892,45.0033],[2.72814,45.0015],[2.72459,45.00062],[2.72298,44.99788],[2.72093,44.99592],[2.71843,44.99396],[2.7196,44.99342],[2.71916,44.99252],[2.71941,44.99054],[2.72025,44.9895],[2.71959,44.98829],[2.72079,44.98467],[2.72223,44.98221],[2.72588,44.97876],[2.72512,44.97434],[2.72628,44.9727],[2.72618,44.97143],[2.72512,44.96771],[2.72259,44.96728],[2.72182,44.96598],[2.72072,44.96566],[2.71812,44.9665],[2.7167,44.96595],[2.71365,44.96341],[2.71334,44.96189],[2.71424,44.95983],[2.7143,44.95867],[2.71353,44.95791],[2.7146,44.95624],[2.71433,44.95445],[2.71206,44.95107],[2.71325,44.95075],[2.71235,44.94958],[2.71182,44.94756],[2.71135,44.9441],[2.71306,44.94347],[2.71385,44.93951],[2.71438,44.93417],[2.71514,44.93239],[2.71772,44.93304],[2.71875,44.93129],[2.71669,44.92888],[2.7162,44.92906],[2.71359,44.92713],[2.71498,44.92578],[2.71558,44.92388],[2.71363,44.92359],[2.71438,44.92164],[2.71324,44.92165],[2.71107,44.91918],[2.71246,44.91836],[2.71226,44.9172],[2.71042,44.91675],[2.70984,44.91473],[2.70753,44.91095],[2.70828,44.90834],[2.70636,44.90714],[2.70332,44.90587],[2.70212,44.90488],[2.70066,44.90491],[2.70019,44.90403],[2.69836,44.90414],[2.69708,44.90362],[2.69507,44.90453],[2.69254,44.90398],[2.69031,44.90215],[2.68924,44.90265],[2.68799,44.90418],[2.68736,44.9058],[2.68343,44.90496],[2.68313,44.90631],[2.68187,44.90735],[2.68228,44.90899],[2.68556,44.91216],[2.68665,44.91216],[2.68571,44.91401],[2.68592,44.91497],[2.68477,44.91552],[2.68414,44.91804],[2.68276,44.92032],[2.68442,44.92076],[2.68419,44.92203],[2.68789,44.9227],[2.6874,44.92367],[2.68485,44.92295],[2.68283,44.92144],[2.68163,44.92274],[2.68324,44.92339],[2.68274,44.92583],[2.68292,44.92765],[2.68475,44.92756],[2.68479,44.92897],[2.68262,44.93126],[2.68631,44.9326],[2.68506,44.93447],[2.68312,44.93398],[2.68097,44.93429],[2.68025,44.93479],[2.68045,44.93569],[2.6797,44.93785],[2.67943,44.94116],[2.67965,44.94208],[2.67893,44.94496],[2.67772,44.94523],[2.67634,44.94732],[2.67732,44.94803],[2.67797,44.94961],[2.67609,44.95079],[2.67617,44.95159],[2.67751,44.95217],[2.6788,44.95345],[2.67998,44.9527],[2.68164,44.95409],[2.68044,44.95477],[2.68196,44.95671],[2.68279,44.95642],[2.68382,44.95835],[2.68476,44.95793],[2.68719,44.96141],[2.68517,44.96254],[2.68567,44.96424],[2.68387,44.96349],[2.682,44.96335],[2.68394,44.96548],[2.68393,44.96744],[2.68213,44.96836],[2.68365,44.97017],[2.68656,44.96956],[2.68757,44.9701],[2.6874,44.97211],[2.68981,44.97332],[2.69069,44.97583],[2.69275,44.97571],[2.69175,44.97428],[2.69272,44.97379],[2.69393,44.97562],[2.69576,44.97542],[2.69633,44.97736],[2.69731,44.97841],[2.69548,44.97933],[2.69692,44.981],[2.69917,44.98248],[2.7012,44.98344],[2.70388,44.98549],[2.70456,44.98844],[2.70963,44.98805],[2.7099,44.9913],[2.71055,44.99207],[2.70953,44.99553],[2.71003,44.99642],[2.71042,44.99989],[2.71217,45.00028],[2.71456,44.99867],[2.71563,44.99977],[2.7162,45.0021],[2.71737,45.00423],[2.71752,45.00554],[2.71702,45.00681],[2.71865,45.00949],[2.7223,45.00922],[2.72587,45.01177],[2.72665,45.01469],[2.72799,45.01594],[2.73037,45.02067],[2.73191,45.02331],[2.73115,45.02368],[2.73181,45.02664],[2.7334,45.0279],[2.73634,45.03099],[2.73752,45.03146],[2.73978,45.03467]]]}},{"type":"Feature","id":"fr-commune-15147","properties":{"id":"fr-commune-15147","name":"Parlan","kind":"commune","center":[2.171,44.8213],"code":"15147","department":"15"},"bbox":[2.1273,44.7904,2.21473,44.852],"geometry":{"type":"Polygon","coordinates":[[[2.14926,44.852],[2.15097,44.85061],[2.15344,44.84971],[2.15736,44.84931],[2.16033,44.84945],[2.16192,44.84815],[2.16211,44.84707],[2.16376,44.84622],[2.16509,44.84658],[2.16578,44.8482],[2.16589,44.85036],[2.16647,44.85198],[2.17017,44.85143],[2.17182,44.85087],[2.17399,44.85097],[2.17462,44.85013],[2.17659,44.85025],[2.17881,44.84975],[2.17988,44.84876],[2.18314,44.84773],[2.18446,44.84611],[2.18577,44.84537],[2.18829,44.84531],[2.18799,44.84619],[2.18905,44.84723],[2.19219,44.8472],[2.19525,44.845],[2.19593,44.84393],[2.19742,44.84316],[2.19774,44.8419],[2.19907,44.8414],[2.19751,44.83917],[2.20043,44.83843],[2.20142,44.83682],[2.20214,44.83587],[2.20502,44.83588],[2.20768,44.83467],[2.20943,44.8332],[2.20751,44.83273],[2.20819,44.83064],[2.20993,44.83065],[2.21237,44.82967],[2.21419,44.82958],[2.21473,44.8271],[2.21288,44.82662],[2.21352,44.82482],[2.21327,44.82311],[2.21226,44.82261],[2.21296,44.82149],[2.21163,44.82039],[2.2122,44.81826],[2.21195,44.81646],[2.21301,44.81246],[2.21122,44.81241],[2.21018,44.81079],[2.20597,44.81045],[2.2061,44.8091],[2.20348,44.80793],[2.20259,44.80824],[2.2044,44.81144],[2.20192,44.81121],[2.20038,44.81181],[2.19825,44.81206],[2.19761,44.81104],[2.19848,44.81051],[2.19765,44.80927],[2.19487,44.80952],[2.18794,44.80876],[2.18688,44.80674],[2.18771,44.80626],[2.18769,44.80404],[2.18645,44.80357],[2.18499,44.80489],[2.18301,44.80514],[2.18206,44.80393],[2.17776,44.80288],[2.17786,44.80111],[2.1786,44.79971],[2.18044,44.79884],[2.18046,44.79823],[2.17921,44.79728],[2.17633,44.79804],[2.17623,44.79682],[2.17728,44.79576],[2.17769,44.79441],[2.17647,44.79228],[2.17453,44.79296],[2.17329,44.79281],[2.17308,44.79079],[2.17153,44.7904],[2.16937,44.79207],[2.16834,44.79461],[2.16758,44.79533],[2.16753,44.79802],[2.16645,44.79915],[2.1656,44.80017],[2.1666,44.80131],[2.16608,44.80257],[2.16485,44.80382],[2.16549,44.80512],[2.16523,44.80675],[2.16568,44.80868],[2.16771,44.80979],[2.16805,44.81069],[2.16589,44.81212],[2.16607,44.81284],[2.16477,44.81387],[2.16305,44.81389],[2.16061,44.8159],[2.1588,44.81649],[2.15579,44.81672],[2.15503,44.81619],[2.15357,44.81656],[2.15149,44.81833],[2.14812,44.82045],[2.14652,44.8212],[2.14499,44.82289],[2.14521,44.82369],[2.14292,44.82394],[2.14216,44.82357],[2.13974,44.82395],[2.13899,44.8249],[2.1351,44.82717],[2.13393,44.82912],[2.13412,44.83064],[2.13147,44.8348],[2.12935,44.83541],[2.12832,44.83635],[2.1273,44.83865],[2.12792,44.8391],[2.12767,44.84063],[2.13184,44.8429],[2.13666,44.8445],[2.13995,44.84705],[2.14037,44.84809],[2.14279,44.84896],[2.14638,44.84914],[2.14825,44.8505],[2.14926,44.852]]]}},{"type":"Feature","id":"fr-commune-15148","properties":{"id":"fr-commune-15148","name":"Paulhac","kind":"commune","center":[2.8841,45.0179],"code":"15148","department":"15"},"bbox":[2.79011,44.98228,2.97809,45.05354],"geometry":{"type":"Polygon","coordinates":[[[2.81025,45.0327],[2.80881,45.03356],[2.8073,45.03559],[2.80503,45.03744],[2.80035,45.0389],[2.79865,45.03994],[2.79669,45.04049],[2.7936,45.04257],[2.7936,45.04306],[2.79558,45.04458],[2.79508,45.04594],[2.79319,45.04747],[2.79011,45.04822],[2.79269,45.05176],[2.79493,45.05297],[2.79761,45.05354],[2.79927,45.05236],[2.80219,45.05107],[2.80597,45.04987],[2.81379,45.04986],[2.8159,45.04951],[2.81808,45.04965],[2.82258,45.04956],[2.82651,45.04905],[2.83629,45.04811],[2.84193,45.04772],[2.84344,45.04784],[2.84492,45.04861],[2.84682,45.04815],[2.8482,45.04679],[2.85093,45.0466],[2.85702,45.04698],[2.86503,45.04662],[2.86431,45.04229],[2.86249,45.03716],[2.86137,45.03535],[2.86548,45.03385],[2.87232,45.03084],[2.87687,45.02914],[2.87972,45.02898],[2.88063,45.02963],[2.88118,45.03265],[2.88262,45.03543],[2.8858,45.03614],[2.88738,45.03537],[2.88886,45.03293],[2.89232,45.03316],[2.89603,45.03257],[2.89842,45.03151],[2.9021,45.03152],[2.90253,45.03251],[2.90676,45.03242],[2.90647,45.03193],[2.91019,45.03166],[2.90959,45.03244],[2.91343,45.03272],[2.91571,45.03203],[2.91616,45.03297],[2.91915,45.03303],[2.91681,45.03414],[2.91998,45.03454],[2.92196,45.03555],[2.92245,45.0338],[2.92513,45.0342],[2.92501,45.03548],[2.92731,45.0359],[2.92777,45.0368],[2.92907,45.0369],[2.92875,45.03557],[2.93231,45.03496],[2.9343,45.03585],[2.93834,45.03561],[2.93871,45.03453],[2.94088,45.0342],[2.94132,45.0355],[2.94311,45.03513],[2.94506,45.03522],[2.94498,45.03433],[2.94741,45.03403],[2.9485,45.03598],[2.95011,45.03422],[2.94921,45.03393],[2.94897,45.0327],[2.94748,45.0311],[2.9451,45.02936],[2.94315,45.02633],[2.94423,45.02617],[2.94904,45.0265],[2.94731,45.0243],[2.94764,45.02298],[2.95268,45.02329],[2.9498,45.0205],[2.95067,45.01966],[2.95201,45.01952],[2.95411,45.02085],[2.95563,45.02037],[2.95722,45.02093],[2.95829,45.02296],[2.95924,45.02306],[2.96069,45.02037],[2.96246,45.02083],[2.96731,45.02119],[2.96935,45.02219],[2.97023,45.02144],[2.97084,45.01856],[2.97143,45.01774],[2.97347,45.01654],[2.97609,45.01728],[2.97809,45.0171],[2.97698,45.01573],[2.97594,45.01529],[2.97639,45.01384],[2.97144,45.01174],[2.96165,45.01025],[2.95656,45.00849],[2.95696,45.00774],[2.95513,45.00717],[2.95766,45.00512],[2.95584,45.00614],[2.95462,45.00505],[2.95177,45.00553],[2.94963,45.00637],[2.94707,45.00326],[2.94653,45.00368],[2.94437,45.00222],[2.94114,45.00274],[2.93928,45.00366],[2.93977,45.0019],[2.93912,45.00077],[2.93658,45.00062],[2.93843,44.99944],[2.93488,44.99792],[2.93449,44.99499],[2.93284,44.99487],[2.93301,44.99334],[2.93145,44.99325],[2.93145,44.99447],[2.9277,44.99418],[2.92524,44.99518],[2.9217,44.99579],[2.92074,44.99512],[2.92156,44.99434],[2.92059,44.99309],[2.92038,44.98994],[2.92144,44.98924],[2.92097,44.98834],[2.9194,44.98829],[2.91875,44.98621],[2.91555,44.98398],[2.9158,44.98303],[2.91357,44.98228],[2.9112,44.98418],[2.90921,44.98271],[2.90537,44.98339],[2.90502,44.98428],[2.90321,44.98513],[2.90229,44.98406],[2.89863,44.98492],[2.89611,44.98587],[2.89403,44.98746],[2.89353,44.98837],[2.89133,44.98991],[2.88921,44.99324],[2.88587,44.99511],[2.88269,44.99625],[2.88036,44.99644],[2.87654,44.99479],[2.87485,44.9954],[2.87182,44.9972],[2.86936,44.99796],[2.86749,45.00009],[2.86538,45.00159],[2.87011,45.00638],[2.87058,45.00717],[2.8685,45.00802],[2.86691,45.00937],[2.86501,45.00969],[2.86437,45.00915],[2.86171,45.0089],[2.86026,45.01057],[2.86098,45.01272],[2.86042,45.01353],[2.85869,45.01381],[2.85845,45.01453],[2.85535,45.01563],[2.85313,45.01591],[2.85029,45.01682],[2.84796,45.01872],[2.84519,45.01855],[2.84328,45.01979],[2.84132,45.02044],[2.83833,45.02002],[2.82961,45.02411],[2.82772,45.02574],[2.8238,45.02751],[2.82127,45.0281],[2.81905,45.02829],[2.81747,45.02889],[2.81025,45.0327]]]}},{"type":"Feature","id":"fr-commune-15149","properties":{"id":"fr-commune-15149","name":"Paulhenc","kind":"commune","center":[2.814,44.8808],"code":"15149","department":"15"},"bbox":[2.76722,44.85481,2.86029,44.90677],"geometry":{"type":"Polygon","coordinates":[[[2.78142,44.85783],[2.78074,44.85706],[2.77845,44.85723],[2.7769,44.85806],[2.77579,44.85764],[2.77393,44.85481],[2.77283,44.85534],[2.77121,44.85747],[2.77207,44.85855],[2.77061,44.85893],[2.7709,44.86045],[2.76984,44.86123],[2.76928,44.86288],[2.7679,44.86419],[2.76722,44.86571],[2.76822,44.86795],[2.76843,44.87018],[2.77089,44.87105],[2.76996,44.87257],[2.77004,44.87393],[2.76878,44.87436],[2.77107,44.87596],[2.7705,44.87822],[2.77074,44.87992],[2.77395,44.88024],[2.77551,44.88405],[2.77512,44.88473],[2.77697,44.8858],[2.77841,44.88751],[2.78225,44.88896],[2.78501,44.88947],[2.7926,44.89202],[2.79354,44.89435],[2.79209,44.89503],[2.79377,44.89589],[2.79321,44.89647],[2.79451,44.89976],[2.79587,44.90128],[2.79836,44.90191],[2.79898,44.90374],[2.80396,44.90323],[2.80439,44.90116],[2.80756,44.90267],[2.80941,44.90339],[2.81264,44.90238],[2.81359,44.90274],[2.81586,44.90475],[2.81908,44.90564],[2.81997,44.9044],[2.82151,44.9046],[2.82446,44.90421],[2.82478,44.90582],[2.82768,44.90593],[2.82855,44.90565],[2.82957,44.90677],[2.83213,44.90645],[2.83423,44.90555],[2.83736,44.90578],[2.83811,44.90633],[2.83994,44.906],[2.84115,44.90647],[2.84179,44.90548],[2.84495,44.90312],[2.84658,44.9035],[2.84709,44.90426],[2.85517,44.90614],[2.8568,44.90463],[2.85826,44.90263],[2.85999,44.89893],[2.86012,44.89637],[2.85976,44.89568],[2.86029,44.89326],[2.8589,44.89156],[2.85712,44.89024],[2.85852,44.88952],[2.85774,44.88716],[2.85598,44.88533],[2.85532,44.88302],[2.8546,44.8821],[2.85528,44.87873],[2.85263,44.87505],[2.85473,44.87406],[2.8539,44.87328],[2.85072,44.87177],[2.84852,44.87153],[2.84671,44.87171],[2.84258,44.8728],[2.84035,44.8726],[2.83805,44.87129],[2.8334,44.87235],[2.83062,44.87236],[2.82692,44.8706],[2.82411,44.87065],[2.82159,44.87169],[2.81898,44.87165],[2.8163,44.86937],[2.81359,44.86925],[2.81139,44.87084],[2.80874,44.87374],[2.80732,44.87429],[2.80316,44.87412],[2.8017,44.87348],[2.79875,44.86904],[2.798,44.86874],[2.79449,44.86874],[2.79078,44.8677],[2.78817,44.86555],[2.78622,44.86457],[2.78286,44.86192],[2.78144,44.85949],[2.78142,44.85783]]]}},{"type":"Feature","id":"fr-commune-15151","properties":{"id":"fr-commune-15151","name":"Peyrusse","kind":"commune","center":[3.0316,45.2137],"code":"15151","department":"15"},"bbox":[2.97532,45.18667,3.08794,45.24076],"geometry":{"type":"Polygon","coordinates":[[[3.02702,45.24076],[3.0289,45.24075],[3.03257,45.23861],[3.03643,45.23904],[3.03811,45.23901],[3.03878,45.23633],[3.04208,45.23556],[3.04383,45.23614],[3.0465,45.23473],[3.04768,45.23233],[3.04886,45.2323],[3.05029,45.23097],[3.05283,45.22942],[3.05433,45.22703],[3.05537,45.22668],[3.05806,45.22435],[3.05864,45.22042],[3.05641,45.22026],[3.05254,45.21848],[3.05352,45.21816],[3.05666,45.21976],[3.05735,45.2193],[3.05573,45.21702],[3.05648,45.21477],[3.05862,45.21268],[3.06084,45.21235],[3.06155,45.211],[3.06432,45.21112],[3.06603,45.21012],[3.06321,45.20888],[3.0629,45.20747],[3.06504,45.20756],[3.06524,45.2085],[3.06709,45.20872],[3.06803,45.20763],[3.07002,45.20843],[3.06908,45.20965],[3.07004,45.21018],[3.07291,45.21057],[3.07569,45.2096],[3.07581,45.20861],[3.07452,45.20732],[3.07331,45.20759],[3.0721,45.20688],[3.07502,45.20501],[3.07623,45.20537],[3.07799,45.20514],[3.07842,45.20419],[3.08022,45.20521],[3.08197,45.20331],[3.08466,45.20334],[3.08565,45.20131],[3.08449,45.20041],[3.08733,45.19978],[3.08794,45.19925],[3.0863,45.19768],[3.08675,45.1948],[3.08657,45.19355],[3.0857,45.19273],[3.08352,45.19213],[3.08087,45.19231],[3.07917,45.19165],[3.07802,45.19227],[3.07687,45.19169],[3.07522,45.1922],[3.07476,45.19112],[3.07276,45.18902],[3.07148,45.18849],[3.06932,45.1885],[3.06823,45.18787],[3.06703,45.18806],[3.06609,45.18973],[3.065,45.1892],[3.06374,45.18984],[3.0623,45.19129],[3.0609,45.19174],[3.05924,45.19108],[3.0591,45.18996],[3.05623,45.19059],[3.05591,45.18948],[3.05308,45.18667],[3.05098,45.18772],[3.04845,45.18764],[3.04602,45.1868],[3.0426,45.18799],[3.0405,45.189],[3.04026,45.1899],[3.03767,45.19144],[3.03831,45.19278],[3.03601,45.19234],[3.03394,45.19239],[3.03081,45.19119],[3.02936,45.19168],[3.02858,45.19262],[3.02632,45.1924],[3.02286,45.1926],[3.01953,45.19194],[3.01803,45.19208],[3.01542,45.19152],[3.0129,45.19059],[3.01103,45.19308],[3.00983,45.19377],[3.00932,45.1948],[3.00774,45.19413],[3.00521,45.19442],[3.00378,45.19298],[2.99864,45.19382],[2.99655,45.19386],[2.9934,45.19799],[2.99284,45.19917],[2.99038,45.20143],[2.98735,45.20325],[2.98126,45.20754],[2.98631,45.2091],[2.99246,45.21041],[2.99492,45.21268],[2.99663,45.21328],[2.99933,45.21533],[2.99928,45.21704],[2.99719,45.21732],[2.99599,45.21805],[2.99446,45.21779],[2.99395,45.219],[2.98963,45.21952],[2.98673,45.21914],[2.98541,45.21977],[2.98288,45.21983],[2.98252,45.22163],[2.98299,45.22334],[2.9765,45.22347],[2.97622,45.22541],[2.97532,45.22714],[2.97697,45.22746],[2.97931,45.22861],[2.97678,45.2299],[2.97917,45.2315],[2.97935,45.23258],[2.98087,45.23294],[2.98335,45.23274],[2.98589,45.23178],[2.98907,45.23176],[2.99237,45.23107],[2.9944,45.23002],[2.9941,45.23155],[2.99855,45.23157],[2.99777,45.22964],[3.00108,45.22844],[3.00146,45.22786],[3.00334,45.22767],[3.00384,45.22655],[3.00498,45.22618],[3.00677,45.22671],[3.01077,45.22619],[3.01467,45.22748],[3.01684,45.22756],[3.01803,45.22839],[3.01825,45.22941],[3.01775,45.23099],[3.01914,45.23358],[3.01872,45.23608],[3.01981,45.23635],[3.02107,45.23504],[3.02273,45.23557],[3.02159,45.23643],[3.02173,45.23724],[3.02454,45.23821],[3.02703,45.2386],[3.02642,45.24045],[3.02702,45.24076]]]}},{"type":"Feature","id":"fr-commune-15152","properties":{"id":"fr-commune-15152","name":"Pierrefort","kind":"commune","center":[2.8362,44.9281],"code":"15152","department":"15"},"bbox":[2.80364,44.89568,2.8688,44.96012],"geometry":{"type":"Polygon","coordinates":[[[2.81749,44.95298],[2.81749,44.95395],[2.82223,44.95406],[2.82502,44.95575],[2.82778,44.95651],[2.8297,44.95739],[2.8307,44.95661],[2.83291,44.95647],[2.83632,44.95742],[2.84135,44.95751],[2.84299,44.95807],[2.84455,44.95944],[2.84662,44.95772],[2.84716,44.96012],[2.84874,44.95795],[2.85266,44.95489],[2.85742,44.95241],[2.86624,44.95105],[2.86428,44.94731],[2.86147,44.94515],[2.86677,44.94262],[2.86572,44.94179],[2.86673,44.94116],[2.86577,44.93977],[2.86547,44.93782],[2.86391,44.93685],[2.8636,44.93558],[2.86347,44.93099],[2.86559,44.93127],[2.86512,44.93012],[2.86591,44.92902],[2.86604,44.92759],[2.86704,44.92612],[2.86668,44.92467],[2.86758,44.92366],[2.86651,44.92135],[2.8647,44.92071],[2.8647,44.91961],[2.86265,44.91811],[2.86282,44.91616],[2.8637,44.91341],[2.86583,44.90948],[2.86775,44.90685],[2.8688,44.90423],[2.86873,44.90316],[2.86766,44.90137],[2.86723,44.89758],[2.86451,44.89734],[2.86241,44.89834],[2.85976,44.89568],[2.86012,44.89637],[2.85999,44.89893],[2.85826,44.90263],[2.8568,44.90463],[2.85517,44.90614],[2.84709,44.90426],[2.84658,44.9035],[2.84495,44.90312],[2.84179,44.90548],[2.84115,44.90647],[2.83994,44.906],[2.83811,44.90633],[2.83736,44.90578],[2.83423,44.90555],[2.83213,44.90645],[2.82957,44.90677],[2.82855,44.90565],[2.82768,44.90593],[2.82478,44.90582],[2.82446,44.90421],[2.82151,44.9046],[2.81997,44.9044],[2.81908,44.90564],[2.81586,44.90475],[2.81359,44.90274],[2.81264,44.90238],[2.80941,44.90339],[2.80756,44.90267],[2.80917,44.90577],[2.80817,44.9094],[2.80604,44.90915],[2.80506,44.91236],[2.80416,44.91353],[2.80429,44.91442],[2.80548,44.91546],[2.80364,44.91726],[2.80488,44.91799],[2.80652,44.91976],[2.80723,44.91909],[2.80884,44.91936],[2.81088,44.92021],[2.81155,44.92104],[2.81149,44.92346],[2.81204,44.92432],[2.81397,44.92565],[2.81381,44.9271],[2.81263,44.92711],[2.81167,44.92908],[2.81175,44.93017],[2.81274,44.93122],[2.81215,44.93254],[2.81003,44.9328],[2.80992,44.93521],[2.80907,44.93608],[2.80867,44.93783],[2.81056,44.93853],[2.80883,44.94321],[2.80905,44.94551],[2.80988,44.9469],[2.81166,44.94697],[2.81273,44.94598],[2.81483,44.94621],[2.81526,44.94423],[2.81805,44.94527],[2.82005,44.94495],[2.82036,44.94578],[2.81777,44.94852],[2.81852,44.94928],[2.81604,44.95045],[2.81652,44.95133],[2.81844,44.95173],[2.81749,44.95298]]]}},{"type":"Feature","id":"fr-commune-15153","properties":{"id":"fr-commune-15153","name":"Pleaux","kind":"commune","center":[2.255348101264581,45.116835664390614],"code":"15153","department":"15"},"bbox":[2.17254,45.07533,2.36611,45.22383],"geometry":{"type":"MultiPolygon","coordinates":[[[[2.17254,45.08138],[2.17463,45.08201],[2.17378,45.08381],[2.17343,45.08608],[2.17409,45.08807],[2.17567,45.08912],[2.17593,45.09022],[2.17852,45.09199],[2.18035,45.09517],[2.18043,45.09913],[2.17652,45.10232],[2.18011,45.10336],[2.17888,45.10454],[2.18107,45.10518],[2.18211,45.10603],[2.18167,45.10671],[2.17932,45.10751],[2.17944,45.10918],[2.18166,45.11013],[2.18173,45.11195],[2.18054,45.1126],[2.18708,45.11449],[2.18849,45.11324],[2.19013,45.1139],[2.19035,45.11612],[2.1892,45.11769],[2.18551,45.11872],[2.18393,45.12048],[2.18391,45.12315],[2.18463,45.12355],[2.18146,45.1257],[2.18024,45.12713],[2.18118,45.12795],[2.18219,45.13219],[2.18064,45.13414],[2.17936,45.13484],[2.17908,45.1363],[2.18349,45.13635],[2.18763,45.13585],[2.18837,45.13437],[2.19057,45.13521],[2.19307,45.13558],[2.19399,45.13466],[2.1971,45.13766],[2.19934,45.13781],[2.20169,45.13846],[2.20277,45.14],[2.2048,45.14143],[2.20528,45.14239],[2.20884,45.1439],[2.2099,45.14652],[2.21214,45.15055],[2.21169,45.15217],[2.21215,45.15276],[2.21054,45.1548],[2.21143,45.1558],[2.20947,45.15675],[2.20786,45.15874],[2.20842,45.16032],[2.21179,45.16127],[2.21427,45.15983],[2.21701,45.15952],[2.21904,45.15993],[2.22222,45.15984],[2.22413,45.16079],[2.22533,45.16038],[2.22788,45.16088],[2.22883,45.16191],[2.23042,45.1621],[2.231,45.16121],[2.23439,45.16155],[2.23526,45.16056],[2.23666,45.16059],[2.23712,45.15966],[2.23558,45.15828],[2.23722,45.15821],[2.23874,45.15663],[2.23968,45.15677],[2.24207,45.15468],[2.24263,45.15536],[2.24516,45.15585],[2.24756,45.15466],[2.24968,45.1524],[2.25318,45.15144],[2.25447,45.14998],[2.25455,45.14889],[2.25627,45.14676],[2.25641,45.14489],[2.25521,45.1436],[2.25688,45.14257],[2.25726,45.14072],[2.25544,45.14135],[2.2548,45.14011],[2.25291,45.1386],[2.25291,45.13734],[2.25122,45.13783],[2.25076,45.13671],[2.25192,45.13536],[2.2508,45.13421],[2.25069,45.13249],[2.24859,45.13133],[2.24783,45.12807],[2.24852,45.12697],[2.25063,45.12859],[2.2529,45.12815],[2.25433,45.12886],[2.25649,45.13051],[2.25988,45.12991],[2.26002,45.12758],[2.26105,45.12742],[2.26152,45.12867],[2.26349,45.12952],[2.26487,45.1296],[2.26436,45.12771],[2.26302,45.12582],[2.26326,45.12448],[2.26545,45.12427],[2.26582,45.12568],[2.26708,45.12734],[2.26752,45.12525],[2.27096,45.12592],[2.27217,45.12681],[2.27361,45.12567],[2.27452,45.12633],[2.27861,45.1268],[2.28093,45.12777],[2.28062,45.12879],[2.28251,45.13022],[2.28264,45.13163],[2.2858,45.13451],[2.28801,45.13264],[2.28865,45.13392],[2.29029,45.13374],[2.292,45.13462],[2.29316,45.13238],[2.29545,45.13303],[2.29609,45.13458],[2.29878,45.13586],[2.29996,45.1358],[2.30113,45.1368],[2.30292,45.13721],[2.30447,45.13872],[2.30792,45.13912],[2.30982,45.14009],[2.31126,45.13972],[2.31346,45.14069],[2.31685,45.14151],[2.3193,45.14278],[2.32164,45.14301],[2.32323,45.14356],[2.32653,45.14271],[2.32913,45.14268],[2.33077,45.14459],[2.33201,45.14458],[2.33238,45.14556],[2.33551,45.14578],[2.33682,45.14546],[2.33935,45.14634],[2.34207,45.14832],[2.34441,45.14942],[2.34703,45.14764],[2.34792,45.14631],[2.34692,45.14605],[2.34811,45.1444],[2.34954,45.1439],[2.34985,45.1429],[2.35351,45.1413],[2.35484,45.14044],[2.35314,45.13915],[2.35398,45.13859],[2.35578,45.13908],[2.35645,45.13838],[2.35529,45.13554],[2.35686,45.13307],[2.35699,45.13131],[2.3576,45.12928],[2.36143,45.12839],[2.36392,45.12857],[2.36611,45.12795],[2.36449,45.12344],[2.36178,45.12043],[2.36131,45.11929],[2.36234,45.11455],[2.36211,45.11369],[2.35806,45.11303],[2.35655,45.11313],[2.35444,45.11407],[2.35379,45.11289],[2.35065,45.11257],[2.35016,45.1111],[2.34897,45.11041],[2.34696,45.11089],[2.34674,45.1127],[2.34545,45.11262],[2.34414,45.11116],[2.34262,45.11196],[2.33947,45.11175],[2.33843,45.11266],[2.33718,45.11188],[2.33438,45.11194],[2.33248,45.11146],[2.32975,45.11166],[2.32872,45.11223],[2.32691,45.11209],[2.3257,45.11116],[2.32548,45.10857],[2.32438,45.10836],[2.32303,45.11154],[2.3206,45.11183],[2.31942,45.11304],[2.31851,45.11223],[2.32038,45.10963],[2.31798,45.1077],[2.31435,45.10795],[2.31327,45.1069],[2.31031,45.1065],[2.30657,45.10482],[2.30598,45.10397],[2.30661,45.10286],[2.30473,45.10282],[2.30374,45.10045],[2.30196,45.09984],[2.30023,45.10025],[2.29866,45.10007],[2.30003,45.0984],[2.29864,45.09801],[2.29652,45.09977],[2.29493,45.0994],[2.29507,45.09829],[2.29406,45.09802],[2.2899,45.09899],[2.28825,45.0984],[2.28783,45.09715],[2.28851,45.09547],[2.28496,45.09532],[2.28265,45.0945],[2.28153,45.09519],[2.27826,45.09647],[2.27703,45.09582],[2.27761,45.09425],[2.27716,45.09248],[2.2797,45.0925],[2.28061,45.09163],[2.27998,45.09027],[2.2782,45.08904],[2.2761,45.08849],[2.27408,45.08839],[2.27392,45.0903],[2.27446,45.09176],[2.27223,45.09211],[2.27133,45.0912],[2.27193,45.08988],[2.27153,45.08912],[2.26777,45.08919],[2.26844,45.08792],[2.27018,45.08768],[2.2709,45.08619],[2.27065,45.0839],[2.27102,45.08169],[2.2698,45.0809],[2.26542,45.08447],[2.26367,45.08525],[2.26174,45.08483],[2.2606,45.08397],[2.25843,45.08521],[2.25886,45.0863],[2.25858,45.08759],[2.25739,45.0891],[2.25417,45.08956],[2.25069,45.08909],[2.24432,45.08931],[2.24268,45.08845],[2.24231,45.08735],[2.24252,45.08561],[2.24448,45.0823],[2.24319,45.08075],[2.24017,45.07979],[2.23639,45.07767],[2.23405,45.07659],[2.23187,45.07621],[2.22555,45.07609],[2.21858,45.07542],[2.21521,45.07533],[2.21414,45.076],[2.21224,45.07872],[2.21188,45.07998],[2.21277,45.08125],[2.21522,45.08357],[2.2151,45.08528],[2.21311,45.08625],[2.21153,45.08595],[2.20993,45.08465],[2.20791,45.08199],[2.20373,45.0787],[2.20264,45.07817],[2.19935,45.07776],[2.19805,45.07806],[2.19463,45.08132],[2.19212,45.08172],[2.18916,45.08286],[2.18233,45.08228],[2.17785,45.08119],[2.17516,45.08007],[2.17305,45.08117],[2.17254,45.08138]]],[[[2.24862,45.17225],[2.24682,45.17184],[2.24535,45.17099],[2.24305,45.17119],[2.24326,45.17039],[2.24472,45.16878],[2.23885,45.16876],[2.23835,45.16935],[2.2359,45.16806],[2.23301,45.16813],[2.23301,45.16732],[2.23187,45.16745],[2.23197,45.1702],[2.22745,45.16975],[2.22439,45.17022],[2.22235,45.17022],[2.22099,45.17135],[2.22105,45.17216],[2.21838,45.17247],[2.2192,45.17418],[2.21717,45.17382],[2.21571,45.1727],[2.21526,45.17395],[2.21424,45.17463],[2.21411,45.17616],[2.21214,45.17675],[2.21027,45.17799],[2.20796,45.17894],[2.20756,45.17976],[2.20473,45.17937],[2.2017,45.17976],[2.20091,45.18069],[2.20234,45.18233],[2.20231,45.18338],[2.20033,45.18487],[2.19958,45.18972],[2.19887,45.19066],[2.19883,45.19433],[2.19959,45.19526],[2.19835,45.19662],[2.20012,45.19772],[2.19807,45.19961],[2.19782,45.20032],[2.19454,45.20055],[2.19323,45.20104],[2.19138,45.20091],[2.19044,45.20199],[2.18951,45.20398],[2.19002,45.20589],[2.19109,45.20727],[2.1932,45.21082],[2.19408,45.21296],[2.19427,45.21438],[2.19615,45.21504],[2.19659,45.21607],[2.19577,45.21836],[2.19106,45.22047],[2.18939,45.2225],[2.19128,45.22308],[2.19255,45.22158],[2.19501,45.22084],[2.20137,45.2224],[2.2028,45.22316],[2.20344,45.22191],[2.20698,45.22257],[2.20765,45.22383],[2.20909,45.22371],[2.20995,45.22073],[2.21305,45.22074],[2.21629,45.22002],[2.21919,45.22136],[2.22063,45.22048],[2.22166,45.21724],[2.22334,45.21634],[2.22389,45.21553],[2.22637,45.21486],[2.22752,45.2141],[2.22987,45.2145],[2.23235,45.21442],[2.23491,45.215],[2.23605,45.21468],[2.23599,45.21306],[2.22906,45.21081],[2.22847,45.21083],[2.22667,45.21274],[2.22313,45.21393],[2.22237,45.21215],[2.22208,45.20957],[2.22289,45.20651],[2.2263,45.20532],[2.22817,45.20333],[2.22853,45.20236],[2.23102,45.20083],[2.23255,45.19807],[2.2336,45.19564],[2.23634,45.19429],[2.23693,45.19354],[2.2372,45.19165],[2.23838,45.19073],[2.23967,45.19052],[2.24139,45.18899],[2.24302,45.18867],[2.24501,45.18895],[2.24588,45.18845],[2.24613,45.18716],[2.24788,45.18554],[2.24813,45.18294],[2.24858,45.18231],[2.24723,45.18051],[2.24561,45.18077],[2.24519,45.17933],[2.2473,45.17717],[2.24742,45.17563],[2.24862,45.17225]]]]}},{"type":"Feature","id":"fr-commune-15154","properties":{"id":"fr-commune-15154","name":"Polminhac","kind":"commune","center":[2.5816,44.9554],"code":"15154","department":"15"},"bbox":[2.53827,44.91734,2.62486,44.99347],"geometry":{"type":"Polygon","coordinates":[[[2.61826,44.93056],[2.62059,44.93],[2.61748,44.92727],[2.61653,44.92783],[2.61523,44.92723],[2.61042,44.92874],[2.60644,44.92897],[2.60428,44.92867],[2.60108,44.92768],[2.59944,44.92776],[2.60016,44.92892],[2.59798,44.92921],[2.59651,44.92833],[2.59591,44.92906],[2.5939,44.92903],[2.59501,44.93048],[2.59406,44.93085],[2.59148,44.92958],[2.58952,44.92963],[2.58632,44.92737],[2.58473,44.92437],[2.58201,44.92308],[2.57953,44.9224],[2.57843,44.92167],[2.57232,44.91914],[2.56902,44.91825],[2.56662,44.91807],[2.56391,44.91734],[2.56304,44.92044],[2.56205,44.92163],[2.56092,44.92418],[2.56239,44.92543],[2.56081,44.92662],[2.55936,44.92694],[2.55913,44.92546],[2.55755,44.92547],[2.55579,44.92738],[2.55258,44.92694],[2.55135,44.92873],[2.54932,44.92839],[2.54836,44.92892],[2.55031,44.93033],[2.54854,44.93143],[2.54787,44.9324],[2.54936,44.93277],[2.54753,44.9342],[2.54587,44.93494],[2.54349,44.93416],[2.54174,44.93479],[2.54356,44.9367],[2.54345,44.93729],[2.54119,44.93777],[2.54049,44.93869],[2.54186,44.94016],[2.54252,44.94165],[2.54454,44.94281],[2.5455,44.94385],[2.54561,44.94496],[2.54467,44.94562],[2.5487,44.94657],[2.55204,44.94909],[2.55332,44.94953],[2.55515,44.95228],[2.55632,44.95326],[2.55595,44.95407],[2.55296,44.95829],[2.55089,44.95673],[2.54946,44.95632],[2.54753,44.95808],[2.54607,44.95647],[2.54496,44.9563],[2.54339,44.95739],[2.54045,44.95804],[2.54106,44.95848],[2.54019,44.95986],[2.53827,44.96047],[2.53963,44.96174],[2.54092,44.96162],[2.54286,44.96267],[2.53895,44.9645],[2.54054,44.96547],[2.54344,44.96558],[2.54451,44.96621],[2.54659,44.96769],[2.54708,44.96943],[2.54563,44.97228],[2.5484,44.975],[2.55138,44.97448],[2.55322,44.97722],[2.5536,44.97591],[2.55632,44.97523],[2.55797,44.97711],[2.55584,44.98098],[2.55492,44.98163],[2.55673,44.98243],[2.55835,44.98253],[2.55875,44.98121],[2.56053,44.98094],[2.56345,44.9814],[2.56288,44.98219],[2.56726,44.98529],[2.57101,44.98825],[2.57366,44.9899],[2.57608,44.99029],[2.58003,44.99203],[2.58463,44.99347],[2.58669,44.99085],[2.58677,44.98914],[2.58623,44.98646],[2.58507,44.98462],[2.5874,44.98293],[2.58912,44.98424],[2.59185,44.98348],[2.59591,44.98447],[2.59623,44.98423],[2.59508,44.98038],[2.59388,44.97812],[2.59462,44.97754],[2.59662,44.97814],[2.59733,44.97745],[2.59675,44.97626],[2.59778,44.97523],[2.59651,44.97388],[2.59788,44.9724],[2.59574,44.97116],[2.59661,44.96993],[2.59448,44.96893],[2.59343,44.96732],[2.59076,44.96485],[2.58825,44.96367],[2.59077,44.96251],[2.59353,44.96218],[2.59494,44.96242],[2.59611,44.96186],[2.59454,44.96062],[2.59504,44.95882],[2.59571,44.95876],[2.59619,44.9562],[2.5971,44.9556],[2.59659,44.95264],[2.59589,44.95112],[2.5972,44.9502],[2.59725,44.94776],[2.59692,44.94597],[2.59745,44.94556],[2.59616,44.94212],[2.59836,44.94279],[2.60275,44.94477],[2.60426,44.94579],[2.60552,44.94466],[2.60551,44.94349],[2.60715,44.94279],[2.60901,44.94376],[2.61036,44.94359],[2.61305,44.94184],[2.61603,44.94374],[2.61882,44.94718],[2.61961,44.9466],[2.61861,44.9452],[2.61828,44.94275],[2.62017,44.94198],[2.6191,44.94039],[2.62115,44.93961],[2.61931,44.93755],[2.62355,44.93565],[2.62486,44.9358],[2.62468,44.93357],[2.62193,44.93354],[2.61956,44.93274],[2.61685,44.9314],[2.61826,44.93056]]]}},{"type":"Feature","id":"fr-commune-15155","properties":{"id":"fr-commune-15155","name":"Pradiers","kind":"commune","center":[2.9191,45.2834],"code":"15155","department":"15"},"bbox":[2.88675,45.24961,2.95141,45.31715],"geometry":{"type":"Polygon","coordinates":[[[2.89512,45.30339],[2.90237,45.30604],[2.91028,45.30946],[2.91177,45.31112],[2.91254,45.31384],[2.91588,45.31715],[2.91619,45.31541],[2.9175,45.3137],[2.91938,45.31298],[2.91945,45.31162],[2.92121,45.3117],[2.9238,45.3106],[2.92594,45.31025],[2.928,45.3093],[2.92899,45.31032],[2.93125,45.31152],[2.93178,45.31244],[2.93357,45.31291],[2.93686,45.31298],[2.93891,45.31174],[2.94126,45.31101],[2.94282,45.31147],[2.9449,45.31099],[2.94861,45.30912],[2.9493,45.3072],[2.94692,45.30518],[2.94637,45.30365],[2.94604,45.30085],[2.94633,45.29846],[2.94799,45.29588],[2.94873,45.29192],[2.95078,45.2894],[2.95134,45.28767],[2.94178,45.28861],[2.93952,45.28859],[2.94026,45.28524],[2.94247,45.27957],[2.94464,45.27496],[2.94671,45.27234],[2.94854,45.27058],[2.95141,45.26736],[2.94859,45.26704],[2.9433,45.26532],[2.94006,45.26401],[2.93902,45.26249],[2.939,45.26046],[2.93603,45.25693],[2.93545,45.25535],[2.93626,45.25432],[2.93719,45.25161],[2.93264,45.24961],[2.92991,45.24966],[2.92883,45.25025],[2.92872,45.25142],[2.92681,45.25197],[2.92422,45.25388],[2.922,45.25425],[2.9197,45.25372],[2.91824,45.25431],[2.9166,45.25625],[2.91712,45.25729],[2.91722,45.26012],[2.91493,45.26099],[2.91385,45.26081],[2.91195,45.26168],[2.9106,45.2611],[2.91192,45.25929],[2.91364,45.2587],[2.91312,45.25758],[2.91032,45.25863],[2.90989,45.25984],[2.90818,45.2592],[2.90505,45.26079],[2.90226,45.26065],[2.90136,45.25993],[2.89978,45.26124],[2.89702,45.25941],[2.89664,45.25843],[2.89476,45.26029],[2.89368,45.26186],[2.89108,45.26374],[2.88957,45.26283],[2.88816,45.2609],[2.88858,45.26254],[2.89048,45.26416],[2.88675,45.26594],[2.89355,45.2705],[2.89414,45.27166],[2.89599,45.27358],[2.89537,45.27688],[2.89643,45.27772],[2.89582,45.28061],[2.89672,45.28202],[2.8963,45.28416],[2.89529,45.29164],[2.89369,45.29285],[2.89389,45.29507],[2.8932,45.29638],[2.89332,45.29766],[2.89447,45.2992],[2.89412,45.30087],[2.89512,45.30339]]]}},{"type":"Feature","id":"fr-commune-15156","properties":{"id":"fr-commune-15156","name":"Prunet","kind":"commune","center":[2.4647,44.8272],"code":"15156","department":"15"},"bbox":[2.41177,44.79262,2.51764,44.86115],"geometry":{"type":"Polygon","coordinates":[[[2.5079,44.79262],[2.50593,44.79355],[2.5051,44.79487],[2.50474,44.79663],[2.50343,44.79789],[2.5035,44.79864],[2.50195,44.79971],[2.50039,44.79943],[2.49788,44.79957],[2.49606,44.79893],[2.49371,44.799],[2.49358,44.79729],[2.4927,44.79669],[2.4898,44.79693],[2.48568,44.79823],[2.48369,44.80045],[2.48148,44.80131],[2.47876,44.80176],[2.47434,44.80086],[2.47477,44.80128],[2.47232,44.80321],[2.47138,44.80522],[2.4705,44.80526],[2.46896,44.80655],[2.46856,44.80793],[2.4661,44.80866],[2.46303,44.81037],[2.4609,44.80859],[2.45775,44.80738],[2.45598,44.80793],[2.45387,44.81025],[2.45155,44.81083],[2.45179,44.81186],[2.45092,44.81395],[2.45146,44.81557],[2.45004,44.81675],[2.44808,44.81769],[2.4462,44.8192],[2.44295,44.8168],[2.44271,44.81465],[2.44302,44.81259],[2.44023,44.81121],[2.43951,44.81027],[2.44092,44.80826],[2.43892,44.80774],[2.43596,44.80819],[2.43449,44.8094],[2.43158,44.81029],[2.42924,44.81154],[2.42803,44.81104],[2.42715,44.80938],[2.42378,44.80886],[2.42293,44.8078],[2.42077,44.80747],[2.41786,44.80437],[2.41414,44.8048],[2.41177,44.80426],[2.41291,44.80507],[2.41561,44.80607],[2.41817,44.80783],[2.41887,44.80921],[2.42123,44.81145],[2.42271,44.81362],[2.42362,44.81432],[2.42325,44.81521],[2.42078,44.81606],[2.42026,44.81682],[2.42157,44.81796],[2.42367,44.8191],[2.42354,44.82112],[2.42703,44.82287],[2.42798,44.82553],[2.42938,44.82741],[2.42923,44.82844],[2.43017,44.82906],[2.4303,44.8301],[2.43228,44.82986],[2.43387,44.83021],[2.43328,44.83172],[2.43446,44.83508],[2.43427,44.83594],[2.43491,44.83762],[2.43685,44.83817],[2.43878,44.83765],[2.44024,44.83654],[2.44139,44.8364],[2.44383,44.83696],[2.44623,44.83704],[2.45064,44.83779],[2.45049,44.83941],[2.45327,44.83936],[2.45436,44.8404],[2.45575,44.84045],[2.45925,44.83932],[2.46505,44.836],[2.46914,44.83565],[2.47133,44.83683],[2.47167,44.83869],[2.47434,44.83901],[2.47887,44.84212],[2.47967,44.84167],[2.48123,44.83952],[2.48269,44.83861],[2.48468,44.83866],[2.49028,44.8401],[2.49052,44.8429],[2.48917,44.84382],[2.48778,44.84386],[2.49036,44.84731],[2.49221,44.84841],[2.49177,44.84949],[2.4937,44.84982],[2.49244,44.85258],[2.49034,44.85421],[2.48959,44.85637],[2.49167,44.85772],[2.4914,44.85834],[2.49314,44.85975],[2.49426,44.86113],[2.49601,44.86115],[2.49852,44.86058],[2.50148,44.85888],[2.50357,44.85902],[2.50564,44.85608],[2.50912,44.8527],[2.50762,44.85076],[2.50742,44.8489],[2.50677,44.84739],[2.50679,44.84596],[2.50513,44.8427],[2.50619,44.84078],[2.50757,44.84033],[2.50939,44.83815],[2.50789,44.83632],[2.50744,44.83394],[2.50604,44.83331],[2.50366,44.83117],[2.50023,44.82896],[2.50229,44.82687],[2.50402,44.82459],[2.50506,44.82393],[2.50697,44.82115],[2.50777,44.82074],[2.5103,44.82062],[2.51166,44.81989],[2.51379,44.8201],[2.51563,44.81932],[2.51375,44.81662],[2.51233,44.81639],[2.51246,44.81486],[2.51501,44.81315],[2.51321,44.81234],[2.5127,44.81101],[2.51391,44.80931],[2.51305,44.80872],[2.51293,44.8065],[2.5146,44.80381],[2.51519,44.80287],[2.51692,44.80169],[2.51764,44.80037],[2.51652,44.79843],[2.51326,44.79781],[2.51135,44.79716],[2.5102,44.79614],[2.50815,44.79361],[2.5079,44.79262]]]}},{"type":"Feature","id":"fr-commune-15157","properties":{"id":"fr-commune-15157","name":"Quézac","kind":"commune","center":[2.1787,44.754],"code":"15157","department":"15"},"bbox":[2.14732,44.72542,2.21007,44.78255],"geometry":{"type":"Polygon","coordinates":[[[2.14907,44.76971],[2.15087,44.77],[2.15315,44.7695],[2.15332,44.77166],[2.15696,44.77098],[2.15914,44.77276],[2.16144,44.77253],[2.16326,44.77102],[2.16594,44.77237],[2.16699,44.77321],[2.16668,44.77461],[2.16539,44.77531],[2.16637,44.77706],[2.16979,44.77776],[2.16858,44.78195],[2.17372,44.78255],[2.1776,44.78204],[2.18657,44.78058],[2.1899,44.78075],[2.19176,44.78036],[2.19307,44.78112],[2.19504,44.78138],[2.19675,44.77981],[2.19707,44.77881],[2.19914,44.7765],[2.20006,44.77608],[2.20164,44.77322],[2.20302,44.77229],[2.20289,44.77078],[2.2042,44.76966],[2.20442,44.76857],[2.20307,44.76659],[2.20422,44.76537],[2.2049,44.763],[2.20729,44.76114],[2.2069,44.75953],[2.20932,44.75873],[2.20741,44.75678],[2.20785,44.75317],[2.20875,44.75223],[2.20767,44.75171],[2.20868,44.75073],[2.20962,44.74779],[2.20809,44.74633],[2.20921,44.74539],[2.2084,44.74402],[2.20983,44.74322],[2.20917,44.74203],[2.21007,44.74137],[2.20739,44.73906],[2.20764,44.73714],[2.20286,44.73811],[2.20123,44.7366],[2.19591,44.73638],[2.19503,44.73503],[2.19502,44.73247],[2.19386,44.73236],[2.19393,44.73012],[2.19227,44.72808],[2.18883,44.72622],[2.18856,44.72542],[2.18771,44.72653],[2.18484,44.72878],[2.18298,44.7294],[2.18226,44.73201],[2.18242,44.7333],[2.18368,44.73446],[2.18404,44.7357],[2.18346,44.737],[2.18416,44.74027],[2.18303,44.74183],[2.1833,44.7436],[2.18126,44.74598],[2.17994,44.74595],[2.17692,44.74766],[2.174,44.7522],[2.17261,44.75368],[2.16928,44.75443],[2.16631,44.7538],[2.1627,44.75487],[2.15894,44.75549],[2.15444,44.7539],[2.15363,44.75282],[2.15235,44.75546],[2.15092,44.75659],[2.15003,44.75856],[2.15167,44.76017],[2.14967,44.76072],[2.14732,44.7631],[2.14763,44.76404],[2.14911,44.76419],[2.14951,44.76558],[2.14849,44.76727],[2.14991,44.7687],[2.14907,44.76971]]]}},{"type":"Feature","id":"fr-commune-15158","properties":{"id":"fr-commune-15158","name":"Rageade","kind":"commune","center":[3.2705,45.1169],"code":"15158","department":"15"},"bbox":[3.22913,45.09699,3.31211,45.13696],"geometry":{"type":"Polygon","coordinates":[[[3.28803,45.12045],[3.29455,45.12285],[3.29969,45.12539],[3.30137,45.12409],[3.30481,45.12262],[3.30791,45.12225],[3.30699,45.12088],[3.31069,45.11947],[3.31211,45.11846],[3.31148,45.11848],[3.31122,45.11449],[3.30712,45.11257],[3.30313,45.1109],[3.30185,45.10929],[3.30099,45.10685],[3.29854,45.10677],[3.29645,45.10731],[3.29647,45.1061],[3.29554,45.10539],[3.29443,45.10615],[3.29249,45.1052],[3.29181,45.10343],[3.29211,45.10283],[3.28795,45.103],[3.28467,45.10343],[3.28365,45.10396],[3.28226,45.10315],[3.28351,45.10034],[3.28466,45.09975],[3.28676,45.09699],[3.28385,45.09845],[3.28076,45.09906],[3.27825,45.09997],[3.27745,45.10083],[3.27518,45.10127],[3.27285,45.10258],[3.2718,45.10377],[3.26995,45.10404],[3.26807,45.10505],[3.26907,45.10579],[3.26812,45.10661],[3.26707,45.10569],[3.26557,45.1068],[3.2627,45.10679],[3.2623,45.10572],[3.25825,45.10573],[3.25565,45.1071],[3.25495,45.10639],[3.25369,45.10793],[3.25225,45.10849],[3.24936,45.10752],[3.24863,45.10764],[3.24726,45.10528],[3.24542,45.10641],[3.24344,45.10491],[3.24385,45.1035],[3.24038,45.10347],[3.24008,45.10281],[3.23831,45.102],[3.23533,45.10132],[3.23321,45.10142],[3.23082,45.10346],[3.23001,45.10477],[3.22913,45.10488],[3.2298,45.10598],[3.22954,45.1078],[3.23162,45.11115],[3.23232,45.11271],[3.23121,45.11454],[3.23447,45.11609],[3.23692,45.11506],[3.23953,45.11622],[3.2404,45.11587],[3.24175,45.11682],[3.24244,45.11603],[3.24383,45.11676],[3.24236,45.11863],[3.24093,45.11767],[3.23953,45.11849],[3.24168,45.11921],[3.24421,45.11806],[3.24543,45.11916],[3.24787,45.12015],[3.25005,45.12002],[3.24975,45.12122],[3.24617,45.12085],[3.24619,45.12202],[3.24338,45.12335],[3.24258,45.12483],[3.24353,45.12579],[3.24206,45.12625],[3.24014,45.12975],[3.24059,45.13078],[3.23988,45.13214],[3.24286,45.135],[3.24357,45.13696],[3.245,45.13669],[3.24365,45.1354],[3.24361,45.13222],[3.24397,45.13124],[3.24593,45.13129],[3.24886,45.13319],[3.25247,45.13461],[3.25411,45.1355],[3.2555,45.13432],[3.25423,45.13332],[3.25581,45.13286],[3.25827,45.13267],[3.25784,45.12995],[3.25692,45.12703],[3.25864,45.12669],[3.25837,45.12543],[3.26027,45.12528],[3.25943,45.12421],[3.26027,45.12211],[3.26242,45.12163],[3.26268,45.11989],[3.26744,45.12092],[3.26966,45.12088],[3.27386,45.12182],[3.27507,45.12271],[3.27708,45.12221],[3.28261,45.12145],[3.28719,45.12023],[3.28803,45.12045]]]}},{"type":"Feature","id":"fr-commune-15159","properties":{"id":"fr-commune-15159","name":"Raulhac","kind":"commune","center":[2.6573,44.9022],"code":"15159","department":"15"},"bbox":[2.62678,44.86954,2.68789,44.93479],"geometry":{"type":"Polygon","coordinates":[[[2.68187,44.90735],[2.68002,44.90621],[2.68015,44.90426],[2.67767,44.90345],[2.67616,44.90387],[2.67444,44.90041],[2.67263,44.89899],[2.67072,44.89559],[2.66831,44.89382],[2.66677,44.89308],[2.66477,44.88974],[2.66168,44.88904],[2.65928,44.888],[2.65775,44.88635],[2.65824,44.88489],[2.65806,44.88352],[2.65933,44.88329],[2.65861,44.88019],[2.65872,44.87664],[2.6575,44.87372],[2.65655,44.87376],[2.65623,44.87242],[2.65471,44.87209],[2.65416,44.86982],[2.65286,44.87036],[2.65096,44.86954],[2.64831,44.86991],[2.64781,44.87082],[2.64577,44.87068],[2.6437,44.86994],[2.64149,44.87061],[2.64044,44.87184],[2.63807,44.8721],[2.63411,44.87295],[2.6332,44.87273],[2.63043,44.87296],[2.62898,44.87247],[2.63077,44.87468],[2.63214,44.87547],[2.63267,44.87733],[2.63335,44.87757],[2.63359,44.87953],[2.63436,44.88061],[2.63403,44.88209],[2.63538,44.88277],[2.63403,44.88447],[2.63052,44.88549],[2.62867,44.88482],[2.62681,44.88567],[2.62734,44.88664],[2.62678,44.88742],[2.62841,44.88946],[2.62789,44.89087],[2.62864,44.8917],[2.62842,44.89311],[2.62739,44.89407],[2.62922,44.89698],[2.6284,44.89783],[2.63093,44.89791],[2.63065,44.89658],[2.63185,44.89595],[2.63284,44.89705],[2.63554,44.89771],[2.63674,44.89896],[2.63575,44.89951],[2.63747,44.90048],[2.63917,44.90095],[2.64011,44.90188],[2.64019,44.90323],[2.64184,44.90458],[2.64266,44.90593],[2.64179,44.90664],[2.64172,44.90818],[2.64309,44.90962],[2.64424,44.91023],[2.64469,44.91167],[2.64394,44.91363],[2.65179,44.91316],[2.65244,44.91477],[2.65492,44.91405],[2.65584,44.91477],[2.65359,44.91625],[2.65299,44.9177],[2.65393,44.91894],[2.6539,44.92092],[2.65485,44.92114],[2.65443,44.92414],[2.65274,44.92398],[2.65188,44.92474],[2.65165,44.92597],[2.65373,44.92556],[2.6549,44.92799],[2.65983,44.92708],[2.6611,44.92847],[2.66341,44.92887],[2.6658,44.92976],[2.66723,44.92945],[2.66889,44.93083],[2.66846,44.93177],[2.66984,44.93237],[2.67058,44.9308],[2.67247,44.93061],[2.67264,44.93202],[2.67386,44.93331],[2.67512,44.93332],[2.67783,44.9344],[2.68025,44.93479],[2.68097,44.93429],[2.68312,44.93398],[2.68506,44.93447],[2.68631,44.9326],[2.68262,44.93126],[2.68479,44.92897],[2.68475,44.92756],[2.68292,44.92765],[2.68274,44.92583],[2.68324,44.92339],[2.68163,44.92274],[2.68283,44.92144],[2.68485,44.92295],[2.6874,44.92367],[2.68789,44.9227],[2.68419,44.92203],[2.68442,44.92076],[2.68276,44.92032],[2.68414,44.91804],[2.68477,44.91552],[2.68592,44.91497],[2.68571,44.91401],[2.68665,44.91216],[2.68556,44.91216],[2.68228,44.90899],[2.68187,44.90735]]]}},{"type":"Feature","id":"fr-commune-15160","properties":{"id":"fr-commune-15160","name":"Reilhac","kind":"commune","center":[2.4251,44.9674],"code":"15160","department":"15"},"bbox":[2.38584,44.94992,2.46504,44.98486],"geometry":{"type":"Polygon","coordinates":[[[2.45492,44.98348],[2.45682,44.9819],[2.45567,44.981],[2.45757,44.97956],[2.45966,44.97983],[2.46106,44.97942],[2.46099,44.97821],[2.46333,44.97699],[2.4639,44.97587],[2.46504,44.97514],[2.46333,44.97363],[2.46017,44.97377],[2.45895,44.97069],[2.45597,44.97101],[2.45362,44.96966],[2.45172,44.96971],[2.45141,44.96787],[2.44912,44.96798],[2.44412,44.96735],[2.43898,44.96595],[2.43634,44.9641],[2.43451,44.96627],[2.43438,44.96782],[2.4334,44.96829],[2.43028,44.96774],[2.42886,44.96718],[2.42819,44.96783],[2.42488,44.96639],[2.42345,44.96753],[2.42071,44.96778],[2.41783,44.96746],[2.41657,44.96798],[2.4147,44.96685],[2.41236,44.9683],[2.40917,44.96826],[2.40692,44.96673],[2.40621,44.96734],[2.40377,44.96753],[2.40379,44.96678],[2.40606,44.96653],[2.40472,44.96546],[2.40449,44.96452],[2.4055,44.96368],[2.40398,44.96202],[2.40489,44.96102],[2.40362,44.96068],[2.40215,44.9596],[2.40334,44.95616],[2.40536,44.95427],[2.40792,44.95263],[2.4054,44.94992],[2.4015,44.95169],[2.39704,44.95023],[2.39602,44.95117],[2.39399,44.95109],[2.39239,44.95233],[2.39004,44.95262],[2.38859,44.95182],[2.38752,44.95174],[2.3875,44.95414],[2.38584,44.95722],[2.3861,44.95856],[2.38827,44.95932],[2.39012,44.95847],[2.39077,44.96136],[2.39066,44.96293],[2.38941,44.96332],[2.38803,44.96261],[2.38714,44.96342],[2.3885,44.96414],[2.39027,44.96424],[2.39132,44.9636],[2.39264,44.96431],[2.3929,44.96539],[2.395,44.96552],[2.39375,44.96869],[2.39708,44.97034],[2.3969,44.97164],[2.3981,44.97242],[2.3992,44.97424],[2.40019,44.9735],[2.40114,44.9742],[2.40046,44.97556],[2.40489,44.97834],[2.40825,44.97878],[2.40908,44.97988],[2.41313,44.9796],[2.41332,44.97865],[2.41534,44.97924],[2.41617,44.9787],[2.41946,44.97888],[2.41965,44.97834],[2.42245,44.97878],[2.42327,44.97657],[2.42473,44.97675],[2.42448,44.97811],[2.4286,44.97833],[2.42904,44.97734],[2.43227,44.97828],[2.43335,44.97895],[2.43285,44.9799],[2.43469,44.97994],[2.43661,44.97938],[2.43666,44.98066],[2.4375,44.98192],[2.44028,44.98293],[2.44178,44.98216],[2.44376,44.98262],[2.44402,44.98347],[2.44627,44.98435],[2.44927,44.98486],[2.45168,44.98483],[2.45196,44.98315],[2.45492,44.98348]]]}},{"type":"Feature","id":"fr-commune-15161","properties":{"id":"fr-commune-15161","name":"Rézentières","kind":"commune","center":[3.1066,45.1333],"code":"15161","department":"15"},"bbox":[3.08072,45.10369,3.13251,45.16295],"geometry":{"type":"Polygon","coordinates":[[[3.09314,45.10369],[3.0908,45.10594],[3.08893,45.10699],[3.08701,45.10761],[3.08708,45.11138],[3.08648,45.11304],[3.0878,45.11387],[3.08761,45.11507],[3.08875,45.11663],[3.08949,45.11669],[3.0902,45.11909],[3.09139,45.12128],[3.09288,45.12147],[3.09406,45.1229],[3.09241,45.12398],[3.0943,45.12817],[3.0952,45.12931],[3.09401,45.13004],[3.09166,45.13037],[3.09186,45.13131],[3.08895,45.13205],[3.08586,45.13326],[3.08442,45.13518],[3.08241,45.13441],[3.08173,45.13625],[3.0837,45.13631],[3.08533,45.13817],[3.08172,45.13811],[3.08072,45.13956],[3.08119,45.14154],[3.08223,45.14377],[3.0822,45.14649],[3.08583,45.1454],[3.087,45.14575],[3.08964,45.14573],[3.09187,45.1463],[3.09474,45.1477],[3.09599,45.14608],[3.10012,45.14475],[3.10142,45.14727],[3.10331,45.15017],[3.10226,45.15574],[3.10309,45.15697],[3.10579,45.15949],[3.10655,45.16099],[3.10771,45.16147],[3.11106,45.16205],[3.11302,45.16147],[3.11509,45.16243],[3.11739,45.16295],[3.11927,45.1626],[3.12027,45.16117],[3.12036,45.15925],[3.12104,45.15839],[3.12278,45.15865],[3.12403,45.15696],[3.12366,45.15587],[3.12428,45.15446],[3.12446,45.15275],[3.12538,45.15223],[3.12752,45.14966],[3.12855,45.14508],[3.13251,45.14372],[3.13235,45.14261],[3.13161,45.14099],[3.13006,45.13999],[3.12804,45.13959],[3.12677,45.13995],[3.12306,45.13875],[3.12246,45.13757],[3.12105,45.13623],[3.11892,45.13547],[3.11745,45.13574],[3.11686,45.13392],[3.11544,45.13238],[3.11512,45.1311],[3.11542,45.12922],[3.1127,45.12763],[3.11143,45.12542],[3.1107,45.12507],[3.11279,45.12303],[3.11335,45.1216],[3.11542,45.11972],[3.11385,45.1188],[3.11536,45.1175],[3.11844,45.11606],[3.11962,45.11635],[3.12122,45.11515],[3.12272,45.11284],[3.12125,45.1128],[3.11603,45.11111],[3.11293,45.10935],[3.10734,45.10828],[3.10651,45.10985],[3.10487,45.11044],[3.10356,45.10974],[3.10192,45.10997],[3.10072,45.10939],[3.10008,45.10816],[3.09815,45.10699],[3.09808,45.10465],[3.09671,45.10504],[3.0945,45.10448],[3.09314,45.10369]]]}},{"type":"Feature","id":"fr-commune-15162","properties":{"id":"fr-commune-15162","name":"Riom-ès-Montagnes","kind":"commune","center":[2.6569,45.2999],"code":"15162","department":"15"},"bbox":[2.61126,45.24791,2.70258,45.35184],"geometry":{"type":"Polygon","coordinates":[[[2.69469,45.30388],[2.69568,45.30325],[2.69557,45.30223],[2.69274,45.30174],[2.69306,45.30005],[2.69746,45.29787],[2.69728,45.29641],[2.69974,45.29511],[2.69966,45.29376],[2.70055,45.29334],[2.69855,45.29096],[2.69801,45.28762],[2.69644,45.28708],[2.69579,45.28536],[2.69654,45.2843],[2.6957,45.28282],[2.69954,45.28212],[2.70131,45.28246],[2.70252,45.2813],[2.70201,45.28016],[2.70258,45.27903],[2.70248,45.27758],[2.70096,45.27562],[2.70116,45.27409],[2.69959,45.27141],[2.70099,45.27083],[2.70048,45.2696],[2.70115,45.26837],[2.6995,45.26717],[2.69899,45.26526],[2.69807,45.2646],[2.69608,45.26425],[2.695,45.26484],[2.69315,45.26435],[2.69244,45.26355],[2.69031,45.26238],[2.68786,45.26017],[2.68634,45.26042],[2.68541,45.25985],[2.68445,45.25794],[2.6819,45.25763],[2.68094,45.25642],[2.68106,45.2553],[2.6822,45.25422],[2.68149,45.25359],[2.68193,45.25232],[2.68146,45.24984],[2.67893,45.25144],[2.6753,45.25136],[2.67466,45.25024],[2.67268,45.25056],[2.66957,45.25227],[2.66843,45.25228],[2.66557,45.25346],[2.66494,45.25409],[2.66322,45.254],[2.66314,45.25216],[2.66136,45.25221],[2.66085,45.25293],[2.65914,45.25284],[2.65616,45.25128],[2.657,45.24925],[2.65529,45.2493],[2.65389,45.24791],[2.65102,45.24805],[2.64944,45.25004],[2.64873,45.24896],[2.64753,45.25009],[2.64575,45.25005],[2.64332,45.24934],[2.64264,45.25177],[2.64138,45.25237],[2.63991,45.25416],[2.63558,45.25327],[2.635,45.2535],[2.63112,45.25342],[2.62711,45.25391],[2.62462,45.25311],[2.62379,45.25167],[2.62252,45.25271],[2.62277,45.25392],[2.62265,45.25509],[2.62101,45.25861],[2.62178,45.25983],[2.62332,45.25969],[2.6249,45.26022],[2.6253,45.26351],[2.62441,45.26445],[2.62455,45.26585],[2.62354,45.2677],[2.62386,45.26895],[2.62094,45.27094],[2.62286,45.27188],[2.62357,45.27359],[2.62478,45.27367],[2.62681,45.27232],[2.62847,45.2724],[2.62676,45.27421],[2.62827,45.27559],[2.62688,45.27627],[2.62729,45.27875],[2.62494,45.27984],[2.62347,45.27894],[2.62346,45.27768],[2.62149,45.27778],[2.62086,45.28116],[2.61935,45.2812],[2.61813,45.28257],[2.61802,45.28404],[2.61904,45.28525],[2.61648,45.28524],[2.6158,45.28665],[2.61415,45.28773],[2.61674,45.28937],[2.61588,45.29038],[2.61722,45.29141],[2.6164,45.29187],[2.61442,45.29105],[2.61432,45.29247],[2.61628,45.29263],[2.61781,45.29407],[2.61789,45.29663],[2.61962,45.29852],[2.62044,45.2977],[2.62465,45.29882],[2.62291,45.30002],[2.62296,45.30071],[2.62138,45.30193],[2.62211,45.30256],[2.62209,45.30436],[2.62083,45.30566],[2.62164,45.30715],[2.62064,45.30787],[2.62032,45.30946],[2.61852,45.31285],[2.61845,45.31434],[2.61746,45.31517],[2.61591,45.31465],[2.61506,45.31686],[2.6117,45.31748],[2.61126,45.32098],[2.61538,45.32048],[2.61646,45.31948],[2.61913,45.31858],[2.61952,45.3197],[2.62067,45.32033],[2.62201,45.32023],[2.62405,45.32077],[2.62419,45.32279],[2.62567,45.32422],[2.62693,45.32383],[2.62841,45.32458],[2.63114,45.3231],[2.63223,45.32314],[2.63396,45.32449],[2.63592,45.32425],[2.63735,45.32754],[2.63755,45.32923],[2.64013,45.32807],[2.64207,45.32642],[2.64456,45.32738],[2.6464,45.3267],[2.64788,45.32818],[2.64991,45.32746],[2.65242,45.32711],[2.654,45.32866],[2.65204,45.33166],[2.65145,45.33198],[2.65211,45.3357],[2.65385,45.33563],[2.65393,45.33819],[2.65474,45.33957],[2.65669,45.33933],[2.6593,45.3398],[2.65985,45.34141],[2.66162,45.34096],[2.66207,45.343],[2.66055,45.3463],[2.65872,45.34803],[2.65941,45.34919],[2.6586,45.34995],[2.6619,45.35072],[2.66355,45.35184],[2.6626,45.34954],[2.66424,45.34584],[2.66432,45.34484],[2.66708,45.34199],[2.66701,45.33999],[2.6663,45.33927],[2.66747,45.33652],[2.66627,45.33449],[2.66677,45.3326],[2.66846,45.33218],[2.6699,45.33019],[2.6691,45.32848],[2.66761,45.32811],[2.66761,45.32725],[2.66608,45.32555],[2.66485,45.32534],[2.66429,45.32339],[2.6665,45.32096],[2.66626,45.31945],[2.66774,45.31819],[2.66697,45.3169],[2.66973,45.31445],[2.67242,45.3138],[2.67516,45.31352],[2.6764,45.31379],[2.6778,45.31298],[2.67869,45.31178],[2.67977,45.31266],[2.68233,45.31203],[2.68376,45.31236],[2.68705,45.31235],[2.68856,45.31188],[2.69154,45.31187],[2.69427,45.31226],[2.69542,45.31178],[2.69437,45.31035],[2.6917,45.30928],[2.69251,45.30735],[2.6908,45.30686],[2.6894,45.30511],[2.69067,45.30381],[2.69216,45.30434],[2.69469,45.30388]]]}},{"type":"Feature","id":"fr-commune-15163","properties":{"id":"fr-commune-15163","name":"Roannes-Saint-Mary","kind":"commune","center":[2.3986,44.8407],"code":"15163","department":"15"},"bbox":[2.35288,44.80179,2.44422,44.87957],"geometry":{"type":"Polygon","coordinates":[[[2.36514,44.83277],[2.36743,44.83383],[2.3703,44.83479],[2.36858,44.8359],[2.36619,44.83888],[2.36628,44.8399],[2.3641,44.8397],[2.36107,44.83851],[2.35881,44.83866],[2.35765,44.83946],[2.35493,44.83933],[2.35334,44.8399],[2.35288,44.84095],[2.35294,44.84284],[2.35439,44.84473],[2.35427,44.8463],[2.35515,44.84747],[2.35705,44.849],[2.3561,44.85014],[2.35883,44.8512],[2.35869,44.85206],[2.35992,44.85298],[2.36031,44.85419],[2.35947,44.855],[2.35858,44.8577],[2.35888,44.85978],[2.36042,44.86111],[2.36077,44.86383],[2.36269,44.86438],[2.36608,44.86308],[2.36661,44.86153],[2.36869,44.86259],[2.37065,44.86556],[2.37159,44.86882],[2.37017,44.86924],[2.37006,44.8704],[2.36825,44.8714],[2.36762,44.8728],[2.36537,44.87484],[2.36754,44.87587],[2.36913,44.87723],[2.37132,44.87788],[2.37384,44.87957],[2.3763,44.87951],[2.38125,44.87806],[2.38306,44.87606],[2.38096,44.87326],[2.38168,44.87223],[2.38379,44.8723],[2.38472,44.87289],[2.38421,44.87473],[2.38508,44.87595],[2.38635,44.87562],[2.38829,44.87427],[2.39156,44.87368],[2.39524,44.87579],[2.39819,44.87685],[2.40429,44.87727],[2.40644,44.87706],[2.40829,44.8759],[2.41003,44.87539],[2.41399,44.87338],[2.41453,44.8727],[2.41658,44.87189],[2.4179,44.87064],[2.41999,44.86977],[2.42132,44.86972],[2.42454,44.86889],[2.42595,44.86647],[2.4271,44.86543],[2.4299,44.86728],[2.43159,44.86929],[2.43272,44.86987],[2.43634,44.87083],[2.43836,44.87051],[2.43876,44.8684],[2.44176,44.86691],[2.44195,44.86485],[2.44333,44.86387],[2.44302,44.86289],[2.44422,44.86049],[2.44009,44.85637],[2.44023,44.85407],[2.43937,44.85321],[2.43877,44.8516],[2.43514,44.85195],[2.43481,44.8526],[2.43249,44.85307],[2.43169,44.85234],[2.4298,44.85203],[2.42689,44.85256],[2.4289,44.85039],[2.42989,44.85007],[2.43005,44.84893],[2.43131,44.84757],[2.43017,44.84618],[2.42876,44.84647],[2.42374,44.84422],[2.42316,44.84303],[2.4252,44.84266],[2.42652,44.84185],[2.4294,44.84148],[2.42997,44.84054],[2.43152,44.83998],[2.43218,44.83899],[2.4341,44.83857],[2.43489,44.83794],[2.43685,44.83817],[2.43491,44.83762],[2.43427,44.83594],[2.43446,44.83508],[2.43328,44.83172],[2.43387,44.83021],[2.43228,44.82986],[2.4303,44.8301],[2.43017,44.82906],[2.42923,44.82844],[2.42938,44.82741],[2.42798,44.82553],[2.42703,44.82287],[2.42354,44.82112],[2.42367,44.8191],[2.42157,44.81796],[2.42026,44.81682],[2.42078,44.81606],[2.42325,44.81521],[2.42362,44.81432],[2.42271,44.81362],[2.42123,44.81145],[2.41887,44.80921],[2.41817,44.80783],[2.41561,44.80607],[2.41291,44.80507],[2.41177,44.80426],[2.40974,44.8035],[2.40848,44.80179],[2.40124,44.80332],[2.39847,44.80278],[2.39631,44.80331],[2.39598,44.80463],[2.39641,44.8056],[2.39296,44.80837],[2.39305,44.81116],[2.39355,44.81267],[2.39315,44.81406],[2.3904,44.81538],[2.38765,44.81942],[2.38556,44.82101],[2.38352,44.82192],[2.38212,44.82385],[2.38226,44.8253],[2.38064,44.82661],[2.38266,44.82846],[2.38011,44.82885],[2.3784,44.82878],[2.37625,44.82703],[2.37493,44.82654],[2.37255,44.82642],[2.37141,44.82551],[2.3688,44.82567],[2.36721,44.82676],[2.36502,44.82721],[2.36399,44.82839],[2.3648,44.83033],[2.36417,44.83143],[2.36514,44.83277]]]}},{"type":"Feature","id":"fr-commune-15164","properties":{"id":"fr-commune-15164","name":"Roffiac","kind":"commune","center":[3.0154,45.0475],"code":"15164","department":"15"},"bbox":[2.96609,45.02266,3.06472,45.07238],"geometry":{"type":"Polygon","coordinates":[[[3.02402,45.02456],[3.02267,45.02326],[3.02056,45.02354],[3.01915,45.02266],[3.01885,45.02392],[3.01701,45.02518],[3.01843,45.02558],[3.01708,45.02716],[3.01688,45.02854],[3.01371,45.02904],[3.01276,45.0299],[3.01167,45.03187],[3.00925,45.03164],[3.00949,45.03247],[3.00703,45.03253],[3.00848,45.03707],[3.00498,45.03709],[3.00254,45.04003],[3.00012,45.03914],[2.99719,45.03668],[2.99441,45.0376],[2.9922,45.03773],[2.98942,45.03728],[2.98704,45.03614],[2.98459,45.03906],[2.98379,45.04056],[2.98143,45.04136],[2.9806,45.04256],[2.97858,45.04267],[2.97804,45.0441],[2.97658,45.04424],[2.97704,45.04542],[2.97632,45.04588],[2.97274,45.04315],[2.97036,45.04326],[2.96609,45.04229],[2.9684,45.04731],[2.97074,45.04641],[2.97102,45.04735],[2.96976,45.0484],[2.97266,45.05266],[2.97232,45.05384],[2.97814,45.05456],[2.97963,45.05538],[2.98166,45.05915],[2.98406,45.05943],[2.98534,45.06212],[2.98452,45.06295],[2.98479,45.0646],[2.98732,45.06391],[2.9882,45.06314],[2.98917,45.06462],[2.99361,45.06599],[2.99666,45.06654],[2.99596,45.06999],[2.9968,45.07124],[2.99804,45.07028],[3.00104,45.07103],[3.00367,45.07215],[3.00597,45.07238],[3.00875,45.07143],[3.00923,45.07077],[3.01111,45.07064],[3.01189,45.06971],[3.0308,45.06403],[3.0327,45.06294],[3.03254,45.05974],[3.03415,45.05979],[3.03614,45.05868],[3.03795,45.05852],[3.04076,45.05919],[3.04344,45.05876],[3.04651,45.05963],[3.04805,45.0598],[3.05114,45.05732],[3.05218,45.05718],[3.05146,45.05562],[3.05061,45.05504],[3.0506,45.05252],[3.05392,45.05184],[3.05473,45.05211],[3.05609,45.05114],[3.05406,45.04966],[3.05569,45.04824],[3.0567,45.0484],[3.05828,45.04456],[3.05952,45.04446],[3.0595,45.04216],[3.05885,45.03975],[3.05885,45.038],[3.06196,45.0377],[3.06173,45.03595],[3.06442,45.03574],[3.06378,45.03507],[3.06472,45.03251],[3.06134,45.03246],[3.05836,45.03164],[3.05759,45.03281],[3.05606,45.03204],[3.05515,45.03225],[3.05333,45.03123],[3.05256,45.0321],[3.05206,45.03394],[3.04886,45.03404],[3.04673,45.03585],[3.04674,45.03735],[3.03798,45.03629],[3.03401,45.03481],[3.03425,45.03386],[3.03268,45.03224],[3.0272,45.02917],[3.02575,45.02768],[3.02402,45.02456]]]}},{"type":"Feature","id":"fr-commune-15165","properties":{"id":"fr-commune-15165","name":"Rouffiac","kind":"commune","center":[2.1461,45.031],"code":"15165","department":"15"},"bbox":[2.0952,44.99983,2.19703,45.06226],"geometry":{"type":"Polygon","coordinates":[[[2.14122,45.00544],[2.14092,45.00667],[2.13941,45.00782],[2.13504,45.00915],[2.13367,45.00858],[2.13277,45.01003],[2.1303,45.0105],[2.12964,45.01152],[2.1263,45.01338],[2.12469,45.01483],[2.12528,45.0159],[2.12423,45.01723],[2.12298,45.01975],[2.1207,45.02039],[2.11877,45.02027],[2.11741,45.02079],[2.11592,45.02244],[2.11606,45.02349],[2.11434,45.02468],[2.11453,45.02729],[2.11319,45.02794],[2.11323,45.03018],[2.11153,45.0311],[2.11152,45.03235],[2.11,45.03349],[2.11063,45.03406],[2.11069,45.03606],[2.11171,45.03662],[2.11159,45.03793],[2.11013,45.038],[2.11015,45.03937],[2.11079,45.04055],[2.10922,45.04073],[2.10837,45.04273],[2.10767,45.04304],[2.10498,45.04292],[2.1041,45.04371],[2.10451,45.04509],[2.101,45.04649],[2.09939,45.0478],[2.0988,45.05007],[2.09682,45.05191],[2.0952,45.05604],[2.09936,45.05551],[2.10085,45.05627],[2.10089,45.05699],[2.09966,45.05797],[2.09767,45.05835],[2.09725,45.05894],[2.09813,45.06084],[2.09922,45.06198],[2.10021,45.06206],[2.10216,45.06226],[2.10325,45.06088],[2.10494,45.06019],[2.1051,45.05829],[2.10745,45.057],[2.10841,45.05592],[2.1106,45.05484],[2.11104,45.05376],[2.11234,45.05338],[2.11323,45.05203],[2.11572,45.05002],[2.11704,45.04994],[2.11944,45.05079],[2.12065,45.05036],[2.12196,45.04915],[2.12405,45.04885],[2.12504,45.04981],[2.12609,45.04961],[2.12791,45.05023],[2.12888,45.04831],[2.13084,45.04822],[2.13191,45.04767],[2.13475,45.04765],[2.13505,45.04555],[2.13622,45.04505],[2.13876,45.04593],[2.13948,45.04496],[2.14328,45.04593],[2.14303,45.04708],[2.14493,45.04792],[2.14722,45.04794],[2.14811,45.04653],[2.15078,45.04817],[2.1533,45.04754],[2.1548,45.04514],[2.15559,45.04471],[2.1561,45.04315],[2.15722,45.04165],[2.15917,45.0414],[2.16144,45.04065],[2.16178,45.03994],[2.16639,45.03911],[2.16778,45.03819],[2.16867,45.03682],[2.17058,45.03611],[2.17282,45.0334],[2.17473,45.03224],[2.17499,45.03061],[2.17705,45.02988],[2.17798,45.02867],[2.17939,45.02916],[2.18258,45.02876],[2.1844,45.02948],[2.18741,45.02821],[2.19269,45.02864],[2.19703,45.02744],[2.19463,45.02461],[2.19366,45.02406],[2.18883,45.02254],[2.18408,45.01689],[2.17702,45.01369],[2.17641,45.01167],[2.17471,45.01131],[2.17294,45.00998],[2.17218,45.01009],[2.17073,45.00834],[2.1677,45.00804],[2.16533,45.0083],[2.16213,45.00785],[2.16055,45.00724],[2.15991,45.00614],[2.15854,45.00543],[2.15811,45.00415],[2.15702,45.0033],[2.15485,44.99983],[2.15364,44.99995],[2.1523,45.0011],[2.15048,45.00085],[2.14668,45.00145],[2.14581,45.00252],[2.14335,45.00281],[2.14122,45.00544]]]}},{"type":"Feature","id":"fr-commune-15166","properties":{"id":"fr-commune-15166","name":"Roumégoux","kind":"commune","center":[2.1872,44.8611],"code":"15166","department":"15"},"bbox":[2.14926,44.83593,2.22506,44.88632],"geometry":{"type":"Polygon","coordinates":[[[2.20142,44.83682],[2.20043,44.83843],[2.19751,44.83917],[2.19907,44.8414],[2.19774,44.8419],[2.19742,44.84316],[2.19593,44.84393],[2.19525,44.845],[2.19219,44.8472],[2.18905,44.84723],[2.18799,44.84619],[2.18829,44.84531],[2.18577,44.84537],[2.18446,44.84611],[2.18314,44.84773],[2.17988,44.84876],[2.17881,44.84975],[2.17659,44.85025],[2.17462,44.85013],[2.17399,44.85097],[2.17182,44.85087],[2.17017,44.85143],[2.16647,44.85198],[2.16589,44.85036],[2.16578,44.8482],[2.16509,44.84658],[2.16376,44.84622],[2.16211,44.84707],[2.16192,44.84815],[2.16033,44.84945],[2.15736,44.84931],[2.15344,44.84971],[2.15097,44.85061],[2.14926,44.852],[2.1514,44.8556],[2.15187,44.85937],[2.15265,44.86056],[2.15713,44.86277],[2.15973,44.86174],[2.16366,44.85881],[2.165,44.85882],[2.16709,44.85819],[2.17265,44.85887],[2.17309,44.86018],[2.1765,44.85996],[2.17801,44.86113],[2.17766,44.86272],[2.17924,44.86254],[2.17856,44.86479],[2.17699,44.86626],[2.17433,44.86698],[2.17054,44.8667],[2.17053,44.86778],[2.17263,44.87027],[2.17497,44.87204],[2.17172,44.87458],[2.17279,44.8748],[2.17304,44.87588],[2.17583,44.87564],[2.17567,44.87632],[2.1731,44.87624],[2.1713,44.87664],[2.1716,44.87737],[2.17547,44.87731],[2.17496,44.87978],[2.17355,44.88097],[2.17495,44.88134],[2.17747,44.88265],[2.17606,44.88323],[2.1755,44.88558],[2.17848,44.88457],[2.18149,44.88463],[2.18307,44.88494],[2.18556,44.88319],[2.18669,44.88341],[2.1872,44.88436],[2.19068,44.88481],[2.19326,44.88632],[2.19458,44.8862],[2.19591,44.8854],[2.19753,44.88227],[2.19655,44.87933],[2.1987,44.87804],[2.19872,44.87621],[2.19524,44.87379],[2.19366,44.87407],[2.194,44.87186],[2.19362,44.87065],[2.19413,44.86703],[2.19972,44.86571],[2.20211,44.86586],[2.20078,44.86703],[2.20152,44.86846],[2.20279,44.86841],[2.20369,44.86729],[2.20526,44.86677],[2.20487,44.86573],[2.20691,44.8648],[2.20752,44.86299],[2.20989,44.86306],[2.20848,44.86133],[2.20958,44.86068],[2.21264,44.86062],[2.21288,44.85791],[2.21203,44.85613],[2.21309,44.85538],[2.21628,44.85531],[2.21824,44.85572],[2.21943,44.85456],[2.22126,44.85401],[2.22371,44.85179],[2.22506,44.8494],[2.22325,44.85012],[2.22028,44.84983],[2.21935,44.84859],[2.21796,44.84867],[2.21788,44.84747],[2.21691,44.84709],[2.21556,44.84651],[2.21507,44.84762],[2.21374,44.84881],[2.21196,44.84631],[2.21246,44.84443],[2.21312,44.8438],[2.21152,44.84207],[2.21292,44.84072],[2.21483,44.83989],[2.21178,44.83895],[2.21008,44.83782],[2.21052,44.83715],[2.20831,44.83665],[2.20749,44.83593],[2.20559,44.8371],[2.20142,44.83682]]]}},{"type":"Feature","id":"fr-commune-15167","properties":{"id":"fr-commune-15167","name":"Rouziers","kind":"commune","center":[2.2036,44.7936],"code":"15167","department":"15"},"bbox":[2.17776,44.77416,2.22953,44.81246],"geometry":{"type":"Polygon","coordinates":[[[2.22058,44.7743],[2.21963,44.77416],[2.2178,44.77524],[2.21383,44.77514],[2.21054,44.77761],[2.21068,44.77873],[2.20953,44.78038],[2.20848,44.78111],[2.20824,44.78341],[2.206,44.78416],[2.20602,44.78499],[2.20397,44.78548],[2.20336,44.78691],[2.19981,44.78777],[2.20058,44.7889],[2.20323,44.79131],[2.20131,44.79297],[2.20057,44.7953],[2.20059,44.79649],[2.20164,44.79771],[2.19955,44.79988],[2.1971,44.79853],[2.19764,44.7965],[2.19633,44.79535],[2.19344,44.79557],[2.19197,44.79735],[2.18931,44.79793],[2.18784,44.79745],[2.18691,44.79784],[2.18576,44.79674],[2.18394,44.79801],[2.18289,44.79729],[2.18046,44.79823],[2.18044,44.79884],[2.1786,44.79971],[2.17786,44.80111],[2.17776,44.80288],[2.18206,44.80393],[2.18301,44.80514],[2.18499,44.80489],[2.18645,44.80357],[2.18769,44.80404],[2.18771,44.80626],[2.18688,44.80674],[2.18794,44.80876],[2.19487,44.80952],[2.19765,44.80927],[2.19848,44.81051],[2.19761,44.81104],[2.19825,44.81206],[2.20038,44.81181],[2.20192,44.81121],[2.2044,44.81144],[2.20259,44.80824],[2.20348,44.80793],[2.2061,44.8091],[2.20597,44.81045],[2.21018,44.81079],[2.21122,44.81241],[2.21301,44.81246],[2.21514,44.81045],[2.21606,44.80917],[2.21712,44.8102],[2.21817,44.80989],[2.21868,44.80848],[2.21968,44.80859],[2.22031,44.80732],[2.22387,44.80805],[2.22547,44.80517],[2.22657,44.80484],[2.22654,44.80361],[2.22753,44.80339],[2.22953,44.80148],[2.2284,44.79964],[2.22851,44.79811],[2.22748,44.79712],[2.22766,44.79509],[2.2265,44.79319],[2.22807,44.79273],[2.22831,44.79154],[2.22652,44.79194],[2.22617,44.79088],[2.22738,44.79023],[2.22588,44.78778],[2.22407,44.78565],[2.22321,44.78345],[2.22466,44.78292],[2.22533,44.77992],[2.22403,44.77983],[2.22252,44.77798],[2.22234,44.77673],[2.22058,44.7743]]]}},{"type":"Feature","id":"fr-commune-15168","properties":{"id":"fr-commune-15168","name":"Ruynes-en-Margeride","kind":"commune","center":[3.2258,45.0015],"code":"15168","department":"15"},"bbox":[3.17252,44.96686,3.27927,45.0361],"geometry":{"type":"Polygon","coordinates":[[[3.18123,45.0235],[3.18537,45.02332],[3.18812,45.0221],[3.19083,45.01962],[3.19219,45.01677],[3.1954,45.01498],[3.19632,45.01394],[3.19895,45.01358],[3.20136,45.01426],[3.20062,45.01617],[3.20268,45.01562],[3.20747,45.0151],[3.20898,45.01567],[3.21225,45.0176],[3.21547,45.0175],[3.21762,45.01943],[3.21755,45.02006],[3.22099,45.02271],[3.22206,45.02469],[3.22433,45.02759],[3.22665,45.02926],[3.22857,45.0332],[3.22949,45.0337],[3.23098,45.03553],[3.23587,45.03422],[3.23613,45.0361],[3.23842,45.03514],[3.24,45.03541],[3.24272,45.03484],[3.24508,45.03505],[3.24901,45.03486],[3.25286,45.03427],[3.25516,45.03329],[3.25654,45.03318],[3.26034,45.03167],[3.26247,45.03118],[3.26932,45.03153],[3.27147,45.03111],[3.2741,45.02936],[3.27791,45.02725],[3.27927,45.02697],[3.27842,45.02472],[3.27217,45.01869],[3.26696,45.01421],[3.26611,45.01473],[3.2637,45.01506],[3.26422,45.01363],[3.26624,45.0132],[3.26834,45.01198],[3.26867,45.0112],[3.26648,45.01112],[3.26629,45.00988],[3.26519,45.00811],[3.26388,45.00782],[3.26343,45.00575],[3.26162,45.00514],[3.26143,45.00379],[3.25956,45.00251],[3.25978,45.00199],[3.26316,45.0044],[3.26387,45.00416],[3.26403,45.00157],[3.26343,45.00004],[3.26235,44.99928],[3.26061,44.99907],[3.2576,44.99822],[3.25641,44.99753],[3.25635,44.99671],[3.25414,44.99606],[3.25124,44.99291],[3.24783,44.99182],[3.24666,44.99303],[3.24432,44.99165],[3.24162,44.99076],[3.23789,44.99271],[3.23452,44.99358],[3.23379,44.99507],[3.23142,44.99566],[3.2301,44.99556],[3.22898,44.99622],[3.22354,44.99675],[3.22232,44.99561],[3.22029,44.99493],[3.22139,44.99383],[3.22133,44.99276],[3.22027,44.99122],[3.21837,44.99068],[3.21674,44.98932],[3.21602,44.98773],[3.21472,44.98762],[3.21475,44.98653],[3.21305,44.98579],[3.21308,44.98431],[3.21185,44.9835],[3.21182,44.98256],[3.20987,44.98035],[3.21014,44.97848],[3.20952,44.97659],[3.21026,44.97547],[3.21241,44.97423],[3.21186,44.97258],[3.2125,44.97192],[3.21146,44.97037],[3.21121,44.96903],[3.20978,44.96838],[3.20631,44.96738],[3.20218,44.9679],[3.19829,44.96686],[3.19672,44.9677],[3.19413,44.9684],[3.19418,44.97025],[3.19194,44.97071],[3.19013,44.9707],[3.18768,44.96929],[3.18548,44.96986],[3.18465,44.97119],[3.18303,44.97221],[3.18056,44.97522],[3.17849,44.97557],[3.17718,44.97539],[3.17539,44.97441],[3.17312,44.97522],[3.17252,44.97721],[3.17401,44.97905],[3.17366,44.97987],[3.17363,44.98277],[3.1748,44.98568],[3.17576,44.98607],[3.17598,44.98752],[3.17723,44.98823],[3.17782,44.98678],[3.18118,44.98764],[3.1809,44.98881],[3.18135,44.98996],[3.18395,44.98995],[3.1861,44.9921],[3.18816,44.99377],[3.19061,44.99361],[3.19244,44.99427],[3.19209,44.99624],[3.19302,44.99849],[3.1907,44.99967],[3.1911,45.00179],[3.18915,45.00225],[3.18837,45.00349],[3.18969,45.00456],[3.19051,45.00628],[3.19047,45.00757],[3.19263,45.00949],[3.19135,45.01003],[3.18983,45.01282],[3.18747,45.01464],[3.18568,45.01657],[3.18283,45.02239],[3.18123,45.0235]]]}},{"type":"Feature","id":"fr-commune-15169","properties":{"id":"fr-commune-15169","name":"Saignes","kind":"commune","center":[2.482,45.3333],"code":"15169","department":"15"},"bbox":[2.46193,45.31738,2.50265,45.34902],"geometry":{"type":"Polygon","coordinates":[[[2.47344,45.31836],[2.47102,45.31921],[2.46943,45.31853],[2.46816,45.31876],[2.46479,45.32028],[2.46318,45.32276],[2.463,45.3243],[2.46364,45.32502],[2.46193,45.32884],[2.46339,45.32897],[2.46403,45.33041],[2.46616,45.33105],[2.46747,45.33004],[2.46939,45.32964],[2.47111,45.32978],[2.47086,45.33274],[2.46927,45.33342],[2.46723,45.33352],[2.46494,45.3347],[2.46321,45.33478],[2.462,45.3359],[2.46565,45.33896],[2.47,45.33939],[2.46916,45.34039],[2.47171,45.34183],[2.47273,45.34326],[2.47066,45.34437],[2.46802,45.3448],[2.46809,45.34539],[2.47255,45.34493],[2.47561,45.34623],[2.47434,45.34758],[2.47691,45.34837],[2.47789,45.34902],[2.48006,45.34864],[2.47932,45.34731],[2.48168,45.34694],[2.48142,45.34573],[2.48352,45.34564],[2.48301,45.34447],[2.48409,45.3442],[2.48479,45.34231],[2.48568,45.3415],[2.48704,45.34149],[2.48904,45.34302],[2.49159,45.3426],[2.49208,45.34157],[2.49411,45.33993],[2.49427,45.3382],[2.49675,45.33363],[2.49878,45.33059],[2.50172,45.32788],[2.50118,45.32726],[2.50265,45.32463],[2.50164,45.3251],[2.50043,45.32389],[2.49743,45.32389],[2.49506,45.32187],[2.49315,45.32129],[2.49314,45.31819],[2.48982,45.31738],[2.48581,45.31761],[2.48262,45.31861],[2.4788,45.32059],[2.4767,45.32068],[2.47396,45.32015],[2.47344,45.31836]]]}},{"type":"Feature","id":"fr-commune-15170","properties":{"id":"fr-commune-15170","name":"Saint-Amandin","kind":"commune","center":[2.7139,45.3302],"code":"15170","department":"15"},"bbox":[2.6626,45.30133,2.76524,45.35919],"geometry":{"type":"Polygon","coordinates":[[[2.72822,45.34926],[2.73053,45.34591],[2.72972,45.34422],[2.7303,45.34259],[2.73133,45.34156],[2.73327,45.34067],[2.73699,45.34116],[2.73928,45.34023],[2.74009,45.33764],[2.7413,45.33688],[2.74272,45.33695],[2.74563,45.33597],[2.74719,45.33686],[2.74902,45.33729],[2.75003,45.33552],[2.75126,45.3349],[2.75338,45.33312],[2.75311,45.33182],[2.75482,45.33065],[2.7541,45.3283],[2.75577,45.3279],[2.75717,45.32508],[2.75831,45.32441],[2.75936,45.32467],[2.76524,45.32215],[2.7644,45.32044],[2.7612,45.31901],[2.75705,45.31889],[2.75558,45.31691],[2.75759,45.31461],[2.75498,45.31313],[2.74999,45.31288],[2.74713,45.31298],[2.74622,45.3111],[2.74742,45.30923],[2.74734,45.30664],[2.74619,45.30596],[2.74565,45.30479],[2.74014,45.30693],[2.73954,45.30685],[2.7353,45.30844],[2.73223,45.30494],[2.72909,45.30355],[2.72652,45.30417],[2.72548,45.30202],[2.722,45.30133],[2.72067,45.30165],[2.71951,45.3026],[2.71845,45.30199],[2.71642,45.3036],[2.71366,45.30368],[2.71302,45.303],[2.71065,45.30181],[2.70938,45.30231],[2.70848,45.30155],[2.70211,45.30152],[2.70218,45.30269],[2.69831,45.30323],[2.69695,45.3039],[2.69469,45.30388],[2.69216,45.30434],[2.69067,45.30381],[2.6894,45.30511],[2.6908,45.30686],[2.69251,45.30735],[2.6917,45.30928],[2.69437,45.31035],[2.69542,45.31178],[2.69427,45.31226],[2.69154,45.31187],[2.68856,45.31188],[2.68705,45.31235],[2.68376,45.31236],[2.68233,45.31203],[2.67977,45.31266],[2.67869,45.31178],[2.6778,45.31298],[2.6764,45.31379],[2.67516,45.31352],[2.67242,45.3138],[2.66973,45.31445],[2.66697,45.3169],[2.66774,45.31819],[2.66626,45.31945],[2.6665,45.32096],[2.66429,45.32339],[2.66485,45.32534],[2.66608,45.32555],[2.66761,45.32725],[2.66761,45.32811],[2.6691,45.32848],[2.6699,45.33019],[2.66846,45.33218],[2.66677,45.3326],[2.66627,45.33449],[2.66747,45.33652],[2.6663,45.33927],[2.66701,45.33999],[2.66708,45.34199],[2.66432,45.34484],[2.66424,45.34584],[2.6626,45.34954],[2.66355,45.35184],[2.66324,45.35245],[2.66487,45.35303],[2.66679,45.35467],[2.67041,45.3563],[2.67078,45.35881],[2.67184,45.35919],[2.67353,45.35793],[2.67425,45.35657],[2.67772,45.35457],[2.68157,45.35363],[2.68355,45.35342],[2.6846,45.35283],[2.69027,45.35197],[2.69487,45.35076],[2.69594,45.35164],[2.70127,45.35085],[2.70563,45.35041],[2.70652,45.35065],[2.70788,45.35233],[2.70994,45.35258],[2.71216,45.35104],[2.71512,45.35017],[2.71736,45.34982],[2.72042,45.34845],[2.72164,45.34835],[2.72256,45.34956],[2.72412,45.35058],[2.72744,45.3502],[2.72822,45.34926]]]}},{"type":"Feature","id":"fr-commune-15171","properties":{"id":"fr-commune-15171","name":"Sainte-Anastasie","kind":"commune","center":[2.9723,45.1794],"code":"15171","department":"15"},"bbox":[2.94633,45.15125,2.99816,45.20754],"geometry":{"type":"Polygon","coordinates":[[[2.98126,45.20754],[2.98735,45.20325],[2.99038,45.20143],[2.99284,45.19917],[2.9934,45.19799],[2.99655,45.19386],[2.99703,45.19322],[2.9967,45.19123],[2.99732,45.19014],[2.99752,45.18652],[2.99816,45.18439],[2.99782,45.18231],[2.99686,45.18172],[2.99535,45.17822],[2.99449,45.17706],[2.99285,45.17134],[2.99351,45.16883],[2.99304,45.16612],[2.99324,45.16446],[2.99289,45.16227],[2.99306,45.16071],[2.99212,45.15947],[2.99169,45.15722],[2.99051,45.15595],[2.98871,45.15474],[2.9853,45.15357],[2.98411,45.15253],[2.98439,45.15395],[2.98542,45.15448],[2.98523,45.15548],[2.98267,45.15433],[2.98071,45.15546],[2.97975,45.15555],[2.97893,45.15687],[2.97916,45.15769],[2.97719,45.15937],[2.97545,45.15988],[2.97427,45.15719],[2.97504,45.15554],[2.97383,45.1537],[2.96976,45.15125],[2.9681,45.15269],[2.96991,45.15411],[2.96877,45.15438],[2.96594,45.15593],[2.96758,45.15663],[2.96721,45.15809],[2.96531,45.15841],[2.96389,45.15742],[2.9645,45.15651],[2.96389,45.15565],[2.9612,45.15661],[2.96232,45.15757],[2.96237,45.15925],[2.96404,45.16028],[2.96366,45.16114],[2.96602,45.16157],[2.96391,45.1629],[2.95998,45.16369],[2.96237,45.16414],[2.96313,45.16475],[2.95987,45.16831],[2.95825,45.16773],[2.957,45.16658],[2.95533,45.16675],[2.95705,45.1686],[2.95485,45.16932],[2.95539,45.16997],[2.95313,45.17093],[2.95506,45.17158],[2.95805,45.17044],[2.95854,45.17167],[2.95687,45.17287],[2.95511,45.17293],[2.95339,45.17514],[2.95442,45.17709],[2.95711,45.17865],[2.95616,45.17927],[2.95596,45.18051],[2.95669,45.18166],[2.95398,45.18515],[2.9537,45.18604],[2.95086,45.18876],[2.95065,45.1899],[2.94845,45.19062],[2.94856,45.19183],[2.94633,45.19467],[2.94825,45.19433],[2.9493,45.19518],[2.95048,45.1949],[2.95552,45.1964],[2.96049,45.19844],[2.96771,45.20275],[2.97127,45.20421],[2.97447,45.20586],[2.97656,45.20721],[2.978,45.20705],[2.98126,45.20754]]]}},{"type":"Feature","id":"fr-commune-15172","properties":{"id":"fr-commune-15172","name":"Saint-Antoine","kind":"commune","center":[2.3366,44.7486],"code":"15172","department":"15"},"bbox":[2.31339,44.73076,2.35927,44.76638],"geometry":{"type":"Polygon","coordinates":[[[2.31425,44.75495],[2.31641,44.75434],[2.32034,44.75444],[2.32162,44.75409],[2.32242,44.75473],[2.32459,44.75408],[2.32683,44.75461],[2.3268,44.75533],[2.32813,44.75687],[2.33183,44.75899],[2.33151,44.76001],[2.33411,44.76227],[2.33327,44.76423],[2.33447,44.76531],[2.33773,44.76555],[2.34231,44.76638],[2.34373,44.76601],[2.34996,44.76316],[2.3525,44.76464],[2.35373,44.7648],[2.3553,44.76325],[2.35927,44.76185],[2.35901,44.76085],[2.35437,44.76043],[2.35402,44.75845],[2.35214,44.75726],[2.35251,44.75568],[2.35184,44.75502],[2.35184,44.7536],[2.35092,44.75158],[2.3532,44.74935],[2.35336,44.7481],[2.35125,44.74651],[2.35121,44.74564],[2.35018,44.74453],[2.35161,44.74334],[2.35069,44.74255],[2.35079,44.74131],[2.34959,44.74027],[2.34572,44.73952],[2.34422,44.73993],[2.34296,44.73827],[2.34121,44.73826],[2.33968,44.73711],[2.33832,44.73659],[2.33694,44.73467],[2.33398,44.73296],[2.33301,44.73453],[2.32918,44.73263],[2.32849,44.73129],[2.32716,44.73076],[2.32595,44.73107],[2.32532,44.73256],[2.32554,44.73387],[2.32674,44.73545],[2.32456,44.7371],[2.32428,44.73837],[2.32498,44.73928],[2.32345,44.74045],[2.32219,44.7421],[2.32048,44.74356],[2.32111,44.74788],[2.31694,44.74844],[2.31477,44.7514],[2.31449,44.75255],[2.31339,44.75379],[2.31425,44.75495]]]}},{"type":"Feature","id":"fr-commune-15173","properties":{"id":"fr-commune-15173","name":"Saint-Bonnet-de-Condat","kind":"commune","center":[2.8094,45.2786],"code":"15173","department":"15"},"bbox":[2.76664,45.25592,2.85207,45.30135],"geometry":{"type":"Polygon","coordinates":[[[2.77219,45.26013],[2.77353,45.26225],[2.77196,45.26424],[2.76856,45.26658],[2.76953,45.26876],[2.76849,45.26954],[2.76664,45.26991],[2.76767,45.27107],[2.76742,45.27197],[2.77081,45.27263],[2.77243,45.27265],[2.77239,45.2743],[2.77102,45.27632],[2.77249,45.2765],[2.77263,45.27762],[2.77451,45.28017],[2.77716,45.28197],[2.77565,45.28329],[2.7758,45.2844],[2.7779,45.28408],[2.77931,45.28607],[2.77921,45.28734],[2.77725,45.28845],[2.7765,45.28957],[2.7751,45.2898],[2.77281,45.29178],[2.76803,45.29428],[2.76691,45.29559],[2.76707,45.29631],[2.76881,45.29723],[2.77027,45.29849],[2.77107,45.30135],[2.77197,45.30126],[2.77535,45.29925],[2.77726,45.29981],[2.77848,45.30082],[2.78086,45.30083],[2.78301,45.30121],[2.78497,45.30113],[2.78704,45.29944],[2.78613,45.29846],[2.78666,45.29771],[2.78845,45.29735],[2.78976,45.29659],[2.79315,45.29654],[2.79493,45.29588],[2.79799,45.29547],[2.80086,45.29618],[2.80327,45.29756],[2.80441,45.29881],[2.80915,45.29905],[2.81069,45.29749],[2.81458,45.2963],[2.81878,45.29597],[2.82096,45.29678],[2.82285,45.29484],[2.82449,45.29227],[2.82996,45.28817],[2.82884,45.28716],[2.83074,45.2859],[2.83264,45.28512],[2.83794,45.28595],[2.83857,45.28541],[2.84232,45.28418],[2.84362,45.28414],[2.84372,45.28283],[2.84287,45.28168],[2.84676,45.27822],[2.84871,45.27676],[2.85207,45.27215],[2.85162,45.27032],[2.84795,45.26897],[2.8437,45.26794],[2.84306,45.2674],[2.84203,45.26506],[2.84128,45.26437],[2.84006,45.26478],[2.83721,45.26688],[2.83486,45.26806],[2.83319,45.26954],[2.83116,45.26776],[2.83084,45.26668],[2.82904,45.2661],[2.82526,45.26683],[2.82374,45.26805],[2.82275,45.26979],[2.82105,45.27101],[2.81631,45.27229],[2.81457,45.27411],[2.80799,45.27557],[2.80763,45.27463],[2.80593,45.27412],[2.80409,45.2748],[2.80032,45.27477],[2.7998,45.2741],[2.80074,45.27248],[2.7976,45.27268],[2.79612,45.27185],[2.79419,45.27295],[2.79258,45.27275],[2.79226,45.2713],[2.79037,45.27183],[2.79021,45.27068],[2.79154,45.26947],[2.79168,45.2682],[2.78826,45.26797],[2.78968,45.26689],[2.78908,45.26406],[2.78792,45.2624],[2.786,45.26115],[2.78643,45.25962],[2.78625,45.25812],[2.78233,45.25952],[2.77774,45.25592],[2.77477,45.25791],[2.77205,45.25926],[2.77219,45.26013]]]}},{"type":"Feature","id":"fr-commune-15174","properties":{"id":"fr-commune-15174","name":"Saint-Bonnet-de-Salers","kind":"commune","center":[2.4993,45.158],"code":"15174","department":"15"},"bbox":[2.41307,45.13209,2.58544,45.18395],"geometry":{"type":"Polygon","coordinates":[[[2.53106,45.15595],[2.52661,45.15529],[2.52469,45.15583],[2.52183,45.15552],[2.52277,45.15372],[2.52042,45.15251],[2.51653,45.15297],[2.51481,45.15287],[2.50993,45.15377],[2.50838,45.15314],[2.50604,45.15377],[2.50445,45.1532],[2.50346,45.15222],[2.50198,45.15244],[2.49919,45.1523],[2.49853,45.15322],[2.49587,45.15144],[2.49704,45.15076],[2.49501,45.14873],[2.49422,45.14704],[2.49202,45.14732],[2.49045,45.14798],[2.48838,45.15034],[2.48964,45.15119],[2.49088,45.1529],[2.49028,45.15334],[2.4864,45.15381],[2.48649,45.15235],[2.48187,45.15128],[2.48205,45.15459],[2.47909,45.15432],[2.4815,45.14971],[2.48131,45.14793],[2.47953,45.14798],[2.47902,45.14722],[2.4768,45.14731],[2.47407,45.14686],[2.47263,45.14624],[2.47214,45.14497],[2.47425,45.14479],[2.48053,45.14195],[2.47928,45.14106],[2.47908,45.14009],[2.48078,45.13966],[2.48244,45.13753],[2.48059,45.13663],[2.48166,45.13537],[2.48039,45.13594],[2.47972,45.1351],[2.47813,45.13561],[2.4783,45.13704],[2.47449,45.13853],[2.47271,45.13768],[2.47187,45.13872],[2.47373,45.13921],[2.47413,45.14043],[2.47119,45.14038],[2.46869,45.14108],[2.46647,45.1408],[2.46226,45.14104],[2.46258,45.14187],[2.46095,45.14276],[2.45954,45.14097],[2.45795,45.14157],[2.45363,45.14106],[2.45307,45.13986],[2.45071,45.14022],[2.44937,45.13911],[2.44798,45.13879],[2.44664,45.13771],[2.44673,45.13589],[2.44524,45.13564],[2.44461,45.13298],[2.44304,45.13209],[2.44145,45.13238],[2.44062,45.13339],[2.44062,45.13487],[2.43891,45.13458],[2.43501,45.13454],[2.43526,45.13542],[2.43497,45.1377],[2.43738,45.13871],[2.43464,45.1401],[2.4319,45.14069],[2.43322,45.14354],[2.43143,45.14445],[2.43134,45.14537],[2.43235,45.14728],[2.4298,45.14727],[2.42811,45.14777],[2.42597,45.1472],[2.42325,45.1478],[2.42111,45.14767],[2.42012,45.14597],[2.41829,45.14598],[2.4183,45.14441],[2.41587,45.14401],[2.4153,45.14474],[2.41825,45.14664],[2.41723,45.14713],[2.4159,45.14641],[2.41513,45.14724],[2.41552,45.14835],[2.41699,45.1484],[2.41617,45.15085],[2.4174,45.15127],[2.41916,45.15285],[2.41804,45.15395],[2.41621,45.15346],[2.41489,45.15458],[2.41307,45.15703],[2.41321,45.15844],[2.41521,45.15858],[2.41628,45.15977],[2.41667,45.16125],[2.41791,45.1606],[2.41844,45.16259],[2.41725,45.16266],[2.4183,45.16474],[2.4205,45.16519],[2.42292,45.16918],[2.4242,45.17159],[2.43271,45.16814],[2.43382,45.16842],[2.43575,45.17128],[2.43431,45.17286],[2.43596,45.17353],[2.43832,45.17195],[2.43965,45.17222],[2.44017,45.1736],[2.44193,45.17402],[2.44371,45.17255],[2.44435,45.17308],[2.4472,45.17196],[2.44898,45.17214],[2.45075,45.17182],[2.45194,45.17086],[2.4525,45.17275],[2.45501,45.17445],[2.45674,45.1733],[2.45986,45.17212],[2.46139,45.17097],[2.46286,45.17157],[2.46515,45.17156],[2.46547,45.1739],[2.46684,45.17433],[2.46554,45.17571],[2.46771,45.17574],[2.4687,45.17732],[2.47017,45.17705],[2.47197,45.1774],[2.4742,45.17729],[2.4744,45.17808],[2.47644,45.17827],[2.47644,45.17913],[2.48103,45.17916],[2.48249,45.17949],[2.48286,45.18108],[2.48481,45.18025],[2.48602,45.18119],[2.4883,45.18083],[2.48883,45.18008],[2.48889,45.17801],[2.48985,45.17762],[2.49179,45.17802],[2.4926,45.17885],[2.49407,45.17877],[2.49609,45.17961],[2.49796,45.17883],[2.5011,45.17886],[2.50283,45.18395],[2.50577,45.18355],[2.50833,45.18204],[2.51111,45.18166],[2.51129,45.17974],[2.5109,45.17875],[2.509,45.17654],[2.51088,45.17532],[2.51306,45.17695],[2.5156,45.17771],[2.51795,45.17961],[2.51932,45.1795],[2.52038,45.17845],[2.52258,45.17746],[2.52904,45.17674],[2.53029,45.17587],[2.53343,45.17519],[2.53708,45.17488],[2.54311,45.17302],[2.54393,45.17189],[2.5437,45.17011],[2.54083,45.16975],[2.53988,45.16854],[2.54024,45.16296],[2.54189,45.16282],[2.54857,45.16403],[2.55202,45.16527],[2.55431,45.16536],[2.55653,45.16505],[2.55891,45.16552],[2.56373,45.16582],[2.56619,45.16552],[2.56917,45.16389],[2.57253,45.16326],[2.57838,45.16324],[2.57845,45.16369],[2.58068,45.16549],[2.58151,45.16513],[2.58366,45.16211],[2.58544,45.15972],[2.57526,45.16032],[2.56648,45.16039],[2.56419,45.16031],[2.55503,45.15884],[2.54702,45.15854],[2.54289,45.15778],[2.53106,45.15595]]]}},{"type":"Feature","id":"fr-commune-15175","properties":{"id":"fr-commune-15175","name":"Saint-Cernin","kind":"commune","center":[2.4223,45.0495],"code":"15175","department":"15"},"bbox":[2.35226,45.01498,2.49214,45.08427],"geometry":{"type":"Polygon","coordinates":[[[2.41256,45.01641],[2.41588,45.01907],[2.41489,45.02073],[2.4128,45.02148],[2.4128,45.02306],[2.41582,45.02697],[2.41462,45.02788],[2.41398,45.03115],[2.41239,45.03099],[2.40786,45.03139],[2.40457,45.03102],[2.40235,45.03119],[2.4007,45.03212],[2.39872,45.03174],[2.3974,45.03207],[2.39576,45.03181],[2.39453,45.03223],[2.39536,45.03325],[2.39624,45.03531],[2.3976,45.03731],[2.39928,45.03808],[2.39974,45.03911],[2.39926,45.04121],[2.39833,45.04094],[2.39325,45.03726],[2.39174,45.03508],[2.38917,45.03656],[2.38764,45.03544],[2.38437,45.03701],[2.38307,45.03828],[2.38149,45.03743],[2.37759,45.03856],[2.37568,45.03872],[2.37444,45.03939],[2.37215,45.03991],[2.36987,45.0395],[2.36797,45.0404],[2.36708,45.0426],[2.36615,45.04266],[2.36284,45.04104],[2.36326,45.0402],[2.36223,45.03955],[2.35976,45.04092],[2.35678,45.0431],[2.3539,45.04217],[2.35329,45.04302],[2.35533,45.04441],[2.35535,45.04591],[2.35272,45.04589],[2.35226,45.04685],[2.35354,45.04876],[2.35584,45.04773],[2.35694,45.04869],[2.35809,45.04839],[2.35956,45.04931],[2.36111,45.0481],[2.36194,45.04884],[2.36086,45.04952],[2.36228,45.05038],[2.36523,45.05093],[2.36659,45.05266],[2.36614,45.05432],[2.36734,45.05579],[2.36617,45.05665],[2.36772,45.0582],[2.36937,45.06063],[2.36686,45.06132],[2.36504,45.06232],[2.36583,45.06458],[2.36429,45.06751],[2.36441,45.06898],[2.36727,45.07005],[2.373,45.06747],[2.37071,45.0709],[2.37338,45.07108],[2.3749,45.06946],[2.37465,45.0687],[2.37623,45.06744],[2.37986,45.06601],[2.3797,45.07027],[2.38148,45.07136],[2.38296,45.07303],[2.38465,45.07181],[2.38632,45.07247],[2.38826,45.07247],[2.39155,45.07089],[2.39331,45.07101],[2.3951,45.07181],[2.39546,45.0729],[2.39819,45.07362],[2.3994,45.07501],[2.40078,45.07515],[2.4022,45.07669],[2.40407,45.07649],[2.40654,45.07713],[2.40825,45.07813],[2.40977,45.07808],[2.41073,45.08096],[2.41353,45.08141],[2.41432,45.08076],[2.41568,45.08183],[2.41845,45.08185],[2.4205,45.08077],[2.42296,45.0807],[2.42444,45.07999],[2.42805,45.07982],[2.42894,45.07946],[2.43351,45.07932],[2.43567,45.08009],[2.43625,45.08085],[2.43967,45.08103],[2.44413,45.0808],[2.44648,45.08115],[2.44654,45.07909],[2.44945,45.07878],[2.45117,45.07926],[2.45676,45.07962],[2.4581,45.08057],[2.46412,45.07961],[2.46768,45.07984],[2.47079,45.081],[2.47593,45.08068],[2.47987,45.08162],[2.48019,45.08283],[2.48127,45.08369],[2.48515,45.08427],[2.48853,45.08422],[2.49081,45.08417],[2.49214,45.08354],[2.49151,45.08259],[2.49076,45.07884],[2.49146,45.07802],[2.48878,45.07795],[2.48857,45.07671],[2.48654,45.07684],[2.48398,45.07572],[2.48533,45.07478],[2.4894,45.07527],[2.49071,45.07434],[2.49065,45.07337],[2.48878,45.07348],[2.48843,45.07238],[2.48583,45.07216],[2.4857,45.07072],[2.48493,45.06897],[2.48398,45.06856],[2.48048,45.06913],[2.47286,45.06858],[2.46828,45.06305],[2.46688,45.06319],[2.46504,45.06232],[2.46355,45.06329],[2.46189,45.06332],[2.46029,45.06387],[2.4599,45.06477],[2.45844,45.06468],[2.45562,45.06381],[2.45984,45.0597],[2.45907,45.0579],[2.46264,45.05706],[2.4647,45.05722],[2.46909,45.05831],[2.4694,45.05738],[2.46858,45.05612],[2.46648,45.05541],[2.46594,45.05356],[2.46845,45.05382],[2.4682,45.05261],[2.46958,45.05108],[2.46808,45.04903],[2.46994,45.0488],[2.46967,45.0475],[2.46758,45.04559],[2.46633,45.04651],[2.46506,45.04611],[2.4676,45.04375],[2.46728,45.04262],[2.4693,45.04181],[2.47069,45.04267],[2.47213,45.04118],[2.46997,45.03967],[2.46984,45.03916],[2.47311,45.03912],[2.47292,45.03836],[2.47414,45.03738],[2.47361,45.03429],[2.47111,45.03294],[2.47253,45.0312],[2.47235,45.03028],[2.47045,45.03022],[2.46858,45.02972],[2.46754,45.02996],[2.46654,45.03155],[2.46526,45.03122],[2.46705,45.02973],[2.46556,45.0291],[2.46299,45.02871],[2.4617,45.02772],[2.45896,45.02929],[2.45437,45.02779],[2.45061,45.02637],[2.44871,45.02469],[2.44725,45.02435],[2.44874,45.02278],[2.44625,45.02157],[2.44465,45.02005],[2.44585,45.01925],[2.44286,45.01701],[2.43636,45.01533],[2.43256,45.01498],[2.433,45.01678],[2.43408,45.01746],[2.43442,45.01848],[2.43231,45.01857],[2.42949,45.01606],[2.42833,45.01651],[2.42936,45.01934],[2.43319,45.02111],[2.43335,45.02237],[2.42845,45.02007],[2.42438,45.01711],[2.42071,45.01584],[2.41803,45.01576],[2.41256,45.01641]]]}},{"type":"Feature","id":"fr-commune-15176","properties":{"id":"fr-commune-15176","name":"Saint-Chamant","kind":"commune","center":[2.4493,45.0947],"code":"15176","department":"15"},"bbox":[2.41003,45.07878,2.48853,45.11025],"geometry":{"type":"Polygon","coordinates":[[[2.48044,45.09506],[2.48238,45.09457],[2.48422,45.09353],[2.48466,45.09268],[2.48676,45.09214],[2.48758,45.09056],[2.48609,45.08932],[2.48614,45.08822],[2.48749,45.0877],[2.48788,45.08626],[2.48733,45.08529],[2.48853,45.08422],[2.48515,45.08427],[2.48127,45.08369],[2.48019,45.08283],[2.47987,45.08162],[2.47593,45.08068],[2.47079,45.081],[2.46768,45.07984],[2.46412,45.07961],[2.4581,45.08057],[2.45676,45.07962],[2.45117,45.07926],[2.44945,45.07878],[2.44654,45.07909],[2.44648,45.08115],[2.44413,45.0808],[2.43967,45.08103],[2.43625,45.08085],[2.43567,45.08009],[2.43351,45.07932],[2.42894,45.07946],[2.42805,45.07982],[2.42444,45.07999],[2.42296,45.0807],[2.4205,45.08077],[2.41845,45.08185],[2.41568,45.08183],[2.41412,45.08214],[2.41437,45.08321],[2.41102,45.08456],[2.41003,45.08619],[2.41074,45.088],[2.41253,45.08801],[2.41378,45.08875],[2.41395,45.09058],[2.41459,45.09162],[2.41682,45.09106],[2.41652,45.09297],[2.41671,45.09445],[2.41493,45.09473],[2.41513,45.09545],[2.41149,45.09681],[2.41373,45.0995],[2.41431,45.10026],[2.41577,45.1003],[2.41732,45.102],[2.42073,45.10358],[2.42053,45.10538],[2.42168,45.10633],[2.42116,45.10709],[2.4226,45.1084],[2.42528,45.10807],[2.42395,45.10569],[2.42404,45.10458],[2.42569,45.10501],[2.42844,45.10638],[2.43131,45.10724],[2.43165,45.10621],[2.4339,45.10694],[2.43262,45.10893],[2.434,45.10886],[2.43615,45.11025],[2.43876,45.10985],[2.44049,45.10807],[2.44208,45.10923],[2.44417,45.10805],[2.44494,45.10915],[2.44765,45.10856],[2.44705,45.10699],[2.44964,45.10675],[2.45202,45.10582],[2.45262,45.10423],[2.45399,45.10438],[2.45534,45.10384],[2.45719,45.10211],[2.45897,45.10135],[2.46087,45.09914],[2.46597,45.0974],[2.46824,45.09683],[2.47627,45.09589],[2.47748,45.0948],[2.48044,45.09506]]]}},{"type":"Feature","id":"fr-commune-15178","properties":{"id":"fr-commune-15178","name":"Saint-Cirgues-de-Jordanne","kind":"commune","center":[2.603,45.0448],"code":"15178","department":"15"},"bbox":[2.56688,45.01306,2.63953,45.07665],"geometry":{"type":"Polygon","coordinates":[[[2.59087,45.0664],[2.59222,45.06959],[2.59451,45.06963],[2.59508,45.07048],[2.59827,45.07241],[2.59992,45.0743],[2.601,45.0749],[2.6068,45.07478],[2.60813,45.07552],[2.61087,45.07584],[2.61149,45.07513],[2.6162,45.07665],[2.61715,45.07584],[2.617,45.07201],[2.61357,45.06848],[2.61057,45.06739],[2.60986,45.06579],[2.61057,45.06384],[2.6118,45.06161],[2.61159,45.06024],[2.61326,45.05813],[2.6133,45.05668],[2.61465,45.05555],[2.61312,45.05447],[2.61237,45.05332],[2.61169,45.05115],[2.61365,45.05108],[2.61649,45.05226],[2.61782,45.05245],[2.6205,45.0516],[2.62223,45.05006],[2.62218,45.0487],[2.62295,45.04776],[2.62482,45.04785],[2.62707,45.04716],[2.63068,45.04699],[2.63359,45.04535],[2.6368,45.04483],[2.63953,45.04487],[2.638,45.04357],[2.63634,45.04159],[2.63581,45.03867],[2.63142,45.03495],[2.63002,45.03468],[2.62937,45.03229],[2.62803,45.03045],[2.62428,45.02866],[2.62215,45.0285],[2.62083,45.02785],[2.61992,45.02641],[2.61821,45.0261],[2.61696,45.02532],[2.61505,45.02314],[2.61365,45.02234],[2.61074,45.0181],[2.60951,45.01696],[2.60922,45.01589],[2.60301,45.01306],[2.59992,45.01483],[2.59789,45.01555],[2.5973,45.0147],[2.59747,45.0134],[2.59607,45.01324],[2.59507,45.01631],[2.59376,45.01614],[2.59244,45.0181],[2.59032,45.01718],[2.58858,45.01698],[2.58801,45.01862],[2.58888,45.01952],[2.58808,45.02131],[2.58592,45.02043],[2.58434,45.02142],[2.5832,45.0212],[2.57909,45.02315],[2.57833,45.02428],[2.57627,45.02577],[2.5729,45.02473],[2.57227,45.02395],[2.56865,45.02637],[2.56779,45.02816],[2.56688,45.03195],[2.57183,45.03508],[2.57247,45.03634],[2.5766,45.03822],[2.57875,45.03763],[2.58021,45.0379],[2.579,45.03547],[2.57892,45.03397],[2.5795,45.03169],[2.5804,45.03215],[2.58254,45.03205],[2.58484,45.03336],[2.58743,45.03359],[2.58828,45.03506],[2.58949,45.03594],[2.59096,45.0356],[2.59254,45.03719],[2.59423,45.03762],[2.59652,45.03965],[2.59522,45.04035],[2.59464,45.04183],[2.59643,45.04362],[2.59588,45.04485],[2.59748,45.04652],[2.59824,45.04665],[2.59972,45.0482],[2.60092,45.04885],[2.60052,45.05073],[2.59907,45.05154],[2.59971,45.05293],[2.59915,45.05437],[2.59826,45.05473],[2.59648,45.05744],[2.59649,45.05856],[2.59465,45.05924],[2.59148,45.05988],[2.59181,45.06226],[2.59137,45.06366],[2.59208,45.06572],[2.59087,45.0664]]]}},{"type":"Feature","id":"fr-commune-15179","properties":{"id":"fr-commune-15179","name":"Saint-Cirgues-de-Malbert","kind":"commune","center":[2.3761,45.0858],"code":"15179","department":"15"},"bbox":[2.33523,45.06601,2.41682,45.10568],"geometry":{"type":"Polygon","coordinates":[[[2.40135,45.10485],[2.40316,45.10456],[2.40755,45.10202],[2.41208,45.10105],[2.41373,45.0995],[2.41149,45.09681],[2.41513,45.09545],[2.41493,45.09473],[2.41671,45.09445],[2.41652,45.09297],[2.41682,45.09106],[2.41459,45.09162],[2.41395,45.09058],[2.41378,45.08875],[2.41253,45.08801],[2.41074,45.088],[2.41003,45.08619],[2.41102,45.08456],[2.41437,45.08321],[2.41412,45.08214],[2.41568,45.08183],[2.41432,45.08076],[2.41353,45.08141],[2.41073,45.08096],[2.40977,45.07808],[2.40825,45.07813],[2.40654,45.07713],[2.40407,45.07649],[2.4022,45.07669],[2.40078,45.07515],[2.3994,45.07501],[2.39819,45.07362],[2.39546,45.0729],[2.3951,45.07181],[2.39331,45.07101],[2.39155,45.07089],[2.38826,45.07247],[2.38632,45.07247],[2.38465,45.07181],[2.38296,45.07303],[2.38148,45.07136],[2.3797,45.07027],[2.37986,45.06601],[2.37623,45.06744],[2.37465,45.0687],[2.3749,45.06946],[2.37338,45.07108],[2.37071,45.0709],[2.373,45.06747],[2.36727,45.07005],[2.36441,45.06898],[2.36422,45.07],[2.36715,45.07128],[2.36694,45.07301],[2.36554,45.07367],[2.3641,45.07367],[2.36408,45.07522],[2.36328,45.07549],[2.36121,45.0746],[2.36013,45.07531],[2.36081,45.07614],[2.36028,45.07725],[2.35862,45.07686],[2.35908,45.07477],[2.35675,45.07407],[2.35312,45.07348],[2.35093,45.07423],[2.3494,45.0739],[2.34705,45.07254],[2.34588,45.0733],[2.3437,45.07671],[2.34123,45.07738],[2.34008,45.07629],[2.34036,45.07463],[2.33898,45.07446],[2.33781,45.07579],[2.33805,45.07732],[2.33568,45.08061],[2.33523,45.08169],[2.33689,45.08316],[2.33855,45.0837],[2.33978,45.08486],[2.34096,45.0849],[2.34383,45.08702],[2.34513,45.08703],[2.34629,45.08897],[2.34836,45.08982],[2.3493,45.09102],[2.35076,45.09187],[2.35428,45.09056],[2.35582,45.09165],[2.35746,45.09114],[2.35939,45.09132],[2.36098,45.09302],[2.36042,45.09424],[2.36079,45.09617],[2.36466,45.09742],[2.36699,45.09967],[2.36742,45.10102],[2.36833,45.10197],[2.37415,45.10178],[2.3768,45.10118],[2.3789,45.10166],[2.38312,45.10149],[2.38593,45.10242],[2.38602,45.10298],[2.38813,45.10344],[2.38852,45.10446],[2.39137,45.10423],[2.39156,45.10297],[2.39307,45.10268],[2.3937,45.10343],[2.3952,45.10359],[2.39639,45.10568],[2.40135,45.10485]]]}},{"type":"Feature","id":"fr-commune-15180","properties":{"id":"fr-commune-15180","name":"Saint-Clément","kind":"commune","center":[2.6836,44.985],"code":"15180","department":"15"},"bbox":[2.63533,44.94643,2.73191,45.02368],"geometry":{"type":"Polygon","coordinates":[[[2.64598,44.94766],[2.64815,44.94864],[2.64656,44.95089],[2.64314,44.95168],[2.64201,44.95234],[2.63844,44.95342],[2.63689,44.95494],[2.63533,44.95555],[2.63658,44.95657],[2.63685,44.95784],[2.63857,44.95958],[2.64015,44.95939],[2.64092,44.96028],[2.64125,44.96391],[2.64296,44.96873],[2.64299,44.96988],[2.64503,44.9705],[2.64575,44.97401],[2.64949,44.97512],[2.65277,44.97541],[2.65437,44.97621],[2.65862,44.97964],[2.66335,44.98291],[2.66857,44.98463],[2.67296,44.98638],[2.67411,44.98727],[2.67773,44.98915],[2.68186,44.99315],[2.68727,44.99647],[2.69287,44.9995],[2.69349,44.999],[2.69938,45.00203],[2.70273,45.00322],[2.7056,45.00479],[2.7104,45.00591],[2.71256,45.00759],[2.7148,45.01078],[2.71795,45.01325],[2.71745,45.01445],[2.71995,45.01445],[2.72158,45.01538],[2.72331,45.01708],[2.72331,45.0183],[2.7249,45.01883],[2.72719,45.01914],[2.73115,45.02368],[2.73191,45.02331],[2.73037,45.02067],[2.72799,45.01594],[2.72665,45.01469],[2.72587,45.01177],[2.7223,45.00922],[2.71865,45.00949],[2.71702,45.00681],[2.71752,45.00554],[2.71737,45.00423],[2.7162,45.0021],[2.71563,44.99977],[2.71456,44.99867],[2.71217,45.00028],[2.71042,44.99989],[2.71003,44.99642],[2.70953,44.99553],[2.71055,44.99207],[2.7099,44.9913],[2.70963,44.98805],[2.70456,44.98844],[2.70388,44.98549],[2.7012,44.98344],[2.69917,44.98248],[2.69692,44.981],[2.69548,44.97933],[2.69731,44.97841],[2.69633,44.97736],[2.69576,44.97542],[2.69393,44.97562],[2.69272,44.97379],[2.69175,44.97428],[2.69275,44.97571],[2.69069,44.97583],[2.68981,44.97332],[2.6874,44.97211],[2.68757,44.9701],[2.68656,44.96956],[2.68365,44.97017],[2.68213,44.96836],[2.68393,44.96744],[2.68394,44.96548],[2.682,44.96335],[2.68387,44.96349],[2.68567,44.96424],[2.68517,44.96254],[2.68719,44.96141],[2.68476,44.95793],[2.68382,44.95835],[2.68279,44.95642],[2.68196,44.95671],[2.68042,44.95754],[2.67877,44.95562],[2.67658,44.9555],[2.67505,44.95497],[2.67587,44.95362],[2.67529,44.95093],[2.67351,44.95061],[2.67245,44.95205],[2.67236,44.95368],[2.67101,44.95584],[2.66915,44.95553],[2.66788,44.95483],[2.66652,44.95483],[2.66431,44.95408],[2.66318,44.95451],[2.66071,44.95358],[2.66017,44.95176],[2.65826,44.95035],[2.65635,44.94983],[2.65787,44.94888],[2.65766,44.9479],[2.65879,44.94679],[2.65271,44.94697],[2.65154,44.94805],[2.64854,44.94741],[2.6461,44.94643],[2.64598,44.94766]]]}},{"type":"Feature","id":"fr-commune-15181","properties":{"id":"fr-commune-15181","name":"Saint-Constant-Fournoulès","kind":"commune","center":[2.2654,44.6893],"code":"15181","department":"15"},"bbox":[2.20651,44.66059,2.32424,44.71817],"geometry":{"type":"Polygon","coordinates":[[[2.32424,44.66918],[2.32289,44.6688],[2.32135,44.66759],[2.31896,44.66692],[2.31619,44.66531],[2.31456,44.66556],[2.31137,44.66535],[2.30878,44.66442],[2.30807,44.66342],[2.30544,44.66231],[2.30344,44.66319],[2.30013,44.66377],[2.29782,44.66515],[2.29593,44.66561],[2.29363,44.66714],[2.2893,44.66639],[2.28743,44.6657],[2.2867,44.66655],[2.28518,44.6669],[2.28293,44.6658],[2.28277,44.66517],[2.28069,44.66386],[2.27495,44.66162],[2.27415,44.66082],[2.27036,44.66059],[2.27108,44.66228],[2.26954,44.66272],[2.26728,44.6645],[2.26641,44.66437],[2.26326,44.66562],[2.26135,44.66704],[2.25824,44.66753],[2.25477,44.66845],[2.25362,44.6681],[2.25188,44.66917],[2.25068,44.66876],[2.25056,44.66557],[2.25138,44.66291],[2.25208,44.66211],[2.24962,44.66098],[2.2476,44.66104],[2.24391,44.66265],[2.24289,44.66445],[2.24108,44.66684],[2.23993,44.66625],[2.23709,44.66681],[2.23567,44.66838],[2.23328,44.66952],[2.23131,44.67207],[2.22932,44.66982],[2.22861,44.66981],[2.22758,44.66816],[2.22621,44.66797],[2.22563,44.66932],[2.2247,44.67004],[2.22257,44.66944],[2.22299,44.66824],[2.22299,44.66596],[2.22217,44.66613],[2.22126,44.66793],[2.21881,44.66872],[2.21387,44.66885],[2.21259,44.66922],[2.21071,44.66874],[2.20885,44.66925],[2.21231,44.66957],[2.21356,44.6707],[2.2125,44.67145],[2.21033,44.67148],[2.21044,44.67319],[2.2114,44.67408],[2.21151,44.6758],[2.21327,44.67617],[2.21477,44.67597],[2.21366,44.67778],[2.2113,44.67742],[2.20967,44.67849],[2.20837,44.68025],[2.20745,44.68048],[2.20651,44.68227],[2.20672,44.68287],[2.21042,44.68096],[2.21225,44.68186],[2.21004,44.68424],[2.2093,44.6855],[2.21224,44.6875],[2.21293,44.68879],[2.213,44.69062],[2.21171,44.69189],[2.21149,44.6941],[2.21302,44.69656],[2.21521,44.69722],[2.21726,44.69691],[2.21925,44.69725],[2.21954,44.69587],[2.2216,44.69561],[2.22238,44.69596],[2.22367,44.69872],[2.22275,44.69937],[2.22294,44.70104],[2.22673,44.70251],[2.22728,44.70402],[2.22867,44.70533],[2.22951,44.70528],[2.23148,44.70646],[2.23068,44.709],[2.23287,44.70908],[2.23602,44.70845],[2.2407,44.70991],[2.24324,44.70952],[2.24486,44.70985],[2.24622,44.70847],[2.24779,44.70811],[2.24846,44.70918],[2.25013,44.70999],[2.25096,44.71132],[2.25231,44.71157],[2.25665,44.70978],[2.25872,44.70912],[2.25968,44.70968],[2.26179,44.70911],[2.26558,44.70878],[2.26708,44.70971],[2.26729,44.71134],[2.26916,44.71287],[2.26944,44.71415],[2.26905,44.71637],[2.272,44.71587],[2.2805,44.71664],[2.28196,44.71817],[2.28278,44.7176],[2.28389,44.71566],[2.28473,44.70996],[2.28705,44.70984],[2.29016,44.71038],[2.29026,44.70811],[2.28761,44.70747],[2.28867,44.70655],[2.28408,44.70634],[2.28155,44.70495],[2.27957,44.70448],[2.27871,44.70319],[2.27568,44.70223],[2.27158,44.70168],[2.27169,44.70095],[2.27344,44.70026],[2.27639,44.70017],[2.27624,44.69881],[2.27284,44.6991],[2.27276,44.69772],[2.27043,44.69866],[2.27015,44.69772],[2.27114,44.69653],[2.27256,44.69692],[2.27299,44.69604],[2.27104,44.69476],[2.26951,44.69544],[2.26834,44.69497],[2.26969,44.6932],[2.27094,44.69262],[2.27122,44.69034],[2.26992,44.68996],[2.26992,44.68914],[2.26549,44.68576],[2.26576,44.68495],[2.26384,44.68287],[2.26203,44.68168],[2.26258,44.68122],[2.26513,44.68203],[2.26533,44.68054],[2.26704,44.6811],[2.26791,44.68223],[2.27091,44.6825],[2.27253,44.68216],[2.27402,44.68299],[2.27607,44.68198],[2.2791,44.68211],[2.27945,44.68322],[2.28201,44.68305],[2.2857,44.68245],[2.2876,44.68179],[2.28839,44.68308],[2.28967,44.68254],[2.29128,44.68265],[2.2911,44.68104],[2.29342,44.68016],[2.2945,44.679],[2.29655,44.68023],[2.29733,44.67898],[2.29934,44.67834],[2.3001,44.6791],[2.30173,44.67795],[2.30382,44.67767],[2.30722,44.6781],[2.30898,44.67876],[2.30963,44.67952],[2.31098,44.6796],[2.31157,44.68087],[2.3139,44.68112],[2.31501,44.68034],[2.31513,44.6787],[2.31916,44.67549],[2.32056,44.67271],[2.32214,44.67151],[2.32325,44.66987],[2.32424,44.66918]]]}},{"type":"Feature","id":"fr-commune-15182","properties":{"id":"fr-commune-15182","name":"Saint-Étienne-Cantalès","kind":"commune","center":[2.2431,44.9455],"code":"15182","department":"15"},"bbox":[2.21667,44.9221,2.26964,44.96884],"geometry":{"type":"Polygon","coordinates":[[[2.22988,44.96655],[2.23752,44.96727],[2.23813,44.96884],[2.24231,44.96725],[2.26042,44.96138],[2.2607,44.96209],[2.2633,44.96169],[2.26862,44.9596],[2.26924,44.95915],[2.26964,44.9563],[2.26915,44.95308],[2.26948,44.9513],[2.26749,44.94798],[2.2675,44.94626],[2.26363,44.94534],[2.26117,44.94365],[2.26181,44.94237],[2.26191,44.94076],[2.2607,44.94049],[2.25991,44.93952],[2.25762,44.9386],[2.25553,44.94105],[2.25253,44.94087],[2.25099,44.94113],[2.24985,44.9392],[2.24845,44.93825],[2.24471,44.93806],[2.24392,44.93681],[2.24444,44.9352],[2.24578,44.93603],[2.24813,44.93569],[2.24954,44.93693],[2.25281,44.9359],[2.25642,44.93352],[2.25426,44.93228],[2.2526,44.93089],[2.25104,44.92831],[2.25095,44.92732],[2.24899,44.92346],[2.24723,44.9221],[2.24496,44.92449],[2.24242,44.92755],[2.23782,44.93443],[2.23479,44.93624],[2.23233,44.93918],[2.22787,44.94345],[2.22604,44.94397],[2.22505,44.94165],[2.22299,44.94101],[2.22048,44.94144],[2.2187,44.94317],[2.21893,44.94415],[2.21788,44.94634],[2.21813,44.94926],[2.21881,44.95109],[2.21829,44.95265],[2.21667,44.95282],[2.21764,44.9561],[2.21964,44.95618],[2.22025,44.95487],[2.2214,44.95477],[2.22319,44.95551],[2.22464,44.95484],[2.22677,44.95567],[2.22679,44.95815],[2.22786,44.95865],[2.22874,44.96004],[2.22961,44.96266],[2.22988,44.96655]]]}},{"type":"Feature","id":"fr-commune-15183","properties":{"id":"fr-commune-15183","name":"Saint-Étienne-de-Carlat","kind":"commune","center":[2.5848,44.9126],"code":"15183","department":"15"},"bbox":[2.55364,44.89433,2.61618,44.93085],"geometry":{"type":"Polygon","coordinates":[[[2.55512,44.90868],[2.55648,44.9094],[2.55695,44.91034],[2.55659,44.91199],[2.55501,44.91238],[2.55364,44.91332],[2.55376,44.91458],[2.55552,44.91465],[2.55898,44.91614],[2.56,44.91701],[2.56391,44.91734],[2.56662,44.91807],[2.56902,44.91825],[2.57232,44.91914],[2.57843,44.92167],[2.57953,44.9224],[2.58201,44.92308],[2.58473,44.92437],[2.58632,44.92737],[2.58952,44.92963],[2.59148,44.92958],[2.59406,44.93085],[2.59501,44.93048],[2.5939,44.92903],[2.59591,44.92906],[2.59651,44.92833],[2.59798,44.92921],[2.60016,44.92892],[2.59944,44.92776],[2.60108,44.92768],[2.60428,44.92867],[2.60644,44.92897],[2.61042,44.92874],[2.61523,44.92723],[2.61618,44.92602],[2.61603,44.92232],[2.61259,44.92303],[2.61152,44.92108],[2.61182,44.91933],[2.61138,44.91762],[2.60866,44.91717],[2.60824,44.91591],[2.61012,44.9155],[2.6103,44.9147],[2.60616,44.91419],[2.60656,44.91304],[2.60184,44.9119],[2.59915,44.91104],[2.59725,44.91148],[2.59697,44.90928],[2.59924,44.90737],[2.60001,44.90558],[2.59907,44.90587],[2.5971,44.90526],[2.59672,44.90408],[2.59498,44.90248],[2.59654,44.90035],[2.5953,44.8988],[2.5946,44.89915],[2.59287,44.89769],[2.59035,44.89903],[2.58911,44.89819],[2.5899,44.89749],[2.58704,44.89597],[2.58612,44.89516],[2.5842,44.89492],[2.58218,44.89509],[2.57858,44.89433],[2.57581,44.89508],[2.57444,44.89686],[2.57528,44.89795],[2.5712,44.89866],[2.57,44.89794],[2.56743,44.89844],[2.56429,44.89738],[2.56337,44.89746],[2.5632,44.89936],[2.56192,44.90088],[2.56125,44.90242],[2.56068,44.90624],[2.56165,44.9068],[2.56181,44.9082],[2.56112,44.91096],[2.55892,44.90907],[2.55667,44.90799],[2.55512,44.90868]]]}},{"type":"Feature","id":"fr-commune-15184","properties":{"id":"fr-commune-15184","name":"Saint-Étienne-de-Maurs","kind":"commune","center":[2.229905712024832,44.72182495949739],"code":"15184","department":"15"},"bbox":[2.18757,44.69561,2.29467,44.74855],"geometry":{"type":"Polygon","coordinates":[[[2.23155,44.7363],[2.23031,44.73617],[2.22923,44.73519],[2.22897,44.73417],[2.23097,44.73376],[2.23265,44.73256],[2.23236,44.73032],[2.23065,44.72933],[2.23145,44.72754],[2.23042,44.72568],[2.2322,44.72579],[2.23535,44.72369],[2.23632,44.72246],[2.23875,44.72115],[2.24108,44.72046],[2.24229,44.71852],[2.24414,44.71746],[2.24461,44.71604],[2.24657,44.71704],[2.24663,44.71855],[2.24941,44.71895],[2.25057,44.72055],[2.25514,44.72271],[2.25588,44.72209],[2.25762,44.72272],[2.25915,44.72233],[2.26212,44.72315],[2.26244,44.72413],[2.26542,44.72384],[2.26665,44.72443],[2.26869,44.72414],[2.26979,44.72467],[2.2728,44.72428],[2.27366,44.72549],[2.27547,44.72596],[2.27724,44.72845],[2.28378,44.72856],[2.28399,44.72911],[2.28684,44.72888],[2.28895,44.72927],[2.29077,44.72781],[2.2927,44.72549],[2.29467,44.72437],[2.28753,44.72171],[2.28274,44.719],[2.28196,44.71817],[2.2805,44.71664],[2.272,44.71587],[2.26905,44.71637],[2.26944,44.71415],[2.26916,44.71287],[2.26729,44.71134],[2.26708,44.70971],[2.26558,44.70878],[2.26179,44.70911],[2.25968,44.70968],[2.25872,44.70912],[2.25665,44.70978],[2.25231,44.71157],[2.25096,44.71132],[2.25013,44.70999],[2.24846,44.70918],[2.24779,44.70811],[2.24622,44.70847],[2.24486,44.70985],[2.24324,44.70952],[2.2407,44.70991],[2.23602,44.70845],[2.23287,44.70908],[2.23068,44.709],[2.23148,44.70646],[2.22951,44.70528],[2.22867,44.70533],[2.22728,44.70402],[2.22673,44.70251],[2.22294,44.70104],[2.22275,44.69937],[2.22367,44.69872],[2.22238,44.69596],[2.2216,44.69561],[2.21954,44.69587],[2.21925,44.69725],[2.21726,44.69691],[2.21521,44.69722],[2.21491,44.70217],[2.21554,44.70298],[2.21453,44.7063],[2.21396,44.70711],[2.21565,44.70823],[2.21501,44.70918],[2.21239,44.71058],[2.2107,44.71064],[2.2066,44.71017],[2.20496,44.70974],[2.20342,44.71017],[2.20349,44.71133],[2.20284,44.7128],[2.20068,44.71547],[2.19763,44.71572],[2.19597,44.71727],[2.19415,44.71787],[2.1913,44.71952],[2.19114,44.72084],[2.18966,44.72226],[2.18757,44.7235],[2.18856,44.72542],[2.18883,44.72622],[2.19227,44.72808],[2.19393,44.73012],[2.19386,44.73236],[2.19502,44.73247],[2.19503,44.73503],[2.19591,44.73638],[2.20123,44.7366],[2.20286,44.73811],[2.20764,44.73714],[2.20739,44.73906],[2.21007,44.74137],[2.20917,44.74203],[2.20983,44.74322],[2.2084,44.74402],[2.21078,44.74409],[2.2118,44.74301],[2.21426,44.74185],[2.21701,44.74155],[2.21904,44.74318],[2.21996,44.74305],[2.22138,44.74455],[2.21949,44.74502],[2.22071,44.74651],[2.22304,44.74721],[2.22504,44.74855],[2.22764,44.74757],[2.22995,44.74437],[2.22795,44.7426],[2.23074,44.74024],[2.23043,44.73899],[2.23155,44.7363]]]}},{"type":"Feature","id":"fr-commune-15185","properties":{"id":"fr-commune-15185","name":"Saint-Étienne-de-Chomeil","kind":"commune","center":[2.6198,45.3438],"code":"15185","department":"15"},"bbox":[2.57611,45.31467,2.66355,45.37284],"geometry":{"type":"Polygon","coordinates":[[[2.66355,45.35184],[2.6619,45.35072],[2.6586,45.34995],[2.65941,45.34919],[2.65872,45.34803],[2.66055,45.3463],[2.66207,45.343],[2.66162,45.34096],[2.65985,45.34141],[2.6593,45.3398],[2.65669,45.33933],[2.65474,45.33957],[2.65393,45.33819],[2.65385,45.33563],[2.65211,45.3357],[2.65145,45.33198],[2.65204,45.33166],[2.654,45.32866],[2.65242,45.32711],[2.64991,45.32746],[2.64788,45.32818],[2.6464,45.3267],[2.64456,45.32738],[2.64207,45.32642],[2.64013,45.32807],[2.63755,45.32923],[2.63735,45.32754],[2.63592,45.32425],[2.63396,45.32449],[2.63223,45.32314],[2.63114,45.3231],[2.62841,45.32458],[2.62693,45.32383],[2.62567,45.32422],[2.62419,45.32279],[2.62405,45.32077],[2.62201,45.32023],[2.62067,45.32033],[2.61952,45.3197],[2.61913,45.31858],[2.61646,45.31948],[2.61538,45.32048],[2.61126,45.32098],[2.61009,45.3218],[2.60993,45.32368],[2.60763,45.32529],[2.60724,45.32635],[2.60547,45.32675],[2.60368,45.32581],[2.60265,45.32424],[2.59824,45.32308],[2.59722,45.32173],[2.5974,45.3202],[2.59536,45.3194],[2.59376,45.31972],[2.5932,45.32084],[2.59192,45.32152],[2.58848,45.32108],[2.58899,45.3204],[2.58789,45.31825],[2.58757,45.31685],[2.58386,45.31529],[2.57998,45.31467],[2.58064,45.31703],[2.57986,45.31788],[2.58086,45.3212],[2.58205,45.323],[2.58214,45.32576],[2.58363,45.32797],[2.58403,45.33055],[2.58235,45.33252],[2.57813,45.33181],[2.5791,45.33374],[2.57612,45.335],[2.57611,45.33577],[2.57778,45.33833],[2.57759,45.33928],[2.57907,45.34166],[2.58171,45.34368],[2.5856,45.34296],[2.58763,45.34546],[2.58719,45.34636],[2.58566,45.34659],[2.58535,45.34893],[2.58375,45.34983],[2.58293,45.35114],[2.58408,45.35186],[2.58708,45.35073],[2.58867,45.35176],[2.58733,45.35261],[2.58344,45.35226],[2.58344,45.35312],[2.58498,45.35509],[2.58728,45.3571],[2.59137,45.35755],[2.59706,45.36516],[2.60135,45.36478],[2.60469,45.36567],[2.60652,45.36833],[2.60916,45.36815],[2.61189,45.36868],[2.61388,45.36812],[2.61559,45.36673],[2.61944,45.36675],[2.62062,45.36648],[2.62015,45.36484],[2.62221,45.36514],[2.62383,45.36692],[2.62725,45.36994],[2.62882,45.3703],[2.63113,45.37239],[2.63264,45.37284],[2.63542,45.3722],[2.63769,45.37121],[2.63982,45.36928],[2.64088,45.36713],[2.64496,45.3654],[2.6463,45.36327],[2.64762,45.36319],[2.64919,45.36405],[2.65049,45.36396],[2.65263,45.36295],[2.65583,45.3607],[2.65533,45.35923],[2.65872,45.35735],[2.66043,45.35415],[2.66324,45.35245],[2.66355,45.35184]]]}},{"type":"Feature","id":"fr-commune-15186","properties":{"id":"fr-commune-15186","name":"Sainte-Eulalie","kind":"commune","center":[2.3819,45.1243],"code":"15186","department":"15"},"bbox":[2.35314,45.10118,2.41072,45.1474],"geometry":{"type":"Polygon","coordinates":[[[2.36833,45.10197],[2.36489,45.10388],[2.36442,45.10734],[2.3634,45.10789],[2.36417,45.11014],[2.36375,45.11218],[2.36545,45.11327],[2.36611,45.11494],[2.36234,45.11455],[2.36131,45.11929],[2.36178,45.12043],[2.36449,45.12344],[2.36611,45.12795],[2.36392,45.12857],[2.36143,45.12839],[2.3576,45.12928],[2.35699,45.13131],[2.35686,45.13307],[2.35529,45.13554],[2.35645,45.13838],[2.35578,45.13908],[2.35398,45.13859],[2.35314,45.13915],[2.35484,45.14044],[2.35351,45.1413],[2.35574,45.14424],[2.35689,45.14353],[2.3586,45.14455],[2.36039,45.14413],[2.363,45.14581],[2.36269,45.14657],[2.36453,45.1474],[2.36679,45.14457],[2.36872,45.14581],[2.37173,45.14592],[2.37228,45.14486],[2.37444,45.14364],[2.37711,45.14356],[2.37802,45.14311],[2.38131,45.14418],[2.38125,45.1459],[2.38223,45.14597],[2.38694,45.14438],[2.38558,45.1431],[2.38875,45.14129],[2.38937,45.1416],[2.39098,45.13997],[2.39317,45.14054],[2.39318,45.13875],[2.39731,45.13806],[2.39757,45.13536],[2.40156,45.13479],[2.40445,45.13494],[2.40836,45.13401],[2.41045,45.13143],[2.41072,45.13018],[2.40915,45.12991],[2.40898,45.12781],[2.40812,45.12701],[2.40677,45.12356],[2.40461,45.12348],[2.40428,45.12267],[2.40229,45.12292],[2.40171,45.12205],[2.40035,45.12149],[2.39856,45.11975],[2.39618,45.11942],[2.39725,45.11813],[2.39965,45.11696],[2.39823,45.11413],[2.39968,45.1132],[2.39999,45.1122],[2.39928,45.11079],[2.39966,45.10676],[2.40135,45.10485],[2.39639,45.10568],[2.3952,45.10359],[2.3937,45.10343],[2.39307,45.10268],[2.39156,45.10297],[2.39137,45.10423],[2.38852,45.10446],[2.38813,45.10344],[2.38602,45.10298],[2.38593,45.10242],[2.38312,45.10149],[2.3789,45.10166],[2.3768,45.10118],[2.37415,45.10178],[2.36833,45.10197]]]}},{"type":"Feature","id":"fr-commune-15187","properties":{"id":"fr-commune-15187","name":"Saint-Flour","kind":"commune","center":[3.073,45.0251],"code":"15187","department":"15"},"bbox":[3.02402,44.98427,3.12203,45.06573],"geometry":{"type":"Polygon","coordinates":[[[3.12203,45.06246],[3.12048,45.0614],[3.11783,45.06024],[3.11401,45.05688],[3.11646,45.0562],[3.11518,45.05465],[3.1134,45.05405],[3.11404,45.05249],[3.11289,45.05031],[3.1146,45.04887],[3.11129,45.04673],[3.11025,45.04519],[3.109,45.04252],[3.11209,45.04111],[3.11054,45.03962],[3.11129,45.03849],[3.10739,45.03673],[3.10987,45.03464],[3.10955,45.03318],[3.10851,45.03249],[3.10651,45.03236],[3.10641,45.03165],[3.10971,45.0301],[3.11324,45.02912],[3.11458,45.03002],[3.11541,45.02925],[3.11429,45.02785],[3.11232,45.02671],[3.11272,45.02565],[3.11435,45.02396],[3.11381,45.02255],[3.11511,45.02021],[3.11607,45.01938],[3.11442,45.01835],[3.11192,45.01578],[3.1121,45.01305],[3.10892,45.01392],[3.10618,45.01545],[3.10231,45.01566],[3.10065,45.0163],[3.09957,45.01271],[3.09862,45.01137],[3.09659,45.01046],[3.09642,45.00916],[3.09787,45.00824],[3.09568,45.00305],[3.09824,45.00102],[3.09896,44.99823],[3.10009,44.9969],[3.10089,44.99514],[3.09974,44.99484],[3.10142,44.99262],[3.10126,44.98997],[3.10181,44.98875],[3.10364,44.98698],[3.10325,44.98618],[3.10168,44.98551],[3.09982,44.98825],[3.09499,44.98746],[3.09352,44.98613],[3.09241,44.98695],[3.09038,44.98708],[3.08941,44.9856],[3.08692,44.98427],[3.08664,44.9867],[3.08338,44.98973],[3.08311,44.99275],[3.08516,44.99526],[3.08432,44.99573],[3.08256,44.99482],[3.0818,44.99518],[3.08233,44.99712],[3.08077,44.99797],[3.08095,44.99865],[3.08311,44.99882],[3.08174,45.00097],[3.08105,45.00041],[3.07939,45.00051],[3.08093,45.00195],[3.07979,45.00344],[3.07811,45.00325],[3.07734,45.00402],[3.08013,45.00426],[3.07963,45.00534],[3.07851,45.0052],[3.07746,45.00758],[3.07785,45.0087],[3.07357,45.01076],[3.07076,45.00979],[3.06878,45.01391],[3.06706,45.01397],[3.06614,45.01269],[3.06369,45.01201],[3.06099,45.01236],[3.05776,45.0122],[3.05847,45.01382],[3.06077,45.0136],[3.05925,45.01534],[3.05718,45.01649],[3.05979,45.01758],[3.05949,45.01876],[3.05816,45.01853],[3.05481,45.01996],[3.05599,45.02045],[3.0526,45.02169],[3.05003,45.02133],[3.04812,45.02179],[3.04663,45.02068],[3.04635,45.01981],[3.04318,45.02089],[3.04196,45.02159],[3.03517,45.02323],[3.02805,45.02383],[3.02402,45.02456],[3.02575,45.02768],[3.0272,45.02917],[3.03268,45.03224],[3.03425,45.03386],[3.03401,45.03481],[3.03798,45.03629],[3.04674,45.03735],[3.04673,45.03585],[3.04886,45.03404],[3.05206,45.03394],[3.05256,45.0321],[3.05333,45.03123],[3.05515,45.03225],[3.05606,45.03204],[3.05759,45.03281],[3.05836,45.03164],[3.06134,45.03246],[3.06472,45.03251],[3.06378,45.03507],[3.06442,45.03574],[3.06459,45.03729],[3.06716,45.03672],[3.06756,45.03788],[3.06434,45.03831],[3.06445,45.04017],[3.06666,45.04144],[3.06623,45.04227],[3.06785,45.0434],[3.06948,45.04512],[3.0699,45.04691],[3.07094,45.04888],[3.07184,45.04965],[3.07182,45.05142],[3.07048,45.05352],[3.07126,45.05469],[3.07278,45.05499],[3.0758,45.05432],[3.07567,45.05579],[3.07473,45.058],[3.0793,45.05859],[3.0837,45.05871],[3.08401,45.05798],[3.08735,45.05773],[3.08781,45.05835],[3.09338,45.05652],[3.09452,45.05674],[3.10089,45.05417],[3.10126,45.05737],[3.1007,45.05948],[3.10066,45.06179],[3.10348,45.06139],[3.1048,45.06216],[3.10669,45.06191],[3.10872,45.06322],[3.11072,45.06226],[3.11242,45.06226],[3.11511,45.06335],[3.11455,45.06385],[3.1166,45.06573],[3.1196,45.06459],[3.11994,45.06359],[3.12159,45.06391],[3.12203,45.06246]]]}},{"type":"Feature","id":"fr-commune-15188","properties":{"id":"fr-commune-15188","name":"Saint-Georges","kind":"commune","center":[3.1442,45.0219],"code":"15188","department":"15"},"bbox":[3.09568,44.98126,3.19263,45.06246],"geometry":{"type":"Polygon","coordinates":[[[3.12372,45.06181],[3.12472,45.0605],[3.12694,45.0587],[3.12754,45.05686],[3.12757,45.05472],[3.12877,45.05431],[3.13032,45.05264],[3.13118,45.04984],[3.13288,45.04875],[3.13859,45.04766],[3.13984,45.04946],[3.14252,45.04979],[3.14502,45.05069],[3.14663,45.05085],[3.14838,45.0503],[3.14999,45.05005],[3.15094,45.0486],[3.15514,45.04527],[3.1594,45.04446],[3.16109,45.0429],[3.16335,45.04392],[3.16482,45.04134],[3.16672,45.03974],[3.16565,45.0392],[3.16453,45.04066],[3.1638,45.03798],[3.16241,45.0381],[3.16105,45.03416],[3.16109,45.03253],[3.15954,45.03061],[3.16198,45.0274],[3.1638,45.02762],[3.1678,45.02749],[3.16951,45.0281],[3.17166,45.0271],[3.17268,45.02522],[3.17181,45.02292],[3.17455,45.02267],[3.17478,45.02185],[3.1768,45.02212],[3.17745,45.02266],[3.18004,45.02294],[3.18123,45.0235],[3.18283,45.02239],[3.18568,45.01657],[3.18747,45.01464],[3.18983,45.01282],[3.19135,45.01003],[3.19263,45.00949],[3.19047,45.00757],[3.19051,45.00628],[3.18969,45.00456],[3.18837,45.00349],[3.18689,45.00381],[3.18517,45.00347],[3.18171,45.00384],[3.18246,45.00243],[3.1812,45.00153],[3.1796,44.99919],[3.18145,44.99761],[3.18371,44.99624],[3.18326,44.99571],[3.1813,44.99612],[3.17889,44.9956],[3.17705,44.99592],[3.17662,44.9966],[3.17491,44.99635],[3.1745,44.99491],[3.17353,44.99366],[3.17137,44.99304],[3.16828,44.99433],[3.16994,44.9949],[3.17253,44.99852],[3.16946,45.00027],[3.16989,45.00096],[3.16689,45.00108],[3.16451,45.00223],[3.16256,45.00359],[3.16412,45.00436],[3.16329,45.00532],[3.16152,45.00573],[3.16028,45.00523],[3.15849,45.00567],[3.15874,45.00803],[3.15705,45.00944],[3.15655,45.00834],[3.1534,45.00932],[3.15138,45.01076],[3.15051,45.00931],[3.14911,45.01026],[3.14424,45.00995],[3.13938,45.00884],[3.13964,45.008],[3.13736,45.00678],[3.13676,45.0054],[3.13806,45.00475],[3.14097,45.00395],[3.1402,45.00239],[3.13976,45.00029],[3.13968,44.99779],[3.14025,44.99683],[3.14057,44.9946],[3.13992,44.99296],[3.1386,44.9918],[3.13863,44.99104],[3.14299,44.9907],[3.14447,44.98943],[3.14376,44.988],[3.14058,44.98818],[3.13922,44.98613],[3.13968,44.98345],[3.13882,44.98215],[3.13492,44.98126],[3.13312,44.98309],[3.12929,44.98533],[3.12708,44.98593],[3.12473,44.98586],[3.11997,44.98501],[3.11793,44.98742],[3.11651,44.98717],[3.11607,44.98884],[3.11395,44.99021],[3.11219,44.99233],[3.10997,44.99181],[3.10512,44.9894],[3.10181,44.98875],[3.10126,44.98997],[3.10142,44.99262],[3.09974,44.99484],[3.10089,44.99514],[3.10009,44.9969],[3.09896,44.99823],[3.09824,45.00102],[3.09568,45.00305],[3.09787,45.00824],[3.09642,45.00916],[3.09659,45.01046],[3.09862,45.01137],[3.09957,45.01271],[3.10065,45.0163],[3.10231,45.01566],[3.10618,45.01545],[3.10892,45.01392],[3.1121,45.01305],[3.11192,45.01578],[3.11442,45.01835],[3.11607,45.01938],[3.11511,45.02021],[3.11381,45.02255],[3.11435,45.02396],[3.11272,45.02565],[3.11232,45.02671],[3.11429,45.02785],[3.11541,45.02925],[3.11458,45.03002],[3.11324,45.02912],[3.10971,45.0301],[3.10641,45.03165],[3.10651,45.03236],[3.10851,45.03249],[3.10955,45.03318],[3.10987,45.03464],[3.10739,45.03673],[3.11129,45.03849],[3.11054,45.03962],[3.11209,45.04111],[3.109,45.04252],[3.11025,45.04519],[3.11129,45.04673],[3.1146,45.04887],[3.11289,45.05031],[3.11404,45.05249],[3.1134,45.05405],[3.11518,45.05465],[3.11646,45.0562],[3.11401,45.05688],[3.11783,45.06024],[3.12048,45.0614],[3.12203,45.06246],[3.12372,45.06181]]]}},{"type":"Feature","id":"fr-commune-15189","properties":{"id":"fr-commune-15189","name":"Saint-Gérons","kind":"commune","center":[2.2063,44.9422],"code":"15189","department":"15"},"bbox":[2.16538,44.91785,2.24723,44.96659],"geometry":{"type":"Polygon","coordinates":[[[2.16538,44.93486],[2.16569,44.93588],[2.16722,44.93833],[2.16907,44.9398],[2.17359,44.94268],[2.17421,44.94511],[2.17717,44.94825],[2.17841,44.95087],[2.18102,44.95359],[2.18186,44.95577],[2.18116,44.95716],[2.18165,44.95907],[2.18243,44.95964],[2.18485,44.96306],[2.18579,44.9638],[2.1873,44.96599],[2.18999,44.9665],[2.19279,44.96411],[2.19544,44.96252],[2.19586,44.9613],[2.19714,44.96015],[2.19981,44.95986],[2.2026,44.95882],[2.20743,44.95912],[2.20888,44.95877],[2.20942,44.96058],[2.21305,44.9611],[2.21547,44.9611],[2.21652,44.9623],[2.21557,44.96272],[2.21348,44.96546],[2.21731,44.96626],[2.21828,44.96572],[2.22023,44.96566],[2.22853,44.96659],[2.22988,44.96655],[2.22961,44.96266],[2.22874,44.96004],[2.22786,44.95865],[2.22679,44.95815],[2.22677,44.95567],[2.22464,44.95484],[2.22319,44.95551],[2.2214,44.95477],[2.22025,44.95487],[2.21964,44.95618],[2.21764,44.9561],[2.21667,44.95282],[2.21829,44.95265],[2.21881,44.95109],[2.21813,44.94926],[2.21788,44.94634],[2.21893,44.94415],[2.2187,44.94317],[2.22048,44.94144],[2.22299,44.94101],[2.22505,44.94165],[2.22604,44.94397],[2.22787,44.94345],[2.23233,44.93918],[2.23479,44.93624],[2.23782,44.93443],[2.24242,44.92755],[2.24496,44.92449],[2.24723,44.9221],[2.24486,44.92024],[2.24385,44.91907],[2.24074,44.91887],[2.23896,44.91971],[2.23557,44.92041],[2.2358,44.91929],[2.23277,44.91926],[2.23091,44.91884],[2.23022,44.91973],[2.2305,44.92265],[2.22986,44.92282],[2.22918,44.92499],[2.22767,44.92585],[2.22743,44.92733],[2.22634,44.9285],[2.22546,44.92845],[2.22419,44.92953],[2.22374,44.93057],[2.22254,44.93048],[2.22256,44.9294],[2.22135,44.92821],[2.21814,44.92598],[2.21604,44.92585],[2.21393,44.92525],[2.21596,44.92298],[2.21348,44.92152],[2.21285,44.92066],[2.21026,44.91992],[2.21004,44.91878],[2.2086,44.91785],[2.20757,44.91801],[2.20558,44.91953],[2.20494,44.92063],[2.20123,44.92235],[2.20133,44.92386],[2.19959,44.92607],[2.19742,44.92701],[2.19456,44.92625],[2.1938,44.92656],[2.19146,44.92572],[2.1883,44.92553],[2.18526,44.9271],[2.18221,44.92809],[2.18191,44.92955],[2.18072,44.93066],[2.1768,44.93171],[2.17423,44.93181],[2.1724,44.93137],[2.16887,44.93201],[2.16598,44.93224],[2.16538,44.93486]]]}},{"type":"Feature","id":"fr-commune-15190","properties":{"id":"fr-commune-15190","name":"Saint-Hippolyte","kind":"commune","center":[2.703569402950679,45.219486261813095],"code":"15190","department":"15"},"bbox":[2.66966,45.19156,2.74608,45.24379],"geometry":{"type":"Polygon","coordinates":[[[2.72904,45.2411],[2.72973,45.23832],[2.73138,45.23827],[2.7313,45.23499],[2.73218,45.23382],[2.73345,45.23309],[2.73517,45.23403],[2.73767,45.2332],[2.74052,45.2337],[2.74039,45.23228],[2.74249,45.23135],[2.74608,45.22651],[2.74568,45.22411],[2.74464,45.22398],[2.7435,45.22228],[2.74088,45.22134],[2.73587,45.22292],[2.73402,45.22221],[2.73244,45.22347],[2.72983,45.22393],[2.72874,45.2228],[2.72807,45.21758],[2.72806,45.21583],[2.72583,45.21651],[2.72527,45.21782],[2.7233,45.21819],[2.7231,45.21697],[2.72202,45.21684],[2.7214,45.21878],[2.7198,45.21874],[2.71956,45.22009],[2.7177,45.21996],[2.71629,45.21929],[2.71503,45.22015],[2.71425,45.2188],[2.7126,45.21849],[2.71234,45.21741],[2.70953,45.2172],[2.70755,45.21824],[2.70641,45.21689],[2.70705,45.21622],[2.70608,45.21492],[2.70799,45.21289],[2.70569,45.21352],[2.70524,45.2124],[2.70683,45.211],[2.70632,45.21001],[2.70414,45.20836],[2.70617,45.20754],[2.70654,45.20574],[2.70825,45.20353],[2.70971,45.20352],[2.71113,45.20186],[2.70984,45.20083],[2.70929,45.19714],[2.70661,45.19692],[2.70662,45.1976],[2.70426,45.19783],[2.704,45.1968],[2.70165,45.19707],[2.70037,45.19639],[2.70058,45.1991],[2.69887,45.19968],[2.69837,45.20067],[2.69671,45.20099],[2.69353,45.20011],[2.69324,45.2014],[2.69227,45.20195],[2.69003,45.20079],[2.68539,45.20297],[2.6803,45.20294],[2.67922,45.20258],[2.68048,45.20127],[2.68135,45.19785],[2.68152,45.19485],[2.68047,45.19156],[2.6777,45.19206],[2.67688,45.19251],[2.67451,45.19274],[2.67344,45.19464],[2.67403,45.19816],[2.67455,45.19918],[2.67586,45.19982],[2.67788,45.20209],[2.67619,45.20794],[2.67494,45.21123],[2.67336,45.21421],[2.67243,45.21543],[2.66966,45.22082],[2.67297,45.22127],[2.67171,45.2233],[2.67184,45.22411],[2.67355,45.22457],[2.67441,45.22596],[2.67809,45.22567],[2.67909,45.22794],[2.68075,45.22755],[2.68197,45.22792],[2.68696,45.22619],[2.68763,45.22505],[2.68948,45.22559],[2.68904,45.22689],[2.69082,45.2268],[2.69145,45.22603],[2.6933,45.22616],[2.69377,45.22534],[2.69608,45.22509],[2.69527,45.2262],[2.69459,45.22953],[2.69619,45.23042],[2.69853,45.22839],[2.69927,45.227],[2.70064,45.22665],[2.70185,45.23],[2.70319,45.23053],[2.70321,45.23242],[2.70205,45.23213],[2.70149,45.23379],[2.70335,45.23436],[2.70355,45.23552],[2.70267,45.23787],[2.70355,45.23884],[2.70661,45.23914],[2.70758,45.2395],[2.70699,45.24073],[2.70568,45.24083],[2.70633,45.24213],[2.70895,45.24379],[2.70957,45.24218],[2.71184,45.2386],[2.71144,45.23491],[2.71244,45.23347],[2.7155,45.23306],[2.71596,45.23545],[2.71928,45.23683],[2.72196,45.23835],[2.72197,45.23934],[2.72077,45.24029],[2.72296,45.241],[2.72466,45.24034],[2.72596,45.23935],[2.72766,45.23918],[2.72771,45.24026],[2.72904,45.2411]]]}},{"type":"Feature","id":"fr-commune-15191","properties":{"id":"fr-commune-15191","name":"Saint-Illide","kind":"commune","center":[2.3152,45.0463],"code":"15191","department":"15"},"bbox":[2.25815,45.01065,2.37215,45.08194],"geometry":{"type":"Polygon","coordinates":[[[2.31332,45.02119],[2.31433,45.02251],[2.31535,45.02562],[2.31419,45.0266],[2.31522,45.02996],[2.31542,45.03168],[2.3151,45.03306],[2.31322,45.03533],[2.31205,45.03596],[2.3111,45.03552],[2.31269,45.03406],[2.31095,45.0325],[2.30846,45.03145],[2.30667,45.03354],[2.30597,45.03369],[2.30382,45.03262],[2.30397,45.0319],[2.3029,45.03093],[2.30109,45.03132],[2.2969,45.03031],[2.29761,45.03209],[2.29613,45.0327],[2.29284,45.03244],[2.291,45.03433],[2.28925,45.03392],[2.2888,45.03279],[2.2864,45.0329],[2.28597,45.03475],[2.28609,45.03633],[2.28511,45.03736],[2.28195,45.03729],[2.28084,45.03755],[2.27916,45.03796],[2.27772,45.03744],[2.27674,45.03781],[2.2749,45.03694],[2.273,45.03711],[2.27198,45.03828],[2.27208,45.03944],[2.27334,45.0403],[2.27309,45.04246],[2.27479,45.04308],[2.27572,45.04432],[2.27598,45.04597],[2.27671,45.04675],[2.27547,45.04846],[2.27293,45.04824],[2.27241,45.04956],[2.27073,45.05085],[2.26819,45.05136],[2.26577,45.05296],[2.26571,45.05388],[2.26681,45.05444],[2.26823,45.05645],[2.26803,45.05778],[2.2674,45.06008],[2.26618,45.06292],[2.26404,45.06428],[2.26234,45.06426],[2.26118,45.06325],[2.26074,45.06193],[2.25918,45.06142],[2.25815,45.06311],[2.25892,45.06403],[2.26105,45.06463],[2.26208,45.0654],[2.2626,45.06717],[2.26269,45.06902],[2.26215,45.07019],[2.2611,45.07073],[2.26348,45.07287],[2.26517,45.07299],[2.26764,45.07219],[2.26959,45.07225],[2.27063,45.07322],[2.27307,45.07379],[2.27636,45.07312],[2.27845,45.07176],[2.27925,45.07032],[2.28088,45.07124],[2.28344,45.0715],[2.28375,45.07451],[2.28508,45.07304],[2.28758,45.07214],[2.28993,45.07323],[2.29364,45.07438],[2.29326,45.07568],[2.2946,45.07566],[2.2949,45.07437],[2.2961,45.07423],[2.29688,45.07229],[2.29762,45.07219],[2.29938,45.07387],[2.30102,45.07362],[2.3019,45.07512],[2.30315,45.07531],[2.30458,45.07447],[2.30471,45.07373],[2.30678,45.07383],[2.30826,45.07288],[2.3109,45.07186],[2.31195,45.07264],[2.30882,45.07405],[2.30855,45.07538],[2.31083,45.07437],[2.31333,45.07372],[2.31781,45.07438],[2.32027,45.0741],[2.32285,45.07598],[2.32419,45.07783],[2.32582,45.07818],[2.32677,45.07931],[2.32829,45.0796],[2.33034,45.07876],[2.33174,45.08128],[2.33431,45.08194],[2.33523,45.08169],[2.33568,45.08061],[2.33805,45.07732],[2.33781,45.07579],[2.33898,45.07446],[2.34036,45.07463],[2.34008,45.07629],[2.34123,45.07738],[2.3437,45.07671],[2.34588,45.0733],[2.34705,45.07254],[2.3494,45.0739],[2.35093,45.07423],[2.35312,45.07348],[2.35675,45.07407],[2.35908,45.07477],[2.35862,45.07686],[2.36028,45.07725],[2.36081,45.07614],[2.36013,45.07531],[2.36121,45.0746],[2.36328,45.07549],[2.36408,45.07522],[2.3641,45.07367],[2.36554,45.07367],[2.36694,45.07301],[2.36715,45.07128],[2.36422,45.07],[2.36441,45.06898],[2.36429,45.06751],[2.36583,45.06458],[2.36504,45.06232],[2.36686,45.06132],[2.36937,45.06063],[2.36772,45.0582],[2.36617,45.05665],[2.36734,45.05579],[2.36614,45.05432],[2.36659,45.05266],[2.36523,45.05093],[2.36228,45.05038],[2.36086,45.04952],[2.36194,45.04884],[2.36111,45.0481],[2.35956,45.04931],[2.35809,45.04839],[2.35694,45.04869],[2.35584,45.04773],[2.35354,45.04876],[2.35226,45.04685],[2.35272,45.04589],[2.35535,45.04591],[2.35533,45.04441],[2.35329,45.04302],[2.3539,45.04217],[2.35678,45.0431],[2.35976,45.04092],[2.36223,45.03955],[2.36326,45.0402],[2.36284,45.04104],[2.36615,45.04266],[2.36708,45.0426],[2.36797,45.0404],[2.36987,45.0395],[2.37215,45.03991],[2.37196,45.03788],[2.37024,45.03664],[2.37206,45.03579],[2.37099,45.03466],[2.36852,45.03452],[2.36782,45.03357],[2.36545,45.03317],[2.3665,45.03169],[2.36354,45.03202],[2.3602,45.03274],[2.35967,45.03111],[2.35979,45.02994],[2.35727,45.03015],[2.3555,45.03256],[2.35385,45.03158],[2.35374,45.03033],[2.35448,45.0273],[2.35463,45.02552],[2.35263,45.02422],[2.3509,45.02428],[2.34975,45.02346],[2.34937,45.02172],[2.34847,45.02047],[2.35033,45.01928],[2.35066,45.01826],[2.34989,45.01575],[2.34903,45.01488],[2.34812,45.01272],[2.34747,45.01211],[2.34546,45.01157],[2.34407,45.01065],[2.34281,45.01082],[2.34023,45.01242],[2.33998,45.01467],[2.33763,45.01714],[2.33617,45.01912],[2.33459,45.01988],[2.3334,45.01963],[2.32992,45.02036],[2.32904,45.02135],[2.32718,45.02205],[2.32413,45.02035],[2.32099,45.02163],[2.31901,45.02184],[2.31601,45.02114],[2.3152,45.0216],[2.31332,45.02119]]]}},{"type":"Feature","id":"fr-commune-15192","properties":{"id":"fr-commune-15192","name":"Saint-Jacques-des-Blats","kind":"commune","center":[2.7185,45.0536],"code":"15192","department":"15"},"bbox":[2.67111,45.01883,2.7659,45.08833],"geometry":{"type":"Polygon","coordinates":[[[2.76096,45.057],[2.75847,45.05591],[2.75554,45.05427],[2.75322,45.04951],[2.75316,45.04864],[2.75148,45.04569],[2.75096,45.04385],[2.74669,45.04162],[2.74364,45.04033],[2.74246,45.03931],[2.74016,45.03577],[2.73978,45.03467],[2.73752,45.03146],[2.73634,45.03099],[2.7334,45.0279],[2.73181,45.02664],[2.73115,45.02368],[2.72719,45.01914],[2.7249,45.01883],[2.72397,45.02109],[2.72468,45.02338],[2.72429,45.02419],[2.72215,45.02542],[2.72018,45.02605],[2.71924,45.02682],[2.71448,45.02643],[2.7136,45.02765],[2.71195,45.02721],[2.70879,45.02902],[2.70783,45.02843],[2.70625,45.02848],[2.7034,45.02938],[2.70225,45.02885],[2.70023,45.02917],[2.6975,45.02868],[2.69655,45.02986],[2.69519,45.02912],[2.69446,45.02774],[2.69214,45.02494],[2.69062,45.02407],[2.68835,45.02347],[2.68749,45.02475],[2.6881,45.02596],[2.68743,45.02807],[2.68754,45.02976],[2.68925,45.03281],[2.69025,45.03619],[2.69202,45.03697],[2.69198,45.03951],[2.69002,45.04097],[2.68903,45.04356],[2.68796,45.04452],[2.68601,45.04539],[2.6848,45.04723],[2.68498,45.04972],[2.68314,45.05124],[2.68139,45.052],[2.67975,45.05349],[2.67537,45.05467],[2.67111,45.05423],[2.67231,45.05568],[2.67236,45.05663],[2.67332,45.05786],[2.67516,45.05934],[2.67712,45.06173],[2.67694,45.06276],[2.68037,45.06284],[2.68502,45.06417],[2.68793,45.06291],[2.69198,45.06159],[2.69529,45.06199],[2.6967,45.06415],[2.69582,45.06626],[2.69628,45.06782],[2.69617,45.07116],[2.69854,45.07381],[2.70262,45.07712],[2.70555,45.07923],[2.70777,45.08137],[2.71059,45.08223],[2.71221,45.08364],[2.71302,45.08538],[2.71628,45.08775],[2.71673,45.08833],[2.71799,45.08806],[2.72318,45.08777],[2.72979,45.0872],[2.73261,45.0871],[2.73375,45.0836],[2.73758,45.08299],[2.74179,45.08282],[2.7428,45.08297],[2.74686,45.08028],[2.74746,45.08047],[2.75173,45.07943],[2.75169,45.07836],[2.75295,45.07731],[2.75267,45.07665],[2.75461,45.0732],[2.75673,45.07206],[2.76194,45.07021],[2.76496,45.06769],[2.7659,45.06639],[2.76302,45.06506],[2.76158,45.06234],[2.76118,45.06073],[2.76167,45.05803],[2.76096,45.057]]]}},{"type":"Feature","id":"fr-commune-15194","properties":{"id":"fr-commune-15194","name":"Saint-Julien-de-Toursac","kind":"commune","center":[2.2020882677512508,44.77420086585258],"code":"15194","department":"15"},"bbox":[2.16821,44.74155,2.22803,44.79988],"geometry":{"type":"Polygon","coordinates":[[[2.18046,44.79823],[2.18289,44.79729],[2.18394,44.79801],[2.18576,44.79674],[2.18691,44.79784],[2.18784,44.79745],[2.18931,44.79793],[2.19197,44.79735],[2.19344,44.79557],[2.19633,44.79535],[2.19764,44.7965],[2.1971,44.79853],[2.19955,44.79988],[2.20164,44.79771],[2.20059,44.79649],[2.20057,44.7953],[2.20131,44.79297],[2.20323,44.79131],[2.20058,44.7889],[2.19981,44.78777],[2.20336,44.78691],[2.20397,44.78548],[2.20602,44.78499],[2.206,44.78416],[2.20824,44.78341],[2.20848,44.78111],[2.20953,44.78038],[2.21068,44.77873],[2.21054,44.77761],[2.21383,44.77514],[2.2178,44.77524],[2.21963,44.77416],[2.22058,44.7743],[2.21913,44.77272],[2.21927,44.77142],[2.21844,44.77016],[2.22152,44.76884],[2.22227,44.76942],[2.22425,44.76838],[2.22519,44.76653],[2.22574,44.76293],[2.22735,44.76332],[2.22803,44.76259],[2.22685,44.76177],[2.22657,44.75909],[2.2239,44.75802],[2.22311,44.75709],[2.22111,44.75679],[2.22068,44.75546],[2.22128,44.75475],[2.22175,44.75277],[2.22308,44.75297],[2.2232,44.74826],[2.22042,44.74727],[2.22071,44.74651],[2.21949,44.74502],[2.22138,44.74455],[2.21996,44.74305],[2.21904,44.74318],[2.21701,44.74155],[2.21426,44.74185],[2.2118,44.74301],[2.21078,44.74409],[2.2084,44.74402],[2.20921,44.74539],[2.20809,44.74633],[2.20962,44.74779],[2.20868,44.75073],[2.20767,44.75171],[2.20875,44.75223],[2.20785,44.75317],[2.20741,44.75678],[2.20932,44.75873],[2.2069,44.75953],[2.20729,44.76114],[2.2049,44.763],[2.20422,44.76537],[2.20307,44.76659],[2.20442,44.76857],[2.2042,44.76966],[2.20289,44.77078],[2.20302,44.77229],[2.20164,44.77322],[2.20006,44.77608],[2.19914,44.7765],[2.19707,44.77881],[2.19675,44.77981],[2.19504,44.78138],[2.19307,44.78112],[2.19176,44.78036],[2.1899,44.78075],[2.18657,44.78058],[2.1776,44.78204],[2.17372,44.78255],[2.16858,44.78195],[2.16821,44.78289],[2.16958,44.78448],[2.17159,44.7856],[2.17122,44.78746],[2.17153,44.7904],[2.17308,44.79079],[2.17329,44.79281],[2.17453,44.79296],[2.17647,44.79228],[2.17769,44.79441],[2.17728,44.79576],[2.17623,44.79682],[2.17633,44.79804],[2.17921,44.79728],[2.18046,44.79823]]]}},{"type":"Feature","id":"fr-commune-15196","properties":{"id":"fr-commune-15196","name":"Saint-Mamet-la-Salvetat","kind":"commune","center":[2.3059,44.865],"code":"15196","department":"15"},"bbox":[2.24016,44.82033,2.37159,44.90939],"geometry":{"type":"Polygon","coordinates":[[[2.36537,44.87484],[2.36762,44.8728],[2.36825,44.8714],[2.37006,44.8704],[2.37017,44.86924],[2.37159,44.86882],[2.37065,44.86556],[2.36869,44.86259],[2.36661,44.86153],[2.36608,44.86308],[2.36269,44.86438],[2.36077,44.86383],[2.36042,44.86111],[2.35888,44.85978],[2.35858,44.8577],[2.35947,44.855],[2.36031,44.85419],[2.35992,44.85298],[2.35869,44.85206],[2.35883,44.8512],[2.3561,44.85014],[2.35705,44.849],[2.35515,44.84747],[2.35427,44.8463],[2.35439,44.84473],[2.35294,44.84284],[2.35288,44.84095],[2.35334,44.8399],[2.35493,44.83933],[2.35765,44.83946],[2.35881,44.83866],[2.36107,44.83851],[2.3641,44.8397],[2.36628,44.8399],[2.36619,44.83888],[2.36858,44.8359],[2.3703,44.83479],[2.36743,44.83383],[2.36514,44.83277],[2.35822,44.83243],[2.35634,44.83188],[2.35278,44.83137],[2.35163,44.83169],[2.35123,44.83263],[2.3499,44.83358],[2.34824,44.83216],[2.34804,44.83019],[2.34598,44.82835],[2.34584,44.82778],[2.3446,44.82946],[2.34258,44.82931],[2.33806,44.828],[2.3373,44.82843],[2.33675,44.83063],[2.33541,44.83171],[2.33391,44.83199],[2.33272,44.83328],[2.33151,44.83346],[2.32421,44.82809],[2.32273,44.82685],[2.32033,44.82792],[2.31688,44.8282],[2.31455,44.82675],[2.3115,44.82631],[2.3103,44.82544],[2.30886,44.82177],[2.3076,44.82191],[2.30565,44.82423],[2.30216,44.82712],[2.30076,44.82952],[2.29878,44.82976],[2.29734,44.83066],[2.29456,44.83049],[2.29469,44.82873],[2.29292,44.82879],[2.28959,44.83015],[2.28933,44.82974],[2.28624,44.82939],[2.28317,44.82993],[2.28324,44.82693],[2.28282,44.82347],[2.28137,44.8215],[2.28061,44.82119],[2.27505,44.82118],[2.27383,44.82033],[2.27093,44.8206],[2.26884,44.82136],[2.26827,44.82091],[2.26292,44.82403],[2.2616,44.82342],[2.25954,44.82323],[2.25845,44.8225],[2.25628,44.8219],[2.25562,44.82104],[2.25399,44.82177],[2.25404,44.82434],[2.25317,44.82613],[2.25132,44.82714],[2.24928,44.82756],[2.24721,44.82895],[2.24537,44.83033],[2.24356,44.83124],[2.24347,44.83449],[2.24265,44.8352],[2.24168,44.83782],[2.24123,44.83993],[2.24016,44.84085],[2.24219,44.84172],[2.24423,44.84526],[2.24634,44.84669],[2.24767,44.84839],[2.24906,44.84928],[2.25086,44.84965],[2.2482,44.85098],[2.24794,44.85198],[2.25081,44.85427],[2.2509,44.85538],[2.25507,44.85581],[2.25665,44.85505],[2.25812,44.85624],[2.25913,44.85598],[2.26029,44.85669],[2.25923,44.858],[2.26039,44.85864],[2.26335,44.86077],[2.26493,44.86311],[2.26617,44.8641],[2.26591,44.86546],[2.26459,44.86715],[2.26439,44.86839],[2.26347,44.86912],[2.26474,44.8703],[2.26378,44.87159],[2.26616,44.87436],[2.26685,44.87347],[2.26926,44.8727],[2.27165,44.87153],[2.27406,44.87166],[2.27643,44.87445],[2.27721,44.8759],[2.2794,44.87455],[2.27987,44.87121],[2.27974,44.86972],[2.28112,44.86915],[2.28156,44.86772],[2.2806,44.86569],[2.27796,44.86535],[2.28141,44.86444],[2.28568,44.86273],[2.28632,44.86179],[2.28954,44.86066],[2.29254,44.86053],[2.29421,44.86273],[2.29278,44.86539],[2.29571,44.86577],[2.29583,44.86887],[2.29882,44.86977],[2.30163,44.87122],[2.30213,44.87093],[2.30505,44.87189],[2.30611,44.87351],[2.30447,44.87437],[2.3032,44.87607],[2.30237,44.87606],[2.30015,44.8774],[2.29993,44.87844],[2.29828,44.87927],[2.29765,44.88023],[2.29572,44.88093],[2.29223,44.88385],[2.29099,44.88414],[2.28968,44.88532],[2.28742,44.88558],[2.28633,44.88735],[2.28495,44.88745],[2.28367,44.88824],[2.28193,44.88737],[2.28029,44.88926],[2.2813,44.89056],[2.27959,44.89246],[2.28041,44.89326],[2.27877,44.89473],[2.27882,44.89615],[2.27825,44.89736],[2.27694,44.89625],[2.27398,44.89867],[2.27514,44.89956],[2.2747,44.90079],[2.27656,44.90266],[2.2765,44.90434],[2.27731,44.90429],[2.28083,44.90519],[2.28331,44.90704],[2.2856,44.90759],[2.28703,44.90698],[2.28954,44.90715],[2.29129,44.90681],[2.29228,44.90869],[2.29341,44.90939],[2.29701,44.90934],[2.29719,44.90818],[2.29858,44.90643],[2.29904,44.90512],[2.30235,44.90344],[2.30419,44.903],[2.30639,44.90131],[2.30921,44.90145],[2.31147,44.90003],[2.31502,44.89928],[2.31503,44.89716],[2.31435,44.8954],[2.31578,44.89373],[2.31818,44.89334],[2.31888,44.89425],[2.32023,44.89359],[2.3208,44.89257],[2.31884,44.88918],[2.31681,44.88848],[2.31605,44.8876],[2.31608,44.88576],[2.31825,44.88418],[2.31976,44.88398],[2.32025,44.88227],[2.32145,44.8807],[2.32248,44.88021],[2.32183,44.8752],[2.32117,44.87439],[2.31854,44.87261],[2.3202,44.87199],[2.32079,44.87248],[2.32257,44.87208],[2.32553,44.87083],[2.32459,44.86862],[2.3192,44.87028],[2.31643,44.87],[2.31825,44.86813],[2.31659,44.86543],[2.31854,44.86437],[2.3205,44.86622],[2.32294,44.86668],[2.32846,44.87064],[2.33029,44.87105],[2.33379,44.87268],[2.33633,44.8751],[2.33626,44.87607],[2.33728,44.87716],[2.33437,44.87764],[2.33293,44.88046],[2.33468,44.88106],[2.33659,44.88109],[2.33807,44.88158],[2.33996,44.8805],[2.34277,44.87993],[2.34746,44.87994],[2.349,44.88042],[2.35022,44.87899],[2.3516,44.87915],[2.35343,44.87824],[2.35368,44.87711],[2.35492,44.87547],[2.35619,44.8752],[2.35827,44.87401],[2.36148,44.87375],[2.36537,44.87484]]]}},{"type":"Feature","id":"fr-commune-15198","properties":{"id":"fr-commune-15198","name":"Sainte-Marie","kind":"commune","center":[2.888,44.8967],"code":"15198","department":"15"},"bbox":[2.85263,44.86738,2.92365,44.92612],"geometry":{"type":"Polygon","coordinates":[[[2.85975,44.87442],[2.85697,44.8753],[2.85473,44.87406],[2.85263,44.87505],[2.85528,44.87873],[2.8546,44.8821],[2.85532,44.88302],[2.85598,44.88533],[2.85774,44.88716],[2.85852,44.88952],[2.85712,44.89024],[2.8589,44.89156],[2.86029,44.89326],[2.85976,44.89568],[2.86241,44.89834],[2.86451,44.89734],[2.86723,44.89758],[2.86766,44.90137],[2.86873,44.90316],[2.8688,44.90423],[2.86775,44.90685],[2.86583,44.90948],[2.8637,44.91341],[2.86282,44.91616],[2.86265,44.91811],[2.8647,44.91961],[2.8647,44.92071],[2.86651,44.92135],[2.86758,44.92366],[2.86668,44.92467],[2.86704,44.92612],[2.87184,44.92476],[2.87155,44.92233],[2.87428,44.92132],[2.87493,44.92066],[2.87864,44.92081],[2.87857,44.91946],[2.88174,44.91995],[2.88297,44.92094],[2.88355,44.91967],[2.88694,44.92001],[2.88712,44.91888],[2.8841,44.91896],[2.88444,44.91802],[2.8866,44.91826],[2.88785,44.91569],[2.88937,44.91613],[2.89189,44.91468],[2.89295,44.91332],[2.89705,44.91227],[2.8983,44.91276],[2.89966,44.91177],[2.89995,44.91086],[2.90146,44.9095],[2.90341,44.9072],[2.90471,44.9048],[2.90336,44.90283],[2.90087,44.90077],[2.89923,44.90118],[2.89836,44.90209],[2.89711,44.90106],[2.89538,44.90099],[2.8924,44.90272],[2.89123,44.9027],[2.89041,44.90158],[2.89047,44.89985],[2.89208,44.89736],[2.89256,44.89507],[2.89768,44.89112],[2.90159,44.89011],[2.90552,44.89085],[2.90913,44.89115],[2.90977,44.89151],[2.91186,44.8905],[2.91281,44.89112],[2.91352,44.89383],[2.91495,44.89459],[2.91688,44.89393],[2.9197,44.89353],[2.92265,44.89376],[2.92365,44.8933],[2.92249,44.89056],[2.92176,44.8898],[2.91938,44.88926],[2.91877,44.88856],[2.91787,44.88552],[2.91433,44.88541],[2.91328,44.88466],[2.91166,44.88089],[2.90869,44.87878],[2.90532,44.87706],[2.90052,44.87258],[2.89837,44.87205],[2.89649,44.87008],[2.89191,44.86738],[2.89041,44.86918],[2.88719,44.86952],[2.88385,44.8675],[2.88188,44.86761],[2.88061,44.86884],[2.87873,44.86962],[2.87506,44.87048],[2.87281,44.87189],[2.86898,44.8726],[2.86472,44.87307],[2.85975,44.87442]]]}},{"type":"Feature","id":"fr-commune-15199","properties":{"id":"fr-commune-15199","name":"Saint-Martial","kind":"commune","center":[3.0385,44.8845],"code":"15199","department":"15"},"bbox":[3.00609,44.85953,3.07083,44.90943],"geometry":{"type":"Polygon","coordinates":[[[3.06178,44.85953],[3.06127,44.86098],[3.06021,44.86184],[3.05621,44.86311],[3.05299,44.8634],[3.05039,44.86297],[3.04641,44.8643],[3.04147,44.86351],[3.04003,44.86437],[3.04132,44.86698],[3.04173,44.86895],[3.03832,44.86902],[3.03376,44.87117],[3.03083,44.87111],[3.03305,44.87297],[3.03383,44.87484],[3.03327,44.87567],[3.03206,44.88022],[3.03068,44.88112],[3.02914,44.88127],[3.02677,44.88096],[3.02187,44.88441],[3.02133,44.8873],[3.02152,44.88937],[3.02004,44.8905],[3.01692,44.89018],[3.01496,44.89181],[3.01178,44.89333],[3.00923,44.89367],[3.00609,44.8948],[3.00825,44.89829],[3.01023,44.9004],[3.01141,44.90123],[3.0141,44.90233],[3.01537,44.9024],[3.02093,44.90171],[3.02355,44.90267],[3.02576,44.90243],[3.03019,44.90049],[3.03167,44.90111],[3.03115,44.90198],[3.02868,44.90285],[3.02784,44.90408],[3.0281,44.90554],[3.02904,44.90628],[3.03456,44.9083],[3.0369,44.90893],[3.04198,44.90943],[3.04423,44.90889],[3.04508,44.90825],[3.04491,44.90721],[3.04071,44.90628],[3.04012,44.90582],[3.04095,44.90391],[3.04232,44.90307],[3.04372,44.90294],[3.04683,44.90386],[3.05064,44.90428],[3.05188,44.90496],[3.05342,44.90755],[3.05616,44.90549],[3.05696,44.90413],[3.05708,44.90288],[3.05839,44.90152],[3.06082,44.90212],[3.06126,44.90365],[3.0641,44.90306],[3.06463,44.90382],[3.06687,44.9016],[3.06822,44.90358],[3.06955,44.90266],[3.06973,44.90076],[3.07083,44.89831],[3.07047,44.89672],[3.06808,44.89463],[3.06834,44.89151],[3.06723,44.89032],[3.0677,44.88856],[3.06434,44.88591],[3.06506,44.88357],[3.06417,44.88303],[3.0626,44.88385],[3.06164,44.88305],[3.06156,44.88188],[3.05986,44.88194],[3.05873,44.88012],[3.05969,44.87989],[3.06062,44.87784],[3.05985,44.87693],[3.05989,44.87502],[3.06108,44.87242],[3.06351,44.87142],[3.06164,44.87066],[3.0612,44.86717],[3.06219,44.8659],[3.06487,44.86741],[3.06727,44.86637],[3.06841,44.86475],[3.06703,44.86349],[3.06397,44.86148],[3.06178,44.85953]]]}},{"type":"Feature","id":"fr-commune-15200","properties":{"id":"fr-commune-15200","name":"Saint-Martin-Cantalès","kind":"commune","center":[2.2995,45.0909],"code":"15200","department":"15"},"bbox":[2.24947,45.06897,2.34965,45.11304],"geometry":{"type":"Polygon","coordinates":[[[2.33523,45.08169],[2.33431,45.08194],[2.33174,45.08128],[2.33034,45.07876],[2.32829,45.0796],[2.32677,45.07931],[2.32582,45.07818],[2.32419,45.07783],[2.32285,45.07598],[2.32027,45.0741],[2.31781,45.07438],[2.31333,45.07372],[2.31083,45.07437],[2.30855,45.07538],[2.30882,45.07405],[2.31195,45.07264],[2.3109,45.07186],[2.30826,45.07288],[2.30678,45.07383],[2.30471,45.07373],[2.30458,45.07447],[2.30315,45.07531],[2.3019,45.07512],[2.30102,45.07362],[2.29938,45.07387],[2.29762,45.07219],[2.29688,45.07229],[2.2961,45.07423],[2.2949,45.07437],[2.2946,45.07566],[2.29326,45.07568],[2.29364,45.07438],[2.28993,45.07323],[2.28758,45.07214],[2.28508,45.07304],[2.28375,45.07451],[2.28344,45.0715],[2.28088,45.07124],[2.27925,45.07032],[2.27845,45.07176],[2.27636,45.07312],[2.27307,45.07379],[2.27063,45.07322],[2.26959,45.07225],[2.26764,45.07219],[2.26517,45.07299],[2.26348,45.07287],[2.2611,45.07073],[2.25919,45.0693],[2.25711,45.06897],[2.25672,45.06977],[2.25697,45.07167],[2.25418,45.07426],[2.25348,45.079],[2.25027,45.07951],[2.24947,45.08004],[2.24956,45.08163],[2.25044,45.08316],[2.25202,45.08493],[2.2529,45.08474],[2.25383,45.08328],[2.25575,45.0834],[2.25726,45.08411],[2.25843,45.08521],[2.2606,45.08397],[2.26174,45.08483],[2.26367,45.08525],[2.26542,45.08447],[2.2698,45.0809],[2.27102,45.08169],[2.27065,45.0839],[2.2709,45.08619],[2.27018,45.08768],[2.26844,45.08792],[2.26777,45.08919],[2.27153,45.08912],[2.27193,45.08988],[2.27133,45.0912],[2.27223,45.09211],[2.27446,45.09176],[2.27392,45.0903],[2.27408,45.08839],[2.2761,45.08849],[2.2782,45.08904],[2.27998,45.09027],[2.28061,45.09163],[2.2797,45.0925],[2.27716,45.09248],[2.27761,45.09425],[2.27703,45.09582],[2.27826,45.09647],[2.28153,45.09519],[2.28265,45.0945],[2.28496,45.09532],[2.28851,45.09547],[2.28783,45.09715],[2.28825,45.0984],[2.2899,45.09899],[2.29406,45.09802],[2.29507,45.09829],[2.29493,45.0994],[2.29652,45.09977],[2.29864,45.09801],[2.30003,45.0984],[2.29866,45.10007],[2.30023,45.10025],[2.30196,45.09984],[2.30374,45.10045],[2.30473,45.10282],[2.30661,45.10286],[2.30598,45.10397],[2.30657,45.10482],[2.31031,45.1065],[2.31327,45.1069],[2.31435,45.10795],[2.31798,45.1077],[2.32038,45.10963],[2.31851,45.11223],[2.31942,45.11304],[2.3206,45.11183],[2.32303,45.11154],[2.32438,45.10836],[2.32548,45.10857],[2.3257,45.11116],[2.32691,45.11209],[2.32872,45.11223],[2.32975,45.11166],[2.33248,45.11146],[2.33438,45.11194],[2.33718,45.11188],[2.33843,45.11266],[2.33947,45.11175],[2.34262,45.11196],[2.34414,45.11116],[2.34545,45.11262],[2.34674,45.1127],[2.34696,45.11089],[2.34897,45.11041],[2.34965,45.1053],[2.34671,45.10532],[2.34461,45.105],[2.34493,45.1038],[2.34391,45.10218],[2.34404,45.10118],[2.34226,45.1002],[2.34093,45.09898],[2.34011,45.09549],[2.33992,45.09349],[2.34092,45.09256],[2.34195,45.09291],[2.34629,45.08897],[2.34513,45.08703],[2.34383,45.08702],[2.34096,45.0849],[2.33978,45.08486],[2.33855,45.0837],[2.33689,45.08316],[2.33523,45.08169]]]}},{"type":"Feature","id":"fr-commune-15201","properties":{"id":"fr-commune-15201","name":"Saint-Martin-sous-Vigouroux","kind":"commune","center":[2.7969,44.9435],"code":"15201","department":"15"},"bbox":[2.77173,44.88751,2.82036,44.99861],"geometry":{"type":"Polygon","coordinates":[[[2.77252,44.99816],[2.7742,44.99861],[2.77506,44.99718],[2.77627,44.99637],[2.77993,44.9954],[2.78546,44.99222],[2.78499,44.99033],[2.78629,44.98908],[2.78851,44.98892],[2.78992,44.98829],[2.79165,44.98823],[2.79347,44.98451],[2.79316,44.9826],[2.79424,44.98125],[2.79807,44.97793],[2.7969,44.97482],[2.79919,44.97168],[2.79861,44.97065],[2.79718,44.96951],[2.79738,44.96735],[2.79832,44.96579],[2.8,44.9658],[2.79988,44.96449],[2.80032,44.96264],[2.80117,44.96256],[2.80035,44.9608],[2.79991,44.95862],[2.79846,44.95866],[2.79849,44.95739],[2.80035,44.95583],[2.80039,44.95486],[2.80278,44.95525],[2.80368,44.95354],[2.80831,44.95446],[2.8097,44.9554],[2.81051,44.95439],[2.81219,44.95331],[2.81297,44.95384],[2.81437,44.95611],[2.81516,44.95599],[2.81668,44.9536],[2.81749,44.95298],[2.81844,44.95173],[2.81652,44.95133],[2.81604,44.95045],[2.81852,44.94928],[2.81777,44.94852],[2.82036,44.94578],[2.82005,44.94495],[2.81805,44.94527],[2.81526,44.94423],[2.81483,44.94621],[2.81273,44.94598],[2.81166,44.94697],[2.80988,44.9469],[2.80905,44.94551],[2.80883,44.94321],[2.81056,44.93853],[2.80867,44.93783],[2.80907,44.93608],[2.80992,44.93521],[2.81003,44.9328],[2.81215,44.93254],[2.81274,44.93122],[2.81175,44.93017],[2.81167,44.92908],[2.81263,44.92711],[2.81381,44.9271],[2.81397,44.92565],[2.81204,44.92432],[2.81149,44.92346],[2.81155,44.92104],[2.81088,44.92021],[2.80884,44.91936],[2.80723,44.91909],[2.80652,44.91976],[2.80488,44.91799],[2.80364,44.91726],[2.80548,44.91546],[2.80429,44.91442],[2.80416,44.91353],[2.80506,44.91236],[2.80604,44.90915],[2.80817,44.9094],[2.80917,44.90577],[2.80756,44.90267],[2.80439,44.90116],[2.80396,44.90323],[2.79898,44.90374],[2.79836,44.90191],[2.79587,44.90128],[2.79451,44.89976],[2.79321,44.89647],[2.79377,44.89589],[2.79209,44.89503],[2.79354,44.89435],[2.7926,44.89202],[2.78501,44.88947],[2.78225,44.88896],[2.77841,44.88751],[2.777,44.88832],[2.77579,44.8902],[2.77574,44.89131],[2.77453,44.8937],[2.77459,44.89429],[2.773,44.89556],[2.7735,44.89706],[2.77195,44.89848],[2.77236,44.90053],[2.77173,44.90179],[2.77284,44.90357],[2.77318,44.90495],[2.77449,44.90725],[2.77592,44.90892],[2.77581,44.90962],[2.77952,44.9104],[2.78076,44.91096],[2.78152,44.91217],[2.78358,44.91363],[2.78495,44.9155],[2.78601,44.91579],[2.78792,44.91766],[2.78741,44.92027],[2.78624,44.92176],[2.78552,44.92403],[2.786,44.92561],[2.7887,44.92718],[2.7889,44.92946],[2.79056,44.93001],[2.78677,44.93183],[2.78513,44.93406],[2.78545,44.93634],[2.78529,44.93792],[2.78235,44.94137],[2.77994,44.94143],[2.77997,44.94416],[2.78092,44.94556],[2.77973,44.94701],[2.77815,44.94702],[2.77864,44.94885],[2.77635,44.95041],[2.77685,44.9513],[2.77587,44.95322],[2.77681,44.95377],[2.77856,44.95284],[2.77923,44.95392],[2.7772,44.95467],[2.77765,44.95615],[2.7798,44.95606],[2.77886,44.95802],[2.78213,44.95947],[2.78318,44.96045],[2.78338,44.96187],[2.78484,44.96128],[2.78707,44.96209],[2.78713,44.96309],[2.78588,44.96347],[2.78545,44.96514],[2.78744,44.96635],[2.78643,44.96767],[2.78902,44.96779],[2.79245,44.96842],[2.79129,44.97267],[2.78999,44.97517],[2.78855,44.97551],[2.7873,44.97704],[2.78512,44.97709],[2.78389,44.97795],[2.7804,44.97766],[2.78156,44.97999],[2.78203,44.98313],[2.78193,44.9861],[2.78034,44.9867],[2.77896,44.98821],[2.77741,44.99134],[2.77585,44.99225],[2.77537,44.99409],[2.77284,44.99471],[2.77229,44.99739],[2.77252,44.99816]]]}},{"type":"Feature","id":"fr-commune-15202","properties":{"id":"fr-commune-15202","name":"Saint-Martin-Valmeroux","kind":"commune","center":[2.4452,45.1216],"code":"15202","department":"15"},"bbox":[2.39618,45.0948,2.49413,45.1478],"geometry":{"type":"Polygon","coordinates":[[[2.47271,45.13768],[2.47428,45.13562],[2.47658,45.136],[2.47783,45.13512],[2.47735,45.13405],[2.47562,45.13462],[2.47302,45.13455],[2.47082,45.13298],[2.47237,45.13272],[2.47224,45.13152],[2.47384,45.13147],[2.48132,45.13046],[2.48197,45.13016],[2.4803,45.12888],[2.47764,45.12854],[2.47694,45.12809],[2.47679,45.12559],[2.47573,45.12464],[2.47178,45.12563],[2.47334,45.12368],[2.47141,45.12275],[2.47148,45.12153],[2.47016,45.12033],[2.47064,45.11913],[2.47229,45.11889],[2.47352,45.11949],[2.47433,45.11863],[2.47691,45.1191],[2.47622,45.11773],[2.47768,45.11685],[2.4807,45.11655],[2.48228,45.11603],[2.4837,45.11485],[2.48536,45.11427],[2.48732,45.11437],[2.48999,45.11301],[2.49278,45.11267],[2.49413,45.11045],[2.49375,45.10972],[2.49205,45.10952],[2.49071,45.10748],[2.48838,45.10604],[2.48736,45.10437],[2.48761,45.10329],[2.48475,45.10172],[2.48895,45.10011],[2.49035,45.09788],[2.48938,45.09639],[2.48784,45.09664],[2.48363,45.09607],[2.48044,45.09506],[2.47748,45.0948],[2.47627,45.09589],[2.46824,45.09683],[2.46597,45.0974],[2.46087,45.09914],[2.45897,45.10135],[2.45719,45.10211],[2.45534,45.10384],[2.45399,45.10438],[2.45262,45.10423],[2.45202,45.10582],[2.44964,45.10675],[2.44705,45.10699],[2.44765,45.10856],[2.44494,45.10915],[2.44417,45.10805],[2.44208,45.10923],[2.44049,45.10807],[2.43876,45.10985],[2.43615,45.11025],[2.434,45.10886],[2.43262,45.10893],[2.4339,45.10694],[2.43165,45.10621],[2.43131,45.10724],[2.42844,45.10638],[2.42569,45.10501],[2.42404,45.10458],[2.42395,45.10569],[2.42528,45.10807],[2.4226,45.1084],[2.42116,45.10709],[2.42168,45.10633],[2.42053,45.10538],[2.42073,45.10358],[2.41732,45.102],[2.41577,45.1003],[2.41431,45.10026],[2.41373,45.0995],[2.41208,45.10105],[2.40755,45.10202],[2.40316,45.10456],[2.40135,45.10485],[2.39966,45.10676],[2.39928,45.11079],[2.39999,45.1122],[2.39968,45.1132],[2.39823,45.11413],[2.39965,45.11696],[2.39725,45.11813],[2.39618,45.11942],[2.39856,45.11975],[2.40035,45.12149],[2.40171,45.12205],[2.40229,45.12292],[2.40428,45.12267],[2.40461,45.12348],[2.40677,45.12356],[2.40812,45.12701],[2.40898,45.12781],[2.40915,45.12991],[2.41072,45.13018],[2.41045,45.13143],[2.40836,45.13401],[2.40685,45.13617],[2.40415,45.13814],[2.40622,45.14129],[2.40751,45.1419],[2.40788,45.14348],[2.41048,45.14475],[2.41181,45.143],[2.41356,45.14414],[2.4153,45.14474],[2.41587,45.14401],[2.4183,45.14441],[2.41829,45.14598],[2.42012,45.14597],[2.42111,45.14767],[2.42325,45.1478],[2.42597,45.1472],[2.42811,45.14777],[2.4298,45.14727],[2.43235,45.14728],[2.43134,45.14537],[2.43143,45.14445],[2.43322,45.14354],[2.4319,45.14069],[2.43464,45.1401],[2.43738,45.13871],[2.43497,45.1377],[2.43526,45.13542],[2.43501,45.13454],[2.43891,45.13458],[2.44062,45.13487],[2.44062,45.13339],[2.44145,45.13238],[2.44304,45.13209],[2.44461,45.13298],[2.44524,45.13564],[2.44673,45.13589],[2.44664,45.13771],[2.44798,45.13879],[2.44937,45.13911],[2.45071,45.14022],[2.45307,45.13986],[2.45363,45.14106],[2.45795,45.14157],[2.45954,45.14097],[2.46095,45.14276],[2.46258,45.14187],[2.46226,45.14104],[2.46647,45.1408],[2.46869,45.14108],[2.47119,45.14038],[2.47413,45.14043],[2.47373,45.13921],[2.47187,45.13872],[2.47271,45.13768]]]}},{"type":"Feature","id":"fr-commune-15203","properties":{"id":"fr-commune-15203","name":"Saint-Mary-le-Plain","kind":"commune","center":[3.1495,45.1714],"code":"15203","department":"15"},"bbox":[3.10837,45.13968,3.19061,45.20364],"geometry":{"type":"Polygon","coordinates":[[[3.19061,45.19773],[3.18665,45.19489],[3.1853,45.19337],[3.18393,45.19023],[3.18374,45.18756],[3.18174,45.18464],[3.17983,45.18322],[3.17867,45.18172],[3.17599,45.18265],[3.17301,45.18435],[3.17142,45.18313],[3.17077,45.1821],[3.16821,45.18013],[3.16689,45.18033],[3.1596,45.17388],[3.158,45.17009],[3.15614,45.16867],[3.15484,45.16692],[3.15464,45.16571],[3.15073,45.16346],[3.14976,45.1623],[3.14895,45.16012],[3.14989,45.15676],[3.15078,45.15443],[3.15258,45.1536],[3.15081,45.15181],[3.15104,45.14889],[3.15168,45.14706],[3.15169,45.14575],[3.15324,45.13968],[3.14684,45.14239],[3.14509,45.14334],[3.14286,45.14522],[3.14141,45.14353],[3.1389,45.14161],[3.13728,45.13992],[3.13512,45.13974],[3.13437,45.14018],[3.13407,45.14206],[3.13235,45.14261],[3.13251,45.14372],[3.12855,45.14508],[3.12752,45.14966],[3.12538,45.15223],[3.12446,45.15275],[3.12428,45.15446],[3.12366,45.15587],[3.12403,45.15696],[3.12278,45.15865],[3.12104,45.15839],[3.12036,45.15925],[3.12027,45.16117],[3.11927,45.1626],[3.11739,45.16295],[3.11771,45.16388],[3.12088,45.16529],[3.12136,45.16607],[3.11502,45.1678],[3.11366,45.16728],[3.11193,45.1691],[3.11178,45.17052],[3.1103,45.17264],[3.11135,45.17359],[3.11119,45.17803],[3.11228,45.17979],[3.10964,45.18018],[3.11039,45.1814],[3.10837,45.1829],[3.1107,45.18454],[3.11135,45.18537],[3.11046,45.18612],[3.10868,45.1864],[3.10964,45.18707],[3.11403,45.18677],[3.11385,45.18772],[3.11582,45.18752],[3.11867,45.18912],[3.12087,45.19271],[3.12199,45.19216],[3.12069,45.1905],[3.12247,45.18986],[3.12312,45.19125],[3.1225,45.19193],[3.12397,45.19291],[3.1238,45.19403],[3.12792,45.19307],[3.12918,45.19243],[3.1309,45.19242],[3.13095,45.19129],[3.13467,45.1903],[3.13552,45.19133],[3.13637,45.19404],[3.13503,45.19438],[3.13477,45.19619],[3.13389,45.19731],[3.13442,45.19817],[3.13601,45.1984],[3.13641,45.1997],[3.13953,45.20081],[3.13805,45.20147],[3.13817,45.20271],[3.13968,45.20248],[3.14091,45.20364],[3.14214,45.20265],[3.14587,45.20198],[3.14648,45.20054],[3.14585,45.19995],[3.14543,45.19742],[3.14728,45.19721],[3.14785,45.19959],[3.14907,45.1994],[3.15116,45.20059],[3.15224,45.20179],[3.15467,45.19986],[3.15588,45.19989],[3.15813,45.2015],[3.16022,45.20063],[3.16106,45.20152],[3.16219,45.20025],[3.16381,45.2002],[3.16396,45.20144],[3.16657,45.20162],[3.16646,45.20067],[3.16778,45.19994],[3.16932,45.20042],[3.17286,45.19959],[3.17297,45.19806],[3.17705,45.19848],[3.17907,45.19743],[3.18262,45.19921],[3.18403,45.19933],[3.18707,45.19841],[3.18898,45.19832],[3.19061,45.19773]]]}},{"type":"Feature","id":"fr-commune-15204","properties":{"id":"fr-commune-15204","name":"Saint-Paul-des-Landes","kind":"commune","center":[2.3043,44.9475],"code":"15204","department":"15"},"bbox":[2.26173,44.91578,2.34675,44.97939],"geometry":{"type":"Polygon","coordinates":[[[2.27155,44.97906],[2.27293,44.97784],[2.27614,44.97839],[2.27775,44.97768],[2.27969,44.97744],[2.28153,44.97641],[2.28336,44.97419],[2.28507,44.9758],[2.28716,44.97628],[2.28972,44.97592],[2.29076,44.97418],[2.292,44.97457],[2.29273,44.97375],[2.29491,44.97383],[2.29531,44.97301],[2.29768,44.97341],[2.29897,44.97093],[2.29815,44.97039],[2.30007,44.96899],[2.29991,44.96804],[2.30499,44.96805],[2.30733,44.96769],[2.31042,44.96673],[2.31155,44.96262],[2.31105,44.96148],[2.30804,44.96101],[2.30748,44.96058],[2.31102,44.95953],[2.31433,44.96065],[2.31478,44.9617],[2.31732,44.96209],[2.31883,44.96159],[2.31997,44.96025],[2.32197,44.96023],[2.32195,44.95954],[2.32173,44.9578],[2.32575,44.95822],[2.32496,44.95743],[2.32607,44.95604],[2.32789,44.95519],[2.32637,44.9533],[2.32477,44.95235],[2.32321,44.95199],[2.32477,44.95073],[2.32614,44.9488],[2.32762,44.94944],[2.33009,44.94794],[2.33079,44.94808],[2.3325,44.94673],[2.33117,44.94556],[2.32978,44.94597],[2.32712,44.94457],[2.32743,44.94403],[2.33085,44.94529],[2.33396,44.94448],[2.33516,44.94381],[2.33782,44.94493],[2.34016,44.94367],[2.34219,44.94471],[2.34301,44.9439],[2.34668,44.94336],[2.34675,44.94286],[2.34586,44.94102],[2.34428,44.94016],[2.34314,44.94088],[2.34143,44.94088],[2.33966,44.94156],[2.33636,44.93944],[2.33497,44.93663],[2.33579,44.93612],[2.33474,44.93367],[2.33226,44.93454],[2.32733,44.93288],[2.32533,44.93254],[2.32356,44.93171],[2.31752,44.92971],[2.31518,44.93018],[2.31262,44.92958],[2.31296,44.9274],[2.31407,44.92644],[2.31373,44.92261],[2.31192,44.92178],[2.31218,44.92034],[2.30713,44.91732],[2.30776,44.91652],[2.30481,44.91578],[2.30233,44.91578],[2.30111,44.91687],[2.30217,44.91771],[2.29755,44.91901],[2.29622,44.91959],[2.29398,44.91966],[2.29253,44.92008],[2.29311,44.92238],[2.29092,44.92327],[2.29189,44.92553],[2.29871,44.92676],[2.30022,44.93097],[2.3015,44.9336],[2.30151,44.93543],[2.30387,44.93825],[2.30078,44.93915],[2.30106,44.94004],[2.29616,44.94052],[2.29402,44.94017],[2.29262,44.93939],[2.29051,44.93936],[2.28995,44.94132],[2.29083,44.94293],[2.29563,44.94309],[2.29417,44.94425],[2.29017,44.9438],[2.28746,44.94654],[2.28673,44.94544],[2.28485,44.94547],[2.28137,44.9482],[2.28298,44.94887],[2.28111,44.95031],[2.27896,44.9509],[2.26915,44.95308],[2.26964,44.9563],[2.26924,44.95915],[2.26862,44.9596],[2.26854,44.96193],[2.26631,44.96328],[2.26633,44.96487],[2.26566,44.96636],[2.26444,44.96781],[2.26277,44.97221],[2.26173,44.97279],[2.26403,44.97545],[2.26674,44.97748],[2.27067,44.97939],[2.27131,44.9791],[2.27155,44.97906]]]}},{"type":"Feature","id":"fr-commune-15205","properties":{"id":"fr-commune-15205","name":"Saint-Paul-de-Salers","kind":"commune","center":[2.5504,45.1374],"code":"15205","department":"15"},"bbox":[2.47082,45.11451,2.6299,45.16039],"geometry":{"type":"Polygon","coordinates":[[[2.53106,45.15595],[2.54289,45.15778],[2.54702,45.15854],[2.55503,45.15884],[2.56419,45.16031],[2.56648,45.16039],[2.57526,45.16032],[2.58544,45.15972],[2.58937,45.15652],[2.59146,45.1553],[2.59684,45.15097],[2.60093,45.14946],[2.60267,45.1483],[2.60412,45.14805],[2.60506,45.14709],[2.60864,45.14595],[2.61714,45.14219],[2.62216,45.1402],[2.62612,45.13706],[2.62715,45.13524],[2.6299,45.12471],[2.62373,45.12467],[2.62189,45.12558],[2.62005,45.1254],[2.61758,45.12649],[2.61376,45.12474],[2.60326,45.1245],[2.60072,45.12536],[2.5987,45.12562],[2.59368,45.12725],[2.5898,45.12983],[2.58796,45.12922],[2.58955,45.12786],[2.58977,45.12713],[2.58802,45.12496],[2.58454,45.12326],[2.58305,45.12284],[2.58272,45.12036],[2.58328,45.11849],[2.58025,45.11886],[2.57636,45.11741],[2.57327,45.11591],[2.5686,45.11495],[2.56434,45.115],[2.56148,45.11451],[2.55996,45.11599],[2.55977,45.11622],[2.55425,45.1165],[2.55329,45.11596],[2.55005,45.11651],[2.54801,45.11642],[2.54325,45.11724],[2.54185,45.1167],[2.53988,45.11675],[2.53848,45.11613],[2.52343,45.11831],[2.52197,45.11921],[2.51772,45.11922],[2.51717,45.12102],[2.51484,45.12066],[2.51011,45.12075],[2.50918,45.12143],[2.51023,45.12279],[2.51117,45.12532],[2.50872,45.12644],[2.5014,45.12757],[2.49664,45.12716],[2.49584,45.12811],[2.49794,45.1288],[2.49655,45.12962],[2.49394,45.12779],[2.49181,45.12898],[2.49013,45.1294],[2.48809,45.12835],[2.48527,45.12907],[2.48381,45.12893],[2.48197,45.13016],[2.48132,45.13046],[2.47384,45.13147],[2.47224,45.13152],[2.47237,45.13272],[2.47082,45.13298],[2.47302,45.13455],[2.47562,45.13462],[2.47735,45.13405],[2.47783,45.13512],[2.47658,45.136],[2.47428,45.13562],[2.47271,45.13768],[2.47449,45.13853],[2.4783,45.13704],[2.47813,45.13561],[2.47972,45.1351],[2.48039,45.13594],[2.48166,45.13537],[2.48379,45.13448],[2.48814,45.13529],[2.48996,45.13459],[2.49144,45.13266],[2.49277,45.13217],[2.49539,45.13437],[2.49437,45.13509],[2.49719,45.13538],[2.49959,45.13761],[2.50009,45.13865],[2.50001,45.14025],[2.50068,45.14084],[2.50493,45.14312],[2.50743,45.14407],[2.50936,45.14441],[2.51063,45.14514],[2.51384,45.14614],[2.51813,45.14822],[2.52171,45.15024],[2.52599,45.15222],[2.52825,45.15294],[2.52787,45.15402],[2.53106,45.15595]]]}},{"type":"Feature","id":"fr-commune-15206","properties":{"id":"fr-commune-15206","name":"Saint-Pierre","kind":"commune","center":[2.3862,45.3954],"code":"15206","department":"15"},"bbox":[2.34937,45.37468,2.42309,45.41612],"geometry":{"type":"Polygon","coordinates":[[[2.35517,45.41507],[2.36221,45.415],[2.3681,45.41612],[2.37076,45.41576],[2.37263,45.41413],[2.37639,45.41451],[2.37938,45.41414],[2.38085,45.41354],[2.38478,45.41238],[2.38686,45.41212],[2.38845,45.41135],[2.39103,45.40912],[2.39318,45.40851],[2.39514,45.40743],[2.39614,45.40549],[2.3958,45.40345],[2.39689,45.40139],[2.39843,45.40001],[2.40056,45.39998],[2.40287,45.39834],[2.40604,45.39749],[2.41206,45.39688],[2.41442,45.39632],[2.41584,45.39642],[2.41943,45.39754],[2.42309,45.39703],[2.4154,45.39106],[2.39799,45.37782],[2.39793,45.37785],[2.3645,45.37468],[2.36318,45.37856],[2.36352,45.38029],[2.36463,45.38148],[2.36639,45.38235],[2.36806,45.38408],[2.36945,45.38627],[2.3691,45.38794],[2.36499,45.3907],[2.36441,45.39276],[2.36467,45.39497],[2.36386,45.3975],[2.35979,45.39839],[2.3567,45.39958],[2.35578,45.4004],[2.35216,45.40529],[2.35143,45.4076],[2.34979,45.4096],[2.34937,45.41208],[2.35087,45.4134],[2.35256,45.41433],[2.35517,45.41507]]]}},{"type":"Feature","id":"fr-commune-15207","properties":{"id":"fr-commune-15207","name":"Saint-Poncy","kind":"commune","center":[3.1914,45.1691],"code":"15207","department":"15"},"bbox":[3.14895,45.11526,3.23356,45.22188],"geometry":{"type":"Polygon","coordinates":[[[3.21491,45.20733],[3.21552,45.20539],[3.21626,45.20471],[3.2158,45.20348],[3.21701,45.20304],[3.21591,45.20125],[3.21627,45.19949],[3.21825,45.19993],[3.21989,45.19695],[3.22097,45.19696],[3.22155,45.19567],[3.22105,45.1928],[3.21945,45.19248],[3.21869,45.1912],[3.2171,45.19031],[3.21304,45.19099],[3.21087,45.18791],[3.20959,45.18714],[3.21103,45.1864],[3.21402,45.18624],[3.21444,45.18579],[3.21193,45.18309],[3.21028,45.18283],[3.21065,45.1814],[3.20933,45.18001],[3.2062,45.17938],[3.20589,45.17895],[3.20748,45.17736],[3.20861,45.17431],[3.21093,45.17346],[3.21123,45.17219],[3.21446,45.17241],[3.21715,45.17078],[3.21722,45.16674],[3.22112,45.16761],[3.22183,45.1689],[3.22316,45.16742],[3.2253,45.16608],[3.22598,45.16456],[3.22969,45.16265],[3.23252,45.16248],[3.23246,45.16169],[3.22973,45.15943],[3.23135,45.15874],[3.22997,45.15808],[3.22807,45.15803],[3.22889,45.15636],[3.22942,45.15332],[3.23084,45.15093],[3.23202,45.14818],[3.23224,45.1467],[3.23302,45.14568],[3.23208,45.14491],[3.23258,45.14299],[3.2314,45.14241],[3.23135,45.14],[3.2318,45.13827],[3.23343,45.13467],[3.23356,45.13304],[3.2334,45.13195],[3.22947,45.13084],[3.22882,45.13424],[3.22594,45.13516],[3.22383,45.13308],[3.22488,45.13255],[3.22636,45.13312],[3.22732,45.13274],[3.22651,45.13161],[3.22481,45.13221],[3.22386,45.13093],[3.22468,45.12929],[3.22676,45.12869],[3.22703,45.12617],[3.22574,45.12525],[3.22602,45.1243],[3.22431,45.12398],[3.22341,45.12266],[3.22493,45.12146],[3.22267,45.11986],[3.22275,45.11803],[3.22104,45.11586],[3.21782,45.11526],[3.21595,45.11775],[3.2142,45.119],[3.21207,45.1192],[3.20913,45.11825],[3.20786,45.1188],[3.20943,45.12141],[3.20732,45.12112],[3.20624,45.11962],[3.20473,45.12166],[3.20444,45.12297],[3.20178,45.12196],[3.20062,45.12259],[3.19925,45.12449],[3.19705,45.12561],[3.19424,45.12467],[3.19373,45.12496],[3.19204,45.1296],[3.18804,45.12917],[3.18302,45.13003],[3.17809,45.1293],[3.17445,45.12972],[3.17128,45.13105],[3.16753,45.13331],[3.164,45.13628],[3.15954,45.13783],[3.15826,45.13874],[3.15502,45.13958],[3.15324,45.13968],[3.15169,45.14575],[3.15168,45.14706],[3.15104,45.14889],[3.15081,45.15181],[3.15258,45.1536],[3.15078,45.15443],[3.14989,45.15676],[3.14895,45.16012],[3.14976,45.1623],[3.15073,45.16346],[3.15464,45.16571],[3.15484,45.16692],[3.15614,45.16867],[3.158,45.17009],[3.1596,45.17388],[3.16689,45.18033],[3.16821,45.18013],[3.17077,45.1821],[3.17142,45.18313],[3.17301,45.18435],[3.17599,45.18265],[3.17867,45.18172],[3.17983,45.18322],[3.18174,45.18464],[3.18374,45.18756],[3.18393,45.19023],[3.1853,45.19337],[3.18665,45.19489],[3.19061,45.19773],[3.19419,45.19991],[3.19613,45.20222],[3.19663,45.20373],[3.198,45.20372],[3.19992,45.20453],[3.1979,45.20545],[3.20051,45.20943],[3.20096,45.20971],[3.20125,45.21209],[3.20115,45.2142],[3.20153,45.21627],[3.20249,45.21804],[3.20568,45.22125],[3.20711,45.22188],[3.20632,45.21754],[3.20708,45.2159],[3.20785,45.21562],[3.2089,45.213],[3.20869,45.21219],[3.21008,45.21142],[3.2091,45.21003],[3.20928,45.20927],[3.21168,45.20826],[3.21159,45.20664],[3.21304,45.20555],[3.21406,45.2054],[3.21491,45.20733]]]}},{"type":"Feature","id":"fr-commune-15208","properties":{"id":"fr-commune-15208","name":"Saint-Projet-de-Salers","kind":"commune","center":[2.5671,45.0853],"code":"15208","department":"15"},"bbox":[2.48044,45.06082,2.6538,45.10978],"geometry":{"type":"Polygon","coordinates":[[[2.59087,45.0664],[2.58953,45.0673],[2.58572,45.06721],[2.58299,45.06802],[2.57852,45.06843],[2.57675,45.06739],[2.57454,45.06689],[2.5684,45.06558],[2.56822,45.06735],[2.56408,45.06707],[2.5612,45.06662],[2.55964,45.06682],[2.55499,45.06672],[2.55109,45.06606],[2.54916,45.0669],[2.54378,45.0668],[2.54308,45.06744],[2.5453,45.06937],[2.54703,45.07239],[2.54564,45.07259],[2.5441,45.07045],[2.54242,45.0674],[2.54086,45.06626],[2.53644,45.06513],[2.53387,45.06413],[2.53345,45.06305],[2.52804,45.06289],[2.52625,45.06576],[2.52619,45.06707],[2.52671,45.06941],[2.52487,45.0699],[2.52448,45.06883],[2.52321,45.06869],[2.52168,45.06757],[2.52084,45.06554],[2.5178,45.06319],[2.51633,45.06082],[2.51452,45.06177],[2.51329,45.06182],[2.51189,45.06304],[2.51055,45.06228],[2.50992,45.06335],[2.50605,45.0621],[2.5051,45.06269],[2.50332,45.06269],[2.50255,45.0613],[2.49991,45.06084],[2.49606,45.06089],[2.49602,45.06144],[2.49043,45.06145],[2.48948,45.06172],[2.48538,45.06093],[2.48527,45.06252],[2.48414,45.064],[2.48801,45.06618],[2.4881,45.06699],[2.48679,45.06752],[2.48969,45.06873],[2.48823,45.07031],[2.48932,45.07202],[2.48843,45.07238],[2.48878,45.07348],[2.49065,45.07337],[2.49071,45.07434],[2.4894,45.07527],[2.48533,45.07478],[2.48398,45.07572],[2.48654,45.07684],[2.48857,45.07671],[2.48878,45.07795],[2.49146,45.07802],[2.49076,45.07884],[2.49151,45.08259],[2.49214,45.08354],[2.49081,45.08417],[2.48853,45.08422],[2.48733,45.08529],[2.48788,45.08626],[2.48749,45.0877],[2.48614,45.08822],[2.48609,45.08932],[2.48758,45.09056],[2.48676,45.09214],[2.48466,45.09268],[2.48422,45.09353],[2.48238,45.09457],[2.48044,45.09506],[2.48363,45.09607],[2.48784,45.09664],[2.48938,45.09639],[2.49453,45.09541],[2.49896,45.09549],[2.50224,45.09486],[2.50347,45.09431],[2.50512,45.09436],[2.50564,45.0967],[2.50717,45.09638],[2.50863,45.09683],[2.51307,45.09628],[2.51436,45.09718],[2.51548,45.09604],[2.51745,45.09526],[2.51885,45.09538],[2.52158,45.09381],[2.52319,45.0932],[2.52717,45.09248],[2.53,45.09241],[2.53328,45.09178],[2.53464,45.09122],[2.53678,45.09157],[2.5385,45.09109],[2.54083,45.09184],[2.54634,45.09292],[2.54746,45.09342],[2.55108,45.09258],[2.55351,45.0933],[2.55575,45.09318],[2.56138,45.09237],[2.56548,45.09366],[2.56857,45.09411],[2.56894,45.09533],[2.57051,45.09668],[2.57211,45.09715],[2.57549,45.09672],[2.5782,45.09738],[2.58029,45.09722],[2.58459,45.09831],[2.58528,45.09722],[2.58782,45.09699],[2.59013,45.09547],[2.59162,45.09491],[2.5943,45.0946],[2.59537,45.09239],[2.5974,45.09194],[2.59982,45.09243],[2.60249,45.09229],[2.60718,45.09147],[2.6122,45.09136],[2.61448,45.09158],[2.62166,45.09269],[2.62287,45.09269],[2.6251,45.09413],[2.62638,45.0944],[2.62849,45.09556],[2.63109,45.09659],[2.63566,45.0964],[2.63669,45.09734],[2.6353,45.09945],[2.63391,45.10085],[2.63209,45.10144],[2.63392,45.10217],[2.63291,45.10292],[2.6331,45.10625],[2.63743,45.10665],[2.63953,45.10709],[2.64253,45.10839],[2.64298,45.10978],[2.64625,45.1082],[2.64781,45.10703],[2.6496,45.1063],[2.65278,45.10387],[2.6538,45.10354],[2.65347,45.1008],[2.65296,45.09986],[2.64876,45.09883],[2.64586,45.09751],[2.6447,45.09632],[2.64259,45.09252],[2.64271,45.09138],[2.64407,45.08972],[2.64378,45.0887],[2.64452,45.08624],[2.64403,45.08442],[2.64238,45.0843],[2.63904,45.08321],[2.637,45.08195],[2.63574,45.08192],[2.63222,45.08079],[2.63018,45.07949],[2.62763,45.07837],[2.62541,45.07815],[2.62344,45.07748],[2.62204,45.0765],[2.62094,45.07641],[2.61766,45.07739],[2.6162,45.07665],[2.61149,45.07513],[2.61087,45.07584],[2.60813,45.07552],[2.6068,45.07478],[2.601,45.0749],[2.59992,45.0743],[2.59827,45.07241],[2.59508,45.07048],[2.59451,45.06963],[2.59222,45.06959],[2.59087,45.0664]]]}},{"type":"Feature","id":"fr-commune-15209","properties":{"id":"fr-commune-15209","name":"Saint-Rémy-de-Chaudes-Aigues","kind":"commune","center":[3.0248,44.7683],"code":"15209","department":"15"},"bbox":[2.99768,44.73284,3.05167,44.80389],"geometry":{"type":"Polygon","coordinates":[[[3.04224,44.75945],[3.03907,44.75887],[3.03726,44.7577],[3.03615,44.75566],[3.03473,44.7543],[3.03527,44.7536],[3.03501,44.75148],[3.03229,44.75018],[3.03094,44.74912],[3.03115,44.74717],[3.03,44.7461],[3.03017,44.74518],[3.03181,44.74256],[3.03055,44.74108],[3.03099,44.73982],[3.03035,44.73783],[3.03064,44.73601],[3.02961,44.73332],[3.02879,44.73339],[3.02679,44.73284],[3.0238,44.73642],[3.02227,44.73663],[3.01976,44.73855],[3.01796,44.73855],[3.01641,44.73765],[3.01514,44.7382],[3.01366,44.74002],[3.0141,44.74099],[3.01061,44.74826],[3.00761,44.75291],[3.00426,44.75734],[3.00163,44.75909],[2.99998,44.75862],[3.00178,44.76142],[3.0043,44.76384],[3.00338,44.7661],[3.00347,44.76703],[3.00036,44.7684],[2.99969,44.76907],[2.99779,44.76947],[2.99768,44.77081],[3.00017,44.77412],[3.00156,44.77506],[3.00416,44.77572],[3.01039,44.77639],[3.01172,44.77662],[3.01893,44.77724],[3.02751,44.78162],[3.03131,44.78551],[3.03266,44.78718],[3.03251,44.79035],[3.03282,44.79239],[3.03257,44.79494],[3.03314,44.79611],[3.03318,44.79891],[3.03526,44.79858],[3.03869,44.80027],[3.03686,44.80273],[3.03694,44.80389],[3.03846,44.80361],[3.04304,44.7999],[3.04395,44.79788],[3.04592,44.79778],[3.04931,44.79399],[3.04928,44.79309],[3.04812,44.79161],[3.04848,44.7883],[3.05093,44.7862],[3.05167,44.78511],[3.04982,44.78475],[3.04933,44.78272],[3.04993,44.78169],[3.0505,44.78069],[3.04974,44.77858],[3.04621,44.77692],[3.04263,44.77233],[3.04472,44.77042],[3.04542,44.76753],[3.04657,44.76616],[3.04822,44.76531],[3.04931,44.7631],[3.04606,44.76161],[3.04355,44.76112],[3.04224,44.75945]]]}},{"type":"Feature","id":"fr-commune-15211","properties":{"id":"fr-commune-15211","name":"Saint-Santin-Cantalès","kind":"commune","center":[2.2355,45.0234],"code":"15211","department":"15"},"bbox":[2.18883,44.98907,2.28212,45.05778],"geometry":{"type":"Polygon","coordinates":[[[2.26803,45.05778],[2.26823,45.05645],[2.26681,45.05444],[2.26571,45.05388],[2.26577,45.05296],[2.26819,45.05136],[2.27073,45.05085],[2.27241,45.04956],[2.27293,45.04824],[2.27547,45.04846],[2.27671,45.04675],[2.27598,45.04597],[2.27572,45.04432],[2.27479,45.04308],[2.27309,45.04246],[2.27334,45.0403],[2.27208,45.03944],[2.27198,45.03828],[2.273,45.03711],[2.2749,45.03694],[2.27674,45.03781],[2.27772,45.03744],[2.27916,45.03796],[2.28084,45.03755],[2.28016,45.03598],[2.28212,45.03288],[2.28166,45.03008],[2.27913,45.03017],[2.27826,45.02841],[2.27685,45.02908],[2.27549,45.02631],[2.27583,45.02468],[2.27773,45.02407],[2.27629,45.02131],[2.27731,45.01978],[2.27858,45.01974],[2.28062,45.01776],[2.27943,45.01547],[2.27842,45.01485],[2.27577,45.01412],[2.27293,45.01232],[2.27395,45.01162],[2.27368,45.01044],[2.27191,45.01013],[2.27133,45.00884],[2.27194,45.0074],[2.27073,45.00592],[2.2685,45.0052],[2.26698,45.00385],[2.26466,45.00216],[2.26149,45.00191],[2.25999,45.00233],[2.25911,45.00316],[2.25579,45.00398],[2.25406,45.00254],[2.25256,45.00182],[2.25008,45.00198],[2.24866,45.00087],[2.24869,44.99835],[2.24743,44.9976],[2.24738,44.99671],[2.24895,44.99576],[2.24869,44.99483],[2.24612,44.99288],[2.24503,44.99251],[2.24544,44.99111],[2.24431,44.99059],[2.24153,44.99071],[2.24084,44.99173],[2.23941,44.99085],[2.236,44.99113],[2.23535,44.99049],[2.23375,44.9917],[2.2312,44.99261],[2.23087,44.99439],[2.22874,44.99438],[2.22681,44.99543],[2.22447,44.99539],[2.22349,44.99662],[2.22131,44.9972],[2.21914,44.99697],[2.21783,44.99525],[2.21423,44.9939],[2.21185,44.99116],[2.21163,44.98907],[2.20827,44.98937],[2.20587,44.99167],[2.2024,44.99279],[2.20151,44.99385],[2.19995,44.99391],[2.19823,44.99277],[2.19678,44.99371],[2.19345,44.99873],[2.19304,44.99988],[2.19174,45.0011],[2.19367,45.00192],[2.19328,45.00296],[2.19076,45.00491],[2.19303,45.00947],[2.191,45.01034],[2.19069,45.01106],[2.19349,45.01188],[2.19346,45.0135],[2.19269,45.01574],[2.19139,45.01647],[2.19219,45.01916],[2.18883,45.02254],[2.19366,45.02406],[2.19463,45.02461],[2.19703,45.02744],[2.1993,45.02911],[2.19978,45.03451],[2.19916,45.03878],[2.19975,45.03984],[2.19828,45.04123],[2.19875,45.04364],[2.19549,45.04555],[2.19613,45.04697],[2.19806,45.04697],[2.19967,45.04608],[2.20114,45.04407],[2.20372,45.0423],[2.20583,45.04154],[2.20959,45.04131],[2.21352,45.04211],[2.21486,45.04178],[2.21897,45.03996],[2.22438,45.0399],[2.22538,45.03962],[2.22716,45.04111],[2.22878,45.04358],[2.22985,45.0434],[2.23177,45.04388],[2.23233,45.04525],[2.23419,45.04572],[2.23583,45.04759],[2.23646,45.04644],[2.23626,45.04524],[2.23709,45.04422],[2.24012,45.04491],[2.24133,45.04488],[2.24441,45.04333],[2.24619,45.0417],[2.24803,45.04111],[2.25229,45.04115],[2.25309,45.04201],[2.25358,45.04404],[2.25593,45.04528],[2.25861,45.04585],[2.25766,45.04738],[2.25934,45.04934],[2.25849,45.05083],[2.26077,45.05165],[2.26011,45.05388],[2.26015,45.05513],[2.26401,45.05576],[2.2635,45.05726],[2.26643,45.05706],[2.26803,45.05778]]]}},{"type":"Feature","id":"fr-commune-15212","properties":{"id":"fr-commune-15212","name":"Saint-Santin-de-Maurs","kind":"commune","center":[2.2187,44.6532],"code":"15212","department":"15"},"bbox":[2.16631,44.63443,2.27108,44.67207],"geometry":{"type":"Polygon","coordinates":[[[2.16958,44.6381],[2.16872,44.63892],[2.16907,44.64061],[2.16876,44.6451],[2.16887,44.64766],[2.17076,44.6483],[2.17279,44.65054],[2.17489,44.65163],[2.1746,44.65327],[2.17206,44.65531],[2.17029,44.65816],[2.16889,44.65863],[2.16781,44.66088],[2.16631,44.66131],[2.16745,44.66208],[2.16971,44.6621],[2.17357,44.66065],[2.1747,44.66115],[2.17647,44.66015],[2.17974,44.65953],[2.18104,44.6581],[2.1838,44.65745],[2.18622,44.65752],[2.18658,44.65827],[2.19058,44.65816],[2.19175,44.65959],[2.19546,44.66047],[2.19579,44.66176],[2.19468,44.6627],[2.19868,44.66427],[2.19917,44.66519],[2.19814,44.66662],[2.19803,44.6678],[2.19957,44.66881],[2.20296,44.66935],[2.20885,44.66925],[2.21071,44.66874],[2.21259,44.66922],[2.21387,44.66885],[2.21881,44.66872],[2.22126,44.66793],[2.22217,44.66613],[2.22299,44.66596],[2.22299,44.66824],[2.22257,44.66944],[2.2247,44.67004],[2.22563,44.66932],[2.22621,44.66797],[2.22758,44.66816],[2.22861,44.66981],[2.22932,44.66982],[2.23131,44.67207],[2.23328,44.66952],[2.23567,44.66838],[2.23709,44.66681],[2.23993,44.66625],[2.24108,44.66684],[2.24289,44.66445],[2.24391,44.66265],[2.2476,44.66104],[2.24962,44.66098],[2.25208,44.66211],[2.25138,44.66291],[2.25056,44.66557],[2.25068,44.66876],[2.25188,44.66917],[2.25362,44.6681],[2.25477,44.66845],[2.25824,44.66753],[2.26135,44.66704],[2.26326,44.66562],[2.26641,44.66437],[2.26728,44.6645],[2.26954,44.66272],[2.27108,44.66228],[2.27036,44.66059],[2.26814,44.66114],[2.26402,44.66047],[2.26087,44.65891],[2.2597,44.65795],[2.25767,44.65532],[2.25595,44.65468],[2.25324,44.65301],[2.25176,44.65278],[2.25091,44.652],[2.24668,44.65231],[2.2412,44.65304],[2.23872,44.6541],[2.23593,44.65462],[2.23428,44.65549],[2.22863,44.65511],[2.22513,44.65255],[2.217,44.65047],[2.21587,44.65069],[2.21097,44.64654],[2.20842,44.64384],[2.20742,44.64327],[2.2061,44.64162],[2.20454,44.64124],[2.20343,44.64372],[2.20105,44.64276],[2.19698,44.6416],[2.1937,44.64133],[2.19127,44.64144],[2.19003,44.64107],[2.18656,44.64094],[2.18485,44.64037],[2.1799,44.63744],[2.17926,44.6367],[2.17668,44.6355],[2.17414,44.63443],[2.17218,44.6356],[2.17226,44.6366],[2.16958,44.6381]]]}},{"type":"Feature","id":"fr-commune-15213","properties":{"id":"fr-commune-15213","name":"Saint-Saturnin","kind":"commune","center":[2.7978,45.2268],"code":"15213","department":"15"},"bbox":[2.73828,45.17849,2.85749,45.27557],"geometry":{"type":"Polygon","coordinates":[[[2.78327,45.19935],[2.78247,45.19714],[2.78338,45.19595],[2.78302,45.19446],[2.78137,45.1915],[2.78177,45.19005],[2.78104,45.18813],[2.78148,45.1858],[2.78069,45.18363],[2.77713,45.18501],[2.77383,45.18709],[2.76898,45.18569],[2.76432,45.18021],[2.76304,45.17927],[2.7591,45.17919],[2.75452,45.17849],[2.75311,45.18129],[2.75186,45.18234],[2.75114,45.18404],[2.75276,45.18773],[2.75234,45.18939],[2.75346,45.19049],[2.75325,45.19145],[2.75485,45.19276],[2.75452,45.19361],[2.75552,45.19823],[2.7567,45.19805],[2.75863,45.19888],[2.75917,45.20112],[2.75176,45.20225],[2.75056,45.20365],[2.75021,45.20793],[2.75342,45.21255],[2.73846,45.21228],[2.73828,45.21475],[2.73901,45.21734],[2.7441,45.2172],[2.74919,45.21662],[2.75071,45.21831],[2.74984,45.2191],[2.75091,45.22092],[2.75269,45.22227],[2.75347,45.22362],[2.75492,45.22496],[2.75496,45.2266],[2.75424,45.22796],[2.75448,45.22877],[2.75792,45.23006],[2.76177,45.23038],[2.76368,45.23521],[2.76621,45.24052],[2.7676,45.24024],[2.76862,45.24245],[2.76961,45.24348],[2.7717,45.24477],[2.77364,45.24697],[2.77427,45.24943],[2.77624,45.25143],[2.77491,45.25184],[2.77011,45.2568],[2.7698,45.25764],[2.77093,45.25984],[2.77219,45.26013],[2.77205,45.25926],[2.77477,45.25791],[2.77774,45.25592],[2.78233,45.25952],[2.78625,45.25812],[2.78643,45.25962],[2.786,45.26115],[2.78792,45.2624],[2.78908,45.26406],[2.78968,45.26689],[2.78826,45.26797],[2.79168,45.2682],[2.79154,45.26947],[2.79021,45.27068],[2.79037,45.27183],[2.79226,45.2713],[2.79258,45.27275],[2.79419,45.27295],[2.79612,45.27185],[2.7976,45.27268],[2.80074,45.27248],[2.7998,45.2741],[2.80032,45.27477],[2.80409,45.2748],[2.80593,45.27412],[2.80763,45.27463],[2.80799,45.27557],[2.81457,45.27411],[2.81631,45.27229],[2.82105,45.27101],[2.82275,45.26979],[2.82374,45.26805],[2.82526,45.26683],[2.82904,45.2661],[2.83084,45.26668],[2.83116,45.26776],[2.83319,45.26954],[2.83486,45.26806],[2.83721,45.26688],[2.84006,45.26478],[2.84128,45.26437],[2.84144,45.26286],[2.84017,45.26277],[2.8395,45.25974],[2.84047,45.25933],[2.84137,45.25766],[2.84272,45.25667],[2.84293,45.25379],[2.84688,45.25213],[2.84876,45.25001],[2.85102,45.24958],[2.8552,45.24823],[2.85749,45.24093],[2.852,45.23743],[2.84868,45.23179],[2.84803,45.22963],[2.84548,45.23014],[2.84306,45.23006],[2.84058,45.22953],[2.83746,45.22972],[2.83705,45.23368],[2.83605,45.23616],[2.83367,45.23969],[2.82539,45.23976],[2.82123,45.23918],[2.82175,45.23787],[2.82266,45.23737],[2.82235,45.23631],[2.82073,45.23648],[2.81995,45.23814],[2.81829,45.23781],[2.81564,45.239],[2.81406,45.23875],[2.81194,45.23918],[2.81035,45.23846],[2.81153,45.23773],[2.81238,45.23619],[2.81363,45.23526],[2.81258,45.23444],[2.80916,45.23585],[2.8087,45.23703],[2.80696,45.23812],[2.8056,45.23791],[2.8057,45.23686],[2.80234,45.23683],[2.80076,45.23512],[2.79729,45.23557],[2.79664,45.23413],[2.79693,45.23163],[2.79663,45.22956],[2.79706,45.22736],[2.80242,45.22613],[2.80178,45.22515],[2.80057,45.22502],[2.79776,45.22597],[2.7972,45.22428],[2.79768,45.22115],[2.79659,45.21802],[2.79715,45.21386],[2.79767,45.21228],[2.79656,45.20988],[2.79329,45.20835],[2.78944,45.2056],[2.78774,45.20545],[2.78653,45.20482],[2.78258,45.2047],[2.78193,45.20277],[2.78327,45.19935]]]}},{"type":"Feature","id":"fr-commune-15214","properties":{"id":"fr-commune-15214","name":"Saint-Saury","kind":"commune","center":[2.124,44.877],"code":"15214","department":"15"},"bbox":[2.08363,44.84063,2.16444,44.9133],"geometry":{"type":"Polygon","coordinates":[[[2.10806,44.91062],[2.10917,44.91048],[2.10982,44.90914],[2.11284,44.90711],[2.11324,44.90608],[2.11446,44.90561],[2.11578,44.9063],[2.11769,44.9059],[2.11939,44.90614],[2.12209,44.90534],[2.12442,44.90386],[2.12911,44.90486],[2.13155,44.90475],[2.13323,44.90373],[2.13574,44.90495],[2.13715,44.90749],[2.13642,44.9088],[2.13518,44.90927],[2.13495,44.9108],[2.13618,44.91138],[2.13613,44.91224],[2.13946,44.9133],[2.14077,44.91178],[2.14328,44.90994],[2.14206,44.90878],[2.14349,44.90719],[2.14435,44.90698],[2.14594,44.9053],[2.14574,44.90442],[2.14359,44.90309],[2.142,44.90292],[2.14117,44.90132],[2.13984,44.90013],[2.14058,44.89918],[2.14255,44.89792],[2.14323,44.89678],[2.14314,44.89521],[2.14434,44.8946],[2.14522,44.89518],[2.14813,44.8959],[2.15009,44.8948],[2.15,44.89384],[2.15204,44.89182],[2.15537,44.8911],[2.15613,44.88827],[2.1555,44.88653],[2.15948,44.88326],[2.16038,44.88305],[2.16046,44.88131],[2.16129,44.87922],[2.16208,44.8786],[2.16178,44.87744],[2.16272,44.87707],[2.16296,44.87584],[2.16234,44.8736],[2.1632,44.873],[2.16444,44.87071],[2.16262,44.8691],[2.1627,44.86692],[2.16224,44.8657],[2.15941,44.86268],[2.15713,44.86277],[2.15265,44.86056],[2.15187,44.85937],[2.1514,44.8556],[2.14926,44.852],[2.14825,44.8505],[2.14638,44.84914],[2.14279,44.84896],[2.14037,44.84809],[2.13995,44.84705],[2.13666,44.8445],[2.13184,44.8429],[2.12767,44.84063],[2.12664,44.84116],[2.12636,44.84278],[2.12695,44.84457],[2.12823,44.84552],[2.12462,44.84588],[2.12278,44.8466],[2.12278,44.84763],[2.1171,44.84836],[2.11615,44.85051],[2.11484,44.85171],[2.11471,44.85289],[2.11251,44.85416],[2.11036,44.85631],[2.10928,44.85783],[2.10831,44.85835],[2.10524,44.86181],[2.10445,44.86386],[2.10221,44.86579],[2.10209,44.8667],[2.09917,44.86893],[2.09655,44.87142],[2.09351,44.87237],[2.09249,44.87543],[2.09078,44.87569],[2.09051,44.87875],[2.08967,44.88212],[2.086,44.88418],[2.08601,44.88536],[2.08414,44.8857],[2.08363,44.8863],[2.08493,44.88904],[2.08396,44.8914],[2.08372,44.89545],[2.08451,44.89729],[2.08578,44.89788],[2.08631,44.90122],[2.08583,44.90405],[2.08705,44.90403],[2.0887,44.90322],[2.0903,44.90333],[2.09217,44.90431],[2.0956,44.90486],[2.09746,44.90482],[2.10093,44.90571],[2.10116,44.90725],[2.105,44.90817],[2.10806,44.91062]]]}},{"type":"Feature","id":"fr-commune-15215","properties":{"id":"fr-commune-15215","name":"Saint-Simon","kind":"commune","center":[2.4998,44.966],"code":"15215","department":"15"},"bbox":[2.44161,44.94016,2.55797,44.99223],"geometry":{"type":"Polygon","coordinates":[[[2.49291,44.94302],[2.49038,44.94523],[2.48918,44.94416],[2.48639,44.94245],[2.48321,44.94016],[2.48188,44.94151],[2.47959,44.94241],[2.47676,44.94237],[2.47484,44.9403],[2.47376,44.94143],[2.47497,44.94233],[2.47497,44.94386],[2.47614,44.94508],[2.47492,44.9471],[2.47321,44.94723],[2.47105,44.9453],[2.46857,44.94752],[2.47043,44.94806],[2.47021,44.95012],[2.47195,44.95094],[2.47282,44.95194],[2.47187,44.95329],[2.47188,44.95509],[2.47343,44.9561],[2.4756,44.9565],[2.4745,44.9579],[2.4721,44.95961],[2.47464,44.96298],[2.4768,44.96455],[2.47412,44.96603],[2.47052,44.96242],[2.46696,44.96023],[2.46392,44.95793],[2.4623,44.95916],[2.45887,44.95768],[2.45827,44.95636],[2.45839,44.95481],[2.45723,44.95389],[2.45486,44.95295],[2.45061,44.95406],[2.45226,44.95559],[2.45144,44.95586],[2.44806,44.95468],[2.44718,44.95369],[2.44541,44.95325],[2.44161,44.95389],[2.44325,44.95443],[2.44345,44.95559],[2.44433,44.9564],[2.44326,44.95726],[2.44453,44.95861],[2.44649,44.95959],[2.44865,44.96013],[2.45196,44.96283],[2.45488,44.96431],[2.45501,44.96548],[2.45275,44.96779],[2.45141,44.96787],[2.45172,44.96971],[2.45362,44.96966],[2.45597,44.97101],[2.45895,44.97069],[2.46017,44.97377],[2.46333,44.97363],[2.46504,44.97514],[2.4639,44.97587],[2.46333,44.97699],[2.46099,44.97821],[2.46106,44.97942],[2.45966,44.97983],[2.45757,44.97956],[2.45567,44.981],[2.45682,44.9819],[2.45492,44.98348],[2.45567,44.98435],[2.45833,44.98605],[2.46013,44.98634],[2.45702,44.98925],[2.45715,44.99008],[2.45886,44.98999],[2.46051,44.99049],[2.46228,44.98671],[2.46114,44.98585],[2.46437,44.9849],[2.46855,44.98235],[2.47076,44.98356],[2.47242,44.98349],[2.47381,44.98413],[2.47494,44.98314],[2.47761,44.98439],[2.47976,44.98471],[2.4797,44.98358],[2.48205,44.98434],[2.48455,44.98678],[2.48426,44.98767],[2.48707,44.98893],[2.48827,44.99108],[2.49148,44.99084],[2.49257,44.99187],[2.49473,44.99223],[2.4968,44.98946],[2.50267,44.98998],[2.50561,44.99129],[2.50681,44.98985],[2.50869,44.99009],[2.50877,44.99108],[2.5136,44.98976],[2.51282,44.99168],[2.51516,44.99164],[2.5151,44.99065],[2.51964,44.98886],[2.52353,44.9867],[2.52536,44.98702],[2.52658,44.98827],[2.52801,44.98826],[2.52882,44.99065],[2.53011,44.99059],[2.531,44.99001],[2.53234,44.98718],[2.53392,44.98529],[2.53232,44.98358],[2.5313,44.98173],[2.53405,44.98068],[2.5371,44.97912],[2.53969,44.97963],[2.54162,44.9812],[2.54345,44.98127],[2.54762,44.98277],[2.55354,44.9823],[2.55492,44.98163],[2.55584,44.98098],[2.55797,44.97711],[2.55632,44.97523],[2.5536,44.97591],[2.55322,44.97722],[2.55138,44.97448],[2.5484,44.975],[2.54563,44.97228],[2.54708,44.96943],[2.54659,44.96769],[2.54451,44.96621],[2.53958,44.96791],[2.53931,44.96692],[2.53807,44.96621],[2.53513,44.96542],[2.53272,44.96101],[2.52992,44.96004],[2.52757,44.95881],[2.5244,44.95553],[2.52321,44.95489],[2.52508,44.95393],[2.52185,44.95178],[2.52111,44.95045],[2.51869,44.95087],[2.51681,44.95218],[2.51568,44.95177],[2.51269,44.95207],[2.51252,44.95311],[2.51101,44.95403],[2.51039,44.95613],[2.50909,44.95511],[2.5084,44.95664],[2.50408,44.95609],[2.50231,44.95452],[2.49792,44.95175],[2.49823,44.95058],[2.49674,44.94958],[2.49578,44.94833],[2.498,44.94528],[2.49602,44.9437],[2.49524,44.94109],[2.49291,44.94302]]]}},{"type":"Feature","id":"fr-commune-15216","properties":{"id":"fr-commune-15216","name":"Saint-Urcize","kind":"commune","center":[2.985,44.7018],"code":"15216","department":"15"},"bbox":[2.93089,44.64467,3.0391,44.75909],"geometry":{"type":"Polygon","coordinates":[[[2.98494,44.65037],[2.98182,44.64526],[2.98168,44.64467],[2.97544,44.64472],[2.97328,44.64536],[2.97228,44.64713],[2.97,44.64858],[2.96955,44.64879],[2.96558,44.65275],[2.96384,44.65425],[2.96187,44.65455],[2.96318,44.65868],[2.96151,44.65887],[2.95971,44.65961],[2.95603,44.65976],[2.95485,44.66099],[2.95537,44.66277],[2.95502,44.66688],[2.9545,44.66789],[2.95217,44.66887],[2.95037,44.67018],[2.94896,44.67231],[2.94827,44.67428],[2.94604,44.67556],[2.94549,44.67662],[2.94431,44.67706],[2.94164,44.67688],[2.93938,44.67763],[2.93837,44.67849],[2.93781,44.67987],[2.93867,44.6811],[2.93846,44.68239],[2.94137,44.684],[2.94356,44.68361],[2.94447,44.68417],[2.94401,44.68507],[2.94162,44.68645],[2.93987,44.68944],[2.93889,44.68979],[2.93873,44.69093],[2.93961,44.6917],[2.9382,44.6934],[2.93488,44.69409],[2.93496,44.69484],[2.93282,44.69675],[2.93384,44.697],[2.93501,44.70357],[2.93509,44.705],[2.93434,44.70717],[2.93329,44.70852],[2.93089,44.71303],[2.93445,44.713],[2.93777,44.72013],[2.94062,44.72513],[2.94521,44.72722],[2.94694,44.72892],[2.95405,44.73403],[2.95554,44.73539],[2.95959,44.73796],[2.96201,44.73929],[2.9624,44.74036],[2.96518,44.74111],[2.9678,44.74266],[2.96788,44.74405],[2.97094,44.74471],[2.97189,44.7463],[2.9742,44.74764],[2.97955,44.74681],[2.98182,44.74554],[2.98501,44.74577],[2.98887,44.7475],[2.99008,44.74917],[2.99218,44.75113],[2.99398,44.75239],[2.9971,44.75388],[2.99792,44.75492],[2.99998,44.75862],[3.00163,44.75909],[3.00426,44.75734],[3.00761,44.75291],[3.01061,44.74826],[3.0141,44.74099],[3.01366,44.74002],[3.01514,44.7382],[3.01641,44.73765],[3.01796,44.73855],[3.01976,44.73855],[3.02227,44.73663],[3.0238,44.73642],[3.02679,44.73284],[3.02879,44.73339],[3.02691,44.72957],[3.02686,44.72871],[3.02817,44.72816],[3.03134,44.7285],[3.03125,44.72936],[3.03435,44.72922],[3.03581,44.72651],[3.03533,44.7256],[3.03661,44.72427],[3.03812,44.72103],[3.03889,44.71797],[3.0391,44.71515],[3.03717,44.71509],[3.03478,44.71576],[3.03224,44.71576],[3.02824,44.71706],[3.02631,44.71694],[3.02495,44.71606],[3.02463,44.71409],[3.02308,44.7133],[3.02203,44.71406],[3.02004,44.71441],[3.01768,44.7141],[3.01663,44.71436],[3.01351,44.70951],[3.0124,44.70921],[3.0138,44.70751],[3.01316,44.70452],[3.01354,44.70355],[3.01183,44.70285],[3.01153,44.70186],[3.01002,44.70121],[3.00757,44.6968],[3.00716,44.69539],[3.00854,44.69414],[3.00657,44.69245],[3.00568,44.69118],[3.00408,44.69068],[3.00346,44.68972],[3.0019,44.68904],[3.00089,44.68792],[3.00187,44.6874],[3.00255,44.68618],[3.00244,44.68504],[3.00044,44.68428],[3.00126,44.68135],[3.00081,44.67926],[3.00023,44.67867],[2.99946,44.67566],[2.99778,44.67271],[2.99633,44.67203],[2.99553,44.67],[2.99332,44.66759],[2.98703,44.66126],[2.98701,44.66026],[2.9839,44.65686],[2.98406,44.65593],[2.98339,44.65335],[2.98174,44.652],[2.98279,44.65029],[2.98494,44.65037]]]}},{"type":"Feature","id":"fr-commune-15217","properties":{"id":"fr-commune-15217","name":"Saint-Victor","kind":"commune","center":[2.2905,45.0085],"code":"15217","department":"15"},"bbox":[2.2655,44.97906,2.31542,45.03755],"geometry":{"type":"Polygon","coordinates":[[[2.27155,44.97906],[2.27131,44.9791],[2.26898,44.98294],[2.26742,44.98386],[2.26699,44.98498],[2.26572,44.98566],[2.2655,44.9886],[2.2689,44.98833],[2.26826,44.99229],[2.26826,44.99692],[2.2694,44.99921],[2.266,44.99968],[2.26825,45.00204],[2.26698,45.00385],[2.2685,45.0052],[2.27073,45.00592],[2.27194,45.0074],[2.27133,45.00884],[2.27191,45.01013],[2.27368,45.01044],[2.27395,45.01162],[2.27293,45.01232],[2.27577,45.01412],[2.27842,45.01485],[2.27943,45.01547],[2.28062,45.01776],[2.27858,45.01974],[2.27731,45.01978],[2.27629,45.02131],[2.27773,45.02407],[2.27583,45.02468],[2.27549,45.02631],[2.27685,45.02908],[2.27826,45.02841],[2.27913,45.03017],[2.28166,45.03008],[2.28212,45.03288],[2.28016,45.03598],[2.28084,45.03755],[2.28195,45.03729],[2.28511,45.03736],[2.28609,45.03633],[2.28597,45.03475],[2.2864,45.0329],[2.2888,45.03279],[2.28925,45.03392],[2.291,45.03433],[2.29284,45.03244],[2.29613,45.0327],[2.29761,45.03209],[2.2969,45.03031],[2.30109,45.03132],[2.3029,45.03093],[2.30397,45.0319],[2.30382,45.03262],[2.30597,45.03369],[2.30667,45.03354],[2.30846,45.03145],[2.31095,45.0325],[2.31269,45.03406],[2.3111,45.03552],[2.31205,45.03596],[2.31322,45.03533],[2.3151,45.03306],[2.31542,45.03168],[2.31522,45.02996],[2.31419,45.0266],[2.31535,45.02562],[2.31433,45.02251],[2.31332,45.02119],[2.31164,45.01986],[2.31156,45.01863],[2.30936,45.01791],[2.30851,45.01656],[2.30658,45.01637],[2.30364,45.01506],[2.301,45.01533],[2.30095,45.0122],[2.30275,45.00877],[2.30179,45.00745],[2.30442,45.00644],[2.30215,45.00531],[2.30232,45.00465],[2.30622,45.00341],[2.30801,45.00344],[2.30863,45.00281],[2.3052,44.99888],[2.3037,44.99896],[2.30364,44.99788],[2.3025,44.99707],[2.30085,44.99843],[2.29993,44.9998],[2.29761,45.00048],[2.29706,44.99909],[2.29626,44.99904],[2.29391,44.99732],[2.29375,44.99627],[2.29453,44.99407],[2.29521,44.9935],[2.29387,44.98623],[2.29248,44.98524],[2.2901,44.98507],[2.28846,44.98565],[2.28716,44.98662],[2.28561,44.98658],[2.28426,44.988],[2.28312,44.98766],[2.28111,44.98784],[2.28231,44.98523],[2.28155,44.98422],[2.27993,44.98401],[2.27723,44.98244],[2.27557,44.98046],[2.27155,44.97906]]]}},{"type":"Feature","id":"fr-commune-15218","properties":{"id":"fr-commune-15218","name":"Saint-Vincent-de-Salers","kind":"commune","center":[2.5372,45.2052],"code":"15218","department":"15"},"bbox":[2.48593,45.18432,2.58853,45.22687],"geometry":{"type":"Polygon","coordinates":[[[2.52512,45.22687],[2.52957,45.22551],[2.53033,45.22443],[2.53517,45.22545],[2.53719,45.22109],[2.5384,45.22118],[2.53961,45.22009],[2.53884,45.21929],[2.53956,45.21837],[2.5408,45.21901],[2.54234,45.21771],[2.54097,45.217],[2.54056,45.21577],[2.54206,45.21548],[2.5434,45.21591],[2.54977,45.21477],[2.55027,45.21324],[2.5516,45.21247],[2.55371,45.21355],[2.55317,45.21626],[2.55353,45.21747],[2.55607,45.21746],[2.55774,45.21817],[2.5592,45.21961],[2.56289,45.21933],[2.56404,45.22014],[2.56544,45.22031],[2.5677,45.22184],[2.5682,45.22316],[2.57,45.22203],[2.5716,45.22182],[2.57394,45.21938],[2.57542,45.21922],[2.57572,45.21827],[2.57731,45.21787],[2.57797,45.21582],[2.57772,45.21462],[2.57822,45.21287],[2.58036,45.21029],[2.58233,45.20904],[2.5841,45.20841],[2.58746,45.20593],[2.58853,45.20557],[2.5876,45.20397],[2.58421,45.20129],[2.58376,45.19994],[2.58242,45.19882],[2.58222,45.19711],[2.57941,45.1955],[2.5723,45.19741],[2.56638,45.19751],[2.56625,45.19647],[2.56135,45.19648],[2.55792,45.19784],[2.55651,45.1937],[2.55529,45.19266],[2.55358,45.19285],[2.5521,45.19077],[2.55027,45.19023],[2.54763,45.19138],[2.547,45.19012],[2.54706,45.18773],[2.54898,45.18759],[2.54935,45.18593],[2.54846,45.18458],[2.54531,45.18432],[2.54255,45.18473],[2.53986,45.18559],[2.53974,45.1868],[2.53707,45.18883],[2.53377,45.19063],[2.5339,45.19144],[2.52787,45.19487],[2.5252,45.19555],[2.52317,45.19663],[2.52139,45.19664],[2.5205,45.19754],[2.51929,45.19759],[2.51726,45.19853],[2.51555,45.19975],[2.51218,45.20043],[2.50938,45.20165],[2.51008,45.20241],[2.50716,45.20417],[2.50576,45.20327],[2.50347,45.20337],[2.50093,45.20396],[2.49875,45.20508],[2.49748,45.20522],[2.49602,45.20617],[2.49144,45.20685],[2.49266,45.20914],[2.49031,45.20946],[2.48745,45.2114],[2.48716,45.21431],[2.48671,45.21528],[2.49,45.2158],[2.49044,45.21666],[2.48715,45.21727],[2.48593,45.2184],[2.48683,45.21936],[2.48957,45.21837],[2.49332,45.21791],[2.49542,45.21845],[2.49917,45.21804],[2.50038,45.21858],[2.50541,45.21871],[2.50943,45.21835],[2.51109,45.21798],[2.51176,45.21897],[2.51435,45.21803],[2.51561,45.21901],[2.51546,45.22016],[2.51873,45.22143],[2.52052,45.22292],[2.52262,45.22314],[2.52218,45.22534],[2.52276,45.22633],[2.52512,45.22687]]]}},{"type":"Feature","id":"fr-commune-15219","properties":{"id":"fr-commune-15219","name":"Salers","kind":"commune","center":[2.5016,45.144],"code":"15219","department":"15"},"bbox":[2.47214,45.13217,2.53106,45.15595],"geometry":{"type":"Polygon","coordinates":[[[2.48166,45.13537],[2.48059,45.13663],[2.48244,45.13753],[2.48078,45.13966],[2.47908,45.14009],[2.47928,45.14106],[2.48053,45.14195],[2.47425,45.14479],[2.47214,45.14497],[2.47263,45.14624],[2.47407,45.14686],[2.4768,45.14731],[2.47902,45.14722],[2.47953,45.14798],[2.48131,45.14793],[2.4815,45.14971],[2.47909,45.15432],[2.48205,45.15459],[2.48187,45.15128],[2.48649,45.15235],[2.4864,45.15381],[2.49028,45.15334],[2.49088,45.1529],[2.48964,45.15119],[2.48838,45.15034],[2.49045,45.14798],[2.49202,45.14732],[2.49422,45.14704],[2.49501,45.14873],[2.49704,45.15076],[2.49587,45.15144],[2.49853,45.15322],[2.49919,45.1523],[2.50198,45.15244],[2.50346,45.15222],[2.50445,45.1532],[2.50604,45.15377],[2.50838,45.15314],[2.50993,45.15377],[2.51481,45.15287],[2.51653,45.15297],[2.52042,45.15251],[2.52277,45.15372],[2.52183,45.15552],[2.52469,45.15583],[2.52661,45.15529],[2.53106,45.15595],[2.52787,45.15402],[2.52825,45.15294],[2.52599,45.15222],[2.52171,45.15024],[2.51813,45.14822],[2.51384,45.14614],[2.51063,45.14514],[2.50936,45.14441],[2.50743,45.14407],[2.50493,45.14312],[2.50068,45.14084],[2.50001,45.14025],[2.50009,45.13865],[2.49959,45.13761],[2.49719,45.13538],[2.49437,45.13509],[2.49539,45.13437],[2.49277,45.13217],[2.49144,45.13266],[2.48996,45.13459],[2.48814,45.13529],[2.48379,45.13448],[2.48166,45.13537]]]}},{"type":"Feature","id":"fr-commune-15220","properties":{"id":"fr-commune-15220","name":"Salins","kind":"commune","center":[2.4029,45.1906],"code":"15220","department":"15"},"bbox":[2.36977,45.16814,2.43596,45.2131],"geometry":{"type":"Polygon","coordinates":[[[2.42292,45.16918],[2.42049,45.16985],[2.4198,45.17102],[2.4186,45.17095],[2.41881,45.17327],[2.41707,45.17347],[2.41338,45.17665],[2.40732,45.17856],[2.40444,45.17922],[2.40067,45.17976],[2.39911,45.17734],[2.39947,45.17612],[2.39749,45.17634],[2.39674,45.17595],[2.39237,45.17583],[2.39097,45.17633],[2.38928,45.17817],[2.38785,45.178],[2.3883,45.17685],[2.38726,45.17625],[2.38608,45.17748],[2.38162,45.18017],[2.38089,45.18214],[2.38084,45.18352],[2.37877,45.18432],[2.37618,45.18426],[2.37366,45.1846],[2.37127,45.18583],[2.36977,45.18618],[2.37034,45.18846],[2.37034,45.18987],[2.37244,45.18985],[2.37343,45.18875],[2.37632,45.19075],[2.37766,45.19019],[2.37861,45.19142],[2.3767,45.19174],[2.37428,45.19439],[2.37467,45.19556],[2.37664,45.19623],[2.37651,45.19475],[2.37842,45.19385],[2.38154,45.19344],[2.38395,45.19502],[2.38593,45.19448],[2.38637,45.19596],[2.38485,45.1997],[2.38593,45.20051],[2.38746,45.20074],[2.38797,45.2015],[2.38803,45.20353],[2.38512,45.20424],[2.38666,45.20563],[2.38549,45.20627],[2.3846,45.20811],[2.38327,45.20883],[2.38429,45.21],[2.3881,45.20933],[2.39144,45.2109],[2.39233,45.21058],[2.39396,45.21121],[2.39854,45.2118],[2.40045,45.21233],[2.4016,45.2131],[2.40172,45.20946],[2.40395,45.20869],[2.40316,45.20662],[2.40681,45.20585],[2.40566,45.205],[2.40203,45.205],[2.40025,45.20415],[2.39809,45.20365],[2.39777,45.20226],[2.39614,45.20246],[2.39549,45.2007],[2.39456,45.19998],[2.39332,45.19705],[2.39216,45.19598],[2.39133,45.19295],[2.39382,45.19354],[2.39718,45.19356],[2.39826,45.19394],[2.40119,45.19361],[2.40341,45.19375],[2.40463,45.19316],[2.40418,45.19233],[2.40857,45.19312],[2.40869,45.18866],[2.40697,45.18871],[2.40672,45.18781],[2.40818,45.18713],[2.40996,45.18745],[2.40988,45.18561],[2.41333,45.18569],[2.41651,45.18452],[2.41848,45.18299],[2.42775,45.18147],[2.42742,45.1797],[2.42918,45.17945],[2.42984,45.18032],[2.43222,45.18014],[2.43292,45.17866],[2.43559,45.17555],[2.43596,45.17353],[2.43431,45.17286],[2.43575,45.17128],[2.43382,45.16842],[2.43271,45.16814],[2.4242,45.17159],[2.42292,45.16918]]]}},{"type":"Feature","id":"fr-commune-15221","properties":{"id":"fr-commune-15221","name":"Sansac-de-Marmiesse","kind":"commune","center":[2.3469,44.8882],"code":"15221","department":"15"},"bbox":[2.31435,44.86437,2.37948,44.91182],"geometry":{"type":"Polygon","coordinates":[[[2.36537,44.87484],[2.36148,44.87375],[2.35827,44.87401],[2.35619,44.8752],[2.35492,44.87547],[2.35368,44.87711],[2.35343,44.87824],[2.3516,44.87915],[2.35022,44.87899],[2.349,44.88042],[2.34746,44.87994],[2.34277,44.87993],[2.33996,44.8805],[2.33807,44.88158],[2.33659,44.88109],[2.33468,44.88106],[2.33293,44.88046],[2.33437,44.87764],[2.33728,44.87716],[2.33626,44.87607],[2.33633,44.8751],[2.33379,44.87268],[2.33029,44.87105],[2.32846,44.87064],[2.32294,44.86668],[2.3205,44.86622],[2.31854,44.86437],[2.31659,44.86543],[2.31825,44.86813],[2.31643,44.87],[2.3192,44.87028],[2.32459,44.86862],[2.32553,44.87083],[2.32257,44.87208],[2.32079,44.87248],[2.3202,44.87199],[2.31854,44.87261],[2.32117,44.87439],[2.32183,44.8752],[2.32248,44.88021],[2.32145,44.8807],[2.32025,44.88227],[2.31976,44.88398],[2.31825,44.88418],[2.31608,44.88576],[2.31605,44.8876],[2.31681,44.88848],[2.31884,44.88918],[2.3208,44.89257],[2.32023,44.89359],[2.31888,44.89425],[2.31818,44.89334],[2.31578,44.89373],[2.31435,44.8954],[2.31503,44.89716],[2.31502,44.89928],[2.31648,44.90034],[2.31718,44.90165],[2.31583,44.90236],[2.31648,44.90331],[2.31665,44.90617],[2.32186,44.90537],[2.32573,44.9055],[2.32787,44.90638],[2.32927,44.90777],[2.33097,44.90813],[2.33444,44.90968],[2.33685,44.91043],[2.3394,44.91087],[2.33969,44.91182],[2.34274,44.91127],[2.34469,44.91004],[2.34591,44.9083],[2.35022,44.90632],[2.35277,44.90543],[2.35062,44.90306],[2.35243,44.9018],[2.35231,44.90041],[2.3549,44.89917],[2.35752,44.89881],[2.35821,44.89931],[2.36029,44.89863],[2.36238,44.89863],[2.36292,44.89981],[2.36503,44.89807],[2.36681,44.89881],[2.36838,44.89812],[2.36888,44.897],[2.36689,44.89606],[2.36772,44.8949],[2.36966,44.89492],[2.37257,44.89447],[2.37263,44.89174],[2.37436,44.89117],[2.37795,44.89053],[2.37807,44.88917],[2.37948,44.88633],[2.37918,44.88494],[2.37708,44.88269],[2.37608,44.88053],[2.3763,44.87951],[2.37384,44.87957],[2.37132,44.87788],[2.36913,44.87723],[2.36754,44.87587],[2.36537,44.87484]]]}},{"type":"Feature","id":"fr-commune-15222","properties":{"id":"fr-commune-15222","name":"Sansac-Veinazès","kind":"commune","center":[2.4277,44.7456],"code":"15222","department":"15"},"bbox":[2.40173,44.72315,2.45365,44.76807],"geometry":{"type":"Polygon","coordinates":[[[2.4023,44.75226],[2.40389,44.75384],[2.40682,44.75537],[2.40501,44.75805],[2.40333,44.7598],[2.40291,44.76325],[2.40173,44.7651],[2.40204,44.76644],[2.40418,44.76726],[2.40466,44.76807],[2.41089,44.76682],[2.41484,44.76654],[2.41901,44.76542],[2.42001,44.76548],[2.42109,44.76673],[2.42258,44.76689],[2.42419,44.76544],[2.42501,44.76363],[2.42914,44.76212],[2.4313,44.76018],[2.43309,44.75951],[2.43563,44.7573],[2.43688,44.75684],[2.43971,44.75661],[2.44169,44.75542],[2.44273,44.75382],[2.44299,44.75196],[2.44474,44.75071],[2.44576,44.74944],[2.44996,44.74674],[2.45073,44.7464],[2.45112,44.74292],[2.45229,44.74155],[2.4513,44.74075],[2.45175,44.73922],[2.45011,44.73895],[2.44996,44.73787],[2.4513,44.73639],[2.45079,44.73534],[2.45365,44.73396],[2.45178,44.73172],[2.4513,44.73034],[2.45244,44.72863],[2.45001,44.72879],[2.44781,44.72747],[2.4481,44.72625],[2.44471,44.72625],[2.44244,44.7272],[2.43841,44.72734],[2.43769,44.72703],[2.4352,44.72778],[2.43176,44.72493],[2.42902,44.72315],[2.4283,44.72346],[2.4264,44.72647],[2.42355,44.72777],[2.42184,44.7292],[2.42071,44.72915],[2.41988,44.72818],[2.41767,44.72726],[2.41463,44.7299],[2.41468,44.73119],[2.41051,44.73166],[2.40893,44.73405],[2.40976,44.73677],[2.41011,44.73956],[2.41226,44.74157],[2.41235,44.74249],[2.41011,44.74526],[2.4092,44.74594],[2.4079,44.74796],[2.40516,44.75033],[2.4023,44.75226]]]}},{"type":"Feature","id":"fr-commune-15223","properties":{"id":"fr-commune-15223","name":"Sauvat","kind":"commune","center":[2.4394,45.3068],"code":"15223","department":"15"},"bbox":[2.40596,45.28644,2.47356,45.32728],"geometry":{"type":"Polygon","coordinates":[[[2.46318,45.32276],[2.46479,45.32028],[2.46816,45.31876],[2.46943,45.31853],[2.47102,45.31921],[2.47344,45.31836],[2.47152,45.31696],[2.47248,45.31556],[2.47267,45.31394],[2.47356,45.31331],[2.47273,45.31133],[2.47173,45.31119],[2.47106,45.30814],[2.47118,45.30594],[2.46837,45.30302],[2.46824,45.30045],[2.4667,45.29937],[2.4653,45.30041],[2.46447,45.29875],[2.46466,45.29668],[2.46421,45.29578],[2.46516,45.29492],[2.46312,45.29417],[2.46179,45.2953],[2.46,45.29439],[2.45841,45.2948],[2.45771,45.29579],[2.45428,45.29586],[2.45227,45.29541],[2.45133,45.29471],[2.44936,45.29448],[2.44656,45.29538],[2.44516,45.29657],[2.4445,45.29506],[2.44298,45.29345],[2.4449,45.29314],[2.44585,45.29084],[2.44514,45.28972],[2.44616,45.28832],[2.44216,45.28721],[2.44068,45.28792],[2.43915,45.2877],[2.43806,45.28662],[2.43501,45.28644],[2.43463,45.28851],[2.43488,45.28968],[2.43399,45.29103],[2.43196,45.29131],[2.42708,45.2911],[2.42684,45.29192],[2.42498,45.29306],[2.42344,45.29171],[2.41968,45.29241],[2.41813,45.29187],[2.41723,45.29054],[2.41477,45.2918],[2.41478,45.29256],[2.41115,45.29327],[2.40948,45.29424],[2.40891,45.29579],[2.40604,45.29621],[2.40596,45.29748],[2.40896,45.29955],[2.40998,45.30054],[2.41043,45.30207],[2.40884,45.30428],[2.41012,45.30651],[2.41198,45.30702],[2.41654,45.30892],[2.42109,45.3103],[2.42515,45.31335],[2.42562,45.31507],[2.42479,45.31552],[2.42569,45.31705],[2.42473,45.31772],[2.42607,45.31839],[2.42454,45.31921],[2.42365,45.31867],[2.42187,45.31988],[2.42455,45.32069],[2.42487,45.32199],[2.42646,45.32357],[2.42863,45.32375],[2.43016,45.32356],[2.43252,45.32518],[2.43519,45.32529],[2.43816,45.32501],[2.43999,45.32652],[2.44213,45.32633],[2.44292,45.32728],[2.45054,45.32574],[2.44957,45.32417],[2.44937,45.32191],[2.45284,45.32235],[2.45464,45.32318],[2.45605,45.32242],[2.45924,45.32466],[2.45998,45.32378],[2.46318,45.32276]]]}},{"type":"Feature","id":"fr-commune-15224","properties":{"id":"fr-commune-15224","name":"La Ségalassière","kind":"commune","center":[2.2099,44.8934],"code":"15224","department":"15"},"bbox":[2.19499,44.87381,2.22482,44.91296],"geometry":{"type":"Polygon","coordinates":[[[2.19753,44.88227],[2.19591,44.8854],[2.19719,44.88657],[2.19722,44.88848],[2.19629,44.88941],[2.19708,44.89563],[2.19869,44.89603],[2.19875,44.89796],[2.1978,44.89858],[2.19878,44.90107],[2.19839,44.90196],[2.19704,44.90214],[2.19598,44.9046],[2.19641,44.90648],[2.19499,44.90752],[2.19513,44.90846],[2.19726,44.90892],[2.1975,44.90962],[2.19999,44.91141],[2.20332,44.9122],[2.2047,44.91179],[2.20569,44.91225],[2.20767,44.91216],[2.20865,44.91296],[2.20988,44.91155],[2.21004,44.90866],[2.21063,44.90872],[2.2138,44.90746],[2.21352,44.90626],[2.21379,44.90431],[2.21471,44.90433],[2.21519,44.90576],[2.2169,44.90545],[2.21869,44.90042],[2.21992,44.8996],[2.22052,44.89814],[2.22224,44.89848],[2.2245,44.89559],[2.22269,44.89113],[2.22482,44.89017],[2.22395,44.88858],[2.22261,44.88709],[2.22084,44.88653],[2.22275,44.88431],[2.22088,44.8833],[2.2215,44.88173],[2.22153,44.88022],[2.22096,44.87919],[2.21822,44.87846],[2.21822,44.87715],[2.21631,44.87451],[2.21506,44.87384],[2.21359,44.87381],[2.20923,44.87521],[2.21145,44.87535],[2.21062,44.87674],[2.20948,44.87606],[2.20721,44.87638],[2.20618,44.8811],[2.2046,44.88006],[2.2022,44.88118],[2.19753,44.88227]]]}},{"type":"Feature","id":"fr-commune-15225","properties":{"id":"fr-commune-15225","name":"Ségur-les-Villas","kind":"commune","center":[2.8237,45.2094],"code":"15225","department":"15"},"bbox":[2.78193,45.179,2.86546,45.23976],"geometry":{"type":"Polygon","coordinates":[[[2.86546,45.20157],[2.86295,45.19981],[2.85974,45.19791],[2.85454,45.19623],[2.85173,45.19484],[2.84996,45.19304],[2.84793,45.1938],[2.84782,45.19188],[2.84686,45.19126],[2.84271,45.19043],[2.84296,45.18952],[2.84112,45.18949],[2.84124,45.18841],[2.83964,45.18756],[2.84058,45.18652],[2.84025,45.18445],[2.83835,45.18068],[2.83474,45.18038],[2.83326,45.179],[2.83136,45.179],[2.82705,45.18109],[2.82451,45.18131],[2.82366,45.17935],[2.8222,45.17953],[2.82101,45.18098],[2.81846,45.1809],[2.81808,45.18027],[2.8161,45.18001],[2.81496,45.18069],[2.81115,45.18088],[2.80766,45.18229],[2.80704,45.18333],[2.80299,45.18605],[2.79847,45.18525],[2.79538,45.18506],[2.79483,45.18342],[2.79101,45.18389],[2.79122,45.18785],[2.79175,45.19014],[2.79266,45.19252],[2.79589,45.19858],[2.79227,45.19936],[2.78921,45.19892],[2.78508,45.19885],[2.78327,45.19935],[2.78193,45.20277],[2.78258,45.2047],[2.78653,45.20482],[2.78774,45.20545],[2.78944,45.2056],[2.79329,45.20835],[2.79656,45.20988],[2.79767,45.21228],[2.79715,45.21386],[2.79659,45.21802],[2.79768,45.22115],[2.7972,45.22428],[2.79776,45.22597],[2.80057,45.22502],[2.80178,45.22515],[2.80242,45.22613],[2.79706,45.22736],[2.79663,45.22956],[2.79693,45.23163],[2.79664,45.23413],[2.79729,45.23557],[2.80076,45.23512],[2.80234,45.23683],[2.8057,45.23686],[2.8056,45.23791],[2.80696,45.23812],[2.8087,45.23703],[2.80916,45.23585],[2.81258,45.23444],[2.81363,45.23526],[2.81238,45.23619],[2.81153,45.23773],[2.81035,45.23846],[2.81194,45.23918],[2.81406,45.23875],[2.81564,45.239],[2.81829,45.23781],[2.81995,45.23814],[2.82073,45.23648],[2.82235,45.23631],[2.82266,45.23737],[2.82175,45.23787],[2.82123,45.23918],[2.82539,45.23976],[2.83367,45.23969],[2.83605,45.23616],[2.83705,45.23368],[2.83746,45.22972],[2.84058,45.22953],[2.84306,45.23006],[2.84548,45.23014],[2.84803,45.22963],[2.84737,45.22716],[2.84596,45.22667],[2.84422,45.22438],[2.84217,45.22259],[2.84225,45.21787],[2.84745,45.21799],[2.85288,45.21679],[2.85696,45.21722],[2.86004,45.21458],[2.86165,45.21363],[2.86203,45.21234],[2.85863,45.21172],[2.85785,45.21024],[2.85843,45.20839],[2.85938,45.20736],[2.86179,45.20631],[2.86317,45.20359],[2.86546,45.20157]]]}},{"type":"Feature","id":"fr-commune-15226","properties":{"id":"fr-commune-15226","name":"Sénezergues","kind":"commune","center":[2.4103,44.7163],"code":"15226","department":"15"},"bbox":[2.3816,44.68028,2.43893,44.75226],"geometry":{"type":"Polygon","coordinates":[[[2.38864,44.74883],[2.39051,44.74886],[2.39192,44.75011],[2.39414,44.75057],[2.39568,44.75046],[2.39708,44.75094],[2.39938,44.75091],[2.4023,44.75226],[2.40516,44.75033],[2.4079,44.74796],[2.4092,44.74594],[2.41011,44.74526],[2.41235,44.74249],[2.41226,44.74157],[2.41011,44.73956],[2.40976,44.73677],[2.40893,44.73405],[2.41051,44.73166],[2.41468,44.73119],[2.41463,44.7299],[2.41767,44.72726],[2.41988,44.72818],[2.42071,44.72915],[2.42184,44.7292],[2.42355,44.72777],[2.4264,44.72647],[2.4283,44.72346],[2.42902,44.72315],[2.43058,44.72246],[2.43037,44.72056],[2.42961,44.71978],[2.4302,44.71881],[2.43064,44.71668],[2.43025,44.71532],[2.42822,44.71412],[2.42919,44.71209],[2.43071,44.71289],[2.43112,44.71497],[2.43229,44.71501],[2.43386,44.71209],[2.43306,44.71097],[2.4352,44.71076],[2.43748,44.71101],[2.43893,44.7102],[2.43859,44.70946],[2.43577,44.7074],[2.43748,44.70689],[2.43501,44.70219],[2.43224,44.7003],[2.43429,44.69897],[2.43428,44.69724],[2.43075,44.6949],[2.42847,44.69499],[2.42538,44.69634],[2.42292,44.69477],[2.42434,44.69278],[2.42441,44.69135],[2.42072,44.69073],[2.41837,44.6896],[2.42001,44.68838],[2.4186,44.68714],[2.4191,44.68596],[2.42171,44.68406],[2.42058,44.68285],[2.4192,44.6824],[2.42151,44.68073],[2.42145,44.68028],[2.41924,44.68163],[2.41628,44.6813],[2.41664,44.68265],[2.41485,44.68326],[2.41352,44.68464],[2.41335,44.6865],[2.41492,44.68896],[2.41588,44.68939],[2.41547,44.69196],[2.41561,44.69394],[2.41428,44.69409],[2.41143,44.69588],[2.41058,44.69556],[2.40774,44.69695],[2.40725,44.69818],[2.40513,44.69888],[2.40269,44.70096],[2.40252,44.70171],[2.40027,44.70223],[2.39813,44.70313],[2.39742,44.70438],[2.39428,44.705],[2.3925,44.70709],[2.39386,44.70766],[2.39279,44.70879],[2.39039,44.71006],[2.39,44.71081],[2.38788,44.71213],[2.38539,44.71145],[2.38351,44.71133],[2.38304,44.7144],[2.38216,44.71552],[2.38367,44.71825],[2.38248,44.72238],[2.38177,44.72624],[2.3816,44.72885],[2.38289,44.73002],[2.3834,44.73178],[2.38501,44.73346],[2.38543,44.73501],[2.38679,44.73586],[2.38572,44.73744],[2.38552,44.73868],[2.38404,44.74049],[2.38379,44.74245],[2.38675,44.74348],[2.38831,44.74548],[2.38864,44.74883]]]}},{"type":"Feature","id":"fr-commune-15228","properties":{"id":"fr-commune-15228","name":"Siran","kind":"commune","center":[2.1218,44.9448],"code":"15228","department":"15"},"bbox":[2.06288,44.90373,2.18046,44.98592],"geometry":{"type":"Polygon","coordinates":[[[2.08961,44.9846],[2.09354,44.98582],[2.09417,44.98435],[2.09641,44.98473],[2.09866,44.98454],[2.10018,44.98385],[2.10132,44.98115],[2.1025,44.98027],[2.10477,44.98049],[2.10756,44.98148],[2.11351,44.98536],[2.11504,44.98519],[2.118,44.98386],[2.1195,44.98467],[2.11993,44.98573],[2.12357,44.98592],[2.12681,44.98547],[2.13026,44.98418],[2.13111,44.98426],[2.13317,44.9856],[2.13507,44.98545],[2.13696,44.98413],[2.13947,44.98409],[2.1417,44.9831],[2.14269,44.98181],[2.14262,44.98087],[2.14146,44.97888],[2.14278,44.97775],[2.145,44.97744],[2.14541,44.97514],[2.146,44.97437],[2.14761,44.97423],[2.14803,44.97529],[2.14927,44.97588],[2.15257,44.97658],[2.15417,44.97576],[2.15527,44.97587],[2.15643,44.9771],[2.15763,44.97719],[2.16114,44.97599],[2.16318,44.97646],[2.16619,44.97501],[2.16807,44.97273],[2.16916,44.97208],[2.1716,44.97074],[2.17336,44.96762],[2.17496,44.96647],[2.17659,44.96654],[2.17887,44.96733],[2.18046,44.96449],[2.17891,44.96401],[2.17855,44.96242],[2.17745,44.96078],[2.17594,44.96122],[2.1746,44.96097],[2.1729,44.9614],[2.17009,44.96014],[2.1696,44.95898],[2.16804,44.95865],[2.16601,44.95735],[2.16591,44.95598],[2.16713,44.95404],[2.16457,44.95242],[2.16472,44.95146],[2.16218,44.95042],[2.16141,44.94873],[2.16147,44.94611],[2.16118,44.94421],[2.1628,44.94138],[2.16722,44.93833],[2.16569,44.93588],[2.16538,44.93486],[2.16334,44.93291],[2.15764,44.93269],[2.15014,44.9313],[2.14892,44.93054],[2.14826,44.92858],[2.15139,44.92794],[2.15262,44.92734],[2.15541,44.92454],[2.15365,44.92378],[2.15018,44.92296],[2.14726,44.92286],[2.14498,44.92314],[2.14274,44.92001],[2.14343,44.91886],[2.14305,44.91674],[2.14031,44.91682],[2.13943,44.91425],[2.13946,44.9133],[2.13613,44.91224],[2.13618,44.91138],[2.13495,44.9108],[2.13518,44.90927],[2.13642,44.9088],[2.13715,44.90749],[2.13574,44.90495],[2.13323,44.90373],[2.13155,44.90475],[2.12911,44.90486],[2.12442,44.90386],[2.12209,44.90534],[2.11939,44.90614],[2.11769,44.9059],[2.11578,44.9063],[2.11446,44.90561],[2.11324,44.90608],[2.11284,44.90711],[2.10982,44.90914],[2.10917,44.91048],[2.10806,44.91062],[2.10614,44.91148],[2.10498,44.9128],[2.10499,44.91425],[2.10356,44.91564],[2.10216,44.91628],[2.10179,44.91735],[2.10289,44.91782],[2.10456,44.91943],[2.10383,44.92],[2.102,44.91952],[2.10043,44.92054],[2.09856,44.92278],[2.09669,44.92268],[2.09498,44.92355],[2.09437,44.92462],[2.09108,44.92629],[2.08915,44.92877],[2.08719,44.9295],[2.08662,44.93026],[2.08437,44.93126],[2.08383,44.93223],[2.08212,44.93286],[2.07902,44.93248],[2.07808,44.93382],[2.07646,44.93409],[2.07715,44.93615],[2.07672,44.93664],[2.07702,44.93949],[2.07621,44.94156],[2.07697,44.94209],[2.07933,44.94257],[2.08034,44.94383],[2.07872,44.94614],[2.07841,44.94769],[2.08025,44.94979],[2.08082,44.95252],[2.08061,44.95401],[2.07832,44.95584],[2.07574,44.95742],[2.07473,44.96011],[2.07225,44.96199],[2.07057,44.96259],[2.06919,44.96561],[2.06918,44.9674],[2.0677,44.96867],[2.06743,44.97049],[2.06773,44.97154],[2.06718,44.97343],[2.06585,44.97438],[2.06382,44.97498],[2.06288,44.97662],[2.06562,44.97681],[2.07002,44.97837],[2.07142,44.97836],[2.07362,44.9777],[2.07566,44.97814],[2.07905,44.98001],[2.08244,44.98077],[2.08456,44.98188],[2.0851,44.98366],[2.08577,44.98412],[2.08961,44.9846]]]}},{"type":"Feature","id":"fr-commune-15229","properties":{"id":"fr-commune-15229","name":"Soulages","kind":"commune","center":[3.2714,45.0897],"code":"15229","department":"15"},"bbox":[3.22782,45.0711,3.31497,45.10849],"geometry":{"type":"Polygon","coordinates":[[[3.28676,45.09699],[3.28568,45.09371],[3.28674,45.09276],[3.28908,45.09184],[3.28887,45.0909],[3.28716,45.09087],[3.28745,45.08902],[3.28976,45.08675],[3.29123,45.0878],[3.29128,45.08894],[3.29214,45.09013],[3.29335,45.09016],[3.29432,45.09097],[3.29734,45.09104],[3.29834,45.0901],[3.30037,45.0892],[3.30456,45.08781],[3.30469,45.08707],[3.30877,45.08564],[3.31185,45.08579],[3.31288,45.08498],[3.31497,45.08512],[3.31457,45.08379],[3.31201,45.08349],[3.31264,45.08258],[3.3122,45.0809],[3.30977,45.08073],[3.30907,45.07954],[3.3078,45.07886],[3.30534,45.08021],[3.30275,45.08089],[3.30082,45.07993],[3.30052,45.0786],[3.29755,45.07796],[3.29603,45.07793],[3.29145,45.07905],[3.29035,45.07973],[3.28852,45.07981],[3.28503,45.08104],[3.28323,45.08103],[3.28039,45.08009],[3.27626,45.07964],[3.27319,45.078],[3.26996,45.07815],[3.26493,45.07747],[3.26276,45.07746],[3.26011,45.07593],[3.25639,45.07611],[3.25342,45.07264],[3.25222,45.07175],[3.25107,45.07209],[3.24972,45.07118],[3.24859,45.0711],[3.24582,45.07247],[3.24526,45.07188],[3.24261,45.07238],[3.24265,45.07575],[3.24346,45.07791],[3.24421,45.07879],[3.24041,45.07833],[3.23615,45.07817],[3.23082,45.0771],[3.23047,45.08037],[3.22968,45.08169],[3.22782,45.08256],[3.2281,45.08394],[3.2296,45.08526],[3.22967,45.08733],[3.23083,45.08904],[3.22862,45.08997],[3.23027,45.09204],[3.23237,45.09256],[3.23407,45.09147],[3.23585,45.09177],[3.23593,45.09299],[3.23492,45.09317],[3.23432,45.09552],[3.23375,45.09566],[3.2301,45.10166],[3.22845,45.10164],[3.22839,45.10285],[3.22937,45.1041],[3.22913,45.10488],[3.23001,45.10477],[3.23082,45.10346],[3.23321,45.10142],[3.23533,45.10132],[3.23831,45.102],[3.24008,45.10281],[3.24038,45.10347],[3.24385,45.1035],[3.24344,45.10491],[3.24542,45.10641],[3.24726,45.10528],[3.24863,45.10764],[3.24936,45.10752],[3.25225,45.10849],[3.25369,45.10793],[3.25495,45.10639],[3.25565,45.1071],[3.25825,45.10573],[3.2623,45.10572],[3.2627,45.10679],[3.26557,45.1068],[3.26707,45.10569],[3.26812,45.10661],[3.26907,45.10579],[3.26807,45.10505],[3.26995,45.10404],[3.2718,45.10377],[3.27285,45.10258],[3.27518,45.10127],[3.27745,45.10083],[3.27825,45.09997],[3.28076,45.09906],[3.28385,45.09845],[3.28676,45.09699]]]}},{"type":"Feature","id":"fr-commune-15230","properties":{"id":"fr-commune-15230","name":"Sourniac","kind":"commune","center":[2.3356,45.2731],"code":"15230","department":"15"},"bbox":[2.30801,45.25006,2.36305,45.29536],"geometry":{"type":"Polygon","coordinates":[[[2.32142,45.25161],[2.32119,45.25238],[2.32164,45.2553],[2.32144,45.25664],[2.32265,45.25758],[2.32206,45.25855],[2.32261,45.25957],[2.32112,45.26154],[2.32151,45.26227],[2.32092,45.26362],[2.31972,45.26432],[2.3194,45.26594],[2.31872,45.2665],[2.31752,45.26979],[2.31897,45.27257],[2.31879,45.27378],[2.31728,45.27535],[2.3146,45.27618],[2.31336,45.2756],[2.31184,45.27575],[2.31036,45.27933],[2.30801,45.2809],[2.30807,45.28176],[2.31121,45.28317],[2.31449,45.28404],[2.31648,45.28495],[2.31762,45.28464],[2.31884,45.28567],[2.31858,45.28639],[2.31692,45.28671],[2.31801,45.2877],[2.31839,45.28882],[2.31711,45.28972],[2.31724,45.29107],[2.3191,45.29115],[2.32125,45.29341],[2.32125,45.29454],[2.32635,45.29409],[2.32673,45.29256],[2.32801,45.2926],[2.32833,45.29391],[2.33183,45.29368],[2.33158,45.29134],[2.3326,45.29139],[2.33318,45.29286],[2.33464,45.28959],[2.33682,45.28665],[2.33821,45.28716],[2.34145,45.28712],[2.34095,45.28995],[2.34254,45.29035],[2.34283,45.29158],[2.34106,45.29229],[2.34477,45.29494],[2.34775,45.29513],[2.34885,45.29476],[2.35205,45.29536],[2.35249,45.29462],[2.35207,45.29331],[2.35308,45.29242],[2.35407,45.2926],[2.35539,45.29133],[2.35603,45.28999],[2.35722,45.28975],[2.35852,45.28858],[2.35925,45.28654],[2.35805,45.28551],[2.36305,45.28216],[2.36292,45.27875],[2.36229,45.27731],[2.36101,45.27708],[2.35866,45.27515],[2.35897,45.27378],[2.35753,45.27274],[2.35375,45.27272],[2.35133,45.27178],[2.35018,45.27286],[2.34712,45.27097],[2.34381,45.27097],[2.34298,45.27011],[2.33922,45.26998],[2.33712,45.2693],[2.337,45.26844],[2.33959,45.26812],[2.34037,45.26724],[2.34005,45.26634],[2.34177,45.2657],[2.33903,45.2649],[2.33967,45.26364],[2.33854,45.26237],[2.3384,45.26089],[2.33973,45.26089],[2.33986,45.25927],[2.34158,45.25725],[2.3412,45.25586],[2.34323,45.25601],[2.34277,45.25701],[2.34432,45.25725],[2.3447,45.25581],[2.34642,45.25433],[2.34451,45.25284],[2.34259,45.25368],[2.34218,45.25505],[2.33884,45.25527],[2.33871,45.25397],[2.33992,45.25383],[2.34012,45.25253],[2.34138,45.25277],[2.34279,45.25208],[2.34012,45.25073],[2.33897,45.25109],[2.33922,45.25257],[2.33719,45.25383],[2.33546,45.25396],[2.33605,45.25275],[2.33382,45.25035],[2.3299,45.25052],[2.32626,45.25006],[2.32515,45.25071],[2.3233,45.25039],[2.32142,45.25161]]]}},{"type":"Feature","id":"fr-commune-15231","properties":{"id":"fr-commune-15231","name":"Talizat","kind":"commune","center":[3.0554,45.1302],"code":"15231","department":"15"},"bbox":[3.01553,45.08495,3.0952,45.17478],"geometry":{"type":"Polygon","coordinates":[[[3.01613,45.12868],[3.01742,45.12952],[3.01712,45.13127],[3.01815,45.13199],[3.01829,45.13342],[3.01701,45.13501],[3.01915,45.13725],[3.02094,45.13769],[3.02318,45.1392],[3.02465,45.13969],[3.02295,45.14115],[3.0241,45.14176],[3.02248,45.14375],[3.02306,45.14487],[3.0244,45.145],[3.02545,45.14801],[3.02483,45.14891],[3.02668,45.14926],[3.02762,45.1489],[3.02916,45.15029],[3.02666,45.15318],[3.02568,45.15378],[3.02689,45.15482],[3.02956,45.15397],[3.02948,45.15491],[3.03191,45.15611],[3.03521,45.15694],[3.03574,45.15871],[3.03731,45.15941],[3.03552,45.16023],[3.03697,45.16084],[3.03598,45.16232],[3.03601,45.16324],[3.03493,45.16478],[3.03583,45.1657],[3.03774,45.1662],[3.03819,45.16561],[3.04006,45.16567],[3.04178,45.16674],[3.04343,45.16572],[3.04444,45.16638],[3.04492,45.16793],[3.04466,45.16967],[3.04398,45.17066],[3.04416,45.17222],[3.04296,45.1746],[3.04515,45.1738],[3.04717,45.17476],[3.04882,45.17478],[3.0494,45.17283],[3.05161,45.17394],[3.05336,45.17394],[3.05399,45.17335],[3.05175,45.17192],[3.05085,45.17205],[3.04773,45.17036],[3.04725,45.16952],[3.04922,45.16869],[3.04771,45.1674],[3.04863,45.16705],[3.05073,45.16827],[3.05307,45.16824],[3.05052,45.16517],[3.05046,45.16313],[3.05119,45.16038],[3.05344,45.15926],[3.0541,45.15811],[3.05583,45.15718],[3.06076,45.15665],[3.06037,45.15454],[3.06239,45.15259],[3.0637,45.15207],[3.06649,45.15276],[3.06956,45.15297],[3.07082,45.1521],[3.07595,45.15018],[3.07754,45.1485],[3.07939,45.14741],[3.08037,45.14618],[3.0822,45.14649],[3.08223,45.14377],[3.08119,45.14154],[3.08072,45.13956],[3.08172,45.13811],[3.08533,45.13817],[3.0837,45.13631],[3.08173,45.13625],[3.08241,45.13441],[3.08442,45.13518],[3.08586,45.13326],[3.08895,45.13205],[3.09186,45.13131],[3.09166,45.13037],[3.09401,45.13004],[3.0952,45.12931],[3.0943,45.12817],[3.09241,45.12398],[3.09406,45.1229],[3.09288,45.12147],[3.09139,45.12128],[3.0902,45.11909],[3.08949,45.11669],[3.08875,45.11663],[3.08761,45.11507],[3.0878,45.11387],[3.08648,45.11304],[3.08708,45.11138],[3.08701,45.10761],[3.08893,45.10699],[3.0908,45.10594],[3.09314,45.10369],[3.09311,45.10195],[3.09233,45.10153],[3.0917,45.0991],[3.09327,45.09748],[3.09365,45.09639],[3.09267,45.09555],[3.08804,45.09584],[3.08624,45.09715],[3.08469,45.09742],[3.08326,45.09665],[3.08467,45.09596],[3.08359,45.09528],[3.08055,45.09575],[3.08081,45.09743],[3.07827,45.09793],[3.0769,45.09867],[3.07288,45.09943],[3.07139,45.09751],[3.07127,45.09594],[3.07219,45.09431],[3.0719,45.09296],[3.07282,45.09269],[3.07281,45.09139],[3.07146,45.09011],[3.07015,45.09073],[3.0693,45.08966],[3.07182,45.08843],[3.07136,45.08785],[3.06882,45.0891],[3.06855,45.08855],[3.06382,45.08911],[3.06134,45.08835],[3.05953,45.08929],[3.0588,45.08913],[3.05766,45.09155],[3.05776,45.09238],[3.05321,45.09457],[3.05276,45.09191],[3.05143,45.09237],[3.05086,45.09391],[3.04882,45.09343],[3.05045,45.09171],[3.04949,45.0909],[3.05146,45.08914],[3.05083,45.08703],[3.04748,45.08799],[3.04481,45.08738],[3.04587,45.08634],[3.04735,45.08705],[3.04871,45.08517],[3.04526,45.0853],[3.04421,45.08631],[3.04218,45.08591],[3.04053,45.08495],[3.03878,45.08562],[3.03913,45.08808],[3.03734,45.08927],[3.03074,45.08949],[3.02984,45.08881],[3.02777,45.08872],[3.02765,45.08712],[3.02676,45.08667],[3.02488,45.08884],[3.0229,45.0889],[3.02099,45.08841],[3.01908,45.08955],[3.02012,45.09052],[3.01721,45.09065],[3.01733,45.09295],[3.01636,45.09442],[3.01634,45.09604],[3.01752,45.09659],[3.01553,45.09817],[3.01785,45.10026],[3.01987,45.10069],[3.0203,45.10128],[3.02389,45.1011],[3.02394,45.10203],[3.02638,45.10218],[3.02551,45.10386],[3.02731,45.10402],[3.02733,45.10478],[3.03032,45.1053],[3.02809,45.10847],[3.02493,45.10997],[3.02514,45.11218],[3.02722,45.1137],[3.02648,45.11639],[3.02819,45.11752],[3.02796,45.1183],[3.02478,45.11872],[3.02004,45.12019],[3.01802,45.1201],[3.01929,45.12221],[3.02232,45.12354],[3.02181,45.12558],[3.02033,45.12618],[3.01933,45.12717],[3.01613,45.12868]]]}},{"type":"Feature","id":"fr-commune-15232","properties":{"id":"fr-commune-15232","name":"Tanavelle","kind":"commune","center":[2.9812,45.0268],"code":"15232","department":"15"},"bbox":[2.94315,45.00769,3.01915,45.04588],"geometry":{"type":"Polygon","coordinates":[[[3.01915,45.02266],[3.01613,45.01849],[3.01613,45.01684],[3.01468,45.01609],[3.01387,45.01412],[3.01143,45.01305],[3.00996,45.01282],[3.00791,45.01462],[3.00739,45.01432],[3.01003,45.01207],[3.00781,45.01095],[3.00661,45.01135],[3.00514,45.01108],[3.00277,45.00988],[3.0002,45.00981],[2.99769,45.01018],[2.99705,45.00897],[2.99546,45.00769],[2.99563,45.00977],[2.99382,45.00944],[2.99183,45.01],[2.9902,45.01125],[2.98788,45.01122],[2.9869,45.01208],[2.98554,45.01173],[2.9834,45.01206],[2.97795,45.01602],[2.97698,45.01573],[2.97809,45.0171],[2.97609,45.01728],[2.97347,45.01654],[2.97143,45.01774],[2.97084,45.01856],[2.97023,45.02144],[2.96935,45.02219],[2.96731,45.02119],[2.96246,45.02083],[2.96069,45.02037],[2.95924,45.02306],[2.95829,45.02296],[2.95722,45.02093],[2.95563,45.02037],[2.95411,45.02085],[2.95201,45.01952],[2.95067,45.01966],[2.9498,45.0205],[2.95268,45.02329],[2.94764,45.02298],[2.94731,45.0243],[2.94904,45.0265],[2.94423,45.02617],[2.94315,45.02633],[2.9451,45.02936],[2.94748,45.0311],[2.94897,45.0327],[2.94921,45.03393],[2.95011,45.03422],[2.95166,45.03485],[2.95419,45.03372],[2.95727,45.03375],[2.95974,45.03421],[2.96226,45.03622],[2.96261,45.03709],[2.96438,45.03663],[2.96524,45.04025],[2.96337,45.04098],[2.96391,45.04255],[2.96609,45.04229],[2.97036,45.04326],[2.97274,45.04315],[2.97632,45.04588],[2.97704,45.04542],[2.97658,45.04424],[2.97804,45.0441],[2.97858,45.04267],[2.9806,45.04256],[2.98143,45.04136],[2.98379,45.04056],[2.98459,45.03906],[2.98704,45.03614],[2.98942,45.03728],[2.9922,45.03773],[2.99441,45.0376],[2.99719,45.03668],[3.00012,45.03914],[3.00254,45.04003],[3.00498,45.03709],[3.00848,45.03707],[3.00703,45.03253],[3.00949,45.03247],[3.00925,45.03164],[3.01167,45.03187],[3.01276,45.0299],[3.01371,45.02904],[3.01688,45.02854],[3.01708,45.02716],[3.01843,45.02558],[3.01701,45.02518],[3.01885,45.02392],[3.01915,45.02266]]]}},{"type":"Feature","id":"fr-commune-15233","properties":{"id":"fr-commune-15233","name":"Teissières-de-Cornet","kind":"commune","center":[2.3607,44.9753],"code":"15233","department":"15"},"bbox":[2.32195,44.9586,2.39837,44.99203],"geometry":{"type":"Polygon","coordinates":[[[2.32195,44.95954],[2.32197,44.96023],[2.32217,44.9632],[2.32307,44.9672],[2.32471,44.96774],[2.32528,44.96962],[2.32661,44.96904],[2.32785,44.97093],[2.33101,44.97139],[2.33228,44.97015],[2.33427,44.97197],[2.33193,44.97268],[2.33551,44.97585],[2.33545,44.9771],[2.33833,44.97734],[2.34049,44.97705],[2.34007,44.97862],[2.34124,44.97879],[2.34161,44.97672],[2.34514,44.97602],[2.34904,44.97571],[2.353,44.97701],[2.35303,44.97795],[2.34967,44.9771],[2.34937,44.97773],[2.35132,44.97825],[2.35244,44.97996],[2.35387,44.9797],[2.35608,44.97872],[2.357,44.98086],[2.35494,44.98148],[2.35241,44.98302],[2.35443,44.9841],[2.35513,44.98364],[2.35678,44.98431],[2.36049,44.98469],[2.36453,44.98585],[2.36608,44.98567],[2.36867,44.98794],[2.37085,44.9882],[2.37082,44.98943],[2.37316,44.98905],[2.37488,44.98914],[2.37687,44.98987],[2.37713,44.99091],[2.37821,44.99203],[2.37998,44.99199],[2.38175,44.99144],[2.38365,44.99102],[2.3839,44.99031],[2.38181,44.98973],[2.38294,44.98896],[2.38496,44.98982],[2.3848,44.99063],[2.38745,44.99142],[2.39015,44.9898],[2.39146,44.98933],[2.39241,44.98789],[2.39317,44.98789],[2.39571,44.99009],[2.39666,44.99049],[2.39837,44.9892],[2.39698,44.98757],[2.39834,44.98603],[2.39632,44.98541],[2.39469,44.98357],[2.39254,44.98308],[2.39234,44.98199],[2.39026,44.98258],[2.38804,44.97862],[2.38542,44.97677],[2.38374,44.97716],[2.38305,44.97786],[2.3789,44.9788],[2.37788,44.97691],[2.3775,44.97502],[2.37914,44.97385],[2.37781,44.97025],[2.37855,44.96997],[2.37771,44.96834],[2.37977,44.96782],[2.37812,44.96634],[2.37698,44.96693],[2.37631,44.96544],[2.37462,44.96545],[2.37392,44.96454],[2.3749,44.9636],[2.37305,44.96328],[2.37008,44.96149],[2.36901,44.9617],[2.36775,44.96279],[2.36615,44.96248],[2.36506,44.96319],[2.36297,44.96372],[2.35809,44.96316],[2.35669,44.96353],[2.35613,44.96273],[2.3544,44.96318],[2.35532,44.96405],[2.35066,44.96442],[2.34829,44.96551],[2.34728,44.96458],[2.34514,44.9656],[2.34577,44.96609],[2.34606,44.96769],[2.34317,44.96811],[2.34068,44.96806],[2.33659,44.96714],[2.33799,44.96618],[2.33665,44.965],[2.33543,44.96633],[2.33363,44.96544],[2.33208,44.96348],[2.33102,44.96512],[2.33004,44.96455],[2.33028,44.96324],[2.32843,44.96155],[2.32838,44.96077],[2.32581,44.96043],[2.32595,44.95958],[2.32415,44.9586],[2.32195,44.95954]]]}},{"type":"Feature","id":"fr-commune-15234","properties":{"id":"fr-commune-15234","name":"Teissières-lès-Bouliès","kind":"commune","center":[2.5368,44.8197],"code":"15234","department":"15"},"bbox":[2.50023,44.7943,2.57346,44.845],"geometry":{"type":"Polygon","coordinates":[[[2.50513,44.8427],[2.50741,44.84319],[2.51225,44.84306],[2.51419,44.84319],[2.51601,44.84391],[2.5174,44.84385],[2.52102,44.845],[2.52415,44.84406],[2.52579,44.84416],[2.52884,44.84246],[2.53233,44.84223],[2.53497,44.84294],[2.53643,44.84249],[2.53773,44.84138],[2.53839,44.83927],[2.53922,44.83825],[2.54158,44.837],[2.54777,44.83801],[2.55112,44.83679],[2.55773,44.8362],[2.55907,44.83555],[2.55968,44.83363],[2.56056,44.83352],[2.56354,44.83151],[2.56335,44.82983],[2.56169,44.82934],[2.56295,44.82792],[2.56281,44.82723],[2.56438,44.82546],[2.56639,44.82472],[2.56718,44.82268],[2.56854,44.82244],[2.56908,44.8211],[2.57297,44.81966],[2.57346,44.81807],[2.57231,44.81648],[2.57148,44.81391],[2.57007,44.81286],[2.57016,44.81144],[2.56782,44.80994],[2.56747,44.8082],[2.56621,44.80769],[2.56527,44.80507],[2.5656,44.80394],[2.56499,44.80253],[2.56567,44.8001],[2.56487,44.79777],[2.56433,44.79744],[2.56436,44.79528],[2.56346,44.7943],[2.56191,44.7956],[2.55605,44.79655],[2.55363,44.79601],[2.55133,44.79598],[2.54732,44.79846],[2.54605,44.7999],[2.54477,44.80051],[2.54284,44.80001],[2.53942,44.8023],[2.53864,44.80363],[2.53236,44.8033],[2.53162,44.80371],[2.52957,44.80309],[2.52714,44.80293],[2.52731,44.80604],[2.52447,44.80719],[2.52384,44.80854],[2.5227,44.80868],[2.5227,44.80706],[2.52093,44.80598],[2.51775,44.80584],[2.51687,44.8054],[2.51791,44.80412],[2.51588,44.80338],[2.5146,44.80381],[2.51293,44.8065],[2.51305,44.80872],[2.51391,44.80931],[2.5127,44.81101],[2.51321,44.81234],[2.51501,44.81315],[2.51246,44.81486],[2.51233,44.81639],[2.51375,44.81662],[2.51563,44.81932],[2.51379,44.8201],[2.51166,44.81989],[2.5103,44.82062],[2.50777,44.82074],[2.50697,44.82115],[2.50506,44.82393],[2.50402,44.82459],[2.50229,44.82687],[2.50023,44.82896],[2.50366,44.83117],[2.50604,44.83331],[2.50744,44.83394],[2.50789,44.83632],[2.50939,44.83815],[2.50757,44.84033],[2.50619,44.84078],[2.50513,44.8427]]]}},{"type":"Feature","id":"fr-commune-15235","properties":{"id":"fr-commune-15235","name":"Les Ternes","kind":"commune","center":[2.9981,44.9929],"code":"15235","department":"15"},"bbox":[2.95513,44.9697,3.04097,45.01602],"geometry":{"type":"Polygon","coordinates":[[[2.95766,45.00512],[2.95513,45.00717],[2.95696,45.00774],[2.95656,45.00849],[2.96165,45.01025],[2.97144,45.01174],[2.97639,45.01384],[2.97594,45.01529],[2.97698,45.01573],[2.97795,45.01602],[2.9834,45.01206],[2.98554,45.01173],[2.9869,45.01208],[2.98788,45.01122],[2.9902,45.01125],[2.99183,45.01],[2.99382,45.00944],[2.99563,45.00977],[2.99546,45.00769],[2.99705,45.00897],[2.99769,45.01018],[3.0002,45.00981],[3.00277,45.00988],[3.00514,45.01108],[3.00661,45.01135],[3.00781,45.01095],[3.01003,45.01207],[3.00739,45.01432],[3.00791,45.01462],[3.00996,45.01282],[3.01143,45.01305],[3.01387,45.01412],[3.01441,45.0131],[3.01676,45.01316],[3.01841,45.01276],[3.02114,45.01155],[3.02161,45.01227],[3.02789,45.01082],[3.02801,45.00983],[3.02914,45.00865],[3.03293,45.00674],[3.03443,45.00497],[3.03626,45.00562],[3.03662,45.0047],[3.03574,45.00375],[3.03757,45.00244],[3.03624,44.99992],[3.03892,44.99928],[3.03948,44.99814],[3.04097,44.99732],[3.03923,44.9958],[3.03854,44.99442],[3.03632,44.99299],[3.03549,44.9934],[3.03185,44.9918],[3.03015,44.99031],[3.02972,44.99097],[3.02688,44.98954],[3.02328,44.99042],[3.02093,44.98994],[3.01822,44.9913],[3.01682,44.99072],[3.01575,44.9914],[3.0139,44.99042],[3.00968,44.98725],[3.00788,44.98524],[3.00812,44.98389],[3.00672,44.98381],[3.00668,44.98264],[3.00995,44.98213],[3.00516,44.98019],[3.00055,44.97917],[2.99829,44.97775],[2.9991,44.97737],[2.99827,44.9752],[2.99707,44.97653],[2.99204,44.97281],[2.99066,44.97208],[2.98777,44.97118],[2.9863,44.9711],[2.98516,44.97196],[2.98294,44.97121],[2.98312,44.97054],[2.97992,44.9697],[2.97977,44.97083],[2.97786,44.9716],[2.97616,44.97287],[2.97807,44.97335],[2.97853,44.97452],[2.97794,44.97552],[2.9792,44.97623],[2.98203,44.9758],[2.98242,44.9767],[2.98001,44.97667],[2.97928,44.97964],[2.9797,44.98275],[2.97841,44.98358],[2.97683,44.98366],[2.97567,44.98506],[2.97402,44.98462],[2.97339,44.98544],[2.96932,44.98384],[2.96869,44.98417],[2.96666,44.98358],[2.96533,44.9844],[2.96425,44.98418],[2.96286,44.98284],[2.95938,44.98508],[2.95664,44.98444],[2.95634,44.98584],[2.95805,44.98584],[2.95952,44.98668],[2.95953,44.98812],[2.96252,44.98932],[2.96228,44.98977],[2.95884,44.98844],[2.95898,44.98939],[2.96088,44.99014],[2.96034,44.99184],[2.9592,44.9924],[2.95947,44.99347],[2.96126,44.99339],[2.96209,44.99478],[2.9652,44.99614],[2.96401,44.9975],[2.9618,44.99818],[2.96181,44.99962],[2.9634,44.99925],[2.96404,45.00081],[2.96336,45.00165],[2.95823,45.00294],[2.95711,45.00398],[2.95766,45.00512]]]}},{"type":"Feature","id":"fr-commune-15236","properties":{"id":"fr-commune-15236","name":"Thiézac","kind":"commune","center":[2.667,45.0198],"code":"15236","department":"15"},"bbox":[2.60901,44.98496,2.7249,45.05467],"geometry":{"type":"Polygon","coordinates":[[[2.60922,45.01589],[2.60951,45.01696],[2.61074,45.0181],[2.61365,45.02234],[2.61505,45.02314],[2.61696,45.02532],[2.61821,45.0261],[2.61992,45.02641],[2.62083,45.02785],[2.62215,45.0285],[2.62428,45.02866],[2.62803,45.03045],[2.62937,45.03229],[2.63002,45.03468],[2.63142,45.03495],[2.63581,45.03867],[2.63634,45.04159],[2.638,45.04357],[2.63953,45.04487],[2.64303,45.04742],[2.64372,45.04697],[2.64804,45.04754],[2.649,45.04808],[2.64964,45.0497],[2.65299,45.05023],[2.65511,45.05096],[2.65798,45.051],[2.66194,45.05065],[2.66416,45.05099],[2.66837,45.05267],[2.67111,45.05423],[2.67537,45.05467],[2.67975,45.05349],[2.68139,45.052],[2.68314,45.05124],[2.68498,45.04972],[2.6848,45.04723],[2.68601,45.04539],[2.68796,45.04452],[2.68903,45.04356],[2.69002,45.04097],[2.69198,45.03951],[2.69202,45.03697],[2.69025,45.03619],[2.68925,45.03281],[2.68754,45.02976],[2.68743,45.02807],[2.6881,45.02596],[2.68749,45.02475],[2.68835,45.02347],[2.69062,45.02407],[2.69214,45.02494],[2.69446,45.02774],[2.69519,45.02912],[2.69655,45.02986],[2.6975,45.02868],[2.70023,45.02917],[2.70225,45.02885],[2.7034,45.02938],[2.70625,45.02848],[2.70783,45.02843],[2.70879,45.02902],[2.71195,45.02721],[2.7136,45.02765],[2.71448,45.02643],[2.71924,45.02682],[2.72018,45.02605],[2.72215,45.02542],[2.72429,45.02419],[2.72468,45.02338],[2.72397,45.02109],[2.7249,45.01883],[2.72331,45.0183],[2.72331,45.01708],[2.72158,45.01538],[2.71995,45.01445],[2.71745,45.01445],[2.71795,45.01325],[2.7148,45.01078],[2.71256,45.00759],[2.7104,45.00591],[2.7056,45.00479],[2.70273,45.00322],[2.69938,45.00203],[2.69349,44.999],[2.69287,44.9995],[2.68727,44.99647],[2.68186,44.99315],[2.67773,44.98915],[2.67411,44.98727],[2.67214,44.98863],[2.66915,44.98733],[2.66761,44.98558],[2.66521,44.98496],[2.66404,44.98738],[2.66294,44.98863],[2.66111,44.98945],[2.65989,44.98817],[2.65698,44.98948],[2.65705,44.98725],[2.65487,44.98784],[2.65234,44.98642],[2.65281,44.98792],[2.65051,44.98838],[2.64957,44.98945],[2.6483,44.98847],[2.64731,44.99048],[2.64635,44.99065],[2.64624,44.9922],[2.64526,44.99218],[2.64034,44.99368],[2.64075,44.99458],[2.63955,44.99563],[2.63604,44.99607],[2.62956,44.99351],[2.62498,44.99564],[2.62057,44.99723],[2.61842,45.00013],[2.61605,45.00052],[2.61412,45.00017],[2.61322,44.99841],[2.61101,44.99963],[2.61033,45.00172],[2.61071,45.00374],[2.61,45.00473],[2.60993,45.0069],[2.60949,45.00867],[2.60901,45.01033],[2.60926,45.01374],[2.60966,45.01463],[2.60922,45.01589]]]}},{"type":"Feature","id":"fr-commune-15237","properties":{"id":"fr-commune-15237","name":"Tiviers","kind":"commune","center":[3.1757064316178587,45.07435790399199],"code":"15237","department":"15"},"bbox":[3.14651,45.0429,3.21634,45.09835],"geometry":{"type":"Polygon","coordinates":[[[3.14838,45.0503],[3.15235,45.05136],[3.15181,45.05249],[3.15268,45.05373],[3.15183,45.05425],[3.15197,45.05542],[3.14911,45.06033],[3.14651,45.06134],[3.14715,45.06257],[3.1491,45.06265],[3.14981,45.06183],[3.15134,45.06179],[3.15182,45.06306],[3.1496,45.06433],[3.14975,45.06613],[3.15153,45.06598],[3.15416,45.06824],[3.15372,45.06944],[3.15591,45.07058],[3.1603,45.07061],[3.16006,45.07265],[3.16128,45.07281],[3.15977,45.07484],[3.16126,45.07676],[3.15936,45.08018],[3.15726,45.08002],[3.15715,45.0809],[3.15582,45.08256],[3.15833,45.08326],[3.16064,45.08484],[3.16109,45.0857],[3.15994,45.08669],[3.15931,45.08919],[3.15671,45.09149],[3.15653,45.09268],[3.15831,45.09262],[3.15864,45.09347],[3.15844,45.09816],[3.16345,45.09748],[3.16605,45.09665],[3.17086,45.09451],[3.18162,45.08634],[3.18393,45.08899],[3.18616,45.08981],[3.1889,45.09159],[3.1947,45.09361],[3.20072,45.09646],[3.20125,45.09789],[3.20502,45.09835],[3.20621,45.09744],[3.20823,45.09662],[3.20883,45.09547],[3.21074,45.09394],[3.21158,45.09398],[3.2112,45.09259],[3.20915,45.08964],[3.208,45.09017],[3.20679,45.08866],[3.20792,45.08825],[3.20652,45.08663],[3.21203,45.08309],[3.21233,45.08188],[3.21507,45.08166],[3.21494,45.08061],[3.21634,45.07965],[3.21596,45.0785],[3.21267,45.07702],[3.21227,45.07825],[3.21062,45.07768],[3.21058,45.07698],[3.21362,45.07579],[3.21323,45.07485],[3.21039,45.07556],[3.20654,45.07498],[3.20513,45.07583],[3.2042,45.07748],[3.20164,45.07655],[3.20007,45.07717],[3.19742,45.07874],[3.19522,45.0792],[3.19313,45.08008],[3.19295,45.08091],[3.18845,45.08151],[3.18532,45.08108],[3.18335,45.07959],[3.18081,45.07893],[3.1819,45.07675],[3.18186,45.07493],[3.17928,45.07518],[3.1779,45.07417],[3.1765,45.07422],[3.17445,45.07086],[3.17366,45.06907],[3.17222,45.06783],[3.17195,45.06641],[3.17401,45.0659],[3.17646,45.06572],[3.17578,45.06414],[3.17889,45.06282],[3.17976,45.0638],[3.18636,45.06298],[3.18573,45.06065],[3.18323,45.05984],[3.18214,45.05816],[3.1799,45.05706],[3.17863,45.0568],[3.17552,45.05681],[3.17359,45.05446],[3.17113,45.05522],[3.17087,45.05447],[3.17292,45.05375],[3.17041,45.05129],[3.16948,45.04877],[3.16625,45.0456],[3.16429,45.04418],[3.16335,45.04392],[3.16109,45.0429],[3.1594,45.04446],[3.15514,45.04527],[3.15094,45.0486],[3.14999,45.05005],[3.14838,45.0503]]]}},{"type":"Feature","id":"fr-commune-15238","properties":{"id":"fr-commune-15238","name":"Tournemire","kind":"commune","center":[2.4921,45.0571],"code":"15238","department":"15"},"bbox":[2.45562,45.0419,2.52929,45.07238],"geometry":{"type":"Polygon","coordinates":[[[2.48843,45.07238],[2.48932,45.07202],[2.48823,45.07031],[2.48969,45.06873],[2.48679,45.06752],[2.4881,45.06699],[2.48801,45.06618],[2.48414,45.064],[2.48527,45.06252],[2.48538,45.06093],[2.48948,45.06172],[2.49043,45.06145],[2.49602,45.06144],[2.49606,45.06089],[2.49991,45.06084],[2.50255,45.0613],[2.50332,45.06269],[2.5051,45.06269],[2.50605,45.0621],[2.50992,45.06335],[2.51055,45.06228],[2.51189,45.06304],[2.51329,45.06182],[2.51265,45.05758],[2.51348,45.05677],[2.51803,45.05682],[2.52,45.05614],[2.51974,45.05488],[2.52126,45.05443],[2.52171,45.05284],[2.5238,45.05267],[2.52596,45.05195],[2.52732,45.05256],[2.52929,45.05179],[2.5281,45.05019],[2.5241,45.05006],[2.52417,45.05074],[2.52259,45.05141],[2.51998,45.04984],[2.52302,45.04997],[2.52391,45.04939],[2.5274,45.04938],[2.52581,45.04848],[2.52447,45.04633],[2.52288,45.04539],[2.52066,45.04494],[2.51546,45.04463],[2.51227,45.04333],[2.50856,45.04516],[2.50586,45.04486],[2.50432,45.04512],[2.50419,45.0468],[2.50175,45.04668],[2.49908,45.04547],[2.49946,45.04435],[2.49854,45.04383],[2.4985,45.04272],[2.49563,45.04254],[2.4946,45.04348],[2.49185,45.04386],[2.49121,45.04358],[2.48785,45.04437],[2.48425,45.04486],[2.48307,45.04389],[2.48127,45.04335],[2.47963,45.0419],[2.47504,45.04229],[2.473,45.04412],[2.47119,45.04364],[2.47,45.04475],[2.4676,45.04375],[2.46506,45.04611],[2.46633,45.04651],[2.46758,45.04559],[2.46967,45.0475],[2.46994,45.0488],[2.46808,45.04903],[2.46958,45.05108],[2.4682,45.05261],[2.46845,45.05382],[2.46594,45.05356],[2.46648,45.05541],[2.46858,45.05612],[2.4694,45.05738],[2.46909,45.05831],[2.4647,45.05722],[2.46264,45.05706],[2.45907,45.0579],[2.45984,45.0597],[2.45562,45.06381],[2.45844,45.06468],[2.4599,45.06477],[2.46029,45.06387],[2.46189,45.06332],[2.46355,45.06329],[2.46504,45.06232],[2.46688,45.06319],[2.46828,45.06305],[2.47286,45.06858],[2.48048,45.06913],[2.48398,45.06856],[2.48493,45.06897],[2.4857,45.07072],[2.48583,45.07216],[2.48843,45.07238]]]}},{"type":"Feature","id":"fr-commune-15240","properties":{"id":"fr-commune-15240","name":"Trémouille","kind":"commune","center":[2.6703,45.3878],"code":"15240","department":"15"},"bbox":[2.62605,45.35245,2.71453,45.42308],"geometry":{"type":"Polygon","coordinates":[[[2.71453,45.3815],[2.70925,45.38039],[2.70799,45.37958],[2.70767,45.37791],[2.70781,45.37601],[2.70508,45.3748],[2.70297,45.37224],[2.70228,45.36987],[2.7026,45.36907],[2.70196,45.36605],[2.70094,45.36573],[2.69963,45.36339],[2.6974,45.3616],[2.69434,45.3615],[2.69384,45.36078],[2.69135,45.36007],[2.68971,45.35896],[2.6897,45.35772],[2.68861,45.35685],[2.6858,45.35682],[2.68414,45.35738],[2.68287,45.35706],[2.67848,45.35789],[2.67651,45.35861],[2.67353,45.35793],[2.67184,45.35919],[2.67078,45.35881],[2.67041,45.3563],[2.66679,45.35467],[2.66487,45.35303],[2.66324,45.35245],[2.66043,45.35415],[2.65872,45.35735],[2.65533,45.35923],[2.65583,45.3607],[2.65263,45.36295],[2.65049,45.36396],[2.64919,45.36405],[2.64762,45.36319],[2.6463,45.36327],[2.6465,45.36646],[2.64393,45.36783],[2.64349,45.37062],[2.64201,45.3726],[2.64194,45.37501],[2.64054,45.37482],[2.63592,45.37521],[2.63568,45.3773],[2.63704,45.38004],[2.63819,45.38008],[2.63902,45.3812],[2.63832,45.38335],[2.63592,45.38282],[2.63289,45.38308],[2.63213,45.38432],[2.63066,45.38525],[2.63053,45.38669],[2.63155,45.38758],[2.6321,45.38977],[2.6316,45.39085],[2.62898,45.39068],[2.62715,45.39159],[2.62605,45.39337],[2.62747,45.39356],[2.62843,45.39441],[2.62837,45.39741],[2.62916,45.39901],[2.63277,45.39936],[2.63459,45.39907],[2.63829,45.4001],[2.63826,45.40064],[2.64225,45.4035],[2.64393,45.40282],[2.64589,45.40303],[2.64724,45.40191],[2.64868,45.40222],[2.64647,45.40339],[2.64737,45.40595],[2.64787,45.40972],[2.64883,45.4099],[2.65204,45.40869],[2.65631,45.40942],[2.65812,45.41149],[2.66052,45.41086],[2.66045,45.41196],[2.66298,45.41285],[2.66378,45.41203],[2.66658,45.41265],[2.66548,45.41332],[2.66679,45.41516],[2.66528,45.41534],[2.66493,45.41635],[2.66715,45.41695],[2.66956,45.41839],[2.67086,45.42112],[2.67335,45.42102],[2.6754,45.42156],[2.67611,45.4228],[2.67841,45.42308],[2.67992,45.42269],[2.68034,45.41545],[2.67989,45.41455],[2.68024,45.40978],[2.68087,45.40901],[2.68073,45.40717],[2.68482,45.40708],[2.68971,45.4053],[2.69355,45.40581],[2.69049,45.40266],[2.69105,45.3998],[2.69198,45.39912],[2.69494,45.39791],[2.69713,45.39852],[2.69893,45.39854],[2.6999,45.39993],[2.7018,45.39926],[2.70405,45.39892],[2.7023,45.39717],[2.70204,45.39463],[2.70149,45.39448],[2.70118,45.39165],[2.70245,45.39103],[2.70419,45.38927],[2.7057,45.38844],[2.7057,45.38734],[2.7078,45.38604],[2.70874,45.38603],[2.71048,45.38473],[2.71091,45.38364],[2.71331,45.38264],[2.71453,45.3815]]]}},{"type":"Feature","id":"fr-commune-15241","properties":{"id":"fr-commune-15241","name":"La Trinitat","kind":"commune","center":[2.9435,44.7478],"code":"15241","department":"15"},"bbox":[2.91163,44.713,2.97544,44.7826],"geometry":{"type":"Polygon","coordinates":[[[2.93332,44.78115],[2.93426,44.78066],[2.93948,44.78178],[2.94174,44.78181],[2.94398,44.7813],[2.94788,44.78109],[2.95137,44.78213],[2.95402,44.78182],[2.95585,44.78108],[2.95647,44.7826],[2.95835,44.78236],[2.95864,44.78026],[2.95809,44.77867],[2.96068,44.77786],[2.96148,44.77585],[2.9629,44.77497],[2.9628,44.77336],[2.96173,44.7723],[2.96394,44.77103],[2.96483,44.76735],[2.96546,44.76612],[2.96536,44.76345],[2.96602,44.76149],[2.96755,44.75999],[2.96735,44.75788],[2.96676,44.7572],[2.96707,44.75574],[2.97016,44.75683],[2.97369,44.75722],[2.97434,44.7561],[2.9742,44.75412],[2.97465,44.75128],[2.97544,44.75035],[2.9751,44.74882],[2.9742,44.74764],[2.97189,44.7463],[2.97094,44.74471],[2.96788,44.74405],[2.9678,44.74266],[2.96518,44.74111],[2.9624,44.74036],[2.96201,44.73929],[2.95959,44.73796],[2.95554,44.73539],[2.95405,44.73403],[2.94694,44.72892],[2.94521,44.72722],[2.94062,44.72513],[2.93777,44.72013],[2.93445,44.713],[2.93089,44.71303],[2.9289,44.71714],[2.92761,44.7203],[2.92589,44.72638],[2.92557,44.72707],[2.92334,44.72762],[2.92377,44.72886],[2.92843,44.73352],[2.9322,44.73818],[2.93479,44.74401],[2.93494,44.74486],[2.93327,44.74589],[2.9332,44.74757],[2.93358,44.74995],[2.93201,44.75074],[2.93183,44.75209],[2.9296,44.75413],[2.92777,44.75622],[2.92704,44.75771],[2.92314,44.75616],[2.92267,44.75458],[2.92037,44.75416],[2.92002,44.75488],[2.91699,44.7564],[2.91599,44.7566],[2.91569,44.75792],[2.91418,44.7592],[2.91199,44.7605],[2.91163,44.76173],[2.91293,44.76324],[2.91338,44.76453],[2.91507,44.76531],[2.91652,44.76736],[2.9198,44.76555],[2.92197,44.76593],[2.92502,44.76361],[2.92766,44.76335],[2.93073,44.76176],[2.9333,44.76545],[2.93565,44.76696],[2.93579,44.76845],[2.93443,44.7707],[2.93444,44.77169],[2.9356,44.77389],[2.93735,44.77514],[2.93507,44.77832],[2.93332,44.78115]]]}},{"type":"Feature","id":"fr-commune-15242","properties":{"id":"fr-commune-15242","name":"Le Trioulou","kind":"commune","center":[2.1882,44.6715],"code":"15242","department":"15"},"bbox":[2.1617,44.65745,2.21477,44.6855],"geometry":{"type":"Polygon","coordinates":[[[2.16631,44.66131],[2.1648,44.66145],[2.16285,44.66225],[2.1617,44.66351],[2.16559,44.66476],[2.16889,44.66448],[2.17268,44.66702],[2.17614,44.67161],[2.17665,44.67312],[2.17926,44.67448],[2.18354,44.67827],[2.18427,44.68056],[2.1853,44.68055],[2.18572,44.6791],[2.1872,44.67939],[2.18802,44.68017],[2.1911,44.68055],[2.19303,44.67992],[2.19461,44.67992],[2.19725,44.68113],[2.19881,44.68337],[2.20075,44.68373],[2.20147,44.68437],[2.20477,44.68497],[2.2093,44.6855],[2.21004,44.68424],[2.21225,44.68186],[2.21042,44.68096],[2.20672,44.68287],[2.20651,44.68227],[2.20745,44.68048],[2.20837,44.68025],[2.20967,44.67849],[2.2113,44.67742],[2.21366,44.67778],[2.21477,44.67597],[2.21327,44.67617],[2.21151,44.6758],[2.2114,44.67408],[2.21044,44.67319],[2.21033,44.67148],[2.2125,44.67145],[2.21356,44.6707],[2.21231,44.66957],[2.20885,44.66925],[2.20296,44.66935],[2.19957,44.66881],[2.19803,44.6678],[2.19814,44.66662],[2.19917,44.66519],[2.19868,44.66427],[2.19468,44.6627],[2.19579,44.66176],[2.19546,44.66047],[2.19175,44.65959],[2.19058,44.65816],[2.18658,44.65827],[2.18622,44.65752],[2.1838,44.65745],[2.18104,44.6581],[2.17974,44.65953],[2.17647,44.66015],[2.1747,44.66115],[2.17357,44.66065],[2.16971,44.6621],[2.16745,44.66208],[2.16631,44.66131]]]}},{"type":"Feature","id":"fr-commune-15243","properties":{"id":"fr-commune-15243","name":"Trizac","kind":"commune","center":[2.5389,45.2441],"code":"15243","department":"15"},"bbox":[2.47044,45.20365,2.6077,45.28454],"geometry":{"type":"Polygon","coordinates":[[[2.58853,45.20557],[2.58746,45.20593],[2.5841,45.20841],[2.58233,45.20904],[2.58036,45.21029],[2.57822,45.21287],[2.57772,45.21462],[2.57797,45.21582],[2.57731,45.21787],[2.57572,45.21827],[2.57542,45.21922],[2.57394,45.21938],[2.5716,45.22182],[2.57,45.22203],[2.5682,45.22316],[2.5677,45.22184],[2.56544,45.22031],[2.56404,45.22014],[2.56289,45.21933],[2.5592,45.21961],[2.55774,45.21817],[2.55607,45.21746],[2.55353,45.21747],[2.55317,45.21626],[2.55371,45.21355],[2.5516,45.21247],[2.55027,45.21324],[2.54977,45.21477],[2.5434,45.21591],[2.54206,45.21548],[2.54056,45.21577],[2.54097,45.217],[2.54234,45.21771],[2.5408,45.21901],[2.53956,45.21837],[2.53884,45.21929],[2.53961,45.22009],[2.5384,45.22118],[2.53719,45.22109],[2.53517,45.22545],[2.53033,45.22443],[2.52957,45.22551],[2.52512,45.22687],[2.52487,45.22799],[2.52124,45.22957],[2.52166,45.23146],[2.51838,45.23271],[2.51615,45.23407],[2.51501,45.23417],[2.51108,45.23578],[2.50987,45.23702],[2.50869,45.23754],[2.50661,45.23777],[2.50366,45.23714],[2.5013,45.23701],[2.49974,45.23748],[2.49733,45.2391],[2.4956,45.23838],[2.49287,45.23982],[2.49422,45.24222],[2.48909,45.24312],[2.48808,45.24378],[2.48414,45.24363],[2.48208,45.24413],[2.47814,45.24403],[2.47578,45.24522],[2.47455,45.24733],[2.47227,45.24974],[2.47189,45.25231],[2.47075,45.25371],[2.47177,45.25514],[2.47044,45.25605],[2.47063,45.25834],[2.47382,45.25951],[2.47484,45.26058],[2.4772,45.26171],[2.48082,45.25896],[2.48292,45.25801],[2.48484,45.25868],[2.4858,45.26025],[2.48401,45.26098],[2.48465,45.26188],[2.48313,45.26327],[2.48332,45.26444],[2.48498,45.26435],[2.48581,45.26498],[2.48746,45.26419],[2.48982,45.2662],[2.48747,45.26826],[2.48957,45.26794],[2.49167,45.26722],[2.49295,45.26776],[2.49391,45.26888],[2.49525,45.26951],[2.49709,45.26914],[2.50053,45.27023],[2.50417,45.27026],[2.50538,45.26972],[2.50506,45.26891],[2.50836,45.26814],[2.51129,45.2662],[2.51276,45.26705],[2.51282,45.26837],[2.51467,45.26814],[2.51506,45.26935],[2.51232,45.27035],[2.5136,45.27169],[2.51519,45.27084],[2.51857,45.27267],[2.51883,45.27344],[2.52074,45.27326],[2.52176,45.27361],[2.51992,45.27533],[2.52056,45.27717],[2.51852,45.27791],[2.51751,45.27924],[2.51857,45.28011],[2.52075,45.27918],[2.52154,45.28026],[2.5229,45.27875],[2.52586,45.2795],[2.52719,45.27788],[2.52878,45.27774],[2.53037,45.2763],[2.5319,45.27589],[2.53444,45.27589],[2.53554,45.27383],[2.53881,45.2716],[2.54168,45.27067],[2.54243,45.27005],[2.54411,45.27029],[2.54424,45.27245],[2.55298,45.27626],[2.55191,45.27783],[2.55191,45.27914],[2.5544,45.2808],[2.55192,45.2817],[2.5481,45.28207],[2.54919,45.28454],[2.55403,45.28296],[2.55593,45.28138],[2.55682,45.27953],[2.55631,45.2785],[2.55732,45.27643],[2.55922,45.2748],[2.55705,45.27373],[2.55838,45.2726],[2.55998,45.27246],[2.56234,45.27147],[2.56482,45.26931],[2.56622,45.26863],[2.56945,45.26818],[2.57016,45.26614],[2.57091,45.26529],[2.5712,45.26471],[2.57076,45.26222],[2.57274,45.25856],[2.57369,45.25819],[2.57482,45.2567],[2.57847,45.25459],[2.5786,45.25301],[2.57799,45.25128],[2.57862,45.24882],[2.57857,45.24724],[2.57767,45.24527],[2.57802,45.24427],[2.57987,45.24422],[2.58909,45.24299],[2.59775,45.2422],[2.59691,45.24018],[2.5969,45.23843],[2.59842,45.2364],[2.59772,45.23375],[2.59771,45.23109],[2.60491,45.2268],[2.60594,45.22545],[2.6064,45.22387],[2.60738,45.22318],[2.6077,45.22146],[2.60736,45.21949],[2.60595,45.21829],[2.60485,45.21634],[2.60637,45.21465],[2.60702,45.21005],[2.60524,45.20953],[2.6025,45.20773],[2.60014,45.20692],[2.59874,45.2054],[2.59918,45.2049],[2.5972,45.20365],[2.59539,45.20416],[2.59314,45.20431],[2.58853,45.20557]]]}},{"type":"Feature","id":"fr-commune-15244","properties":{"id":"fr-commune-15244","name":"Ussel","kind":"commune","center":[2.955,45.0732],"code":"15244","department":"15"},"bbox":[2.91255,45.05384,2.99666,45.093],"geometry":{"type":"Polygon","coordinates":[[[2.97693,45.07737],[2.97795,45.07751],[2.97818,45.07543],[2.98295,45.07498],[2.98461,45.07067],[2.9864,45.0713],[2.99078,45.07173],[2.99522,45.07116],[2.99596,45.06999],[2.99666,45.06654],[2.99361,45.06599],[2.98917,45.06462],[2.9882,45.06314],[2.98732,45.06391],[2.98479,45.0646],[2.98452,45.06295],[2.98534,45.06212],[2.98406,45.05943],[2.98166,45.05915],[2.97963,45.05538],[2.97814,45.05456],[2.97232,45.05384],[2.97117,45.05535],[2.96886,45.05493],[2.96762,45.05565],[2.9678,45.05721],[2.96528,45.05661],[2.96536,45.05742],[2.96657,45.05841],[2.96334,45.06013],[2.96141,45.06322],[2.96306,45.063],[2.96428,45.06445],[2.96029,45.06501],[2.96053,45.06648],[2.95858,45.06744],[2.95763,45.06738],[2.95706,45.0689],[2.95492,45.06996],[2.95444,45.07095],[2.9529,45.07176],[2.95134,45.07136],[2.95089,45.07214],[2.94786,45.07191],[2.94619,45.07012],[2.94618,45.06918],[2.93925,45.06857],[2.93851,45.06817],[2.93494,45.06749],[2.93381,45.06955],[2.93191,45.0705],[2.92959,45.07056],[2.92853,45.06967],[2.92729,45.07236],[2.92616,45.07315],[2.92457,45.073],[2.92279,45.07344],[2.92097,45.07319],[2.91914,45.07392],[2.91653,45.07347],[2.9145,45.07384],[2.91386,45.07528],[2.91387,45.07618],[2.91255,45.07749],[2.91319,45.07837],[2.91459,45.07798],[2.91713,45.07859],[2.91688,45.08028],[2.91769,45.08122],[2.92002,45.08159],[2.9202,45.08316],[2.91849,45.08429],[2.91788,45.08642],[2.91957,45.0887],[2.92123,45.08959],[2.92086,45.09036],[2.92226,45.0911],[2.92351,45.08943],[2.92624,45.08761],[2.92673,45.08889],[2.92422,45.08967],[2.92352,45.09167],[2.92368,45.093],[2.92597,45.09272],[2.92755,45.09267],[2.92912,45.09095],[2.93045,45.09023],[2.93185,45.09098],[2.93274,45.08936],[2.93432,45.08913],[2.93781,45.08915],[2.93729,45.08758],[2.94034,45.08788],[2.94212,45.08867],[2.9435,45.08673],[2.94459,45.08714],[2.94619,45.08893],[2.94753,45.08959],[2.94943,45.08877],[2.94847,45.08793],[2.95076,45.0854],[2.95058,45.08473],[2.95237,45.08405],[2.95165,45.08319],[2.95298,45.08214],[2.95188,45.08076],[2.95407,45.07674],[2.95583,45.07507],[2.95392,45.07378],[2.95727,45.07215],[2.95964,45.07484],[2.9636,45.07178],[2.96545,45.07267],[2.96761,45.07248],[2.97015,45.07287],[2.96978,45.07432],[2.97275,45.07567],[2.97463,45.07499],[2.97507,45.07588],[2.97707,45.07586],[2.97693,45.07737]]]}},{"type":"Feature","id":"fr-commune-15245","properties":{"id":"fr-commune-15245","name":"Vabres","kind":"commune","center":[3.1953,45.0366],"code":"15245","department":"15"},"bbox":[3.15954,45.01358,3.23098,45.05966],"geometry":{"type":"Polygon","coordinates":[[[3.23098,45.03553],[3.22949,45.0337],[3.22857,45.0332],[3.22665,45.02926],[3.22433,45.02759],[3.22206,45.02469],[3.22099,45.02271],[3.21755,45.02006],[3.21762,45.01943],[3.21547,45.0175],[3.21225,45.0176],[3.20898,45.01567],[3.20747,45.0151],[3.20268,45.01562],[3.20062,45.01617],[3.20136,45.01426],[3.19895,45.01358],[3.19632,45.01394],[3.1954,45.01498],[3.19219,45.01677],[3.19083,45.01962],[3.18812,45.0221],[3.18537,45.02332],[3.18123,45.0235],[3.18004,45.02294],[3.17745,45.02266],[3.1768,45.02212],[3.17478,45.02185],[3.17455,45.02267],[3.17181,45.02292],[3.17268,45.02522],[3.17166,45.0271],[3.16951,45.0281],[3.1678,45.02749],[3.1638,45.02762],[3.16198,45.0274],[3.15954,45.03061],[3.16109,45.03253],[3.16105,45.03416],[3.16241,45.0381],[3.1638,45.03798],[3.16453,45.04066],[3.16565,45.0392],[3.16672,45.03974],[3.16482,45.04134],[3.16335,45.04392],[3.16429,45.04418],[3.16625,45.0456],[3.16948,45.04877],[3.17041,45.05129],[3.17292,45.05375],[3.17087,45.05447],[3.17113,45.05522],[3.17359,45.05446],[3.17552,45.05681],[3.17863,45.0568],[3.1799,45.05706],[3.18214,45.05816],[3.18344,45.05762],[3.1849,45.05923],[3.1861,45.05956],[3.19084,45.05966],[3.1948,45.05953],[3.20028,45.05833],[3.20341,45.05727],[3.2117,45.05281],[3.21684,45.05132],[3.21785,45.05145],[3.22067,45.0507],[3.22178,45.04693],[3.22436,45.04566],[3.22644,45.04341],[3.22533,45.04307],[3.2246,45.04107],[3.22501,45.04015],[3.22677,45.0393],[3.22959,45.03862],[3.23098,45.03553]]]}},{"type":"Feature","id":"fr-commune-15246","properties":{"id":"fr-commune-15246","name":"Valette","kind":"commune","center":[2.5996,45.2648],"code":"15246","department":"15"},"bbox":[2.57076,45.23708,2.62847,45.29253],"geometry":{"type":"Polygon","coordinates":[[[2.57091,45.26529],[2.57174,45.26547],[2.57334,45.26726],[2.576,45.26805],[2.57705,45.26871],[2.57857,45.26871],[2.58036,45.26799],[2.58108,45.26909],[2.58246,45.26967],[2.58312,45.27082],[2.58356,45.27284],[2.58528,45.27322],[2.58806,45.27583],[2.58921,45.27557],[2.59054,45.27617],[2.59111,45.27711],[2.59244,45.27729],[2.5938,45.27676],[2.59223,45.27523],[2.59308,45.27301],[2.59439,45.27275],[2.597,45.27315],[2.59837,45.27387],[2.5981,45.27514],[2.59801,45.2802],[2.59838,45.28243],[2.59892,45.28342],[2.59815,45.28691],[2.59614,45.28945],[2.5956,45.29227],[2.59708,45.29253],[2.59913,45.29199],[2.60016,45.29118],[2.60231,45.29039],[2.60602,45.29023],[2.61076,45.28938],[2.61245,45.28823],[2.61415,45.28773],[2.6158,45.28665],[2.61648,45.28524],[2.61904,45.28525],[2.61802,45.28404],[2.61813,45.28257],[2.61935,45.2812],[2.62086,45.28116],[2.62149,45.27778],[2.62346,45.27768],[2.62347,45.27894],[2.62494,45.27984],[2.62729,45.27875],[2.62688,45.27627],[2.62827,45.27559],[2.62676,45.27421],[2.62847,45.2724],[2.62681,45.27232],[2.62478,45.27367],[2.62357,45.27359],[2.62286,45.27188],[2.62094,45.27094],[2.62386,45.26895],[2.62354,45.2677],[2.62455,45.26585],[2.62441,45.26445],[2.6253,45.26351],[2.6249,45.26022],[2.62332,45.25969],[2.62178,45.25983],[2.62101,45.25861],[2.62265,45.25509],[2.62277,45.25392],[2.61933,45.25326],[2.61691,45.2534],[2.61582,45.25246],[2.6152,45.25044],[2.61544,45.24612],[2.61686,45.24512],[2.61748,45.24299],[2.61881,45.24194],[2.61819,45.24121],[2.61616,45.24103],[2.61556,45.23708],[2.61219,45.23798],[2.60873,45.23923],[2.60973,45.24095],[2.60958,45.24172],[2.61135,45.24345],[2.61168,45.245],[2.6103,45.24569],[2.61008,45.24709],[2.6049,45.24628],[2.60229,45.24628],[2.60172,45.24669],[2.59904,45.24508],[2.59747,45.24458],[2.59775,45.2422],[2.58909,45.24299],[2.57987,45.24422],[2.57802,45.24427],[2.57767,45.24527],[2.57857,45.24724],[2.57862,45.24882],[2.57799,45.25128],[2.5786,45.25301],[2.57847,45.25459],[2.57482,45.2567],[2.57369,45.25819],[2.57274,45.25856],[2.57076,45.26222],[2.5712,45.26471],[2.57091,45.26529]]]}},{"type":"Feature","id":"fr-commune-15247","properties":{"id":"fr-commune-15247","name":"Valjouze","kind":"commune","center":[3.0592,45.1636],"code":"15247","department":"15"},"bbox":[3.04725,45.15207,3.07111,45.17482],"geometry":{"type":"Polygon","coordinates":[[[3.05336,45.17394],[3.05386,45.17482],[3.05857,45.17387],[3.06005,45.17459],[3.06455,45.17204],[3.06722,45.17156],[3.06914,45.17213],[3.07002,45.17177],[3.07047,45.17029],[3.07073,45.16723],[3.0691,45.16619],[3.07111,45.16515],[3.07099,45.16287],[3.06699,45.16153],[3.06807,45.16053],[3.06994,45.15703],[3.0693,45.15453],[3.06956,45.15297],[3.06649,45.15276],[3.0637,45.15207],[3.06239,45.15259],[3.06037,45.15454],[3.06076,45.15665],[3.05583,45.15718],[3.0541,45.15811],[3.05344,45.15926],[3.05119,45.16038],[3.05046,45.16313],[3.05052,45.16517],[3.05307,45.16824],[3.05073,45.16827],[3.04863,45.16705],[3.04771,45.1674],[3.04922,45.16869],[3.04725,45.16952],[3.04773,45.17036],[3.05085,45.17205],[3.05175,45.17192],[3.05399,45.17335],[3.05336,45.17394]]]}},{"type":"Feature","id":"fr-commune-15248","properties":{"id":"fr-commune-15248","name":"Valuéjols","kind":"commune","center":[2.9037,45.0535],"code":"15248","department":"15"},"bbox":[2.8347,45.02898,2.97266,45.07859],"geometry":{"type":"Polygon","coordinates":[[[2.84492,45.04861],[2.84633,45.05004],[2.84534,45.05292],[2.84058,45.05276],[2.83764,45.05368],[2.83517,45.05522],[2.8347,45.05663],[2.83579,45.05875],[2.83842,45.0602],[2.83962,45.05965],[2.84798,45.0638],[2.84895,45.06401],[2.85241,45.06589],[2.86137,45.07004],[2.86123,45.07045],[2.86565,45.07259],[2.86689,45.07354],[2.86815,45.07618],[2.86962,45.07666],[2.87293,45.07601],[2.87198,45.07398],[2.87213,45.07283],[2.8715,45.07069],[2.87312,45.07097],[2.87444,45.07029],[2.87713,45.07294],[2.87685,45.07413],[2.8801,45.07296],[2.88175,45.07303],[2.88227,45.07233],[2.88501,45.07261],[2.88881,45.07363],[2.88941,45.07298],[2.89208,45.07314],[2.8946,45.07221],[2.89732,45.0726],[2.89814,45.07199],[2.90072,45.07412],[2.90113,45.07595],[2.90458,45.07859],[2.90607,45.0779],[2.90835,45.0775],[2.90956,45.0785],[2.91184,45.07624],[2.91151,45.07494],[2.91386,45.07528],[2.9145,45.07384],[2.91653,45.07347],[2.91914,45.07392],[2.92097,45.07319],[2.92279,45.07344],[2.92457,45.073],[2.92616,45.07315],[2.92729,45.07236],[2.92853,45.06967],[2.92959,45.07056],[2.93191,45.0705],[2.93381,45.06955],[2.93494,45.06749],[2.93851,45.06817],[2.93925,45.06857],[2.94618,45.06918],[2.94619,45.07012],[2.94786,45.07191],[2.95089,45.07214],[2.95134,45.07136],[2.9529,45.07176],[2.95444,45.07095],[2.95492,45.06996],[2.95706,45.0689],[2.95763,45.06738],[2.95858,45.06744],[2.96053,45.06648],[2.96029,45.06501],[2.96428,45.06445],[2.96306,45.063],[2.96141,45.06322],[2.96334,45.06013],[2.96657,45.05841],[2.96536,45.05742],[2.96528,45.05661],[2.9678,45.05721],[2.96762,45.05565],[2.96886,45.05493],[2.97117,45.05535],[2.97232,45.05384],[2.97266,45.05266],[2.96976,45.0484],[2.97102,45.04735],[2.97074,45.04641],[2.9684,45.04731],[2.96609,45.04229],[2.96391,45.04255],[2.96337,45.04098],[2.96524,45.04025],[2.96438,45.03663],[2.96261,45.03709],[2.96226,45.03622],[2.95974,45.03421],[2.95727,45.03375],[2.95419,45.03372],[2.95166,45.03485],[2.95011,45.03422],[2.9485,45.03598],[2.94741,45.03403],[2.94498,45.03433],[2.94506,45.03522],[2.94311,45.03513],[2.94132,45.0355],[2.94088,45.0342],[2.93871,45.03453],[2.93834,45.03561],[2.9343,45.03585],[2.93231,45.03496],[2.92875,45.03557],[2.92907,45.0369],[2.92777,45.0368],[2.92731,45.0359],[2.92501,45.03548],[2.92513,45.0342],[2.92245,45.0338],[2.92196,45.03555],[2.91998,45.03454],[2.91681,45.03414],[2.91915,45.03303],[2.91616,45.03297],[2.91571,45.03203],[2.91343,45.03272],[2.90959,45.03244],[2.91019,45.03166],[2.90647,45.03193],[2.90676,45.03242],[2.90253,45.03251],[2.9021,45.03152],[2.89842,45.03151],[2.89603,45.03257],[2.89232,45.03316],[2.88886,45.03293],[2.88738,45.03537],[2.8858,45.03614],[2.88262,45.03543],[2.88118,45.03265],[2.88063,45.02963],[2.87972,45.02898],[2.87687,45.02914],[2.87232,45.03084],[2.86548,45.03385],[2.86137,45.03535],[2.86249,45.03716],[2.86431,45.04229],[2.86503,45.04662],[2.85702,45.04698],[2.85093,45.0466],[2.8482,45.04679],[2.84682,45.04815],[2.84492,45.04861]]]}},{"type":"Feature","id":"fr-commune-15249","properties":{"id":"fr-commune-15249","name":"Le Vaulmier","kind":"commune","center":[2.583,45.1838],"code":"15249","department":"15"},"bbox":[2.54093,45.16211,2.62507,45.20557],"geometry":{"type":"Polygon","coordinates":[[[2.5972,45.20365],[2.59986,45.20112],[2.60164,45.20157],[2.60253,45.20067],[2.60692,45.20021],[2.60844,45.20029],[2.61098,45.1993],[2.61213,45.19839],[2.61529,45.19447],[2.61928,45.18862],[2.61558,45.18629],[2.62014,45.18344],[2.62368,45.17911],[2.62476,45.17808],[2.62507,45.17686],[2.62246,45.17651],[2.61979,45.17705],[2.61927,45.17517],[2.6157,45.17239],[2.61163,45.17316],[2.60877,45.17209],[2.60647,45.17083],[2.60533,45.17159],[2.60349,45.17191],[2.6019,45.17151],[2.60274,45.1705],[2.60076,45.17014],[2.60074,45.16859],[2.59773,45.16611],[2.59888,45.16585],[2.59614,45.16397],[2.59341,45.16528],[2.58366,45.16211],[2.58151,45.16513],[2.58068,45.16549],[2.57878,45.16702],[2.57656,45.16766],[2.57466,45.16874],[2.57238,45.17099],[2.56747,45.17218],[2.56416,45.17273],[2.5633,45.17363],[2.56079,45.17371],[2.5591,45.17502],[2.55872,45.17584],[2.55358,45.17863],[2.55263,45.1781],[2.5504,45.17823],[2.5492,45.17887],[2.54762,45.18094],[2.54309,45.18225],[2.54093,45.18163],[2.54255,45.18473],[2.54531,45.18432],[2.54846,45.18458],[2.54935,45.18593],[2.54898,45.18759],[2.54706,45.18773],[2.547,45.19012],[2.54763,45.19138],[2.55027,45.19023],[2.5521,45.19077],[2.55358,45.19285],[2.55529,45.19266],[2.55651,45.1937],[2.55792,45.19784],[2.56135,45.19648],[2.56625,45.19647],[2.56638,45.19751],[2.5723,45.19741],[2.57941,45.1955],[2.58222,45.19711],[2.58242,45.19882],[2.58376,45.19994],[2.58421,45.20129],[2.5876,45.20397],[2.58853,45.20557],[2.59314,45.20431],[2.59539,45.20416],[2.5972,45.20365]]]}},{"type":"Feature","id":"fr-commune-15250","properties":{"id":"fr-commune-15250","name":"Vebret","kind":"commune","center":[2.5175,45.351],"code":"15250","department":"15"},"bbox":[2.48013,45.31708,2.55478,45.38493],"geometry":{"type":"Polygon","coordinates":[[[2.55478,45.37617],[2.55188,45.37228],[2.55055,45.37221],[2.55074,45.37112],[2.54967,45.37042],[2.54893,45.36745],[2.54807,45.36583],[2.54709,45.36536],[2.54768,45.36418],[2.5481,45.36131],[2.54704,45.36107],[2.54694,45.35986],[2.54812,45.35877],[2.54716,45.358],[2.54639,45.35634],[2.54721,45.35472],[2.54836,45.35359],[2.54628,45.3534],[2.54544,45.35423],[2.54337,45.35523],[2.54271,45.35456],[2.53979,45.35578],[2.5366,45.35638],[2.53704,45.35726],[2.53562,45.35801],[2.53497,45.35714],[2.53593,45.35623],[2.5365,45.35411],[2.53298,45.35151],[2.53494,45.35074],[2.53525,45.34917],[2.53364,45.34791],[2.53488,45.34746],[2.53616,45.3452],[2.5359,45.3434],[2.53308,45.34382],[2.53263,45.3431],[2.53414,45.34178],[2.53287,45.34081],[2.5319,45.34176],[2.53006,45.34208],[2.52863,45.34153],[2.52962,45.33947],[2.52925,45.33895],[2.53127,45.33771],[2.52988,45.33711],[2.52865,45.33782],[2.52616,45.33641],[2.52454,45.33607],[2.52648,45.33343],[2.52596,45.33272],[2.52915,45.3318],[2.52927,45.33066],[2.53016,45.33005],[2.5322,45.32897],[2.53347,45.32788],[2.53544,45.3277],[2.53698,45.32816],[2.53871,45.32685],[2.54056,45.32707],[2.53972,45.32433],[2.53768,45.32486],[2.53576,45.32302],[2.53582,45.32217],[2.53448,45.32127],[2.5346,45.32037],[2.53364,45.3197],[2.53409,45.31857],[2.53587,45.31798],[2.53453,45.31718],[2.53112,45.3188],[2.52873,45.31897],[2.52726,45.31755],[2.52554,45.31769],[2.52388,45.31708],[2.52231,45.31749],[2.52137,45.31895],[2.52145,45.3205],[2.5209,45.32238],[2.52155,45.32349],[2.52357,45.32475],[2.5223,45.32574],[2.52199,45.32687],[2.51988,45.3275],[2.5188,45.32858],[2.51568,45.32949],[2.51587,45.32872],[2.51377,45.32805],[2.51013,45.32837],[2.50751,45.32739],[2.507,45.325],[2.50476,45.32501],[2.50265,45.32463],[2.50118,45.32726],[2.50172,45.32788],[2.49878,45.33059],[2.49675,45.33363],[2.49427,45.3382],[2.49411,45.33993],[2.49208,45.34157],[2.49159,45.3426],[2.48904,45.34302],[2.48704,45.34149],[2.48568,45.3415],[2.48479,45.34231],[2.48409,45.3442],[2.48301,45.34447],[2.48352,45.34564],[2.48665,45.34572],[2.48946,45.34873],[2.4901,45.35004],[2.48934,45.3504],[2.48915,45.35193],[2.49017,45.35233],[2.49183,45.35201],[2.49349,45.3526],[2.4926,45.35386],[2.49395,45.35462],[2.49226,45.35589],[2.49319,45.3566],[2.49013,45.35854],[2.4893,45.35827],[2.48781,45.35908],[2.48824,45.36005],[2.48713,45.36194],[2.48724,45.36289],[2.48503,45.36392],[2.48501,45.36463],[2.48306,45.36685],[2.48192,45.36907],[2.4802,45.36969],[2.48013,45.37032],[2.48269,45.37301],[2.4804,45.37482],[2.48059,45.37657],[2.48219,45.37616],[2.48494,45.37796],[2.48577,45.37895],[2.48909,45.37939],[2.49011,45.38025],[2.49119,45.37943],[2.49305,45.37966],[2.49476,45.38057],[2.49654,45.38049],[2.49766,45.38108],[2.50076,45.38149],[2.50205,45.38117],[2.50414,45.37979],[2.50572,45.37817],[2.50711,45.37862],[2.51185,45.38281],[2.51758,45.38493],[2.52049,45.38477],[2.5212,45.38353],[2.52336,45.38148],[2.52556,45.37995],[2.52792,45.37977],[2.52925,45.378],[2.53078,45.37657],[2.53306,45.37721],[2.53445,45.37667],[2.54328,45.37849],[2.54641,45.37836],[2.54716,45.3772],[2.55178,45.37789],[2.55394,45.37768],[2.55478,45.37617]]]}},{"type":"Feature","id":"fr-commune-15251","properties":{"id":"fr-commune-15251","name":"Védrines-Saint-Loup","kind":"commune","center":[3.2672,45.0518],"code":"15251","department":"15"},"bbox":[3.22178,45.02257,3.31253,45.08104],"geometry":{"type":"Polygon","coordinates":[[[3.23098,45.03553],[3.22959,45.03862],[3.22677,45.0393],[3.22501,45.04015],[3.2246,45.04107],[3.22533,45.04307],[3.22644,45.04341],[3.22436,45.04566],[3.22178,45.04693],[3.22401,45.04745],[3.22794,45.04765],[3.23152,45.04888],[3.23342,45.04896],[3.23357,45.05013],[3.23265,45.05225],[3.23387,45.05412],[3.23571,45.05812],[3.23758,45.05986],[3.23891,45.05946],[3.24062,45.06085],[3.24787,45.06023],[3.24915,45.06174],[3.25056,45.06256],[3.25097,45.06342],[3.25349,45.0647],[3.2536,45.06704],[3.25174,45.06895],[3.25139,45.07012],[3.25222,45.07175],[3.25342,45.07264],[3.25639,45.07611],[3.26011,45.07593],[3.26276,45.07746],[3.26493,45.07747],[3.26996,45.07815],[3.27319,45.078],[3.27626,45.07964],[3.28039,45.08009],[3.28323,45.08103],[3.28503,45.08104],[3.28852,45.07981],[3.29035,45.07973],[3.29145,45.07905],[3.29603,45.07793],[3.29755,45.07796],[3.30052,45.0786],[3.30082,45.07993],[3.30275,45.08089],[3.30534,45.08021],[3.3078,45.07886],[3.30907,45.07954],[3.30977,45.08073],[3.3122,45.0809],[3.31176,45.07998],[3.31253,45.07854],[3.31085,45.0762],[3.31029,45.07426],[3.31041,45.07309],[3.30857,45.07147],[3.30709,45.0718],[3.30636,45.07059],[3.3083,45.07044],[3.30824,45.0688],[3.30876,45.06793],[3.30747,45.06657],[3.30605,45.06737],[3.30299,45.06428],[3.30314,45.06362],[3.30652,45.06277],[3.30451,45.06036],[3.30218,45.06191],[3.29982,45.06085],[3.29997,45.05873],[3.29967,45.05613],[3.30078,45.05462],[3.29982,45.0541],[3.30036,45.05193],[3.29864,45.05158],[3.30094,45.04905],[3.30191,45.05005],[3.30494,45.0475],[3.30529,45.04571],[3.30436,45.044],[3.30136,45.04265],[3.30028,45.04103],[3.29751,45.03891],[3.29724,45.03753],[3.29761,45.03594],[3.29904,45.03483],[3.29923,45.03354],[3.30042,45.03122],[3.3025,45.03041],[3.30488,45.02723],[3.30717,45.02632],[3.30788,45.02547],[3.30775,45.02341],[3.30564,45.0238],[3.30414,45.02363],[3.30199,45.02257],[3.29901,45.02308],[3.2952,45.0247],[3.29257,45.02544],[3.28999,45.02679],[3.28785,45.02709],[3.2859,45.02679],[3.27927,45.02697],[3.27791,45.02725],[3.2741,45.02936],[3.27147,45.03111],[3.26932,45.03153],[3.26247,45.03118],[3.26034,45.03167],[3.25654,45.03318],[3.25516,45.03329],[3.25286,45.03427],[3.24901,45.03486],[3.24508,45.03505],[3.24272,45.03484],[3.24,45.03541],[3.23842,45.03514],[3.23613,45.0361],[3.23587,45.03422],[3.23098,45.03553]]]}},{"type":"Feature","id":"fr-commune-15252","properties":{"id":"fr-commune-15252","name":"Velzic","kind":"commune","center":[2.5591,44.9946],"code":"15252","department":"15"},"bbox":[2.52482,44.97912,2.59333,45.01043],"geometry":{"type":"Polygon","coordinates":[[[2.53028,45.00424],[2.53436,45.00559],[2.53506,45.00491],[2.53715,45.00559],[2.54281,45.0087],[2.54539,45.01043],[2.5463,45.01003],[2.54775,45.00845],[2.55029,45.00697],[2.5526,45.00714],[2.55338,45.00826],[2.55473,45.00914],[2.55828,45.01037],[2.55948,45.0091],[2.56056,45.0096],[2.56215,45.0091],[2.5662,45.00907],[2.56805,45.00769],[2.56805,45.00498],[2.56675,45.00374],[2.56697,45.00299],[2.56924,45.00306],[2.57014,45.00268],[2.57333,45.00391],[2.5745,45.00364],[2.57667,45.00444],[2.57776,45.0056],[2.5797,45.00573],[2.58527,45.00778],[2.59141,45.00828],[2.59285,45.00824],[2.59277,45.00696],[2.59333,45.00494],[2.59063,45.00445],[2.58832,45.00456],[2.58692,45.00393],[2.58605,45.00156],[2.58539,44.99775],[2.58613,44.99549],[2.58604,44.99399],[2.58463,44.99347],[2.58003,44.99203],[2.57608,44.99029],[2.57366,44.9899],[2.57101,44.98825],[2.56726,44.98529],[2.56288,44.98219],[2.56345,44.9814],[2.56053,44.98094],[2.55875,44.98121],[2.55835,44.98253],[2.55673,44.98243],[2.55492,44.98163],[2.55354,44.9823],[2.54762,44.98277],[2.54345,44.98127],[2.54162,44.9812],[2.53969,44.97963],[2.5371,44.97912],[2.53405,44.98068],[2.5313,44.98173],[2.53232,44.98358],[2.53392,44.98529],[2.53234,44.98718],[2.531,44.99001],[2.53011,44.99059],[2.52929,44.9929],[2.52946,44.99397],[2.53089,44.99569],[2.5296,44.99661],[2.52893,44.99796],[2.52623,44.9981],[2.52482,44.99988],[2.52617,45.00168],[2.52827,45.00277],[2.53028,45.00424]]]}},{"type":"Feature","id":"fr-commune-15253","properties":{"id":"fr-commune-15253","name":"Vernols","kind":"commune","center":[2.8822,45.2177],"code":"15253","department":"15"},"bbox":[2.84217,45.187,2.92064,45.24843],"geometry":{"type":"Polygon","coordinates":[[[2.84803,45.22963],[2.84868,45.23179],[2.852,45.23743],[2.85749,45.24093],[2.86186,45.24222],[2.86451,45.24529],[2.86531,45.24843],[2.87488,45.24517],[2.87865,45.24465],[2.88156,45.24576],[2.88241,45.24661],[2.88386,45.24698],[2.8869,45.24643],[2.88893,45.24729],[2.89128,45.24737],[2.89338,45.24688],[2.89056,45.2446],[2.88826,45.24361],[2.88788,45.24299],[2.8967,45.24047],[2.9007,45.23906],[2.90253,45.23753],[2.9051,45.23229],[2.91003,45.22881],[2.91135,45.22771],[2.91341,45.22685],[2.91552,45.22647],[2.9136,45.22312],[2.91677,45.22254],[2.91696,45.22134],[2.92064,45.22088],[2.92023,45.22002],[2.9168,45.21827],[2.91449,45.21646],[2.91049,45.21488],[2.91076,45.21377],[2.91362,45.21187],[2.91245,45.20997],[2.91475,45.20808],[2.91528,45.20642],[2.91681,45.20654],[2.91742,45.20397],[2.91428,45.20183],[2.91459,45.20125],[2.9105,45.19893],[2.90825,45.19719],[2.90656,45.19351],[2.90867,45.1943],[2.9093,45.19339],[2.90718,45.19296],[2.90626,45.19238],[2.90625,45.19085],[2.90541,45.19052],[2.90154,45.187],[2.90026,45.1871],[2.88986,45.18862],[2.8867,45.18888],[2.88191,45.18984],[2.88163,45.19385],[2.88191,45.19659],[2.88084,45.19901],[2.87722,45.19935],[2.8756,45.2031],[2.86632,45.20239],[2.86546,45.20157],[2.86317,45.20359],[2.86179,45.20631],[2.85938,45.20736],[2.85843,45.20839],[2.85785,45.21024],[2.85863,45.21172],[2.86203,45.21234],[2.86165,45.21363],[2.86004,45.21458],[2.85696,45.21722],[2.85288,45.21679],[2.84745,45.21799],[2.84225,45.21787],[2.84217,45.22259],[2.84422,45.22438],[2.84596,45.22667],[2.84737,45.22716],[2.84803,45.22963]]]}},{"type":"Feature","id":"fr-commune-15254","properties":{"id":"fr-commune-15254","name":"Veyrières","kind":"commune","center":[2.3659,45.321],"code":"15254","department":"15"},"bbox":[2.33994,45.29719,2.39178,45.34486],"geometry":{"type":"Polygon","coordinates":[[[2.33994,45.32587],[2.34259,45.32626],[2.34592,45.32765],[2.34743,45.32787],[2.35067,45.32769],[2.35219,45.32849],[2.35344,45.32987],[2.35612,45.33372],[2.35929,45.33612],[2.35944,45.33748],[2.35865,45.33918],[2.35977,45.34101],[2.36155,45.34315],[2.3627,45.34388],[2.36449,45.34365],[2.36581,45.34486],[2.36678,45.34339],[2.36825,45.34415],[2.37035,45.34402],[2.37086,45.34339],[2.3736,45.34366],[2.37475,45.34298],[2.37654,45.34302],[2.37723,45.34231],[2.37951,45.34238],[2.38209,45.34197],[2.38364,45.34134],[2.38482,45.34297],[2.38821,45.34162],[2.38859,45.33929],[2.38955,45.33816],[2.39159,45.33875],[2.39178,45.33785],[2.38935,45.33731],[2.38903,45.33583],[2.38941,45.33277],[2.38897,45.33169],[2.38769,45.33119],[2.38635,45.33187],[2.38539,45.33056],[2.38629,45.32953],[2.38412,45.32904],[2.38303,45.32805],[2.38335,45.32674],[2.38577,45.32688],[2.38399,45.32341],[2.38443,45.32157],[2.38258,45.32116],[2.38156,45.31932],[2.3829,45.31793],[2.38506,45.31775],[2.38615,45.31716],[2.38666,45.31595],[2.38436,45.3159],[2.38398,45.31391],[2.3857,45.31378],[2.38576,45.31256],[2.38697,45.3118],[2.38806,45.31288],[2.3892,45.31218],[2.38995,45.31087],[2.38748,45.31099],[2.38684,45.31022],[2.39073,45.30946],[2.39111,45.30849],[2.38925,45.30452],[2.38824,45.30357],[2.38779,45.30231],[2.38611,45.30052],[2.3842,45.30048],[2.38176,45.29895],[2.38044,45.29745],[2.3785,45.29806],[2.37618,45.2974],[2.37458,45.29863],[2.37311,45.29751],[2.37175,45.29719],[2.369,45.2978],[2.36776,45.2991],[2.36534,45.29889],[2.36434,45.29813],[2.36043,45.2987],[2.35971,45.29942],[2.35989,45.30107],[2.35749,45.30105],[2.35587,45.30163],[2.35416,45.30349],[2.35311,45.30399],[2.35114,45.30442],[2.35151,45.30548],[2.35132,45.30977],[2.35253,45.3103],[2.35206,45.31123],[2.35079,45.31151],[2.34655,45.3103],[2.34468,45.31114],[2.34487,45.31214],[2.34658,45.31225],[2.34769,45.31295],[2.34817,45.31438],[2.34762,45.31615],[2.34907,45.31743],[2.34849,45.31804],[2.34603,45.31883],[2.34184,45.31953],[2.34132,45.32077],[2.3422,45.32221],[2.34082,45.32307],[2.33994,45.32587]]]}},{"type":"Feature","id":"fr-commune-15255","properties":{"id":"fr-commune-15255","name":"Vézac","kind":"commune","center":[2.5247,44.8933],"code":"15255","department":"15"},"bbox":[2.49252,44.86817,2.55695,44.91839],"geometry":{"type":"Polygon","coordinates":[[[2.55364,44.91332],[2.55501,44.91238],[2.55659,44.91199],[2.55695,44.91034],[2.55648,44.9094],[2.55512,44.90868],[2.5518,44.90806],[2.55057,44.90704],[2.55004,44.90586],[2.54473,44.90338],[2.54179,44.90216],[2.54092,44.90134],[2.54,44.89815],[2.54026,44.89598],[2.54137,44.89563],[2.54177,44.89723],[2.54333,44.89683],[2.54389,44.89523],[2.5406,44.8949],[2.53823,44.89423],[2.53512,44.89258],[2.53518,44.89131],[2.53708,44.89211],[2.53955,44.89391],[2.54132,44.89444],[2.54269,44.89375],[2.54174,44.89277],[2.53974,44.89271],[2.53987,44.8919],[2.53726,44.89004],[2.53596,44.89064],[2.5365,44.88827],[2.53423,44.88875],[2.53178,44.88722],[2.52949,44.88744],[2.52687,44.88548],[2.52889,44.88438],[2.52956,44.88267],[2.52697,44.88152],[2.52933,44.88097],[2.53264,44.87954],[2.53524,44.87738],[2.5381,44.87621],[2.53875,44.8741],[2.53849,44.87296],[2.53666,44.87145],[2.53308,44.87011],[2.53255,44.86817],[2.53038,44.86954],[2.52928,44.86906],[2.52661,44.86871],[2.52396,44.87059],[2.5211,44.86895],[2.5197,44.86981],[2.51895,44.87038],[2.51875,44.87198],[2.5162,44.87402],[2.51437,44.87483],[2.51174,44.87654],[2.50798,44.87795],[2.50382,44.87861],[2.50216,44.87971],[2.49955,44.88064],[2.49986,44.88217],[2.49908,44.88381],[2.49751,44.88818],[2.49258,44.89084],[2.49252,44.89187],[2.49664,44.89375],[2.49702,44.89425],[2.50051,44.89582],[2.50076,44.89699],[2.49995,44.89973],[2.50145,44.90001],[2.50112,44.90096],[2.49945,44.90069],[2.49905,44.90156],[2.49665,44.90132],[2.49602,44.90223],[2.49868,44.90346],[2.49638,44.90561],[2.49791,44.90578],[2.49846,44.90663],[2.50079,44.9075],[2.50497,44.90657],[2.50683,44.90751],[2.50825,44.90902],[2.50865,44.91172],[2.51029,44.9111],[2.51179,44.9125],[2.51307,44.91171],[2.51564,44.91296],[2.51518,44.91485],[2.51724,44.91341],[2.51879,44.91413],[2.5205,44.9142],[2.51993,44.91532],[2.52168,44.91632],[2.52261,44.91769],[2.524,44.91839],[2.52521,44.91715],[2.52732,44.91775],[2.52911,44.91664],[2.53173,44.91699],[2.53229,44.9157],[2.53314,44.91546],[2.5336,44.91776],[2.53486,44.91763],[2.5388,44.91543],[2.5426,44.91632],[2.5469,44.91565],[2.54953,44.91491],[2.55364,44.91332]]]}},{"type":"Feature","id":"fr-commune-15256","properties":{"id":"fr-commune-15256","name":"Vèze","kind":"commune","center":[2.9804,45.2795],"code":"15256","department":"15"},"bbox":[2.93952,45.24905,3.0213,45.30991],"geometry":{"type":"Polygon","coordinates":[[[2.94861,45.30912],[2.95039,45.30858],[2.95206,45.30978],[2.95314,45.30991],[2.95566,45.309],[2.96255,45.3075],[2.96354,45.30703],[2.96593,45.30695],[2.96857,45.3074],[2.97345,45.30448],[2.97786,45.30257],[2.97821,45.30175],[2.98149,45.29981],[2.98263,45.30069],[2.98694,45.29899],[2.99044,45.29702],[2.99797,45.29396],[2.99902,45.29067],[3.00203,45.29017],[3.01017,45.28981],[3.01631,45.28728],[3.0183,45.28707],[3.01817,45.28671],[3.0213,45.28205],[3.02013,45.27995],[3.01904,45.27982],[3.01708,45.28073],[3.01489,45.27849],[3.01456,45.27756],[3.0105,45.27576],[3.00956,45.27509],[3.00873,45.27318],[3.00884,45.27177],[3.00735,45.26967],[3.00575,45.26916],[3.00593,45.26753],[3.00686,45.26692],[3.00873,45.26173],[3.01084,45.26042],[3.01177,45.25872],[3.01014,45.25908],[3.00844,45.25876],[3.00768,45.25918],[3.00593,45.25751],[3.00235,45.25729],[2.99992,45.25649],[2.99933,45.25519],[2.99819,45.25538],[2.99701,45.25241],[2.99514,45.25102],[2.99557,45.24981],[2.98844,45.24949],[2.98519,45.24919],[2.98169,45.2493],[2.97888,45.24905],[2.97424,45.25146],[2.97145,45.25379],[2.96831,45.25561],[2.96409,45.25701],[2.95995,45.25878],[2.95656,45.26061],[2.95305,45.26413],[2.95141,45.26736],[2.94854,45.27058],[2.94671,45.27234],[2.94464,45.27496],[2.94247,45.27957],[2.94026,45.28524],[2.93952,45.28859],[2.94178,45.28861],[2.95134,45.28767],[2.95078,45.2894],[2.94873,45.29192],[2.94799,45.29588],[2.94633,45.29846],[2.94604,45.30085],[2.94637,45.30365],[2.94692,45.30518],[2.9493,45.3072],[2.94861,45.30912]]]}},{"type":"Feature","id":"fr-commune-15257","properties":{"id":"fr-commune-15257","name":"Vezels-Roussy","kind":"commune","center":[2.58,44.8067],"code":"15257","department":"15"},"bbox":[2.55812,44.77809,2.60181,44.83514],"geometry":{"type":"Polygon","coordinates":[[[2.59814,44.82083],[2.59676,44.81978],[2.59848,44.81848],[2.5985,44.81673],[2.59918,44.81485],[2.59877,44.81402],[2.60057,44.81343],[2.60084,44.81114],[2.60049,44.80971],[2.60181,44.80819],[2.60013,44.80659],[2.60033,44.80562],[2.59978,44.80383],[2.60032,44.80317],[2.59894,44.80201],[2.6006,44.80102],[2.60063,44.79824],[2.59967,44.79695],[2.59947,44.79553],[2.60035,44.79346],[2.59872,44.79277],[2.5967,44.79044],[2.59283,44.78877],[2.58989,44.786],[2.58813,44.78531],[2.58653,44.7839],[2.58314,44.78365],[2.57784,44.78604],[2.57413,44.78513],[2.57321,44.78467],[2.56913,44.78151],[2.56694,44.78044],[2.56558,44.77832],[2.5643,44.77809],[2.56477,44.779],[2.56147,44.78263],[2.56148,44.78383],[2.55943,44.78542],[2.55812,44.786],[2.55935,44.78812],[2.55855,44.78931],[2.55915,44.79066],[2.56035,44.79185],[2.56072,44.79342],[2.56346,44.7943],[2.56436,44.79528],[2.56433,44.79744],[2.56487,44.79777],[2.56567,44.8001],[2.56499,44.80253],[2.5656,44.80394],[2.56527,44.80507],[2.56621,44.80769],[2.56747,44.8082],[2.56782,44.80994],[2.57016,44.81144],[2.57007,44.81286],[2.57148,44.81391],[2.57231,44.81648],[2.57346,44.81807],[2.57297,44.81966],[2.56908,44.8211],[2.56854,44.82244],[2.56718,44.82268],[2.57149,44.82546],[2.57093,44.82596],[2.57207,44.82712],[2.57386,44.82745],[2.5738,44.83038],[2.57561,44.83219],[2.5781,44.8329],[2.58007,44.83269],[2.58181,44.83365],[2.58687,44.83414],[2.59028,44.83514],[2.59136,44.83463],[2.59015,44.8328],[2.59074,44.83069],[2.59052,44.82901],[2.59237,44.82791],[2.59304,44.82533],[2.59398,44.8241],[2.59641,44.82337],[2.59794,44.82199],[2.59814,44.82083]]]}},{"type":"Feature","id":"fr-commune-15258","properties":{"id":"fr-commune-15258","name":"Vic-sur-Cère","kind":"commune","center":[2.6294,44.9687],"code":"15258","department":"15"},"bbox":[2.58463,44.92878,2.67411,45.00867],"geometry":{"type":"Polygon","coordinates":[[[2.61826,44.93056],[2.61685,44.9314],[2.61956,44.93274],[2.62193,44.93354],[2.62468,44.93357],[2.62486,44.9358],[2.62355,44.93565],[2.61931,44.93755],[2.62115,44.93961],[2.6191,44.94039],[2.62017,44.94198],[2.61828,44.94275],[2.61861,44.9452],[2.61961,44.9466],[2.61882,44.94718],[2.61603,44.94374],[2.61305,44.94184],[2.61036,44.94359],[2.60901,44.94376],[2.60715,44.94279],[2.60551,44.94349],[2.60552,44.94466],[2.60426,44.94579],[2.60275,44.94477],[2.59836,44.94279],[2.59616,44.94212],[2.59745,44.94556],[2.59692,44.94597],[2.59725,44.94776],[2.5972,44.9502],[2.59589,44.95112],[2.59659,44.95264],[2.5971,44.9556],[2.59619,44.9562],[2.59571,44.95876],[2.59504,44.95882],[2.59454,44.96062],[2.59611,44.96186],[2.59494,44.96242],[2.59353,44.96218],[2.59077,44.96251],[2.58825,44.96367],[2.59076,44.96485],[2.59343,44.96732],[2.59448,44.96893],[2.59661,44.96993],[2.59574,44.97116],[2.59788,44.9724],[2.59651,44.97388],[2.59778,44.97523],[2.59675,44.97626],[2.59733,44.97745],[2.59662,44.97814],[2.59462,44.97754],[2.59388,44.97812],[2.59508,44.98038],[2.59623,44.98423],[2.59591,44.98447],[2.59185,44.98348],[2.58912,44.98424],[2.5874,44.98293],[2.58507,44.98462],[2.58623,44.98646],[2.58677,44.98914],[2.58669,44.99085],[2.58463,44.99347],[2.58604,44.99399],[2.58613,44.99549],[2.58539,44.99775],[2.58605,45.00156],[2.58692,45.00393],[2.58832,45.00456],[2.59063,45.00445],[2.59333,45.00494],[2.59479,45.00511],[2.6013,45.00497],[2.60607,45.00564],[2.60815,45.00708],[2.60949,45.00867],[2.60993,45.0069],[2.61,45.00473],[2.61071,45.00374],[2.61033,45.00172],[2.61101,44.99963],[2.61322,44.99841],[2.61412,45.00017],[2.61605,45.00052],[2.61842,45.00013],[2.62057,44.99723],[2.62498,44.99564],[2.62956,44.99351],[2.63604,44.99607],[2.63955,44.99563],[2.64075,44.99458],[2.64034,44.99368],[2.64526,44.99218],[2.64624,44.9922],[2.64635,44.99065],[2.64731,44.99048],[2.6483,44.98847],[2.64957,44.98945],[2.65051,44.98838],[2.65281,44.98792],[2.65234,44.98642],[2.65487,44.98784],[2.65705,44.98725],[2.65698,44.98948],[2.65989,44.98817],[2.66111,44.98945],[2.66294,44.98863],[2.66404,44.98738],[2.66521,44.98496],[2.66761,44.98558],[2.66915,44.98733],[2.67214,44.98863],[2.67411,44.98727],[2.67296,44.98638],[2.66857,44.98463],[2.66335,44.98291],[2.65862,44.97964],[2.65437,44.97621],[2.65277,44.97541],[2.64949,44.97512],[2.64575,44.97401],[2.64503,44.9705],[2.64299,44.96988],[2.64296,44.96873],[2.64125,44.96391],[2.64092,44.96028],[2.64015,44.95939],[2.63857,44.95958],[2.63685,44.95784],[2.63658,44.95657],[2.63533,44.95555],[2.63689,44.95494],[2.63844,44.95342],[2.64201,44.95234],[2.64314,44.95168],[2.64656,44.95089],[2.64815,44.94864],[2.64598,44.94766],[2.64047,44.94307],[2.63907,44.94227],[2.63967,44.94111],[2.6426,44.94075],[2.6438,44.94021],[2.64287,44.9389],[2.64183,44.93896],[2.64091,44.9352],[2.63882,44.93541],[2.63705,44.93379],[2.63651,44.93146],[2.63288,44.93035],[2.63083,44.93066],[2.62952,44.92878],[2.62461,44.92951],[2.6218,44.93019],[2.61826,44.93056]]]}},{"type":"Feature","id":"fr-commune-15259","properties":{"id":"fr-commune-15259","name":"Vieillespesse","kind":"commune","center":[3.1579,45.1158],"code":"15259","department":"15"},"bbox":[3.1107,45.08634,3.2051,45.14522],"geometry":{"type":"Polygon","coordinates":[[[3.13306,45.1076],[3.13201,45.10931],[3.12913,45.11042],[3.12702,45.11181],[3.12272,45.11284],[3.12122,45.11515],[3.11962,45.11635],[3.11844,45.11606],[3.11536,45.1175],[3.11385,45.1188],[3.11542,45.11972],[3.11335,45.1216],[3.11279,45.12303],[3.1107,45.12507],[3.11143,45.12542],[3.1127,45.12763],[3.11542,45.12922],[3.11512,45.1311],[3.11544,45.13238],[3.11686,45.13392],[3.11745,45.13574],[3.11892,45.13547],[3.12105,45.13623],[3.12246,45.13757],[3.12306,45.13875],[3.12677,45.13995],[3.12804,45.13959],[3.13006,45.13999],[3.13161,45.14099],[3.13235,45.14261],[3.13407,45.14206],[3.13437,45.14018],[3.13512,45.13974],[3.13728,45.13992],[3.1389,45.14161],[3.14141,45.14353],[3.14286,45.14522],[3.14509,45.14334],[3.14684,45.14239],[3.15324,45.13968],[3.15502,45.13958],[3.15826,45.13874],[3.15954,45.13783],[3.164,45.13628],[3.16753,45.13331],[3.17128,45.13105],[3.17445,45.12972],[3.17809,45.1293],[3.18302,45.13003],[3.18804,45.12917],[3.19204,45.1296],[3.19373,45.12496],[3.19424,45.12467],[3.19053,45.12329],[3.19176,45.12081],[3.19149,45.11994],[3.19357,45.11859],[3.19349,45.1176],[3.19656,45.11571],[3.19459,45.11525],[3.19391,45.11304],[3.19608,45.11129],[3.19418,45.10974],[3.1955,45.10927],[3.19398,45.10773],[3.19552,45.10639],[3.19728,45.10545],[3.19935,45.1049],[3.19837,45.10416],[3.20014,45.10334],[3.20261,45.10146],[3.20308,45.1017],[3.2051,45.09983],[3.20502,45.09835],[3.20125,45.09789],[3.20072,45.09646],[3.1947,45.09361],[3.1889,45.09159],[3.18616,45.08981],[3.18393,45.08899],[3.18162,45.08634],[3.17086,45.09451],[3.16605,45.09665],[3.16345,45.09748],[3.15844,45.09816],[3.15699,45.09873],[3.15509,45.10006],[3.1516,45.10193],[3.14954,45.10252],[3.14716,45.1036],[3.14466,45.10413],[3.14561,45.10522],[3.14591,45.10668],[3.14095,45.10822],[3.13765,45.10878],[3.13354,45.1081],[3.13306,45.1076]]]}},{"type":"Feature","id":"fr-commune-15260","properties":{"id":"fr-commune-15260","name":"Vieillevie","kind":"commune","center":[2.4341,44.6518],"code":"15260","department":"15"},"bbox":[2.39532,44.63896,2.47295,44.66464],"geometry":{"type":"Polygon","coordinates":[[[2.39754,44.64638],[2.39846,44.64837],[2.39689,44.65212],[2.39532,44.65326],[2.39651,44.65497],[2.3994,44.65675],[2.40017,44.65793],[2.39999,44.65883],[2.40105,44.66104],[2.403,44.66011],[2.40395,44.66046],[2.40686,44.65773],[2.41115,44.65718],[2.41109,44.658],[2.41249,44.65893],[2.41398,44.65873],[2.41456,44.65763],[2.41732,44.66085],[2.42043,44.65996],[2.42051,44.65897],[2.42156,44.65803],[2.42203,44.6548],[2.4226,44.6538],[2.42503,44.65399],[2.42567,44.65587],[2.4269,44.65693],[2.42822,44.65931],[2.42837,44.66147],[2.42945,44.66382],[2.4302,44.66464],[2.43145,44.6621],[2.43145,44.66143],[2.43308,44.65867],[2.43607,44.65913],[2.43685,44.66012],[2.44136,44.66164],[2.44245,44.66373],[2.44763,44.66224],[2.44993,44.66306],[2.45126,44.66214],[2.45556,44.661],[2.45608,44.66208],[2.45882,44.66172],[2.4583,44.66106],[2.45909,44.66004],[2.45895,44.65909],[2.46155,44.65718],[2.46338,44.65691],[2.46501,44.65573],[2.46657,44.65536],[2.46763,44.65406],[2.46757,44.65309],[2.46926,44.65247],[2.47046,44.65342],[2.47146,44.65651],[2.47295,44.65668],[2.47274,44.65478],[2.47205,44.65386],[2.47217,44.65219],[2.47099,44.65169],[2.46893,44.64964],[2.46907,44.64794],[2.46868,44.6453],[2.46916,44.64439],[2.46773,44.64286],[2.46541,44.64399],[2.46224,44.64506],[2.45616,44.64606],[2.45476,44.64702],[2.45149,44.64844],[2.44849,44.64872],[2.4459,44.64805],[2.44463,44.64664],[2.44488,44.64476],[2.4444,44.64388],[2.44213,44.64248],[2.43843,44.64088],[2.43568,44.63907],[2.43363,44.63896],[2.42997,44.64045],[2.42834,44.64306],[2.42671,44.6439],[2.42361,44.64433],[2.42111,44.6439],[2.41941,44.64328],[2.4166,44.6428],[2.4141,44.64342],[2.40975,44.64587],[2.40663,44.64715],[2.40538,44.64728],[2.40379,44.64732],[2.40047,44.64548],[2.39869,44.64565],[2.39754,44.64638]]]}},{"type":"Feature","id":"fr-commune-15261","properties":{"id":"fr-commune-15261","name":"Le Vigean","kind":"commune","center":[2.3634,45.2169],"code":"15261","department":"15"},"bbox":[2.31751,45.176,2.40951,45.2576],"geometry":{"type":"Polygon","coordinates":[[[2.31826,45.24598],[2.31808,45.24676],[2.31942,45.24748],[2.31929,45.24865],[2.32082,45.24923],[2.31936,45.25095],[2.32142,45.25161],[2.3233,45.25039],[2.32515,45.25071],[2.32626,45.25006],[2.3299,45.25052],[2.33382,45.25035],[2.33605,45.25275],[2.33546,45.25396],[2.33719,45.25383],[2.33922,45.25257],[2.33897,45.25109],[2.34012,45.25073],[2.34279,45.25208],[2.34138,45.25277],[2.34012,45.25253],[2.33992,45.25383],[2.33871,45.25397],[2.33884,45.25527],[2.34218,45.25505],[2.34259,45.25368],[2.34451,45.25284],[2.34585,45.25073],[2.34553,45.24869],[2.34446,45.24831],[2.34497,45.24721],[2.34851,45.24458],[2.34672,45.24406],[2.34848,45.24074],[2.34985,45.24373],[2.35272,45.24559],[2.35508,45.24438],[2.35546,45.24145],[2.35769,45.23893],[2.35928,45.23925],[2.35858,45.24096],[2.36106,45.24145],[2.36087,45.2424],[2.35836,45.24266],[2.35864,45.24514],[2.35947,45.24644],[2.36132,45.24635],[2.36202,45.24581],[2.36399,45.24622],[2.36386,45.24712],[2.36527,45.24779],[2.36546,45.24928],[2.36979,45.25054],[2.37119,45.25167],[2.37189,45.24982],[2.37418,45.25059],[2.37297,45.2514],[2.37304,45.25216],[2.37437,45.25275],[2.37431,45.25396],[2.3761,45.25445],[2.37578,45.25252],[2.37437,45.25207],[2.37456,45.25104],[2.37628,45.25068],[2.37488,45.24883],[2.37514,45.24838],[2.37939,45.24923],[2.3818,45.24712],[2.38323,45.24802],[2.38375,45.24919],[2.38521,45.24847],[2.38655,45.25107],[2.3876,45.25213],[2.38693,45.25346],[2.38732,45.25413],[2.38942,45.25449],[2.39101,45.25409],[2.39349,45.25598],[2.39437,45.2572],[2.39585,45.2576],[2.39639,45.25636],[2.39617,45.25436],[2.39349,45.25305],[2.39203,45.25301],[2.39183,45.25157],[2.38967,45.25067],[2.38916,45.24968],[2.39094,45.24892],[2.39049,45.24824],[2.39348,45.24544],[2.39438,45.24558],[2.39558,45.24445],[2.39577,45.2431],[2.39953,45.24229],[2.40271,45.24247],[2.40338,45.24132],[2.40473,45.24112],[2.40591,45.24017],[2.40594,45.23911],[2.40727,45.23817],[2.40754,45.23693],[2.40932,45.23581],[2.40869,45.23477],[2.40951,45.2341],[2.40843,45.23315],[2.40919,45.23248],[2.40919,45.23104],[2.4076,45.2292],[2.40677,45.2296],[2.40499,45.22893],[2.40365,45.22897],[2.40206,45.22736],[2.40397,45.22668],[2.40282,45.22556],[2.40167,45.22358],[2.40307,45.2229],[2.4032,45.22191],[2.40205,45.22061],[2.40326,45.21836],[2.40287,45.21566],[2.40166,45.21463],[2.4016,45.2131],[2.40045,45.21233],[2.39854,45.2118],[2.39396,45.21121],[2.39233,45.21058],[2.39144,45.2109],[2.3881,45.20933],[2.38429,45.21],[2.38327,45.20883],[2.3846,45.20811],[2.38549,45.20627],[2.38666,45.20563],[2.38512,45.20424],[2.38803,45.20353],[2.38797,45.2015],[2.38746,45.20074],[2.38593,45.20051],[2.38485,45.1997],[2.38637,45.19596],[2.38593,45.19448],[2.38395,45.19502],[2.38154,45.19344],[2.37842,45.19385],[2.37651,45.19475],[2.37664,45.19623],[2.37467,45.19556],[2.37428,45.19439],[2.3767,45.19174],[2.37861,45.19142],[2.37766,45.19019],[2.37632,45.19075],[2.37343,45.18875],[2.37244,45.18985],[2.37034,45.18987],[2.37034,45.18846],[2.36977,45.18618],[2.36827,45.18583],[2.3656,45.18617],[2.36347,45.1851],[2.36184,45.18514],[2.35755,45.1829],[2.3567,45.18343],[2.35307,45.18222],[2.35246,45.18137],[2.34983,45.18116],[2.34931,45.1793],[2.34775,45.17848],[2.34708,45.176],[2.34406,45.17616],[2.34149,45.17715],[2.34215,45.17908],[2.34174,45.18016],[2.34289,45.18079],[2.34193,45.18168],[2.33984,45.1809],[2.33938,45.18023],[2.33827,45.18117],[2.33818,45.18245],[2.33994,45.18328],[2.34026,45.18416],[2.33701,45.18586],[2.33792,45.18758],[2.33511,45.18893],[2.33814,45.18932],[2.34451,45.19417],[2.34625,45.19355],[2.34699,45.194],[2.34666,45.19539],[2.34889,45.19638],[2.35445,45.19702],[2.35477,45.19887],[2.35761,45.19813],[2.3578,45.19714],[2.36098,45.19858],[2.36106,45.2],[2.36295,45.20047],[2.36499,45.20299],[2.36493,45.2043],[2.3662,45.20628],[2.37048,45.20659],[2.36999,45.20774],[2.36716,45.20745],[2.36677,45.20826],[2.36868,45.20871],[2.36835,45.20955],[2.37328,45.21239],[2.36964,45.21321],[2.36828,45.21473],[2.36932,45.21563],[2.36843,45.21712],[2.36544,45.2159],[2.36188,45.21568],[2.35953,45.21472],[2.35405,45.2159],[2.35042,45.21811],[2.34871,45.21892],[2.34801,45.22112],[2.34611,45.22195],[2.3423,45.22157],[2.34061,45.22365],[2.33909,45.22441],[2.33789,45.22405],[2.33661,45.22486],[2.33782,45.22612],[2.33537,45.22656],[2.33502,45.22762],[2.33536,45.22902],[2.33236,45.22824],[2.3302,45.22854],[2.33027,45.23036],[2.32967,45.23158],[2.32433,45.23385],[2.32503,45.2374],[2.32544,45.23814],[2.32561,45.24088],[2.32407,45.24303],[2.3221,45.24303],[2.31961,45.24258],[2.31751,45.24307],[2.31847,45.2442],[2.31826,45.24598]]]}},{"type":"Feature","id":"fr-commune-15262","properties":{"id":"fr-commune-15262","name":"Villedieu","kind":"commune","center":[3.05,44.9944],"code":"15262","department":"15"},"bbox":[3.01387,44.96437,3.08753,45.02456],"geometry":{"type":"Polygon","coordinates":[[[3.01387,45.01412],[3.01468,45.01609],[3.01613,45.01684],[3.01613,45.01849],[3.01915,45.02266],[3.02056,45.02354],[3.02267,45.02326],[3.02402,45.02456],[3.02805,45.02383],[3.03517,45.02323],[3.04196,45.02159],[3.04318,45.02089],[3.04635,45.01981],[3.04663,45.02068],[3.04812,45.02179],[3.05003,45.02133],[3.0526,45.02169],[3.05599,45.02045],[3.05481,45.01996],[3.05816,45.01853],[3.05949,45.01876],[3.05979,45.01758],[3.05718,45.01649],[3.05925,45.01534],[3.06077,45.0136],[3.05847,45.01382],[3.05776,45.0122],[3.06099,45.01236],[3.06369,45.01201],[3.06614,45.01269],[3.06706,45.01397],[3.06878,45.01391],[3.07076,45.00979],[3.07357,45.01076],[3.07785,45.0087],[3.07746,45.00758],[3.07851,45.0052],[3.07963,45.00534],[3.08013,45.00426],[3.07734,45.00402],[3.07811,45.00325],[3.07979,45.00344],[3.08093,45.00195],[3.07939,45.00051],[3.08105,45.00041],[3.08174,45.00097],[3.08311,44.99882],[3.08095,44.99865],[3.08077,44.99797],[3.08233,44.99712],[3.0818,44.99518],[3.08256,44.99482],[3.08432,44.99573],[3.08516,44.99526],[3.08311,44.99275],[3.08338,44.98973],[3.08664,44.9867],[3.08692,44.98427],[3.08566,44.98422],[3.08581,44.98184],[3.08356,44.98141],[3.08552,44.97951],[3.08753,44.97835],[3.08646,44.97684],[3.0853,44.97718],[3.08258,44.97723],[3.08136,44.97615],[3.08026,44.97423],[3.07784,44.97316],[3.07741,44.97393],[3.07493,44.97368],[3.07309,44.97302],[3.07155,44.97352],[3.07035,44.97188],[3.07042,44.97063],[3.06916,44.96844],[3.06821,44.96744],[3.06751,44.96437],[3.06492,44.96569],[3.06493,44.96637],[3.063,44.96691],[3.06215,44.96916],[3.06133,44.96984],[3.05867,44.97106],[3.05699,44.97339],[3.05589,44.9734],[3.05462,44.97461],[3.05323,44.97484],[3.05111,44.97758],[3.04907,44.97804],[3.04786,44.97887],[3.04611,44.97884],[3.04533,44.98],[3.04343,44.98027],[3.04348,44.98184],[3.04206,44.98228],[3.04188,44.98339],[3.03932,44.98507],[3.03751,44.98508],[3.0361,44.98594],[3.03514,44.98728],[3.03271,44.98756],[3.03179,44.98891],[3.03015,44.99031],[3.03185,44.9918],[3.03549,44.9934],[3.03632,44.99299],[3.03854,44.99442],[3.03923,44.9958],[3.04097,44.99732],[3.03948,44.99814],[3.03892,44.99928],[3.03624,44.99992],[3.03757,45.00244],[3.03574,45.00375],[3.03662,45.0047],[3.03626,45.00562],[3.03443,45.00497],[3.03293,45.00674],[3.02914,45.00865],[3.02801,45.00983],[3.02789,45.01082],[3.02161,45.01227],[3.02114,45.01155],[3.01841,45.01276],[3.01676,45.01316],[3.01441,45.0131],[3.01387,45.01412]]]}},{"type":"Feature","id":"fr-commune-15263","properties":{"id":"fr-commune-15263","name":"Virargues","kind":"commune","center":[2.9006,45.13],"code":"15263","department":"15"},"bbox":[2.86512,45.11306,2.93616,45.14678],"geometry":{"type":"Polygon","coordinates":[[[2.92735,45.11687],[2.9248,45.11558],[2.9239,45.11662],[2.92196,45.1164],[2.9199,45.11502],[2.91928,45.1157],[2.91745,45.11575],[2.91106,45.11439],[2.9098,45.11516],[2.90802,45.11522],[2.90769,45.11306],[2.9062,45.11356],[2.90648,45.11552],[2.90569,45.11667],[2.90441,45.11645],[2.90372,45.11731],[2.90301,45.12014],[2.90143,45.12176],[2.89904,45.12209],[2.89874,45.12061],[2.89777,45.12065],[2.89583,45.12258],[2.89377,45.12174],[2.89126,45.12198],[2.89112,45.12027],[2.89002,45.12067],[2.88939,45.11932],[2.88832,45.11887],[2.88618,45.11962],[2.88545,45.11835],[2.88279,45.11917],[2.88214,45.11847],[2.88046,45.11917],[2.88027,45.1206],[2.87925,45.12134],[2.87766,45.11951],[2.87929,45.11848],[2.88181,45.11791],[2.88139,45.11568],[2.87898,45.11561],[2.87627,45.11766],[2.871,45.11827],[2.8684,45.11806],[2.86872,45.11896],[2.86747,45.1209],[2.86545,45.12154],[2.86743,45.12355],[2.86851,45.1231],[2.87004,45.12363],[2.86873,45.12588],[2.87101,45.12601],[2.87233,45.12668],[2.87299,45.12577],[2.8744,45.12858],[2.87404,45.12964],[2.87463,45.13193],[2.87629,45.1325],[2.87707,45.1344],[2.87664,45.13555],[2.87398,45.13693],[2.87177,45.13852],[2.86724,45.14448],[2.86512,45.14678],[2.86691,45.14585],[2.87809,45.14312],[2.88064,45.14361],[2.88566,45.14191],[2.88839,45.14131],[2.89112,45.13922],[2.893,45.13882],[2.89299,45.13774],[2.89446,45.1377],[2.89488,45.13661],[2.89812,45.13603],[2.89794,45.13731],[2.89922,45.13856],[2.8994,45.13985],[2.89872,45.14094],[2.89595,45.14177],[2.89648,45.14327],[2.89497,45.14357],[2.89522,45.14582],[2.89886,45.14451],[2.89907,45.14351],[2.90119,45.1439],[2.9021,45.14307],[2.90473,45.14236],[2.90852,45.14063],[2.91019,45.13907],[2.91153,45.13977],[2.91285,45.14122],[2.91463,45.14053],[2.91531,45.14087],[2.91559,45.14247],[2.91847,45.14201],[2.91799,45.13987],[2.92099,45.14143],[2.92194,45.14079],[2.9197,45.13968],[2.92191,45.1367],[2.9198,45.1359],[2.92017,45.13455],[2.91901,45.13361],[2.9188,45.13154],[2.92121,45.13059],[2.92063,45.13],[2.92272,45.12918],[2.92365,45.12738],[2.92702,45.12777],[2.92906,45.12789],[2.93064,45.12752],[2.92877,45.1251],[2.93023,45.12442],[2.93327,45.12368],[2.93563,45.12435],[2.93616,45.12387],[2.93322,45.12302],[2.93385,45.12217],[2.93193,45.12149],[2.93133,45.12081],[2.92913,45.12124],[2.92845,45.12023],[2.92922,45.11968],[2.92735,45.11687]]]}},{"type":"Feature","id":"fr-commune-15264","properties":{"id":"fr-commune-15264","name":"Vitrac","kind":"commune","center":[2.313,44.8075],"code":"15264","department":"15"},"bbox":[2.28021,44.78151,2.34584,44.83346],"geometry":{"type":"Polygon","coordinates":[[[2.29595,44.78155],[2.29526,44.78333],[2.29595,44.78409],[2.29434,44.78584],[2.29611,44.7865],[2.29526,44.78734],[2.29522,44.78921],[2.29665,44.79059],[2.29586,44.79163],[2.29428,44.79235],[2.29365,44.79329],[2.29175,44.7945],[2.29011,44.79806],[2.28859,44.79927],[2.28562,44.79967],[2.28191,44.79885],[2.28021,44.79935],[2.28199,44.80037],[2.28155,44.80164],[2.28318,44.8018],[2.2837,44.80266],[2.2858,44.80434],[2.28709,44.80686],[2.28871,44.80742],[2.287,44.81214],[2.28956,44.8174],[2.29051,44.8207],[2.28832,44.82077],[2.28704,44.82024],[2.28282,44.82347],[2.28324,44.82693],[2.28317,44.82993],[2.28624,44.82939],[2.28933,44.82974],[2.28959,44.83015],[2.29292,44.82879],[2.29469,44.82873],[2.29456,44.83049],[2.29734,44.83066],[2.29878,44.82976],[2.30076,44.82952],[2.30216,44.82712],[2.30565,44.82423],[2.3076,44.82191],[2.30886,44.82177],[2.3103,44.82544],[2.3115,44.82631],[2.31455,44.82675],[2.31688,44.8282],[2.32033,44.82792],[2.32273,44.82685],[2.32421,44.82809],[2.33151,44.83346],[2.33272,44.83328],[2.33391,44.83199],[2.33541,44.83171],[2.33675,44.83063],[2.3373,44.82843],[2.33806,44.828],[2.34258,44.82931],[2.3446,44.82946],[2.34584,44.82778],[2.34577,44.82268],[2.34518,44.82012],[2.34423,44.81982],[2.34364,44.81809],[2.34384,44.81634],[2.34228,44.81609],[2.34062,44.81456],[2.33989,44.81214],[2.34195,44.81],[2.34284,44.80834],[2.34269,44.80681],[2.34202,44.80559],[2.34014,44.8036],[2.34003,44.80268],[2.33782,44.80213],[2.33785,44.80044],[2.34123,44.7982],[2.34136,44.79738],[2.33941,44.79721],[2.33895,44.79633],[2.33728,44.79548],[2.33674,44.79423],[2.3367,44.79258],[2.33536,44.79239],[2.33469,44.79363],[2.33304,44.7942],[2.33234,44.79566],[2.33037,44.79588],[2.32935,44.79494],[2.3265,44.79439],[2.32437,44.79486],[2.32267,44.79412],[2.32022,44.79383],[2.31927,44.79277],[2.31736,44.79304],[2.31557,44.79199],[2.3128,44.7917],[2.31202,44.79104],[2.31055,44.79218],[2.30946,44.7914],[2.30763,44.78923],[2.30762,44.78829],[2.30623,44.78791],[2.30511,44.78838],[2.30399,44.78716],[2.30464,44.78471],[2.30331,44.7834],[2.30162,44.78323],[2.29973,44.78357],[2.29923,44.78227],[2.29736,44.78151],[2.29595,44.78155]]]}},{"type":"Feature","id":"fr-commune-15265","properties":{"id":"fr-commune-15265","name":"Ydes","kind":"commune","center":[2.4521,45.3458],"code":"15265","department":"15"},"bbox":[2.41034,45.32191,2.49395,45.36969],"geometry":{"type":"Polygon","coordinates":[[[2.4802,45.36969],[2.48192,45.36907],[2.48306,45.36685],[2.48501,45.36463],[2.48503,45.36392],[2.48724,45.36289],[2.48713,45.36194],[2.48824,45.36005],[2.48781,45.35908],[2.4893,45.35827],[2.49013,45.35854],[2.49319,45.3566],[2.49226,45.35589],[2.49395,45.35462],[2.4926,45.35386],[2.49349,45.3526],[2.49183,45.35201],[2.49017,45.35233],[2.48915,45.35193],[2.48934,45.3504],[2.4901,45.35004],[2.48946,45.34873],[2.48665,45.34572],[2.48352,45.34564],[2.48142,45.34573],[2.48168,45.34694],[2.47932,45.34731],[2.48006,45.34864],[2.47789,45.34902],[2.47691,45.34837],[2.47434,45.34758],[2.47561,45.34623],[2.47255,45.34493],[2.46809,45.34539],[2.46802,45.3448],[2.47066,45.34437],[2.47273,45.34326],[2.47171,45.34183],[2.46916,45.34039],[2.47,45.33939],[2.46565,45.33896],[2.462,45.3359],[2.46321,45.33478],[2.46494,45.3347],[2.46723,45.33352],[2.46927,45.33342],[2.47086,45.33274],[2.47111,45.32978],[2.46939,45.32964],[2.46747,45.33004],[2.46616,45.33105],[2.46403,45.33041],[2.46339,45.32897],[2.46193,45.32884],[2.46364,45.32502],[2.463,45.3243],[2.46318,45.32276],[2.45998,45.32378],[2.45924,45.32466],[2.45605,45.32242],[2.45464,45.32318],[2.45284,45.32235],[2.44937,45.32191],[2.44957,45.32417],[2.45054,45.32574],[2.44292,45.32728],[2.44213,45.32633],[2.43999,45.32652],[2.43816,45.32501],[2.43519,45.32529],[2.43252,45.32518],[2.43016,45.32356],[2.42863,45.32375],[2.42816,45.32457],[2.42659,45.32483],[2.42334,45.32465],[2.42155,45.32317],[2.42066,45.32407],[2.42073,45.32526],[2.41695,45.32418],[2.41403,45.32201],[2.41341,45.32292],[2.41078,45.32439],[2.41034,45.32997],[2.41251,45.33203],[2.41239,45.33707],[2.41131,45.33892],[2.41098,45.33991],[2.4131,45.33981],[2.41337,45.34072],[2.41459,45.34133],[2.41839,45.34179],[2.41705,45.34382],[2.4184,45.34408],[2.4191,45.34336],[2.42101,45.3444],[2.42191,45.34692],[2.42331,45.34741],[2.42459,45.34642],[2.42649,45.34614],[2.42898,45.34462],[2.43083,45.34484],[2.43246,45.3459],[2.43167,45.34713],[2.43148,45.34952],[2.42973,45.35144],[2.43161,45.35258],[2.43328,45.35527],[2.43468,45.35541],[2.43526,45.35684],[2.43679,45.35765],[2.43829,45.35731],[2.4403,45.35918],[2.4387,45.3603],[2.43984,45.36142],[2.43768,45.36204],[2.43894,45.36364],[2.44124,45.36306],[2.44354,45.36373],[2.44582,45.36324],[2.44694,45.36372],[2.44716,45.36293],[2.45093,45.36101],[2.45365,45.35904],[2.45472,45.35779],[2.45656,45.35741],[2.46186,45.35736],[2.46693,45.35855],[2.46806,45.35802],[2.47011,45.35981],[2.47205,45.35961],[2.47372,45.36026],[2.47238,45.36397],[2.47238,45.3656],[2.47425,45.36682],[2.47578,45.36497],[2.47759,45.36586],[2.47913,45.36801],[2.48064,45.369],[2.4802,45.36969]]]}},{"type":"Feature","id":"fr-commune-15266","properties":{"id":"fr-commune-15266","name":"Yolet","kind":"commune","center":[2.5351,44.9351],"code":"15266","department":"15"},"bbox":[2.50716,44.91171,2.56391,44.95843],"geometry":{"type":"Polygon","coordinates":[[[2.51179,44.9125],[2.5122,44.91473],[2.50912,44.9148],[2.50918,44.91732],[2.50848,44.91931],[2.50716,44.92019],[2.50925,44.92056],[2.51006,44.92328],[2.51166,44.9231],[2.51795,44.92495],[2.51837,44.92573],[2.52324,44.92877],[2.52327,44.93056],[2.52655,44.93214],[2.5292,44.93268],[2.52848,44.93343],[2.52961,44.93427],[2.52889,44.93653],[2.52935,44.93858],[2.5337,44.94211],[2.53329,44.94352],[2.53587,44.9453],[2.53386,44.94654],[2.53307,44.94753],[2.53151,44.9475],[2.53017,44.94666],[2.52948,44.94778],[2.53093,44.94805],[2.52993,44.94995],[2.53044,44.95152],[2.53254,44.95484],[2.53387,44.95588],[2.5341,44.95686],[2.53742,44.9565],[2.53667,44.95825],[2.53825,44.95843],[2.54045,44.95804],[2.54339,44.95739],[2.54496,44.9563],[2.54607,44.95647],[2.54753,44.95808],[2.54946,44.95632],[2.55089,44.95673],[2.55296,44.95829],[2.55595,44.95407],[2.55632,44.95326],[2.55515,44.95228],[2.55332,44.94953],[2.55204,44.94909],[2.5487,44.94657],[2.54467,44.94562],[2.54561,44.94496],[2.5455,44.94385],[2.54454,44.94281],[2.54252,44.94165],[2.54186,44.94016],[2.54049,44.93869],[2.54119,44.93777],[2.54345,44.93729],[2.54356,44.9367],[2.54174,44.93479],[2.54349,44.93416],[2.54587,44.93494],[2.54753,44.9342],[2.54936,44.93277],[2.54787,44.9324],[2.54854,44.93143],[2.55031,44.93033],[2.54836,44.92892],[2.54932,44.92839],[2.55135,44.92873],[2.55258,44.92694],[2.55579,44.92738],[2.55755,44.92547],[2.55913,44.92546],[2.55936,44.92694],[2.56081,44.92662],[2.56239,44.92543],[2.56092,44.92418],[2.56205,44.92163],[2.56304,44.92044],[2.56391,44.91734],[2.56,44.91701],[2.55898,44.91614],[2.55552,44.91465],[2.55376,44.91458],[2.55364,44.91332],[2.54953,44.91491],[2.5469,44.91565],[2.5426,44.91632],[2.5388,44.91543],[2.53486,44.91763],[2.5336,44.91776],[2.53314,44.91546],[2.53229,44.9157],[2.53173,44.91699],[2.52911,44.91664],[2.52732,44.91775],[2.52521,44.91715],[2.524,44.91839],[2.52261,44.91769],[2.52168,44.91632],[2.51993,44.91532],[2.5205,44.9142],[2.51879,44.91413],[2.51724,44.91341],[2.51518,44.91485],[2.51564,44.91296],[2.51307,44.91171],[2.51179,44.9125]]]}},{"type":"Feature","id":"fr-commune-15267","properties":{"id":"fr-commune-15267","name":"Ytrac","kind":"commune","center":[2.3575,44.9125],"code":"15267","department":"15"},"bbox":[2.29701,44.87223,2.41762,44.95292],"geometry":{"type":"Polygon","coordinates":[[[2.29701,44.90934],[2.29762,44.91028],[2.29907,44.90956],[2.30211,44.90947],[2.3041,44.91002],[2.30485,44.91119],[2.30673,44.91248],[2.30481,44.91578],[2.30776,44.91652],[2.30713,44.91732],[2.31218,44.92034],[2.31192,44.92178],[2.31373,44.92261],[2.31407,44.92644],[2.31296,44.9274],[2.31262,44.92958],[2.31518,44.93018],[2.31752,44.92971],[2.32356,44.93171],[2.32533,44.93254],[2.32733,44.93288],[2.33226,44.93454],[2.33474,44.93367],[2.33579,44.93612],[2.33497,44.93663],[2.33636,44.93944],[2.33966,44.94156],[2.34143,44.94088],[2.34314,44.94088],[2.34428,44.94016],[2.34586,44.94102],[2.34675,44.94286],[2.34878,44.94304],[2.3508,44.94187],[2.35385,44.94192],[2.35487,44.94115],[2.35525,44.93954],[2.35681,44.9399],[2.35484,44.94192],[2.35732,44.94285],[2.35782,44.9438],[2.35746,44.94502],[2.36088,44.94385],[2.36228,44.94403],[2.3631,44.94326],[2.36563,44.94268],[2.36455,44.9412],[2.36766,44.9394],[2.37,44.94164],[2.37384,44.94209],[2.37539,44.94173],[2.37569,44.94297],[2.37718,44.9427],[2.37821,44.94345],[2.37408,44.94761],[2.37443,44.9489],[2.37664,44.94804],[2.37767,44.94875],[2.37498,44.95053],[2.37529,44.95094],[2.37824,44.94924],[2.37944,44.94947],[2.37925,44.95167],[2.38096,44.95158],[2.38411,44.95292],[2.38622,44.95077],[2.38544,44.94956],[2.38673,44.94864],[2.38578,44.94726],[2.38759,44.94617],[2.38858,44.94501],[2.38725,44.94394],[2.38736,44.94174],[2.38943,44.94099],[2.39105,44.94101],[2.39172,44.94253],[2.39455,44.9416],[2.39275,44.94081],[2.3936,44.93929],[2.39472,44.94049],[2.39737,44.94034],[2.39815,44.94207],[2.39741,44.94448],[2.40118,44.94483],[2.40123,44.94401],[2.39898,44.94375],[2.39868,44.9428],[2.39946,44.94109],[2.40098,44.94046],[2.40107,44.93953],[2.40448,44.93694],[2.40572,44.9374],[2.41111,44.93776],[2.41762,44.93763],[2.41752,44.9359],[2.41615,44.93533],[2.41592,44.93418],[2.41306,44.9343],[2.40882,44.93481],[2.40768,44.93393],[2.40848,44.9316],[2.40583,44.93008],[2.40531,44.92606],[2.40728,44.9255],[2.40771,44.92469],[2.40422,44.92417],[2.40292,44.92331],[2.3996,44.92273],[2.40164,44.92139],[2.40415,44.91892],[2.40625,44.9176],[2.40683,44.91819],[2.40941,44.917],[2.40868,44.91513],[2.40603,44.91664],[2.40567,44.91534],[2.40485,44.91496],[2.40635,44.91343],[2.40542,44.91246],[2.40111,44.91191],[2.39788,44.91252],[2.39737,44.91126],[2.39824,44.91037],[2.40087,44.91028],[2.40094,44.90839],[2.39857,44.90673],[2.39933,44.9055],[2.39829,44.90384],[2.40205,44.90315],[2.40301,44.90128],[2.40231,44.89883],[2.39689,44.89821],[2.39617,44.89421],[2.39771,44.89324],[2.40497,44.8959],[2.40733,44.89658],[2.40795,44.89581],[2.40974,44.89123],[2.40935,44.88844],[2.40712,44.88398],[2.40859,44.88314],[2.40854,44.88176],[2.40758,44.88157],[2.4094,44.87985],[2.40942,44.8787],[2.40803,44.8774],[2.40644,44.87706],[2.40429,44.87727],[2.39819,44.87685],[2.39524,44.87579],[2.39156,44.87368],[2.38829,44.87427],[2.38635,44.87562],[2.38508,44.87595],[2.38421,44.87473],[2.38472,44.87289],[2.38379,44.8723],[2.38168,44.87223],[2.38096,44.87326],[2.38306,44.87606],[2.38125,44.87806],[2.3763,44.87951],[2.37608,44.88053],[2.37708,44.88269],[2.37918,44.88494],[2.37948,44.88633],[2.37807,44.88917],[2.37795,44.89053],[2.37436,44.89117],[2.37263,44.89174],[2.37257,44.89447],[2.36966,44.89492],[2.36772,44.8949],[2.36689,44.89606],[2.36888,44.897],[2.36838,44.89812],[2.36681,44.89881],[2.36503,44.89807],[2.36292,44.89981],[2.36238,44.89863],[2.36029,44.89863],[2.35821,44.89931],[2.35752,44.89881],[2.3549,44.89917],[2.35231,44.90041],[2.35243,44.9018],[2.35062,44.90306],[2.35277,44.90543],[2.35022,44.90632],[2.34591,44.9083],[2.34469,44.91004],[2.34274,44.91127],[2.33969,44.91182],[2.3394,44.91087],[2.33685,44.91043],[2.33444,44.90968],[2.33097,44.90813],[2.32927,44.90777],[2.32787,44.90638],[2.32573,44.9055],[2.32186,44.90537],[2.31665,44.90617],[2.31648,44.90331],[2.31583,44.90236],[2.31718,44.90165],[2.31648,44.90034],[2.31502,44.89928],[2.31147,44.90003],[2.30921,44.90145],[2.30639,44.90131],[2.30419,44.903],[2.30235,44.90344],[2.29904,44.90512],[2.29858,44.90643],[2.29719,44.90818],[2.29701,44.90934]]]}},{"type":"Feature","id":"fr-commune-15268","properties":{"id":"fr-commune-15268","name":"Le Rouget-Pers","kind":"commune","center":[2.2351,44.884],"code":"15268","department":"15"},"bbox":[2.19362,44.83905,2.27656,44.93057],"geometry":{"type":"Polygon","coordinates":[[[2.20757,44.91801],[2.2086,44.91785],[2.21004,44.91878],[2.21026,44.91992],[2.21285,44.92066],[2.21348,44.92152],[2.21596,44.92298],[2.21393,44.92525],[2.21604,44.92585],[2.21814,44.92598],[2.22135,44.92821],[2.22256,44.9294],[2.22254,44.93048],[2.22374,44.93057],[2.22419,44.92953],[2.22546,44.92845],[2.22634,44.9285],[2.22743,44.92733],[2.22767,44.92585],[2.22918,44.92499],[2.22986,44.92282],[2.2305,44.92265],[2.23022,44.91973],[2.23091,44.91884],[2.23277,44.91926],[2.2358,44.91929],[2.23557,44.92041],[2.23896,44.91971],[2.24074,44.91887],[2.24385,44.91907],[2.24486,44.92024],[2.24723,44.9221],[2.25021,44.9189],[2.25018,44.91813],[2.24881,44.91716],[2.24311,44.91421],[2.24206,44.91243],[2.24347,44.91123],[2.25487,44.90863],[2.25756,44.90787],[2.25856,44.90599],[2.25878,44.9033],[2.26104,44.90267],[2.2653,44.90287],[2.26788,44.90343],[2.27069,44.90529],[2.27553,44.90543],[2.2765,44.90434],[2.27656,44.90266],[2.2747,44.90079],[2.27514,44.89956],[2.27398,44.89867],[2.27248,44.89744],[2.27328,44.89475],[2.27191,44.89423],[2.26822,44.89469],[2.26725,44.89414],[2.26551,44.8956],[2.26424,44.89726],[2.26439,44.8993],[2.26331,44.89988],[2.26261,44.89771],[2.26255,44.89598],[2.26471,44.89594],[2.26504,44.89481],[2.2635,44.89384],[2.26192,44.89191],[2.25838,44.89199],[2.25787,44.8928],[2.25623,44.8933],[2.25514,44.89447],[2.25348,44.89432],[2.25311,44.89545],[2.25122,44.89714],[2.24957,44.89759],[2.25022,44.8988],[2.25173,44.898],[2.2534,44.89992],[2.25455,44.89959],[2.25583,44.90254],[2.25569,44.90376],[2.25049,44.90178],[2.24856,44.90226],[2.24653,44.90089],[2.24425,44.90174],[2.24208,44.90175],[2.23938,44.90135],[2.23859,44.89961],[2.24055,44.89833],[2.24047,44.89595],[2.24113,44.89459],[2.24163,44.89207],[2.24509,44.89227],[2.2463,44.89058],[2.24598,44.88851],[2.2477,44.88618],[2.24653,44.88487],[2.24695,44.88364],[2.24496,44.8833],[2.24376,44.88143],[2.24486,44.8786],[2.24655,44.87889],[2.24918,44.87763],[2.24682,44.8771],[2.24691,44.87592],[2.2447,44.87585],[2.24493,44.87453],[2.24449,44.87241],[2.24632,44.87122],[2.24654,44.86987],[2.24831,44.86968],[2.24956,44.86845],[2.25082,44.86551],[2.25235,44.86521],[2.25375,44.86402],[2.25469,44.8613],[2.25787,44.86047],[2.26039,44.85864],[2.25923,44.858],[2.26029,44.85669],[2.25913,44.85598],[2.25812,44.85624],[2.25665,44.85505],[2.25507,44.85581],[2.2509,44.85538],[2.25081,44.85427],[2.24794,44.85198],[2.2482,44.85098],[2.25086,44.84965],[2.24906,44.84928],[2.24767,44.84839],[2.24634,44.84669],[2.24512,44.84849],[2.24385,44.84915],[2.24281,44.84856],[2.23874,44.84781],[2.23901,44.84591],[2.2365,44.84557],[2.23423,44.8442],[2.23245,44.84612],[2.23169,44.8458],[2.22943,44.84637],[2.22679,44.84577],[2.22784,44.84174],[2.23089,44.84024],[2.22868,44.84024],[2.22688,44.83941],[2.22278,44.83905],[2.22178,44.83954],[2.22184,44.84116],[2.22009,44.84204],[2.21765,44.8448],[2.21691,44.84709],[2.21788,44.84747],[2.21796,44.84867],[2.21935,44.84859],[2.22028,44.84983],[2.22325,44.85012],[2.22506,44.8494],[2.22371,44.85179],[2.22126,44.85401],[2.21943,44.85456],[2.21824,44.85572],[2.21628,44.85531],[2.21309,44.85538],[2.21203,44.85613],[2.21288,44.85791],[2.21264,44.86062],[2.20958,44.86068],[2.20848,44.86133],[2.20989,44.86306],[2.20752,44.86299],[2.20691,44.8648],[2.20487,44.86573],[2.20526,44.86677],[2.20369,44.86729],[2.20279,44.86841],[2.20152,44.86846],[2.20078,44.86703],[2.20211,44.86586],[2.19972,44.86571],[2.19413,44.86703],[2.19362,44.87065],[2.194,44.87186],[2.19366,44.87407],[2.19524,44.87379],[2.19872,44.87621],[2.1987,44.87804],[2.19655,44.87933],[2.19753,44.88227],[2.2022,44.88118],[2.2046,44.88006],[2.20618,44.8811],[2.20721,44.87638],[2.20948,44.87606],[2.21062,44.87674],[2.21145,44.87535],[2.20923,44.87521],[2.21359,44.87381],[2.21506,44.87384],[2.21631,44.87451],[2.21822,44.87715],[2.21822,44.87846],[2.22096,44.87919],[2.22153,44.88022],[2.2215,44.88173],[2.22088,44.8833],[2.22275,44.88431],[2.22084,44.88653],[2.22261,44.88709],[2.22395,44.88858],[2.22482,44.89017],[2.22269,44.89113],[2.2245,44.89559],[2.22224,44.89848],[2.22052,44.89814],[2.21992,44.8996],[2.21869,44.90042],[2.2169,44.90545],[2.21519,44.90576],[2.21471,44.90433],[2.21379,44.90431],[2.21352,44.90626],[2.2138,44.90746],[2.21063,44.90872],[2.21004,44.90866],[2.20988,44.91155],[2.20865,44.91296],[2.2093,44.9135],[2.20845,44.91522],[2.20676,44.91639],[2.20757,44.91801]]]}},{"type":"Feature","id":"fr-commune-15269","properties":{"id":"fr-commune-15269","name":"Besse","kind":"commune","center":[2.3541,45.1021],"code":"15269","department":"15"},"bbox":[2.33992,45.08897,2.36833,45.11494],"geometry":{"type":"Polygon","coordinates":[[[2.36234,45.11455],[2.36611,45.11494],[2.36545,45.11327],[2.36375,45.11218],[2.36417,45.11014],[2.3634,45.10789],[2.36442,45.10734],[2.36489,45.10388],[2.36833,45.10197],[2.36742,45.10102],[2.36699,45.09967],[2.36466,45.09742],[2.36079,45.09617],[2.36042,45.09424],[2.36098,45.09302],[2.35939,45.09132],[2.35746,45.09114],[2.35582,45.09165],[2.35428,45.09056],[2.35076,45.09187],[2.3493,45.09102],[2.34836,45.08982],[2.34629,45.08897],[2.34195,45.09291],[2.34092,45.09256],[2.33992,45.09349],[2.34011,45.09549],[2.34093,45.09898],[2.34226,45.1002],[2.34404,45.10118],[2.34391,45.10218],[2.34493,45.1038],[2.34461,45.105],[2.34671,45.10532],[2.34965,45.1053],[2.34897,45.11041],[2.35016,45.1111],[2.35065,45.11257],[2.35379,45.11289],[2.35444,45.11407],[2.35655,45.11313],[2.35806,45.11303],[2.36211,45.11369],[2.36234,45.11455]]]}}]}
