{"type":"FeatureCollection","bbox":[-0.04188,44.57076,1.44824,45.71476],"license":"ODbL-1.0","licenseUrl":"https://opendatacommons.org/licenses/odbl/1-0/","attribution":"Contours administratifs — data.gouv.fr / IGN et sources des collectivités d’outre-mer","sourceIds":["contours-france-50m"],"features":[{"type":"Feature","id":"fr-commune-24001","properties":{"id":"fr-commune-24001","name":"Abjat-sur-Bandiat","kind":"commune","center":[0.7655,45.5825],"code":"24001","department":"24"},"bbox":[0.72,45.54618,0.81108,45.61884],"geometry":{"type":"Polygon","coordinates":[[[0.7215,45.56232],[0.72246,45.56384],[0.72158,45.5651],[0.72,45.56571],[0.72249,45.56718],[0.72351,45.56691],[0.72661,45.56833],[0.72813,45.56826],[0.72968,45.56922],[0.72975,45.57127],[0.73249,45.57354],[0.73199,45.57565],[0.73393,45.57669],[0.73435,45.57817],[0.73532,45.57937],[0.73788,45.58057],[0.73853,45.58192],[0.73801,45.58287],[0.7364,45.58377],[0.73669,45.5853],[0.73376,45.5876],[0.73155,45.58831],[0.73028,45.59136],[0.72884,45.59255],[0.72746,45.59522],[0.72498,45.59643],[0.72423,45.59822],[0.72577,45.59896],[0.72629,45.60005],[0.72526,45.60298],[0.72612,45.60463],[0.72673,45.60686],[0.72816,45.60756],[0.73053,45.60776],[0.73146,45.60892],[0.73425,45.60948],[0.73581,45.60754],[0.73673,45.60833],[0.73678,45.60961],[0.73839,45.61132],[0.74011,45.61186],[0.74031,45.61396],[0.73962,45.61559],[0.7393,45.61756],[0.73959,45.61884],[0.74413,45.61843],[0.74619,45.61728],[0.74721,45.61625],[0.74964,45.6154],[0.75061,45.61687],[0.75212,45.6177],[0.7532,45.61501],[0.75563,45.61149],[0.75739,45.61057],[0.75833,45.60919],[0.75836,45.60789],[0.75981,45.6066],[0.76215,45.60547],[0.76503,45.60542],[0.76669,45.60598],[0.7673,45.60464],[0.76822,45.60407],[0.7702,45.6018],[0.77051,45.59919],[0.77152,45.59847],[0.77312,45.59633],[0.77415,45.59376],[0.77561,45.59227],[0.77853,45.59099],[0.78055,45.59104],[0.78412,45.59243],[0.78761,45.59257],[0.78932,45.59334],[0.79299,45.5941],[0.79571,45.59531],[0.79954,45.59536],[0.80205,45.59607],[0.80395,45.59607],[0.80693,45.59481],[0.80726,45.59368],[0.806,45.592],[0.8063,45.59008],[0.80582,45.58904],[0.80615,45.58717],[0.80816,45.58331],[0.81049,45.58026],[0.81026,45.57853],[0.81108,45.57591],[0.80615,45.57628],[0.80266,45.57581],[0.79886,45.57399],[0.79642,45.57324],[0.79559,45.57248],[0.79325,45.5719],[0.79038,45.57056],[0.78869,45.57059],[0.78542,45.56986],[0.78064,45.56547],[0.77674,45.56531],[0.7725,45.56231],[0.76998,45.55901],[0.76997,45.55791],[0.76763,45.55499],[0.76542,45.55361],[0.75969,45.55212],[0.75546,45.55047],[0.75231,45.54648],[0.75177,45.54618],[0.75095,45.54718],[0.74905,45.54765],[0.74638,45.54976],[0.74502,45.54946],[0.74196,45.55045],[0.74065,45.55118],[0.73902,45.55284],[0.73767,45.55357],[0.7354,45.55564],[0.73571,45.55642],[0.7341,45.55748],[0.73123,45.5582],[0.7286,45.55949],[0.72657,45.56007],[0.72456,45.56023],[0.72208,45.56223],[0.7215,45.56232]]]}},{"type":"Feature","id":"fr-commune-24002","properties":{"id":"fr-commune-24002","name":"Agonac","kind":"commune","center":[0.7415,45.2785],"code":"24002","department":"24"},"bbox":[0.68565,45.24142,0.79727,45.31537],"geometry":{"type":"Polygon","coordinates":[[[0.74904,45.2419],[0.74602,45.24142],[0.73589,45.2417],[0.73342,45.24328],[0.73515,45.24628],[0.73606,45.24842],[0.73694,45.24953],[0.73639,45.25231],[0.73171,45.25376],[0.7319,45.25545],[0.73109,45.25695],[0.72726,45.25786],[0.72383,45.25723],[0.7217,45.26253],[0.72185,45.2643],[0.72091,45.26614],[0.71874,45.2695],[0.71765,45.27007],[0.71844,45.27281],[0.7166,45.2735],[0.71551,45.27476],[0.71425,45.277],[0.71417,45.27844],[0.71296,45.27999],[0.71022,45.28215],[0.70826,45.2842],[0.70793,45.28542],[0.70838,45.28828],[0.70821,45.29114],[0.7071,45.29327],[0.69952,45.29131],[0.6959,45.29427],[0.69108,45.29513],[0.68855,45.29514],[0.68708,45.2957],[0.68565,45.29698],[0.68792,45.29911],[0.68751,45.30032],[0.69052,45.30092],[0.69209,45.30296],[0.69117,45.30465],[0.6915,45.30556],[0.69519,45.30494],[0.69757,45.30701],[0.70195,45.3077],[0.70341,45.30931],[0.70348,45.31021],[0.70496,45.31236],[0.70636,45.31317],[0.70992,45.31411],[0.71268,45.31159],[0.71513,45.31021],[0.71599,45.30829],[0.71823,45.30658],[0.72085,45.30602],[0.72362,45.30829],[0.72579,45.30945],[0.72698,45.31119],[0.72925,45.31289],[0.73013,45.31537],[0.73177,45.31398],[0.73491,45.30913],[0.73897,45.30615],[0.74094,45.30683],[0.74418,45.30935],[0.74703,45.31047],[0.75047,45.31069],[0.75374,45.30858],[0.75634,45.30795],[0.7595,45.30686],[0.76022,45.30618],[0.76189,45.3072],[0.76266,45.30821],[0.76416,45.30711],[0.76728,45.30598],[0.77115,45.30512],[0.77612,45.30159],[0.77567,45.30058],[0.7745,45.30002],[0.77625,45.29826],[0.77778,45.29563],[0.78211,45.2962],[0.78346,45.2935],[0.78449,45.29297],[0.78863,45.29243],[0.79187,45.29064],[0.78842,45.28691],[0.79239,45.28514],[0.79401,45.28371],[0.79727,45.28271],[0.79554,45.28017],[0.79572,45.27947],[0.79453,45.27719],[0.79328,45.27611],[0.79155,45.27347],[0.79098,45.27211],[0.78939,45.27088],[0.78821,45.26778],[0.78696,45.26695],[0.78206,45.26648],[0.77317,45.25983],[0.77177,45.25791],[0.76742,45.25459],[0.766,45.25451],[0.76426,45.25365],[0.76321,45.25112],[0.76316,45.24978],[0.7613,45.24719],[0.76145,45.24617],[0.7604,45.24442],[0.75707,45.24458],[0.75588,45.24348],[0.75222,45.24223],[0.75125,45.24251],[0.74904,45.2419]]]}},{"type":"Feature","id":"fr-commune-24004","properties":{"id":"fr-commune-24004","name":"Ajat","kind":"commune","center":[1.0289,45.1603],"code":"24004","department":"24"},"bbox":[0.99016,45.13051,1.06769,45.19004],"geometry":{"type":"Polygon","coordinates":[[[1.06695,45.16904],[1.06245,45.16772],[1.064,45.16463],[1.05994,45.16388],[1.05589,45.16172],[1.05405,45.161],[1.0513,45.16042],[1.0505,45.15973],[1.04693,45.15971],[1.04557,45.15929],[1.04539,45.15838],[1.04678,45.1556],[1.04799,45.15218],[1.04886,45.15102],[1.04877,45.14985],[1.04692,45.1475],[1.04417,45.14516],[1.04239,45.14301],[1.04113,45.13995],[1.03989,45.13934],[1.03916,45.13807],[1.03925,45.13511],[1.03874,45.13403],[1.0348,45.13203],[1.03337,45.13158],[1.03187,45.13051],[1.03004,45.13082],[1.02669,45.13184],[1.02345,45.13473],[1.02169,45.13528],[1.01901,45.13508],[1.0184,45.1371],[1.01511,45.13684],[1.01316,45.13628],[1.01063,45.13611],[1.00773,45.13689],[1.00125,45.13753],[0.99943,45.13821],[0.9975,45.13959],[0.99623,45.14141],[0.9958,45.14411],[0.9918,45.14235],[0.99016,45.14203],[0.99178,45.14467],[0.99474,45.14841],[1.00011,45.15043],[1.00121,45.15293],[0.99974,45.15526],[1.00126,45.15613],[0.99953,45.15824],[0.99793,45.15931],[1.00014,45.16138],[1.00059,45.16472],[1.00218,45.16775],[1.00619,45.1736],[1.00539,45.17439],[1.00731,45.17902],[1.0069,45.17942],[1.00752,45.18194],[1.0093,45.18306],[1.00865,45.18474],[1.00952,45.18592],[1.01043,45.18813],[1.01188,45.18785],[1.01242,45.18678],[1.01363,45.18599],[1.01703,45.18493],[1.01855,45.18479],[1.01958,45.18551],[1.02161,45.18482],[1.02357,45.18395],[1.02684,45.18412],[1.0275,45.18494],[1.03061,45.18463],[1.03188,45.18501],[1.03477,45.18438],[1.03603,45.18708],[1.03612,45.18843],[1.03834,45.1889],[1.03896,45.18964],[1.04094,45.19004],[1.04219,45.18775],[1.04215,45.18618],[1.04508,45.18354],[1.04454,45.18272],[1.04584,45.18098],[1.05053,45.18077],[1.05444,45.18427],[1.0543,45.18312],[1.05553,45.18114],[1.05756,45.17867],[1.05717,45.17756],[1.05836,45.17511],[1.06087,45.1744],[1.06371,45.17457],[1.06764,45.17374],[1.06769,45.17143],[1.06695,45.16904]]]}},{"type":"Feature","id":"fr-commune-24005","properties":{"id":"fr-commune-24005","name":"Alles-sur-Dordogne","kind":"commune","center":[0.8724,44.8618],"code":"24005","department":"24"},"bbox":[0.85321,44.84092,0.89164,44.88272],"geometry":{"type":"Polygon","coordinates":[[[0.85344,44.85148],[0.85637,44.85269],[0.85994,44.85526],[0.86313,44.85812],[0.86424,44.85987],[0.86501,44.86305],[0.86425,44.86442],[0.863,44.86561],[0.86206,44.86819],[0.86221,44.87184],[0.86302,44.87221],[0.86307,44.87359],[0.86347,44.87535],[0.86453,44.8776],[0.86584,44.8795],[0.86863,44.88124],[0.87101,44.88196],[0.87451,44.88266],[0.87832,44.88272],[0.88195,44.8823],[0.88722,44.88225],[0.88888,44.88183],[0.89019,44.88053],[0.89104,44.878],[0.89114,44.87479],[0.89053,44.87078],[0.88978,44.86927],[0.88806,44.86696],[0.88747,44.86461],[0.88825,44.8613],[0.88947,44.85839],[0.89046,44.85675],[0.88936,44.85541],[0.89083,44.85312],[0.89164,44.85043],[0.88598,44.85061],[0.8835,44.84842],[0.88331,44.84644],[0.8786,44.84233],[0.87631,44.84092],[0.8717,44.84185],[0.86774,44.84245],[0.86442,44.84325],[0.86127,44.84454],[0.85763,44.84505],[0.85639,44.84495],[0.85531,44.84561],[0.85321,44.84822],[0.85344,44.85148]]]}},{"type":"Feature","id":"fr-commune-24006","properties":{"id":"fr-commune-24006","name":"Allas-les-Mines","kind":"commune","center":[1.0748,44.8276],"code":"24006","department":"24"},"bbox":[1.05333,44.81223,1.09626,44.84292],"geometry":{"type":"Polygon","coordinates":[[[1.05623,44.81223],[1.05532,44.81336],[1.05546,44.81553],[1.05486,44.81683],[1.05696,44.81943],[1.05562,44.82083],[1.05529,44.82214],[1.05333,44.82161],[1.05401,44.82308],[1.05365,44.82365],[1.054,44.826],[1.05633,44.82841],[1.05586,44.82948],[1.05678,44.83093],[1.05677,44.83252],[1.05544,44.83403],[1.05559,44.83565],[1.05508,44.83771],[1.05657,44.83808],[1.05608,44.83912],[1.06173,44.84179],[1.06586,44.83824],[1.06767,44.8371],[1.06985,44.83706],[1.07159,44.83813],[1.07475,44.84131],[1.0765,44.84251],[1.07922,44.84292],[1.08208,44.84278],[1.08492,44.84138],[1.08645,44.83985],[1.08695,44.83709],[1.08814,44.83332],[1.08852,44.83251],[1.09142,44.82919],[1.09516,44.82602],[1.09495,44.8249],[1.09626,44.82261],[1.09585,44.81892],[1.09468,44.81546],[1.09221,44.81473],[1.09103,44.81487],[1.08907,44.81678],[1.08741,44.81613],[1.08509,44.81713],[1.0816,44.81751],[1.07883,44.81727],[1.07703,44.8204],[1.07611,44.82109],[1.07358,44.82211],[1.06966,44.82167],[1.06893,44.82078],[1.06629,44.82013],[1.06366,44.81879],[1.06244,44.81649],[1.06111,44.8151],[1.05791,44.81342],[1.05623,44.81223]]]}},{"type":"Feature","id":"fr-commune-24007","properties":{"id":"fr-commune-24007","name":"Allemans","kind":"commune","center":[0.2951,45.2886],"code":"24007","department":"24"},"bbox":[0.25231,45.26117,0.33789,45.31616],"geometry":{"type":"Polygon","coordinates":[[[0.3258,45.2638],[0.32348,45.26337],[0.32214,45.26204],[0.32072,45.26198],[0.31755,45.2625],[0.31518,45.26239],[0.313,45.2617],[0.31216,45.26194],[0.30834,45.26117],[0.30772,45.26229],[0.30494,45.26307],[0.30195,45.26318],[0.30202,45.26472],[0.29931,45.26701],[0.29971,45.26888],[0.29924,45.27033],[0.29903,45.27512],[0.29837,45.2776],[0.29755,45.27777],[0.29424,45.27734],[0.29423,45.27785],[0.28999,45.27751],[0.28615,45.27746],[0.28514,45.2782],[0.28585,45.28026],[0.28598,45.28312],[0.28536,45.28481],[0.28092,45.28697],[0.27904,45.2874],[0.27299,45.28778],[0.27097,45.28705],[0.27009,45.28723],[0.26651,45.28446],[0.26186,45.28155],[0.25613,45.28559],[0.2563,45.2879],[0.25513,45.28887],[0.25246,45.28958],[0.25231,45.29097],[0.25403,45.29264],[0.25519,45.29278],[0.25764,45.29388],[0.25819,45.2954],[0.26013,45.29491],[0.26437,45.2968],[0.26658,45.29801],[0.26807,45.29726],[0.27109,45.29685],[0.2739,45.29792],[0.2761,45.2982],[0.28255,45.29997],[0.28485,45.301],[0.28607,45.30067],[0.28807,45.30123],[0.28829,45.30049],[0.29501,45.30098],[0.29729,45.30264],[0.29957,45.30247],[0.30183,45.30356],[0.30358,45.30399],[0.30433,45.30495],[0.30519,45.30549],[0.30903,45.30585],[0.31009,45.30724],[0.31139,45.30776],[0.31309,45.31075],[0.31483,45.31087],[0.31599,45.31184],[0.31921,45.31253],[0.32034,45.31391],[0.32011,45.31491],[0.32148,45.31616],[0.3219,45.31489],[0.32382,45.31337],[0.32486,45.31094],[0.32623,45.30995],[0.32857,45.30545],[0.33172,45.30516],[0.33462,45.30278],[0.33469,45.29921],[0.33438,45.29732],[0.33553,45.29593],[0.33639,45.29412],[0.33789,45.29328],[0.33788,45.29235],[0.33676,45.29012],[0.33578,45.29006],[0.33423,45.28789],[0.33363,45.28651],[0.33131,45.28378],[0.33041,45.28218],[0.32944,45.28148],[0.32562,45.27738],[0.32966,45.27629],[0.33029,45.27582],[0.33125,45.27356],[0.33221,45.27228],[0.32816,45.27148],[0.32759,45.27096],[0.3282,45.26924],[0.32583,45.26866],[0.32601,45.26451],[0.3258,45.2638]]]}},{"type":"Feature","id":"fr-commune-24008","properties":{"id":"fr-commune-24008","name":"Angoisse","kind":"commune","center":[1.1528,45.4323],"code":"24008","department":"24"},"bbox":[1.11605,45.39895,1.18988,45.46571],"geometry":{"type":"Polygon","coordinates":[[[1.11696,45.407],[1.11904,45.40882],[1.1217,45.40771],[1.12494,45.40718],[1.12787,45.41045],[1.12807,45.41302],[1.12778,45.41415],[1.13142,45.41586],[1.13194,45.41795],[1.12984,45.41823],[1.12941,45.4193],[1.12787,45.4196],[1.12589,45.42311],[1.12197,45.42298],[1.12149,45.4246],[1.12001,45.42632],[1.11775,45.42618],[1.11721,45.42748],[1.11605,45.42796],[1.11611,45.4295],[1.11763,45.43148],[1.11866,45.43187],[1.12296,45.43217],[1.12372,45.43262],[1.1242,45.43546],[1.12765,45.43759],[1.12805,45.43883],[1.1277,45.44023],[1.12632,45.44056],[1.12289,45.44071],[1.12202,45.44218],[1.12249,45.44342],[1.12354,45.44436],[1.1232,45.44605],[1.12491,45.44735],[1.12557,45.44834],[1.12515,45.44943],[1.12803,45.45282],[1.12839,45.45367],[1.1326,45.45361],[1.13399,45.45317],[1.1363,45.45317],[1.13826,45.45404],[1.14057,45.45371],[1.14266,45.45423],[1.1453,45.45262],[1.14582,45.45149],[1.14908,45.45319],[1.15043,45.45355],[1.15095,45.45551],[1.14955,45.45607],[1.14699,45.45826],[1.14519,45.46041],[1.14575,45.46112],[1.14783,45.46218],[1.14885,45.46471],[1.14954,45.46516],[1.15309,45.46506],[1.15434,45.46571],[1.15634,45.46479],[1.15698,45.46336],[1.1552,45.4612],[1.15681,45.45884],[1.15632,45.45798],[1.15928,45.4571],[1.1593,45.45466],[1.16103,45.45494],[1.16097,45.45293],[1.16252,45.45329],[1.16403,45.45265],[1.16282,45.45168],[1.16472,45.45038],[1.16601,45.45078],[1.16882,45.45072],[1.16995,45.45035],[1.17185,45.45094],[1.17551,45.45158],[1.17729,45.45279],[1.18111,45.45082],[1.17931,45.44652],[1.17881,45.44385],[1.17888,45.44203],[1.18064,45.43897],[1.18324,45.43818],[1.18373,45.43724],[1.1863,45.43729],[1.18787,45.43661],[1.18988,45.43486],[1.18653,45.43286],[1.18531,45.43007],[1.1836,45.42749],[1.1829,45.42694],[1.17769,45.4243],[1.17322,45.42235],[1.17304,45.42021],[1.17232,45.41795],[1.1707,45.41579],[1.17204,45.41432],[1.17254,45.41276],[1.17242,45.41148],[1.17084,45.41082],[1.1696,45.40961],[1.16886,45.40819],[1.1659,45.40724],[1.16407,45.40613],[1.16185,45.40802],[1.15978,45.40605],[1.15787,45.40675],[1.1554,45.40671],[1.1543,45.40607],[1.15327,45.40467],[1.14718,45.40283],[1.14356,45.4019],[1.14206,45.4008],[1.14077,45.40108],[1.13553,45.39979],[1.13124,45.39895],[1.12597,45.4019],[1.12491,45.40331],[1.122,45.4041],[1.12171,45.40581],[1.11966,45.40686],[1.11696,45.407]]]}},{"type":"Feature","id":"fr-commune-24009","properties":{"id":"fr-commune-24009","name":"Anlhiac","kind":"commune","center":[1.1194,45.3241],"code":"24009","department":"24"},"bbox":[1.09223,45.29632,1.14638,45.35193],"geometry":{"type":"Polygon","coordinates":[[[1.12126,45.35074],[1.13018,45.35193],[1.13442,45.35111],[1.14293,45.35132],[1.1399,45.34997],[1.13825,45.34868],[1.1365,45.34611],[1.13428,45.34432],[1.12819,45.34105],[1.12649,45.3396],[1.12791,45.33706],[1.12685,45.33472],[1.12868,45.33248],[1.12867,45.33152],[1.1297,45.3309],[1.1343,45.32974],[1.14116,45.32633],[1.14085,45.32548],[1.14285,45.32385],[1.14503,45.32282],[1.14638,45.3218],[1.14635,45.32099],[1.14213,45.31769],[1.14157,45.31594],[1.14036,45.31492],[1.13948,45.31264],[1.13842,45.31229],[1.13926,45.30988],[1.13871,45.30892],[1.13383,45.3062],[1.13329,45.30542],[1.13371,45.30231],[1.13073,45.30099],[1.12678,45.29716],[1.12439,45.29632],[1.12088,45.29825],[1.11996,45.29816],[1.11281,45.30226],[1.1111,45.30363],[1.10677,45.30525],[1.10473,45.30567],[1.10277,45.30782],[1.1003,45.30878],[1.09841,45.31051],[1.09532,45.31235],[1.09223,45.31289],[1.09535,45.3143],[1.09734,45.31936],[1.10029,45.32172],[1.10062,45.32314],[1.10286,45.32416],[1.10481,45.32557],[1.10631,45.32745],[1.10854,45.33363],[1.10884,45.33487],[1.11057,45.33444],[1.11219,45.33491],[1.11411,45.33474],[1.1145,45.33671],[1.11626,45.33804],[1.11859,45.33741],[1.11973,45.34005],[1.12329,45.34091],[1.12244,45.34195],[1.12253,45.34608],[1.12296,45.34856],[1.12126,45.35074]]]}},{"type":"Feature","id":"fr-commune-24010","properties":{"id":"fr-commune-24010","name":"Annesse-et-Beaulieu","kind":"commune","center":[0.5927,45.1813],"code":"24010","department":"24"},"bbox":[0.56211,45.15088,0.62337,45.21165],"geometry":{"type":"Polygon","coordinates":[[[0.61975,45.20126],[0.61919,45.20021],[0.61986,45.19873],[0.61978,45.1973],[0.62292,45.19638],[0.62337,45.19595],[0.62221,45.19502],[0.62148,45.19358],[0.62157,45.19165],[0.62092,45.18907],[0.61925,45.18592],[0.61905,45.18234],[0.6183,45.18039],[0.61761,45.17947],[0.61411,45.17705],[0.61266,45.17641],[0.61053,45.17636],[0.60888,45.17701],[0.6072,45.17705],[0.60415,45.17533],[0.5991,45.17464],[0.59703,45.17413],[0.59224,45.17171],[0.58961,45.16976],[0.58802,45.16928],[0.58695,45.16799],[0.58758,45.16545],[0.58645,45.16385],[0.58492,45.16339],[0.58502,45.15975],[0.58482,45.15828],[0.58607,45.15603],[0.58465,45.15389],[0.58247,45.15205],[0.57949,45.15096],[0.57844,45.15088],[0.57534,45.15202],[0.57305,45.15186],[0.5722,45.15219],[0.57043,45.15387],[0.57019,45.15552],[0.57052,45.15776],[0.57059,45.16229],[0.56818,45.1648],[0.56481,45.16604],[0.56369,45.16618],[0.56211,45.16824],[0.56617,45.1696],[0.57019,45.17149],[0.57741,45.17244],[0.57796,45.17366],[0.57786,45.17917],[0.57679,45.18048],[0.57673,45.18167],[0.57948,45.18303],[0.58062,45.1845],[0.5806,45.18546],[0.58305,45.18685],[0.58151,45.18819],[0.58091,45.18947],[0.58369,45.18955],[0.58634,45.18916],[0.58795,45.18924],[0.58973,45.18999],[0.59376,45.19117],[0.58881,45.19315],[0.58626,45.19357],[0.58884,45.19553],[0.59212,45.19648],[0.5922,45.19819],[0.59141,45.19903],[0.5918,45.20083],[0.59327,45.20162],[0.59259,45.20543],[0.59638,45.20718],[0.59745,45.20941],[0.60023,45.2105],[0.60442,45.21165],[0.60617,45.20899],[0.60943,45.2096],[0.61303,45.20668],[0.61355,45.20428],[0.61461,45.20217],[0.61665,45.20113],[0.61975,45.20126]]]}},{"type":"Feature","id":"fr-commune-24011","properties":{"id":"fr-commune-24011","name":"Antonne-et-Trigonant","kind":"commune","center":[0.8289,45.2275],"code":"24011","department":"24"},"bbox":[0.79104,45.19445,0.86671,45.26064],"geometry":{"type":"Polygon","coordinates":[[[0.82869,45.25797],[0.83017,45.25609],[0.84055,45.25386],[0.84219,45.25242],[0.8438,45.25271],[0.84492,45.25017],[0.84613,45.24911],[0.84913,45.24733],[0.85512,45.24688],[0.85529,45.24614],[0.85814,45.24156],[0.85671,45.24103],[0.85612,45.23963],[0.85823,45.23743],[0.86176,45.23602],[0.86294,45.23414],[0.86085,45.2328],[0.86014,45.23171],[0.8582,45.23031],[0.86103,45.22806],[0.86367,45.22762],[0.86417,45.2249],[0.86634,45.22171],[0.86671,45.21982],[0.86543,45.21801],[0.86541,45.21643],[0.86459,45.21523],[0.86227,45.2135],[0.8558,45.21271],[0.84991,45.21271],[0.8481,45.21318],[0.84535,45.21499],[0.84381,45.2183],[0.83914,45.21782],[0.83806,45.21737],[0.83811,45.21612],[0.8391,45.21524],[0.84097,45.21474],[0.84128,45.21326],[0.83928,45.21275],[0.83616,45.21042],[0.83521,45.20899],[0.83453,45.20686],[0.83468,45.20362],[0.83684,45.20193],[0.83687,45.20035],[0.83774,45.19933],[0.84008,45.1981],[0.83974,45.1968],[0.83798,45.19725],[0.83715,45.19679],[0.83776,45.19567],[0.83996,45.1952],[0.83894,45.19445],[0.83624,45.19488],[0.83342,45.19601],[0.82649,45.19658],[0.82344,45.1973],[0.82195,45.19824],[0.82067,45.20099],[0.81784,45.2029],[0.81733,45.20554],[0.81649,45.20587],[0.81321,45.20514],[0.81188,45.20532],[0.81396,45.20595],[0.81076,45.20825],[0.81069,45.21106],[0.8111,45.2124],[0.81034,45.21572],[0.81748,45.21799],[0.81906,45.21901],[0.82037,45.22138],[0.81936,45.2223],[0.81687,45.22355],[0.81483,45.22572],[0.81418,45.2286],[0.81442,45.23057],[0.81334,45.23258],[0.81155,45.23424],[0.80734,45.23364],[0.80306,45.23617],[0.80272,45.23706],[0.79898,45.24066],[0.79628,45.24063],[0.79357,45.24009],[0.79104,45.24063],[0.7941,45.24402],[0.79584,45.24462],[0.80228,45.24553],[0.8043,45.24639],[0.808,45.24884],[0.81147,45.25228],[0.81258,45.25373],[0.8148,45.25513],[0.81765,45.25707],[0.81896,45.25877],[0.8216,45.26064],[0.82264,45.2583],[0.82394,45.25689],[0.82686,45.2565],[0.82869,45.25797]]]}},{"type":"Feature","id":"fr-commune-24012","properties":{"id":"fr-commune-24012","name":"Archignac","kind":"commune","center":[1.2922,45.0162],"code":"24012","department":"24"},"bbox":[1.25237,44.98978,1.33213,45.04267],"geometry":{"type":"Polygon","coordinates":[[[1.29691,44.9905],[1.29527,44.99063],[1.29146,44.98978],[1.28931,44.98987],[1.28796,44.99224],[1.28524,44.99293],[1.28351,44.99396],[1.2817,44.99419],[1.27959,44.99525],[1.27561,44.99813],[1.27488,44.9993],[1.26783,45.00245],[1.26699,45.00408],[1.26378,45.00618],[1.26167,45.00585],[1.25823,45.00673],[1.25654,45.00785],[1.25644,45.00847],[1.25465,45.00987],[1.25313,45.01154],[1.25291,45.01278],[1.25443,45.01646],[1.25407,45.01791],[1.25237,45.01995],[1.2531,45.02186],[1.25271,45.02526],[1.25416,45.02719],[1.25326,45.02849],[1.25761,45.03031],[1.25862,45.03036],[1.25982,45.03206],[1.25992,45.03371],[1.26076,45.03477],[1.26267,45.03515],[1.26443,45.03503],[1.26673,45.0381],[1.27047,45.036],[1.27418,45.03455],[1.27563,45.03422],[1.28195,45.03416],[1.28494,45.0347],[1.28708,45.03574],[1.28814,45.03714],[1.29009,45.03798],[1.28937,45.03889],[1.28947,45.04087],[1.29044,45.04267],[1.29314,45.04093],[1.29294,45.03791],[1.295,45.03912],[1.29597,45.03887],[1.29723,45.03712],[1.29813,45.03674],[1.3014,45.03643],[1.30155,45.03223],[1.30361,45.0319],[1.30341,45.03435],[1.30439,45.03514],[1.30559,45.03495],[1.30729,45.03363],[1.30972,45.0352],[1.31084,45.03453],[1.31302,45.03544],[1.31406,45.03366],[1.31628,45.03163],[1.31803,45.02954],[1.31829,45.028],[1.31755,45.02661],[1.31873,45.02612],[1.32099,45.02625],[1.32129,45.02543],[1.32313,45.02408],[1.3247,45.02379],[1.32723,45.02268],[1.32916,45.02138],[1.33002,45.019],[1.32952,45.01757],[1.32986,45.0146],[1.33037,45.01284],[1.32994,45.01117],[1.33213,45.01027],[1.32932,45.0084],[1.32861,45.00742],[1.32823,45.00412],[1.32423,45.00344],[1.32395,45.00264],[1.32446,45.00105],[1.31742,45.00148],[1.31588,45.00023],[1.31464,44.99855],[1.31354,44.99839],[1.3123,44.99739],[1.3115,44.99572],[1.31033,44.99491],[1.30736,44.9949],[1.30554,44.9943],[1.30197,44.99239],[1.29996,44.99187],[1.29691,44.9905]]]}},{"type":"Feature","id":"fr-commune-24014","properties":{"id":"fr-commune-24014","name":"Aubas","kind":"commune","center":[1.1992,45.0804],"code":"24014","department":"24"},"bbox":[1.15802,45.05259,1.24044,45.10824],"geometry":{"type":"Polygon","coordinates":[[[1.16417,45.09125],[1.16308,45.09206],[1.15802,45.09493],[1.15864,45.09638],[1.16019,45.09754],[1.16097,45.09937],[1.16003,45.1009],[1.16171,45.10115],[1.16158,45.10261],[1.16384,45.10277],[1.16623,45.10371],[1.16724,45.10472],[1.17112,45.10776],[1.1731,45.10824],[1.17487,45.1068],[1.17715,45.10696],[1.17548,45.10493],[1.17722,45.10335],[1.1787,45.10282],[1.17907,45.10031],[1.17881,45.09778],[1.18039,45.0975],[1.1787,45.09583],[1.18133,45.09427],[1.18115,45.09251],[1.18305,45.09163],[1.18641,45.09205],[1.18795,45.09174],[1.18905,45.09364],[1.19089,45.09532],[1.19412,45.09648],[1.19613,45.09622],[1.20074,45.09461],[1.20289,45.09441],[1.20582,45.0936],[1.20983,45.09104],[1.21203,45.09006],[1.21338,45.08988],[1.21569,45.09042],[1.21731,45.09013],[1.21803,45.08785],[1.21884,45.08772],[1.22499,45.08786],[1.22803,45.08571],[1.23059,45.08518],[1.23348,45.08394],[1.23594,45.08134],[1.23587,45.08026],[1.23405,45.07606],[1.23678,45.07506],[1.23846,45.075],[1.24044,45.07301],[1.23909,45.07145],[1.23641,45.07065],[1.23511,45.0713],[1.23353,45.0708],[1.23143,45.07157],[1.22871,45.07206],[1.22305,45.07177],[1.22201,45.06884],[1.22264,45.06698],[1.22453,45.06764],[1.22465,45.06652],[1.2207,45.0659],[1.21777,45.06509],[1.21762,45.06446],[1.21813,45.06076],[1.2171,45.05851],[1.21403,45.05729],[1.21243,45.05605],[1.21094,45.05399],[1.20939,45.05259],[1.2054,45.05415],[1.20178,45.05631],[1.19949,45.05799],[1.19631,45.05977],[1.19163,45.06167],[1.18637,45.06214],[1.18382,45.06281],[1.17688,45.06414],[1.17661,45.06472],[1.1777,45.06692],[1.17559,45.0684],[1.17335,45.06771],[1.17147,45.06846],[1.1735,45.07101],[1.17932,45.07245],[1.18196,45.07293],[1.18479,45.07389],[1.1833,45.07549],[1.18241,45.07512],[1.18112,45.07649],[1.18059,45.07909],[1.18069,45.08172],[1.17937,45.08288],[1.17805,45.0834],[1.17749,45.08589],[1.17605,45.08559],[1.17379,45.08628],[1.17195,45.08551],[1.17094,45.08602],[1.16747,45.08895],[1.16417,45.09125]]]}},{"type":"Feature","id":"fr-commune-24015","properties":{"id":"fr-commune-24015","name":"Audrix","kind":"commune","center":[0.9497,44.8841],"code":"24015","department":"24"},"bbox":[0.92225,44.86831,0.97713,44.90083],"geometry":{"type":"Polygon","coordinates":[[[0.94147,44.89424],[0.94401,44.89282],[0.94495,44.89142],[0.94702,44.88998],[0.94917,44.88959],[0.95106,44.88869],[0.95564,44.88798],[0.95967,44.88619],[0.96039,44.88543],[0.96293,44.88393],[0.9634,44.8832],[0.96586,44.88165],[0.96847,44.8816],[0.9717,44.88057],[0.97265,44.88059],[0.97302,44.87918],[0.97511,44.87685],[0.97713,44.87527],[0.9756,44.87418],[0.97198,44.87493],[0.97048,44.87471],[0.96804,44.87352],[0.96634,44.87215],[0.96305,44.87134],[0.96227,44.87151],[0.95859,44.87052],[0.95708,44.86966],[0.9568,44.86831],[0.95374,44.86959],[0.94955,44.86899],[0.94818,44.86921],[0.9458,44.87074],[0.94298,44.87138],[0.93949,44.87322],[0.94,44.87451],[0.93834,44.87574],[0.94112,44.87753],[0.94141,44.87899],[0.94302,44.8802],[0.94454,44.8808],[0.94381,44.88224],[0.94149,44.88288],[0.93892,44.884],[0.93702,44.88554],[0.93355,44.8854],[0.9325,44.88412],[0.9329,44.88212],[0.93031,44.88166],[0.92934,44.88284],[0.92811,44.88312],[0.92793,44.88446],[0.92879,44.88682],[0.92639,44.88606],[0.92458,44.88713],[0.92477,44.88874],[0.92391,44.88921],[0.92225,44.88905],[0.92396,44.89134],[0.92601,44.89083],[0.92622,44.8919],[0.92525,44.89255],[0.92515,44.89501],[0.92605,44.89793],[0.92726,44.8991],[0.93372,44.89843],[0.93428,44.90083],[0.936,44.89964],[0.93703,44.89963],[0.93907,44.89748],[0.94081,44.8962],[0.94032,44.89479],[0.94147,44.89424]]]}},{"type":"Feature","id":"fr-commune-24016","properties":{"id":"fr-commune-24016","name":"Augignac","kind":"commune","center":[0.7031,45.5832],"code":"24016","department":"24"},"bbox":[0.66779,45.55401,0.73853,45.61235],"geometry":{"type":"Polygon","coordinates":[[[0.73053,45.60776],[0.72816,45.60756],[0.72673,45.60686],[0.72612,45.60463],[0.72526,45.60298],[0.72629,45.60005],[0.72577,45.59896],[0.72423,45.59822],[0.72498,45.59643],[0.72746,45.59522],[0.72884,45.59255],[0.73028,45.59136],[0.73155,45.58831],[0.73376,45.5876],[0.73669,45.5853],[0.7364,45.58377],[0.73801,45.58287],[0.73853,45.58192],[0.73788,45.58057],[0.73532,45.57937],[0.73435,45.57817],[0.73393,45.57669],[0.73199,45.57565],[0.73249,45.57354],[0.72975,45.57127],[0.72968,45.56922],[0.72813,45.56826],[0.72661,45.56833],[0.72351,45.56691],[0.72249,45.56718],[0.72,45.56571],[0.72158,45.5651],[0.72246,45.56384],[0.7215,45.56232],[0.72057,45.56184],[0.72045,45.56044],[0.71917,45.56048],[0.71757,45.56323],[0.71478,45.56192],[0.71402,45.56086],[0.71014,45.56389],[0.70849,45.56411],[0.70699,45.56057],[0.70542,45.55884],[0.70265,45.56018],[0.70146,45.56041],[0.69721,45.55823],[0.69282,45.55717],[0.69023,45.55452],[0.68958,45.55401],[0.68631,45.55412],[0.68327,45.55522],[0.68071,45.55681],[0.67861,45.55634],[0.67818,45.55851],[0.67873,45.56085],[0.67776,45.5628],[0.67791,45.56606],[0.67514,45.5661],[0.67343,45.56699],[0.67061,45.56691],[0.6691,45.57015],[0.66779,45.57377],[0.66924,45.57464],[0.67048,45.57609],[0.67107,45.57746],[0.67086,45.57858],[0.67281,45.58099],[0.6752,45.58211],[0.67631,45.58339],[0.67633,45.5852],[0.67724,45.58631],[0.67733,45.5874],[0.67892,45.59018],[0.67654,45.59059],[0.68002,45.59457],[0.67784,45.59537],[0.67785,45.59732],[0.67706,45.59831],[0.67783,45.59891],[0.67979,45.59872],[0.68288,45.6001],[0.68413,45.60214],[0.68416,45.60575],[0.68516,45.60666],[0.68711,45.60757],[0.68925,45.60644],[0.69031,45.60651],[0.69114,45.60842],[0.69242,45.60954],[0.69484,45.61072],[0.69612,45.61193],[0.69721,45.6114],[0.69926,45.61206],[0.70272,45.61174],[0.70441,45.61235],[0.70749,45.61195],[0.70935,45.61085],[0.71128,45.61047],[0.71359,45.61081],[0.71511,45.61144],[0.72048,45.61177],[0.7237,45.61159],[0.72649,45.61053],[0.72839,45.60891],[0.73053,45.60776]]]}},{"type":"Feature","id":"fr-commune-24018","properties":{"id":"fr-commune-24018","name":"Auriac-du-Périgord","kind":"commune","center":[1.1286,45.1116],"code":"24018","department":"24"},"bbox":[1.08956,45.0881,1.16724,45.13518],"geometry":{"type":"Polygon","coordinates":[[[1.16724,45.10472],[1.16623,45.10371],[1.16384,45.10277],[1.16158,45.10261],[1.16171,45.10115],[1.16003,45.1009],[1.16097,45.09937],[1.16019,45.09754],[1.15864,45.09638],[1.15802,45.09493],[1.16308,45.09206],[1.16417,45.09125],[1.16331,45.09024],[1.16052,45.0881],[1.15689,45.09101],[1.15706,45.08857],[1.15491,45.08855],[1.15479,45.08946],[1.15245,45.08953],[1.15052,45.09133],[1.1478,45.09239],[1.14472,45.09311],[1.14273,45.09263],[1.13903,45.09819],[1.1363,45.0996],[1.13222,45.0982],[1.12773,45.09862],[1.12386,45.09974],[1.12256,45.09964],[1.12056,45.09855],[1.11643,45.0976],[1.11222,45.09746],[1.1104,45.09669],[1.10603,45.09555],[1.1057,45.09547],[1.10319,45.09574],[1.09973,45.09657],[1.09672,45.09809],[1.0945,45.10044],[1.09109,45.10137],[1.08956,45.10239],[1.09109,45.10298],[1.09242,45.10422],[1.09179,45.10558],[1.09331,45.10555],[1.09478,45.10659],[1.09558,45.10784],[1.09819,45.10758],[1.09998,45.11075],[1.10069,45.11207],[1.10324,45.11234],[1.10321,45.11489],[1.10463,45.11678],[1.10555,45.11731],[1.10702,45.11666],[1.10892,45.11681],[1.10967,45.11599],[1.11145,45.11687],[1.1101,45.11845],[1.10674,45.11843],[1.10533,45.1189],[1.10541,45.11972],[1.10319,45.12098],[1.10378,45.12202],[1.1027,45.12278],[1.10118,45.12301],[1.10036,45.12212],[1.09889,45.1223],[1.09658,45.12141],[1.09391,45.12157],[1.0918,45.12099],[1.09266,45.12343],[1.08964,45.12307],[1.09047,45.12522],[1.09075,45.12739],[1.09483,45.12866],[1.0954,45.12947],[1.09788,45.13001],[1.09781,45.13178],[1.10122,45.13187],[1.10547,45.13371],[1.11339,45.1334],[1.11592,45.13287],[1.11762,45.13299],[1.12105,45.13233],[1.12226,45.13325],[1.12613,45.13393],[1.1286,45.13386],[1.13201,45.13477],[1.13521,45.13518],[1.13969,45.13308],[1.13858,45.13158],[1.13899,45.13023],[1.13846,45.12891],[1.13982,45.12887],[1.14211,45.12721],[1.14795,45.12561],[1.14996,45.12439],[1.15001,45.12202],[1.14967,45.11891],[1.14995,45.11694],[1.15114,45.11626],[1.15356,45.11363],[1.15449,45.11196],[1.15598,45.10788],[1.15826,45.10785],[1.15959,45.10833],[1.16171,45.10843],[1.16271,45.10734],[1.16724,45.10472]]]}},{"type":"Feature","id":"fr-commune-24019","properties":{"id":"fr-commune-24019","name":"Azerat","kind":"commune","center":[1.1008,45.1585],"code":"24019","department":"24"},"bbox":[1.06245,45.13178,1.13905,45.18521],"geometry":{"type":"Polygon","coordinates":[[[1.064,45.16463],[1.06245,45.16772],[1.06695,45.16904],[1.07215,45.17057],[1.07319,45.17189],[1.07287,45.17253],[1.07538,45.17721],[1.07632,45.17682],[1.07895,45.17731],[1.08083,45.17664],[1.08168,45.17755],[1.08075,45.17937],[1.08281,45.18212],[1.08302,45.18298],[1.08493,45.18221],[1.0884,45.18181],[1.09046,45.18249],[1.09549,45.18456],[1.09545,45.18497],[1.10003,45.18521],[1.10122,45.18232],[1.10619,45.1813],[1.10616,45.18049],[1.10838,45.18055],[1.10794,45.17893],[1.109,45.17805],[1.11139,45.17715],[1.11269,45.17756],[1.11438,45.17693],[1.11651,45.17804],[1.11855,45.1797],[1.11979,45.18006],[1.12131,45.18135],[1.12378,45.18237],[1.12676,45.18213],[1.1281,45.18155],[1.1271,45.18051],[1.12722,45.17948],[1.1282,45.17886],[1.12822,45.17651],[1.12746,45.17455],[1.13037,45.17217],[1.13144,45.17047],[1.13083,45.16997],[1.13306,45.16749],[1.13471,45.16674],[1.13332,45.16525],[1.13501,45.16338],[1.13543,45.16102],[1.13621,45.15901],[1.13422,45.15779],[1.13355,45.15652],[1.13475,45.15508],[1.13764,45.15302],[1.13905,45.15239],[1.13588,45.15211],[1.13715,45.15115],[1.13681,45.15017],[1.1343,45.14975],[1.1333,45.14713],[1.13096,45.14584],[1.13105,45.14503],[1.12988,45.14436],[1.12933,45.14172],[1.13064,45.13954],[1.13229,45.13941],[1.13151,45.13707],[1.13038,45.13552],[1.12721,45.13456],[1.12613,45.13393],[1.12226,45.13325],[1.12105,45.13233],[1.11762,45.13299],[1.11592,45.13287],[1.11339,45.1334],[1.10547,45.13371],[1.10122,45.13187],[1.09781,45.13178],[1.09712,45.13201],[1.09301,45.13617],[1.09508,45.13727],[1.09545,45.13893],[1.09463,45.14125],[1.09551,45.14346],[1.09711,45.14564],[1.1002,45.14695],[1.09992,45.14803],[1.09761,45.1492],[1.09206,45.14812],[1.09056,45.14756],[1.08981,45.14973],[1.08845,45.15214],[1.08635,45.15371],[1.08294,45.15836],[1.08195,45.15728],[1.08137,45.1556],[1.07909,45.15638],[1.08043,45.15982],[1.07902,45.16057],[1.07789,45.16174],[1.07426,45.16145],[1.07064,45.16308],[1.06863,45.16366],[1.06504,45.1636],[1.064,45.16463]]]}},{"type":"Feature","id":"fr-commune-24020","properties":{"id":"fr-commune-24020","name":"La Bachellerie","kind":"commune","center":[1.1612,45.1313],"code":"24020","department":"24"},"bbox":[1.12613,45.10472,1.19618,45.15784],"geometry":{"type":"Polygon","coordinates":[[[1.19562,45.13658],[1.19362,45.1355],[1.19459,45.13489],[1.19419,45.13302],[1.19281,45.13098],[1.19327,45.12941],[1.1909,45.12912],[1.18942,45.12814],[1.18651,45.12676],[1.18356,45.12584],[1.18256,45.12436],[1.18091,45.12369],[1.17619,45.12398],[1.17632,45.12296],[1.18007,45.12211],[1.17949,45.12034],[1.18089,45.11819],[1.18227,45.11772],[1.18245,45.11456],[1.18092,45.11327],[1.18083,45.11254],[1.17901,45.11142],[1.17524,45.11001],[1.1731,45.10824],[1.17112,45.10776],[1.16724,45.10472],[1.16271,45.10734],[1.16171,45.10843],[1.15959,45.10833],[1.15826,45.10785],[1.15598,45.10788],[1.15449,45.11196],[1.15356,45.11363],[1.15114,45.11626],[1.14995,45.11694],[1.14967,45.11891],[1.15001,45.12202],[1.14996,45.12439],[1.14795,45.12561],[1.14211,45.12721],[1.13982,45.12887],[1.13846,45.12891],[1.13899,45.13023],[1.13858,45.13158],[1.13969,45.13308],[1.13521,45.13518],[1.13201,45.13477],[1.1286,45.13386],[1.12613,45.13393],[1.12721,45.13456],[1.13038,45.13552],[1.13151,45.13707],[1.13229,45.13941],[1.13064,45.13954],[1.12933,45.14172],[1.12988,45.14436],[1.13105,45.14503],[1.13096,45.14584],[1.1333,45.14713],[1.1343,45.14975],[1.13681,45.15017],[1.13715,45.15115],[1.13588,45.15211],[1.13905,45.15239],[1.14042,45.15206],[1.14209,45.15245],[1.14454,45.15391],[1.14819,45.15382],[1.15306,45.15258],[1.15614,45.15201],[1.16122,45.15035],[1.16055,45.1531],[1.16179,45.15342],[1.16302,45.15203],[1.16458,45.15288],[1.1647,45.15376],[1.16772,45.15257],[1.16924,45.15327],[1.17123,45.15535],[1.17353,45.15626],[1.17415,45.15769],[1.17581,45.15784],[1.17861,45.15737],[1.17807,45.1565],[1.18061,45.15506],[1.18185,45.15318],[1.18284,45.15252],[1.18156,45.15162],[1.17978,45.14735],[1.1928,45.14252],[1.1946,45.14164],[1.1941,45.13902],[1.19618,45.13701],[1.19562,45.13658]]]}},{"type":"Feature","id":"fr-commune-24021","properties":{"id":"fr-commune-24021","name":"Badefols-d'Ans","kind":"commune","center":[1.2047,45.2306],"code":"24021","department":"24"},"bbox":[1.17333,45.20288,1.23614,45.25837],"geometry":{"type":"Polygon","coordinates":[[[1.18586,45.25759],[1.18782,45.25723],[1.19079,45.25837],[1.19263,45.25732],[1.1993,45.25461],[1.20308,45.25345],[1.20613,45.253],[1.20716,45.25224],[1.21,45.25129],[1.21219,45.25021],[1.21583,45.24726],[1.21725,45.24537],[1.22119,45.24286],[1.22249,45.24252],[1.22826,45.24283],[1.23043,45.24227],[1.23339,45.24072],[1.23391,45.23983],[1.2356,45.23983],[1.23614,45.23609],[1.23212,45.23578],[1.23106,45.2345],[1.23117,45.23142],[1.23212,45.22892],[1.2327,45.22587],[1.23192,45.22377],[1.2335,45.22225],[1.23369,45.22017],[1.23274,45.21831],[1.23185,45.2154],[1.23106,45.21455],[1.23054,45.21488],[1.22675,45.21512],[1.22581,45.21575],[1.22114,45.21703],[1.22031,45.21465],[1.22018,45.21267],[1.21926,45.21022],[1.21907,45.20669],[1.21565,45.2067],[1.21374,45.20738],[1.21189,45.20698],[1.20848,45.20724],[1.20672,45.20502],[1.20503,45.20559],[1.19957,45.20695],[1.19349,45.20466],[1.19121,45.20288],[1.18884,45.20532],[1.18785,45.20556],[1.18531,45.20859],[1.18521,45.21007],[1.18392,45.21341],[1.18133,45.21399],[1.17873,45.2155],[1.18197,45.21953],[1.18127,45.22093],[1.17862,45.22272],[1.17665,45.22542],[1.17467,45.22711],[1.1757,45.22906],[1.17806,45.23029],[1.17775,45.23104],[1.17534,45.23229],[1.17333,45.23474],[1.17366,45.23628],[1.17612,45.23678],[1.17739,45.23874],[1.17912,45.23817],[1.18079,45.23836],[1.18014,45.2402],[1.18198,45.24094],[1.186,45.24437],[1.18793,45.24733],[1.18929,45.24885],[1.18952,45.25019],[1.19027,45.25074],[1.18858,45.25216],[1.18642,45.25507],[1.18571,45.25666],[1.18586,45.25759]]]}},{"type":"Feature","id":"fr-commune-24022","properties":{"id":"fr-commune-24022","name":"Badefols-sur-Dordogne","kind":"commune","center":[0.7991,44.8393],"code":"24022","department":"24"},"bbox":[0.77783,44.82423,0.8203,44.85434],"geometry":{"type":"Polygon","coordinates":[[[0.7908,44.84492],[0.79874,44.84904],[0.80268,44.8513],[0.80426,44.85279],[0.80467,44.85434],[0.80745,44.85429],[0.80943,44.85375],[0.81053,44.85198],[0.81081,44.84992],[0.81349,44.8482],[0.81527,44.84823],[0.81664,44.84774],[0.81883,44.84619],[0.82024,44.84612],[0.8203,44.84387],[0.8198,44.84184],[0.81871,44.84128],[0.81695,44.83861],[0.81571,44.83581],[0.81469,44.83073],[0.8091,44.83171],[0.8078,44.83214],[0.80626,44.83163],[0.80483,44.82837],[0.80425,44.8285],[0.80303,44.82531],[0.80331,44.82423],[0.7985,44.82498],[0.79676,44.82502],[0.79484,44.82434],[0.79343,44.82704],[0.78665,44.83062],[0.78352,44.83289],[0.7818,44.83527],[0.7809,44.8372],[0.77924,44.83862],[0.77783,44.84095],[0.78483,44.84265],[0.78751,44.84347],[0.7908,44.84492]]]}},{"type":"Feature","id":"fr-commune-24023","properties":{"id":"fr-commune-24023","name":"Baneuil","kind":"commune","center":[0.6924,44.854],"code":"24023","department":"24"},"bbox":[0.67231,44.83316,0.7125,44.87485],"geometry":{"type":"Polygon","coordinates":[[[0.69761,44.83316],[0.69291,44.83401],[0.68566,44.83512],[0.68063,44.83622],[0.67376,44.83833],[0.67345,44.83911],[0.6737,44.84272],[0.67244,44.84361],[0.67279,44.84649],[0.67387,44.84794],[0.67467,44.85018],[0.6744,44.85184],[0.67368,44.85226],[0.67365,44.85311],[0.67231,44.85512],[0.67438,44.8549],[0.67517,44.85565],[0.67706,44.85571],[0.68028,44.85679],[0.68357,44.85732],[0.68428,44.858],[0.6865,44.8588],[0.68925,44.85932],[0.68856,44.86038],[0.68723,44.86108],[0.68394,44.86376],[0.68688,44.86414],[0.68845,44.86467],[0.68709,44.8662],[0.68804,44.86752],[0.68831,44.86926],[0.68978,44.86941],[0.69022,44.87032],[0.69201,44.87088],[0.69485,44.8711],[0.69636,44.87161],[0.69774,44.87366],[0.69849,44.87392],[0.70011,44.87451],[0.7031,44.87485],[0.70456,44.87368],[0.70586,44.87354],[0.70474,44.87097],[0.70524,44.86838],[0.70751,44.86677],[0.71175,44.86707],[0.71149,44.86424],[0.71182,44.86256],[0.7116,44.85685],[0.71212,44.85594],[0.7125,44.85277],[0.71172,44.84977],[0.70984,44.8498],[0.70902,44.84829],[0.70738,44.84805],[0.70571,44.84582],[0.70478,44.84518],[0.70349,44.84331],[0.70011,44.84407],[0.69886,44.84116],[0.69831,44.83858],[0.69938,44.83749],[0.69814,44.83387],[0.69761,44.83316]]]}},{"type":"Feature","id":"fr-commune-24024","properties":{"id":"fr-commune-24024","name":"Bardou","kind":"commune","center":[0.6849,44.7418],"code":"24024","department":"24"},"bbox":[0.66581,44.72749,0.70394,44.75608],"geometry":{"type":"Polygon","coordinates":[[[0.67905,44.75586],[0.68117,44.75608],[0.68328,44.75547],[0.68578,44.75533],[0.6901,44.75585],[0.69066,44.75382],[0.69059,44.75169],[0.69328,44.75152],[0.69524,44.75109],[0.69664,44.74812],[0.69753,44.74735],[0.69786,44.74594],[0.69746,44.74449],[0.69782,44.74274],[0.69962,44.74164],[0.70055,44.73977],[0.70226,44.73894],[0.70262,44.73786],[0.70164,44.73686],[0.70257,44.73562],[0.70284,44.73334],[0.70394,44.73299],[0.70311,44.73172],[0.69613,44.72937],[0.69396,44.72809],[0.6896,44.72749],[0.68766,44.73047],[0.68543,44.7319],[0.68408,44.73238],[0.68288,44.73349],[0.68079,44.73421],[0.68014,44.73528],[0.67506,44.73716],[0.67282,44.73703],[0.66581,44.73753],[0.66642,44.73975],[0.66658,44.7431],[0.67079,44.7437],[0.67479,44.7432],[0.67626,44.74395],[0.67778,44.74545],[0.67961,44.7478],[0.68187,44.74933],[0.68301,44.75087],[0.68198,44.75241],[0.67905,44.75586]]]}},{"type":"Feature","id":"fr-commune-24025","properties":{"id":"fr-commune-24025","name":"Bars","kind":"commune","center":[1.0492,45.0949],"code":"24025","department":"24"},"bbox":[0.99303,45.07281,1.1057,45.11673],"geometry":{"type":"Polygon","coordinates":[[[1.0234,45.07306],[1.02183,45.07381],[1.02201,45.07474],[1.01848,45.07607],[1.01766,45.07849],[1.01653,45.07855],[1.01144,45.0826],[1.00842,45.0839],[1.00505,45.08618],[1.00439,45.08754],[1.00245,45.09002],[0.99992,45.09088],[0.99801,45.09244],[0.99609,45.09274],[0.99424,45.09231],[0.99303,45.09383],[0.99359,45.09651],[0.99599,45.09805],[0.99901,45.0981],[1.0008,45.09881],[1.00288,45.09867],[1.00668,45.09993],[1.00751,45.0999],[1.00966,45.10162],[1.01113,45.1018],[1.01481,45.10497],[1.01722,45.10665],[1.02167,45.10822],[1.02512,45.10823],[1.02756,45.11093],[1.03299,45.11235],[1.03367,45.11153],[1.03265,45.11044],[1.02974,45.10843],[1.02917,45.10765],[1.03315,45.10746],[1.03464,45.10675],[1.03667,45.10685],[1.03825,45.10621],[1.03994,45.10661],[1.04128,45.10987],[1.04463,45.11269],[1.04593,45.11673],[1.05068,45.11141],[1.05158,45.11089],[1.05791,45.10845],[1.06475,45.10973],[1.06923,45.10979],[1.07731,45.1106],[1.08464,45.10881],[1.08667,45.10971],[1.08622,45.1104],[1.08758,45.11104],[1.08877,45.11315],[1.0894,45.11555],[1.09053,45.11463],[1.09351,45.11387],[1.09366,45.11203],[1.09586,45.11187],[1.09998,45.11075],[1.09819,45.10758],[1.09558,45.10784],[1.09478,45.10659],[1.09331,45.10555],[1.09179,45.10558],[1.09242,45.10422],[1.09109,45.10298],[1.08956,45.10239],[1.09109,45.10137],[1.0945,45.10044],[1.09672,45.09809],[1.09973,45.09657],[1.10319,45.09574],[1.1057,45.09547],[1.1025,45.09251],[1.10006,45.08777],[1.10179,45.08341],[1.09891,45.08275],[1.09563,45.08246],[1.0925,45.0802],[1.08807,45.08153],[1.08668,45.0828],[1.08017,45.08298],[1.07709,45.08461],[1.07388,45.08454],[1.07029,45.08304],[1.06899,45.08122],[1.06709,45.07933],[1.06349,45.0795],[1.06306,45.08075],[1.05976,45.08422],[1.05934,45.08527],[1.058,45.08588],[1.05516,45.08568],[1.05311,45.0861],[1.05156,45.08703],[1.04404,45.08412],[1.03841,45.08307],[1.03701,45.08314],[1.03663,45.08153],[1.03465,45.07922],[1.03406,45.07481],[1.03267,45.07281],[1.02997,45.07293],[1.02461,45.07376],[1.0234,45.07306]]]}},{"type":"Feature","id":"fr-commune-24026","properties":{"id":"fr-commune-24026","name":"Bassillac et Auberoche","kind":"commune","center":[0.88,45.1577],"code":"24026","department":"24"},"bbox":[0.79036,45.08929,0.96962,45.22617],"geometry":{"type":"Polygon","coordinates":[[[0.83996,45.1952],[0.84088,45.19587],[0.84315,45.19648],[0.84475,45.19789],[0.84632,45.1984],[0.84733,45.19927],[0.85163,45.19963],[0.8549,45.20063],[0.85699,45.20202],[0.85959,45.20286],[0.86099,45.20442],[0.86355,45.20652],[0.86649,45.20792],[0.86946,45.21118],[0.87397,45.21328],[0.87633,45.21327],[0.8785,45.21416],[0.88021,45.21444],[0.88438,45.21812],[0.88585,45.21895],[0.88709,45.22037],[0.88855,45.22161],[0.89167,45.22309],[0.8926,45.22406],[0.89566,45.22432],[0.89816,45.22497],[0.90077,45.226],[0.90274,45.22617],[0.90513,45.22462],[0.90778,45.22234],[0.90986,45.22006],[0.9107,45.21751],[0.91368,45.21429],[0.91694,45.21269],[0.91626,45.21124],[0.91732,45.20972],[0.9169,45.20877],[0.91432,45.20753],[0.91445,45.20644],[0.91756,45.2045],[0.91883,45.20413],[0.92233,45.20406],[0.92398,45.20273],[0.92468,45.20144],[0.92576,45.20122],[0.92777,45.19984],[0.92771,45.1979],[0.92965,45.19667],[0.9304,45.19598],[0.92961,45.19483],[0.92983,45.19344],[0.9312,45.19261],[0.93279,45.19023],[0.93296,45.18912],[0.93485,45.18551],[0.93509,45.18173],[0.9357,45.18042],[0.93536,45.17475],[0.9328,45.17438],[0.9314,45.17339],[0.93319,45.17148],[0.93202,45.1699],[0.93334,45.16882],[0.93436,45.16869],[0.93766,45.16919],[0.94011,45.16831],[0.94066,45.16656],[0.94248,45.16377],[0.94251,45.16242],[0.94088,45.15947],[0.94158,45.15674],[0.94344,45.15771],[0.94508,45.15742],[0.94551,45.15578],[0.94891,45.15552],[0.95034,45.15437],[0.95204,45.15214],[0.95227,45.15061],[0.95339,45.14901],[0.9534,45.14793],[0.956,45.14448],[0.95718,45.14413],[0.96043,45.14492],[0.96307,45.14348],[0.9643,45.14317],[0.96525,45.14201],[0.96831,45.13952],[0.96758,45.13834],[0.96506,45.13721],[0.96449,45.13661],[0.9636,45.13388],[0.96152,45.13331],[0.96,45.13207],[0.95472,45.13149],[0.95023,45.12921],[0.94906,45.12817],[0.94854,45.12695],[0.94614,45.12438],[0.94596,45.12381],[0.94884,45.12245],[0.95303,45.12076],[0.95455,45.11986],[0.95929,45.11854],[0.95917,45.11776],[0.96096,45.11457],[0.96043,45.11284],[0.96229,45.11122],[0.96635,45.10711],[0.96481,45.10392],[0.9659,45.10339],[0.96537,45.10218],[0.96498,45.09969],[0.96574,45.09894],[0.96949,45.09719],[0.9679,45.09545],[0.96766,45.09387],[0.96813,45.09248],[0.96962,45.0902],[0.9634,45.09014],[0.96041,45.09086],[0.95892,45.09083],[0.9553,45.0899],[0.95189,45.09033],[0.94873,45.08941],[0.94392,45.08952],[0.94212,45.08929],[0.93872,45.08933],[0.93893,45.09076],[0.93815,45.09312],[0.93914,45.09464],[0.93542,45.09512],[0.93483,45.09601],[0.93039,45.10083],[0.92974,45.10011],[0.92569,45.09853],[0.92427,45.09985],[0.92232,45.09982],[0.92074,45.1007],[0.91953,45.1],[0.91478,45.09896],[0.91106,45.10078],[0.9091,45.10085],[0.91068,45.10278],[0.90903,45.10443],[0.90841,45.10559],[0.90984,45.1084],[0.91051,45.10873],[0.91011,45.11046],[0.91067,45.1121],[0.90961,45.11631],[0.90884,45.11724],[0.91077,45.11889],[0.91081,45.12276],[0.91128,45.12603],[0.91079,45.12767],[0.90775,45.12713],[0.90692,45.12732],[0.90414,45.12899],[0.90455,45.13318],[0.90248,45.13427],[0.90123,45.1354],[0.90123,45.13714],[0.90037,45.1377],[0.89978,45.13979],[0.89714,45.14068],[0.89787,45.14153],[0.89764,45.14348],[0.89413,45.1428],[0.89371,45.14193],[0.8922,45.1409],[0.89262,45.1394],[0.89398,45.13922],[0.89291,45.13755],[0.89,45.13873],[0.88793,45.13899],[0.888,45.13786],[0.88171,45.13586],[0.88138,45.13583],[0.87183,45.13897],[0.86272,45.13903],[0.86307,45.13786],[0.86143,45.13668],[0.86015,45.13524],[0.85805,45.13521],[0.85427,45.13291],[0.85304,45.1325],[0.85086,45.13028],[0.84865,45.13185],[0.84556,45.13454],[0.84434,45.13508],[0.83653,45.13584],[0.83559,45.13634],[0.83215,45.13706],[0.83183,45.13758],[0.8293,45.13827],[0.8236,45.13477],[0.82091,45.1348],[0.82,45.13563],[0.81658,45.13643],[0.81374,45.13868],[0.81135,45.13982],[0.81382,45.14126],[0.81412,45.1472],[0.81446,45.1481],[0.81369,45.15145],[0.81249,45.15154],[0.80956,45.15082],[0.80633,45.15405],[0.79368,45.15824],[0.7928,45.16242],[0.79183,45.16313],[0.79036,45.1651],[0.79119,45.16778],[0.79228,45.16837],[0.79306,45.16973],[0.79529,45.17216],[0.79775,45.17429],[0.79709,45.17482],[0.79849,45.1762],[0.79911,45.17775],[0.79879,45.1797],[0.79955,45.18147],[0.80095,45.18208],[0.80217,45.1832],[0.80165,45.18584],[0.80026,45.1876],[0.79757,45.18983],[0.79661,45.19149],[0.80044,45.19241],[0.80124,45.19341],[0.80109,45.19749],[0.80175,45.20021],[0.80375,45.20264],[0.80636,45.20402],[0.80727,45.20485],[0.8101,45.20566],[0.81188,45.20532],[0.81321,45.20514],[0.81649,45.20587],[0.81733,45.20554],[0.81784,45.2029],[0.82067,45.20099],[0.82195,45.19824],[0.82344,45.1973],[0.82649,45.19658],[0.83342,45.19601],[0.83624,45.19488],[0.83894,45.19445],[0.83996,45.1952]]]}},{"type":"Feature","id":"fr-commune-24027","properties":{"id":"fr-commune-24027","name":"Bayac","kind":"commune","center":[0.7232,44.8016],"code":"24027","department":"24"},"bbox":[0.69501,44.7809,0.75114,44.82224],"geometry":{"type":"Polygon","coordinates":[[[0.74608,44.81912],[0.74768,44.81779],[0.75114,44.81664],[0.74937,44.81336],[0.74763,44.81162],[0.74601,44.81047],[0.74761,44.80928],[0.74629,44.80454],[0.74602,44.80028],[0.7455,44.79886],[0.74248,44.79775],[0.73999,44.79845],[0.73664,44.80163],[0.7352,44.80038],[0.73511,44.79838],[0.73156,44.79595],[0.72628,44.79505],[0.72485,44.79533],[0.72304,44.79419],[0.7208,44.78975],[0.72098,44.78893],[0.71885,44.78501],[0.7192,44.7809],[0.71691,44.78162],[0.71266,44.78226],[0.71044,44.78285],[0.70854,44.78382],[0.70789,44.78462],[0.70754,44.78775],[0.70643,44.78976],[0.70654,44.79286],[0.70608,44.79523],[0.7068,44.79625],[0.70666,44.79802],[0.70502,44.79931],[0.70336,44.80089],[0.70253,44.80279],[0.7002,44.80501],[0.69639,44.80717],[0.69502,44.80992],[0.69622,44.8123],[0.69514,44.81511],[0.69501,44.81665],[0.69774,44.81537],[0.70175,44.81397],[0.70399,44.81426],[0.70708,44.81579],[0.70662,44.81683],[0.70913,44.81852],[0.71061,44.81707],[0.71293,44.81355],[0.71615,44.81188],[0.71798,44.81004],[0.72006,44.81092],[0.72072,44.81369],[0.72153,44.81477],[0.72123,44.81625],[0.72319,44.81713],[0.72225,44.82224],[0.72442,44.82189],[0.72832,44.8206],[0.72913,44.8199],[0.73159,44.82017],[0.73634,44.82034],[0.73916,44.8195],[0.74462,44.81941],[0.74608,44.81912]]]}},{"type":"Feature","id":"fr-commune-24028","properties":{"id":"fr-commune-24028","name":"Beaumontois en Périgord","kind":"commune","center":[0.7552,44.7387],"code":"24028","department":"24"},"bbox":[0.69348,44.67592,0.81688,44.80163],"geometry":{"type":"Polygon","coordinates":[[[0.69615,44.67702],[0.69531,44.67866],[0.69601,44.67897],[0.69348,44.68179],[0.69538,44.68426],[0.69605,44.6866],[0.69735,44.68952],[0.69578,44.69144],[0.69885,44.69493],[0.70256,44.69965],[0.70177,44.6999],[0.70231,44.70213],[0.70427,44.70386],[0.70478,44.70673],[0.69959,44.70998],[0.69734,44.70965],[0.69622,44.70992],[0.70057,44.71223],[0.70188,44.71212],[0.70464,44.71327],[0.70731,44.71338],[0.70971,44.7128],[0.71075,44.71358],[0.71226,44.71572],[0.71313,44.71826],[0.71387,44.7186],[0.71516,44.72124],[0.71676,44.72339],[0.71639,44.72443],[0.7185,44.72553],[0.72046,44.72946],[0.7243,44.72808],[0.72747,44.72622],[0.72973,44.72855],[0.73556,44.73233],[0.73669,44.73196],[0.7402,44.73613],[0.73853,44.73682],[0.74154,44.73982],[0.74169,44.74133],[0.74398,44.74502],[0.74559,44.7461],[0.74647,44.75098],[0.74647,44.75211],[0.7456,44.75586],[0.74559,44.75983],[0.74743,44.76166],[0.74861,44.76446],[0.74648,44.7656],[0.74346,44.76546],[0.73854,44.7631],[0.73814,44.76342],[0.73088,44.76427],[0.72616,44.76463],[0.72037,44.76756],[0.71871,44.76717],[0.71634,44.76726],[0.71429,44.76773],[0.7118,44.76719],[0.71076,44.7675],[0.70956,44.76639],[0.70824,44.76603],[0.70226,44.7667],[0.70423,44.76844],[0.70558,44.76838],[0.70808,44.7693],[0.71085,44.77096],[0.71552,44.77127],[0.71558,44.77472],[0.71509,44.77657],[0.71997,44.77713],[0.7192,44.7809],[0.71885,44.78501],[0.72098,44.78893],[0.7208,44.78975],[0.72304,44.79419],[0.72485,44.79533],[0.72628,44.79505],[0.73156,44.79595],[0.73511,44.79838],[0.7352,44.80038],[0.73664,44.80163],[0.73999,44.79845],[0.74248,44.79775],[0.7455,44.79886],[0.74804,44.79909],[0.75023,44.79841],[0.75092,44.79776],[0.75377,44.79661],[0.75476,44.79689],[0.76018,44.79634],[0.76173,44.7947],[0.76568,44.79324],[0.7671,44.79331],[0.77083,44.79519],[0.77356,44.79584],[0.77308,44.79054],[0.77218,44.78893],[0.77193,44.78626],[0.77481,44.78601],[0.77771,44.7852],[0.78013,44.78394],[0.78323,44.78191],[0.78515,44.78118],[0.78681,44.78152],[0.79149,44.77999],[0.7928,44.77843],[0.79375,44.77836],[0.79629,44.7752],[0.79762,44.7726],[0.79864,44.77146],[0.79866,44.76969],[0.79974,44.76888],[0.79984,44.76776],[0.8025,44.76652],[0.80353,44.76423],[0.8059,44.76295],[0.80845,44.76242],[0.80958,44.76046],[0.80889,44.75747],[0.80978,44.75499],[0.8128,44.75509],[0.81397,44.75392],[0.81633,44.7531],[0.81688,44.74883],[0.81462,44.74705],[0.8124,44.74671],[0.81092,44.74699],[0.80884,44.74625],[0.80691,44.74457],[0.80496,44.74191],[0.80685,44.73931],[0.80655,44.73721],[0.80508,44.73509],[0.80601,44.73483],[0.80669,44.7328],[0.80504,44.72861],[0.80754,44.72779],[0.81156,44.72744],[0.81049,44.72452],[0.80997,44.72364],[0.80796,44.72251],[0.80767,44.7218],[0.80468,44.72188],[0.80306,44.72107],[0.79914,44.72081],[0.79642,44.72236],[0.7928,44.72308],[0.7919,44.72388],[0.78579,44.72214],[0.78511,44.71955],[0.78414,44.71822],[0.78571,44.71717],[0.78523,44.71621],[0.78565,44.71474],[0.78429,44.7125],[0.78421,44.71047],[0.78185,44.70983],[0.78085,44.70877],[0.77841,44.70793],[0.77971,44.70549],[0.77865,44.7038],[0.77742,44.70278],[0.77322,44.70468],[0.77198,44.70366],[0.77198,44.7018],[0.77023,44.7],[0.77107,44.69717],[0.77108,44.69507],[0.77189,44.6934],[0.77226,44.69125],[0.77066,44.69139],[0.7667,44.69045],[0.76421,44.69096],[0.76307,44.68998],[0.76227,44.68686],[0.76276,44.68546],[0.76197,44.68313],[0.76284,44.68166],[0.76303,44.6787],[0.75968,44.67804],[0.7595,44.67951],[0.75864,44.68146],[0.75483,44.68141],[0.74604,44.68245],[0.73615,44.67805],[0.73073,44.67662],[0.7292,44.67605],[0.72361,44.67727],[0.71689,44.67801],[0.71424,44.67763],[0.71379,44.67592],[0.71072,44.67632],[0.7104,44.67723],[0.70849,44.67753],[0.70622,44.67716],[0.7038,44.67828],[0.70282,44.67817],[0.70146,44.67683],[0.69878,44.67781],[0.69615,44.67702]]]}},{"type":"Feature","id":"fr-commune-24029","properties":{"id":"fr-commune-24029","name":"Beaupouyet","kind":"commune","center":[0.2837,44.9963],"code":"24029","department":"24"},"bbox":[0.2555,44.95977,0.3121,45.03279],"geometry":{"type":"Polygon","coordinates":[[[0.28794,45.02755],[0.28826,45.02866],[0.28997,45.02919],[0.29087,45.03044],[0.29315,45.03134],[0.29499,45.03279],[0.29769,45.03201],[0.29749,45.03055],[0.29844,45.02908],[0.30014,45.02883],[0.30187,45.02759],[0.30417,45.02767],[0.30566,45.02682],[0.3061,45.02571],[0.30729,45.02544],[0.30784,45.02319],[0.30741,45.0223],[0.30854,45.02108],[0.30785,45.01902],[0.30664,45.01767],[0.30448,45.0165],[0.30514,45.01503],[0.30632,45.01385],[0.30799,45.01353],[0.30957,45.01147],[0.3107,45.01123],[0.3121,45.0093],[0.31209,45.00641],[0.30975,45.00499],[0.30915,45.00242],[0.30862,44.99902],[0.30935,44.99849],[0.30954,44.99706],[0.30876,44.99556],[0.30916,44.99504],[0.30786,44.99309],[0.30756,44.99089],[0.30962,44.98908],[0.3091,44.98811],[0.30975,44.98717],[0.30882,44.98662],[0.30903,44.98528],[0.30847,44.98464],[0.30908,44.98049],[0.3064,44.97933],[0.30355,44.97864],[0.30211,44.97795],[0.30029,44.97613],[0.29862,44.97509],[0.2975,44.9735],[0.29685,44.97157],[0.29537,44.97036],[0.29382,44.96819],[0.29221,44.96793],[0.29435,44.96435],[0.29565,44.96277],[0.29321,44.96113],[0.29126,44.95977],[0.28903,44.96127],[0.28675,44.96121],[0.28416,44.96195],[0.28236,44.96195],[0.27862,44.96259],[0.27662,44.96233],[0.2741,44.96286],[0.27202,44.96159],[0.27124,44.96178],[0.26834,44.96055],[0.26841,44.96292],[0.26798,44.96556],[0.26934,44.96852],[0.27111,44.97036],[0.27122,44.97314],[0.2721,44.97462],[0.27197,44.97617],[0.26967,44.97811],[0.26738,44.97967],[0.26763,44.9812],[0.26388,44.98618],[0.26275,44.98642],[0.26248,44.98816],[0.26117,44.98929],[0.26046,44.99085],[0.26039,44.9925],[0.26079,44.99626],[0.25856,44.99886],[0.25837,44.99984],[0.25694,45.00069],[0.25679,45.00179],[0.2575,45.00289],[0.25949,45.00355],[0.25976,45.00519],[0.2585,45.00683],[0.25682,45.007],[0.25633,45.00786],[0.25721,45.01028],[0.25694,45.01198],[0.2555,45.01367],[0.2556,45.01543],[0.25615,45.01647],[0.25761,45.01854],[0.26022,45.01854],[0.26485,45.01729],[0.26495,45.01883],[0.27182,45.02083],[0.27451,45.02104],[0.27644,45.02068],[0.2792,45.01954],[0.28047,45.0203],[0.28405,45.01962],[0.28847,45.02286],[0.29226,45.02441],[0.29173,45.02535],[0.28921,45.02627],[0.28794,45.02755]]]}},{"type":"Feature","id":"fr-commune-24030","properties":{"id":"fr-commune-24030","name":"Beauregard-de-Terrasson","kind":"commune","center":[1.2293,45.1557],"code":"24030","department":"24"},"bbox":[1.20405,45.13986,1.25445,45.17158],"geometry":{"type":"Polygon","coordinates":[[[1.25189,45.1536],[1.25147,45.15296],[1.24955,45.15333],[1.24787,45.15251],[1.24723,45.15007],[1.24515,45.14838],[1.24238,45.1466],[1.2416,45.14555],[1.24024,45.14484],[1.237,45.14454],[1.23572,45.1441],[1.23492,45.14314],[1.23297,45.14284],[1.23203,45.14151],[1.23088,45.14487],[1.22903,45.14528],[1.22675,45.14396],[1.22507,45.14343],[1.22454,45.14166],[1.21955,45.14212],[1.21893,45.14125],[1.21706,45.14071],[1.21659,45.13986],[1.21436,45.1401],[1.21433,45.14168],[1.21361,45.14312],[1.21212,45.14362],[1.21031,45.14521],[1.20592,45.14713],[1.20405,45.14898],[1.20677,45.15057],[1.20929,45.15305],[1.21148,45.1539],[1.21219,45.15477],[1.2115,45.15728],[1.21289,45.15934],[1.21193,45.16122],[1.20957,45.1616],[1.20754,45.16251],[1.20652,45.16419],[1.20899,45.1646],[1.21103,45.16461],[1.21118,45.16542],[1.20885,45.16864],[1.20758,45.16957],[1.20999,45.16973],[1.21086,45.17158],[1.21136,45.17083],[1.21417,45.16954],[1.21519,45.16776],[1.21861,45.16486],[1.22047,45.16704],[1.22466,45.16816],[1.22642,45.16943],[1.22707,45.17041],[1.23061,45.17155],[1.233,45.17094],[1.23562,45.16955],[1.23774,45.16914],[1.23909,45.16803],[1.24108,45.16728],[1.24176,45.16606],[1.24344,45.1644],[1.24444,45.1627],[1.24684,45.16158],[1.24861,45.16166],[1.24969,45.15932],[1.25178,45.15892],[1.25139,45.15815],[1.25265,45.15759],[1.25445,45.15874],[1.25284,45.15693],[1.25238,45.15568],[1.2525,45.15408],[1.25189,45.1536]]]}},{"type":"Feature","id":"fr-commune-24031","properties":{"id":"fr-commune-24031","name":"Beauregard-et-Bassac","kind":"commune","center":[0.6331,44.9952],"code":"24031","department":"24"},"bbox":[0.60313,44.97889,0.66332,45.01159],"geometry":{"type":"Polygon","coordinates":[[[0.61516,44.97921],[0.61232,44.98251],[0.61101,44.98338],[0.60991,44.9852],[0.60869,44.98589],[0.60588,44.98595],[0.60418,44.98659],[0.60313,44.9877],[0.60319,44.98991],[0.60521,44.99569],[0.60595,44.99877],[0.60692,44.99881],[0.60743,45.00098],[0.61002,45.0019],[0.61264,45.00347],[0.61502,45.0043],[0.61655,45.00413],[0.62032,45.00576],[0.62136,45.0067],[0.62393,45.00804],[0.62736,45.00869],[0.62957,45.01007],[0.62957,45.01118],[0.63158,45.01159],[0.63396,45.01106],[0.63512,45.01152],[0.6383,45.01097],[0.64321,45.01144],[0.64429,45.01005],[0.64569,45.00925],[0.64841,45.00666],[0.6498,45.00618],[0.65272,45.00456],[0.65382,45.00253],[0.65425,44.99823],[0.65357,44.99576],[0.65585,44.99538],[0.65853,44.99595],[0.66187,44.99731],[0.66332,44.99472],[0.66167,44.99403],[0.65758,44.99112],[0.65865,44.99044],[0.65939,44.98899],[0.66113,44.98697],[0.66101,44.98569],[0.66171,44.98484],[0.65972,44.98427],[0.65818,44.98282],[0.65776,44.98185],[0.65468,44.98103],[0.65403,44.98179],[0.65081,44.98089],[0.64862,44.9813],[0.64639,44.98115],[0.64484,44.98048],[0.64284,44.98049],[0.63845,44.97967],[0.63722,44.97889],[0.63403,44.97938],[0.63247,44.97912],[0.62501,44.979],[0.61925,44.97959],[0.61516,44.97921]]]}},{"type":"Feature","id":"fr-commune-24032","properties":{"id":"fr-commune-24032","name":"Beauronne","kind":"commune","center":[0.3583,45.101],"code":"24032","department":"24"},"bbox":[0.32946,45.0687,0.38718,45.13331],"geometry":{"type":"Polygon","coordinates":[[[0.38704,45.1138],[0.38646,45.11312],[0.38564,45.10966],[0.3862,45.10827],[0.38507,45.10791],[0.38587,45.10555],[0.38602,45.10224],[0.38551,45.10075],[0.38718,45.09946],[0.38643,45.09881],[0.38637,45.09682],[0.38505,45.09594],[0.38378,45.0944],[0.3843,45.09241],[0.38312,45.08983],[0.38188,45.08924],[0.38203,45.08733],[0.38312,45.08608],[0.38477,45.08497],[0.38528,45.08381],[0.38503,45.08216],[0.38417,45.0813],[0.38308,45.07794],[0.38324,45.0769],[0.38179,45.07589],[0.38241,45.07437],[0.38108,45.07363],[0.38058,45.07259],[0.38119,45.07005],[0.38092,45.0687],[0.3792,45.06927],[0.3792,45.07067],[0.37732,45.07061],[0.37234,45.07173],[0.37084,45.07262],[0.36792,45.07332],[0.35667,45.07449],[0.35604,45.07548],[0.3558,45.07722],[0.35489,45.07993],[0.35214,45.08175],[0.35018,45.08256],[0.34842,45.0833],[0.34559,45.08356],[0.3435,45.08416],[0.34166,45.0863],[0.34016,45.08752],[0.33633,45.08784],[0.3335,45.08782],[0.33228,45.0891],[0.33254,45.09044],[0.33442,45.09117],[0.33858,45.09199],[0.33995,45.09275],[0.34283,45.09333],[0.34275,45.09441],[0.34684,45.09662],[0.34583,45.09775],[0.34225,45.09872],[0.33864,45.09848],[0.33586,45.1005],[0.33323,45.1013],[0.33192,45.1023],[0.32995,45.10483],[0.32946,45.10619],[0.33065,45.1068],[0.33222,45.10848],[0.33484,45.1092],[0.33606,45.10806],[0.33733,45.10847],[0.33902,45.11149],[0.34166,45.11219],[0.34272,45.11468],[0.3448,45.11656],[0.34628,45.11769],[0.34655,45.12094],[0.34485,45.12326],[0.34604,45.12591],[0.34937,45.12674],[0.35204,45.12828],[0.35054,45.13078],[0.35094,45.13231],[0.35328,45.13317],[0.35572,45.13331],[0.35836,45.1318],[0.36013,45.1316],[0.36132,45.13069],[0.36252,45.12799],[0.36353,45.12718],[0.36543,45.12661],[0.36785,45.1245],[0.36918,45.12392],[0.37072,45.12412],[0.37358,45.12362],[0.37555,45.12208],[0.37726,45.12214],[0.37948,45.12067],[0.37736,45.11923],[0.37846,45.11734],[0.38058,45.11595],[0.38277,45.11549],[0.38385,45.11602],[0.38577,45.11509],[0.38704,45.1138]]]}},{"type":"Feature","id":"fr-commune-24034","properties":{"id":"fr-commune-24034","name":"Beleymas","kind":"commune","center":[0.4959,44.9863],"code":"24034","department":"24"},"bbox":[0.45874,44.96083,0.53301,45.01186],"geometry":{"type":"Polygon","coordinates":[[[0.48947,44.9613],[0.48658,44.96083],[0.48404,44.96115],[0.47893,44.96319],[0.47772,44.9647],[0.4728,44.96485],[0.47043,44.96338],[0.46785,44.96336],[0.46863,44.96551],[0.46754,44.96769],[0.46334,44.97302],[0.46139,44.97408],[0.46007,44.97464],[0.4617,44.97588],[0.46215,44.98142],[0.46134,44.98381],[0.45874,44.98391],[0.45986,44.98514],[0.46013,44.98649],[0.4615,44.98778],[0.46275,44.98812],[0.46445,44.99051],[0.46329,44.99153],[0.46395,44.99259],[0.46715,44.99339],[0.47189,44.99603],[0.47588,44.99663],[0.47729,44.99813],[0.4777,44.99922],[0.48167,45.00163],[0.485,45.004],[0.48774,45.00564],[0.48724,45.00725],[0.48876,45.00838],[0.48915,45.0093],[0.49079,45.00895],[0.49222,45.00766],[0.49769,45.00781],[0.49892,45.00724],[0.50334,45.00652],[0.50455,45.00529],[0.50621,45.00479],[0.50858,45.00251],[0.51103,45.00105],[0.5117,45.00024],[0.51518,45.00149],[0.51949,45.00362],[0.52118,45.00474],[0.52254,45.00748],[0.52341,45.00842],[0.52541,45.00896],[0.527,45.0094],[0.53205,45.01186],[0.53301,45.01113],[0.53049,45.00782],[0.53276,45.00609],[0.53048,45.00567],[0.52794,45.00398],[0.52751,45.00304],[0.52804,45.00052],[0.52749,44.99958],[0.52243,44.99628],[0.52257,44.99502],[0.52641,44.99288],[0.52389,44.99114],[0.52134,44.98903],[0.51854,44.98758],[0.51601,44.98699],[0.51514,44.98647],[0.51165,44.98568],[0.50836,44.98409],[0.50478,44.98297],[0.50414,44.98097],[0.50119,44.97814],[0.50089,44.97755],[0.49597,44.97508],[0.49419,44.97289],[0.49282,44.96735],[0.49262,44.96374],[0.48947,44.9613]]]}},{"type":"Feature","id":"fr-commune-24035","properties":{"id":"fr-commune-24035","name":"Pays de Belvès","kind":"commune","center":[1.0155091656288893,44.75609],"code":"24035","department":"24"},"bbox":[0.94058,44.70383,1.06963,44.78823],"geometry":{"type":"Polygon","coordinates":[[[0.98615,44.78753],[0.98725,44.78823],[0.98877,44.78804],[0.98984,44.78648],[0.995,44.78438],[0.99637,44.78188],[0.99745,44.78122],[0.99908,44.78164],[1.001,44.78061],[1.00359,44.78294],[1.00902,44.7829],[1.00962,44.78248],[1.01194,44.78249],[1.01271,44.77958],[1.01255,44.77629],[1.01089,44.77359],[1.01073,44.77201],[1.0124,44.77217],[1.01381,44.77178],[1.02003,44.76722],[1.02322,44.76577],[1.02731,44.76477],[1.02861,44.76533],[1.03326,44.76507],[1.03529,44.76599],[1.03435,44.76679],[1.03456,44.76828],[1.03645,44.76849],[1.03579,44.76951],[1.03745,44.77],[1.04142,44.77174],[1.04407,44.77261],[1.04729,44.77192],[1.05055,44.7696],[1.05283,44.7676],[1.05347,44.76642],[1.05452,44.76586],[1.05665,44.76383],[1.05933,44.76199],[1.06013,44.76081],[1.06117,44.75666],[1.06364,44.75447],[1.06551,44.75246],[1.06807,44.75056],[1.06963,44.74874],[1.06731,44.749],[1.06264,44.74769],[1.06036,44.74781],[1.05805,44.74667],[1.05755,44.74534],[1.05397,44.74678],[1.05161,44.74649],[1.05036,44.74577],[1.04851,44.74628],[1.04649,44.74636],[1.04474,44.74575],[1.04253,44.74559],[1.04058,44.74506],[1.0382,44.74623],[1.03562,44.74683],[1.0326,44.74678],[1.02967,44.74493],[1.02753,44.74634],[1.02305,44.74842],[1.02303,44.74923],[1.0217,44.74983],[1.02042,44.75187],[1.01979,44.75191],[1.01829,44.75497],[1.01721,44.75561],[1.0156,44.75536],[1.01343,44.75334],[1.01201,44.75239],[1.01133,44.75066],[1.00654,44.74983],[1.005,44.74923],[1.0008,44.74947],[0.99928,44.75017],[0.99736,44.75022],[0.99544,44.74942],[0.99305,44.74923],[0.99087,44.74816],[0.99017,44.74652],[0.99041,44.74537],[0.98905,44.74493],[0.98745,44.74306],[0.98418,44.74029],[0.98212,44.74051],[0.97948,44.73986],[0.97677,44.74073],[0.97558,44.73984],[0.97658,44.73774],[0.97604,44.73221],[0.97612,44.72996],[0.98003,44.72877],[0.98189,44.7259],[0.98177,44.72464],[0.98291,44.72448],[0.9843,44.72288],[0.98301,44.72154],[0.98204,44.72125],[0.98015,44.71818],[0.97966,44.71563],[0.97412,44.71402],[0.97374,44.71317],[0.97493,44.71179],[0.97589,44.70799],[0.97568,44.7049],[0.97674,44.70383],[0.96999,44.70412],[0.96742,44.70494],[0.96365,44.70653],[0.96198,44.70685],[0.95542,44.70902],[0.95385,44.70942],[0.94501,44.71304],[0.94096,44.7178],[0.94085,44.7198],[0.94436,44.72127],[0.94495,44.72276],[0.94456,44.72463],[0.94525,44.72646],[0.94494,44.72781],[0.94209,44.72806],[0.94127,44.72772],[0.94058,44.72997],[0.94223,44.73189],[0.94377,44.73267],[0.94576,44.73453],[0.94898,44.73625],[0.94903,44.73838],[0.95092,44.74078],[0.95403,44.74177],[0.95718,44.74462],[0.96055,44.74647],[0.96348,44.74651],[0.96654,44.7482],[0.96898,44.74906],[0.96684,44.75157],[0.96528,44.75186],[0.9682,44.75525],[0.96978,44.75657],[0.97031,44.75842],[0.97144,44.75872],[0.9714,44.76035],[0.96978,44.76199],[0.96949,44.76444],[0.97203,44.76422],[0.97283,44.76508],[0.9722,44.76832],[0.97454,44.76814],[0.97469,44.76683],[0.97635,44.76685],[0.98409,44.76846],[0.98581,44.76825],[0.98722,44.76942],[0.98875,44.77137],[0.9913,44.77339],[0.99432,44.77487],[0.99493,44.77605],[0.99683,44.77726],[0.9917,44.77793],[0.99039,44.77763],[0.98981,44.77643],[0.98639,44.77433],[0.98172,44.77563],[0.9798,44.77596],[0.98031,44.77931],[0.98002,44.78118],[0.98079,44.78304],[0.98216,44.78487],[0.98353,44.78592],[0.98532,44.7867],[0.98615,44.78753]]]}},{"type":"Feature","id":"fr-commune-24036","properties":{"id":"fr-commune-24036","name":"Berbiguières","kind":"commune","center":[1.0411,44.8352],"code":"24036","department":"24"},"bbox":[1.02055,44.81336,1.06173,44.85697],"geometry":{"type":"Polygon","coordinates":[[[1.02061,44.8531],[1.02094,44.85441],[1.02242,44.85622],[1.0251,44.85687],[1.02719,44.85697],[1.03095,44.85645],[1.03451,44.85569],[1.0367,44.85492],[1.04211,44.85338],[1.04399,44.8528],[1.04952,44.85033],[1.05246,44.84832],[1.05409,44.84774],[1.0589,44.84417],[1.06173,44.84179],[1.05608,44.83912],[1.05657,44.83808],[1.05508,44.83771],[1.05559,44.83565],[1.05544,44.83403],[1.05677,44.83252],[1.05678,44.83093],[1.05586,44.82948],[1.05633,44.82841],[1.054,44.826],[1.05365,44.82365],[1.05401,44.82308],[1.05333,44.82161],[1.05529,44.82214],[1.05562,44.82083],[1.05696,44.81943],[1.05486,44.81683],[1.05546,44.81553],[1.05532,44.81336],[1.05258,44.81357],[1.0521,44.81533],[1.0545,44.81885],[1.05442,44.82002],[1.05284,44.82061],[1.0503,44.82367],[1.04895,44.82171],[1.04746,44.82305],[1.04683,44.8247],[1.04581,44.8257],[1.04436,44.82577],[1.04076,44.82824],[1.03937,44.82973],[1.03546,44.83315],[1.03251,44.83466],[1.03474,44.83821],[1.03448,44.83952],[1.03533,44.84149],[1.03462,44.84241],[1.03578,44.84399],[1.03786,44.8454],[1.03885,44.84676],[1.03862,44.8489],[1.03676,44.85097],[1.03687,44.8521],[1.02055,44.85203],[1.02061,44.8531]]]}},{"type":"Feature","id":"fr-commune-24037","properties":{"id":"fr-commune-24037","name":"Bergerac","kind":"commune","center":[0.4883,44.8519],"code":"24037","department":"24"},"bbox":[0.43109,44.80377,0.54548,44.90003],"geometry":{"type":"Polygon","coordinates":[[[0.51562,44.80418],[0.51307,44.80377],[0.51206,44.80593],[0.51068,44.80561],[0.50925,44.80982],[0.5067,44.8128],[0.50562,44.81341],[0.50153,44.81434],[0.49786,44.81657],[0.4934,44.81621],[0.49293,44.81966],[0.4914,44.81927],[0.48563,44.81611],[0.48651,44.81469],[0.48451,44.81451],[0.48098,44.81481],[0.47966,44.81313],[0.47772,44.81434],[0.47552,44.81458],[0.47119,44.81488],[0.46894,44.81627],[0.46794,44.81749],[0.46833,44.81874],[0.46593,44.81909],[0.46623,44.82128],[0.46563,44.82298],[0.46355,44.82512],[0.46214,44.82607],[0.46148,44.83111],[0.45578,44.8323],[0.45452,44.8331],[0.45374,44.83428],[0.45062,44.83342],[0.44905,44.83334],[0.44552,44.83451],[0.44422,44.83534],[0.44314,44.8371],[0.44455,44.83786],[0.44655,44.84047],[0.44475,44.84131],[0.44485,44.84331],[0.44454,44.8457],[0.44515,44.84987],[0.44472,44.86343],[0.44241,44.86385],[0.44145,44.86612],[0.44203,44.86813],[0.44172,44.86944],[0.44013,44.87035],[0.43997,44.87251],[0.43733,44.87375],[0.43643,44.87486],[0.43585,44.87712],[0.43444,44.87874],[0.43382,44.88066],[0.43263,44.88148],[0.43109,44.88461],[0.43163,44.88536],[0.43446,44.88763],[0.43458,44.88849],[0.44036,44.8929],[0.44018,44.89532],[0.4417,44.89616],[0.44207,44.897],[0.44361,44.89717],[0.44553,44.89889],[0.44548,44.90003],[0.44915,44.90003],[0.45214,44.89949],[0.45301,44.89588],[0.45425,44.89479],[0.45612,44.89408],[0.46047,44.8939],[0.46109,44.89412],[0.46101,44.89654],[0.46704,44.8948],[0.46729,44.8943],[0.47022,44.89213],[0.47455,44.89305],[0.47633,44.89265],[0.48322,44.89294],[0.48733,44.89397],[0.4892,44.89501],[0.48812,44.89594],[0.48669,44.89986],[0.49245,44.89928],[0.49688,44.89987],[0.49886,44.89792],[0.49823,44.89674],[0.49809,44.89467],[0.49844,44.89355],[0.50009,44.89299],[0.50022,44.89119],[0.49934,44.88787],[0.50002,44.88431],[0.50089,44.88166],[0.49858,44.88092],[0.50385,44.87824],[0.50674,44.87703],[0.50923,44.87513],[0.5107,44.8765],[0.51346,44.8775],[0.51518,44.8768],[0.51647,44.87705],[0.51913,44.87851],[0.51964,44.87991],[0.52153,44.8812],[0.525,44.88115],[0.52573,44.88032],[0.52844,44.87916],[0.52954,44.8767],[0.52991,44.87505],[0.52975,44.87291],[0.53245,44.86733],[0.53269,44.86582],[0.52997,44.86347],[0.52958,44.86174],[0.52836,44.86085],[0.52708,44.85917],[0.528,44.85638],[0.52909,44.8551],[0.52926,44.85361],[0.52815,44.84896],[0.5279,44.84372],[0.52462,44.84277],[0.52123,44.84146],[0.52299,44.83906],[0.52387,44.83977],[0.52573,44.8367],[0.52952,44.83761],[0.53244,44.83897],[0.5349,44.83779],[0.5344,44.83719],[0.53469,44.83573],[0.53693,44.83473],[0.53697,44.83276],[0.53856,44.83129],[0.54066,44.83174],[0.54217,44.83105],[0.54286,44.82865],[0.54266,44.82688],[0.54366,44.82615],[0.54548,44.82619],[0.54507,44.82527],[0.53933,44.82243],[0.53588,44.82211],[0.52517,44.82055],[0.52447,44.81519],[0.52363,44.81423],[0.52402,44.8112],[0.52311,44.80649],[0.52243,44.80482],[0.52103,44.8044],[0.5171,44.80512],[0.51532,44.80578],[0.51562,44.80418]]]}},{"type":"Feature","id":"fr-commune-24038","properties":{"id":"fr-commune-24038","name":"Bertric-Burée","kind":"commune","center":[0.354,45.3086],"code":"24038","department":"24"},"bbox":[0.32148,45.28473,0.38643,45.33246],"geometry":{"type":"Polygon","coordinates":[[[0.37321,45.32694],[0.37496,45.32683],[0.37499,45.32353],[0.37768,45.32183],[0.379,45.32171],[0.37601,45.31852],[0.37838,45.31775],[0.38061,45.31817],[0.38113,45.31757],[0.37952,45.31646],[0.3782,45.31482],[0.3797,45.31333],[0.38123,45.31379],[0.38181,45.31268],[0.38018,45.31239],[0.37946,45.3114],[0.38232,45.31027],[0.38643,45.30951],[0.38377,45.3081],[0.38103,45.30627],[0.38263,45.30492],[0.38376,45.3015],[0.38467,45.29754],[0.38197,45.29574],[0.38045,45.29557],[0.3792,45.29331],[0.3788,45.29115],[0.37739,45.29159],[0.37399,45.29174],[0.37019,45.29216],[0.36764,45.2911],[0.36472,45.29194],[0.36132,45.29235],[0.361,45.29143],[0.36171,45.28871],[0.35818,45.28878],[0.35845,45.28697],[0.357,45.28569],[0.35322,45.28669],[0.35428,45.28846],[0.35099,45.289],[0.3499,45.28779],[0.349,45.28473],[0.34533,45.2866],[0.34384,45.28667],[0.3421,45.28853],[0.34073,45.2893],[0.33913,45.28933],[0.33676,45.29012],[0.33788,45.29235],[0.33789,45.29328],[0.33639,45.29412],[0.33553,45.29593],[0.33438,45.29732],[0.33469,45.29921],[0.33462,45.30278],[0.33172,45.30516],[0.32857,45.30545],[0.32623,45.30995],[0.32486,45.31094],[0.32382,45.31337],[0.3219,45.31489],[0.32148,45.31616],[0.32286,45.31811],[0.32468,45.31929],[0.32677,45.32004],[0.32928,45.32182],[0.32902,45.32275],[0.33056,45.32483],[0.33053,45.32565],[0.33185,45.32714],[0.33345,45.32712],[0.33576,45.32864],[0.3341,45.3293],[0.33574,45.33068],[0.33679,45.33078],[0.33765,45.33246],[0.33881,45.33192],[0.34157,45.32974],[0.34303,45.32808],[0.34477,45.3282],[0.34799,45.32771],[0.35251,45.32676],[0.35293,45.32635],[0.35616,45.32597],[0.35812,45.32649],[0.36132,45.32687],[0.36413,45.32628],[0.36537,45.32681],[0.36771,45.32672],[0.37321,45.32694]]]}},{"type":"Feature","id":"fr-commune-24039","properties":{"id":"fr-commune-24039","name":"Besse","kind":"commune","center":[1.112,44.6652],"code":"24039","department":"24"},"bbox":[1.07392,44.64608,1.14998,44.6844],"geometry":{"type":"Polygon","coordinates":[[[1.10016,44.68418],[1.10521,44.68245],[1.1075,44.68158],[1.11342,44.68103],[1.11521,44.68103],[1.12504,44.67939],[1.12987,44.6774],[1.13371,44.67413],[1.13868,44.67213],[1.1427,44.67202],[1.1451,44.67164],[1.14707,44.67081],[1.14668,44.67035],[1.14702,44.66554],[1.14764,44.66297],[1.1484,44.66289],[1.14938,44.66092],[1.14904,44.65952],[1.14986,44.65819],[1.14929,44.65706],[1.14998,44.65526],[1.14952,44.65398],[1.1465,44.65309],[1.14318,44.65135],[1.14199,44.64893],[1.14074,44.64767],[1.1401,44.64619],[1.1372,44.64608],[1.13487,44.64673],[1.13269,44.64793],[1.1263,44.6482],[1.12489,44.64887],[1.12347,44.6519],[1.12143,44.65275],[1.12017,44.65385],[1.11894,44.65425],[1.11637,44.65407],[1.11087,44.65261],[1.11017,44.65169],[1.10866,44.65163],[1.10714,44.65077],[1.10625,44.64895],[1.09971,44.64993],[1.09687,44.65088],[1.09108,44.65364],[1.08655,44.65412],[1.08259,44.65521],[1.08251,44.65751],[1.08024,44.65906],[1.08034,44.6602],[1.08129,44.66083],[1.08108,44.662],[1.08018,44.66292],[1.07814,44.66555],[1.07984,44.66632],[1.07984,44.66767],[1.07827,44.66799],[1.07634,44.67057],[1.07474,44.67183],[1.07392,44.67304],[1.07461,44.67458],[1.07592,44.67487],[1.07947,44.67497],[1.08354,44.67555],[1.08628,44.67681],[1.08617,44.67778],[1.0869,44.67947],[1.08983,44.68017],[1.09143,44.68103],[1.09625,44.6844],[1.0998,44.68371],[1.10016,44.68418]]]}},{"type":"Feature","id":"fr-commune-24040","properties":{"id":"fr-commune-24040","name":"Beynac-et-Cazenac","kind":"commune","center":[1.1289,44.8556],"code":"24040","department":"24"},"bbox":[1.09799,44.83371,1.15984,44.87722],"geometry":{"type":"Polygon","coordinates":[[[1.14774,44.83371],[1.14771,44.83564],[1.14701,44.83799],[1.14491,44.83893],[1.14,44.83935],[1.13586,44.83833],[1.13375,44.83888],[1.13216,44.83883],[1.13514,44.84015],[1.13749,44.84042],[1.13756,44.84199],[1.13682,44.84422],[1.1368,44.84562],[1.13553,44.84635],[1.13158,44.8456],[1.13056,44.84594],[1.1294,44.84423],[1.12689,44.84423],[1.12551,44.84331],[1.12233,44.84416],[1.12091,44.8457],[1.11964,44.84916],[1.11384,44.85039],[1.11138,44.85222],[1.11083,44.85403],[1.10981,44.85521],[1.10668,44.85474],[1.10538,44.85524],[1.10438,44.85781],[1.10097,44.85576],[1.10188,44.85858],[1.1015,44.86126],[1.10011,44.86283],[1.09886,44.86365],[1.09799,44.86587],[1.09807,44.86708],[1.10136,44.86639],[1.10229,44.86784],[1.10462,44.86841],[1.1065,44.86776],[1.10762,44.86794],[1.10776,44.8693],[1.10932,44.86975],[1.11054,44.86894],[1.11342,44.87095],[1.1153,44.87125],[1.11493,44.87265],[1.11369,44.87368],[1.11725,44.87589],[1.11844,44.87722],[1.12094,44.87615],[1.12336,44.87627],[1.12619,44.8771],[1.12775,44.87598],[1.13025,44.87509],[1.13444,44.87479],[1.13753,44.87406],[1.14052,44.87393],[1.1424,44.87256],[1.14237,44.87107],[1.14426,44.86838],[1.14436,44.86667],[1.14625,44.86704],[1.14825,44.86639],[1.15016,44.86688],[1.15116,44.86636],[1.15326,44.8663],[1.15511,44.86474],[1.15401,44.86345],[1.15362,44.86109],[1.15318,44.86063],[1.15375,44.8579],[1.15464,44.85631],[1.15655,44.855],[1.15743,44.85283],[1.15804,44.8498],[1.1581,44.84765],[1.15898,44.8454],[1.15895,44.84367],[1.15984,44.8404],[1.1592,44.83935],[1.15695,44.83931],[1.15365,44.83512],[1.15246,44.83402],[1.14774,44.83371]]]}},{"type":"Feature","id":"fr-commune-24042","properties":{"id":"fr-commune-24042","name":"Biras","kind":"commune","center":[0.6393,45.2825],"code":"24042","department":"24"},"bbox":[0.60243,45.25535,0.67675,45.30971],"geometry":{"type":"Polygon","coordinates":[[[0.6095,45.29831],[0.60772,45.30168],[0.60585,45.30443],[0.60583,45.30502],[0.60889,45.30703],[0.61173,45.30751],[0.61241,45.30836],[0.61477,45.30821],[0.61545,45.3089],[0.61745,45.30838],[0.62115,45.30962],[0.62352,45.30971],[0.62483,45.30866],[0.62591,45.30652],[0.62836,45.30776],[0.63067,45.30741],[0.63376,45.30589],[0.63614,45.30585],[0.63895,45.30517],[0.64403,45.30666],[0.64727,45.30671],[0.65147,45.30637],[0.65456,45.3074],[0.65681,45.30738],[0.65616,45.30579],[0.66074,45.30495],[0.66496,45.3039],[0.66575,45.30281],[0.67016,45.3038],[0.67166,45.30369],[0.67376,45.3022],[0.67445,45.30113],[0.67675,45.30023],[0.67542,45.29768],[0.67476,45.29452],[0.67343,45.29306],[0.67535,45.28845],[0.67462,45.28696],[0.67339,45.28642],[0.66995,45.2861],[0.669,45.2865],[0.66436,45.28564],[0.66464,45.28761],[0.66121,45.29028],[0.6585,45.2886],[0.65578,45.2836],[0.65629,45.28306],[0.65472,45.28122],[0.65291,45.28128],[0.64767,45.27972],[0.64628,45.27849],[0.64558,45.27718],[0.6483,45.27655],[0.64898,45.27498],[0.65267,45.27299],[0.65842,45.27113],[0.66448,45.27026],[0.66436,45.26947],[0.66168,45.26867],[0.66273,45.26808],[0.66154,45.26693],[0.66174,45.26297],[0.65709,45.25881],[0.65583,45.25834],[0.65537,45.25633],[0.65466,45.25535],[0.6513,45.2563],[0.64688,45.26081],[0.64126,45.26122],[0.63917,45.26053],[0.63696,45.2589],[0.63451,45.26091],[0.63258,45.26148],[0.62891,45.26353],[0.62759,45.26517],[0.62684,45.26671],[0.62415,45.2692],[0.6228,45.27135],[0.6225,45.27271],[0.62113,45.27428],[0.62131,45.27549],[0.62064,45.27629],[0.61918,45.27674],[0.61889,45.27767],[0.61947,45.27885],[0.61817,45.27951],[0.61766,45.28043],[0.61846,45.28157],[0.61198,45.28197],[0.60918,45.28171],[0.60743,45.28248],[0.60469,45.2832],[0.60243,45.285],[0.60314,45.2867],[0.60434,45.28778],[0.60421,45.28863],[0.60627,45.28984],[0.60656,45.29121],[0.60908,45.29449],[0.61025,45.29742],[0.6095,45.29831]]]}},{"type":"Feature","id":"fr-commune-24043","properties":{"id":"fr-commune-24043","name":"Biron","kind":"commune","center":[0.8755,44.6232],"code":"24043","department":"24"},"bbox":[0.84343,44.59746,0.90759,44.64887],"geometry":{"type":"Polygon","coordinates":[[[0.88545,44.64887],[0.88701,44.64874],[0.88947,44.64694],[0.89311,44.64625],[0.89389,44.64653],[0.89474,44.64402],[0.8972,44.64155],[0.89486,44.64047],[0.89555,44.63756],[0.89503,44.63453],[0.89506,44.63291],[0.89342,44.63152],[0.8943,44.62994],[0.89594,44.62901],[0.89504,44.62732],[0.89731,44.62564],[0.89953,44.62485],[0.90087,44.62343],[0.90497,44.62229],[0.90759,44.62183],[0.90501,44.62096],[0.90258,44.61848],[0.90085,44.61752],[0.89667,44.61595],[0.89421,44.61619],[0.89041,44.61538],[0.88965,44.61443],[0.88709,44.61549],[0.88453,44.61591],[0.88073,44.61467],[0.87895,44.61506],[0.87697,44.61604],[0.87587,44.61556],[0.87605,44.61449],[0.87376,44.61351],[0.87387,44.61249],[0.87308,44.61128],[0.87509,44.60937],[0.8748,44.60687],[0.87346,44.60564],[0.87239,44.60379],[0.87297,44.60248],[0.87251,44.60022],[0.87094,44.59951],[0.8709,44.59818],[0.86999,44.59746],[0.8677,44.59856],[0.86665,44.59805],[0.86328,44.59841],[0.85774,44.59831],[0.85857,44.60067],[0.85254,44.60193],[0.85134,44.60445],[0.8518,44.60693],[0.84939,44.60762],[0.84925,44.60886],[0.85349,44.61145],[0.85227,44.61293],[0.85257,44.61373],[0.84987,44.61421],[0.84706,44.61518],[0.84453,44.61909],[0.84343,44.61998],[0.84954,44.62158],[0.85163,44.62156],[0.85364,44.62286],[0.85483,44.62407],[0.85731,44.62384],[0.85945,44.62487],[0.85837,44.62885],[0.85883,44.62958],[0.86128,44.63111],[0.86117,44.63297],[0.85942,44.63541],[0.85684,44.63679],[0.85702,44.63729],[0.86323,44.63987],[0.86571,44.63996],[0.86793,44.64046],[0.87045,44.64006],[0.87357,44.63887],[0.87706,44.63903],[0.88033,44.64059],[0.88165,44.64081],[0.88269,44.64271],[0.88514,44.64587],[0.88545,44.64887]]]}},{"type":"Feature","id":"fr-commune-24045","properties":{"id":"fr-commune-24045","name":"Boisse","kind":"commune","center":[0.6558,44.713],"code":"24045","department":"24"},"bbox":[0.62209,44.68846,0.6896,44.73753],"geometry":{"type":"Polygon","coordinates":[[[0.63029,44.70675],[0.62746,44.7086],[0.62233,44.7142],[0.62209,44.716],[0.62368,44.71566],[0.6255,44.7162],[0.6285,44.71906],[0.62627,44.72047],[0.62618,44.72195],[0.62527,44.72361],[0.62711,44.72441],[0.62661,44.72539],[0.63175,44.72844],[0.63284,44.72844],[0.63109,44.73131],[0.63427,44.73177],[0.63808,44.73286],[0.63966,44.73249],[0.64073,44.73321],[0.64297,44.73378],[0.64451,44.73458],[0.64669,44.73319],[0.64843,44.73274],[0.65021,44.73125],[0.65246,44.73274],[0.6529,44.73354],[0.65488,44.73436],[0.65425,44.73596],[0.65493,44.73741],[0.65847,44.73689],[0.66146,44.73744],[0.66581,44.73753],[0.67282,44.73703],[0.67506,44.73716],[0.68014,44.73528],[0.68079,44.73421],[0.68288,44.73349],[0.68408,44.73238],[0.68543,44.7319],[0.68766,44.73047],[0.6896,44.72749],[0.68546,44.72499],[0.68275,44.72458],[0.68178,44.72367],[0.68115,44.71896],[0.67691,44.71857],[0.67852,44.7151],[0.68005,44.71399],[0.67613,44.71145],[0.6742,44.70983],[0.67359,44.7087],[0.67158,44.70738],[0.67008,44.70577],[0.66945,44.70586],[0.6683,44.7038],[0.66828,44.70258],[0.66974,44.70084],[0.67335,44.69888],[0.67694,44.69743],[0.67855,44.69612],[0.67711,44.69232],[0.67517,44.69311],[0.67182,44.69156],[0.6708,44.69085],[0.67172,44.68965],[0.67089,44.68908],[0.66833,44.68846],[0.66485,44.68933],[0.66,44.68987],[0.65785,44.69031],[0.65579,44.69012],[0.65528,44.69226],[0.65616,44.69383],[0.65463,44.69677],[0.65079,44.69765],[0.6499,44.70016],[0.64865,44.70148],[0.648,44.70291],[0.64658,44.70387],[0.64329,44.70489],[0.64098,44.7042],[0.63928,44.70454],[0.63569,44.7046],[0.63029,44.70675]]]}},{"type":"Feature","id":"fr-commune-24046","properties":{"id":"fr-commune-24046","name":"Boisseuilh","kind":"commune","center":[1.176,45.2821],"code":"24046","department":"24"},"bbox":[1.14677,45.25723,1.20531,45.30695],"geometry":{"type":"Polygon","coordinates":[[[1.18782,45.25723],[1.18586,45.25759],[1.18256,45.25949],[1.18095,45.26136],[1.17691,45.2634],[1.17499,45.26514],[1.17364,45.2659],[1.17046,45.26664],[1.16611,45.26688],[1.16511,45.26747],[1.16178,45.26781],[1.16331,45.26934],[1.16068,45.27146],[1.16266,45.27413],[1.16322,45.27544],[1.16305,45.27711],[1.1634,45.27891],[1.16529,45.27998],[1.16603,45.28097],[1.16662,45.28304],[1.16649,45.28561],[1.16315,45.28607],[1.16221,45.2869],[1.16023,45.28697],[1.15784,45.28764],[1.1552,45.28735],[1.15374,45.28634],[1.15192,45.2866],[1.15138,45.28734],[1.14677,45.28927],[1.14809,45.29026],[1.15057,45.29302],[1.15044,45.2967],[1.14973,45.29769],[1.15213,45.29761],[1.15509,45.29811],[1.1573,45.29817],[1.1595,45.30278],[1.161,45.30441],[1.16319,45.30563],[1.16398,45.30695],[1.16557,45.30667],[1.16614,45.30538],[1.16737,45.30456],[1.16865,45.30457],[1.16939,45.30334],[1.16814,45.30167],[1.17167,45.29969],[1.17394,45.29793],[1.17593,45.29837],[1.1776,45.2979],[1.17935,45.29836],[1.17985,45.2959],[1.18213,45.29502],[1.18343,45.29355],[1.18611,45.29321],[1.18627,45.29264],[1.18865,45.29077],[1.1904,45.29072],[1.19179,45.28986],[1.19288,45.28754],[1.19673,45.28669],[1.20013,45.28487],[1.19993,45.2843],[1.20282,45.28265],[1.20531,45.28243],[1.20412,45.27837],[1.20277,45.27567],[1.20194,45.27286],[1.2045,45.26915],[1.20347,45.26778],[1.20182,45.26831],[1.1997,45.26666],[1.19664,45.26503],[1.19468,45.26307],[1.19058,45.2594],[1.18784,45.25906],[1.18782,45.25723]]]}},{"type":"Feature","id":"fr-commune-24048","properties":{"id":"fr-commune-24048","name":"Bonneville-et-Saint-Avit-de-Fumadières","kind":"commune","center":[0.0805,44.885],"code":"24048","department":"24"},"bbox":[0.05829,44.86684,0.10273,44.9032],"geometry":{"type":"Polygon","coordinates":[[[0.10273,44.87028],[0.09938,44.87027],[0.09535,44.86881],[0.09415,44.86772],[0.09067,44.86684],[0.08848,44.86812],[0.08624,44.869],[0.08327,44.86894],[0.08161,44.8692],[0.07979,44.86876],[0.07788,44.86877],[0.07745,44.87245],[0.07694,44.87412],[0.07798,44.87545],[0.07694,44.87584],[0.07403,44.87607],[0.07112,44.87791],[0.07097,44.87892],[0.06944,44.88079],[0.06817,44.88179],[0.06559,44.88274],[0.0655,44.88428],[0.06253,44.88588],[0.06326,44.88644],[0.06025,44.88856],[0.06008,44.89055],[0.05829,44.89364],[0.05963,44.89385],[0.05941,44.89507],[0.06164,44.89577],[0.06172,44.89682],[0.06368,44.89764],[0.06693,44.89658],[0.06962,44.89612],[0.07094,44.89675],[0.07269,44.89867],[0.0747,44.89926],[0.0754,44.90216],[0.07653,44.90223],[0.07741,44.9032],[0.07855,44.90293],[0.08134,44.90316],[0.08411,44.90311],[0.08476,44.90176],[0.08657,44.89953],[0.08688,44.89577],[0.08615,44.89477],[0.0876,44.89379],[0.08828,44.89231],[0.08665,44.8917],[0.08455,44.89203],[0.08424,44.89072],[0.08594,44.89083],[0.08613,44.88767],[0.08972,44.88591],[0.09368,44.88488],[0.09504,44.88475],[0.09694,44.88244],[0.09719,44.88159],[0.09714,44.87743],[0.09921,44.87777],[0.09945,44.87567],[0.10063,44.87451],[0.1011,44.87278],[0.10273,44.87028]]]}},{"type":"Feature","id":"fr-commune-24050","properties":{"id":"fr-commune-24050","name":"Borrèze","kind":"commune","center":[1.3906,44.972],"code":"24050","department":"24"},"bbox":[1.34491,44.93722,1.43633,45.00686],"geometry":{"type":"Polygon","coordinates":[[[1.43311,44.94611],[1.4345,44.94465],[1.43533,44.94183],[1.43633,44.94094],[1.43546,44.93868],[1.4334,44.93835],[1.4331,44.93722],[1.43098,44.93771],[1.42869,44.93784],[1.42704,44.93832],[1.42534,44.93807],[1.42291,44.93893],[1.42026,44.93871],[1.41688,44.93923],[1.41699,44.93986],[1.41307,44.94165],[1.4118,44.94168],[1.40996,44.94295],[1.40741,44.9432],[1.40682,44.94426],[1.40342,44.94445],[1.40106,44.9453],[1.39958,44.94523],[1.39683,44.9463],[1.39692,44.94842],[1.39536,44.94954],[1.39423,44.94977],[1.39191,44.95128],[1.38846,44.95186],[1.38539,44.95396],[1.38314,44.95468],[1.37858,44.95502],[1.37715,44.95535],[1.37531,44.9566],[1.37463,44.95825],[1.37519,44.96206],[1.37449,44.96379],[1.37335,44.96474],[1.37023,44.96505],[1.36793,44.96469],[1.36211,44.96454],[1.36064,44.96504],[1.35814,44.9666],[1.3568,44.96789],[1.35678,44.96886],[1.35574,44.96975],[1.35026,44.97215],[1.3481,44.9738],[1.3466,44.97715],[1.34568,44.98045],[1.34491,44.98146],[1.34659,44.98196],[1.34928,44.98116],[1.351,44.98114],[1.35264,44.98264],[1.35479,44.98329],[1.35638,44.98561],[1.35639,44.98796],[1.35799,44.99043],[1.35789,44.99124],[1.35886,44.99394],[1.35852,44.99568],[1.35932,44.99719],[1.35787,44.99931],[1.36063,45.00038],[1.36586,45.00535],[1.36682,45.00507],[1.36852,45.00183],[1.37116,45.00001],[1.37404,44.99926],[1.37745,44.999],[1.37921,44.99849],[1.38044,44.99943],[1.38393,44.99951],[1.38829,45.00104],[1.38958,45.00095],[1.39193,45.00187],[1.39454,45.00417],[1.39577,45.00558],[1.39787,45.00589],[1.40106,45.00578],[1.40161,45.00483],[1.40578,45.00571],[1.40731,45.00651],[1.4091,45.00686],[1.4095,45.00523],[1.41065,45.00381],[1.41168,45.00168],[1.41345,44.99923],[1.41403,44.99529],[1.41561,44.99359],[1.41432,44.99333],[1.41348,44.99126],[1.41135,44.9895],[1.41208,44.98808],[1.41179,44.98663],[1.4146,44.98502],[1.41584,44.98477],[1.41754,44.98362],[1.41784,44.98258],[1.41759,44.98064],[1.41451,44.97778],[1.41453,44.97639],[1.41367,44.97543],[1.41401,44.97415],[1.41246,44.97355],[1.41272,44.97236],[1.41445,44.97144],[1.41594,44.96966],[1.42089,44.96863],[1.42164,44.9674],[1.42076,44.96503],[1.41991,44.9638],[1.41691,44.96225],[1.4172,44.96048],[1.41866,44.96072],[1.41966,44.95941],[1.4188,44.95632],[1.42178,44.95594],[1.42233,44.95385],[1.42412,44.9519],[1.42565,44.95138],[1.42606,44.9496],[1.42753,44.94739],[1.4291,44.94612],[1.43065,44.94572],[1.43311,44.94611]]]}},{"type":"Feature","id":"fr-commune-24051","properties":{"id":"fr-commune-24051","name":"Bosset","kind":"commune","center":[0.362,44.9535],"code":"24051","department":"24"},"bbox":[0.32786,44.93109,0.39625,44.97584],"geometry":{"type":"Polygon","coordinates":[[[0.3325,44.95151],[0.33287,44.9524],[0.33121,44.95548],[0.3288,44.95799],[0.33001,44.95999],[0.33339,44.96096],[0.34049,44.96068],[0.33993,44.96205],[0.34193,44.96277],[0.34317,44.96388],[0.34596,44.96212],[0.34999,44.96292],[0.35199,44.96505],[0.35199,44.96761],[0.35382,44.96811],[0.3548,44.96961],[0.35884,44.96975],[0.35986,44.97158],[0.36255,44.97153],[0.36352,44.97321],[0.36462,44.97418],[0.36456,44.97584],[0.36575,44.97577],[0.36666,44.97371],[0.36746,44.97315],[0.36749,44.9712],[0.36853,44.97004],[0.3704,44.96876],[0.37505,44.96895],[0.378,44.96838],[0.37967,44.96908],[0.38068,44.96742],[0.37981,44.9669],[0.38054,44.96541],[0.37963,44.96244],[0.38092,44.96168],[0.38308,44.96166],[0.38645,44.9624],[0.38986,44.96212],[0.39405,44.96044],[0.39497,44.95839],[0.39625,44.95664],[0.39549,44.9548],[0.39553,44.95341],[0.39387,44.952],[0.39171,44.95319],[0.38799,44.95032],[0.39044,44.94828],[0.39002,44.94734],[0.39128,44.9452],[0.39022,44.94417],[0.38603,44.94414],[0.38283,44.9453],[0.38372,44.94315],[0.38235,44.94064],[0.38289,44.93907],[0.3839,44.93819],[0.38402,44.93652],[0.38475,44.93505],[0.37968,44.93227],[0.37711,44.93205],[0.37661,44.93138],[0.37424,44.93385],[0.37252,44.93281],[0.37095,44.93235],[0.36898,44.93109],[0.36564,44.93406],[0.36454,44.93442],[0.3629,44.93606],[0.36748,44.93798],[0.36688,44.9388],[0.36461,44.94001],[0.36397,44.94094],[0.35992,44.94284],[0.35564,44.94333],[0.35273,44.9426],[0.34905,44.94234],[0.34546,44.941],[0.34336,44.9383],[0.34116,44.9364],[0.33728,44.93507],[0.33755,44.9365],[0.33543,44.93837],[0.33759,44.93981],[0.33706,44.94047],[0.33539,44.94062],[0.33232,44.94007],[0.33055,44.94098],[0.32831,44.94151],[0.32786,44.94212],[0.32824,44.94399],[0.32928,44.94497],[0.32974,44.94741],[0.33255,44.95031],[0.3325,44.95151]]]}},{"type":"Feature","id":"fr-commune-24052","properties":{"id":"fr-commune-24052","name":"Bouillac","kind":"commune","center":[0.921,44.7664],"code":"24052","department":"24"},"bbox":[0.89872,44.74304,0.9433,44.78982],"geometry":{"type":"Polygon","coordinates":[[[0.94216,44.77605],[0.94225,44.77458],[0.94132,44.77182],[0.94134,44.76993],[0.94077,44.76746],[0.93522,44.76527],[0.93322,44.76361],[0.93182,44.76133],[0.93591,44.75913],[0.93326,44.75796],[0.93223,44.75699],[0.93244,44.75555],[0.93144,44.75452],[0.93324,44.75415],[0.93572,44.75481],[0.93802,44.75469],[0.94021,44.75409],[0.9433,44.75235],[0.94313,44.75038],[0.94208,44.74823],[0.94149,44.746],[0.94078,44.74472],[0.93895,44.74544],[0.93189,44.74429],[0.92608,44.74359],[0.9237,44.74304],[0.92197,44.7436],[0.9159,44.74364],[0.91398,44.74411],[0.91077,44.74354],[0.90757,44.74476],[0.90738,44.74854],[0.90505,44.75382],[0.90701,44.75639],[0.90697,44.75992],[0.90461,44.75957],[0.90186,44.76052],[0.89976,44.75863],[0.89878,44.76081],[0.89872,44.765],[0.90024,44.76667],[0.90072,44.76835],[0.90217,44.77013],[0.90252,44.77138],[0.90038,44.77488],[0.89991,44.77802],[0.90033,44.77906],[0.90334,44.7795],[0.90399,44.78041],[0.90664,44.78161],[0.90873,44.78195],[0.90963,44.78429],[0.9108,44.78481],[0.91207,44.78675],[0.91512,44.78982],[0.91696,44.78834],[0.92276,44.78553],[0.9317,44.78138],[0.93519,44.7794],[0.94216,44.77605]]]}},{"type":"Feature","id":"fr-commune-24053","properties":{"id":"fr-commune-24053","name":"Boulazac Isle Manoire","kind":"commune","center":[0.7878,45.1385],"code":"24053","department":"24"},"bbox":[0.72465,45.08555,0.85086,45.19149],"geometry":{"type":"Polygon","coordinates":[[[0.83314,45.10555],[0.83103,45.10418],[0.83015,45.10286],[0.82972,45.10015],[0.82897,45.09934],[0.82828,45.09706],[0.82509,45.09487],[0.82289,45.09409],[0.82192,45.09307],[0.8178,45.09129],[0.8165,45.09104],[0.81094,45.08914],[0.80913,45.08684],[0.8087,45.08555],[0.80413,45.08791],[0.8031,45.08874],[0.80543,45.08998],[0.80669,45.09106],[0.80559,45.09176],[0.80632,45.09258],[0.80684,45.09506],[0.80863,45.09977],[0.80775,45.1008],[0.80962,45.10291],[0.81026,45.10536],[0.81022,45.10689],[0.81125,45.1091],[0.81182,45.10951],[0.80972,45.11119],[0.80907,45.11636],[0.80678,45.1164],[0.79842,45.11869],[0.79739,45.11862],[0.79369,45.11941],[0.7914,45.12114],[0.78892,45.12182],[0.78351,45.11555],[0.78112,45.11304],[0.77351,45.1106],[0.77162,45.1103],[0.77053,45.10821],[0.76878,45.10736],[0.76506,45.10702],[0.76256,45.10743],[0.76108,45.1084],[0.75488,45.10923],[0.75195,45.10975],[0.75041,45.11133],[0.7487,45.11183],[0.74882,45.11311],[0.75109,45.11506],[0.75352,45.11679],[0.75075,45.11724],[0.74575,45.11914],[0.7417,45.1197],[0.73962,45.12341],[0.73792,45.12514],[0.73783,45.1259],[0.7354,45.12857],[0.73536,45.12922],[0.73702,45.13081],[0.73739,45.13474],[0.73338,45.13543],[0.73279,45.13595],[0.73028,45.13645],[0.72867,45.13752],[0.72988,45.14095],[0.72717,45.14576],[0.72475,45.14849],[0.72573,45.15073],[0.72465,45.15169],[0.7251,45.15376],[0.72681,45.15652],[0.72668,45.15867],[0.72994,45.15795],[0.73102,45.15881],[0.7348,45.16325],[0.73535,45.16512],[0.7386,45.16604],[0.73719,45.16898],[0.73562,45.17146],[0.73342,45.17432],[0.73165,45.17717],[0.73581,45.1786],[0.73795,45.1789],[0.74111,45.17883],[0.74289,45.17907],[0.74713,45.18038],[0.74627,45.18172],[0.74448,45.18296],[0.73963,45.18363],[0.73972,45.18763],[0.74259,45.18775],[0.74666,45.18617],[0.74861,45.18384],[0.75022,45.18276],[0.75174,45.18227],[0.75489,45.18259],[0.7576,45.18454],[0.76071,45.18587],[0.76176,45.18693],[0.76505,45.18795],[0.76679,45.18876],[0.77153,45.19024],[0.77421,45.19021],[0.77734,45.18938],[0.78417,45.18925],[0.78892,45.18996],[0.79661,45.19149],[0.79757,45.18983],[0.80026,45.1876],[0.80165,45.18584],[0.80217,45.1832],[0.80095,45.18208],[0.79955,45.18147],[0.79879,45.1797],[0.79911,45.17775],[0.79849,45.1762],[0.79709,45.17482],[0.79775,45.17429],[0.79529,45.17216],[0.79306,45.16973],[0.79228,45.16837],[0.79119,45.16778],[0.79036,45.1651],[0.79183,45.16313],[0.7928,45.16242],[0.79368,45.15824],[0.80633,45.15405],[0.80956,45.15082],[0.81249,45.15154],[0.81369,45.15145],[0.81446,45.1481],[0.81412,45.1472],[0.81382,45.14126],[0.81135,45.13982],[0.81374,45.13868],[0.81658,45.13643],[0.82,45.13563],[0.82091,45.1348],[0.8236,45.13477],[0.8293,45.13827],[0.83183,45.13758],[0.83215,45.13706],[0.83559,45.13634],[0.83653,45.13584],[0.84434,45.13508],[0.84556,45.13454],[0.84865,45.13185],[0.85086,45.13028],[0.85038,45.12789],[0.8504,45.12446],[0.84796,45.12267],[0.85016,45.1221],[0.84884,45.11978],[0.84918,45.11865],[0.84806,45.11711],[0.8479,45.11583],[0.84672,45.1141],[0.84586,45.11206],[0.84329,45.11066],[0.84123,45.11021],[0.83712,45.10671],[0.83314,45.10555]]]}},{"type":"Feature","id":"fr-commune-24054","properties":{"id":"fr-commune-24054","name":"Bouniagues","kind":"commune","center":[0.528,44.756],"code":"24054","department":"24"},"bbox":[0.50332,44.74067,0.55272,44.77129],"geometry":{"type":"Polygon","coordinates":[[[0.55101,44.76245],[0.55058,44.76039],[0.54953,44.75877],[0.5498,44.75707],[0.55174,44.75569],[0.55272,44.75087],[0.55244,44.74979],[0.55057,44.74833],[0.54974,44.7482],[0.54771,44.74826],[0.54532,44.74728],[0.54028,44.74805],[0.53861,44.74713],[0.53611,44.74727],[0.5326,44.74523],[0.52925,44.74435],[0.52654,44.74429],[0.52118,44.74548],[0.52007,44.7449],[0.51768,44.74621],[0.51483,44.74689],[0.51107,44.74469],[0.50891,44.74368],[0.50789,44.74256],[0.50604,44.74247],[0.50332,44.74067],[0.5049,44.74435],[0.50409,44.74656],[0.50627,44.75342],[0.50659,44.75505],[0.50528,44.75707],[0.50576,44.75833],[0.50694,44.7581],[0.50737,44.76003],[0.50908,44.76066],[0.51154,44.76311],[0.51041,44.76688],[0.5095,44.76763],[0.5113,44.76747],[0.51349,44.76798],[0.51649,44.76813],[0.51971,44.7689],[0.52354,44.77111],[0.52425,44.77042],[0.52851,44.77129],[0.52953,44.77096],[0.53314,44.77073],[0.53524,44.77099],[0.53743,44.77082],[0.53973,44.76975],[0.54125,44.77016],[0.54249,44.76972],[0.5427,44.76813],[0.54206,44.7674],[0.54348,44.76552],[0.54536,44.76188],[0.54818,44.76201],[0.55101,44.76245]]]}},{"type":"Feature","id":"fr-commune-24055","properties":{"id":"fr-commune-24055","name":"Bourdeilles","kind":"commune","center":[0.5742,45.3239],"code":"24055","department":"24"},"bbox":[0.53605,45.28495,0.61241,45.36202],"geometry":{"type":"Polygon","coordinates":[[[0.53605,45.30177],[0.53804,45.30164],[0.54011,45.29905],[0.54115,45.29847],[0.54418,45.29874],[0.547,45.30019],[0.54752,45.30084],[0.5464,45.30329],[0.54518,45.30501],[0.54618,45.30642],[0.54904,45.30558],[0.55162,45.30434],[0.55414,45.30346],[0.55683,45.30313],[0.55966,45.3032],[0.563,45.30412],[0.56562,45.30511],[0.56862,45.30585],[0.5689,45.30777],[0.56569,45.30898],[0.56267,45.31165],[0.56212,45.31277],[0.56071,45.31394],[0.56077,45.31553],[0.56183,45.31859],[0.56141,45.31994],[0.5592,45.32069],[0.55791,45.32318],[0.55772,45.32506],[0.5583,45.32631],[0.55718,45.327],[0.55599,45.3307],[0.557,45.33113],[0.5569,45.33306],[0.55814,45.33374],[0.56257,45.3352],[0.56259,45.3364],[0.56515,45.338],[0.56618,45.33784],[0.56866,45.33877],[0.56847,45.34025],[0.57055,45.3426],[0.57017,45.34456],[0.57107,45.345],[0.57174,45.34685],[0.57134,45.34773],[0.57246,45.34936],[0.57321,45.34898],[0.57545,45.34779],[0.57696,45.34759],[0.57998,45.34661],[0.58148,45.34863],[0.58334,45.35005],[0.58573,45.3512],[0.58964,45.35263],[0.59074,45.3544],[0.59281,45.35464],[0.59527,45.35369],[0.59572,45.35461],[0.59739,45.35414],[0.5996,45.35437],[0.59999,45.35602],[0.60169,45.35559],[0.60293,45.35612],[0.60288,45.35821],[0.60373,45.35909],[0.60506,45.35914],[0.60764,45.36202],[0.61011,45.36099],[0.60851,45.35943],[0.60914,45.35781],[0.60872,45.35643],[0.60678,45.353],[0.60881,45.35229],[0.60743,45.35075],[0.60665,45.35108],[0.60509,45.34999],[0.60231,45.34869],[0.60405,45.34513],[0.60485,45.34408],[0.60774,45.34189],[0.6072,45.34086],[0.59994,45.33976],[0.59989,45.33846],[0.59762,45.33861],[0.5968,45.33617],[0.59684,45.33477],[0.59451,45.33456],[0.5928,45.33402],[0.59183,45.33275],[0.59198,45.32838],[0.59472,45.32745],[0.59795,45.32737],[0.60018,45.32561],[0.59899,45.32487],[0.60282,45.32256],[0.60585,45.32022],[0.60403,45.32016],[0.60399,45.31902],[0.60777,45.31711],[0.60615,45.31605],[0.60328,45.31341],[0.60544,45.31135],[0.60859,45.31004],[0.61108,45.30873],[0.61241,45.30836],[0.61173,45.30751],[0.60889,45.30703],[0.60583,45.30502],[0.60585,45.30443],[0.60772,45.30168],[0.6095,45.29831],[0.60421,45.298],[0.60021,45.2972],[0.59941,45.29832],[0.5946,45.29809],[0.58999,45.29674],[0.58828,45.29672],[0.58678,45.29577],[0.58596,45.29441],[0.58587,45.29244],[0.58642,45.28933],[0.58467,45.28931],[0.58493,45.2879],[0.58441,45.28591],[0.58331,45.28495],[0.58275,45.28583],[0.58094,45.28549],[0.5798,45.28598],[0.57563,45.28692],[0.57029,45.28866],[0.5684,45.28881],[0.56414,45.28997],[0.55821,45.29133],[0.55467,45.29302],[0.55266,45.2934],[0.54977,45.29484],[0.54692,45.29516],[0.54418,45.29675],[0.54258,45.29664],[0.53929,45.29772],[0.53639,45.29812],[0.53605,45.30177]]]}},{"type":"Feature","id":"fr-commune-24056","properties":{"id":"fr-commune-24056","name":"Le Bourdeix","kind":"commune","center":[0.6362,45.5813],"code":"24056","department":"24"},"bbox":[0.60185,45.56035,0.67061,45.60212],"geometry":{"type":"Polygon","coordinates":[[[0.61597,45.59268],[0.61753,45.5954],[0.61995,45.59793],[0.62087,45.59824],[0.62546,45.59833],[0.62837,45.59787],[0.63037,45.59695],[0.63394,45.59911],[0.63598,45.59962],[0.63839,45.60078],[0.6386,45.60141],[0.63896,45.60207],[0.64112,45.60212],[0.64184,45.60129],[0.64196,45.59939],[0.64273,45.59724],[0.64446,45.59502],[0.64438,45.59353],[0.64675,45.59214],[0.64611,45.59104],[0.64518,45.58814],[0.64641,45.58823],[0.64822,45.57981],[0.64943,45.57935],[0.65094,45.57952],[0.65228,45.57833],[0.65368,45.57902],[0.65491,45.57826],[0.65572,45.57633],[0.65947,45.57409],[0.66121,45.57358],[0.66499,45.57133],[0.6691,45.57015],[0.67061,45.56691],[0.66716,45.56269],[0.6655,45.56172],[0.66285,45.56247],[0.66026,45.564],[0.65937,45.56532],[0.65745,45.56236],[0.65647,45.56172],[0.65445,45.56035],[0.65145,45.56105],[0.64932,45.56279],[0.64608,45.56328],[0.64282,45.56434],[0.63903,45.56468],[0.6357,45.56578],[0.63364,45.56566],[0.63247,45.56632],[0.62992,45.56612],[0.62804,45.56647],[0.62518,45.56801],[0.62375,45.56781],[0.62139,45.56853],[0.61939,45.56877],[0.61671,45.57035],[0.61471,45.57105],[0.61132,45.57277],[0.60846,45.57224],[0.60775,45.57086],[0.60707,45.57141],[0.60185,45.57358],[0.60409,45.57517],[0.60707,45.57668],[0.61343,45.5812],[0.61547,45.58322],[0.618,45.58627],[0.6184,45.58852],[0.6168,45.58947],[0.6159,45.59131],[0.61597,45.59268]]]}},{"type":"Feature","id":"fr-commune-24057","properties":{"id":"fr-commune-24057","name":"Bourg-des-Maisons","kind":"commune","center":[0.4356,45.3369],"code":"24057","department":"24"},"bbox":[0.40983,45.32062,0.46134,45.35324],"geometry":{"type":"Polygon","coordinates":[[[0.40983,45.34248],[0.41109,45.34364],[0.41268,45.3461],[0.41505,45.34729],[0.41711,45.34903],[0.41751,45.35098],[0.42093,45.3518],[0.42202,45.35324],[0.42601,45.35145],[0.43092,45.35138],[0.43455,45.35284],[0.43607,45.3531],[0.43835,45.3526],[0.44283,45.35114],[0.44154,45.34968],[0.43936,45.34836],[0.44168,45.34731],[0.44549,45.34601],[0.44736,45.34514],[0.45259,45.34438],[0.45235,45.34296],[0.45282,45.34092],[0.45264,45.33992],[0.45356,45.33861],[0.45385,45.33653],[0.45331,45.33567],[0.4559,45.33085],[0.45697,45.33004],[0.45808,45.32835],[0.46012,45.32588],[0.46134,45.32524],[0.45953,45.3236],[0.45825,45.3235],[0.45536,45.32234],[0.45286,45.32268],[0.45012,45.32191],[0.44871,45.32062],[0.44671,45.32076],[0.44591,45.32269],[0.44085,45.32528],[0.43646,45.32415],[0.43605,45.32491],[0.43016,45.32608],[0.42695,45.32719],[0.42329,45.32577],[0.42262,45.32585],[0.42156,45.32684],[0.4172,45.32914],[0.41507,45.33],[0.41337,45.33108],[0.41128,45.3346],[0.41173,45.33777],[0.41015,45.34103],[0.40983,45.34248]]]}},{"type":"Feature","id":"fr-commune-24058","properties":{"id":"fr-commune-24058","name":"Bourg-du-Bost","kind":"commune","center":[0.2615,45.2667],"code":"24058","department":"24"},"bbox":[0.24121,45.24312,0.28259,45.29021],"geometry":{"type":"Polygon","coordinates":[[[0.24662,45.29021],[0.24754,45.2892],[0.24897,45.28869],[0.25246,45.28958],[0.25513,45.28887],[0.2563,45.2879],[0.25613,45.28559],[0.26186,45.28155],[0.26382,45.2796],[0.26845,45.27453],[0.2689,45.27303],[0.27033,45.27154],[0.27201,45.26915],[0.27358,45.26829],[0.27595,45.26929],[0.27872,45.26908],[0.2798,45.26831],[0.28144,45.26923],[0.28259,45.26764],[0.28138,45.26733],[0.27994,45.26467],[0.28072,45.26388],[0.27962,45.26188],[0.27835,45.26161],[0.2783,45.25944],[0.27966,45.25578],[0.27904,45.25258],[0.28152,45.25171],[0.28109,45.24872],[0.28025,45.24611],[0.28111,45.24534],[0.27555,45.24312],[0.27254,45.24516],[0.26857,45.24605],[0.2704,45.24656],[0.27058,45.24715],[0.26769,45.24864],[0.26557,45.25079],[0.26607,45.25137],[0.26515,45.25374],[0.2633,45.25422],[0.26311,45.2553],[0.26081,45.25608],[0.25973,45.25907],[0.25691,45.26111],[0.25487,45.26193],[0.25691,45.26285],[0.25812,45.26397],[0.2506,45.26763],[0.24732,45.27038],[0.24564,45.27209],[0.24125,45.27309],[0.24121,45.27359],[0.24133,45.27491],[0.2434,45.27696],[0.24397,45.27842],[0.24612,45.28179],[0.24429,45.28327],[0.24789,45.28536],[0.24829,45.28722],[0.24645,45.28863],[0.24662,45.29021]]]}},{"type":"Feature","id":"fr-commune-24059","properties":{"id":"fr-commune-24059","name":"Bourgnac","kind":"commune","center":[0.397,45.0148],"code":"24059","department":"24"},"bbox":[0.37298,44.99591,0.42065,45.03365],"geometry":{"type":"Polygon","coordinates":[[[0.37298,45.01977],[0.37352,45.02077],[0.37489,45.02039],[0.37574,45.02168],[0.3756,45.02288],[0.37736,45.02453],[0.37888,45.02389],[0.38457,45.02605],[0.38642,45.02572],[0.38824,45.02695],[0.3893,45.02843],[0.3897,45.02985],[0.39162,45.03032],[0.39117,45.03221],[0.39542,45.03251],[0.39925,45.03341],[0.40252,45.03365],[0.40629,45.03323],[0.41196,45.03334],[0.41573,45.03165],[0.41589,45.03071],[0.41743,45.02835],[0.42065,45.0259],[0.41873,45.0244],[0.41738,45.02229],[0.41589,45.02079],[0.41526,45.01832],[0.41612,45.01704],[0.41488,45.01625],[0.41358,45.01382],[0.41344,45.01216],[0.41198,45.01121],[0.41107,45.01049],[0.4114,45.00792],[0.40934,45.00439],[0.40879,45.00288],[0.40624,45.002],[0.40503,45.00029],[0.40274,44.99632],[0.4013,44.99591],[0.39743,44.99847],[0.39629,45.00006],[0.39537,45.0005],[0.39216,44.99978],[0.39099,44.99924],[0.38778,45.00022],[0.38499,45.00221],[0.38411,45.00326],[0.38605,45.00393],[0.38859,45.00437],[0.38918,45.00731],[0.38753,45.00952],[0.38554,45.00872],[0.38399,45.00921],[0.38402,45.01042],[0.38269,45.01035],[0.382,45.01174],[0.38081,45.01135],[0.37863,45.01195],[0.37807,45.01286],[0.37807,45.01437],[0.37741,45.01705],[0.3756,45.01757],[0.37298,45.01977]]]}},{"type":"Feature","id":"fr-commune-24060","properties":{"id":"fr-commune-24060","name":"Bourniquel","kind":"commune","center":[0.7704,44.8102],"code":"24060","department":"24"},"bbox":[0.7455,44.79324,0.79532,44.82712],"geometry":{"type":"Polygon","coordinates":[[[0.7455,44.79886],[0.74602,44.80028],[0.74629,44.80454],[0.74761,44.80928],[0.74601,44.81047],[0.74763,44.81162],[0.74937,44.81336],[0.75114,44.81664],[0.75314,44.81494],[0.75664,44.81377],[0.75979,44.81592],[0.76674,44.81728],[0.76819,44.81857],[0.76568,44.82028],[0.76416,44.82289],[0.77322,44.82391],[0.77483,44.82342],[0.7787,44.82712],[0.78048,44.82624],[0.78171,44.82353],[0.78306,44.82248],[0.78618,44.82231],[0.78785,44.82121],[0.78982,44.82092],[0.78683,44.81423],[0.7888,44.81288],[0.78888,44.81218],[0.79053,44.81184],[0.79532,44.81274],[0.79037,44.8084],[0.79068,44.8037],[0.78933,44.80194],[0.78888,44.79981],[0.7874,44.79731],[0.78652,44.79687],[0.78503,44.79561],[0.78257,44.79513],[0.78009,44.79543],[0.77753,44.79654],[0.77654,44.79581],[0.77495,44.79626],[0.77356,44.79584],[0.77083,44.79519],[0.7671,44.79331],[0.76568,44.79324],[0.76173,44.7947],[0.76018,44.79634],[0.75476,44.79689],[0.75377,44.79661],[0.75092,44.79776],[0.75023,44.79841],[0.74804,44.79909],[0.7455,44.79886]]]}},{"type":"Feature","id":"fr-commune-24061","properties":{"id":"fr-commune-24061","name":"Bourrou","kind":"commune","center":[0.6028,45.0475],"code":"24061","department":"24"},"bbox":[0.57754,45.02948,0.62812,45.06519],"geometry":{"type":"Polygon","coordinates":[[[0.60176,45.03016],[0.59895,45.03258],[0.59518,45.03669],[0.59281,45.03993],[0.5913,45.04154],[0.58939,45.04196],[0.58769,45.04328],[0.58658,45.04555],[0.58589,45.04608],[0.5828,45.04604],[0.58447,45.04814],[0.58243,45.0507],[0.581,45.05392],[0.57984,45.05576],[0.57754,45.05807],[0.58038,45.05834],[0.58243,45.05783],[0.58445,45.05786],[0.58789,45.05864],[0.5901,45.0583],[0.59121,45.0602],[0.59202,45.06083],[0.59223,45.06211],[0.59424,45.06415],[0.60026,45.0643],[0.6029,45.06302],[0.60393,45.06346],[0.60709,45.06365],[0.60828,45.06335],[0.61073,45.06343],[0.61446,45.06498],[0.61699,45.06519],[0.61705,45.06426],[0.61906,45.05999],[0.61877,45.05896],[0.62182,45.05763],[0.62039,45.05732],[0.62054,45.05602],[0.61982,45.05506],[0.62139,45.05229],[0.62508,45.05121],[0.62812,45.05],[0.62741,45.04815],[0.62575,45.04625],[0.62274,45.04691],[0.62008,45.04424],[0.61849,45.04458],[0.61726,45.04354],[0.61807,45.04231],[0.61933,45.03823],[0.61923,45.0375],[0.62404,45.03766],[0.62409,45.03476],[0.62238,45.033],[0.62053,45.03177],[0.61901,45.02948],[0.61705,45.03039],[0.61316,45.03036],[0.61037,45.03072],[0.60697,45.02996],[0.60176,45.03016]]]}},{"type":"Feature","id":"fr-commune-24062","properties":{"id":"fr-commune-24062","name":"Bouteilles-Saint-Sébastien","kind":"commune","center":[0.2908,45.3505],"code":"24062","department":"24"},"bbox":[0.25683,45.32981,0.32473,45.37118],"geometry":{"type":"Polygon","coordinates":[[[0.25683,45.35327],[0.2586,45.35479],[0.25969,45.35464],[0.26118,45.35633],[0.26291,45.35677],[0.26634,45.3595],[0.26746,45.35986],[0.26842,45.36107],[0.26931,45.36121],[0.27098,45.36259],[0.27275,45.36312],[0.27242,45.36418],[0.27406,45.36608],[0.27755,45.36645],[0.27772,45.36843],[0.28208,45.37118],[0.28406,45.37034],[0.28585,45.36901],[0.28656,45.36785],[0.287,45.36587],[0.28962,45.36433],[0.2911,45.36311],[0.29184,45.3632],[0.29329,45.36039],[0.29429,45.35988],[0.29492,45.35821],[0.29814,45.35844],[0.30009,45.35905],[0.30295,45.36057],[0.30565,45.36379],[0.3077,45.36399],[0.30956,45.36479],[0.31118,45.36606],[0.31155,45.36477],[0.31119,45.36218],[0.31015,45.35927],[0.31186,45.35736],[0.31249,45.35486],[0.31352,45.35434],[0.3158,45.34912],[0.31934,45.34759],[0.32317,45.34462],[0.32473,45.34415],[0.32094,45.343],[0.31908,45.34162],[0.31744,45.3379],[0.31565,45.33498],[0.31188,45.33418],[0.31052,45.33299],[0.30863,45.33304],[0.30685,45.33369],[0.30523,45.33491],[0.30397,45.33535],[0.30317,45.33318],[0.30372,45.33286],[0.30245,45.32982],[0.30148,45.32981],[0.30003,45.33132],[0.29715,45.33245],[0.29488,45.33372],[0.29156,45.33413],[0.29082,45.33526],[0.29083,45.33646],[0.28505,45.33699],[0.28406,45.3363],[0.28134,45.33535],[0.27907,45.33492],[0.27622,45.33384],[0.27211,45.33338],[0.27125,45.33379],[0.26703,45.33412],[0.26648,45.33514],[0.26485,45.33467],[0.26464,45.33486],[0.26347,45.33669],[0.26049,45.34316],[0.25974,45.34398],[0.25863,45.3466],[0.25805,45.34898],[0.25905,45.3501],[0.25683,45.35327]]]}},{"type":"Feature","id":"fr-commune-24063","properties":{"id":"fr-commune-24063","name":"Bouzic","kind":"commune","center":[1.2255,44.7221],"code":"24063","department":"24"},"bbox":[1.19397,44.69431,1.25709,44.7499],"geometry":{"type":"Polygon","coordinates":[[[1.19759,44.72535],[1.19841,44.72594],[1.19934,44.72776],[1.19947,44.72942],[1.2001,44.73016],[1.2057,44.73237],[1.20562,44.73349],[1.20804,44.73599],[1.20896,44.73739],[1.20949,44.73915],[1.211,44.73935],[1.21418,44.74122],[1.21576,44.74144],[1.2168,44.74336],[1.21582,44.74517],[1.21683,44.74652],[1.21621,44.7492],[1.21683,44.7499],[1.21833,44.74914],[1.21923,44.74807],[1.22096,44.74705],[1.22174,44.7458],[1.22302,44.7457],[1.22563,44.74367],[1.22735,44.74283],[1.22927,44.74262],[1.22838,44.74068],[1.22627,44.73777],[1.22525,44.73753],[1.22659,44.73468],[1.22634,44.73266],[1.22748,44.73231],[1.22975,44.73265],[1.23239,44.72965],[1.23274,44.72799],[1.23431,44.72841],[1.23621,44.73002],[1.23786,44.73061],[1.24143,44.72986],[1.24291,44.72829],[1.24459,44.72827],[1.24535,44.7266],[1.24939,44.72602],[1.25353,44.72827],[1.25544,44.72829],[1.25709,44.72908],[1.25553,44.7267],[1.25478,44.72618],[1.25282,44.72252],[1.25315,44.72036],[1.25053,44.71932],[1.24968,44.7186],[1.24759,44.71797],[1.24732,44.71642],[1.24578,44.71545],[1.24448,44.71537],[1.24144,44.71581],[1.24019,44.71745],[1.23718,44.71845],[1.23483,44.71969],[1.23425,44.7208],[1.23205,44.71942],[1.23044,44.71887],[1.228,44.71922],[1.22041,44.71456],[1.22174,44.71275],[1.22231,44.71064],[1.2223,44.70911],[1.21857,44.70759],[1.21669,44.70519],[1.21778,44.70451],[1.21505,44.70359],[1.21406,44.70294],[1.212,44.70243],[1.21227,44.69944],[1.21415,44.6969],[1.21412,44.69554],[1.20729,44.69528],[1.20319,44.69435],[1.20146,44.69431],[1.19925,44.69509],[1.2002,44.69594],[1.19789,44.69671],[1.19564,44.69793],[1.19397,44.69935],[1.19538,44.70016],[1.19802,44.70232],[1.1991,44.70475],[1.19654,44.70571],[1.19746,44.70629],[1.19684,44.70962],[1.1956,44.70963],[1.19765,44.71686],[1.19752,44.719],[1.19569,44.71934],[1.19739,44.72109],[1.19649,44.72235],[1.19825,44.72433],[1.19759,44.72535]]]}},{"type":"Feature","id":"fr-commune-24064","properties":{"id":"fr-commune-24064","name":"Brantôme en Périgord","kind":"commune","center":[0.6596,45.3756],"code":"24064","department":"24"},"bbox":[0.54913,45.29911,0.76998,45.45206],"geometry":{"type":"Polygon","coordinates":[[[0.76998,45.34824],[0.76923,45.34446],[0.76634,45.3399],[0.76605,45.33718],[0.76461,45.33511],[0.76279,45.3338],[0.76201,45.33177],[0.76048,45.33079],[0.76054,45.32973],[0.76161,45.32879],[0.76078,45.32554],[0.7598,45.32513],[0.76044,45.32392],[0.76032,45.32113],[0.75983,45.32023],[0.7618,45.31794],[0.7633,45.31725],[0.76367,45.31631],[0.76531,45.31477],[0.76479,45.31322],[0.76532,45.31171],[0.76479,45.31054],[0.76299,45.30903],[0.76266,45.30821],[0.76189,45.3072],[0.76022,45.30618],[0.7595,45.30686],[0.75634,45.30795],[0.75374,45.30858],[0.75047,45.31069],[0.74703,45.31047],[0.74418,45.30935],[0.74094,45.30683],[0.73897,45.30615],[0.73491,45.30913],[0.73177,45.31398],[0.73013,45.31537],[0.72925,45.31289],[0.72698,45.31119],[0.72579,45.30945],[0.72362,45.30829],[0.72085,45.30602],[0.71823,45.30658],[0.71599,45.30829],[0.71513,45.31021],[0.71268,45.31159],[0.70992,45.31411],[0.70636,45.31317],[0.70496,45.31236],[0.70348,45.31021],[0.70341,45.30931],[0.70195,45.3077],[0.69757,45.30701],[0.69519,45.30494],[0.6915,45.30556],[0.69117,45.30465],[0.69209,45.30296],[0.69052,45.30092],[0.68751,45.30032],[0.68586,45.29934],[0.68349,45.29958],[0.68135,45.29911],[0.67791,45.29954],[0.67675,45.30023],[0.67445,45.30113],[0.67376,45.3022],[0.67166,45.30369],[0.67016,45.3038],[0.66575,45.30281],[0.66496,45.3039],[0.66074,45.30495],[0.65616,45.30579],[0.65681,45.30738],[0.65456,45.3074],[0.65147,45.30637],[0.64727,45.30671],[0.64403,45.30666],[0.63895,45.30517],[0.63614,45.30585],[0.63376,45.30589],[0.63067,45.30741],[0.62836,45.30776],[0.62591,45.30652],[0.62483,45.30866],[0.62352,45.30971],[0.62115,45.30962],[0.61745,45.30838],[0.61545,45.3089],[0.61477,45.30821],[0.61241,45.30836],[0.61108,45.30873],[0.60859,45.31004],[0.60544,45.31135],[0.60328,45.31341],[0.60615,45.31605],[0.60777,45.31711],[0.60399,45.31902],[0.60403,45.32016],[0.60585,45.32022],[0.60282,45.32256],[0.59899,45.32487],[0.60018,45.32561],[0.59795,45.32737],[0.59472,45.32745],[0.59198,45.32838],[0.59183,45.33275],[0.5928,45.33402],[0.59451,45.33456],[0.59684,45.33477],[0.5968,45.33617],[0.59762,45.33861],[0.59989,45.33846],[0.59994,45.33976],[0.6072,45.34086],[0.60774,45.34189],[0.60485,45.34408],[0.60405,45.34513],[0.60231,45.34869],[0.60509,45.34999],[0.60665,45.35108],[0.60743,45.35075],[0.60881,45.35229],[0.60678,45.353],[0.60872,45.35643],[0.60914,45.35781],[0.60851,45.35943],[0.61011,45.36099],[0.60764,45.36202],[0.60506,45.35914],[0.60373,45.35909],[0.60288,45.35821],[0.60293,45.35612],[0.60169,45.35559],[0.59999,45.35602],[0.5996,45.35437],[0.59739,45.35414],[0.59572,45.35461],[0.59527,45.35369],[0.59281,45.35464],[0.59074,45.3544],[0.58964,45.35263],[0.58573,45.3512],[0.58334,45.35005],[0.58148,45.34863],[0.57998,45.34661],[0.57696,45.34759],[0.57545,45.34779],[0.57321,45.34898],[0.57492,45.34955],[0.57566,45.35133],[0.57338,45.353],[0.5724,45.35465],[0.57191,45.3574],[0.56836,45.35741],[0.56559,45.35836],[0.56228,45.35837],[0.56052,45.3587],[0.55988,45.36096],[0.56043,45.36137],[0.56035,45.36459],[0.55772,45.36622],[0.55958,45.36738],[0.55928,45.36881],[0.55804,45.36919],[0.55674,45.3703],[0.55281,45.36965],[0.55217,45.3721],[0.54913,45.37335],[0.54977,45.37355],[0.55193,45.37724],[0.55259,45.37799],[0.55511,45.37897],[0.55691,45.38118],[0.55645,45.3814],[0.55703,45.38365],[0.56075,45.38355],[0.5625,45.38412],[0.56521,45.38378],[0.56547,45.38455],[0.56717,45.38574],[0.56729,45.38849],[0.56796,45.38957],[0.56481,45.39055],[0.56233,45.39226],[0.56647,45.39576],[0.56584,45.39636],[0.57142,45.39795],[0.57368,45.39841],[0.57552,45.3956],[0.57727,45.3936],[0.57925,45.3949],[0.58159,45.39776],[0.5825,45.40036],[0.58448,45.40232],[0.58367,45.40331],[0.58483,45.405],[0.58422,45.40726],[0.58044,45.40841],[0.57357,45.40965],[0.57285,45.4107],[0.5738,45.41253],[0.57414,45.41451],[0.57381,45.41589],[0.57409,45.41757],[0.5738,45.41883],[0.57486,45.42189],[0.57676,45.42186],[0.57611,45.424],[0.57256,45.42609],[0.57185,45.42705],[0.57036,45.42771],[0.57106,45.4302],[0.57384,45.43282],[0.57647,45.43395],[0.578,45.43419],[0.5801,45.43656],[0.58303,45.43885],[0.58328,45.44027],[0.58735,45.44244],[0.58998,45.4433],[0.5941,45.44587],[0.59804,45.4452],[0.59807,45.44433],[0.60177,45.44452],[0.605,45.4459],[0.6059,45.44657],[0.60612,45.44825],[0.60706,45.44903],[0.61108,45.45106],[0.61581,45.45206],[0.61757,45.45151],[0.61767,45.45087],[0.62149,45.4475],[0.62161,45.44579],[0.62677,45.44609],[0.62842,45.44562],[0.62886,45.44478],[0.63021,45.4446],[0.63275,45.44273],[0.63369,45.44246],[0.63353,45.44129],[0.63578,45.43966],[0.63784,45.4392],[0.6402,45.4393],[0.64211,45.44012],[0.64415,45.44014],[0.64521,45.43871],[0.64705,45.43747],[0.64823,45.43752],[0.65117,45.43222],[0.65115,45.43085],[0.652,45.42928],[0.64832,45.42551],[0.64789,45.42445],[0.64916,45.42203],[0.64932,45.41999],[0.64845,45.41687],[0.64908,45.41546],[0.6501,45.41493],[0.65208,45.41304],[0.65223,45.41156],[0.65176,45.4087],[0.65065,45.40719],[0.6503,45.40562],[0.65147,45.40548],[0.65212,45.40324],[0.65605,45.39974],[0.65796,45.39874],[0.65922,45.39738],[0.66126,45.39806],[0.66572,45.39897],[0.66778,45.39415],[0.67033,45.39403],[0.66817,45.38707],[0.66534,45.38405],[0.6656,45.38304],[0.6675,45.38254],[0.66908,45.38301],[0.671,45.38251],[0.6725,45.38264],[0.67512,45.38193],[0.67578,45.37989],[0.67536,45.37787],[0.67834,45.37761],[0.68127,45.37673],[0.6822,45.37674],[0.68431,45.37549],[0.68596,45.37577],[0.68761,45.37471],[0.68558,45.37398],[0.68486,45.37169],[0.68625,45.36915],[0.68886,45.36816],[0.68982,45.36706],[0.69194,45.36646],[0.69378,45.3667],[0.69586,45.36881],[0.69822,45.36932],[0.70029,45.36788],[0.69914,45.36165],[0.70046,45.36032],[0.70229,45.35989],[0.70149,45.35668],[0.70157,45.35536],[0.70076,45.35326],[0.70154,45.34984],[0.70275,45.34612],[0.69913,45.34424],[0.70089,45.34238],[0.70126,45.34029],[0.70209,45.33863],[0.70549,45.33777],[0.70807,45.33989],[0.7096,45.33795],[0.71125,45.33766],[0.71344,45.33627],[0.71379,45.33759],[0.71658,45.33751],[0.71937,45.33825],[0.72052,45.33933],[0.72199,45.3418],[0.72256,45.34213],[0.72356,45.34444],[0.72544,45.34525],[0.72665,45.34658],[0.72954,45.34815],[0.73096,45.34975],[0.73364,45.3492],[0.73422,45.3478],[0.73651,45.34818],[0.74151,45.34983],[0.74261,45.35066],[0.74452,45.35011],[0.74583,45.35094],[0.74816,45.34947],[0.74978,45.34895],[0.7514,45.34904],[0.75335,45.34816],[0.75503,45.34929],[0.7577,45.35059],[0.75933,45.34989],[0.76164,45.34969],[0.76581,45.34997],[0.76754,45.35073],[0.76758,45.34945],[0.76998,45.34824]]]}},{"type":"Feature","id":"fr-commune-24066","properties":{"id":"fr-commune-24066","name":"Brouchaud","kind":"commune","center":[0.9919,45.2048],"code":"24066","department":"24"},"bbox":[0.96028,45.18479,1.02348,45.22475],"geometry":{"type":"Polygon","coordinates":[[[1.01306,45.21926],[1.0156,45.21891],[1.01952,45.21716],[1.0191,45.2149],[1.02041,45.21385],[1.02041,45.2112],[1.02113,45.20958],[1.02084,45.20636],[1.02021,45.20602],[1.02018,45.20404],[1.02197,45.20353],[1.02177,45.20117],[1.02268,45.19944],[1.02229,45.1984],[1.02272,45.19561],[1.01905,45.19407],[1.01635,45.19238],[1.02128,45.1887],[1.02348,45.18781],[1.02161,45.18482],[1.01958,45.18551],[1.01855,45.18479],[1.01703,45.18493],[1.01363,45.18599],[1.01242,45.18678],[1.01188,45.18785],[1.01043,45.18813],[1.00739,45.18675],[1.00613,45.18782],[1.00421,45.19051],[1.00243,45.19186],[1.00038,45.19116],[0.99763,45.19108],[0.99692,45.1921],[0.99383,45.19336],[0.98905,45.19346],[0.98685,45.19295],[0.98515,45.19101],[0.98367,45.19039],[0.98171,45.19341],[0.97763,45.19313],[0.97485,45.1922],[0.97446,45.19461],[0.97311,45.19753],[0.97579,45.19846],[0.97517,45.1993],[0.9731,45.19983],[0.97266,45.20166],[0.97385,45.2034],[0.97387,45.20493],[0.96777,45.20446],[0.96623,45.20672],[0.96446,45.20535],[0.96225,45.20747],[0.96222,45.20878],[0.96028,45.21034],[0.96134,45.21106],[0.96273,45.21424],[0.96408,45.21407],[0.968,45.21243],[0.97022,45.21248],[0.97326,45.21355],[0.97405,45.21243],[0.97674,45.2112],[0.97967,45.21366],[0.98317,45.2131],[0.98801,45.21335],[0.99067,45.21291],[0.9901,45.2145],[0.99064,45.21753],[0.99227,45.22076],[0.99052,45.22286],[0.99106,45.22374],[0.99354,45.22406],[0.9958,45.22343],[0.99835,45.22475],[1.00056,45.22434],[1.00208,45.22317],[1.0064,45.22295],[1.01038,45.22045],[1.01306,45.21926]]]}},{"type":"Feature","id":"fr-commune-24067","properties":{"id":"fr-commune-24067","name":"Le Bugue","kind":"commune","center":[0.9198,44.9249],"code":"24067","department":"24"},"bbox":[0.87439,44.89424,0.96514,44.95586],"geometry":{"type":"Polygon","coordinates":[[[0.87702,44.90938],[0.87622,44.91203],[0.87508,44.91445],[0.87439,44.91511],[0.87569,44.91592],[0.87513,44.91702],[0.87811,44.91905],[0.87905,44.92082],[0.88217,44.92099],[0.88382,44.9219],[0.88305,44.92319],[0.8822,44.9273],[0.88246,44.9286],[0.88155,44.92926],[0.88126,44.93197],[0.88244,44.93347],[0.88208,44.93487],[0.88237,44.93634],[0.88325,44.93797],[0.88321,44.94052],[0.88194,44.94236],[0.88182,44.94448],[0.88644,44.94357],[0.88965,44.94357],[0.89174,44.94321],[0.89367,44.9417],[0.89563,44.94144],[0.89348,44.94408],[0.89473,44.94468],[0.89554,44.94399],[0.8998,44.94549],[0.90415,44.94085],[0.90597,44.94124],[0.90835,44.94519],[0.90915,44.94582],[0.90885,44.94716],[0.90991,44.95018],[0.90954,44.95182],[0.91036,44.95269],[0.91152,44.9554],[0.91384,44.95513],[0.91425,44.95436],[0.91594,44.95432],[0.91691,44.95377],[0.91838,44.955],[0.92034,44.95498],[0.92345,44.95586],[0.92696,44.95522],[0.92689,44.95394],[0.92808,44.95347],[0.92975,44.95191],[0.93119,44.9494],[0.93635,44.9505],[0.93801,44.95146],[0.94139,44.95178],[0.94502,44.95148],[0.94677,44.95219],[0.94841,44.95179],[0.95051,44.95238],[0.95189,44.95545],[0.953,44.95438],[0.95367,44.95166],[0.95434,44.95002],[0.95473,44.94783],[0.95606,44.94593],[0.95622,44.94225],[0.95498,44.93876],[0.95756,44.93609],[0.95916,44.93332],[0.96164,44.93165],[0.96186,44.92984],[0.96087,44.92862],[0.96049,44.92725],[0.96084,44.9263],[0.96002,44.92426],[0.95981,44.92227],[0.96096,44.91953],[0.96453,44.91619],[0.96514,44.9159],[0.96262,44.91442],[0.96106,44.91242],[0.96023,44.90663],[0.95886,44.90356],[0.95779,44.89962],[0.95562,44.89678],[0.95467,44.89621],[0.95223,44.8958],[0.94984,44.89588],[0.94545,44.89652],[0.94285,44.89721],[0.94132,44.89671],[0.94147,44.89424],[0.94032,44.89479],[0.94081,44.8962],[0.93907,44.89748],[0.93703,44.89963],[0.936,44.89964],[0.93428,44.90083],[0.93372,44.89843],[0.92726,44.8991],[0.92637,44.90034],[0.92407,44.90033],[0.92429,44.90164],[0.92234,44.90137],[0.9216,44.90232],[0.9153,44.90699],[0.91415,44.90913],[0.91356,44.91122],[0.90966,44.91191],[0.90726,44.91483],[0.90437,44.91384],[0.90243,44.91402],[0.901,44.91727],[0.9001,44.91778],[0.8983,44.91583],[0.89691,44.91485],[0.89246,44.91344],[0.89119,44.91274],[0.88807,44.91279],[0.88657,44.91325],[0.88394,44.91257],[0.88169,44.91235],[0.8775,44.91018],[0.87702,44.90938]]]}},{"type":"Feature","id":"fr-commune-24068","properties":{"id":"fr-commune-24068","name":"Le Buisson-de-Cadouin","kind":"commune","center":[0.8885,44.8144],"code":"24068","department":"24"},"bbox":[0.82799,44.77176,0.94906,44.85675],"geometry":{"type":"Polygon","coordinates":[[[0.83256,44.85258],[0.83479,44.85191],[0.84241,44.85045],[0.84677,44.85036],[0.84866,44.85051],[0.85344,44.85148],[0.85321,44.84822],[0.85531,44.84561],[0.85639,44.84495],[0.85763,44.84505],[0.86127,44.84454],[0.86442,44.84325],[0.86774,44.84245],[0.8717,44.84185],[0.87631,44.84092],[0.8786,44.84233],[0.88331,44.84644],[0.8835,44.84842],[0.88598,44.85061],[0.89164,44.85043],[0.89083,44.85312],[0.88936,44.85541],[0.89046,44.85675],[0.89438,44.85627],[0.8977,44.85524],[0.90023,44.85525],[0.90217,44.85603],[0.90578,44.856],[0.90663,44.85538],[0.91453,44.85607],[0.91651,44.85593],[0.91786,44.85521],[0.91906,44.85609],[0.92326,44.85532],[0.92844,44.8537],[0.93045,44.85141],[0.93252,44.84988],[0.93526,44.84891],[0.93553,44.84833],[0.93869,44.84673],[0.93806,44.84636],[0.93963,44.84446],[0.93923,44.844],[0.93674,44.84405],[0.93489,44.84376],[0.93164,44.84257],[0.93181,44.84176],[0.93424,44.84],[0.93613,44.83956],[0.93917,44.83792],[0.94217,44.83578],[0.945,44.83487],[0.94742,44.83378],[0.94878,44.83099],[0.94851,44.82797],[0.94906,44.8261],[0.94814,44.82599],[0.94727,44.82482],[0.94418,44.82352],[0.94297,44.82222],[0.93811,44.81823],[0.93546,44.81506],[0.93544,44.81427],[0.9367,44.81365],[0.93582,44.81083],[0.93409,44.80971],[0.93124,44.80859],[0.92663,44.80747],[0.92555,44.80639],[0.92446,44.80693],[0.92275,44.8056],[0.92069,44.80456],[0.92041,44.80365],[0.91901,44.80246],[0.91887,44.80143],[0.91576,44.80132],[0.90875,44.80331],[0.90552,44.80292],[0.90107,44.80369],[0.90445,44.80155],[0.90559,44.80127],[0.90853,44.79886],[0.91003,44.79675],[0.91082,44.79492],[0.91403,44.79089],[0.91512,44.78982],[0.91207,44.78675],[0.9108,44.78481],[0.90963,44.78429],[0.90873,44.78195],[0.90664,44.78161],[0.90399,44.78041],[0.90334,44.7795],[0.90033,44.77906],[0.89981,44.78035],[0.90063,44.78139],[0.89929,44.78251],[0.8985,44.78237],[0.89482,44.78434],[0.89312,44.78446],[0.89157,44.78305],[0.88864,44.78256],[0.88375,44.78142],[0.87771,44.78273],[0.87564,44.77989],[0.87199,44.77806],[0.86493,44.77766],[0.86464,44.77566],[0.86319,44.77404],[0.85741,44.77176],[0.85744,44.77349],[0.85806,44.77474],[0.85553,44.77631],[0.85623,44.77678],[0.85243,44.77883],[0.84975,44.78261],[0.85097,44.78382],[0.85264,44.78448],[0.85806,44.78556],[0.85682,44.78796],[0.85488,44.79003],[0.85385,44.79035],[0.8559,44.79124],[0.85887,44.79301],[0.86145,44.79422],[0.86144,44.79486],[0.85918,44.79645],[0.85732,44.7982],[0.8557,44.80097],[0.85778,44.80432],[0.85842,44.80601],[0.85835,44.81125],[0.85814,44.81441],[0.85542,44.81533],[0.85397,44.81546],[0.85212,44.81656],[0.85127,44.81768],[0.85006,44.81779],[0.84795,44.81899],[0.84791,44.82066],[0.84726,44.82308],[0.84839,44.8251],[0.84762,44.82752],[0.84598,44.8289],[0.84414,44.82944],[0.84334,44.83105],[0.84135,44.83244],[0.83737,44.83372],[0.83569,44.83522],[0.83458,44.83553],[0.83378,44.83679],[0.83288,44.83702],[0.83194,44.83888],[0.83044,44.84043],[0.82799,44.84165],[0.83154,44.84447],[0.83082,44.84561],[0.83286,44.84745],[0.83091,44.84858],[0.82955,44.85007],[0.83144,44.85127],[0.83256,44.85258]]]}},{"type":"Feature","id":"fr-commune-24069","properties":{"id":"fr-commune-24069","name":"Bussac","kind":"commune","center":[0.606,45.2699],"code":"24069","department":"24"},"bbox":[0.57502,45.24141,0.63696,45.29832],"geometry":{"type":"Polygon","coordinates":[[[0.63696,45.2589],[0.6367,45.25825],[0.63548,45.25692],[0.63281,45.25511],[0.62986,45.25428],[0.62686,45.25257],[0.62534,45.2497],[0.62238,45.24726],[0.62126,45.24555],[0.62126,45.24332],[0.61619,45.24769],[0.61248,45.24905],[0.60914,45.24713],[0.60703,45.24624],[0.60726,45.24493],[0.60429,45.24447],[0.60194,45.24527],[0.59684,45.24443],[0.59601,45.24377],[0.596,45.24262],[0.59511,45.24199],[0.59281,45.24141],[0.5915,45.24254],[0.58869,45.244],[0.58625,45.24535],[0.58228,45.24713],[0.57723,45.25066],[0.5775,45.2526],[0.57613,45.25622],[0.57502,45.25716],[0.57724,45.26094],[0.57808,45.26166],[0.57941,45.26544],[0.58051,45.26701],[0.57969,45.26721],[0.58051,45.2689],[0.57927,45.27095],[0.58315,45.27237],[0.58675,45.27821],[0.58618,45.28054],[0.58501,45.28091],[0.58292,45.28307],[0.58331,45.28495],[0.58441,45.28591],[0.58493,45.2879],[0.58467,45.28931],[0.58642,45.28933],[0.58587,45.29244],[0.58596,45.29441],[0.58678,45.29577],[0.58828,45.29672],[0.58999,45.29674],[0.5946,45.29809],[0.59941,45.29832],[0.60021,45.2972],[0.60421,45.298],[0.6095,45.29831],[0.61025,45.29742],[0.60908,45.29449],[0.60656,45.29121],[0.60627,45.28984],[0.60421,45.28863],[0.60434,45.28778],[0.60314,45.2867],[0.60243,45.285],[0.60469,45.2832],[0.60743,45.28248],[0.60918,45.28171],[0.61198,45.28197],[0.61846,45.28157],[0.61766,45.28043],[0.61817,45.27951],[0.61947,45.27885],[0.61889,45.27767],[0.61918,45.27674],[0.62064,45.27629],[0.62131,45.27549],[0.62113,45.27428],[0.6225,45.27271],[0.6228,45.27135],[0.62415,45.2692],[0.62684,45.26671],[0.62759,45.26517],[0.62891,45.26353],[0.63258,45.26148],[0.63451,45.26091],[0.63696,45.2589]]]}},{"type":"Feature","id":"fr-commune-24070","properties":{"id":"fr-commune-24070","name":"Busserolles","kind":"commune","center":[0.645,45.6751],"code":"24070","department":"24"},"bbox":[0.5912,45.63535,0.69854,45.71476],"geometry":{"type":"Polygon","coordinates":[[[0.60016,45.67183],[0.60078,45.67289],[0.5982,45.67375],[0.59584,45.67401],[0.59398,45.67376],[0.59182,45.67431],[0.5912,45.67571],[0.59414,45.67642],[0.59755,45.67684],[0.60241,45.67985],[0.60319,45.68112],[0.60172,45.68254],[0.6019,45.68425],[0.6037,45.68655],[0.60471,45.68924],[0.60417,45.69127],[0.60318,45.69323],[0.60457,45.69438],[0.6058,45.69248],[0.60804,45.69175],[0.60975,45.69184],[0.6145,45.69427],[0.61519,45.69516],[0.61504,45.69631],[0.61356,45.6984],[0.61445,45.69886],[0.61769,45.69869],[0.62189,45.69905],[0.62253,45.70126],[0.6236,45.70282],[0.62466,45.70357],[0.62554,45.70658],[0.62728,45.70591],[0.62876,45.70792],[0.62737,45.70855],[0.62824,45.70992],[0.62958,45.71024],[0.62915,45.71182],[0.62793,45.71181],[0.6256,45.71321],[0.626,45.71378],[0.62812,45.71384],[0.62924,45.71476],[0.6304,45.71425],[0.63081,45.71225],[0.63551,45.70803],[0.63537,45.70528],[0.63604,45.70387],[0.63746,45.7025],[0.63929,45.69978],[0.64027,45.69781],[0.64234,45.69771],[0.64494,45.69662],[0.64759,45.69819],[0.64888,45.69988],[0.65231,45.69892],[0.6509,45.69796],[0.65327,45.69737],[0.65109,45.69471],[0.65087,45.69387],[0.65271,45.6914],[0.65326,45.68994],[0.65431,45.68872],[0.65589,45.68874],[0.65773,45.68985],[0.6595,45.68985],[0.66062,45.68717],[0.66372,45.68672],[0.66617,45.68818],[0.66782,45.68688],[0.66813,45.68591],[0.66973,45.68589],[0.67212,45.68688],[0.67308,45.68818],[0.67464,45.68633],[0.67697,45.68678],[0.67635,45.68787],[0.67727,45.68928],[0.67919,45.68921],[0.67999,45.68796],[0.68121,45.68755],[0.68265,45.68505],[0.68553,45.68426],[0.68726,45.68241],[0.68979,45.68273],[0.6931,45.68201],[0.69505,45.68059],[0.69708,45.67968],[0.69603,45.678],[0.69624,45.67748],[0.69854,45.67695],[0.69805,45.67469],[0.69676,45.67318],[0.693,45.67074],[0.69212,45.66925],[0.69271,45.66514],[0.68986,45.66358],[0.68863,45.66325],[0.68558,45.66143],[0.6832,45.66048],[0.68179,45.65957],[0.68038,45.65876],[0.67884,45.65624],[0.67699,45.65425],[0.67638,45.6525],[0.67349,45.65062],[0.66975,45.64721],[0.66927,45.64583],[0.66743,45.64416],[0.66482,45.64254],[0.66295,45.63984],[0.66058,45.63887],[0.65868,45.63861],[0.65634,45.63766],[0.65516,45.63784],[0.6531,45.63892],[0.64951,45.6385],[0.64657,45.63768],[0.643,45.63755],[0.64095,45.63772],[0.63842,45.63732],[0.63621,45.63748],[0.63277,45.63708],[0.63048,45.63581],[0.62819,45.63535],[0.62726,45.6379],[0.62646,45.63891],[0.6274,45.63946],[0.62931,45.64287],[0.62962,45.64559],[0.62928,45.64828],[0.63037,45.64987],[0.62906,45.65332],[0.62828,45.65467],[0.63004,45.65672],[0.62821,45.65739],[0.62743,45.65832],[0.62856,45.6615],[0.627,45.6644],[0.62495,45.66613],[0.62485,45.66801],[0.62228,45.66668],[0.61833,45.66631],[0.61397,45.66661],[0.61182,45.66652],[0.60919,45.66939],[0.60742,45.67054],[0.60614,45.67043],[0.60016,45.67183]]]}},{"type":"Feature","id":"fr-commune-24071","properties":{"id":"fr-commune-24071","name":"Bussière-Badil","kind":"commune","center":[0.5984,45.6415],"code":"24071","department":"24"},"bbox":[0.56195,45.61121,0.63446,45.67183],"geometry":{"type":"Polygon","coordinates":[[[0.56195,45.63321],[0.56258,45.6336],[0.56889,45.63116],[0.57469,45.63004],[0.57466,45.63129],[0.57581,45.63415],[0.57665,45.6355],[0.57847,45.63694],[0.57922,45.63887],[0.57936,45.64129],[0.57643,45.64127],[0.57545,45.64093],[0.57507,45.64281],[0.57327,45.64494],[0.57125,45.64572],[0.5712,45.64739],[0.56912,45.65014],[0.56781,45.65102],[0.56706,45.65333],[0.57005,45.6533],[0.57172,45.6545],[0.57184,45.65636],[0.57304,45.65764],[0.57392,45.6565],[0.57511,45.65632],[0.57746,45.6569],[0.57766,45.65843],[0.577,45.65949],[0.57818,45.66063],[0.57935,45.66082],[0.58173,45.65892],[0.5832,45.6585],[0.5864,45.65935],[0.58863,45.66095],[0.58879,45.66191],[0.58597,45.66449],[0.58564,45.66542],[0.58601,45.66782],[0.58888,45.66877],[0.59246,45.669],[0.59664,45.66953],[0.60016,45.67183],[0.60614,45.67043],[0.60742,45.67054],[0.60919,45.66939],[0.61182,45.66652],[0.61397,45.66661],[0.61833,45.66631],[0.62228,45.66668],[0.62485,45.66801],[0.62495,45.66613],[0.627,45.6644],[0.62856,45.6615],[0.62743,45.65832],[0.62821,45.65739],[0.63004,45.65672],[0.62828,45.65467],[0.62906,45.65332],[0.63037,45.64987],[0.62928,45.64828],[0.62962,45.64559],[0.62931,45.64287],[0.6274,45.63946],[0.62646,45.63891],[0.62726,45.6379],[0.62819,45.63535],[0.63192,45.63314],[0.63417,45.63292],[0.63446,45.63046],[0.63132,45.62758],[0.62861,45.62698],[0.62669,45.62591],[0.62317,45.62474],[0.62266,45.62428],[0.62046,45.62467],[0.61666,45.62361],[0.61467,45.62383],[0.61115,45.62372],[0.61012,45.62338],[0.60647,45.62051],[0.60489,45.6184],[0.60178,45.61837],[0.60083,45.61641],[0.60003,45.61634],[0.59753,45.6145],[0.59641,45.6146],[0.59307,45.61292],[0.59138,45.61155],[0.58947,45.61121],[0.58918,45.61328],[0.58995,45.61472],[0.59245,45.6172],[0.59252,45.61829],[0.59411,45.62072],[0.59624,45.62241],[0.59757,45.62528],[0.59621,45.62603],[0.59222,45.6298],[0.58638,45.62875],[0.58622,45.62926],[0.58402,45.63068],[0.58098,45.63008],[0.57876,45.62892],[0.57432,45.62721],[0.57371,45.62622],[0.57042,45.62649],[0.56874,45.62612],[0.56758,45.62758],[0.5648,45.62965],[0.56303,45.63154],[0.56195,45.63321]]]}},{"type":"Feature","id":"fr-commune-24073","properties":{"id":"fr-commune-24073","name":"Calès","kind":"commune","center":[0.8156,44.86],"code":"24073","department":"24"},"bbox":[0.79843,44.8351,0.83286,44.88551],"geometry":{"type":"Polygon","coordinates":[[[0.80457,44.88399],[0.80709,44.88495],[0.80919,44.88533],[0.81426,44.88551],[0.81929,44.88501],[0.82109,44.88415],[0.82214,44.88315],[0.82263,44.88137],[0.82245,44.87683],[0.82207,44.87369],[0.82212,44.86801],[0.82238,44.86277],[0.82271,44.86093],[0.82346,44.85915],[0.82529,44.85671],[0.83015,44.85358],[0.83256,44.85258],[0.83144,44.85127],[0.82955,44.85007],[0.83091,44.84858],[0.83286,44.84745],[0.83082,44.84561],[0.83154,44.84447],[0.82799,44.84165],[0.82811,44.84102],[0.82641,44.83746],[0.82361,44.8351],[0.82266,44.83535],[0.82009,44.83754],[0.81695,44.83861],[0.81871,44.84128],[0.8198,44.84184],[0.8203,44.84387],[0.82024,44.84612],[0.81883,44.84619],[0.81664,44.84774],[0.81527,44.84823],[0.81349,44.8482],[0.81081,44.84992],[0.81053,44.85198],[0.80943,44.85375],[0.80745,44.85429],[0.80467,44.85434],[0.80455,44.85698],[0.80352,44.86128],[0.80176,44.8619],[0.79953,44.8672],[0.79843,44.8721],[0.7985,44.875],[0.79887,44.87697],[0.80045,44.88105],[0.80213,44.88273],[0.80457,44.88399]]]}},{"type":"Feature","id":"fr-commune-24074","properties":{"id":"fr-commune-24074","name":"Calviac-en-Périgord","kind":"commune","center":[1.3232,44.8612],"code":"24074","department":"24"},"bbox":[1.28921,44.84171,1.35723,44.88076],"geometry":{"type":"Polygon","coordinates":[[[1.28921,44.86754],[1.29084,44.86718],[1.29391,44.87068],[1.29803,44.86842],[1.30063,44.86829],[1.30589,44.86898],[1.31275,44.87054],[1.31195,44.87231],[1.31207,44.87311],[1.31458,44.87503],[1.31754,44.8758],[1.31975,44.87591],[1.32371,44.87746],[1.32624,44.88007],[1.32678,44.88026],[1.33065,44.88076],[1.33384,44.88042],[1.33689,44.88057],[1.34015,44.88044],[1.34167,44.87928],[1.34405,44.87969],[1.34578,44.87943],[1.34466,44.87767],[1.34493,44.87707],[1.34429,44.87363],[1.34691,44.87418],[1.3482,44.87612],[1.34967,44.87559],[1.35136,44.87325],[1.35181,44.87098],[1.35374,44.8693],[1.35478,44.86971],[1.35723,44.86606],[1.356,44.86547],[1.35484,44.86421],[1.35138,44.86184],[1.34953,44.8601],[1.34858,44.85876],[1.34663,44.85682],[1.34768,44.85617],[1.34493,44.85414],[1.34398,44.85293],[1.34425,44.85216],[1.34199,44.85192],[1.34232,44.85121],[1.34064,44.8504],[1.33839,44.84987],[1.33661,44.85034],[1.33411,44.84875],[1.32927,44.84644],[1.32869,44.84707],[1.32136,44.84566],[1.31857,44.84449],[1.31526,44.84207],[1.31477,44.84171],[1.3088,44.84508],[1.30565,44.84349],[1.30205,44.84288],[1.3013,44.84484],[1.29998,44.84548],[1.29915,44.84678],[1.29591,44.84994],[1.29636,44.85186],[1.29411,44.8514],[1.29319,44.85329],[1.29408,44.85471],[1.29223,44.855],[1.2928,44.85605],[1.2909,44.85669],[1.28994,44.85794],[1.29025,44.85921],[1.28985,44.86352],[1.28976,44.86702],[1.28921,44.86754]]]}},{"type":"Feature","id":"fr-commune-24075","properties":{"id":"fr-commune-24075","name":"Campagnac-lès-Quercy","kind":"commune","center":[1.1809,44.6979],"code":"24075","department":"24"},"bbox":[1.13692,44.67036,1.22486,44.72535],"geometry":{"type":"Polygon","coordinates":[[[1.22486,44.68577],[1.22455,44.68427],[1.22254,44.68406],[1.22115,44.68351],[1.21726,44.68262],[1.21479,44.683],[1.21145,44.68287],[1.21099,44.68315],[1.20686,44.68376],[1.2035,44.68326],[1.198,44.68063],[1.19681,44.68264],[1.19736,44.68382],[1.19523,44.68343],[1.1939,44.68245],[1.1897,44.6821],[1.18714,44.68295],[1.18421,44.68285],[1.18135,44.68327],[1.17829,44.68263],[1.17659,44.68178],[1.17215,44.68021],[1.16921,44.68039],[1.16607,44.67818],[1.16385,44.67596],[1.16379,44.67477],[1.16135,44.67323],[1.15837,44.67218],[1.15335,44.67115],[1.14872,44.67036],[1.14707,44.67081],[1.1451,44.67164],[1.1427,44.67202],[1.14488,44.67643],[1.14295,44.67743],[1.14061,44.6772],[1.13779,44.67912],[1.13692,44.6823],[1.13739,44.68566],[1.14094,44.68878],[1.14436,44.69205],[1.14725,44.69364],[1.14759,44.6958],[1.14824,44.70308],[1.15011,44.70426],[1.15175,44.70467],[1.15189,44.70923],[1.15239,44.71055],[1.15407,44.71078],[1.15797,44.71062],[1.15916,44.71163],[1.16287,44.71147],[1.16414,44.71211],[1.16659,44.71194],[1.16685,44.71273],[1.17108,44.71552],[1.17182,44.71767],[1.17277,44.71851],[1.17466,44.72156],[1.17545,44.7223],[1.18059,44.72242],[1.18253,44.72169],[1.18535,44.72169],[1.18683,44.71973],[1.18838,44.7189],[1.1927,44.71869],[1.19285,44.71919],[1.1967,44.72323],[1.19679,44.72449],[1.19759,44.72535],[1.19825,44.72433],[1.19649,44.72235],[1.19739,44.72109],[1.19569,44.71934],[1.19752,44.719],[1.19765,44.71686],[1.1956,44.70963],[1.19684,44.70962],[1.19746,44.70629],[1.19654,44.70571],[1.1991,44.70475],[1.19802,44.70232],[1.19538,44.70016],[1.19397,44.69935],[1.19564,44.69793],[1.19789,44.69671],[1.2002,44.69594],[1.19925,44.69509],[1.20146,44.69431],[1.20319,44.69435],[1.20729,44.69528],[1.21412,44.69554],[1.21732,44.69296],[1.21873,44.69128],[1.22024,44.69015],[1.22171,44.68824],[1.22486,44.68577]]]}},{"type":"Feature","id":"fr-commune-24076","properties":{"id":"fr-commune-24076","name":"Campagne","kind":"commune","center":[0.9706,44.8999],"code":"24076","department":"24"},"bbox":[0.94132,44.87349,1.00262,44.92633],"geometry":{"type":"Polygon","coordinates":[[[0.97713,44.87527],[0.97511,44.87685],[0.97302,44.87918],[0.97265,44.88059],[0.9717,44.88057],[0.96847,44.8816],[0.96586,44.88165],[0.9634,44.8832],[0.96293,44.88393],[0.96039,44.88543],[0.95967,44.88619],[0.95564,44.88798],[0.95106,44.88869],[0.94917,44.88959],[0.94702,44.88998],[0.94495,44.89142],[0.94401,44.89282],[0.94147,44.89424],[0.94132,44.89671],[0.94285,44.89721],[0.94545,44.89652],[0.94984,44.89588],[0.95223,44.8958],[0.95467,44.89621],[0.95562,44.89678],[0.95779,44.89962],[0.95886,44.90356],[0.96023,44.90663],[0.96106,44.91242],[0.96262,44.91442],[0.96514,44.9159],[0.96658,44.91641],[0.97341,44.91808],[0.97431,44.91869],[0.97529,44.9216],[0.97723,44.92397],[0.98093,44.92602],[0.98259,44.92633],[0.98667,44.9259],[0.98841,44.92594],[0.98898,44.92459],[0.99081,44.92361],[0.99228,44.92218],[0.99274,44.92102],[0.99434,44.91971],[0.99642,44.91895],[0.99711,44.91758],[0.99351,44.91536],[0.99251,44.91427],[0.99292,44.91257],[0.99191,44.91215],[0.99373,44.91077],[0.99405,44.9099],[0.99348,44.90836],[0.99198,44.90679],[0.99364,44.90641],[0.99423,44.9051],[0.99366,44.9036],[0.99206,44.9019],[0.99064,44.89971],[0.98813,44.89801],[0.98808,44.89735],[0.99108,44.89607],[0.99449,44.89539],[0.99712,44.89441],[0.99939,44.89324],[1.00042,44.89231],[1.00213,44.89197],[1.00262,44.89071],[1.00182,44.88841],[1.00239,44.88707],[1.00212,44.88605],[1.00221,44.8805],[1.00176,44.87872],[0.99979,44.87735],[0.99582,44.87736],[0.99434,44.87511],[0.99412,44.87383],[0.99216,44.87421],[0.98938,44.874],[0.98805,44.87349],[0.9823,44.87357],[0.97862,44.87433],[0.97713,44.87527]]]}},{"type":"Feature","id":"fr-commune-24077","properties":{"id":"fr-commune-24077","name":"Campsegret","kind":"commune","center":[0.5631,44.9432],"code":"24077","department":"24"},"bbox":[0.5332,44.92048,0.59303,44.9659],"geometry":{"type":"Polygon","coordinates":[[[0.58687,44.96572],[0.58749,44.96399],[0.58866,44.96364],[0.58975,44.96165],[0.59053,44.95726],[0.58902,44.95431],[0.5887,44.95116],[0.589,44.95014],[0.58883,44.94769],[0.58992,44.94568],[0.59091,44.94203],[0.59195,44.93976],[0.59235,44.93755],[0.59303,44.93618],[0.5898,44.93604],[0.58546,44.93531],[0.58285,44.93511],[0.58103,44.93461],[0.58065,44.93323],[0.57716,44.92941],[0.57814,44.92893],[0.57838,44.92737],[0.57711,44.92693],[0.57707,44.92512],[0.57482,44.92415],[0.57025,44.92177],[0.57068,44.921],[0.56735,44.92048],[0.55964,44.92126],[0.55936,44.92184],[0.5566,44.92438],[0.55159,44.92377],[0.5503,44.92398],[0.54973,44.92262],[0.54765,44.92415],[0.54561,44.92514],[0.54212,44.92742],[0.53663,44.92869],[0.53493,44.93051],[0.5332,44.93143],[0.53376,44.93251],[0.53486,44.93247],[0.53857,44.93569],[0.53883,44.93662],[0.54028,44.9377],[0.54145,44.9392],[0.54588,44.93918],[0.54596,44.93965],[0.54896,44.94289],[0.54725,44.94559],[0.54689,44.94689],[0.54947,44.94798],[0.54962,44.95025],[0.55075,44.95006],[0.55514,44.95022],[0.55669,44.94992],[0.55765,44.95032],[0.56035,44.95543],[0.5612,44.95882],[0.56328,44.96095],[0.56417,44.96359],[0.56516,44.96403],[0.5659,44.96523],[0.56947,44.9659],[0.57455,44.96538],[0.57887,44.96528],[0.58687,44.96572]]]}},{"type":"Feature","id":"fr-commune-24080","properties":{"id":"fr-commune-24080","name":"Capdrot","kind":"commune","center":[0.9427,44.6802],"code":"24080","department":"24"},"bbox":[0.89126,44.64215,0.99431,44.71823],"geometry":{"type":"Polygon","coordinates":[[[0.97674,44.70383],[0.97765,44.70308],[0.98126,44.70155],[0.98422,44.70059],[0.987,44.69872],[0.98817,44.69704],[0.98961,44.69591],[0.99218,44.69358],[0.99385,44.69249],[0.99431,44.69082],[0.99307,44.68882],[0.99122,44.68726],[0.98983,44.68682],[0.99016,44.68375],[0.99107,44.68138],[0.99109,44.67878],[0.99053,44.67853],[0.99089,44.67654],[0.98882,44.67475],[0.98842,44.67237],[0.98909,44.6707],[0.98876,44.66972],[0.98472,44.66663],[0.98333,44.66493],[0.98269,44.65876],[0.98095,44.65716],[0.98114,44.6548],[0.98054,44.65278],[0.98107,44.64961],[0.98013,44.64547],[0.97808,44.64703],[0.9744,44.64636],[0.97173,44.64646],[0.96813,44.64394],[0.96528,44.64332],[0.96415,44.64218],[0.96189,44.64278],[0.96081,44.64215],[0.95797,44.64376],[0.95728,44.64361],[0.95502,44.64513],[0.95013,44.64632],[0.94732,44.64751],[0.94421,44.64814],[0.94149,44.64791],[0.93903,44.64899],[0.93632,44.6507],[0.93089,44.65451],[0.9281,44.65588],[0.92496,44.65637],[0.92247,44.6572],[0.91983,44.65739],[0.91798,44.658],[0.91556,44.65942],[0.91275,44.65771],[0.91121,44.65399],[0.90864,44.65433],[0.9065,44.65524],[0.90579,44.65691],[0.90488,44.65783],[0.90171,44.65865],[0.89991,44.65856],[0.89993,44.66068],[0.90099,44.66216],[0.90064,44.6638],[0.89916,44.6674],[0.89913,44.66931],[0.89666,44.67047],[0.895,44.67192],[0.89126,44.67342],[0.89193,44.67454],[0.89704,44.67698],[0.89743,44.67888],[0.89697,44.68109],[0.896,44.68289],[0.89724,44.68736],[0.8967,44.68767],[0.89909,44.69238],[0.89946,44.6953],[0.90143,44.69513],[0.90306,44.6942],[0.90595,44.69559],[0.91064,44.69953],[0.91396,44.70113],[0.9149,44.70329],[0.91483,44.70571],[0.91722,44.70809],[0.92018,44.71038],[0.92196,44.71098],[0.92323,44.70924],[0.92419,44.70865],[0.93089,44.71111],[0.93388,44.71241],[0.93451,44.71489],[0.93798,44.71823],[0.94096,44.7178],[0.94501,44.71304],[0.95385,44.70942],[0.95542,44.70902],[0.96198,44.70685],[0.96365,44.70653],[0.96742,44.70494],[0.96999,44.70412],[0.97674,44.70383]]]}},{"type":"Feature","id":"fr-commune-24081","properties":{"id":"fr-commune-24081","name":"Carlux","kind":"commune","center":[1.3614,44.8867],"code":"24081","department":"24"},"bbox":[1.32663,44.86606,1.39548,44.90735],"geometry":{"type":"Polygon","coordinates":[[[1.39352,44.88296],[1.38855,44.88227],[1.38657,44.88249],[1.3823,44.88109],[1.37857,44.878],[1.37872,44.87662],[1.37994,44.87564],[1.38035,44.87403],[1.37974,44.87168],[1.37882,44.87074],[1.37417,44.8729],[1.36959,44.87549],[1.36735,44.87354],[1.36642,44.87218],[1.36636,44.87013],[1.36709,44.86854],[1.36679,44.86783],[1.36442,44.8676],[1.36459,44.86668],[1.36087,44.86662],[1.35723,44.86606],[1.35478,44.86971],[1.35374,44.8693],[1.35181,44.87098],[1.35136,44.87325],[1.34967,44.87559],[1.3482,44.87612],[1.34691,44.87418],[1.34429,44.87363],[1.34493,44.87707],[1.34466,44.87767],[1.34578,44.87943],[1.34405,44.87969],[1.34167,44.87928],[1.34015,44.88044],[1.33689,44.88057],[1.33384,44.88042],[1.33065,44.88076],[1.32678,44.88026],[1.32801,44.88217],[1.32799,44.88627],[1.3272,44.88774],[1.32792,44.88917],[1.32738,44.89039],[1.32788,44.89188],[1.32962,44.89323],[1.32994,44.89409],[1.32663,44.89542],[1.32918,44.89549],[1.33218,44.89588],[1.33652,44.89637],[1.33838,44.89577],[1.34197,44.89576],[1.34506,44.89492],[1.34649,44.89528],[1.34654,44.89705],[1.34735,44.89806],[1.34886,44.89843],[1.34727,44.90046],[1.34737,44.90115],[1.34499,44.90311],[1.34489,44.90636],[1.34601,44.90686],[1.34883,44.90667],[1.35064,44.90585],[1.3519,44.90575],[1.35694,44.90735],[1.35854,44.90673],[1.3599,44.90481],[1.36144,44.90375],[1.363,44.90111],[1.36454,44.90017],[1.36513,44.89896],[1.36838,44.89629],[1.37137,44.89539],[1.37313,44.89558],[1.37483,44.89739],[1.37624,44.89557],[1.37885,44.89404],[1.38153,44.89301],[1.38458,44.89546],[1.38643,44.89821],[1.38827,44.89781],[1.38967,44.89673],[1.39386,44.89561],[1.39427,44.89421],[1.39391,44.89259],[1.39475,44.88915],[1.39548,44.88781],[1.39488,44.88441],[1.39352,44.88296]]]}},{"type":"Feature","id":"fr-commune-24082","properties":{"id":"fr-commune-24082","name":"Carsac-Aillac","kind":"commune","center":[1.2798,44.8544],"code":"24082","department":"24"},"bbox":[1.2448,44.82374,1.31477,44.88505],"geometry":{"type":"Polygon","coordinates":[[[1.25213,44.84148],[1.24624,44.84723],[1.24642,44.85073],[1.2448,44.85327],[1.24705,44.85351],[1.24788,44.85433],[1.24795,44.85612],[1.24666,44.85708],[1.24676,44.85795],[1.24946,44.85739],[1.25095,44.85867],[1.25108,44.85988],[1.25199,44.86157],[1.25059,44.86351],[1.25016,44.86479],[1.253,44.86515],[1.25524,44.8647],[1.2565,44.864],[1.25747,44.8659],[1.25737,44.86714],[1.25596,44.86801],[1.25628,44.86867],[1.25461,44.87158],[1.25711,44.87322],[1.25781,44.87519],[1.25784,44.87749],[1.25486,44.87746],[1.25286,44.88028],[1.25136,44.88143],[1.24943,44.88213],[1.24967,44.88337],[1.25371,44.88412],[1.2572,44.88505],[1.25952,44.88494],[1.26142,44.88344],[1.26126,44.88071],[1.26215,44.87984],[1.26435,44.87888],[1.26603,44.87725],[1.26936,44.8755],[1.26973,44.87288],[1.27081,44.87171],[1.27231,44.86809],[1.27315,44.86805],[1.27574,44.86687],[1.28031,44.86846],[1.28105,44.86849],[1.28329,44.87005],[1.28665,44.86908],[1.28921,44.86754],[1.28976,44.86702],[1.28985,44.86352],[1.29025,44.85921],[1.28994,44.85794],[1.2909,44.85669],[1.2928,44.85605],[1.29223,44.855],[1.29408,44.85471],[1.29319,44.85329],[1.29411,44.8514],[1.29636,44.85186],[1.29591,44.84994],[1.29915,44.84678],[1.29998,44.84548],[1.3013,44.84484],[1.30205,44.84288],[1.30565,44.84349],[1.3088,44.84508],[1.31477,44.84171],[1.31272,44.83997],[1.31021,44.83923],[1.30797,44.84005],[1.30027,44.8358],[1.30011,44.83434],[1.29898,44.83366],[1.29697,44.83136],[1.29597,44.82968],[1.29563,44.82725],[1.29435,44.82654],[1.29056,44.83011],[1.2895,44.83191],[1.28792,44.83231],[1.28679,44.83168],[1.28834,44.82796],[1.28976,44.82545],[1.28455,44.82415],[1.28123,44.82374],[1.27697,44.82415],[1.27372,44.82471],[1.27066,44.82549],[1.26599,44.82706],[1.26467,44.82942],[1.26437,44.83427],[1.26368,44.83805],[1.26275,44.8414],[1.26126,44.84287],[1.26009,44.84304],[1.25474,44.84276],[1.25213,44.84148]]]}},{"type":"Feature","id":"fr-commune-24083","properties":{"id":"fr-commune-24083","name":"Carsac-de-Gurson","kind":"commune","center":[0.0982,44.9451],"code":"24083","department":"24"},"bbox":[0.06861,44.9256,0.12765,44.9645],"geometry":{"type":"Polygon","coordinates":[[[0.12654,44.93162],[0.12581,44.92862],[0.12765,44.92725],[0.12718,44.9266],[0.12663,44.92614],[0.12395,44.92614],[0.12371,44.92668],[0.1215,44.92656],[0.11881,44.92572],[0.11681,44.92697],[0.11506,44.92597],[0.11331,44.9256],[0.11213,44.92647],[0.11246,44.9272],[0.11108,44.92854],[0.10911,44.92886],[0.10371,44.93104],[0.10336,44.93191],[0.10083,44.93137],[0.09568,44.93098],[0.0906,44.93092],[0.08878,44.93131],[0.08632,44.93312],[0.08523,44.93272],[0.0827,44.93299],[0.08274,44.93384],[0.07999,44.93353],[0.07771,44.93216],[0.07555,44.93418],[0.07111,44.93695],[0.07006,44.93901],[0.06861,44.93995],[0.07069,44.94027],[0.0725,44.94178],[0.07416,44.94427],[0.07691,44.94421],[0.07833,44.94454],[0.08075,44.94597],[0.0814,44.94835],[0.08159,44.9543],[0.08227,44.95686],[0.08303,44.95798],[0.08324,44.96022],[0.08218,44.9631],[0.08136,44.96413],[0.08348,44.9645],[0.08634,44.96411],[0.08839,44.9633],[0.08874,44.9625],[0.09051,44.96182],[0.09146,44.96235],[0.09294,44.96037],[0.09134,44.95807],[0.091,44.95687],[0.09423,44.95587],[0.09463,44.95438],[0.09363,44.95136],[0.09487,44.95],[0.09604,44.94743],[0.09919,44.94627],[0.10005,44.94457],[0.09909,44.94447],[0.09517,44.94249],[0.10003,44.94096],[0.1039,44.93932],[0.10639,44.93969],[0.10759,44.94037],[0.11143,44.94087],[0.1123,44.93812],[0.111,44.93731],[0.11311,44.93528],[0.11661,44.93604],[0.12412,44.93434],[0.12531,44.9331],[0.12515,44.93245],[0.12654,44.93162]]]}},{"type":"Feature","id":"fr-commune-24084","properties":{"id":"fr-commune-24084","name":"Carves","kind":"commune","center":[1.0609,44.783],"code":"24084","department":"24"},"bbox":[1.02686,44.76642,1.09503,44.79967],"geometry":{"type":"Polygon","coordinates":[[[1.02686,44.79469],[1.03309,44.79566],[1.03642,44.79568],[1.04078,44.79611],[1.04513,44.79733],[1.04999,44.79763],[1.05312,44.79743],[1.05472,44.79786],[1.05804,44.7974],[1.05938,44.79754],[1.06923,44.7973],[1.07025,44.79873],[1.07274,44.79796],[1.07597,44.79967],[1.07761,44.79895],[1.0802,44.79851],[1.08213,44.79852],[1.08391,44.79678],[1.07975,44.79677],[1.07965,44.79554],[1.07878,44.79449],[1.08005,44.79338],[1.08265,44.79278],[1.08517,44.78969],[1.08843,44.78791],[1.08992,44.78815],[1.0922,44.78773],[1.09251,44.78703],[1.09503,44.78429],[1.09499,44.78265],[1.08967,44.78309],[1.08832,44.78449],[1.08429,44.78403],[1.08359,44.7823],[1.08476,44.78057],[1.0851,44.77823],[1.08314,44.7774],[1.08083,44.77734],[1.07893,44.77765],[1.07824,44.77716],[1.07273,44.77721],[1.07341,44.7761],[1.07015,44.77534],[1.0683,44.77431],[1.06751,44.77136],[1.06303,44.77364],[1.06262,44.77146],[1.05904,44.76985],[1.05716,44.76952],[1.05347,44.76642],[1.05283,44.7676],[1.05055,44.7696],[1.04729,44.77192],[1.04407,44.77261],[1.04403,44.77343],[1.04205,44.77512],[1.04248,44.77799],[1.04172,44.77904],[1.04165,44.78134],[1.04021,44.78106],[1.0411,44.78373],[1.04065,44.78452],[1.03859,44.78514],[1.03654,44.78718],[1.03381,44.78843],[1.03144,44.7903],[1.02906,44.79156],[1.02686,44.79469]]]}},{"type":"Feature","id":"fr-commune-24085","properties":{"id":"fr-commune-24085","name":"La Cassagne","kind":"commune","center":[1.3065,45.0562],"code":"24085","department":"24"},"bbox":[1.27405,45.03163,1.33904,45.0807],"geometry":{"type":"Polygon","coordinates":[[[1.29044,45.04267],[1.28757,45.04219],[1.28781,45.04395],[1.28823,45.05057],[1.28819,45.05232],[1.28764,45.05392],[1.28847,45.05583],[1.28949,45.05643],[1.28648,45.05915],[1.28638,45.05973],[1.28287,45.06278],[1.28189,45.0629],[1.27955,45.06488],[1.27681,45.06547],[1.27619,45.06494],[1.27433,45.06524],[1.27405,45.06738],[1.27447,45.0686],[1.27747,45.06897],[1.27836,45.06966],[1.27947,45.07199],[1.27948,45.07406],[1.28035,45.07476],[1.28047,45.07735],[1.28167,45.07801],[1.28379,45.07802],[1.28776,45.07735],[1.29326,45.07802],[1.2962,45.08032],[1.29782,45.0807],[1.29976,45.0803],[1.30196,45.07777],[1.30329,45.07782],[1.30399,45.07907],[1.30588,45.07973],[1.30673,45.0788],[1.30653,45.07751],[1.308,45.07672],[1.30945,45.07664],[1.30969,45.0755],[1.31271,45.07407],[1.31298,45.07321],[1.31213,45.07113],[1.31201,45.06982],[1.31362,45.06725],[1.31554,45.0661],[1.31822,45.06567],[1.3196,45.0651],[1.32215,45.06222],[1.32469,45.06222],[1.32819,45.06083],[1.32978,45.061],[1.33165,45.06056],[1.33384,45.0591],[1.33681,45.05946],[1.33889,45.05913],[1.33904,45.05856],[1.33806,45.05737],[1.33801,45.05426],[1.33751,45.05236],[1.33488,45.05197],[1.3335,45.05215],[1.33313,45.0512],[1.33074,45.04974],[1.33111,45.04846],[1.33061,45.04642],[1.33134,45.04531],[1.32787,45.03885],[1.32497,45.03855],[1.32595,45.03746],[1.32553,45.03578],[1.32448,45.03585],[1.32298,45.03498],[1.31966,45.03381],[1.31628,45.03163],[1.31406,45.03366],[1.31302,45.03544],[1.31084,45.03453],[1.30972,45.0352],[1.30729,45.03363],[1.30559,45.03495],[1.30439,45.03514],[1.30341,45.03435],[1.30361,45.0319],[1.30155,45.03223],[1.3014,45.03643],[1.29813,45.03674],[1.29723,45.03712],[1.29597,45.03887],[1.295,45.03912],[1.29294,45.03791],[1.29314,45.04093],[1.29044,45.04267]]]}},{"type":"Feature","id":"fr-commune-24086","properties":{"id":"fr-commune-24086","name":"Castelnaud-la-Chapelle","kind":"commune","center":[1.1292,44.802],"code":"24086","department":"24"},"bbox":[1.08986,44.76457,1.16855,44.83935],"geometry":{"type":"Polygon","coordinates":[[[1.13216,44.83883],[1.13375,44.83888],[1.13586,44.83833],[1.14,44.83935],[1.14491,44.83893],[1.14701,44.83799],[1.14771,44.83564],[1.14774,44.83371],[1.14729,44.82914],[1.14911,44.8188],[1.15086,44.816],[1.15274,44.81486],[1.15478,44.8146],[1.16148,44.81497],[1.16159,44.81374],[1.1605,44.8131],[1.15893,44.81313],[1.15914,44.80962],[1.16166,44.80712],[1.1618,44.80618],[1.16697,44.80371],[1.16753,44.80142],[1.16855,44.80073],[1.16527,44.80041],[1.16491,44.80097],[1.16239,44.7999],[1.16118,44.79971],[1.16102,44.79848],[1.15984,44.79629],[1.15742,44.79588],[1.15428,44.79474],[1.15087,44.79473],[1.14887,44.79519],[1.14599,44.79442],[1.14313,44.79296],[1.14096,44.7901],[1.14049,44.78863],[1.13819,44.78746],[1.13683,44.78486],[1.13713,44.78221],[1.13937,44.77882],[1.14125,44.77806],[1.14176,44.77546],[1.13777,44.76966],[1.13743,44.76614],[1.13453,44.76467],[1.13283,44.76457],[1.13118,44.76531],[1.13071,44.76638],[1.12887,44.76713],[1.12784,44.76686],[1.12427,44.76486],[1.12099,44.76543],[1.11797,44.76727],[1.11657,44.76703],[1.11371,44.76872],[1.11249,44.76855],[1.10943,44.76953],[1.10716,44.76969],[1.10531,44.76942],[1.10172,44.76951],[1.09813,44.77076],[1.09554,44.77103],[1.09472,44.77069],[1.09364,44.77392],[1.08986,44.77681],[1.09283,44.7788],[1.09549,44.78009],[1.09752,44.7812],[1.10557,44.78206],[1.1091,44.78305],[1.11156,44.78437],[1.11788,44.78444],[1.12132,44.78474],[1.12332,44.78579],[1.12411,44.78567],[1.12595,44.78713],[1.1279,44.78802],[1.12688,44.78908],[1.12654,44.79038],[1.12718,44.79217],[1.12715,44.79466],[1.12544,44.7992],[1.12285,44.80125],[1.12158,44.80404],[1.12182,44.80591],[1.12494,44.80795],[1.12474,44.80867],[1.12535,44.81072],[1.12409,44.81368],[1.12257,44.81604],[1.11967,44.81895],[1.11663,44.81965],[1.11573,44.82047],[1.11389,44.82009],[1.10876,44.82045],[1.10802,44.82102],[1.10589,44.82129],[1.10393,44.82087],[1.10284,44.81995],[1.1007,44.8199],[1.10029,44.81936],[1.09682,44.81921],[1.09585,44.81892],[1.09626,44.82261],[1.09495,44.8249],[1.09516,44.82602],[1.09803,44.82467],[1.10094,44.82379],[1.10371,44.82361],[1.10676,44.82424],[1.10874,44.82494],[1.11696,44.82867],[1.11995,44.83049],[1.12306,44.83372],[1.12531,44.83553],[1.12778,44.8367],[1.12947,44.83708],[1.13216,44.83883]]]}},{"type":"Feature","id":"fr-commune-24087","properties":{"id":"fr-commune-24087","name":"Castels et Bézenac","kind":"commune","center":[1.0841,44.8647],"code":"24087","department":"24"},"bbox":[1.04211,44.83332,1.12619,44.89602],"geometry":{"type":"Polygon","coordinates":[[[1.10218,44.89599],[1.10565,44.89475],[1.10719,44.89486],[1.11182,44.89285],[1.1139,44.89152],[1.11432,44.88937],[1.11663,44.88772],[1.1167,44.88671],[1.11872,44.88468],[1.12154,44.88275],[1.12323,44.88126],[1.1241,44.87973],[1.12619,44.8771],[1.12336,44.87627],[1.12094,44.87615],[1.11844,44.87722],[1.11725,44.87589],[1.11369,44.87368],[1.11493,44.87265],[1.1153,44.87125],[1.11342,44.87095],[1.11054,44.86894],[1.10932,44.86975],[1.10776,44.8693],[1.10762,44.86794],[1.1065,44.86776],[1.10462,44.86841],[1.10229,44.86784],[1.10136,44.86639],[1.09807,44.86708],[1.09799,44.86587],[1.09886,44.86365],[1.10011,44.86283],[1.1015,44.86126],[1.10188,44.85858],[1.10097,44.85576],[1.10126,44.85362],[1.09914,44.85205],[1.09966,44.85085],[1.09846,44.84732],[1.09694,44.84616],[1.09616,44.84393],[1.09694,44.84298],[1.09661,44.84061],[1.09457,44.83719],[1.09351,44.83762],[1.0912,44.83536],[1.08814,44.83332],[1.08695,44.83709],[1.08645,44.83985],[1.08492,44.84138],[1.08208,44.84278],[1.07922,44.84292],[1.0765,44.84251],[1.07475,44.84131],[1.07159,44.83813],[1.06985,44.83706],[1.06767,44.8371],[1.06586,44.83824],[1.06173,44.84179],[1.0589,44.84417],[1.05409,44.84774],[1.05246,44.84832],[1.04952,44.85033],[1.04399,44.8528],[1.04211,44.85338],[1.04485,44.85729],[1.04468,44.85931],[1.0441,44.86064],[1.04685,44.86479],[1.04849,44.86649],[1.0493,44.86808],[1.0487,44.86853],[1.05222,44.86989],[1.05294,44.87094],[1.0517,44.87179],[1.05075,44.87467],[1.05153,44.87606],[1.05361,44.87762],[1.05339,44.87933],[1.05414,44.88186],[1.05525,44.88331],[1.05785,44.88448],[1.0589,44.8841],[1.05932,44.88295],[1.05893,44.88038],[1.06101,44.87903],[1.06283,44.87973],[1.06394,44.88065],[1.06484,44.88213],[1.06657,44.88357],[1.07029,44.8844],[1.07201,44.88582],[1.07293,44.88742],[1.07584,44.88727],[1.07686,44.88794],[1.0808,44.88903],[1.08094,44.8905],[1.08193,44.89268],[1.08974,44.89269],[1.09463,44.89191],[1.09771,44.89291],[1.10097,44.89602],[1.10218,44.89599]]]}},{"type":"Feature","id":"fr-commune-24088","properties":{"id":"fr-commune-24088","name":"Cause-de-Clérans","kind":"commune","center":[0.6699,44.8766],"code":"24088","department":"24"},"bbox":[0.63808,44.85103,0.70144,44.90215],"geometry":{"type":"Polygon","coordinates":[[[0.6657,44.90215],[0.66884,44.9013],[0.67519,44.89832],[0.67691,44.89829],[0.68102,44.89745],[0.68253,44.89622],[0.68273,44.89508],[0.68508,44.89362],[0.6859,44.89389],[0.68953,44.89289],[0.69155,44.89175],[0.69339,44.89254],[0.69644,44.89249],[0.69912,44.89191],[0.70144,44.89196],[0.6993,44.88614],[0.69878,44.88052],[0.69849,44.87392],[0.69774,44.87366],[0.69636,44.87161],[0.69485,44.8711],[0.69201,44.87088],[0.69022,44.87032],[0.68978,44.86941],[0.68831,44.86926],[0.68804,44.86752],[0.68709,44.8662],[0.68845,44.86467],[0.68688,44.86414],[0.68394,44.86376],[0.68723,44.86108],[0.68856,44.86038],[0.68925,44.85932],[0.6865,44.8588],[0.68428,44.858],[0.68357,44.85732],[0.68028,44.85679],[0.67706,44.85571],[0.67517,44.85565],[0.67438,44.8549],[0.67231,44.85512],[0.67365,44.85311],[0.67368,44.85226],[0.67056,44.85194],[0.66883,44.85126],[0.66342,44.85103],[0.6595,44.85108],[0.65718,44.85137],[0.65617,44.85197],[0.65029,44.85319],[0.64971,44.85151],[0.6487,44.85105],[0.64592,44.85176],[0.64523,44.85148],[0.64313,44.85259],[0.6418,44.85286],[0.63931,44.85427],[0.63808,44.85433],[0.64061,44.85519],[0.64008,44.86007],[0.64268,44.86112],[0.64218,44.86237],[0.64381,44.86408],[0.64326,44.8648],[0.64758,44.86461],[0.64861,44.86426],[0.65047,44.8665],[0.65015,44.86862],[0.65195,44.87041],[0.65414,44.87174],[0.65699,44.87242],[0.65784,44.87166],[0.65933,44.87226],[0.65954,44.87356],[0.66133,44.87471],[0.66251,44.87791],[0.6641,44.87889],[0.665,44.88011],[0.66693,44.88183],[0.66822,44.88341],[0.66465,44.88529],[0.6655,44.88657],[0.66576,44.88809],[0.66491,44.88939],[0.6663,44.88967],[0.66669,44.89083],[0.66602,44.89238],[0.66373,44.8945],[0.66406,44.89689],[0.66468,44.89855],[0.66438,44.89981],[0.6657,44.90215]]]}},{"type":"Feature","id":"fr-commune-24090","properties":{"id":"fr-commune-24090","name":"Celles","kind":"commune","center":[0.4129,45.2896],"code":"24090","department":"24"},"bbox":[0.37716,45.25204,0.44871,45.32719],"geometry":{"type":"Polygon","coordinates":[[[0.44054,45.27931],[0.43815,45.27465],[0.43693,45.2738],[0.4367,45.27271],[0.43513,45.27384],[0.42879,45.27469],[0.42742,45.27276],[0.4235,45.27282],[0.42392,45.26976],[0.42307,45.26882],[0.42115,45.26894],[0.42012,45.26818],[0.41578,45.26847],[0.41647,45.26526],[0.41763,45.26202],[0.4173,45.26066],[0.41777,45.25885],[0.41577,45.25748],[0.41607,45.25574],[0.415,45.25388],[0.41116,45.25247],[0.40862,45.25277],[0.40711,45.25204],[0.40395,45.25321],[0.40291,45.25226],[0.40092,45.25357],[0.39831,45.25359],[0.39562,45.25496],[0.39185,45.25569],[0.38877,45.25694],[0.38863,45.25833],[0.38965,45.25944],[0.39103,45.25935],[0.39237,45.26018],[0.39109,45.26329],[0.39181,45.26495],[0.39217,45.26705],[0.39281,45.26852],[0.39184,45.26952],[0.39179,45.27194],[0.39284,45.27631],[0.39227,45.27729],[0.3926,45.27848],[0.38797,45.27896],[0.38568,45.28048],[0.38082,45.27982],[0.38128,45.28234],[0.38177,45.283],[0.38161,45.28454],[0.38226,45.28766],[0.37947,45.28809],[0.37716,45.28809],[0.3788,45.29115],[0.3792,45.29331],[0.38045,45.29557],[0.38197,45.29574],[0.38467,45.29754],[0.38376,45.3015],[0.38263,45.30492],[0.38103,45.30627],[0.38377,45.3081],[0.38643,45.30951],[0.38812,45.31066],[0.39048,45.31066],[0.38941,45.31167],[0.39085,45.31475],[0.39041,45.31627],[0.39575,45.3171],[0.39916,45.31855],[0.40082,45.32],[0.40234,45.31917],[0.40266,45.32055],[0.40595,45.31917],[0.40797,45.31662],[0.41236,45.31898],[0.41355,45.32046],[0.41665,45.32224],[0.42021,45.32258],[0.42344,45.32524],[0.42262,45.32585],[0.42329,45.32577],[0.42695,45.32719],[0.43016,45.32608],[0.43605,45.32491],[0.43646,45.32415],[0.44085,45.32528],[0.44591,45.32269],[0.44671,45.32076],[0.44871,45.32062],[0.44772,45.31846],[0.44517,45.31697],[0.44396,45.31474],[0.44209,45.31328],[0.44086,45.31151],[0.44083,45.31059],[0.44191,45.30801],[0.44257,45.3077],[0.4425,45.30583],[0.44342,45.30509],[0.44339,45.30338],[0.44208,45.30119],[0.43959,45.29936],[0.43518,45.299],[0.43315,45.29788],[0.4316,45.29613],[0.43199,45.29555],[0.43017,45.29316],[0.43215,45.29278],[0.43392,45.29315],[0.4357,45.2927],[0.4379,45.29068],[0.43781,45.28924],[0.439,45.28732],[0.44244,45.28579],[0.44327,45.2842],[0.4421,45.28321],[0.44151,45.28083],[0.44054,45.27931]]]}},{"type":"Feature","id":"fr-commune-24091","properties":{"id":"fr-commune-24091","name":"Cénac-et-Saint-Julien","kind":"commune","center":[1.2028259807570738,44.78709858183569],"code":"24091","department":"24"},"bbox":[1.15893,44.75995,1.26973,44.82662],"geometry":{"type":"Polygon","coordinates":[[[1.16697,44.80371],[1.1618,44.80618],[1.16166,44.80712],[1.15914,44.80962],[1.15893,44.81313],[1.1605,44.8131],[1.16159,44.81374],[1.16148,44.81497],[1.16372,44.81549],[1.16637,44.817],[1.16908,44.82095],[1.17562,44.82526],[1.1764,44.82615],[1.17792,44.82662],[1.17923,44.82645],[1.1818,44.82559],[1.183,44.82424],[1.1838,44.82118],[1.1831,44.81894],[1.18087,44.81707],[1.17964,44.81517],[1.17988,44.81168],[1.18044,44.8097],[1.18286,44.80759],[1.18271,44.8071],[1.1882,44.80529],[1.19159,44.80629],[1.19433,44.80619],[1.19727,44.80541],[1.1987,44.80764],[1.20472,44.80598],[1.20444,44.80519],[1.20537,44.80307],[1.20688,44.8018],[1.20711,44.80088],[1.20627,44.79927],[1.20653,44.7978],[1.2079,44.79666],[1.20916,44.79237],[1.21076,44.79078],[1.21211,44.79035],[1.21137,44.78944],[1.21338,44.78811],[1.22261,44.7845],[1.22702,44.78329],[1.22813,44.78177],[1.23032,44.78081],[1.2329,44.78031],[1.23465,44.7812],[1.23781,44.78096],[1.24798,44.77736],[1.25403,44.77682],[1.25757,44.77575],[1.25932,44.7759],[1.2647,44.77512],[1.26973,44.77596],[1.25929,44.77103],[1.25919,44.76861],[1.25985,44.76564],[1.25233,44.76791],[1.25114,44.76782],[1.24262,44.7704],[1.23955,44.77285],[1.2366,44.77213],[1.23714,44.7711],[1.24105,44.7671],[1.24083,44.76537],[1.23976,44.76522],[1.2366,44.764],[1.23256,44.7636],[1.23053,44.76226],[1.22918,44.76301],[1.22531,44.76217],[1.22399,44.75995],[1.21987,44.76362],[1.21001,44.76522],[1.20833,44.7652],[1.20837,44.76654],[1.20447,44.76664],[1.20421,44.766],[1.20245,44.76525],[1.20014,44.76556],[1.19973,44.76698],[1.19635,44.7692],[1.1955,44.77181],[1.19169,44.77165],[1.18935,44.77183],[1.18442,44.77117],[1.18162,44.77135],[1.18078,44.77194],[1.18111,44.77495],[1.18052,44.77555],[1.18224,44.77781],[1.18132,44.77906],[1.18173,44.78085],[1.18068,44.78416],[1.17908,44.78617],[1.17663,44.78872],[1.17334,44.7906],[1.17117,44.79143],[1.16909,44.79265],[1.16822,44.79426],[1.17036,44.79528],[1.17283,44.79697],[1.17355,44.79867],[1.17209,44.80142],[1.17315,44.80226],[1.17207,44.80382],[1.1712,44.80384],[1.17037,44.80508],[1.16697,44.80371]]]}},{"type":"Feature","id":"fr-commune-24094","properties":{"id":"fr-commune-24094","name":"Chalagnac","kind":"commune","center":[0.682,45.092],"code":"24094","department":"24"},"bbox":[0.6453,45.06925,0.71877,45.11469],"geometry":{"type":"Polygon","coordinates":[[[0.71877,45.0759],[0.71728,45.0754],[0.71706,45.07462],[0.71242,45.07645],[0.71057,45.07796],[0.70886,45.07868],[0.70677,45.07846],[0.70403,45.07748],[0.6994,45.07664],[0.69672,45.07546],[0.69405,45.07543],[0.69272,45.07346],[0.69137,45.06925],[0.69107,45.06976],[0.68859,45.07026],[0.68457,45.07205],[0.68319,45.07234],[0.68026,45.07175],[0.67967,45.07433],[0.67974,45.07628],[0.6777,45.07826],[0.67521,45.07865],[0.67495,45.07994],[0.67698,45.08127],[0.67713,45.0825],[0.67876,45.08449],[0.66966,45.08572],[0.66723,45.08661],[0.6657,45.08753],[0.66337,45.08769],[0.66191,45.08819],[0.65723,45.08859],[0.65375,45.08919],[0.64796,45.08915],[0.64776,45.09111],[0.64813,45.0929],[0.64649,45.09437],[0.64588,45.09558],[0.64681,45.09771],[0.647,45.09969],[0.64595,45.10305],[0.6453,45.10324],[0.64634,45.10423],[0.64899,45.10474],[0.65072,45.10537],[0.65508,45.10639],[0.66274,45.10921],[0.66413,45.11083],[0.66509,45.11102],[0.66484,45.11227],[0.66694,45.11416],[0.66828,45.11429],[0.66971,45.11371],[0.67518,45.11414],[0.67628,45.11469],[0.67754,45.11273],[0.67846,45.10892],[0.68431,45.11031],[0.68637,45.10936],[0.68719,45.1071],[0.68954,45.10705],[0.6927,45.10757],[0.69192,45.10424],[0.6931,45.10404],[0.69478,45.10127],[0.69636,45.10104],[0.69858,45.09954],[0.70145,45.09624],[0.70418,45.09449],[0.70626,45.09346],[0.70691,45.09267],[0.70966,45.09078],[0.7105,45.08929],[0.71157,45.08504],[0.71309,45.08535],[0.71544,45.08509],[0.7182,45.08525],[0.71722,45.08114],[0.71768,45.07905],[0.71874,45.07675],[0.71877,45.0759]]]}},{"type":"Feature","id":"fr-commune-24095","properties":{"id":"fr-commune-24095","name":"Chalais","kind":"commune","center":[0.9379,45.5044],"code":"24095","department":"24"},"bbox":[0.90788,45.47541,0.96824,45.53332],"geometry":{"type":"Polygon","coordinates":[[[0.9221,45.52725],[0.92249,45.52929],[0.92384,45.53192],[0.92646,45.53332],[0.92816,45.53246],[0.93193,45.53003],[0.93425,45.52935],[0.93717,45.5276],[0.93955,45.52649],[0.94101,45.52765],[0.9431,45.52713],[0.9455,45.52508],[0.94698,45.52429],[0.94952,45.52645],[0.95048,45.5279],[0.95244,45.52752],[0.95473,45.52644],[0.95701,45.52582],[0.95834,45.52587],[0.96304,45.52419],[0.96409,45.52147],[0.96528,45.52041],[0.96824,45.5188],[0.96663,45.51753],[0.96748,45.51662],[0.96637,45.51426],[0.9678,45.51313],[0.96772,45.51222],[0.96541,45.51076],[0.96498,45.51007],[0.96551,45.50879],[0.96412,45.5074],[0.96597,45.50676],[0.96593,45.50619],[0.96317,45.50549],[0.96364,45.50426],[0.96318,45.50302],[0.96286,45.50027],[0.96452,45.4993],[0.9642,45.49836],[0.96254,45.49768],[0.96241,45.49694],[0.95998,45.49666],[0.96216,45.49509],[0.95954,45.49456],[0.9607,45.49171],[0.95964,45.49028],[0.96068,45.48926],[0.95969,45.48849],[0.96074,45.48751],[0.96104,45.48634],[0.96263,45.48588],[0.96341,45.48503],[0.96315,45.48287],[0.96349,45.48098],[0.96152,45.48046],[0.95998,45.4807],[0.95795,45.47995],[0.95691,45.47853],[0.95573,45.47787],[0.95332,45.47843],[0.95063,45.47857],[0.94792,45.47938],[0.94673,45.47942],[0.94505,45.47705],[0.94339,45.47683],[0.94233,45.47613],[0.94197,45.47643],[0.93712,45.47541],[0.93584,45.47555],[0.93292,45.47677],[0.92884,45.47772],[0.9273,45.47767],[0.92513,45.47975],[0.92639,45.48058],[0.92817,45.48066],[0.92864,45.48141],[0.93063,45.48153],[0.93099,45.48485],[0.93043,45.4859],[0.92543,45.48712],[0.92236,45.4883],[0.92088,45.4881],[0.91926,45.48891],[0.91835,45.48753],[0.91429,45.4876],[0.91243,45.48727],[0.90962,45.48778],[0.90788,45.48849],[0.9081,45.48989],[0.90977,45.48989],[0.90899,45.49119],[0.9103,45.49453],[0.91208,45.49534],[0.91093,45.49615],[0.9126,45.49769],[0.9125,45.49896],[0.91125,45.50029],[0.91132,45.50139],[0.91468,45.50282],[0.91492,45.50392],[0.91638,45.50514],[0.91894,45.50613],[0.91924,45.50667],[0.92205,45.50811],[0.9225,45.50979],[0.92141,45.51168],[0.9219,45.51267],[0.92154,45.5163],[0.92268,45.51927],[0.92262,45.52065],[0.92349,45.52218],[0.92285,45.52589],[0.9221,45.52725]]]}},{"type":"Feature","id":"fr-commune-24096","properties":{"id":"fr-commune-24096","name":"Champagnac-de-Belair","kind":"commune","center":[0.6987,45.3982],"code":"24096","department":"24"},"bbox":[0.64928,45.37471,0.74815,45.42176],"geometry":{"type":"Polygon","coordinates":[[[0.74815,45.39503],[0.74586,45.39457],[0.743,45.39455],[0.74443,45.39139],[0.74604,45.38897],[0.74529,45.38639],[0.74403,45.3861],[0.74406,45.3867],[0.74144,45.38868],[0.74165,45.39034],[0.7403,45.39189],[0.73921,45.39194],[0.73806,45.39304],[0.73525,45.39262],[0.7322,45.39327],[0.73136,45.39302],[0.73151,45.39123],[0.73325,45.38779],[0.7302,45.38778],[0.72869,45.38709],[0.72751,45.38874],[0.72317,45.39091],[0.72161,45.3928],[0.71792,45.39396],[0.71625,45.3942],[0.71424,45.39345],[0.71473,45.39153],[0.71321,45.38885],[0.71138,45.38753],[0.70749,45.38805],[0.70573,45.38869],[0.70283,45.38849],[0.70056,45.38861],[0.69826,45.3895],[0.6966,45.39065],[0.696,45.39002],[0.69338,45.38584],[0.69287,45.38368],[0.69307,45.38124],[0.69288,45.3794],[0.69217,45.37792],[0.68984,45.3749],[0.68761,45.37471],[0.68596,45.37577],[0.68431,45.37549],[0.6822,45.37674],[0.68127,45.37673],[0.67834,45.37761],[0.67536,45.37787],[0.67578,45.37989],[0.67512,45.38193],[0.6725,45.38264],[0.671,45.38251],[0.66908,45.38301],[0.6675,45.38254],[0.6656,45.38304],[0.66534,45.38405],[0.66817,45.38707],[0.67033,45.39403],[0.66778,45.39415],[0.66572,45.39897],[0.66735,45.40001],[0.66477,45.40162],[0.66233,45.40414],[0.66212,45.40486],[0.6631,45.40826],[0.66532,45.40879],[0.66644,45.40969],[0.66513,45.41206],[0.66239,45.41171],[0.65977,45.41251],[0.65687,45.41263],[0.65429,45.41417],[0.65201,45.41455],[0.65152,45.41563],[0.64928,45.41702],[0.65033,45.41873],[0.6506,45.42015],[0.65467,45.42011],[0.65739,45.42116],[0.66041,45.42114],[0.66313,45.4195],[0.66657,45.41964],[0.66679,45.41863],[0.66928,45.41775],[0.67318,45.41599],[0.67607,45.41604],[0.67642,45.41682],[0.6788,45.41665],[0.6822,45.41771],[0.6822,45.4194],[0.68452,45.42026],[0.6846,45.42085],[0.68732,45.42088],[0.68846,45.42176],[0.68894,45.42125],[0.68829,45.41991],[0.69133,45.42006],[0.69167,45.41811],[0.6904,45.41646],[0.6915,45.41602],[0.69256,45.41686],[0.69498,45.41693],[0.69644,45.41567],[0.6998,45.41499],[0.70024,45.41527],[0.70609,45.41457],[0.70964,45.41533],[0.71121,45.41524],[0.71273,45.41453],[0.71529,45.41409],[0.71582,45.4131],[0.72077,45.4113],[0.72142,45.4117],[0.72651,45.41015],[0.72691,45.40759],[0.72845,45.40505],[0.73254,45.40268],[0.73475,45.40164],[0.73748,45.40176],[0.73915,45.4013],[0.74189,45.39975],[0.74534,45.39812],[0.74809,45.39732],[0.74815,45.39503]]]}},{"type":"Feature","id":"fr-commune-24097","properties":{"id":"fr-commune-24097","name":"Champagne-et-Fontaine","kind":"commune","center":[0.3376,45.4279],"code":"24097","department":"24"},"bbox":[0.29966,45.39495,0.37558,45.46086],"geometry":{"type":"Polygon","coordinates":[[[0.3021,45.45881],[0.30324,45.45945],[0.30775,45.46086],[0.31025,45.45903],[0.31816,45.45407],[0.31909,45.45304],[0.3244,45.44985],[0.32595,45.448],[0.32796,45.44438],[0.32914,45.44345],[0.33017,45.44353],[0.33104,45.44621],[0.33206,45.44824],[0.33384,45.44958],[0.33318,45.4506],[0.33361,45.45224],[0.33302,45.45493],[0.33321,45.45758],[0.33251,45.45917],[0.33462,45.46022],[0.33595,45.46025],[0.34113,45.45894],[0.34969,45.45708],[0.35145,45.45629],[0.35115,45.45538],[0.34955,45.45393],[0.34919,45.45299],[0.35143,45.4518],[0.35342,45.44904],[0.35358,45.44783],[0.35661,45.44483],[0.3627,45.4407],[0.36524,45.43805],[0.36975,45.43376],[0.37125,45.43259],[0.37558,45.42811],[0.37255,45.4245],[0.37226,45.4233],[0.37106,45.42221],[0.36774,45.42015],[0.36745,45.41589],[0.36667,45.41464],[0.36734,45.41307],[0.36609,45.41273],[0.36588,45.41094],[0.36474,45.41098],[0.35892,45.41267],[0.35792,45.41277],[0.35693,45.41159],[0.35715,45.41028],[0.35631,45.40925],[0.35276,45.40731],[0.34979,45.40685],[0.34573,45.40573],[0.34248,45.40534],[0.34321,45.40384],[0.34103,45.40135],[0.33943,45.39999],[0.33649,45.39875],[0.33311,45.39893],[0.32919,45.39741],[0.32713,45.39591],[0.32447,45.39495],[0.323,45.39682],[0.32335,45.39934],[0.32193,45.40258],[0.31929,45.40352],[0.31981,45.40497],[0.31545,45.40833],[0.31429,45.4087],[0.31091,45.41172],[0.30974,45.41325],[0.31005,45.41563],[0.30895,45.41836],[0.30875,45.42035],[0.30922,45.42162],[0.30867,45.4224],[0.30935,45.42528],[0.30831,45.42681],[0.30556,45.42935],[0.3044,45.43],[0.30365,45.43221],[0.30657,45.43373],[0.30945,45.43314],[0.31311,45.43275],[0.31509,45.43453],[0.31771,45.43618],[0.3176,45.43678],[0.31459,45.43916],[0.31279,45.44009],[0.31149,45.44261],[0.30456,45.44431],[0.3012,45.44559],[0.30163,45.44775],[0.30096,45.45004],[0.29966,45.45168],[0.30104,45.45343],[0.30206,45.45652],[0.3021,45.45881]]]}},{"type":"Feature","id":"fr-commune-24098","properties":{"id":"fr-commune-24098","name":"Champcevinel","kind":"commune","center":[0.7227,45.2198],"code":"24098","department":"24"},"bbox":[0.69081,45.19676,0.75458,45.24328],"geometry":{"type":"Polygon","coordinates":[[[0.73342,45.24328],[0.73589,45.2417],[0.74602,45.24142],[0.74904,45.2419],[0.74884,45.24065],[0.75073,45.23792],[0.74942,45.23561],[0.74945,45.23355],[0.75001,45.23019],[0.7517,45.22767],[0.75342,45.22565],[0.75458,45.22319],[0.75421,45.22073],[0.75239,45.21857],[0.75116,45.21763],[0.75161,45.21431],[0.75001,45.21265],[0.749,45.21038],[0.74625,45.20628],[0.74272,45.20034],[0.73957,45.19748],[0.73798,45.19676],[0.73652,45.19917],[0.73522,45.19897],[0.73344,45.19934],[0.73075,45.1992],[0.72685,45.19863],[0.72406,45.19704],[0.72049,45.19766],[0.71927,45.19827],[0.7184,45.19756],[0.71638,45.19842],[0.7169,45.20037],[0.71463,45.20371],[0.71536,45.20586],[0.71275,45.20691],[0.71359,45.20766],[0.70879,45.2079],[0.70468,45.20595],[0.70358,45.20367],[0.69998,45.20455],[0.6966,45.20599],[0.69758,45.20973],[0.69735,45.2108],[0.69162,45.21385],[0.69081,45.21744],[0.69664,45.22777],[0.69766,45.23101],[0.69849,45.23231],[0.70166,45.23467],[0.70324,45.23693],[0.7081,45.23633],[0.71146,45.23694],[0.71403,45.23838],[0.72035,45.24267],[0.73342,45.24328]]]}},{"type":"Feature","id":"fr-commune-24100","properties":{"id":"fr-commune-24100","name":"Champniers-et-Reilhac","kind":"commune","center":[0.7275,45.6703],"code":"24100","department":"24"},"bbox":[0.68121,45.64471,0.77362,45.69594],"geometry":{"type":"Polygon","coordinates":[[[0.68121,45.68755],[0.6848,45.68735],[0.68792,45.6885],[0.6889,45.68978],[0.69092,45.68867],[0.69103,45.68977],[0.69229,45.69099],[0.69432,45.69219],[0.69631,45.69063],[0.69611,45.68927],[0.69732,45.68826],[0.70022,45.68771],[0.70199,45.68709],[0.70612,45.68858],[0.71098,45.69218],[0.71078,45.69461],[0.71362,45.69418],[0.71488,45.69513],[0.718,45.695],[0.7195,45.69594],[0.72065,45.69568],[0.72247,45.69509],[0.72502,45.69587],[0.72665,45.69446],[0.72683,45.69351],[0.72865,45.69299],[0.72969,45.69163],[0.73263,45.69115],[0.73362,45.68954],[0.73598,45.68943],[0.73886,45.69052],[0.74294,45.69039],[0.74569,45.68782],[0.74641,45.68559],[0.74834,45.68342],[0.74818,45.68193],[0.74923,45.68099],[0.7527,45.6802],[0.75321,45.67883],[0.75584,45.67774],[0.75749,45.674],[0.75934,45.673],[0.76041,45.67015],[0.76375,45.66801],[0.7668,45.6681],[0.7683,45.66862],[0.76951,45.66843],[0.77098,45.66943],[0.77362,45.66789],[0.77174,45.66783],[0.76842,45.66624],[0.7651,45.66502],[0.75975,45.66216],[0.7587,45.66186],[0.75514,45.66191],[0.75236,45.66237],[0.74872,45.66153],[0.74822,45.66107],[0.74487,45.65972],[0.74245,45.65768],[0.74009,45.65644],[0.73781,45.6558],[0.73498,45.65663],[0.72992,45.65694],[0.72879,45.65502],[0.72783,45.65249],[0.72613,45.64962],[0.72487,45.64866],[0.72129,45.64747],[0.72014,45.64582],[0.71878,45.64471],[0.71747,45.64496],[0.71709,45.6465],[0.71583,45.64704],[0.7146,45.64959],[0.71375,45.64996],[0.71413,45.65159],[0.71322,45.65275],[0.71208,45.65324],[0.7104,45.65151],[0.70848,45.6507],[0.70299,45.65143],[0.70269,45.65189],[0.69813,45.6527],[0.696,45.65182],[0.69256,45.65191],[0.68829,45.65529],[0.68682,45.65693],[0.68313,45.65859],[0.68179,45.65957],[0.6832,45.66048],[0.68558,45.66143],[0.68863,45.66325],[0.68986,45.66358],[0.69271,45.66514],[0.69212,45.66925],[0.693,45.67074],[0.69676,45.67318],[0.69805,45.67469],[0.69854,45.67695],[0.69624,45.67748],[0.69603,45.678],[0.69708,45.67968],[0.69505,45.68059],[0.6931,45.68201],[0.68979,45.68273],[0.68726,45.68241],[0.68553,45.68426],[0.68265,45.68505],[0.68121,45.68755]]]}},{"type":"Feature","id":"fr-commune-24101","properties":{"id":"fr-commune-24101","name":"Champs-Romain","kind":"commune","center":[0.7633,45.5434],"code":"24101","department":"24"},"bbox":[0.72293,45.51424,0.80337,45.57248],"geometry":{"type":"Polygon","coordinates":[[[0.78346,45.52132],[0.78183,45.52091],[0.77925,45.52178],[0.77728,45.52053],[0.77506,45.51998],[0.77306,45.52139],[0.77165,45.52161],[0.77015,45.52118],[0.77026,45.52016],[0.77169,45.5199],[0.77253,45.51881],[0.77177,45.5174],[0.76854,45.51758],[0.76819,45.5186],[0.76643,45.5203],[0.76377,45.51977],[0.76177,45.51818],[0.76005,45.51461],[0.75861,45.51424],[0.75378,45.51524],[0.75124,45.51467],[0.74924,45.51587],[0.74859,45.51692],[0.74638,45.51918],[0.7452,45.51976],[0.74357,45.5198],[0.74347,45.52119],[0.74214,45.52202],[0.74171,45.52323],[0.73957,45.5239],[0.73685,45.527],[0.73414,45.52848],[0.73274,45.5287],[0.7279,45.52854],[0.72293,45.53099],[0.72563,45.53254],[0.73164,45.53507],[0.73446,45.53581],[0.73574,45.53749],[0.73921,45.54046],[0.73965,45.54141],[0.74318,45.54444],[0.74457,45.54514],[0.74828,45.54537],[0.75177,45.54618],[0.75231,45.54648],[0.75546,45.55047],[0.75969,45.55212],[0.76542,45.55361],[0.76763,45.55499],[0.76997,45.55791],[0.76998,45.55901],[0.7725,45.56231],[0.77674,45.56531],[0.78064,45.56547],[0.78542,45.56986],[0.78869,45.57059],[0.79038,45.57056],[0.79325,45.5719],[0.79559,45.57248],[0.79832,45.56804],[0.80038,45.56673],[0.79955,45.56319],[0.80016,45.5597],[0.80187,45.55608],[0.80011,45.55269],[0.80039,45.55102],[0.80007,45.5491],[0.8015,45.54721],[0.80185,45.54553],[0.80116,45.54473],[0.80337,45.54404],[0.80203,45.54083],[0.80294,45.54029],[0.80281,45.53917],[0.80159,45.53828],[0.80169,45.53753],[0.80005,45.53708],[0.7992,45.53585],[0.79896,45.534],[0.79921,45.53235],[0.79825,45.53128],[0.79824,45.52847],[0.79694,45.52757],[0.79327,45.52654],[0.79166,45.52668],[0.79003,45.52748],[0.78895,45.52701],[0.7892,45.52594],[0.78435,45.5226],[0.78346,45.52132]]]}},{"type":"Feature","id":"fr-commune-24102","properties":{"id":"fr-commune-24102","name":"Chancelade","kind":"commune","center":[0.6539,45.2107],"code":"24102","department":"24"},"bbox":[0.61919,45.18577,0.68869,45.23514],"geometry":{"type":"Polygon","coordinates":[[[0.62337,45.19595],[0.62292,45.19638],[0.61978,45.1973],[0.61986,45.19873],[0.61919,45.20021],[0.61975,45.20126],[0.61984,45.20294],[0.62241,45.20484],[0.62292,45.20584],[0.6244,45.20685],[0.62586,45.20715],[0.62547,45.20952],[0.62739,45.21131],[0.62792,45.21407],[0.63003,45.2138],[0.62913,45.21507],[0.63169,45.21525],[0.63832,45.21439],[0.63939,45.21622],[0.64201,45.2181],[0.64169,45.21983],[0.64179,45.22326],[0.64372,45.22469],[0.64444,45.22584],[0.64676,45.22761],[0.65072,45.22969],[0.6514,45.2306],[0.65378,45.22997],[0.65496,45.23211],[0.65847,45.23286],[0.66123,45.23302],[0.66231,45.23505],[0.66636,45.23514],[0.66948,45.23293],[0.67536,45.23255],[0.67598,45.23087],[0.67415,45.23008],[0.67607,45.22929],[0.67928,45.23018],[0.68029,45.22872],[0.67781,45.22632],[0.67863,45.22436],[0.68023,45.22285],[0.68244,45.22285],[0.68526,45.21907],[0.687,45.21784],[0.68727,45.21672],[0.68421,45.21573],[0.68587,45.21338],[0.68869,45.2102],[0.68738,45.21057],[0.68637,45.20893],[0.68548,45.2083],[0.68514,45.20616],[0.68686,45.20617],[0.68513,45.20444],[0.68493,45.20282],[0.68402,45.20099],[0.68231,45.20059],[0.67733,45.20043],[0.67353,45.20013],[0.67011,45.20022],[0.6675,45.19997],[0.66322,45.19855],[0.65581,45.1971],[0.65632,45.19575],[0.65616,45.19416],[0.65695,45.1931],[0.65844,45.18957],[0.65564,45.1888],[0.65141,45.18674],[0.64831,45.18577],[0.64453,45.18632],[0.64101,45.18656],[0.63389,45.18897],[0.63248,45.19056],[0.63268,45.19143],[0.63194,45.19328],[0.62943,45.19631],[0.62812,45.19723],[0.62572,45.1969],[0.62337,45.19595]]]}},{"type":"Feature","id":"fr-commune-24104","properties":{"id":"fr-commune-24104","name":"Chantérac","kind":"commune","center":[0.4349,45.1711],"code":"24104","department":"24"},"bbox":[0.3961,45.14513,0.47363,45.1972],"geometry":{"type":"Polygon","coordinates":[[[0.3961,45.15165],[0.39757,45.15313],[0.39919,45.15639],[0.39959,45.1604],[0.40055,45.16198],[0.40051,45.1636],[0.40129,45.16497],[0.40278,45.16635],[0.40377,45.16648],[0.40615,45.16797],[0.40877,45.17002],[0.41165,45.17114],[0.41475,45.17195],[0.41666,45.172],[0.418,45.17149],[0.42007,45.17243],[0.42393,45.17544],[0.42432,45.17717],[0.42763,45.18099],[0.42836,45.18265],[0.42734,45.18448],[0.42896,45.18771],[0.43166,45.18924],[0.43445,45.18947],[0.43481,45.19105],[0.43285,45.19154],[0.4296,45.19178],[0.42752,45.19229],[0.42177,45.19613],[0.42216,45.19601],[0.42704,45.19425],[0.43208,45.19317],[0.43471,45.19203],[0.43697,45.19195],[0.43963,45.19266],[0.4436,45.1946],[0.44591,45.19486],[0.44753,45.19563],[0.4492,45.1972],[0.44995,45.19713],[0.45092,45.19497],[0.44967,45.19301],[0.45015,45.19054],[0.45143,45.18866],[0.45572,45.18697],[0.45862,45.18644],[0.4629,45.18497],[0.46455,45.18471],[0.46339,45.18244],[0.46199,45.18156],[0.46249,45.18092],[0.46568,45.17895],[0.46504,45.17826],[0.46417,45.17511],[0.46652,45.17505],[0.47011,45.17612],[0.47261,45.17616],[0.47363,45.17563],[0.47108,45.17397],[0.4692,45.17089],[0.46937,45.16967],[0.46764,45.16868],[0.46798,45.1677],[0.46662,45.16633],[0.46719,45.16537],[0.46641,45.16387],[0.46533,45.16312],[0.46555,45.16203],[0.46256,45.15678],[0.46243,45.15564],[0.46193,45.15376],[0.46073,45.15266],[0.46084,45.15094],[0.45909,45.14955],[0.45854,45.1471],[0.45704,45.1461],[0.45537,45.14564],[0.45397,45.14703],[0.4505,45.14808],[0.44947,45.14776],[0.44501,45.14726],[0.43808,45.14933],[0.43486,45.14808],[0.43063,45.14708],[0.42689,45.14513],[0.42155,45.14835],[0.41853,45.15046],[0.41635,45.15279],[0.41439,45.15309],[0.41193,45.15266],[0.41017,45.15192],[0.40361,45.15281],[0.39748,45.15201],[0.3961,45.15165]]]}},{"type":"Feature","id":"fr-commune-24105","properties":{"id":"fr-commune-24105","name":"Chapdeuil","kind":"commune","center":[0.4638,45.3406],"code":"24105","department":"24"},"bbox":[0.43936,45.32265,0.48821,45.35853],"geometry":{"type":"Polygon","coordinates":[[[0.4856,45.35018],[0.48444,45.34897],[0.48682,45.34815],[0.48821,45.3481],[0.48744,45.34549],[0.48571,45.34256],[0.48333,45.34137],[0.48353,45.34085],[0.4816,45.33924],[0.48129,45.33793],[0.47916,45.33607],[0.48018,45.3341],[0.47762,45.33034],[0.47246,45.32624],[0.47242,45.32509],[0.4712,45.32455],[0.46858,45.32265],[0.46845,45.32472],[0.46747,45.32685],[0.46147,45.32849],[0.46053,45.32907],[0.45808,45.32835],[0.45697,45.33004],[0.4559,45.33085],[0.45331,45.33567],[0.45385,45.33653],[0.45356,45.33861],[0.45264,45.33992],[0.45282,45.34092],[0.45235,45.34296],[0.45259,45.34438],[0.44736,45.34514],[0.44549,45.34601],[0.44168,45.34731],[0.43936,45.34836],[0.44154,45.34968],[0.44283,45.35114],[0.44897,45.34921],[0.45256,45.34757],[0.45239,45.34976],[0.45179,45.35231],[0.45287,45.35402],[0.45304,45.3553],[0.45405,45.35731],[0.45632,45.35853],[0.45872,45.35762],[0.4611,45.35767],[0.46319,45.35657],[0.4654,45.35678],[0.46756,45.35641],[0.47241,45.35514],[0.47292,45.3544],[0.47621,45.35306],[0.48103,45.35313],[0.48237,45.35358],[0.48325,45.35218],[0.48534,45.35098],[0.4856,45.35018]]]}},{"type":"Feature","id":"fr-commune-24106","properties":{"id":"fr-commune-24106","name":"La Chapelle-Aubareil","kind":"commune","center":[1.1897,45.0042],"code":"24106","department":"24"},"bbox":[1.15733,44.96848,1.22213,45.04009],"geometry":{"type":"Polygon","coordinates":[[[1.16742,45.03074],[1.17021,45.03237],[1.17185,45.03275],[1.17807,45.03647],[1.1826,45.03718],[1.18419,45.03795],[1.18625,45.03835],[1.18759,45.0393],[1.18949,45.03937],[1.19154,45.0399],[1.19451,45.04009],[1.19862,45.03962],[1.20051,45.03901],[1.20047,45.03584],[1.20084,45.03473],[1.20164,45.03363],[1.20498,45.03213],[1.20756,45.03012],[1.21129,45.02636],[1.21246,45.02564],[1.21461,45.02242],[1.21672,45.02136],[1.21578,45.01944],[1.21517,45.01622],[1.21787,45.01439],[1.21722,45.01323],[1.21963,45.01194],[1.22211,45.01167],[1.22213,45.01035],[1.22123,45.0084],[1.22095,45.00655],[1.21751,45.0065],[1.21524,45.00698],[1.20787,45.00751],[1.20532,45.00462],[1.20373,45.00069],[1.20281,44.99395],[1.20361,44.9931],[1.20522,44.9898],[1.20482,44.98736],[1.20502,44.98417],[1.2061,44.9806],[1.20205,44.98022],[1.20311,44.97848],[1.2035,44.97682],[1.20587,44.97275],[1.20895,44.97009],[1.21199,44.96848],[1.20844,44.96987],[1.20707,44.97077],[1.20516,44.97068],[1.20384,44.97187],[1.2006,44.97298],[1.19806,44.97328],[1.19611,44.9745],[1.19134,44.97647],[1.19112,44.97724],[1.18955,44.9779],[1.18972,44.97976],[1.18928,44.98163],[1.18987,44.98374],[1.18915,44.98541],[1.18913,44.9885],[1.18457,44.98829],[1.1824,44.98898],[1.17971,44.99117],[1.17791,44.99074],[1.17532,44.99134],[1.17624,44.99301],[1.17627,44.99428],[1.17513,44.99517],[1.17231,44.99485],[1.17062,44.99529],[1.17108,44.99719],[1.16836,44.99693],[1.16792,44.99559],[1.16646,44.99596],[1.16558,44.99527],[1.16333,44.99587],[1.15937,44.99756],[1.15838,44.99843],[1.16195,45.00156],[1.16527,45.00219],[1.16513,45.0033],[1.16625,45.00404],[1.16505,45.00667],[1.16831,45.00846],[1.16765,45.00929],[1.16857,45.01057],[1.16724,45.01223],[1.16729,45.01291],[1.16587,45.01375],[1.16324,45.01452],[1.16046,45.01702],[1.1603,45.01779],[1.15733,45.01943],[1.16243,45.02408],[1.1646,45.02639],[1.16619,45.02719],[1.16988,45.02834],[1.1693,45.02935],[1.16742,45.03074]]]}},{"type":"Feature","id":"fr-commune-24107","properties":{"id":"fr-commune-24107","name":"La Chapelle-Faucher","kind":"commune","center":[0.7622,45.3759],"code":"24107","department":"24"},"bbox":[0.73363,45.34722,0.79096,45.40455],"geometry":{"type":"Polygon","coordinates":[[[0.74403,45.3861],[0.74529,45.38639],[0.74604,45.38897],[0.74443,45.39139],[0.743,45.39455],[0.74586,45.39457],[0.74815,45.39503],[0.75432,45.39567],[0.75611,45.39518],[0.75958,45.39583],[0.76254,45.39604],[0.76558,45.3973],[0.76704,45.39735],[0.76856,45.39815],[0.76925,45.3997],[0.77258,45.40055],[0.77375,45.40156],[0.77759,45.40237],[0.77882,45.40375],[0.78368,45.40331],[0.78569,45.40455],[0.78513,45.40222],[0.78597,45.39976],[0.78687,45.39819],[0.78976,45.39659],[0.79096,45.39387],[0.78964,45.39348],[0.78642,45.38979],[0.7869,45.38861],[0.7868,45.38614],[0.78723,45.38535],[0.78783,45.38225],[0.788,45.37753],[0.78531,45.37548],[0.78288,45.37289],[0.77948,45.37082],[0.77512,45.36936],[0.77379,45.36943],[0.77281,45.36875],[0.774,45.36679],[0.774,45.36608],[0.77537,45.36541],[0.77599,45.36378],[0.77801,45.36189],[0.78018,45.35929],[0.78039,45.35775],[0.78195,45.35674],[0.78264,45.35],[0.78191,45.34864],[0.77984,45.34748],[0.77813,45.34722],[0.77559,45.34744],[0.7741,45.34796],[0.77206,45.34774],[0.76998,45.34824],[0.76758,45.34945],[0.76754,45.35073],[0.76581,45.34997],[0.76164,45.34969],[0.75933,45.34989],[0.7577,45.35059],[0.75503,45.34929],[0.75335,45.34816],[0.7514,45.34904],[0.74978,45.34895],[0.74816,45.34947],[0.74583,45.35094],[0.74452,45.35011],[0.74261,45.35066],[0.74151,45.34983],[0.73651,45.34818],[0.73422,45.3478],[0.73364,45.3492],[0.73363,45.35042],[0.73444,45.35244],[0.73656,45.35318],[0.7388,45.35499],[0.73935,45.36049],[0.74047,45.36249],[0.73749,45.36401],[0.73584,45.36693],[0.7358,45.36774],[0.73444,45.36806],[0.73585,45.36971],[0.73625,45.37286],[0.73733,45.374],[0.73546,45.37535],[0.73447,45.37809],[0.73553,45.38324],[0.73495,45.38482],[0.73912,45.38563],[0.74173,45.38555],[0.74403,45.3861]]]}},{"type":"Feature","id":"fr-commune-24108","properties":{"id":"fr-commune-24108","name":"La Chapelle-Gonaguet","kind":"commune","center":[0.6187,45.2297],"code":"24108","department":"24"},"bbox":[0.58213,45.20113,0.65496,45.25825],"geometry":{"type":"Polygon","coordinates":[[[0.61975,45.20126],[0.61665,45.20113],[0.61461,45.20217],[0.61355,45.20428],[0.61303,45.20668],[0.60943,45.2096],[0.60617,45.20899],[0.60442,45.21165],[0.60023,45.2105],[0.59696,45.21407],[0.59493,45.21558],[0.59048,45.2174],[0.58981,45.21862],[0.58674,45.22106],[0.58632,45.22408],[0.58694,45.22576],[0.58499,45.22905],[0.58213,45.23105],[0.58563,45.23596],[0.58793,45.23526],[0.58873,45.23647],[0.58717,45.23761],[0.58789,45.23874],[0.58694,45.24085],[0.58869,45.244],[0.5915,45.24254],[0.59281,45.24141],[0.59511,45.24199],[0.596,45.24262],[0.59601,45.24377],[0.59684,45.24443],[0.60194,45.24527],[0.60429,45.24447],[0.60726,45.24493],[0.60703,45.24624],[0.60914,45.24713],[0.61248,45.24905],[0.61619,45.24769],[0.62126,45.24332],[0.62126,45.24555],[0.62238,45.24726],[0.62534,45.2497],[0.62686,45.25257],[0.62986,45.25428],[0.63281,45.25511],[0.63548,45.25692],[0.6367,45.25825],[0.63799,45.25794],[0.63887,45.25661],[0.63953,45.25467],[0.64299,45.2519],[0.64418,45.25052],[0.64563,45.24796],[0.64932,45.2432],[0.64934,45.24168],[0.65012,45.23999],[0.65106,45.2393],[0.65149,45.23802],[0.65383,45.23587],[0.65428,45.23352],[0.65496,45.23211],[0.65378,45.22997],[0.6514,45.2306],[0.65072,45.22969],[0.64676,45.22761],[0.64444,45.22584],[0.64372,45.22469],[0.64179,45.22326],[0.64169,45.21983],[0.64201,45.2181],[0.63939,45.21622],[0.63832,45.21439],[0.63169,45.21525],[0.62913,45.21507],[0.63003,45.2138],[0.62792,45.21407],[0.62739,45.21131],[0.62547,45.20952],[0.62586,45.20715],[0.6244,45.20685],[0.62292,45.20584],[0.62241,45.20484],[0.61984,45.20294],[0.61975,45.20126]]]}},{"type":"Feature","id":"fr-commune-24109","properties":{"id":"fr-commune-24109","name":"La Chapelle-Grésignac","kind":"commune","center":[0.3387,45.392],"code":"24109","department":"24"},"bbox":[0.31892,45.37482,0.35932,45.40925],"geometry":{"type":"Polygon","coordinates":[[[0.32447,45.39495],[0.32713,45.39591],[0.32919,45.39741],[0.33311,45.39893],[0.33649,45.39875],[0.33943,45.39999],[0.34103,45.40135],[0.34321,45.40384],[0.34248,45.40534],[0.34573,45.40573],[0.34979,45.40685],[0.35276,45.40731],[0.35631,45.40925],[0.35816,45.40869],[0.35932,45.40476],[0.35533,45.40359],[0.35547,45.402],[0.35486,45.39748],[0.35415,45.39496],[0.35571,45.39401],[0.35508,45.39281],[0.35322,45.3915],[0.35456,45.39019],[0.35537,45.38697],[0.35591,45.38593],[0.3545,45.38306],[0.35255,45.38236],[0.35141,45.381],[0.35078,45.37844],[0.34554,45.37902],[0.34263,45.37841],[0.34016,45.37646],[0.33809,45.37589],[0.33651,45.37614],[0.33362,45.37759],[0.32997,45.37795],[0.32765,45.37732],[0.32328,45.37649],[0.32013,45.37482],[0.32074,45.38014],[0.32151,45.38159],[0.32114,45.38428],[0.3202,45.3874],[0.3208,45.38922],[0.32045,45.39062],[0.31892,45.39295],[0.32081,45.39313],[0.32239,45.39472],[0.32447,45.39495]]]}},{"type":"Feature","id":"fr-commune-24110","properties":{"id":"fr-commune-24110","name":"La Chapelle-Montabourlet","kind":"commune","center":[0.4587,45.3931],"code":"24110","department":"24"},"bbox":[0.43504,45.3769,0.48246,45.40928],"geometry":{"type":"Polygon","coordinates":[[[0.4676,45.38924],[0.46667,45.38717],[0.46486,45.38801],[0.46108,45.38896],[0.46111,45.39051],[0.45552,45.38952],[0.45583,45.38787],[0.45719,45.38681],[0.45857,45.38657],[0.45711,45.38473],[0.45299,45.38233],[0.45044,45.37999],[0.44786,45.37893],[0.44465,45.3769],[0.44177,45.37805],[0.4404,45.38095],[0.44213,45.3843],[0.44123,45.38649],[0.43988,45.3858],[0.43767,45.38594],[0.43504,45.38765],[0.43596,45.38924],[0.43765,45.39091],[0.43941,45.38901],[0.44143,45.38861],[0.4421,45.38989],[0.4425,45.39284],[0.44071,45.39607],[0.44051,45.3974],[0.44525,45.39664],[0.44615,45.3984],[0.44629,45.40133],[0.45053,45.40038],[0.45277,45.39913],[0.45509,45.4012],[0.45435,45.40217],[0.45566,45.40321],[0.45943,45.40454],[0.46008,45.40655],[0.45972,45.40928],[0.46359,45.40872],[0.46714,45.40895],[0.4714,45.40821],[0.47428,45.40624],[0.47993,45.40424],[0.48246,45.40248],[0.48105,45.40122],[0.47882,45.4001],[0.47775,45.39852],[0.47583,45.39725],[0.47209,45.3937],[0.46947,45.39251],[0.4676,45.38924]]]}},{"type":"Feature","id":"fr-commune-24111","properties":{"id":"fr-commune-24111","name":"La Chapelle-Montmoreau","kind":"commune","center":[0.6411,45.4487],"code":"24111","department":"24"},"bbox":[0.61581,45.42928,0.66645,45.46806],"geometry":{"type":"Polygon","coordinates":[[[0.66645,45.45255],[0.66593,45.45198],[0.66366,45.44386],[0.66323,45.44281],[0.66093,45.4407],[0.6604,45.4392],[0.66163,45.43693],[0.66172,45.43538],[0.66003,45.43384],[0.65515,45.43199],[0.65353,45.43086],[0.652,45.42928],[0.65115,45.43085],[0.65117,45.43222],[0.64823,45.43752],[0.64705,45.43747],[0.64521,45.43871],[0.64415,45.44014],[0.64211,45.44012],[0.6402,45.4393],[0.63784,45.4392],[0.63578,45.43966],[0.63353,45.44129],[0.63369,45.44246],[0.63275,45.44273],[0.63021,45.4446],[0.62886,45.44478],[0.62842,45.44562],[0.62677,45.44609],[0.62161,45.44579],[0.62149,45.4475],[0.61767,45.45087],[0.61757,45.45151],[0.61581,45.45206],[0.61933,45.45395],[0.62108,45.45554],[0.624,45.45716],[0.62562,45.45766],[0.62705,45.45891],[0.62786,45.46035],[0.63028,45.46211],[0.63321,45.46253],[0.63506,45.4619],[0.63688,45.46213],[0.64164,45.46492],[0.64426,45.46602],[0.64688,45.46806],[0.64951,45.46582],[0.65184,45.46421],[0.65327,45.4618],[0.65306,45.45972],[0.65493,45.45789],[0.65609,45.45838],[0.65684,45.45745],[0.66295,45.45321],[0.66645,45.45255]]]}},{"type":"Feature","id":"fr-commune-24113","properties":{"id":"fr-commune-24113","name":"La Chapelle-Saint-Jean","kind":"commune","center":[1.1661,45.1943],"code":"24113","department":"24"},"bbox":[1.15028,45.18228,1.18196,45.20713],"geometry":{"type":"Polygon","coordinates":[[[1.16855,45.18545],[1.16632,45.18515],[1.16446,45.18228],[1.16315,45.18231],[1.1595,45.18473],[1.15836,45.18652],[1.15464,45.1899],[1.15378,45.19129],[1.1516,45.19332],[1.15622,45.19439],[1.15531,45.19622],[1.15028,45.20032],[1.15298,45.20525],[1.1534,45.20713],[1.15761,45.20628],[1.16019,45.20538],[1.16743,45.2047],[1.17097,45.2027],[1.17364,45.20078],[1.17655,45.19928],[1.18047,45.19599],[1.18196,45.19565],[1.18092,45.19331],[1.18034,45.19328],[1.17613,45.19014],[1.16977,45.18677],[1.16855,45.18545]]]}},{"type":"Feature","id":"fr-commune-24114","properties":{"id":"fr-commune-24114","name":"Chassaignes","kind":"commune","center":[0.253,45.2569],"code":"24114","department":"24"},"bbox":[0.23513,45.24019,0.27058,45.27359],"geometry":{"type":"Polygon","coordinates":[[[0.26857,45.24605],[0.2661,45.24449],[0.26486,45.2441],[0.26413,45.24208],[0.26072,45.24218],[0.25952,45.24384],[0.25808,45.24358],[0.25665,45.24272],[0.25603,45.24113],[0.2539,45.24112],[0.25266,45.24025],[0.25068,45.24019],[0.25016,45.24159],[0.24856,45.2407],[0.24394,45.24153],[0.24375,45.24208],[0.23898,45.24157],[0.23749,45.24084],[0.23513,45.24172],[0.23548,45.24244],[0.23872,45.2437],[0.23883,45.24595],[0.23801,45.24625],[0.23801,45.24804],[0.23881,45.2492],[0.23959,45.25181],[0.23755,45.25562],[0.23769,45.26134],[0.2368,45.26252],[0.23648,45.26426],[0.23834,45.26806],[0.23871,45.26971],[0.24033,45.2732],[0.24121,45.27359],[0.24125,45.27309],[0.24564,45.27209],[0.24732,45.27038],[0.2506,45.26763],[0.25812,45.26397],[0.25691,45.26285],[0.25487,45.26193],[0.25691,45.26111],[0.25973,45.25907],[0.26081,45.25608],[0.26311,45.2553],[0.2633,45.25422],[0.26515,45.25374],[0.26607,45.25137],[0.26557,45.25079],[0.26769,45.24864],[0.27058,45.24715],[0.2704,45.24656],[0.26857,45.24605]]]}},{"type":"Feature","id":"fr-commune-24115","properties":{"id":"fr-commune-24115","name":"Château-l'Évêque","kind":"commune","center":[0.6868,45.2555],"code":"24115","department":"24"},"bbox":[0.6367,45.2102,0.73694,45.30032],"geometry":{"type":"Polygon","coordinates":[[[0.69162,45.21385],[0.69069,45.21065],[0.68869,45.2102],[0.68587,45.21338],[0.68421,45.21573],[0.68727,45.21672],[0.687,45.21784],[0.68526,45.21907],[0.68244,45.22285],[0.68023,45.22285],[0.67863,45.22436],[0.67781,45.22632],[0.68029,45.22872],[0.67928,45.23018],[0.67607,45.22929],[0.67415,45.23008],[0.67598,45.23087],[0.67536,45.23255],[0.66948,45.23293],[0.66636,45.23514],[0.66231,45.23505],[0.66123,45.23302],[0.65847,45.23286],[0.65496,45.23211],[0.65428,45.23352],[0.65383,45.23587],[0.65149,45.23802],[0.65106,45.2393],[0.65012,45.23999],[0.64934,45.24168],[0.64932,45.2432],[0.64563,45.24796],[0.64418,45.25052],[0.64299,45.2519],[0.63953,45.25467],[0.63887,45.25661],[0.63799,45.25794],[0.6367,45.25825],[0.63696,45.2589],[0.63917,45.26053],[0.64126,45.26122],[0.64688,45.26081],[0.6513,45.2563],[0.65466,45.25535],[0.65537,45.25633],[0.65583,45.25834],[0.65709,45.25881],[0.66174,45.26297],[0.66154,45.26693],[0.66273,45.26808],[0.66168,45.26867],[0.66436,45.26947],[0.66448,45.27026],[0.65842,45.27113],[0.65267,45.27299],[0.64898,45.27498],[0.6483,45.27655],[0.64558,45.27718],[0.64628,45.27849],[0.64767,45.27972],[0.65291,45.28128],[0.65472,45.28122],[0.65629,45.28306],[0.65578,45.2836],[0.6585,45.2886],[0.66121,45.29028],[0.66464,45.28761],[0.66436,45.28564],[0.669,45.2865],[0.66995,45.2861],[0.67339,45.28642],[0.67462,45.28696],[0.67535,45.28845],[0.67343,45.29306],[0.67476,45.29452],[0.67542,45.29768],[0.67675,45.30023],[0.67791,45.29954],[0.68135,45.29911],[0.68349,45.29958],[0.68586,45.29934],[0.68751,45.30032],[0.68792,45.29911],[0.68565,45.29698],[0.68708,45.2957],[0.68855,45.29514],[0.69108,45.29513],[0.6959,45.29427],[0.69952,45.29131],[0.7071,45.29327],[0.70821,45.29114],[0.70838,45.28828],[0.70793,45.28542],[0.70826,45.2842],[0.71022,45.28215],[0.71296,45.27999],[0.71417,45.27844],[0.71425,45.277],[0.71551,45.27476],[0.7166,45.2735],[0.71844,45.27281],[0.71765,45.27007],[0.71874,45.2695],[0.72091,45.26614],[0.72185,45.2643],[0.7217,45.26253],[0.72383,45.25723],[0.72726,45.25786],[0.73109,45.25695],[0.7319,45.25545],[0.73171,45.25376],[0.73639,45.25231],[0.73694,45.24953],[0.73606,45.24842],[0.73515,45.24628],[0.73342,45.24328],[0.72035,45.24267],[0.71403,45.23838],[0.71146,45.23694],[0.7081,45.23633],[0.70324,45.23693],[0.70166,45.23467],[0.69849,45.23231],[0.69766,45.23101],[0.69664,45.22777],[0.69081,45.21744],[0.69162,45.21385]]]}},{"type":"Feature","id":"fr-commune-24116","properties":{"id":"fr-commune-24116","name":"Châtres","kind":"commune","center":[1.1959,45.1859],"code":"24116","department":"24"},"bbox":[1.16855,45.16321,1.22322,45.20859],"geometry":{"type":"Polygon","coordinates":[[[1.16855,45.18545],[1.16977,45.18677],[1.17613,45.19014],[1.18034,45.19328],[1.18092,45.19331],[1.18196,45.19565],[1.18047,45.19599],[1.18199,45.19852],[1.18286,45.20089],[1.18282,45.20222],[1.18431,45.20462],[1.1841,45.20651],[1.18531,45.20859],[1.18785,45.20556],[1.18884,45.20532],[1.19121,45.20288],[1.19349,45.20466],[1.19957,45.20695],[1.20503,45.20559],[1.20672,45.20502],[1.20848,45.20724],[1.21189,45.20698],[1.21374,45.20738],[1.21565,45.2067],[1.21907,45.20669],[1.21931,45.20477],[1.21705,45.19921],[1.21807,45.19612],[1.2191,45.1951],[1.22111,45.19413],[1.2208,45.19289],[1.22125,45.19083],[1.22322,45.18973],[1.21828,45.18771],[1.21748,45.18708],[1.21518,45.18646],[1.21408,45.18543],[1.21276,45.18283],[1.21003,45.1804],[1.20821,45.1806],[1.20641,45.17993],[1.20685,45.17887],[1.20596,45.17796],[1.20535,45.17536],[1.20535,45.17306],[1.20181,45.17055],[1.19966,45.16824],[1.19776,45.1678],[1.19306,45.16763],[1.18936,45.16773],[1.18711,45.16722],[1.18558,45.16779],[1.18399,45.16707],[1.18149,45.16464],[1.17946,45.16369],[1.17676,45.16321],[1.17617,45.16393],[1.17617,45.16624],[1.17443,45.16709],[1.17398,45.16899],[1.17249,45.17037],[1.17412,45.1726],[1.17367,45.17331],[1.17486,45.1742],[1.17466,45.17584],[1.17506,45.17722],[1.17239,45.18038],[1.17236,45.18164],[1.17005,45.18433],[1.16855,45.18545]]]}},{"type":"Feature","id":"fr-commune-24117","properties":{"id":"fr-commune-24117","name":"Les Coteaux Périgourdins","kind":"commune","center":[1.3646,45.092],"code":"24117","department":"24"},"bbox":[1.32233,45.06118,1.40694,45.12251],"geometry":{"type":"Polygon","coordinates":[[[1.35037,45.12201],[1.3531,45.12221],[1.35665,45.12147],[1.36229,45.12251],[1.3614,45.12053],[1.36222,45.11936],[1.36355,45.11913],[1.36359,45.1169],[1.36277,45.11487],[1.36346,45.11357],[1.366,45.11346],[1.37035,45.11363],[1.37086,45.11456],[1.37416,45.11414],[1.37742,45.11253],[1.37682,45.11153],[1.37952,45.11046],[1.37859,45.10796],[1.37861,45.10624],[1.37746,45.10452],[1.37957,45.10336],[1.37944,45.10119],[1.38443,45.10415],[1.38655,45.10347],[1.38652,45.10174],[1.38877,45.1],[1.38916,45.09873],[1.39153,45.09823],[1.3935,45.09714],[1.39419,45.09498],[1.39379,45.09427],[1.39473,45.09336],[1.39476,45.09133],[1.39007,45.08985],[1.39044,45.08845],[1.39275,45.08674],[1.39354,45.08559],[1.39396,45.08396],[1.39614,45.08202],[1.39859,45.07875],[1.40138,45.07609],[1.40297,45.07389],[1.40618,45.07155],[1.40694,45.06982],[1.40542,45.06824],[1.40427,45.06629],[1.402,45.06554],[1.40132,45.06323],[1.39956,45.06118],[1.39406,45.06227],[1.39034,45.06228],[1.38887,45.06276],[1.38685,45.06207],[1.38418,45.06258],[1.38028,45.06395],[1.37779,45.06549],[1.37606,45.06631],[1.3738,45.06883],[1.37195,45.06982],[1.37124,45.07126],[1.37165,45.0732],[1.3727,45.07381],[1.37389,45.0766],[1.37254,45.07839],[1.37073,45.07898],[1.36994,45.07999],[1.36795,45.0799],[1.36638,45.08043],[1.36461,45.08236],[1.36353,45.08221],[1.36204,45.0831],[1.36436,45.08499],[1.36212,45.08561],[1.35946,45.0874],[1.35813,45.08906],[1.35433,45.08952],[1.35311,45.09044],[1.35017,45.09125],[1.34655,45.09194],[1.34473,45.09358],[1.34499,45.0913],[1.34415,45.09007],[1.33832,45.09115],[1.33601,45.09033],[1.3349,45.09032],[1.32741,45.09227],[1.32233,45.09202],[1.32397,45.09524],[1.32494,45.09626],[1.32553,45.09776],[1.32787,45.10033],[1.3313,45.1048],[1.33651,45.11226],[1.33758,45.11398],[1.3386,45.11381],[1.33924,45.11498],[1.34017,45.11499],[1.34025,45.1176],[1.34315,45.1188],[1.34393,45.1197],[1.3464,45.11995],[1.35037,45.12201]]]}},{"type":"Feature","id":"fr-commune-24119","properties":{"id":"fr-commune-24119","name":"Cherval","kind":"commune","center":[0.3896,45.3903],"code":"24119","department":"24"},"bbox":[0.35078,45.36783,0.42833,45.41277],"geometry":{"type":"Polygon","coordinates":[[[0.41042,45.36862],[0.40774,45.36943],[0.40541,45.3718],[0.40401,45.37246],[0.40076,45.37102],[0.39855,45.37051],[0.39672,45.36783],[0.39561,45.36868],[0.39329,45.37127],[0.39205,45.37207],[0.38792,45.37136],[0.38537,45.37172],[0.38479,45.36934],[0.38363,45.36977],[0.3839,45.37068],[0.38193,45.37103],[0.37784,45.3709],[0.37594,45.37015],[0.3732,45.37029],[0.36829,45.37152],[0.36766,45.37118],[0.36675,45.37212],[0.36264,45.37452],[0.35882,45.37536],[0.35626,45.37691],[0.35397,45.3778],[0.35078,45.37844],[0.35141,45.381],[0.35255,45.38236],[0.3545,45.38306],[0.35591,45.38593],[0.35537,45.38697],[0.35456,45.39019],[0.35322,45.3915],[0.35508,45.39281],[0.35571,45.39401],[0.35415,45.39496],[0.35486,45.39748],[0.35547,45.402],[0.35533,45.40359],[0.35932,45.40476],[0.35816,45.40869],[0.35631,45.40925],[0.35715,45.41028],[0.35693,45.41159],[0.35792,45.41277],[0.35892,45.41267],[0.36474,45.41098],[0.36588,45.41094],[0.36954,45.41113],[0.37133,45.41053],[0.37445,45.41074],[0.37863,45.40676],[0.38003,45.40686],[0.38418,45.40648],[0.3851,45.40612],[0.38837,45.40608],[0.38806,45.40551],[0.39145,45.40335],[0.39422,45.40411],[0.39562,45.40302],[0.39614,45.40203],[0.39994,45.3989],[0.40186,45.39962],[0.40513,45.40018],[0.40953,45.39871],[0.41278,45.39693],[0.41416,45.39651],[0.41552,45.39163],[0.41737,45.3915],[0.4219,45.39059],[0.4222,45.38745],[0.42021,45.38564],[0.42344,45.38352],[0.42425,45.37916],[0.42802,45.38248],[0.42833,45.38012],[0.42465,45.37829],[0.42254,45.37753],[0.42172,45.37554],[0.41782,45.37624],[0.41679,45.3761],[0.41743,45.37142],[0.41393,45.37209],[0.41366,45.36958],[0.41266,45.36961],[0.41042,45.36862]]]}},{"type":"Feature","id":"fr-commune-24120","properties":{"id":"fr-commune-24120","name":"Cherveix-Cubas","kind":"commune","center":[1.1163,45.2891],"code":"24120","department":"24"},"bbox":[1.08194,45.26533,1.15057,45.31289],"geometry":{"type":"Polygon","coordinates":[[[1.13329,45.30542],[1.13516,45.30486],[1.13701,45.30361],[1.1399,45.30238],[1.14339,45.30004],[1.14333,45.29869],[1.14218,45.29781],[1.14457,45.29571],[1.14719,45.29616],[1.14973,45.29769],[1.15044,45.2967],[1.15057,45.29302],[1.14809,45.29026],[1.14677,45.28927],[1.14551,45.28791],[1.14203,45.28725],[1.13921,45.28717],[1.13683,45.28664],[1.13565,45.28575],[1.13568,45.28378],[1.13461,45.28223],[1.13477,45.28045],[1.13555,45.2798],[1.1351,45.27885],[1.1328,45.27769],[1.13035,45.2754],[1.12946,45.27608],[1.12726,45.27486],[1.1256,45.27308],[1.12432,45.27465],[1.12126,45.27516],[1.12126,45.27631],[1.11864,45.27714],[1.11664,45.2751],[1.11356,45.27435],[1.11028,45.27168],[1.11232,45.26853],[1.10907,45.26827],[1.10485,45.26714],[1.10222,45.26685],[1.09966,45.2674],[1.0968,45.26653],[1.0955,45.26533],[1.09436,45.26665],[1.09294,45.2669],[1.08751,45.26857],[1.08273,45.26859],[1.08194,45.2703],[1.08203,45.27203],[1.08293,45.27432],[1.08502,45.2752],[1.08612,45.27757],[1.08746,45.27815],[1.08757,45.27983],[1.08703,45.28183],[1.08433,45.28358],[1.08405,45.28544],[1.08452,45.28792],[1.08648,45.29037],[1.08994,45.28998],[1.0925,45.28869],[1.09386,45.29078],[1.09469,45.29128],[1.09419,45.29277],[1.09461,45.29349],[1.0918,45.296],[1.09038,45.29816],[1.09233,45.2979],[1.09302,45.29967],[1.09301,45.30517],[1.09076,45.3087],[1.08953,45.30943],[1.08797,45.31187],[1.09223,45.31289],[1.09532,45.31235],[1.09841,45.31051],[1.1003,45.30878],[1.10277,45.30782],[1.10473,45.30567],[1.10677,45.30525],[1.1111,45.30363],[1.11281,45.30226],[1.11996,45.29816],[1.12088,45.29825],[1.12439,45.29632],[1.12678,45.29716],[1.13073,45.30099],[1.13371,45.30231],[1.13329,45.30542]]]}},{"type":"Feature","id":"fr-commune-24121","properties":{"id":"fr-commune-24121","name":"Chourgnac","kind":"commune","center":[1.0542,45.2336],"code":"24121","department":"24"},"bbox":[1.03702,45.21738,1.0713,45.24986],"geometry":{"type":"Polygon","coordinates":[[[1.03838,45.22568],[1.03836,45.22709],[1.03762,45.2285],[1.03765,45.23032],[1.03823,45.23279],[1.03884,45.23683],[1.03757,45.23905],[1.03702,45.24087],[1.03762,45.24353],[1.03818,45.24307],[1.0416,45.24309],[1.04435,45.24264],[1.04583,45.24283],[1.04628,45.24446],[1.04746,45.24543],[1.04717,45.24751],[1.04623,45.24856],[1.04629,45.24986],[1.05441,45.24843],[1.06025,45.24908],[1.06386,45.24849],[1.06619,45.24844],[1.06894,45.24932],[1.06983,45.24911],[1.07062,45.24712],[1.07029,45.24605],[1.06944,45.24601],[1.07033,45.23947],[1.0713,45.23138],[1.06924,45.22897],[1.0688,45.22732],[1.0692,45.22596],[1.0669,45.22561],[1.06577,45.22418],[1.06405,45.22407],[1.06159,45.22341],[1.05829,45.2233],[1.0555,45.22241],[1.05167,45.21951],[1.04999,45.21738],[1.04755,45.21814],[1.04788,45.21937],[1.04637,45.22004],[1.04327,45.22033],[1.04104,45.22],[1.03818,45.21922],[1.03881,45.2212],[1.03838,45.22568]]]}},{"type":"Feature","id":"fr-commune-24122","properties":{"id":"fr-commune-24122","name":"Cladech","kind":"commune","center":[1.0755,44.8094],"code":"24122","department":"24"},"bbox":[1.05623,44.79678,1.09468,44.82211],"geometry":{"type":"Polygon","coordinates":[[[1.05938,44.79754],[1.06031,44.80027],[1.05965,44.80365],[1.0602,44.80694],[1.0585,44.80747],[1.05793,44.80994],[1.05623,44.81223],[1.05791,44.81342],[1.06111,44.8151],[1.06244,44.81649],[1.06366,44.81879],[1.06629,44.82013],[1.06893,44.82078],[1.06966,44.82167],[1.07358,44.82211],[1.07611,44.82109],[1.07703,44.8204],[1.07883,44.81727],[1.0816,44.81751],[1.08509,44.81713],[1.08741,44.81613],[1.08907,44.81678],[1.09103,44.81487],[1.09221,44.81473],[1.09468,44.81546],[1.09453,44.81299],[1.09337,44.81122],[1.09339,44.81019],[1.09164,44.80878],[1.09196,44.80698],[1.09103,44.8061],[1.08659,44.80333],[1.08602,44.80254],[1.08419,44.80238],[1.08616,44.80024],[1.0853,44.79771],[1.08391,44.79678],[1.08213,44.79852],[1.0802,44.79851],[1.07761,44.79895],[1.07597,44.79967],[1.07274,44.79796],[1.07025,44.79873],[1.06923,44.7973],[1.05938,44.79754]]]}},{"type":"Feature","id":"fr-commune-24123","properties":{"id":"fr-commune-24123","name":"Clermont-de-Beauregard","kind":"commune","center":[0.6461,44.9484],"code":"24123","department":"24"},"bbox":[0.6259,44.92959,0.66625,44.96767],"geometry":{"type":"Polygon","coordinates":[[[0.64497,44.93758],[0.63897,44.93668],[0.6374,44.93542],[0.63412,44.93414],[0.6328,44.93235],[0.62849,44.9296],[0.62611,44.92959],[0.6259,44.93364],[0.62654,44.93676],[0.62779,44.93854],[0.62783,44.9403],[0.62902,44.94241],[0.63059,44.94349],[0.63323,44.9439],[0.63398,44.9446],[0.63386,44.94587],[0.63682,44.94693],[0.6361,44.94795],[0.63612,44.95112],[0.63756,44.95336],[0.63733,44.95408],[0.63949,44.95641],[0.6402,44.95645],[0.64142,44.95797],[0.64355,44.95921],[0.64532,44.9628],[0.64528,44.96435],[0.64855,44.966],[0.65113,44.96767],[0.65544,44.96553],[0.65921,44.9645],[0.66159,44.96517],[0.66398,44.96319],[0.66345,44.96009],[0.6615,44.95837],[0.66023,44.95624],[0.66068,44.95471],[0.66173,44.95341],[0.66381,44.95316],[0.66625,44.94662],[0.66421,44.94568],[0.66212,44.94534],[0.65985,44.94375],[0.65683,44.94283],[0.65479,44.94284],[0.65315,44.9418],[0.64974,44.94179],[0.64717,44.93993],[0.64679,44.93909],[0.64497,44.93758]]]}},{"type":"Feature","id":"fr-commune-24124","properties":{"id":"fr-commune-24124","name":"Clermont-d'Excideuil","kind":"commune","center":[1.0475,45.3631],"code":"24124","department":"24"},"bbox":[1.02549,45.34275,1.06954,45.38377],"geometry":{"type":"Polygon","coordinates":[[[1.04219,45.34275],[1.03923,45.34511],[1.036,45.34603],[1.03405,45.34508],[1.03096,45.34448],[1.02789,45.34506],[1.02709,45.3456],[1.02745,45.34765],[1.02821,45.34902],[1.03015,45.34995],[1.03212,45.35189],[1.03142,45.35298],[1.03231,45.35348],[1.03248,45.35494],[1.03361,45.3574],[1.03571,45.35962],[1.03582,45.36097],[1.03368,45.36457],[1.0292,45.3669],[1.0275,45.36839],[1.02603,45.37038],[1.02627,45.37111],[1.02549,45.37258],[1.02802,45.37263],[1.03039,45.372],[1.0314,45.37345],[1.0288,45.37474],[1.02785,45.3774],[1.0285,45.3779],[1.02821,45.37954],[1.03054,45.38046],[1.03365,45.38085],[1.03665,45.38082],[1.03951,45.38123],[1.04043,45.38174],[1.04076,45.38293],[1.04702,45.38377],[1.05091,45.38296],[1.05258,45.38318],[1.0587,45.3826],[1.06262,45.38254],[1.06217,45.37978],[1.06277,45.37905],[1.06255,45.37692],[1.06345,45.37376],[1.06651,45.36971],[1.06725,45.36728],[1.06954,45.36438],[1.06888,45.36241],[1.06753,45.36183],[1.06581,45.36017],[1.06477,45.3599],[1.06188,45.35744],[1.06105,45.35563],[1.05915,45.35393],[1.05716,45.35275],[1.0564,45.35054],[1.05318,45.34802],[1.05127,45.3461],[1.05027,45.34396],[1.05038,45.34327],[1.04771,45.34424],[1.0462,45.34333],[1.04557,45.3443],[1.04219,45.34275]]]}},{"type":"Feature","id":"fr-commune-24126","properties":{"id":"fr-commune-24126","name":"Colombier","kind":"commune","center":[0.5174,44.7866],"code":"24126","department":"24"},"bbox":[0.49508,44.76747,0.53968,44.80578],"geometry":{"type":"Polygon","coordinates":[[[0.5095,44.76763],[0.50631,44.76913],[0.50239,44.77063],[0.50032,44.772],[0.49793,44.77235],[0.49508,44.77373],[0.49789,44.77561],[0.4988,44.77681],[0.50092,44.77701],[0.50378,44.77809],[0.50282,44.77901],[0.5039,44.78211],[0.50269,44.78419],[0.50179,44.78489],[0.50216,44.78738],[0.50315,44.78931],[0.50512,44.79039],[0.50717,44.78977],[0.50898,44.78981],[0.51082,44.79041],[0.51231,44.79422],[0.51497,44.79687],[0.51524,44.79775],[0.51706,44.79923],[0.51728,44.8022],[0.51624,44.80248],[0.51562,44.80418],[0.51532,44.80578],[0.5171,44.80512],[0.52103,44.8044],[0.52173,44.80253],[0.52264,44.8019],[0.52318,44.80011],[0.52255,44.79834],[0.5241,44.79555],[0.52982,44.79293],[0.53115,44.79264],[0.53235,44.79155],[0.53119,44.79047],[0.52757,44.78882],[0.52806,44.7876],[0.52789,44.78631],[0.52861,44.78489],[0.52964,44.78431],[0.53167,44.78481],[0.53193,44.78098],[0.53274,44.77798],[0.53633,44.77599],[0.53968,44.77373],[0.53743,44.77082],[0.53524,44.77099],[0.53314,44.77073],[0.52953,44.77096],[0.52851,44.77129],[0.52425,44.77042],[0.52354,44.77111],[0.51971,44.7689],[0.51649,44.76813],[0.51349,44.76798],[0.5113,44.76747],[0.5095,44.76763]]]}},{"type":"Feature","id":"fr-commune-24128","properties":{"id":"fr-commune-24128","name":"Comberanche-et-Épeluche","kind":"commune","center":[0.281,45.278],"code":"24128","department":"24"},"bbox":[0.26186,45.26829,0.29971,45.28778],"geometry":{"type":"Polygon","coordinates":[[[0.29216,45.26953],[0.29112,45.26963],[0.28744,45.26858],[0.2827,45.2686],[0.28144,45.26923],[0.2798,45.26831],[0.27872,45.26908],[0.27595,45.26929],[0.27358,45.26829],[0.27201,45.26915],[0.27033,45.27154],[0.2689,45.27303],[0.26845,45.27453],[0.26382,45.2796],[0.26186,45.28155],[0.26651,45.28446],[0.27009,45.28723],[0.27097,45.28705],[0.27299,45.28778],[0.27904,45.2874],[0.28092,45.28697],[0.28536,45.28481],[0.28598,45.28312],[0.28585,45.28026],[0.28514,45.2782],[0.28615,45.27746],[0.28999,45.27751],[0.29423,45.27785],[0.29424,45.27734],[0.29755,45.27777],[0.29837,45.2776],[0.29903,45.27512],[0.29924,45.27033],[0.29971,45.26888],[0.2955,45.26964],[0.29216,45.26953]]]}},{"type":"Feature","id":"fr-commune-24129","properties":{"id":"fr-commune-24129","name":"Condat-sur-Trincou","kind":"commune","center":[0.7144,45.3653],"code":"24129","department":"24"},"bbox":[0.68486,45.33627,0.74406,45.3942],"geometry":{"type":"Polygon","coordinates":[[[0.68761,45.37471],[0.68984,45.3749],[0.69217,45.37792],[0.69288,45.3794],[0.69307,45.38124],[0.69287,45.38368],[0.69338,45.38584],[0.696,45.39002],[0.6966,45.39065],[0.69826,45.3895],[0.70056,45.38861],[0.70283,45.38849],[0.70573,45.38869],[0.70749,45.38805],[0.71138,45.38753],[0.71321,45.38885],[0.71473,45.39153],[0.71424,45.39345],[0.71625,45.3942],[0.71792,45.39396],[0.72161,45.3928],[0.72317,45.39091],[0.72751,45.38874],[0.72869,45.38709],[0.7302,45.38778],[0.73325,45.38779],[0.73151,45.39123],[0.73136,45.39302],[0.7322,45.39327],[0.73525,45.39262],[0.73806,45.39304],[0.73921,45.39194],[0.7403,45.39189],[0.74165,45.39034],[0.74144,45.38868],[0.74406,45.3867],[0.74403,45.3861],[0.74173,45.38555],[0.73912,45.38563],[0.73495,45.38482],[0.73553,45.38324],[0.73447,45.37809],[0.73546,45.37535],[0.73733,45.374],[0.73625,45.37286],[0.73585,45.36971],[0.73444,45.36806],[0.7358,45.36774],[0.73584,45.36693],[0.73749,45.36401],[0.74047,45.36249],[0.73935,45.36049],[0.7388,45.35499],[0.73656,45.35318],[0.73444,45.35244],[0.73363,45.35042],[0.73364,45.3492],[0.73096,45.34975],[0.72954,45.34815],[0.72665,45.34658],[0.72544,45.34525],[0.72356,45.34444],[0.72256,45.34213],[0.72199,45.3418],[0.72052,45.33933],[0.71937,45.33825],[0.71658,45.33751],[0.71379,45.33759],[0.71344,45.33627],[0.71125,45.33766],[0.7096,45.33795],[0.70807,45.33989],[0.70549,45.33777],[0.70209,45.33863],[0.70126,45.34029],[0.70089,45.34238],[0.69913,45.34424],[0.70275,45.34612],[0.70154,45.34984],[0.70076,45.35326],[0.70157,45.35536],[0.70149,45.35668],[0.70229,45.35989],[0.70046,45.36032],[0.69914,45.36165],[0.70029,45.36788],[0.69822,45.36932],[0.69586,45.36881],[0.69378,45.3667],[0.69194,45.36646],[0.68982,45.36706],[0.68886,45.36816],[0.68625,45.36915],[0.68486,45.37169],[0.68558,45.37398],[0.68761,45.37471]]]}},{"type":"Feature","id":"fr-commune-24130","properties":{"id":"fr-commune-24130","name":"Condat-sur-Vézère","kind":"commune","center":[1.2278,45.1067],"code":"24130","department":"24"},"bbox":[1.19412,45.08413,1.26139,45.12934],"geometry":{"type":"Polygon","coordinates":[[[1.19412,45.09648],[1.19443,45.0971],[1.19629,45.10421],[1.21053,45.11962],[1.2155,45.11987],[1.21424,45.12131],[1.21483,45.12265],[1.21482,45.12431],[1.21799,45.12662],[1.2254,45.1241],[1.22697,45.12241],[1.23044,45.12189],[1.22988,45.12304],[1.22998,45.12489],[1.23166,45.12672],[1.23563,45.12882],[1.23794,45.12934],[1.23987,45.12914],[1.24082,45.12844],[1.24216,45.12513],[1.24457,45.12243],[1.24742,45.12056],[1.25263,45.11937],[1.25386,45.11942],[1.25615,45.11912],[1.25781,45.11925],[1.25791,45.1166],[1.25973,45.11628],[1.2607,45.11435],[1.26139,45.10443],[1.25932,45.10357],[1.25651,45.10168],[1.25485,45.09994],[1.25248,45.09837],[1.24466,45.0912],[1.24212,45.0914],[1.23971,45.09241],[1.23736,45.09272],[1.23821,45.09145],[1.24226,45.08976],[1.24084,45.08548],[1.23995,45.08484],[1.23681,45.08413],[1.23316,45.08548],[1.23059,45.08518],[1.22803,45.08571],[1.22499,45.08786],[1.21884,45.08772],[1.21803,45.08785],[1.21731,45.09013],[1.21569,45.09042],[1.21338,45.08988],[1.21203,45.09006],[1.20983,45.09104],[1.20582,45.0936],[1.20289,45.09441],[1.20074,45.09461],[1.19613,45.09622],[1.19412,45.09648]]]}},{"type":"Feature","id":"fr-commune-24131","properties":{"id":"fr-commune-24131","name":"Connezac","kind":"commune","center":[0.5312,45.5135],"code":"24131","department":"24"},"bbox":[0.51189,45.49782,0.55051,45.5292],"geometry":{"type":"Polygon","coordinates":[[[0.54919,45.51148],[0.54617,45.51024],[0.54484,45.51091],[0.54352,45.51048],[0.54202,45.51092],[0.54145,45.5092],[0.53729,45.50952],[0.5362,45.50992],[0.53593,45.508],[0.53659,45.50704],[0.5358,45.50639],[0.53499,45.50425],[0.5329,45.50454],[0.53209,45.50141],[0.53101,45.50114],[0.53061,45.49939],[0.52752,45.49997],[0.52622,45.50128],[0.52542,45.50097],[0.52414,45.49933],[0.51976,45.49782],[0.51528,45.49862],[0.51521,45.49949],[0.51556,45.5017],[0.5181,45.50287],[0.51798,45.50485],[0.51942,45.50469],[0.51953,45.50673],[0.52025,45.50752],[0.52094,45.5095],[0.52017,45.51161],[0.51706,45.51152],[0.51369,45.51265],[0.51541,45.51484],[0.51548,45.51655],[0.51452,45.51829],[0.51197,45.51876],[0.51189,45.51948],[0.51231,45.52042],[0.51666,45.52272],[0.51853,45.52404],[0.52117,45.52443],[0.52388,45.52577],[0.52593,45.5292],[0.52993,45.52825],[0.53251,45.52831],[0.53503,45.52646],[0.53645,45.52684],[0.53745,45.5277],[0.54046,45.52671],[0.54311,45.52492],[0.5451,45.52087],[0.54788,45.51946],[0.54892,45.5198],[0.55051,45.51654],[0.54928,45.51481],[0.54919,45.51148]]]}},{"type":"Feature","id":"fr-commune-24132","properties":{"id":"fr-commune-24132","name":"Conne-de-Labarde","kind":"commune","center":[0.5585,44.7812],"code":"24132","department":"24"},"bbox":[0.52757,44.76188,0.58934,44.80059],"geometry":{"type":"Polygon","coordinates":[[[0.58119,44.78689],[0.58299,44.78612],[0.58934,44.7844],[0.58824,44.78233],[0.58592,44.78066],[0.58511,44.77874],[0.58647,44.77823],[0.58636,44.77689],[0.58483,44.77662],[0.57725,44.77695],[0.5731,44.77767],[0.56947,44.77729],[0.56747,44.77793],[0.56594,44.7777],[0.56392,44.77812],[0.56211,44.77937],[0.56267,44.77685],[0.56228,44.77524],[0.56266,44.77435],[0.56137,44.77281],[0.56311,44.77185],[0.56367,44.77094],[0.5666,44.76807],[0.56511,44.76703],[0.55814,44.76624],[0.55677,44.76504],[0.5551,44.76498],[0.55334,44.76426],[0.55101,44.76245],[0.54818,44.76201],[0.54536,44.76188],[0.54348,44.76552],[0.54206,44.7674],[0.5427,44.76813],[0.54249,44.76972],[0.54125,44.77016],[0.53973,44.76975],[0.53743,44.77082],[0.53968,44.77373],[0.53633,44.77599],[0.53274,44.77798],[0.53193,44.78098],[0.53167,44.78481],[0.52964,44.78431],[0.52861,44.78489],[0.52789,44.78631],[0.52806,44.7876],[0.52757,44.78882],[0.53119,44.79047],[0.53235,44.79155],[0.53256,44.79266],[0.53401,44.79422],[0.53652,44.79516],[0.53672,44.79699],[0.53826,44.79794],[0.5454,44.79984],[0.54789,44.79946],[0.55416,44.79993],[0.55579,44.80037],[0.55851,44.80059],[0.55865,44.79849],[0.55913,44.79727],[0.5581,44.79373],[0.55664,44.79091],[0.55841,44.78968],[0.55975,44.78547],[0.56092,44.78483],[0.56336,44.78643],[0.56784,44.78824],[0.57111,44.78825],[0.57926,44.78759],[0.58119,44.78689]]]}},{"type":"Feature","id":"fr-commune-24133","properties":{"id":"fr-commune-24133","name":"La Coquille","kind":"commune","center":[0.963,45.5452],"code":"24133","department":"24"},"bbox":[0.91925,45.51662,1.00656,45.5738],"geometry":{"type":"Polygon","coordinates":[[[0.97217,45.57283],[0.97223,45.56988],[0.97286,45.56872],[0.97649,45.56462],[0.97691,45.56224],[0.98325,45.56222],[0.98622,45.56325],[0.9887,45.5651],[0.99004,45.56508],[0.99282,45.56346],[0.99441,45.56299],[0.99595,45.56315],[0.99745,45.56402],[1.00267,45.56608],[1.00484,45.56397],[1.00607,45.56189],[1.00656,45.56019],[1.00455,45.55868],[1.00475,45.55722],[1.00566,45.55505],[1.00388,45.55283],[1.00129,45.55237],[1.00025,45.55107],[0.99805,45.54938],[0.99369,45.54695],[0.99349,45.54545],[0.99221,45.54517],[0.98892,45.54304],[0.98808,45.54075],[0.9886,45.53911],[0.98733,45.53833],[0.98828,45.53699],[0.98729,45.53572],[0.98881,45.53455],[0.98928,45.53344],[0.99049,45.53296],[0.99183,45.5314],[0.99356,45.53047],[0.99098,45.52875],[0.99024,45.52746],[0.99087,45.52479],[0.98837,45.52578],[0.98543,45.52289],[0.98257,45.51937],[0.9807,45.51678],[0.97866,45.51689],[0.9738,45.51767],[0.97073,45.51668],[0.96929,45.517],[0.96748,45.51662],[0.96663,45.51753],[0.96824,45.5188],[0.96528,45.52041],[0.96409,45.52147],[0.96304,45.52419],[0.95834,45.52587],[0.95701,45.52582],[0.95473,45.52644],[0.95244,45.52752],[0.95048,45.5279],[0.94952,45.52645],[0.94698,45.52429],[0.9455,45.52508],[0.9431,45.52713],[0.94101,45.52765],[0.93955,45.52649],[0.93717,45.5276],[0.93425,45.52935],[0.93193,45.53003],[0.92816,45.53246],[0.92646,45.53332],[0.92384,45.53192],[0.92235,45.53362],[0.91925,45.53554],[0.92126,45.53875],[0.92498,45.54068],[0.92624,45.54161],[0.93039,45.54336],[0.93032,45.54433],[0.92881,45.54581],[0.92826,45.54851],[0.93048,45.54941],[0.93228,45.54952],[0.93417,45.55102],[0.93453,45.55203],[0.93645,45.55145],[0.93927,45.55176],[0.94153,45.55278],[0.94356,45.55321],[0.94591,45.55331],[0.94536,45.55467],[0.94677,45.55549],[0.94761,45.55662],[0.94879,45.55647],[0.94936,45.55769],[0.95047,45.5577],[0.95045,45.55977],[0.95174,45.56087],[0.9521,45.56226],[0.95164,45.564],[0.95174,45.56766],[0.95256,45.56848],[0.95619,45.5689],[0.95712,45.56988],[0.95987,45.57033],[0.96132,45.57181],[0.96291,45.57208],[0.96359,45.57335],[0.96613,45.5738],[0.9682,45.57318],[0.97217,45.57283]]]}},{"type":"Feature","id":"fr-commune-24134","properties":{"id":"fr-commune-24134","name":"Corgnac-sur-l'Isle","kind":"commune","center":[0.9468,45.3737],"code":"24134","department":"24"},"bbox":[0.90046,45.34897,0.99314,45.39841],"geometry":{"type":"Polygon","coordinates":[[[0.9014,45.35744],[0.90046,45.35775],[0.90053,45.35888],[0.9017,45.36056],[0.90176,45.36306],[0.9028,45.36542],[0.9032,45.36757],[0.90296,45.36928],[0.90168,45.37118],[0.90325,45.37251],[0.9057,45.37363],[0.90458,45.37707],[0.91232,45.37739],[0.91849,45.3767],[0.92221,45.3784],[0.92325,45.37988],[0.92762,45.38167],[0.9276,45.38435],[0.93099,45.38944],[0.93128,45.39143],[0.93285,45.39214],[0.93328,45.39341],[0.93563,45.39547],[0.94437,45.39807],[0.94512,45.39841],[0.94809,45.39569],[0.95,45.39466],[0.95197,45.39256],[0.95104,45.39187],[0.95223,45.39096],[0.95202,45.39002],[0.95268,45.3888],[0.95506,45.38987],[0.9582,45.39086],[0.95957,45.39063],[0.96189,45.39102],[0.96362,45.39083],[0.96656,45.38961],[0.96917,45.39014],[0.97099,45.39009],[0.97234,45.39087],[0.97373,45.39086],[0.97524,45.39187],[0.97682,45.39178],[0.97803,45.39231],[0.98032,45.3926],[0.98134,45.39189],[0.98496,45.39082],[0.98586,45.38991],[0.98794,45.38885],[0.98904,45.38951],[0.98904,45.38755],[0.9897,45.38708],[0.99058,45.38443],[0.99238,45.38259],[0.99129,45.38189],[0.98971,45.3794],[0.98999,45.37833],[0.98897,45.37628],[0.98996,45.37471],[0.99005,45.37198],[0.99091,45.37144],[0.99175,45.36987],[0.99314,45.3684],[0.99105,45.36797],[0.98689,45.36877],[0.98346,45.36829],[0.98331,45.36991],[0.98128,45.36922],[0.97809,45.36909],[0.97642,45.36934],[0.97499,45.37045],[0.97338,45.37112],[0.97215,45.37106],[0.96889,45.37161],[0.96521,45.37251],[0.96139,45.37185],[0.96114,45.37078],[0.95945,45.36826],[0.9597,45.36719],[0.95813,45.36588],[0.95735,45.36463],[0.95526,45.36366],[0.95621,45.36291],[0.95574,45.36198],[0.95395,45.36169],[0.95303,45.3582],[0.9509,45.35535],[0.9498,45.3545],[0.94983,45.35098],[0.94721,45.35066],[0.94294,45.35099],[0.93976,45.351],[0.93606,45.35045],[0.92868,45.34978],[0.92211,45.34897],[0.92204,45.35078],[0.92144,45.35305],[0.9157,45.35618],[0.91304,45.35626],[0.91023,45.35667],[0.90818,45.35648],[0.90678,45.35691],[0.9052,45.35674],[0.9014,45.35744]]]}},{"type":"Feature","id":"fr-commune-24135","properties":{"id":"fr-commune-24135","name":"Cornille","kind":"commune","center":[0.7818,45.2443],"code":"24135","department":"24"},"bbox":[0.74884,45.22073,0.8148,45.26778],"geometry":{"type":"Polygon","coordinates":[[[0.74904,45.2419],[0.75125,45.24251],[0.75222,45.24223],[0.75588,45.24348],[0.75707,45.24458],[0.7604,45.24442],[0.76145,45.24617],[0.7613,45.24719],[0.76316,45.24978],[0.76321,45.25112],[0.76426,45.25365],[0.766,45.25451],[0.76742,45.25459],[0.77177,45.25791],[0.77317,45.25983],[0.78206,45.26648],[0.78696,45.26695],[0.78821,45.26778],[0.78935,45.26724],[0.79207,45.26737],[0.79467,45.26614],[0.79491,45.26562],[0.7976,45.26512],[0.80161,45.26401],[0.80489,45.26402],[0.80669,45.26299],[0.8116,45.26066],[0.81047,45.25994],[0.8148,45.25513],[0.81258,45.25373],[0.81147,45.25228],[0.808,45.24884],[0.8043,45.24639],[0.80228,45.24553],[0.79584,45.24462],[0.7941,45.24402],[0.79104,45.24063],[0.79017,45.23952],[0.78664,45.23686],[0.78267,45.23349],[0.77982,45.22985],[0.77552,45.22755],[0.77311,45.2257],[0.77158,45.22547],[0.76839,45.22393],[0.76698,45.22378],[0.76525,45.22466],[0.76314,45.22472],[0.75516,45.22127],[0.75421,45.22073],[0.75458,45.22319],[0.75342,45.22565],[0.7517,45.22767],[0.75001,45.23019],[0.74945,45.23355],[0.74942,45.23561],[0.75073,45.23792],[0.74884,45.24065],[0.74904,45.2419]]]}},{"type":"Feature","id":"fr-commune-24136","properties":{"id":"fr-commune-24136","name":"Coubjours","kind":"commune","center":[1.2548,45.2414],"code":"24136","department":"24"},"bbox":[1.23106,45.22225,1.27855,45.26063],"geometry":{"type":"Polygon","coordinates":[[[1.27592,45.25592],[1.27789,45.25259],[1.27855,45.25036],[1.27782,45.24883],[1.27797,45.24591],[1.27733,45.24266],[1.27751,45.24212],[1.27635,45.24119],[1.27471,45.23842],[1.27206,45.23647],[1.27029,45.23577],[1.26951,45.23468],[1.26655,45.23404],[1.26418,45.23296],[1.26445,45.23146],[1.25845,45.22859],[1.25647,45.22729],[1.24791,45.22525],[1.2409,45.22392],[1.2335,45.22225],[1.23192,45.22377],[1.2327,45.22587],[1.23212,45.22892],[1.23117,45.23142],[1.23106,45.2345],[1.23212,45.23578],[1.23614,45.23609],[1.2356,45.23983],[1.24199,45.24017],[1.23989,45.24195],[1.23872,45.24424],[1.23754,45.2451],[1.23821,45.24735],[1.23978,45.24987],[1.24031,45.25133],[1.24182,45.25263],[1.24071,45.25425],[1.24069,45.25533],[1.2393,45.26063],[1.24594,45.25909],[1.24759,45.25757],[1.25021,45.2562],[1.25345,45.25517],[1.25554,45.2548],[1.25699,45.25573],[1.26018,45.2547],[1.26187,45.25502],[1.26531,45.25684],[1.26696,45.25728],[1.2687,45.25692],[1.27293,45.25752],[1.27493,45.25689],[1.27592,45.25592]]]}},{"type":"Feature","id":"fr-commune-24137","properties":{"id":"fr-commune-24137","name":"Coulaures","kind":"commune","center":[0.9743,45.2989],"code":"24137","department":"24"},"bbox":[0.91865,45.26545,1.02999,45.33245],"geometry":{"type":"Polygon","coordinates":[[[0.97365,45.26736],[0.97051,45.27019],[0.97118,45.27143],[0.9709,45.27239],[0.97161,45.27627],[0.97022,45.27914],[0.97041,45.27969],[0.96966,45.2821],[0.96821,45.28385],[0.96629,45.28423],[0.96204,45.28589],[0.96132,45.2877],[0.95969,45.289],[0.95615,45.2908],[0.95641,45.29152],[0.95908,45.2925],[0.96079,45.29367],[0.96184,45.29502],[0.96186,45.29585],[0.96049,45.29724],[0.96081,45.29853],[0.9596,45.29922],[0.95716,45.29981],[0.95639,45.30052],[0.95253,45.30134],[0.95065,45.30252],[0.94818,45.30035],[0.94729,45.30076],[0.94527,45.30017],[0.94158,45.30102],[0.93931,45.30128],[0.9376,45.3009],[0.93191,45.30136],[0.9302,45.30188],[0.92829,45.30153],[0.92817,45.30082],[0.92717,45.30109],[0.92543,45.30239],[0.9249,45.30356],[0.9213,45.30444],[0.91865,45.30651],[0.92101,45.30689],[0.92305,45.30652],[0.92387,45.30825],[0.92296,45.31017],[0.92298,45.31113],[0.92405,45.31275],[0.92298,45.31503],[0.92453,45.31911],[0.92365,45.32234],[0.92525,45.32275],[0.92751,45.3227],[0.93223,45.3233],[0.93417,45.32441],[0.93566,45.32588],[0.9379,45.3298],[0.94218,45.33003],[0.9445,45.33104],[0.94826,45.33163],[0.94907,45.33228],[0.95335,45.33181],[0.95681,45.33245],[0.95864,45.33204],[0.96042,45.33116],[0.96264,45.33139],[0.96497,45.33207],[0.96584,45.33025],[0.9675,45.32935],[0.97098,45.32833],[0.97037,45.3276],[0.97017,45.32573],[0.97203,45.3252],[0.97551,45.32339],[0.97491,45.32173],[0.9783,45.3207],[0.98228,45.32149],[0.98466,45.32122],[0.98468,45.31948],[0.98567,45.31839],[0.98768,45.31816],[0.98877,45.31765],[0.98857,45.31549],[0.98873,45.31299],[0.99145,45.31271],[0.99253,45.31213],[0.99193,45.30993],[0.9965,45.30955],[0.9978,45.30902],[0.99804,45.30685],[0.99977,45.30508],[1.00207,45.30517],[1.00353,45.30439],[1.0062,45.30235],[1.00786,45.30279],[1.00886,45.30235],[1.01036,45.30051],[1.01181,45.29954],[1.0117,45.29847],[1.01271,45.2972],[1.01426,45.29726],[1.02077,45.29447],[1.0234,45.29263],[1.0281,45.29202],[1.02999,45.29085],[1.02756,45.28969],[1.02177,45.28435],[1.01999,45.28345],[1.01473,45.27809],[1.00554,45.27636],[1.00369,45.27556],[1.00372,45.27466],[1.00023,45.27335],[1.0001,45.27241],[0.99855,45.26899],[0.99646,45.26604],[0.99405,45.26545],[0.99085,45.26712],[0.9887,45.26722],[0.98534,45.26814],[0.98239,45.26838],[0.97933,45.26625],[0.97715,45.26616],[0.97365,45.26736]]]}},{"type":"Feature","id":"fr-commune-24138","properties":{"id":"fr-commune-24138","name":"Coulounieix-Chamiers","kind":"commune","center":[0.6861,45.1712],"code":"24138","department":"24"},"bbox":[0.65182,45.14083,0.72043,45.20162],"geometry":{"type":"Polygon","coordinates":[[[0.67801,45.14421],[0.67151,45.14317],[0.66619,45.14285],[0.65798,45.14398],[0.65347,45.14473],[0.65182,45.14532],[0.65228,45.14811],[0.65219,45.15144],[0.65444,45.1561],[0.65706,45.15838],[0.65512,45.15978],[0.65569,45.16059],[0.65359,45.1629],[0.65643,45.16397],[0.66184,45.164],[0.66173,45.16711],[0.66316,45.16849],[0.6648,45.17082],[0.66503,45.17227],[0.66692,45.17419],[0.66691,45.17513],[0.66886,45.17675],[0.66886,45.17811],[0.67023,45.17942],[0.67212,45.17803],[0.67488,45.18007],[0.67594,45.18191],[0.67672,45.18687],[0.67624,45.18844],[0.67663,45.19035],[0.67843,45.19215],[0.68033,45.19332],[0.68402,45.19697],[0.68581,45.19912],[0.6862,45.20076],[0.68697,45.20128],[0.68943,45.20162],[0.69219,45.20092],[0.69521,45.19795],[0.69713,45.19425],[0.69908,45.18917],[0.6997,45.18693],[0.70096,45.18424],[0.70364,45.18082],[0.706,45.17858],[0.70889,45.1765],[0.71272,45.17492],[0.71699,45.17443],[0.72007,45.17473],[0.72043,45.17387],[0.71993,45.17222],[0.71697,45.1695],[0.71601,45.1674],[0.71461,45.16553],[0.71403,45.16352],[0.71494,45.16173],[0.71443,45.16053],[0.71729,45.15615],[0.71665,45.15251],[0.71822,45.15185],[0.71688,45.15035],[0.71695,45.14845],[0.71604,45.14664],[0.71178,45.14294],[0.71027,45.14231],[0.70543,45.14181],[0.70068,45.14083],[0.69574,45.14251],[0.69109,45.14365],[0.6856,45.14443],[0.67801,45.14421]]]}},{"type":"Feature","id":"fr-commune-24139","properties":{"id":"fr-commune-24139","name":"Coursac","kind":"commune","center":[0.645,45.131],"code":"24139","department":"24"},"bbox":[0.6057,45.09912,0.68437,45.1629],"geometry":{"type":"Polygon","coordinates":[[[0.6453,45.10324],[0.64371,45.1032],[0.64016,45.10193],[0.63685,45.10166],[0.6319,45.09951],[0.63011,45.09923],[0.62835,45.09966],[0.62724,45.09912],[0.62553,45.09987],[0.62342,45.10134],[0.62193,45.10141],[0.62239,45.10207],[0.62043,45.10268],[0.61979,45.10226],[0.6163,45.10406],[0.61516,45.10578],[0.61528,45.10736],[0.61352,45.10723],[0.61211,45.10595],[0.60874,45.10524],[0.6057,45.10367],[0.60695,45.10666],[0.60947,45.10912],[0.60855,45.11001],[0.60947,45.11385],[0.60862,45.11472],[0.60772,45.11743],[0.61003,45.11884],[0.61037,45.12305],[0.60992,45.12472],[0.61062,45.12853],[0.61012,45.12974],[0.61095,45.13119],[0.6112,45.1336],[0.60952,45.13538],[0.60962,45.13608],[0.61118,45.1372],[0.61238,45.13902],[0.61626,45.13799],[0.61901,45.13812],[0.61988,45.14007],[0.62199,45.14356],[0.62284,45.14383],[0.6253,45.14571],[0.63091,45.1483],[0.633,45.14899],[0.63491,45.15144],[0.63993,45.15658],[0.64046,45.15955],[0.64389,45.16046],[0.64612,45.16177],[0.64897,45.16275],[0.65222,45.16259],[0.65359,45.1629],[0.65569,45.16059],[0.65512,45.15978],[0.65706,45.15838],[0.65444,45.1561],[0.65219,45.15144],[0.65228,45.14811],[0.65182,45.14532],[0.65347,45.14473],[0.65798,45.14398],[0.66619,45.14285],[0.67151,45.14317],[0.67801,45.14421],[0.67732,45.14253],[0.67893,45.14197],[0.67924,45.14093],[0.67871,45.1396],[0.67792,45.13564],[0.67867,45.13437],[0.67883,45.13274],[0.67999,45.13155],[0.68249,45.13027],[0.68437,45.12989],[0.68326,45.12698],[0.68226,45.12634],[0.67657,45.1236],[0.677,45.12204],[0.67645,45.12063],[0.67705,45.11805],[0.67565,45.11559],[0.67518,45.11414],[0.66971,45.11371],[0.66828,45.11429],[0.66694,45.11416],[0.66484,45.11227],[0.66509,45.11102],[0.66413,45.11083],[0.66274,45.10921],[0.65508,45.10639],[0.65072,45.10537],[0.64899,45.10474],[0.64634,45.10423],[0.6453,45.10324]]]}},{"type":"Feature","id":"fr-commune-24140","properties":{"id":"fr-commune-24140","name":"Cours-de-Pile","kind":"commune","center":[0.5512,44.835],"code":"24140","department":"24"},"bbox":[0.52123,44.81614,0.58111,44.8539],"geometry":{"type":"Polygon","coordinates":[[[0.5279,44.84372],[0.53384,44.84528],[0.53673,44.84625],[0.54175,44.8483],[0.54375,44.84889],[0.54934,44.84944],[0.55236,44.8503],[0.55691,44.85231],[0.562,44.85337],[0.57005,44.8539],[0.57495,44.85367],[0.57468,44.85341],[0.5745,44.84763],[0.57485,44.84526],[0.57555,44.843],[0.57758,44.84286],[0.5776,44.83728],[0.57844,44.8373],[0.57845,44.83507],[0.57716,44.83514],[0.57812,44.83192],[0.57469,44.83156],[0.57576,44.83057],[0.57326,44.8305],[0.57351,44.82788],[0.57306,44.82773],[0.57518,44.82516],[0.57674,44.82422],[0.57907,44.82122],[0.57954,44.82018],[0.58111,44.81946],[0.57836,44.81804],[0.57665,44.81642],[0.57254,44.81767],[0.57115,44.81614],[0.56794,44.81736],[0.56571,44.81898],[0.56367,44.81758],[0.56111,44.81927],[0.55814,44.81723],[0.55526,44.81884],[0.55455,44.81993],[0.55523,44.82163],[0.55441,44.82359],[0.55252,44.825],[0.55031,44.82603],[0.54814,44.82664],[0.54548,44.82619],[0.54366,44.82615],[0.54266,44.82688],[0.54286,44.82865],[0.54217,44.83105],[0.54066,44.83174],[0.53856,44.83129],[0.53697,44.83276],[0.53693,44.83473],[0.53469,44.83573],[0.5344,44.83719],[0.5349,44.83779],[0.53244,44.83897],[0.52952,44.83761],[0.52573,44.8367],[0.52387,44.83977],[0.52299,44.83906],[0.52123,44.84146],[0.52462,44.84277],[0.5279,44.84372]]]}},{"type":"Feature","id":"fr-commune-24141","properties":{"id":"fr-commune-24141","name":"Coutures","kind":"commune","center":[0.3979,45.3269],"code":"24141","department":"24"},"bbox":[0.37321,45.30951,0.42344,45.34422],"geometry":{"type":"Polygon","coordinates":[[[0.38643,45.30951],[0.38232,45.31027],[0.37946,45.3114],[0.38018,45.31239],[0.38181,45.31268],[0.38123,45.31379],[0.3797,45.31333],[0.3782,45.31482],[0.37952,45.31646],[0.38113,45.31757],[0.38061,45.31817],[0.37838,45.31775],[0.37601,45.31852],[0.379,45.32171],[0.37768,45.32183],[0.37499,45.32353],[0.37496,45.32683],[0.37321,45.32694],[0.37359,45.32957],[0.37597,45.33137],[0.37656,45.3336],[0.37755,45.33469],[0.38015,45.3356],[0.38036,45.338],[0.38282,45.33988],[0.38709,45.33931],[0.38554,45.34176],[0.38585,45.34228],[0.3884,45.34197],[0.39365,45.34069],[0.39695,45.34225],[0.39969,45.34286],[0.40152,45.34365],[0.40399,45.34422],[0.40787,45.3432],[0.40983,45.34248],[0.41015,45.34103],[0.41173,45.33777],[0.41128,45.3346],[0.41337,45.33108],[0.41507,45.33],[0.4172,45.32914],[0.42156,45.32684],[0.42262,45.32585],[0.42344,45.32524],[0.42021,45.32258],[0.41665,45.32224],[0.41355,45.32046],[0.41236,45.31898],[0.40797,45.31662],[0.40595,45.31917],[0.40266,45.32055],[0.40234,45.31917],[0.40082,45.32],[0.39916,45.31855],[0.39575,45.3171],[0.39041,45.31627],[0.39085,45.31475],[0.38941,45.31167],[0.39048,45.31066],[0.38812,45.31066],[0.38643,45.30951]]]}},{"type":"Feature","id":"fr-commune-24142","properties":{"id":"fr-commune-24142","name":"Coux et Bigaroque-Mouzens","kind":"commune","center":[0.9695,44.8501],"code":"24142","department":"24"},"bbox":[0.91903,44.82492,1.02061,44.87527],"geometry":{"type":"Polygon","coordinates":[[[0.97713,44.87527],[0.97862,44.87433],[0.9823,44.87357],[0.98805,44.87349],[0.98938,44.874],[0.99216,44.87421],[0.99412,44.87383],[0.99605,44.87435],[0.99732,44.87279],[0.99802,44.87269],[0.99944,44.87076],[1.00119,44.8695],[1.00302,44.86874],[1.00531,44.86854],[1.00646,44.8661],[1.01112,44.86444],[1.0131,44.86347],[1.01369,44.86249],[1.01363,44.86063],[1.01453,44.85847],[1.01488,44.85462],[1.01658,44.85353],[1.02061,44.8531],[1.02055,44.85203],[1.02006,44.84961],[1.01866,44.84509],[1.01885,44.8433],[1.02011,44.84018],[1.01974,44.83793],[1.01811,44.83502],[1.01502,44.83117],[1.01179,44.82878],[1.00824,44.82754],[1.00337,44.82637],[0.99943,44.82557],[0.99199,44.82594],[0.98941,44.82634],[0.98302,44.82772],[0.97967,44.82807],[0.97746,44.82801],[0.97462,44.82725],[0.97057,44.82533],[0.96694,44.82492],[0.96162,44.82513],[0.95934,44.82552],[0.95572,44.82693],[0.95249,44.82914],[0.95147,44.83122],[0.95203,44.83303],[0.95121,44.83568],[0.9501,44.83766],[0.94853,44.83932],[0.94342,44.84242],[0.93923,44.844],[0.93963,44.84446],[0.93806,44.84636],[0.93869,44.84673],[0.93553,44.84833],[0.93526,44.84891],[0.93252,44.84988],[0.93045,44.85141],[0.92844,44.8537],[0.92326,44.85532],[0.91906,44.85609],[0.91903,44.85717],[0.92378,44.85914],[0.92601,44.85944],[0.92726,44.85852],[0.9304,44.85803],[0.93331,44.85857],[0.93555,44.85969],[0.93935,44.86007],[0.94349,44.86092],[0.94556,44.86169],[0.94866,44.8624],[0.95217,44.86275],[0.95563,44.86435],[0.95892,44.86409],[0.96174,44.86511],[0.96167,44.86566],[0.96423,44.86646],[0.96916,44.86629],[0.9715,44.86795],[0.97369,44.86855],[0.97655,44.87049],[0.97525,44.87364],[0.9756,44.87418],[0.97713,44.87527]]]}},{"type":"Feature","id":"fr-commune-24143","properties":{"id":"fr-commune-24143","name":"Couze-et-Saint-Front","kind":"commune","center":[0.725,44.8234],"code":"24143","department":"24"},"bbox":[0.69126,44.81004,0.75878,44.83671],"geometry":{"type":"Polygon","coordinates":[[[0.69279,44.82487],[0.69265,44.82658],[0.69366,44.82658],[0.69454,44.8285],[0.69411,44.83223],[0.69289,44.8322],[0.69291,44.83401],[0.69761,44.83316],[0.7022,44.83204],[0.705,44.83159],[0.71005,44.83208],[0.71763,44.83196],[0.72038,44.83226],[0.72461,44.83313],[0.7391,44.83458],[0.74458,44.83534],[0.75099,44.83671],[0.75235,44.83513],[0.75598,44.83405],[0.75679,44.8324],[0.75878,44.83095],[0.75787,44.82983],[0.75613,44.82866],[0.74959,44.82717],[0.74776,44.82324],[0.74697,44.82245],[0.74716,44.82147],[0.74608,44.81912],[0.74462,44.81941],[0.73916,44.8195],[0.73634,44.82034],[0.73159,44.82017],[0.72913,44.8199],[0.72832,44.8206],[0.72442,44.82189],[0.72225,44.82224],[0.72319,44.81713],[0.72123,44.81625],[0.72153,44.81477],[0.72072,44.81369],[0.72006,44.81092],[0.71798,44.81004],[0.71615,44.81188],[0.71293,44.81355],[0.71061,44.81707],[0.70913,44.81852],[0.70662,44.81683],[0.70708,44.81579],[0.70399,44.81426],[0.70175,44.81397],[0.69774,44.81537],[0.69501,44.81665],[0.69679,44.8192],[0.69451,44.82042],[0.69214,44.82009],[0.69126,44.82061],[0.6916,44.82239],[0.69278,44.82404],[0.69279,44.82487]]]}},{"type":"Feature","id":"fr-commune-24144","properties":{"id":"fr-commune-24144","name":"Creyssac","kind":"commune","center":[0.5515,45.3127],"code":"24144","department":"24"},"bbox":[0.53395,45.29847,0.5689,45.32701],"geometry":{"type":"Polygon","coordinates":[[[0.53804,45.30164],[0.53724,45.30263],[0.53809,45.3036],[0.53836,45.30643],[0.53739,45.30721],[0.53736,45.30894],[0.53682,45.31014],[0.53578,45.31044],[0.534,45.31191],[0.53395,45.31295],[0.53502,45.3134],[0.5348,45.31514],[0.53764,45.31636],[0.53926,45.31617],[0.54084,45.31853],[0.54161,45.32175],[0.54921,45.32084],[0.54899,45.3225],[0.54932,45.32398],[0.55051,45.32574],[0.5506,45.32678],[0.55377,45.32701],[0.55718,45.327],[0.5583,45.32631],[0.55772,45.32506],[0.55791,45.32318],[0.5592,45.32069],[0.56141,45.31994],[0.56183,45.31859],[0.56077,45.31553],[0.56071,45.31394],[0.56212,45.31277],[0.56267,45.31165],[0.56569,45.30898],[0.5689,45.30777],[0.56862,45.30585],[0.56562,45.30511],[0.563,45.30412],[0.55966,45.3032],[0.55683,45.30313],[0.55414,45.30346],[0.55162,45.30434],[0.54904,45.30558],[0.54618,45.30642],[0.54518,45.30501],[0.5464,45.30329],[0.54752,45.30084],[0.547,45.30019],[0.54418,45.29874],[0.54115,45.29847],[0.54011,45.29905],[0.53804,45.30164]]]}},{"type":"Feature","id":"fr-commune-24145","properties":{"id":"fr-commune-24145","name":"Creysse","kind":"commune","center":[0.5555,44.8651],"code":"24145","department":"24"},"bbox":[0.52708,44.84372,0.584,44.88656],"geometry":{"type":"Polygon","coordinates":[[[0.5821,44.85358],[0.57495,44.85367],[0.57005,44.8539],[0.562,44.85337],[0.55691,44.85231],[0.55236,44.8503],[0.54934,44.84944],[0.54375,44.84889],[0.54175,44.8483],[0.53673,44.84625],[0.53384,44.84528],[0.5279,44.84372],[0.52815,44.84896],[0.52926,44.85361],[0.52909,44.8551],[0.528,44.85638],[0.52708,44.85917],[0.52836,44.86085],[0.52958,44.86174],[0.52997,44.86347],[0.53269,44.86582],[0.53245,44.86733],[0.52975,44.87291],[0.52991,44.87505],[0.52954,44.8767],[0.52844,44.87916],[0.53072,44.87941],[0.53155,44.8801],[0.53518,44.88041],[0.5389,44.8817],[0.54106,44.88177],[0.54135,44.8825],[0.54348,44.88325],[0.54532,44.88297],[0.5481,44.88447],[0.54865,44.88542],[0.55204,44.88656],[0.55571,44.88502],[0.55782,44.88447],[0.5569,44.88349],[0.55789,44.88017],[0.55862,44.8766],[0.55948,44.87549],[0.55988,44.87383],[0.56137,44.87041],[0.56276,44.86924],[0.56398,44.86493],[0.56536,44.8632],[0.57164,44.86169],[0.57837,44.86149],[0.57976,44.86185],[0.58305,44.8617],[0.584,44.85563],[0.58205,44.85514],[0.5821,44.85358]]]}},{"type":"Feature","id":"fr-commune-24146","properties":{"id":"fr-commune-24146","name":"Creyssensac-et-Pissot","kind":"commune","center":[0.6688,45.0718],"code":"24146","department":"24"},"bbox":[0.64585,45.05442,0.69171,45.08919],"geometry":{"type":"Polygon","coordinates":[[[0.69137,45.06925],[0.69133,45.06557],[0.6917,45.06176],[0.69171,45.05697],[0.69136,45.05569],[0.68728,45.05577],[0.68465,45.05559],[0.68212,45.05689],[0.67858,45.05739],[0.67421,45.05664],[0.67269,45.05521],[0.6706,45.05577],[0.66526,45.05815],[0.66033,45.05865],[0.65861,45.0586],[0.65545,45.05713],[0.65399,45.05605],[0.65299,45.05442],[0.65114,45.05553],[0.65161,45.05651],[0.65158,45.05888],[0.65627,45.06243],[0.65642,45.06364],[0.65572,45.06597],[0.65469,45.06756],[0.65316,45.06873],[0.65351,45.07133],[0.65123,45.07327],[0.64844,45.07303],[0.64701,45.07389],[0.64979,45.07588],[0.65106,45.07831],[0.64933,45.08028],[0.64585,45.08237],[0.64676,45.08393],[0.64796,45.08915],[0.65375,45.08919],[0.65723,45.08859],[0.66191,45.08819],[0.66337,45.08769],[0.6657,45.08753],[0.66723,45.08661],[0.66966,45.08572],[0.67876,45.08449],[0.67713,45.0825],[0.67698,45.08127],[0.67495,45.07994],[0.67521,45.07865],[0.6777,45.07826],[0.67974,45.07628],[0.67967,45.07433],[0.68026,45.07175],[0.68319,45.07234],[0.68457,45.07205],[0.68859,45.07026],[0.69107,45.06976],[0.69137,45.06925]]]}},{"type":"Feature","id":"fr-commune-24147","properties":{"id":"fr-commune-24147","name":"Cubjac-Auvézère-Val d'Ans","kind":"commune","center":[0.9623,45.2325],"code":"24147","department":"24"},"bbox":[0.90274,45.19667,1.02182,45.26838],"geometry":{"type":"Polygon","coordinates":[[[0.97365,45.26736],[0.97715,45.26616],[0.97933,45.26625],[0.98239,45.26838],[0.98534,45.26814],[0.9887,45.26722],[0.99085,45.26712],[0.99405,45.26545],[0.99646,45.26604],[0.99682,45.26466],[0.9981,45.26292],[0.99823,45.26205],[1.0008,45.25876],[1.00338,45.25735],[1.00488,45.25616],[1.00632,45.25312],[1.00623,45.24954],[1.00515,45.24759],[1.00688,45.24649],[1.00607,45.24323],[1.00892,45.24268],[1.00985,45.24047],[1.00898,45.23813],[1.01108,45.23804],[1.01263,45.23597],[1.0147,45.23544],[1.01506,45.23295],[1.01435,45.23027],[1.01457,45.22968],[1.0184,45.22739],[1.01983,45.22471],[1.02182,45.22405],[1.01948,45.22356],[1.01704,45.2226],[1.01306,45.21926],[1.01038,45.22045],[1.0064,45.22295],[1.00208,45.22317],[1.00056,45.22434],[0.99835,45.22475],[0.9958,45.22343],[0.99354,45.22406],[0.99106,45.22374],[0.99052,45.22286],[0.99227,45.22076],[0.99064,45.21753],[0.9901,45.2145],[0.99067,45.21291],[0.98801,45.21335],[0.98317,45.2131],[0.97967,45.21366],[0.97674,45.2112],[0.97405,45.21243],[0.97326,45.21355],[0.97022,45.21248],[0.968,45.21243],[0.96408,45.21407],[0.96273,45.21424],[0.96134,45.21106],[0.96028,45.21034],[0.96222,45.20878],[0.96225,45.20747],[0.96446,45.20535],[0.9622,45.20437],[0.95997,45.20226],[0.95899,45.20235],[0.95811,45.20065],[0.95562,45.20193],[0.95073,45.20178],[0.947,45.20054],[0.94223,45.19974],[0.93908,45.19857],[0.93841,45.19786],[0.93491,45.19694],[0.93288,45.19744],[0.93014,45.19716],[0.92965,45.19667],[0.92771,45.1979],[0.92777,45.19984],[0.92576,45.20122],[0.92468,45.20144],[0.92398,45.20273],[0.92233,45.20406],[0.91883,45.20413],[0.91756,45.2045],[0.91445,45.20644],[0.91432,45.20753],[0.9169,45.20877],[0.91732,45.20972],[0.91626,45.21124],[0.91694,45.21269],[0.91368,45.21429],[0.9107,45.21751],[0.90986,45.22006],[0.90778,45.22234],[0.90513,45.22462],[0.90274,45.22617],[0.90519,45.22597],[0.90763,45.22653],[0.90897,45.22944],[0.91179,45.22991],[0.91399,45.23136],[0.913,45.23301],[0.91646,45.2345],[0.91951,45.23458],[0.92204,45.23436],[0.92262,45.2361],[0.92239,45.23691],[0.92317,45.23856],[0.92296,45.2412],[0.92332,45.24149],[0.92325,45.24543],[0.92218,45.24683],[0.92256,45.24811],[0.91983,45.24952],[0.91977,45.25176],[0.92422,45.25224],[0.9264,45.2528],[0.928,45.25246],[0.93145,45.25286],[0.93257,45.25401],[0.93456,45.25469],[0.93889,45.25481],[0.94127,45.25401],[0.94485,45.25316],[0.94714,45.25338],[0.94862,45.25302],[0.94996,45.25361],[0.95255,45.25381],[0.95331,45.25345],[0.95597,45.2562],[0.95697,45.25562],[0.96112,45.25501],[0.96252,45.25514],[0.96604,45.25723],[0.96711,45.25828],[0.97021,45.25975],[0.97295,45.26192],[0.9731,45.26305],[0.97239,45.26523],[0.97365,45.26736]]]}},{"type":"Feature","id":"fr-commune-24148","properties":{"id":"fr-commune-24148","name":"Cunèges","kind":"commune","center":[0.3773,44.7818],"code":"24148","department":"24"},"bbox":[0.35789,44.76241,0.3971,44.79817],"geometry":{"type":"Polygon","coordinates":[[[0.36991,44.79392],[0.37172,44.79383],[0.37265,44.79322],[0.37704,44.79187],[0.3778,44.79104],[0.38008,44.78971],[0.3798,44.78802],[0.38078,44.78681],[0.38305,44.78712],[0.38572,44.78443],[0.38805,44.78411],[0.38819,44.78296],[0.3909,44.78152],[0.39089,44.7799],[0.39322,44.77935],[0.3943,44.77814],[0.3971,44.77688],[0.39679,44.77649],[0.39432,44.77464],[0.39298,44.77439],[0.39112,44.77311],[0.38995,44.77377],[0.38279,44.77016],[0.37987,44.76833],[0.37541,44.76494],[0.37469,44.76493],[0.37298,44.76281],[0.37098,44.76241],[0.36777,44.76308],[0.36841,44.76704],[0.36785,44.7681],[0.36689,44.76968],[0.36546,44.77094],[0.3656,44.77293],[0.36468,44.77394],[0.36319,44.77688],[0.36211,44.77736],[0.35968,44.78106],[0.35959,44.78244],[0.35789,44.78547],[0.35999,44.7898],[0.36015,44.79124],[0.36186,44.79363],[0.36346,44.79472],[0.36497,44.7965],[0.3651,44.79817],[0.36609,44.79812],[0.36765,44.79677],[0.36924,44.79601],[0.36991,44.79392]]]}},{"type":"Feature","id":"fr-commune-24150","properties":{"id":"fr-commune-24150","name":"Daglan","kind":"commune","center":[1.1896,44.7453],"code":"24150","department":"24"},"bbox":[1.15523,44.71869,1.22399,44.77183],"geometry":{"type":"Polygon","coordinates":[[[1.18162,44.77135],[1.18442,44.77117],[1.18935,44.77183],[1.19169,44.77165],[1.1955,44.77181],[1.19635,44.7692],[1.19973,44.76698],[1.20014,44.76556],[1.20245,44.76525],[1.20421,44.766],[1.20447,44.76664],[1.20837,44.76654],[1.20833,44.7652],[1.21001,44.76522],[1.21987,44.76362],[1.22399,44.75995],[1.22246,44.75802],[1.2209,44.75722],[1.21814,44.75395],[1.2175,44.7505],[1.21683,44.7499],[1.21621,44.7492],[1.21683,44.74652],[1.21582,44.74517],[1.2168,44.74336],[1.21576,44.74144],[1.21418,44.74122],[1.211,44.73935],[1.20949,44.73915],[1.20896,44.73739],[1.20804,44.73599],[1.20562,44.73349],[1.2057,44.73237],[1.2001,44.73016],[1.19947,44.72942],[1.19934,44.72776],[1.19841,44.72594],[1.19759,44.72535],[1.19679,44.72449],[1.1967,44.72323],[1.19285,44.71919],[1.1927,44.71869],[1.18838,44.7189],[1.18683,44.71973],[1.18535,44.72169],[1.18253,44.72169],[1.18059,44.72242],[1.17545,44.7223],[1.17374,44.72451],[1.17294,44.72605],[1.17316,44.72977],[1.17202,44.72908],[1.17015,44.7302],[1.16744,44.73302],[1.16728,44.73477],[1.16574,44.73579],[1.16391,44.73568],[1.16093,44.73637],[1.1573,44.73886],[1.15724,44.74142],[1.15765,44.74259],[1.1575,44.7449],[1.15826,44.74829],[1.15821,44.74948],[1.15919,44.75149],[1.15785,44.75314],[1.15744,44.75545],[1.1562,44.75804],[1.15554,44.75851],[1.15523,44.76025],[1.15622,44.76381],[1.16043,44.76477],[1.16486,44.76727],[1.16773,44.76801],[1.17162,44.76815],[1.17346,44.76878],[1.17754,44.76928],[1.1814,44.77069],[1.18162,44.77135]]]}},{"type":"Feature","id":"fr-commune-24151","properties":{"id":"fr-commune-24151","name":"Doissat","kind":"commune","center":[1.0854169374190357,44.72216073074982],"code":"24151","department":"24"},"bbox":[1.04151,44.68245,1.11572,44.74907],"geometry":{"type":"Polygon","coordinates":[[[1.10521,44.68245],[1.10016,44.68418],[1.09512,44.68708],[1.09386,44.68836],[1.09,44.69006],[1.08782,44.69209],[1.08557,44.6964],[1.08391,44.69757],[1.08407,44.69857],[1.08261,44.70022],[1.08373,44.70163],[1.08383,44.70259],[1.0858,44.70409],[1.08721,44.70463],[1.09082,44.70504],[1.09076,44.70592],[1.08902,44.70793],[1.08923,44.70912],[1.08719,44.71251],[1.08739,44.71414],[1.08643,44.71514],[1.08664,44.71705],[1.08462,44.71974],[1.07935,44.7196],[1.07677,44.72048],[1.07267,44.72245],[1.07072,44.72521],[1.06599,44.7252],[1.06344,44.72598],[1.05826,44.72932],[1.05696,44.73135],[1.05501,44.73281],[1.0487,44.73338],[1.0478,44.73422],[1.04714,44.73544],[1.04281,44.73584],[1.04151,44.73725],[1.04486,44.73847],[1.04644,44.73949],[1.04866,44.73981],[1.04986,44.73901],[1.05302,44.73903],[1.05454,44.74257],[1.05755,44.74534],[1.05805,44.74667],[1.06036,44.74781],[1.06264,44.74769],[1.06731,44.749],[1.06963,44.74874],[1.07571,44.74907],[1.07554,44.74726],[1.07684,44.74711],[1.07869,44.74575],[1.08004,44.74535],[1.08138,44.74347],[1.08333,44.74299],[1.08467,44.74216],[1.08626,44.74181],[1.0898,44.73962],[1.09213,44.73848],[1.09306,44.73647],[1.09309,44.73445],[1.09236,44.7323],[1.09447,44.73281],[1.0954,44.7319],[1.09848,44.7312],[1.10042,44.73018],[1.1029,44.7312],[1.10673,44.73111],[1.10863,44.73057],[1.11048,44.73072],[1.11572,44.73001],[1.11559,44.72932],[1.11188,44.72714],[1.10903,44.72432],[1.10852,44.72212],[1.1079,44.72175],[1.10917,44.71984],[1.10965,44.71724],[1.11152,44.71422],[1.10996,44.70999],[1.11079,44.70747],[1.10757,44.70486],[1.10754,44.70276],[1.10604,44.70041],[1.10388,44.69572],[1.10216,44.69092],[1.10353,44.68696],[1.10481,44.68553],[1.10545,44.68316],[1.10521,44.68245]]]}},{"type":"Feature","id":"fr-commune-24152","properties":{"id":"fr-commune-24152","name":"Domme","kind":"commune","center":[1.2424,44.8091],"code":"24152","department":"24"},"bbox":[1.20444,44.77512,1.28031,44.84304],"geometry":{"type":"Polygon","coordinates":[[[1.20472,44.80598],[1.20903,44.80567],[1.21804,44.80554],[1.22077,44.80681],[1.22076,44.80902],[1.21837,44.81219],[1.21703,44.81484],[1.2163,44.81778],[1.21597,44.82064],[1.21644,44.82227],[1.21748,44.82324],[1.21957,44.82457],[1.22224,44.82557],[1.22637,44.82751],[1.22783,44.82788],[1.23111,44.82766],[1.23604,44.82616],[1.24084,44.82453],[1.24781,44.82328],[1.24925,44.8233],[1.25336,44.82257],[1.25646,44.82316],[1.25768,44.82366],[1.25979,44.82537],[1.25902,44.82856],[1.25759,44.83095],[1.25658,44.83198],[1.25239,44.83423],[1.2508,44.83607],[1.25021,44.83872],[1.25074,44.84054],[1.25213,44.84148],[1.25474,44.84276],[1.26009,44.84304],[1.26126,44.84287],[1.26275,44.8414],[1.26368,44.83805],[1.26437,44.83427],[1.26467,44.82942],[1.26599,44.82706],[1.27066,44.82549],[1.27372,44.82471],[1.27176,44.82224],[1.27345,44.81802],[1.27084,44.81073],[1.27017,44.80933],[1.2683,44.80811],[1.26509,44.80692],[1.26401,44.80542],[1.26703,44.8042],[1.2705,44.80334],[1.2701,44.80196],[1.27207,44.79961],[1.2718,44.79842],[1.27205,44.79596],[1.27332,44.79472],[1.27719,44.79296],[1.28031,44.79268],[1.27973,44.79212],[1.27666,44.79121],[1.27445,44.79124],[1.27265,44.78571],[1.27149,44.78297],[1.27042,44.77918],[1.26973,44.77596],[1.2647,44.77512],[1.25932,44.7759],[1.25757,44.77575],[1.25403,44.77682],[1.24798,44.77736],[1.23781,44.78096],[1.23465,44.7812],[1.2329,44.78031],[1.23032,44.78081],[1.22813,44.78177],[1.22702,44.78329],[1.22261,44.7845],[1.21338,44.78811],[1.21137,44.78944],[1.21211,44.79035],[1.21076,44.79078],[1.20916,44.79237],[1.2079,44.79666],[1.20653,44.7978],[1.20627,44.79927],[1.20711,44.80088],[1.20688,44.8018],[1.20537,44.80307],[1.20444,44.80519],[1.20472,44.80598]]]}},{"type":"Feature","id":"fr-commune-24153","properties":{"id":"fr-commune-24153","name":"La Dornac","kind":"commune","center":[1.3421,45.0717],"code":"24153","department":"24"},"bbox":[1.30653,45.04985,1.37779,45.09358],"geometry":{"type":"Polygon","coordinates":[[[1.37779,45.06549],[1.37561,45.06544],[1.37374,45.06442],[1.37136,45.06233],[1.37011,45.06063],[1.36692,45.0585],[1.36542,45.05687],[1.36326,45.05611],[1.36168,45.05451],[1.3605,45.05387],[1.35821,45.05144],[1.35752,45.04985],[1.35305,45.05089],[1.34961,45.0527],[1.34846,45.05213],[1.34679,45.05367],[1.34517,45.05396],[1.34375,45.05358],[1.34225,45.05419],[1.3411,45.05571],[1.34064,45.05727],[1.33904,45.05856],[1.33889,45.05913],[1.33681,45.05946],[1.33384,45.0591],[1.33165,45.06056],[1.32978,45.061],[1.32819,45.06083],[1.32469,45.06222],[1.32215,45.06222],[1.3196,45.0651],[1.31822,45.06567],[1.31554,45.0661],[1.31362,45.06725],[1.31201,45.06982],[1.31213,45.07113],[1.31298,45.07321],[1.31271,45.07407],[1.30969,45.0755],[1.30945,45.07664],[1.308,45.07672],[1.30653,45.07751],[1.30673,45.0788],[1.3105,45.08216],[1.31007,45.08507],[1.31163,45.0844],[1.31222,45.08217],[1.31467,45.08285],[1.3149,45.08467],[1.31767,45.08592],[1.31959,45.08723],[1.32015,45.09007],[1.32233,45.09202],[1.32741,45.09227],[1.3349,45.09032],[1.33601,45.09033],[1.33832,45.09115],[1.34415,45.09007],[1.34499,45.0913],[1.34473,45.09358],[1.34655,45.09194],[1.35017,45.09125],[1.35311,45.09044],[1.35433,45.08952],[1.35813,45.08906],[1.35946,45.0874],[1.36212,45.08561],[1.36436,45.08499],[1.36204,45.0831],[1.36353,45.08221],[1.36461,45.08236],[1.36638,45.08043],[1.36795,45.0799],[1.36994,45.07999],[1.37073,45.07898],[1.37254,45.07839],[1.37389,45.0766],[1.3727,45.07381],[1.37165,45.0732],[1.37124,45.07126],[1.37195,45.06982],[1.3738,45.06883],[1.37606,45.06631],[1.37779,45.06549]]]}},{"type":"Feature","id":"fr-commune-24154","properties":{"id":"fr-commune-24154","name":"Douchapt","kind":"commune","center":[0.4451,45.2296],"code":"24154","department":"24"},"bbox":[0.42988,45.20577,0.46029,45.25352],"geometry":{"type":"Polygon","coordinates":[[[0.45421,45.25207],[0.4557,45.25243],[0.45885,45.25044],[0.45914,45.24995],[0.45754,45.24794],[0.45692,45.24418],[0.45767,45.24171],[0.4566,45.24004],[0.45645,45.23902],[0.455,45.23728],[0.45548,45.23458],[0.45803,45.23219],[0.45843,45.22641],[0.45931,45.22388],[0.46029,45.22006],[0.45485,45.21462],[0.45438,45.21246],[0.45427,45.2098],[0.45374,45.20899],[0.45126,45.207],[0.44933,45.20696],[0.44735,45.20577],[0.44631,45.20701],[0.44379,45.20858],[0.44197,45.21244],[0.4407,45.21462],[0.43683,45.21762],[0.43489,45.22111],[0.43276,45.22282],[0.43103,45.22368],[0.43118,45.22511],[0.43242,45.22648],[0.43404,45.22748],[0.43437,45.22915],[0.43427,45.23475],[0.43313,45.23819],[0.43426,45.24144],[0.43269,45.24146],[0.42988,45.24202],[0.43275,45.24519],[0.43523,45.2464],[0.43454,45.24714],[0.43166,45.2481],[0.43285,45.24901],[0.43401,45.24914],[0.43379,45.25072],[0.43668,45.25129],[0.43701,45.25221],[0.4384,45.25275],[0.44107,45.2528],[0.44228,45.25352],[0.44494,45.25317],[0.44691,45.25203],[0.45273,45.25179],[0.45421,45.25207]]]}},{"type":"Feature","id":"fr-commune-24155","properties":{"id":"fr-commune-24155","name":"Douville","kind":"commune","center":[0.594,44.9982],"code":"24155","department":"24"},"bbox":[0.55515,44.96572,0.63287,45.03072],"geometry":{"type":"Polygon","coordinates":[[[0.61901,45.02948],[0.61932,45.02875],[0.61875,45.02732],[0.61922,45.026],[0.62152,45.0248],[0.62458,45.0218],[0.6274,45.02008],[0.62991,45.01938],[0.63287,45.0181],[0.63153,45.01628],[0.63076,45.01604],[0.62956,45.01271],[0.62957,45.01118],[0.62957,45.01007],[0.62736,45.00869],[0.62393,45.00804],[0.62136,45.0067],[0.62032,45.00576],[0.61655,45.00413],[0.61502,45.0043],[0.61264,45.00347],[0.61002,45.0019],[0.60743,45.00098],[0.60692,44.99881],[0.60595,44.99877],[0.60521,44.99569],[0.60319,44.98991],[0.60313,44.9877],[0.60418,44.98659],[0.60588,44.98595],[0.60869,44.98589],[0.60991,44.9852],[0.61101,44.98338],[0.61232,44.98251],[0.61516,44.97921],[0.61378,44.97897],[0.61033,44.97736],[0.6086,44.97613],[0.60624,44.97527],[0.60236,44.9748],[0.60163,44.97417],[0.59809,44.97308],[0.59624,44.973],[0.59177,44.97212],[0.59133,44.97062],[0.58965,44.9696],[0.58857,44.96969],[0.58718,44.9672],[0.58687,44.96572],[0.58347,44.97021],[0.58337,44.97485],[0.58172,44.97573],[0.58443,44.98067],[0.58208,44.98144],[0.58023,44.98289],[0.5777,44.98289],[0.5767,44.98323],[0.57548,44.98452],[0.57444,44.98646],[0.57496,44.98914],[0.57119,44.98886],[0.56812,44.98907],[0.56423,44.9898],[0.56317,44.99209],[0.56284,44.99548],[0.56201,44.99622],[0.56183,44.99827],[0.56301,44.9997],[0.56302,45.00064],[0.56488,45.00195],[0.56467,45.00292],[0.56168,45.00329],[0.56021,45.00376],[0.55851,45.00544],[0.55702,45.00627],[0.55515,45.00805],[0.55715,45.00786],[0.5614,45.00681],[0.56456,45.00657],[0.56565,45.00817],[0.56944,45.01008],[0.57244,45.01007],[0.57625,45.01226],[0.57816,45.01293],[0.57912,45.01395],[0.58429,45.01571],[0.58844,45.01804],[0.59105,45.02141],[0.59244,45.0238],[0.59403,45.02486],[0.59726,45.02874],[0.60176,45.03016],[0.60697,45.02996],[0.61037,45.03072],[0.61316,45.03036],[0.61705,45.03039],[0.61901,45.02948]]]}},{"type":"Feature","id":"fr-commune-24156","properties":{"id":"fr-commune-24156","name":"La Douze","kind":"commune","center":[0.8554,45.0707],"code":"24156","department":"24"},"bbox":[0.8087,45.03575,0.90205,45.10555],"geometry":{"type":"Polygon","coordinates":[[[0.88163,45.08662],[0.88286,45.08524],[0.88412,45.08315],[0.88488,45.08059],[0.88496,45.07889],[0.8829,45.07834],[0.87998,45.07653],[0.87801,45.07578],[0.87683,45.07586],[0.87651,45.07471],[0.88086,45.07468],[0.88063,45.0736],[0.8814,45.0726],[0.88307,45.07222],[0.88388,45.07143],[0.88338,45.07031],[0.88483,45.0695],[0.88653,45.06943],[0.88925,45.06743],[0.8911,45.0664],[0.89083,45.06468],[0.89249,45.06351],[0.89534,45.06009],[0.8987,45.05963],[0.9008,45.05704],[0.89923,45.05462],[0.89959,45.05388],[0.8978,45.05021],[0.89889,45.04766],[0.89831,45.04618],[0.89853,45.04375],[0.901,45.04294],[0.90198,45.04183],[0.90205,45.04058],[0.90125,45.038],[0.89411,45.03681],[0.89282,45.03714],[0.89118,45.03687],[0.88946,45.03715],[0.88583,45.03673],[0.8836,45.03575],[0.88279,45.03736],[0.88138,45.03896],[0.88049,45.03927],[0.87759,45.03925],[0.8763,45.04044],[0.87237,45.04028],[0.87091,45.04052],[0.8651,45.04058],[0.86471,45.04145],[0.85854,45.04414],[0.85691,45.0476],[0.85584,45.04858],[0.85501,45.05147],[0.85398,45.053],[0.84873,45.05831],[0.84774,45.05876],[0.84582,45.06154],[0.84512,45.06353],[0.84367,45.06342],[0.84118,45.06417],[0.8397,45.06409],[0.8382,45.06716],[0.83535,45.07175],[0.83261,45.07371],[0.83103,45.07653],[0.82873,45.07976],[0.82608,45.08194],[0.82112,45.08366],[0.81748,45.08374],[0.81508,45.08343],[0.81257,45.08346],[0.8087,45.08555],[0.80913,45.08684],[0.81094,45.08914],[0.8165,45.09104],[0.8178,45.09129],[0.82192,45.09307],[0.82289,45.09409],[0.82509,45.09487],[0.82828,45.09706],[0.82897,45.09934],[0.82972,45.10015],[0.83015,45.10286],[0.83103,45.10418],[0.83314,45.10555],[0.83529,45.10196],[0.83544,45.1002],[0.8365,45.09797],[0.83795,45.0973],[0.83895,45.09553],[0.83987,45.09523],[0.84083,45.09272],[0.84124,45.09059],[0.84419,45.09009],[0.84584,45.09019],[0.84968,45.0918],[0.85406,45.09178],[0.85689,45.09098],[0.8596,45.09067],[0.8622,45.08868],[0.8623,45.08812],[0.86515,45.08708],[0.86829,45.0876],[0.87048,45.08726],[0.87381,45.08631],[0.87562,45.08628],[0.87588,45.08717],[0.87863,45.08643],[0.88163,45.08662]]]}},{"type":"Feature","id":"fr-commune-24157","properties":{"id":"fr-commune-24157","name":"Douzillac","kind":"commune","center":[0.4104,45.0936],"code":"24157","department":"24"},"bbox":[0.38188,45.067,0.43897,45.1202],"geometry":{"type":"Polygon","coordinates":[[[0.38324,45.0769],[0.38308,45.07794],[0.38417,45.0813],[0.38503,45.08216],[0.38528,45.08381],[0.38477,45.08497],[0.38312,45.08608],[0.38203,45.08733],[0.38188,45.08924],[0.38312,45.08983],[0.3843,45.09241],[0.38378,45.0944],[0.38505,45.09594],[0.38637,45.09682],[0.38643,45.09881],[0.38718,45.09946],[0.38551,45.10075],[0.38602,45.10224],[0.38587,45.10555],[0.38507,45.10791],[0.3862,45.10827],[0.38564,45.10966],[0.38646,45.11312],[0.38704,45.1138],[0.38849,45.11528],[0.38767,45.11588],[0.38946,45.11674],[0.39234,45.11921],[0.39228,45.1202],[0.39372,45.11926],[0.39442,45.1175],[0.39595,45.116],[0.39711,45.11434],[0.40105,45.11381],[0.40334,45.11282],[0.40596,45.11056],[0.40854,45.11014],[0.41419,45.10785],[0.42345,45.10821],[0.42562,45.10757],[0.42734,45.10574],[0.42626,45.104],[0.42721,45.10368],[0.42948,45.10167],[0.43053,45.10005],[0.43173,45.09915],[0.43635,45.09849],[0.43897,45.09547],[0.43672,45.09334],[0.43387,45.09014],[0.43273,45.08849],[0.43282,45.08592],[0.43239,45.08407],[0.43342,45.08261],[0.43736,45.07911],[0.43572,45.0774],[0.43255,45.07617],[0.42952,45.07465],[0.42329,45.07215],[0.42232,45.07039],[0.41915,45.06928],[0.41579,45.06909],[0.41142,45.06933],[0.40985,45.06992],[0.40877,45.06945],[0.40592,45.07001],[0.40316,45.06943],[0.40214,45.06831],[0.39662,45.06779],[0.39532,45.067],[0.39262,45.06881],[0.39252,45.07136],[0.38784,45.07392],[0.38344,45.07573],[0.38324,45.0769]]]}},{"type":"Feature","id":"fr-commune-24158","properties":{"id":"fr-commune-24158","name":"Dussac","kind":"commune","center":[1.0727,45.3905],"code":"24158","department":"24"},"bbox":[1.03365,45.36438,1.11172,45.41723],"geometry":{"type":"Polygon","coordinates":[[[1.09089,45.37066],[1.08743,45.36999],[1.08464,45.37067],[1.08191,45.37253],[1.07823,45.37443],[1.07648,45.37453],[1.07353,45.37529],[1.07188,45.37477],[1.06936,45.3746],[1.07229,45.37209],[1.07222,45.37133],[1.07335,45.37026],[1.07168,45.36808],[1.06954,45.36438],[1.06725,45.36728],[1.06651,45.36971],[1.06345,45.37376],[1.06255,45.37692],[1.06277,45.37905],[1.06217,45.37978],[1.06262,45.38254],[1.0587,45.3826],[1.05258,45.38318],[1.05091,45.38296],[1.04702,45.38377],[1.04076,45.38293],[1.04043,45.38174],[1.03951,45.38123],[1.03665,45.38082],[1.03365,45.38085],[1.03413,45.38338],[1.0354,45.38668],[1.0345,45.38777],[1.03409,45.39379],[1.03422,45.39492],[1.03955,45.39635],[1.04259,45.39627],[1.04233,45.39918],[1.04411,45.39917],[1.0459,45.40104],[1.04857,45.40319],[1.04924,45.40307],[1.04956,45.40544],[1.05201,45.40554],[1.05263,45.40761],[1.05177,45.40895],[1.04839,45.4106],[1.04794,45.41191],[1.04526,45.41326],[1.04452,45.41409],[1.04609,45.41515],[1.04842,45.41606],[1.05153,45.4166],[1.05257,45.41623],[1.05819,45.41575],[1.06233,45.41479],[1.0661,45.41453],[1.06713,45.41483],[1.0709,45.41679],[1.07192,45.417],[1.07375,45.41652],[1.07513,45.41675],[1.0763,45.4161],[1.07691,45.41467],[1.08198,45.41571],[1.08502,45.41602],[1.08833,45.41723],[1.08972,45.41707],[1.09242,45.4159],[1.09769,45.41471],[1.09924,45.41419],[1.10201,45.41252],[1.10498,45.41207],[1.10735,45.41082],[1.10837,45.40962],[1.1104,45.4086],[1.11172,45.40636],[1.11076,45.40415],[1.11171,45.40331],[1.11169,45.39952],[1.10778,45.39895],[1.10572,45.39994],[1.10492,45.39943],[1.10299,45.39937],[1.10403,45.39696],[1.10322,45.39583],[1.10311,45.394],[1.10044,45.39218],[1.09433,45.3887],[1.0935,45.38836],[1.09414,45.38498],[1.09638,45.38373],[1.0968,45.38259],[1.09802,45.38186],[1.09781,45.38003],[1.097,45.37984],[1.09351,45.37752],[1.09434,45.37607],[1.09258,45.37468],[1.09135,45.37298],[1.08917,45.37359],[1.0863,45.37236],[1.08775,45.37103],[1.09089,45.37066]]]}},{"type":"Feature","id":"fr-commune-24159","properties":{"id":"fr-commune-24159","name":"Échourgnac","kind":"commune","center":[0.2271,45.1336],"code":"24159","department":"24"},"bbox":[0.17877,45.0938,0.27534,45.17337],"geometry":{"type":"Polygon","coordinates":[[[0.19364,45.16382],[0.19589,45.16472],[0.19765,45.16579],[0.20042,45.16657],[0.20149,45.1665],[0.20505,45.16887],[0.20749,45.16979],[0.21067,45.17212],[0.21486,45.17135],[0.21696,45.17153],[0.21699,45.1722],[0.22285,45.17271],[0.22571,45.17337],[0.22697,45.17277],[0.22902,45.17315],[0.22869,45.17119],[0.22954,45.16993],[0.23064,45.16946],[0.23102,45.16813],[0.2326,45.16744],[0.23262,45.16537],[0.23159,45.16397],[0.22983,45.16337],[0.22798,45.164],[0.22694,45.16231],[0.22513,45.16232],[0.22433,45.16153],[0.2221,45.16053],[0.22079,45.15913],[0.21852,45.15787],[0.21511,45.15699],[0.21387,45.15564],[0.2124,45.15494],[0.2099,45.15309],[0.20944,45.15127],[0.21277,45.1503],[0.21789,45.14923],[0.21993,45.14859],[0.21829,45.14552],[0.21841,45.14342],[0.22318,45.14296],[0.22507,45.14247],[0.22871,45.14302],[0.23287,45.14302],[0.23656,45.14477],[0.23874,45.1453],[0.23909,45.14328],[0.23759,45.14079],[0.23872,45.13799],[0.24251,45.13614],[0.2442,45.13603],[0.24671,45.13652],[0.2513,45.13664],[0.25226,45.13594],[0.25786,45.13891],[0.25928,45.13815],[0.26499,45.1376],[0.26583,45.13651],[0.268,45.13534],[0.27038,45.13219],[0.27534,45.13247],[0.27321,45.12961],[0.27033,45.12691],[0.27077,45.12079],[0.27131,45.11952],[0.27204,45.11358],[0.2721,45.11127],[0.26291,45.10974],[0.26352,45.10729],[0.256,45.10898],[0.25431,45.10891],[0.24986,45.10715],[0.2469,45.10498],[0.24635,45.10332],[0.24343,45.1023],[0.2426,45.10086],[0.23967,45.09885],[0.23416,45.0982],[0.2352,45.09587],[0.23561,45.09394],[0.23369,45.09448],[0.23199,45.0938],[0.22849,45.09391],[0.22523,45.09426],[0.22153,45.0955],[0.21737,45.09632],[0.21533,45.09807],[0.21376,45.09847],[0.21195,45.10018],[0.20867,45.09982],[0.20343,45.0983],[0.19908,45.09832],[0.19858,45.1014],[0.20218,45.10427],[0.20259,45.10565],[0.1995,45.10923],[0.1995,45.11149],[0.19641,45.11314],[0.19475,45.11306],[0.19401,45.11367],[0.19112,45.11397],[0.18939,45.11766],[0.18799,45.11913],[0.18699,45.11943],[0.18608,45.12094],[0.18758,45.12497],[0.18777,45.1292],[0.18825,45.1325],[0.18745,45.1348],[0.18749,45.13699],[0.18885,45.13987],[0.18874,45.14239],[0.18825,45.14333],[0.17877,45.14606],[0.18201,45.15046],[0.18495,45.15305],[0.1851,45.15362],[0.18709,45.15409],[0.19112,45.15706],[0.19531,45.15805],[0.19586,45.1618],[0.19364,45.16382]]]}},{"type":"Feature","id":"fr-commune-24160","properties":{"id":"fr-commune-24160","name":"Église-Neuve-de-Vergt","kind":"commune","center":[0.732,45.0945],"code":"24160","department":"24"},"bbox":[0.7105,45.07317,0.75353,45.11499],"geometry":{"type":"Polygon","coordinates":[[[0.73175,45.07599],[0.73034,45.07628],[0.72724,45.07628],[0.72406,45.07697],[0.72207,45.07699],[0.71877,45.0759],[0.71874,45.07675],[0.71768,45.07905],[0.71722,45.08114],[0.7182,45.08525],[0.71544,45.08509],[0.71309,45.08535],[0.71157,45.08504],[0.7105,45.08929],[0.71348,45.088],[0.71626,45.0884],[0.71843,45.08793],[0.71741,45.09083],[0.7159,45.09232],[0.71619,45.09397],[0.71751,45.09516],[0.71944,45.09901],[0.71969,45.10059],[0.71919,45.1022],[0.72018,45.10297],[0.72074,45.10429],[0.72237,45.10594],[0.72318,45.10793],[0.72352,45.11301],[0.72409,45.11452],[0.7258,45.11499],[0.72777,45.1066],[0.72805,45.10462],[0.73134,45.10078],[0.73496,45.1001],[0.74261,45.10091],[0.74287,45.09891],[0.74546,45.09627],[0.74602,45.09502],[0.74629,45.09227],[0.74747,45.08926],[0.74804,45.08855],[0.7514,45.08602],[0.7527,45.08327],[0.75206,45.08226],[0.75353,45.07994],[0.75265,45.07817],[0.75174,45.07452],[0.74897,45.07403],[0.74626,45.07321],[0.7446,45.07317],[0.74314,45.07445],[0.74093,45.07491],[0.73775,45.07598],[0.73503,45.0758],[0.73175,45.07599]]]}},{"type":"Feature","id":"fr-commune-24161","properties":{"id":"fr-commune-24161","name":"Église-Neuve-d'Issac","kind":"commune","center":[0.432,44.9794],"code":"24161","department":"24"},"bbox":[0.40191,44.94764,0.46215,45.01121],"geometry":{"type":"Polygon","coordinates":[[[0.42583,44.94764],[0.42559,44.94893],[0.42468,44.95003],[0.42294,44.95102],[0.42005,44.95216],[0.4189,44.95335],[0.42148,44.95525],[0.42016,44.9568],[0.41939,44.95902],[0.41771,44.95959],[0.41567,44.96226],[0.41189,44.96649],[0.40925,44.96765],[0.40514,44.96899],[0.40405,44.9718],[0.40436,44.97432],[0.40207,44.97651],[0.40244,44.97678],[0.40191,44.98101],[0.4045,44.98193],[0.40433,44.98377],[0.40476,44.99004],[0.4052,44.99302],[0.40466,44.99452],[0.40931,45.00126],[0.40988,45.0033],[0.40934,45.00439],[0.4114,45.00792],[0.41107,45.01049],[0.41198,45.01121],[0.41196,45.01047],[0.41455,45.00845],[0.41712,45.00718],[0.41977,45.00536],[0.42266,45.00393],[0.42694,45.00243],[0.4297,45.00232],[0.43253,45.00146],[0.43353,45.00157],[0.43527,45.00083],[0.43615,44.99881],[0.43751,44.99798],[0.43803,44.9955],[0.44103,44.99371],[0.44408,44.99313],[0.44769,44.99302],[0.44822,44.99227],[0.45182,44.98951],[0.4533,44.98915],[0.45173,44.98634],[0.45465,44.98517],[0.45592,44.9855],[0.45874,44.98391],[0.46134,44.98381],[0.46215,44.98142],[0.4617,44.97588],[0.46007,44.97464],[0.46139,44.97408],[0.46089,44.9723],[0.45877,44.97264],[0.45798,44.97112],[0.45557,44.97042],[0.45423,44.96902],[0.45198,44.96838],[0.44788,44.9676],[0.44587,44.96842],[0.44361,44.96688],[0.44253,44.96751],[0.43932,44.96702],[0.43482,44.96678],[0.4317,44.96636],[0.43134,44.96472],[0.42954,44.96339],[0.42866,44.96087],[0.42707,44.96027],[0.42603,44.95916],[0.42484,44.9587],[0.42287,44.9554],[0.42384,44.95478],[0.42868,44.95556],[0.43403,44.95551],[0.43347,44.95246],[0.43142,44.94978],[0.42583,44.94764]]]}},{"type":"Feature","id":"fr-commune-24162","properties":{"id":"fr-commune-24162","name":"Escoire","kind":"commune","center":[0.8542,45.2067],"code":"24162","department":"24"},"bbox":[0.83453,45.1952,0.87397,45.2183],"geometry":{"type":"Polygon","coordinates":[[[0.83996,45.1952],[0.83776,45.19567],[0.83715,45.19679],[0.83798,45.19725],[0.83974,45.1968],[0.84008,45.1981],[0.83774,45.19933],[0.83687,45.20035],[0.83684,45.20193],[0.83468,45.20362],[0.83453,45.20686],[0.83521,45.20899],[0.83616,45.21042],[0.83928,45.21275],[0.84128,45.21326],[0.84097,45.21474],[0.8391,45.21524],[0.83811,45.21612],[0.83806,45.21737],[0.83914,45.21782],[0.84381,45.2183],[0.84535,45.21499],[0.8481,45.21318],[0.84991,45.21271],[0.8558,45.21271],[0.86227,45.2135],[0.86459,45.21523],[0.86541,45.21643],[0.86543,45.21801],[0.87397,45.21328],[0.86946,45.21118],[0.86649,45.20792],[0.86355,45.20652],[0.86099,45.20442],[0.85959,45.20286],[0.85699,45.20202],[0.8549,45.20063],[0.85163,45.19963],[0.84733,45.19927],[0.84632,45.1984],[0.84475,45.19789],[0.84315,45.19648],[0.84088,45.19587],[0.83996,45.1952]]]}},{"type":"Feature","id":"fr-commune-24163","properties":{"id":"fr-commune-24163","name":"Étouars","kind":"commune","center":[0.6148,45.6087],"code":"24163","department":"24"},"bbox":[0.58947,45.59268,0.64043,45.62474],"geometry":{"type":"Polygon","coordinates":[[[0.6386,45.60141],[0.63839,45.60078],[0.63598,45.59962],[0.63394,45.59911],[0.63037,45.59695],[0.62837,45.59787],[0.62546,45.59833],[0.62087,45.59824],[0.61995,45.59793],[0.61753,45.5954],[0.61597,45.59268],[0.61323,45.5951],[0.61074,45.59677],[0.60846,45.59756],[0.60518,45.59815],[0.60034,45.59817],[0.59736,45.59854],[0.59585,45.6003],[0.59581,45.60211],[0.5964,45.60343],[0.59839,45.60553],[0.59533,45.60791],[0.59348,45.60793],[0.5909,45.6094],[0.58949,45.60942],[0.58947,45.61121],[0.59138,45.61155],[0.59307,45.61292],[0.59641,45.6146],[0.59753,45.6145],[0.60003,45.61634],[0.60083,45.61641],[0.60178,45.61837],[0.60489,45.6184],[0.60647,45.62051],[0.61012,45.62338],[0.61115,45.62372],[0.61467,45.62383],[0.61666,45.62361],[0.62046,45.62467],[0.62266,45.62428],[0.62317,45.62474],[0.62567,45.62295],[0.62706,45.62163],[0.62746,45.61874],[0.62873,45.61774],[0.6287,45.61665],[0.63262,45.61522],[0.63691,45.61754],[0.63795,45.61744],[0.64043,45.61571],[0.63505,45.61358],[0.62921,45.61086],[0.63603,45.60951],[0.6366,45.60778],[0.63669,45.60425],[0.6386,45.60141]]]}},{"type":"Feature","id":"fr-commune-24164","properties":{"id":"fr-commune-24164","name":"Excideuil","kind":"commune","center":[1.0602,45.3296],"code":"24164","department":"24"},"bbox":[1.03913,45.31497,1.0813,45.3443],"geometry":{"type":"Polygon","coordinates":[[[1.04219,45.34275],[1.04557,45.3443],[1.0462,45.34333],[1.04771,45.34424],[1.05038,45.34327],[1.05177,45.34322],[1.05255,45.34081],[1.05455,45.33904],[1.05695,45.33806],[1.0569,45.33723],[1.06127,45.3372],[1.06619,45.33653],[1.06974,45.33631],[1.07141,45.33454],[1.07558,45.33335],[1.07651,45.33188],[1.08014,45.32777],[1.08118,45.32478],[1.08069,45.32344],[1.0813,45.32225],[1.0785,45.32091],[1.07928,45.31968],[1.07702,45.31832],[1.07467,45.31497],[1.07308,45.31523],[1.07071,45.31689],[1.06899,45.31728],[1.06187,45.31816],[1.06165,45.31846],[1.05939,45.31989],[1.056,45.32307],[1.05421,45.32386],[1.05136,45.32612],[1.05065,45.32737],[1.04916,45.32849],[1.04843,45.32967],[1.04602,45.33165],[1.04387,45.33266],[1.04467,45.33532],[1.04435,45.3365],[1.04244,45.33735],[1.03962,45.33791],[1.03913,45.33841],[1.04088,45.33945],[1.04186,45.34138],[1.04338,45.34189],[1.04219,45.34275]]]}},{"type":"Feature","id":"fr-commune-24165","properties":{"id":"fr-commune-24165","name":"Eygurande-et-Gardedeuil","kind":"commune","center":[0.1167,45.0788],"code":"24165","department":"24"},"bbox":[0.07152,45.03686,0.16185,45.12094],"geometry":{"type":"Polygon","coordinates":[[[0.07329,45.07012],[0.07239,45.07264],[0.072,45.07484],[0.07152,45.07639],[0.07358,45.07821],[0.0774,45.08099],[0.07802,45.08292],[0.07784,45.08494],[0.08109,45.08618],[0.08367,45.08772],[0.08938,45.08906],[0.09163,45.09127],[0.09538,45.09222],[0.09823,45.09243],[0.09993,45.09223],[0.10428,45.09275],[0.10758,45.09373],[0.1083,45.09456],[0.11069,45.09572],[0.11351,45.098],[0.11436,45.09809],[0.11611,45.09984],[0.11615,45.10179],[0.11836,45.10385],[0.11948,45.10605],[0.1208,45.10709],[0.12259,45.10774],[0.12443,45.10944],[0.12596,45.11323],[0.12719,45.1151],[0.12761,45.11784],[0.12994,45.1201],[0.13623,45.12044],[0.13975,45.11992],[0.14239,45.11994],[0.14588,45.12094],[0.14774,45.12052],[0.14795,45.11929],[0.14887,45.11815],[0.14944,45.1162],[0.14936,45.11478],[0.14784,45.11438],[0.14833,45.11297],[0.14937,45.11253],[0.15122,45.11089],[0.15521,45.10998],[0.15685,45.11084],[0.15957,45.10647],[0.15883,45.10555],[0.15949,45.10254],[0.15929,45.10139],[0.15787,45.10019],[0.15812,45.09835],[0.16096,45.0997],[0.16181,45.09875],[0.16009,45.09695],[0.16025,45.09417],[0.15944,45.09316],[0.15949,45.09185],[0.16047,45.08993],[0.16185,45.08811],[0.16121,45.08397],[0.15749,45.08415],[0.15395,45.08508],[0.15104,45.08494],[0.14741,45.08514],[0.14584,45.0847],[0.14546,45.08183],[0.14621,45.08162],[0.14668,45.08],[0.14793,45.07895],[0.15009,45.07976],[0.1512,45.07976],[0.15476,45.07903],[0.15542,45.07743],[0.15424,45.07612],[0.15453,45.07368],[0.15432,45.07108],[0.15285,45.06846],[0.15018,45.06517],[0.14944,45.06381],[0.14887,45.06167],[0.14803,45.06039],[0.14789,45.05883],[0.14989,45.05608],[0.15028,45.05489],[0.14832,45.05509],[0.14686,45.05431],[0.14468,45.05491],[0.14318,45.05208],[0.14253,45.05001],[0.14342,45.04946],[0.14181,45.04818],[0.1394,45.04682],[0.13876,45.0472],[0.13594,45.0472],[0.13344,45.04688],[0.13218,45.04922],[0.12916,45.04955],[0.12567,45.04959],[0.12429,45.05082],[0.1225,45.05098],[0.12229,45.05241],[0.11982,45.05295],[0.11753,45.05284],[0.11544,45.05216],[0.11612,45.05129],[0.11595,45.05],[0.11191,45.04866],[0.11222,45.04801],[0.11107,45.04713],[0.10946,45.04697],[0.1086,45.04565],[0.10871,45.04437],[0.1096,45.04396],[0.10998,45.04151],[0.10868,45.04037],[0.10882,45.03895],[0.10832,45.03699],[0.10555,45.03686],[0.1054,45.03762],[0.10375,45.0393],[0.10296,45.04124],[0.10155,45.0433],[0.10071,45.04834],[0.09586,45.04946],[0.09636,45.05125],[0.09493,45.05171],[0.09468,45.05333],[0.09534,45.05433],[0.09511,45.05535],[0.09125,45.055],[0.08941,45.05526],[0.08474,45.05519],[0.08122,45.05565],[0.08164,45.05734],[0.08051,45.06012],[0.07878,45.06274],[0.07712,45.0641],[0.07662,45.06706],[0.07582,45.06711],[0.07329,45.07012]]]}},{"type":"Feature","id":"fr-commune-24167","properties":{"id":"fr-commune-24167","name":"Eymet","kind":"commune","center":[0.4001,44.6762],"code":"24167","department":"24"},"bbox":[0.34809,44.64508,0.45203,44.70722],"geometry":{"type":"Polygon","coordinates":[[[0.41719,44.64521],[0.4169,44.64508],[0.41465,44.64624],[0.41348,44.64768],[0.41228,44.64723],[0.40911,44.64888],[0.405,44.64982],[0.40337,44.65047],[0.40062,44.65049],[0.3996,44.65163],[0.39722,44.65194],[0.39426,44.65317],[0.39358,44.65396],[0.39205,44.65435],[0.39128,44.6539],[0.38616,44.65588],[0.38435,44.65573],[0.3809,44.65455],[0.38011,44.65479],[0.37859,44.65365],[0.37621,44.65287],[0.37446,44.65321],[0.37285,44.65449],[0.37108,44.65728],[0.37093,44.6591],[0.36965,44.65914],[0.36895,44.66102],[0.36622,44.66212],[0.36423,44.66157],[0.36316,44.66177],[0.36148,44.66083],[0.36016,44.65956],[0.35879,44.65918],[0.3586,44.65826],[0.35674,44.65638],[0.35497,44.65598],[0.3554,44.65515],[0.35247,44.65445],[0.35193,44.65696],[0.34924,44.65986],[0.34946,44.66104],[0.3488,44.66285],[0.34809,44.66295],[0.35004,44.66709],[0.34873,44.66999],[0.34932,44.67035],[0.35051,44.67302],[0.34996,44.67455],[0.35005,44.67678],[0.3509,44.67809],[0.35238,44.67826],[0.3534,44.67925],[0.35452,44.68125],[0.35661,44.68358],[0.35748,44.6841],[0.35707,44.68517],[0.35904,44.6895],[0.35963,44.69017],[0.35941,44.69144],[0.36098,44.6934],[0.36391,44.69296],[0.36277,44.6949],[0.36555,44.69715],[0.36661,44.69908],[0.37042,44.70068],[0.37069,44.70179],[0.37333,44.70255],[0.3734,44.70407],[0.3743,44.70481],[0.37395,44.70601],[0.37487,44.70722],[0.37842,44.70708],[0.38199,44.70643],[0.38352,44.70588],[0.38313,44.70489],[0.38835,44.70246],[0.39136,44.7023],[0.39634,44.70062],[0.40543,44.69677],[0.40651,44.69699],[0.4098,44.69257],[0.41235,44.69042],[0.41385,44.69011],[0.41634,44.68893],[0.41873,44.6867],[0.42145,44.68588],[0.42342,44.68593],[0.42455,44.68407],[0.42474,44.68305],[0.42407,44.67995],[0.42419,44.67901],[0.42551,44.67859],[0.42868,44.67989],[0.43072,44.67926],[0.4292,44.67696],[0.42871,44.67477],[0.43,44.6733],[0.43133,44.66976],[0.43212,44.66892],[0.43395,44.66841],[0.43481,44.66612],[0.43653,44.66329],[0.44219,44.6633],[0.44504,44.66303],[0.44701,44.66221],[0.4488,44.66096],[0.44977,44.65906],[0.45041,44.65885],[0.45203,44.6557],[0.44662,44.65409],[0.44552,44.65296],[0.44565,44.65225],[0.44026,44.65124],[0.43885,44.65199],[0.43517,44.65244],[0.43203,44.6509],[0.43142,44.6512],[0.42688,44.65062],[0.42389,44.64897],[0.42106,44.64792],[0.41931,44.64682],[0.41721,44.64609],[0.41719,44.64521]]]}},{"type":"Feature","id":"fr-commune-24168","properties":{"id":"fr-commune-24168","name":"Plaisance","kind":"commune","center":[0.5596,44.6962],"code":"24168","department":"24"},"bbox":[0.52163,44.66459,0.59767,44.72789],"geometry":{"type":"Polygon","coordinates":[[[0.53459,44.72304],[0.5368,44.72284],[0.54047,44.72483],[0.54138,44.72629],[0.5434,44.72766],[0.54543,44.72789],[0.54741,44.72664],[0.54941,44.72666],[0.55149,44.72371],[0.55599,44.72166],[0.55984,44.71888],[0.56083,44.71878],[0.56189,44.72046],[0.56162,44.72147],[0.56436,44.72223],[0.56708,44.72196],[0.56862,44.72219],[0.57245,44.72489],[0.57491,44.72583],[0.57947,44.72609],[0.58081,44.72563],[0.58139,44.72421],[0.58417,44.72313],[0.58509,44.7218],[0.58353,44.72049],[0.58212,44.72023],[0.58208,44.71879],[0.58138,44.71813],[0.5832,44.71751],[0.58117,44.71509],[0.58053,44.7148],[0.58141,44.71298],[0.58379,44.71237],[0.58453,44.71142],[0.58624,44.71176],[0.58965,44.71184],[0.59021,44.71128],[0.59767,44.7095],[0.59694,44.70761],[0.5969,44.70606],[0.59631,44.70456],[0.59546,44.70404],[0.59459,44.70249],[0.59466,44.69908],[0.59242,44.69834],[0.59125,44.69696],[0.58908,44.69729],[0.58784,44.69834],[0.58543,44.69923],[0.58395,44.69825],[0.58347,44.6969],[0.58105,44.69485],[0.57726,44.69403],[0.57477,44.69115],[0.57413,44.68947],[0.5747,44.68902],[0.57436,44.68719],[0.57486,44.68583],[0.57463,44.68413],[0.57148,44.67691],[0.57113,44.67522],[0.57032,44.67425],[0.56717,44.67149],[0.56484,44.67243],[0.56304,44.67255],[0.55959,44.67112],[0.55832,44.67096],[0.55678,44.67007],[0.5547,44.66949],[0.5533,44.66596],[0.55076,44.66606],[0.54732,44.66528],[0.54633,44.66459],[0.54424,44.66538],[0.54066,44.66515],[0.53873,44.66663],[0.5389,44.66904],[0.53782,44.66997],[0.53605,44.67265],[0.53603,44.67409],[0.53438,44.67424],[0.53175,44.67615],[0.52929,44.67718],[0.52776,44.67853],[0.52587,44.67862],[0.52545,44.67747],[0.52422,44.67755],[0.52163,44.67857],[0.52185,44.68279],[0.52315,44.68415],[0.52258,44.68488],[0.52381,44.68623],[0.52348,44.68867],[0.52674,44.68805],[0.52869,44.68679],[0.5294,44.68558],[0.53295,44.68673],[0.53371,44.6884],[0.53205,44.69023],[0.5319,44.69298],[0.53069,44.69514],[0.52996,44.69572],[0.53052,44.69687],[0.52987,44.69862],[0.52802,44.70064],[0.52692,44.70136],[0.5261,44.70303],[0.52679,44.70438],[0.52631,44.70763],[0.52693,44.70991],[0.52681,44.71311],[0.53072,44.71592],[0.53112,44.71751],[0.53317,44.72078],[0.53469,44.72161],[0.53459,44.72304]]]}},{"type":"Feature","id":"fr-commune-24171","properties":{"id":"fr-commune-24171","name":"Eyzerac","kind":"commune","center":[0.9026,45.3885],"code":"24171","department":"24"},"bbox":[0.86952,45.36879,0.93563,45.40779],"geometry":{"type":"Polygon","coordinates":[[[0.93563,45.39547],[0.93328,45.39341],[0.93285,45.39214],[0.93128,45.39143],[0.93099,45.38944],[0.9276,45.38435],[0.92762,45.38167],[0.92325,45.37988],[0.92221,45.3784],[0.91849,45.3767],[0.91232,45.37739],[0.90458,45.37707],[0.9024,45.37709],[0.89572,45.37539],[0.89077,45.37458],[0.88921,45.37479],[0.88618,45.37437],[0.88508,45.37464],[0.88385,45.37384],[0.88185,45.37339],[0.87695,45.3705],[0.87488,45.36879],[0.87285,45.37014],[0.87136,45.37187],[0.87086,45.37347],[0.87001,45.37407],[0.86952,45.37676],[0.87069,45.37815],[0.86988,45.37982],[0.86989,45.38148],[0.87283,45.38588],[0.87457,45.38733],[0.87713,45.39035],[0.87886,45.39188],[0.88517,45.39611],[0.88743,45.39787],[0.88964,45.39902],[0.89105,45.40031],[0.89761,45.39611],[0.90266,45.3953],[0.90373,45.39723],[0.90504,45.39809],[0.90726,45.3988],[0.91184,45.4007],[0.91377,45.40214],[0.91476,45.40382],[0.91572,45.40327],[0.91658,45.40165],[0.91759,45.40069],[0.9201,45.40076],[0.92198,45.40169],[0.92238,45.40267],[0.92512,45.40384],[0.92568,45.40448],[0.92583,45.40771],[0.92725,45.40779],[0.92908,45.40616],[0.92961,45.40503],[0.9296,45.40309],[0.92912,45.40108],[0.9298,45.39998],[0.9324,45.39895],[0.93491,45.39665],[0.93563,45.39547]]]}},{"type":"Feature","id":"fr-commune-24172","properties":{"id":"fr-commune-24172","name":"Les Eyzies","kind":"commune","center":[1.0352,44.9396],"code":"24172","department":"24"},"bbox":[0.95367,44.90041,1.11672,44.97894],"geometry":{"type":"Polygon","coordinates":[[[0.99711,44.91758],[0.99642,44.91895],[0.99434,44.91971],[0.99274,44.92102],[0.99228,44.92218],[0.99081,44.92361],[0.98898,44.92459],[0.98841,44.92594],[0.98667,44.9259],[0.98259,44.92633],[0.98093,44.92602],[0.97723,44.92397],[0.97529,44.9216],[0.97431,44.91869],[0.97341,44.91808],[0.96658,44.91641],[0.96514,44.9159],[0.96453,44.91619],[0.96096,44.91953],[0.95981,44.92227],[0.96002,44.92426],[0.96084,44.9263],[0.96049,44.92725],[0.96087,44.92862],[0.96186,44.92984],[0.96164,44.93165],[0.95916,44.93332],[0.95756,44.93609],[0.95498,44.93876],[0.95622,44.94225],[0.95606,44.94593],[0.95473,44.94783],[0.95434,44.95002],[0.95367,44.95166],[0.95555,44.95325],[0.95779,44.95247],[0.95716,44.9507],[0.95896,44.95122],[0.95989,44.95347],[0.96136,44.95404],[0.96341,44.95308],[0.96357,44.95469],[0.96254,44.95701],[0.96238,44.9595],[0.96107,44.96143],[0.962,44.96378],[0.96446,44.96384],[0.96654,44.96441],[0.96823,44.96633],[0.9688,44.96934],[0.97036,44.97044],[0.97321,44.97305],[0.9739,44.97348],[0.97979,44.97531],[0.98218,44.97675],[0.98412,44.97857],[0.98745,44.97801],[0.9886,44.97894],[0.99144,44.97805],[0.99279,44.97816],[0.9941,44.97747],[0.99621,44.97728],[0.99747,44.97588],[0.99975,44.97723],[1.00564,44.97757],[1.00855,44.97706],[1.01033,44.97729],[1.0103,44.97499],[1.01135,44.97365],[1.01194,44.97129],[1.01386,44.96808],[1.01403,44.96647],[1.01592,44.96445],[1.01754,44.96376],[1.01956,44.96431],[1.02174,44.96329],[1.02383,44.96322],[1.0243,44.96049],[1.0249,44.95943],[1.02628,44.95837],[1.02832,44.95741],[1.03088,44.95522],[1.03086,44.95377],[1.02862,44.95138],[1.02897,44.94779],[1.03047,44.94587],[1.03118,44.94633],[1.03337,44.94457],[1.03815,44.94563],[1.03904,44.94434],[1.0421,44.9454],[1.04314,44.94677],[1.04554,44.94701],[1.05127,44.94671],[1.05157,44.94795],[1.05281,44.9491],[1.05279,44.95101],[1.05503,44.95192],[1.05712,44.9548],[1.05819,44.95553],[1.0632,44.95694],[1.06609,44.95859],[1.06673,44.95934],[1.06851,44.9596],[1.07065,44.96041],[1.07065,44.96122],[1.07444,44.96464],[1.07486,44.96635],[1.07987,44.96436],[1.08024,44.96322],[1.08315,44.96255],[1.08385,44.96167],[1.08782,44.96049],[1.08569,44.95847],[1.08603,44.95765],[1.08289,44.95342],[1.08283,44.95022],[1.08013,44.94756],[1.07992,44.9469],[1.08571,44.94575],[1.08951,44.94454],[1.09263,44.94457],[1.09571,44.94418],[1.09902,44.94282],[1.10185,44.94342],[1.10325,44.94201],[1.10417,44.93999],[1.1061,44.93966],[1.11094,44.93646],[1.11395,44.93528],[1.11672,44.93266],[1.11236,44.92898],[1.11123,44.9277],[1.11084,44.9259],[1.11135,44.92409],[1.1104,44.92174],[1.10838,44.92027],[1.10851,44.91842],[1.10783,44.91717],[1.10618,44.91658],[1.10164,44.91709],[1.09762,44.91963],[1.09544,44.9202],[1.09058,44.92106],[1.08571,44.92228],[1.08277,44.9236],[1.08097,44.92369],[1.07889,44.92439],[1.07762,44.92607],[1.07509,44.92716],[1.07329,44.92944],[1.07276,44.93094],[1.07029,44.93196],[1.06582,44.93118],[1.0636,44.92978],[1.06401,44.92857],[1.06165,44.9263],[1.05894,44.92587],[1.05814,44.92644],[1.05598,44.92569],[1.0552,44.92481],[1.05107,44.9244],[1.0483,44.92439],[1.04491,44.92319],[1.04563,44.92157],[1.04551,44.9206],[1.04301,44.91762],[1.04076,44.91765],[1.04085,44.9159],[1.03898,44.91484],[1.03793,44.9137],[1.03622,44.91361],[1.03589,44.91218],[1.0331,44.91097],[1.03172,44.91153],[1.03071,44.91413],[1.02929,44.9117],[1.02894,44.91014],[1.02712,44.90706],[1.02743,44.9056],[1.02711,44.9039],[1.02629,44.90295],[1.02416,44.90041],[1.02215,44.90074],[1.02,44.90225],[1.01697,44.90209],[1.01503,44.90261],[1.01321,44.90374],[1.01089,44.90427],[1.00743,44.90389],[1.00563,44.9046],[1.00504,44.90534],[1.00439,44.90842],[1.00205,44.91101],[1.00186,44.91197],[1.00042,44.91454],[0.9981,44.91608],[0.99711,44.91758]]]}},{"type":"Feature","id":"fr-commune-24174","properties":{"id":"fr-commune-24174","name":"Fanlac","kind":"commune","center":[1.0944,45.0731],"code":"24174","department":"24"},"bbox":[1.06349,45.05062,1.12287,45.09555],"geometry":{"type":"Polygon","coordinates":[[[1.07049,45.05302],[1.06849,45.0545],[1.06514,45.05516],[1.06612,45.05765],[1.06678,45.06063],[1.0658,45.06177],[1.06423,45.07045],[1.06467,45.0724],[1.06472,45.07743],[1.06349,45.0795],[1.06709,45.07933],[1.06899,45.08122],[1.07029,45.08304],[1.07388,45.08454],[1.07709,45.08461],[1.08017,45.08298],[1.08668,45.0828],[1.08807,45.08153],[1.0925,45.0802],[1.09563,45.08246],[1.09891,45.08275],[1.10179,45.08341],[1.10006,45.08777],[1.1025,45.09251],[1.1057,45.09547],[1.10603,45.09555],[1.10799,45.09504],[1.11055,45.09229],[1.11112,45.08892],[1.1138,45.08565],[1.11473,45.08267],[1.11484,45.08129],[1.11651,45.07595],[1.12023,45.07406],[1.12011,45.0733],[1.12287,45.07152],[1.12195,45.07061],[1.11813,45.06796],[1.11944,45.06577],[1.11898,45.064],[1.11818,45.06281],[1.11898,45.06201],[1.12015,45.05872],[1.12105,45.05691],[1.12076,45.05433],[1.1193,45.05314],[1.11552,45.05243],[1.11384,45.05171],[1.11258,45.05158],[1.11219,45.05271],[1.10915,45.0529],[1.10844,45.05388],[1.10691,45.05378],[1.10426,45.05475],[1.10465,45.05303],[1.10395,45.05062],[1.10217,45.05194],[1.10137,45.05359],[1.09989,45.05297],[1.09881,45.05459],[1.09692,45.05597],[1.0961,45.05524],[1.09418,45.05593],[1.09082,45.05477],[1.08661,45.05513],[1.08791,45.05214],[1.08275,45.05319],[1.0807,45.05416],[1.07984,45.05358],[1.07663,45.05477],[1.07436,45.05365],[1.07163,45.05402],[1.07049,45.05302]]]}},{"type":"Feature","id":"fr-commune-24175","properties":{"id":"fr-commune-24175","name":"Les Farges","kind":"commune","center":[1.1954,45.1144],"code":"24175","department":"24"},"bbox":[1.1731,45.09163,1.21799,45.13658],"geometry":{"type":"Polygon","coordinates":[[[1.21799,45.12662],[1.21482,45.12431],[1.21483,45.12265],[1.21424,45.12131],[1.2155,45.11987],[1.21053,45.11962],[1.19629,45.10421],[1.19443,45.0971],[1.19412,45.09648],[1.19089,45.09532],[1.18905,45.09364],[1.18795,45.09174],[1.18641,45.09205],[1.18305,45.09163],[1.18115,45.09251],[1.18133,45.09427],[1.1787,45.09583],[1.18039,45.0975],[1.17881,45.09778],[1.17907,45.10031],[1.1787,45.10282],[1.17722,45.10335],[1.17548,45.10493],[1.17715,45.10696],[1.17487,45.1068],[1.1731,45.10824],[1.17524,45.11001],[1.17901,45.11142],[1.18083,45.11254],[1.18092,45.11327],[1.18245,45.11456],[1.18227,45.11772],[1.18089,45.11819],[1.17949,45.12034],[1.18007,45.12211],[1.17632,45.12296],[1.17619,45.12398],[1.18091,45.12369],[1.18256,45.12436],[1.18356,45.12584],[1.18651,45.12676],[1.18942,45.12814],[1.1909,45.12912],[1.19327,45.12941],[1.19281,45.13098],[1.19419,45.13302],[1.19459,45.13489],[1.19362,45.1355],[1.19562,45.13658],[1.19703,45.13482],[1.19994,45.13342],[1.20243,45.13127],[1.20398,45.13043],[1.20891,45.12925],[1.21057,45.12863],[1.21437,45.12794],[1.21799,45.12662]]]}},{"type":"Feature","id":"fr-commune-24176","properties":{"id":"fr-commune-24176","name":"Faurilles","kind":"commune","center":[0.6866,44.7024],"code":"24176","department":"24"},"bbox":[0.66828,44.69081,0.70478,44.71399],"geometry":{"type":"Polygon","coordinates":[[[0.69622,44.70992],[0.69734,44.70965],[0.69959,44.70998],[0.70478,44.70673],[0.70427,44.70386],[0.70231,44.70213],[0.70177,44.6999],[0.70256,44.69965],[0.69885,44.69493],[0.69578,44.69144],[0.69394,44.69081],[0.69031,44.69192],[0.68822,44.69103],[0.68619,44.69486],[0.68187,44.69502],[0.68086,44.69575],[0.67855,44.69612],[0.67694,44.69743],[0.67335,44.69888],[0.66974,44.70084],[0.66828,44.70258],[0.6683,44.7038],[0.66945,44.70586],[0.67008,44.70577],[0.67158,44.70738],[0.67359,44.7087],[0.6742,44.70983],[0.67613,44.71145],[0.68005,44.71399],[0.68337,44.71237],[0.68504,44.71214],[0.6863,44.71048],[0.68796,44.70991],[0.69105,44.70621],[0.69219,44.70631],[0.6935,44.70906],[0.69487,44.70994],[0.69622,44.70992]]]}},{"type":"Feature","id":"fr-commune-24177","properties":{"id":"fr-commune-24177","name":"Faux-en-Périgord","kind":"commune","center":[0.6463,44.7853],"code":"24177","department":"24"},"bbox":[0.61339,44.76342,0.67865,44.80711],"geometry":{"type":"Polygon","coordinates":[[[0.61813,44.80711],[0.62137,44.80649],[0.62378,44.80566],[0.62525,44.80284],[0.62776,44.80356],[0.62995,44.80298],[0.63285,44.80309],[0.63458,44.80236],[0.63855,44.80319],[0.64221,44.80288],[0.64225,44.80399],[0.64712,44.80171],[0.64894,44.8013],[0.65061,44.80046],[0.65249,44.80115],[0.65437,44.80043],[0.65807,44.80045],[0.66394,44.79834],[0.66642,44.79814],[0.66856,44.79861],[0.67043,44.79802],[0.67435,44.79807],[0.67395,44.79605],[0.67512,44.796],[0.6757,44.79375],[0.67334,44.79128],[0.67303,44.78772],[0.67339,44.78572],[0.67445,44.7839],[0.67659,44.78192],[0.67865,44.78045],[0.67759,44.77983],[0.67734,44.77767],[0.6754,44.77648],[0.676,44.77281],[0.67653,44.77158],[0.67617,44.76939],[0.67683,44.76823],[0.67681,44.76653],[0.67088,44.7702],[0.66825,44.7692],[0.66462,44.76649],[0.66214,44.76342],[0.65954,44.76456],[0.65637,44.76536],[0.65195,44.76705],[0.64954,44.76701],[0.64436,44.76904],[0.64277,44.76907],[0.64105,44.7704],[0.64028,44.77095],[0.63683,44.77186],[0.63512,44.7727],[0.63247,44.77327],[0.63015,44.77426],[0.62682,44.77472],[0.62535,44.77621],[0.62365,44.77636],[0.62258,44.77728],[0.61907,44.77737],[0.61694,44.7779],[0.61553,44.77868],[0.61473,44.77793],[0.61339,44.77899],[0.61535,44.78044],[0.61586,44.78249],[0.61677,44.78267],[0.6185,44.78422],[0.6168,44.78513],[0.61654,44.78633],[0.61719,44.79058],[0.61707,44.79331],[0.61884,44.79517],[0.61747,44.79649],[0.61911,44.79797],[0.61805,44.80033],[0.61705,44.8012],[0.61745,44.80403],[0.6168,44.8052],[0.61813,44.80711]]]}},{"type":"Feature","id":"fr-commune-24179","properties":{"id":"fr-commune-24179","name":"La Feuillade","kind":"commune","center":[1.3956,45.1168],"code":"24179","department":"24"},"bbox":[1.37682,45.10509,1.41447,45.12856],"geometry":{"type":"Polygon","coordinates":[[[1.37742,45.11253],[1.37834,45.11368],[1.38155,45.11321],[1.38459,45.11357],[1.38559,45.11445],[1.39023,45.1146],[1.39138,45.11686],[1.39355,45.11951],[1.3931,45.12248],[1.39504,45.12345],[1.39639,45.12654],[1.39889,45.12691],[1.4014,45.12773],[1.4017,45.12856],[1.40821,45.1271],[1.41135,45.12601],[1.41311,45.12503],[1.41254,45.12392],[1.41309,45.12254],[1.41417,45.12178],[1.41447,45.12073],[1.41297,45.11663],[1.41218,45.11569],[1.41155,45.11356],[1.41041,45.11293],[1.4075,45.11253],[1.40582,45.11104],[1.40303,45.11007],[1.40153,45.10884],[1.40051,45.10892],[1.39597,45.10677],[1.39346,45.10617],[1.3904,45.10591],[1.38795,45.10602],[1.38576,45.10509],[1.38117,45.10612],[1.37861,45.10624],[1.37859,45.10796],[1.37952,45.11046],[1.37682,45.11153],[1.37742,45.11253]]]}},{"type":"Feature","id":"fr-commune-24180","properties":{"id":"fr-commune-24180","name":"Firbeix","kind":"commune","center":[0.9438,45.5915],"code":"24180","department":"24"},"bbox":[0.89372,45.56766,0.99366,45.61524],"geometry":{"type":"Polygon","coordinates":[[[0.89372,45.60101],[0.89524,45.60131],[0.89816,45.6],[0.90098,45.6013],[0.90142,45.60232],[0.90065,45.60351],[0.90178,45.60478],[0.90422,45.60578],[0.90702,45.60868],[0.90914,45.60748],[0.91034,45.60574],[0.90979,45.60475],[0.91102,45.60431],[0.91351,45.60416],[0.91607,45.60481],[0.91913,45.60524],[0.92057,45.60584],[0.92254,45.60598],[0.92508,45.60703],[0.92591,45.60909],[0.92944,45.60937],[0.93067,45.60994],[0.93245,45.60995],[0.9328,45.61145],[0.93388,45.61199],[0.93676,45.6108],[0.938,45.61165],[0.94001,45.61159],[0.93937,45.61054],[0.93982,45.6098],[0.94197,45.60934],[0.94443,45.61109],[0.94371,45.61224],[0.94586,45.61296],[0.94535,45.61466],[0.94635,45.61524],[0.94809,45.61485],[0.9499,45.61303],[0.94953,45.6124],[0.9499,45.61043],[0.95382,45.61007],[0.96026,45.6076],[0.96358,45.60943],[0.96534,45.60951],[0.96605,45.61047],[0.96949,45.61077],[0.96907,45.60933],[0.97145,45.60957],[0.97293,45.60751],[0.97558,45.60452],[0.97797,45.60349],[0.98113,45.60326],[0.9861,45.60415],[0.98789,45.60709],[0.98935,45.6075],[0.99227,45.6047],[0.99366,45.60387],[0.99214,45.60322],[0.98982,45.60322],[0.98841,45.60245],[0.98549,45.6019],[0.98413,45.59947],[0.98602,45.5981],[0.98454,45.59763],[0.98393,45.59511],[0.98514,45.59273],[0.98327,45.59239],[0.97965,45.59093],[0.97569,45.58977],[0.97738,45.58645],[0.97747,45.58344],[0.97291,45.5745],[0.97217,45.57283],[0.9682,45.57318],[0.96613,45.5738],[0.96359,45.57335],[0.96291,45.57208],[0.96132,45.57181],[0.95987,45.57033],[0.95712,45.56988],[0.95619,45.5689],[0.95256,45.56848],[0.95174,45.56766],[0.94854,45.56971],[0.94853,45.57163],[0.94934,45.5739],[0.94798,45.57459],[0.9455,45.57645],[0.94297,45.5779],[0.94082,45.57819],[0.93533,45.57712],[0.93288,45.57647],[0.9304,45.57652],[0.92778,45.57604],[0.92072,45.57258],[0.91912,45.57351],[0.91869,45.57501],[0.91672,45.57683],[0.91509,45.57724],[0.91109,45.57936],[0.91005,45.58046],[0.90874,45.58092],[0.90892,45.58207],[0.90781,45.58483],[0.90372,45.5869],[0.90181,45.58708],[0.90176,45.58836],[0.89679,45.58885],[0.89449,45.59073],[0.89562,45.59152],[0.8952,45.59221],[0.89595,45.59422],[0.89587,45.59708],[0.89489,45.59967],[0.89372,45.60101]]]}},{"type":"Feature","id":"fr-commune-24182","properties":{"id":"fr-commune-24182","name":"Le Fleix","kind":"commune","center":[0.2643,44.8789],"code":"24182","department":"24"},"bbox":[0.2208,44.85975,0.30776,44.89757],"geometry":{"type":"Polygon","coordinates":[[[0.28796,44.86328],[0.28534,44.86467],[0.28073,44.8664],[0.27655,44.86766],[0.27407,44.86787],[0.26765,44.86771],[0.26197,44.86779],[0.25543,44.86768],[0.25341,44.86797],[0.2506,44.86881],[0.24334,44.87227],[0.24118,44.87266],[0.23914,44.87257],[0.23729,44.87139],[0.2376,44.86959],[0.24152,44.86502],[0.24378,44.86161],[0.24363,44.85975],[0.24003,44.86114],[0.23642,44.86175],[0.23518,44.86363],[0.22934,44.86544],[0.22895,44.86627],[0.22528,44.86803],[0.22423,44.86904],[0.22506,44.86964],[0.22191,44.87159],[0.22464,44.87361],[0.22391,44.87448],[0.22363,44.87817],[0.22504,44.87914],[0.22472,44.88151],[0.22215,44.88376],[0.2208,44.88617],[0.22271,44.88811],[0.22325,44.88924],[0.22567,44.89188],[0.22774,44.89302],[0.23267,44.89357],[0.23796,44.89369],[0.24287,44.8932],[0.24404,44.89354],[0.24989,44.89401],[0.25494,44.89383],[0.25702,44.89399],[0.25745,44.89453],[0.25981,44.89386],[0.26396,44.89435],[0.26796,44.89307],[0.2694,44.89325],[0.27148,44.89443],[0.27468,44.8945],[0.2771,44.89398],[0.27933,44.89485],[0.28223,44.89477],[0.28461,44.89561],[0.28913,44.89659],[0.29025,44.89742],[0.29401,44.89757],[0.29665,44.89582],[0.2991,44.89594],[0.29964,44.89444],[0.30059,44.89364],[0.30051,44.89314],[0.30221,44.89093],[0.30183,44.88979],[0.30287,44.88836],[0.30661,44.88756],[0.30776,44.88697],[0.30654,44.8849],[0.3061,44.88321],[0.30398,44.88336],[0.30328,44.88207],[0.30427,44.88026],[0.30308,44.87968],[0.30001,44.8806],[0.29751,44.88091],[0.29679,44.88051],[0.29661,44.87858],[0.29555,44.87683],[0.29553,44.87519],[0.2939,44.87482],[0.29234,44.87396],[0.29118,44.87243],[0.28896,44.87031],[0.28878,44.86877],[0.28979,44.86845],[0.29246,44.86618],[0.29224,44.86568],[0.28965,44.86545],[0.28796,44.86328]]]}},{"type":"Feature","id":"fr-commune-24183","properties":{"id":"fr-commune-24183","name":"Fleurac","kind":"commune","center":[1.0086,44.9981],"code":"24183","department":"24"},"bbox":[0.96095,44.97305,1.05629,45.02324],"geometry":{"type":"Polygon","coordinates":[[[1.05629,45.0055],[1.05488,45.00534],[1.05546,45.00392],[1.0462,45.00256],[1.04092,44.99956],[1.03946,44.9958],[1.03608,44.99228],[1.03282,44.98929],[1.02942,44.98796],[1.0284,44.98665],[1.02356,44.98508],[1.01747,44.98537],[1.0133,44.98385],[1.0128,44.98271],[1.01321,44.98049],[1.01176,44.97828],[1.01033,44.97729],[1.00855,44.97706],[1.00564,44.97757],[0.99975,44.97723],[0.99747,44.97588],[0.99621,44.97728],[0.9941,44.97747],[0.99279,44.97816],[0.99144,44.97805],[0.9886,44.97894],[0.98745,44.97801],[0.98412,44.97857],[0.98218,44.97675],[0.97979,44.97531],[0.9739,44.97348],[0.97321,44.97305],[0.97073,44.97337],[0.96859,44.97466],[0.96762,44.97575],[0.96475,44.97707],[0.96272,44.97948],[0.96187,44.98091],[0.96236,44.98261],[0.96179,44.98709],[0.96095,44.99012],[0.96209,44.9936],[0.96264,44.99426],[0.96285,44.9978],[0.96337,44.99912],[0.96253,45.00066],[0.96365,45.0032],[0.96675,45.00386],[0.96845,45.00286],[0.97087,45.00196],[0.97314,45.0006],[0.9752,45.00131],[0.97704,45.00282],[0.98008,45.00364],[0.98064,45.00275],[0.98302,45.00123],[0.98575,45.00382],[0.98948,45.01237],[0.99044,45.01376],[0.99357,45.01722],[0.99556,45.01892],[0.99721,45.02113],[0.99963,45.02317],[1.00052,45.02324],[1.00279,45.02115],[1.00351,45.01924],[1.0055,45.01734],[1.0082,45.01549],[1.00925,45.01533],[1.01347,45.01371],[1.01455,45.01274],[1.01603,45.01004],[1.01726,45.00953],[1.02162,45.01024],[1.02429,45.01239],[1.02547,45.01295],[1.02802,45.01503],[1.03211,45.01529],[1.03319,45.0158],[1.03484,45.01577],[1.03821,45.01644],[1.04287,45.01645],[1.04692,45.01544],[1.04901,45.0164],[1.05336,45.01795],[1.05393,45.016],[1.05514,45.01352],[1.05495,45.01057],[1.05525,45.00832],[1.05629,45.0055]]]}},{"type":"Feature","id":"fr-commune-24184","properties":{"id":"fr-commune-24184","name":"Florimont-Gaumier","kind":"commune","center":[1.241,44.7084],"code":"24184","department":"24"},"bbox":[1.212,44.68577,1.27014,44.73099],"geometry":{"type":"Polygon","coordinates":[[[1.27014,44.72244],[1.26847,44.71966],[1.26818,44.71618],[1.26652,44.71427],[1.26484,44.71304],[1.26399,44.71094],[1.26017,44.71034],[1.25877,44.70881],[1.25482,44.70984],[1.25083,44.70815],[1.24783,44.70775],[1.2433,44.70391],[1.24422,44.7003],[1.24449,44.69778],[1.24394,44.69589],[1.24091,44.69439],[1.2416,44.69331],[1.23948,44.69308],[1.23872,44.69225],[1.2355,44.69229],[1.23309,44.69088],[1.22989,44.69169],[1.22885,44.6902],[1.22604,44.68864],[1.22551,44.68649],[1.22486,44.68577],[1.22171,44.68824],[1.22024,44.69015],[1.21873,44.69128],[1.21732,44.69296],[1.21412,44.69554],[1.21415,44.6969],[1.21227,44.69944],[1.212,44.70243],[1.21406,44.70294],[1.21505,44.70359],[1.21778,44.70451],[1.21669,44.70519],[1.21857,44.70759],[1.2223,44.70911],[1.22231,44.71064],[1.22174,44.71275],[1.22041,44.71456],[1.228,44.71922],[1.23044,44.71887],[1.23205,44.71942],[1.23425,44.7208],[1.23483,44.71969],[1.23718,44.71845],[1.24019,44.71745],[1.24144,44.71581],[1.24448,44.71537],[1.24578,44.71545],[1.24732,44.71642],[1.24759,44.71797],[1.24968,44.7186],[1.25053,44.71932],[1.25315,44.72036],[1.25282,44.72252],[1.25478,44.72618],[1.25553,44.7267],[1.25709,44.72908],[1.25902,44.73082],[1.26265,44.73099],[1.26447,44.72887],[1.2648,44.72656],[1.26462,44.72446],[1.26807,44.72214],[1.27014,44.72244]]]}},{"type":"Feature","id":"fr-commune-24186","properties":{"id":"fr-commune-24186","name":"Fonroque","kind":"commune","center":[0.4077,44.7019],"code":"24186","department":"24"},"bbox":[0.3781,44.68588,0.43717,44.7176],"geometry":{"type":"Polygon","coordinates":[[[0.43396,44.70146],[0.43332,44.70119],[0.43307,44.69867],[0.43137,44.69635],[0.42767,44.6957],[0.42618,44.69365],[0.42661,44.69239],[0.42564,44.69104],[0.42532,44.68962],[0.42342,44.68593],[0.42145,44.68588],[0.41873,44.6867],[0.41634,44.68893],[0.41385,44.69011],[0.41235,44.69042],[0.4098,44.69257],[0.40651,44.69699],[0.40543,44.69677],[0.39634,44.70062],[0.39136,44.7023],[0.38835,44.70246],[0.38313,44.70489],[0.38352,44.70588],[0.38199,44.70643],[0.37842,44.70708],[0.3781,44.70921],[0.37972,44.71066],[0.37849,44.71332],[0.38071,44.71406],[0.38332,44.71614],[0.38657,44.71742],[0.3879,44.71682],[0.39458,44.71625],[0.40118,44.71528],[0.40268,44.71431],[0.40487,44.71484],[0.40724,44.71452],[0.40918,44.71366],[0.40902,44.71617],[0.41003,44.7176],[0.41165,44.71747],[0.41353,44.71669],[0.41611,44.7167],[0.41705,44.71747],[0.41906,44.71613],[0.42218,44.71506],[0.42412,44.71483],[0.42828,44.71317],[0.42974,44.71221],[0.42981,44.71066],[0.431,44.7088],[0.43247,44.70781],[0.43524,44.70713],[0.43717,44.70582],[0.43569,44.70469],[0.43546,44.70309],[0.43396,44.70146]]]}},{"type":"Feature","id":"fr-commune-24188","properties":{"id":"fr-commune-24188","name":"Fossemagne","kind":"commune","center":[0.9868,45.1172],"code":"24188","department":"24"},"bbox":[0.94596,45.0902,1.02756,45.14411],"geometry":{"type":"Polygon","coordinates":[[[1.02669,45.13184],[1.02528,45.13158],[1.02434,45.1335],[1.02343,45.13406],[1.02089,45.13103],[1.02108,45.13024],[1.01864,45.13016],[1.01963,45.12859],[1.01998,45.12535],[1.01911,45.12426],[1.01574,45.12485],[1.01473,45.12286],[1.01589,45.12219],[1.02066,45.1219],[1.02232,45.11995],[1.0227,45.11735],[1.0248,45.11528],[1.02484,45.11348],[1.02756,45.11093],[1.02512,45.10823],[1.02167,45.10822],[1.01722,45.10665],[1.01481,45.10497],[1.01113,45.1018],[1.00966,45.10162],[1.00751,45.0999],[1.00668,45.09993],[1.00288,45.09867],[1.0008,45.09881],[0.99901,45.0981],[0.99599,45.09805],[0.99359,45.09651],[0.99122,45.09624],[0.98698,45.09524],[0.98307,45.09523],[0.98146,45.09478],[0.97884,45.093],[0.97673,45.09289],[0.97537,45.09231],[0.97367,45.0923],[0.97247,45.0917],[0.97116,45.09037],[0.96962,45.0902],[0.96813,45.09248],[0.96766,45.09387],[0.9679,45.09545],[0.96949,45.09719],[0.96574,45.09894],[0.96498,45.09969],[0.96537,45.10218],[0.9659,45.10339],[0.96481,45.10392],[0.96635,45.10711],[0.96229,45.11122],[0.96043,45.11284],[0.96096,45.11457],[0.95917,45.11776],[0.95929,45.11854],[0.95455,45.11986],[0.95303,45.12076],[0.94884,45.12245],[0.94596,45.12381],[0.94614,45.12438],[0.94854,45.12695],[0.94906,45.12817],[0.95023,45.12921],[0.95472,45.13149],[0.96,45.13207],[0.96152,45.13331],[0.9636,45.13388],[0.96449,45.13661],[0.96506,45.13721],[0.96758,45.13834],[0.96831,45.13952],[0.97002,45.13924],[0.97206,45.1384],[0.97369,45.13876],[0.9752,45.13842],[0.9765,45.13874],[0.97983,45.14165],[0.985,45.14123],[0.98732,45.14228],[0.99016,45.14203],[0.9918,45.14235],[0.9958,45.14411],[0.99623,45.14141],[0.9975,45.13959],[0.99943,45.13821],[1.00125,45.13753],[1.00773,45.13689],[1.01063,45.13611],[1.01316,45.13628],[1.01511,45.13684],[1.0184,45.1371],[1.01901,45.13508],[1.02169,45.13528],[1.02345,45.13473],[1.02669,45.13184]]]}},{"type":"Feature","id":"fr-commune-24189","properties":{"id":"fr-commune-24189","name":"Fougueyrolles","kind":"commune","center":[0.1892,44.8691],"code":"24189","department":"24"},"bbox":[0.16377,44.85023,0.21458,44.8882],"geometry":{"type":"Polygon","coordinates":[[[0.17042,44.87922],[0.1739,44.88077],[0.17538,44.88113],[0.17854,44.88415],[0.18144,44.88546],[0.183,44.88578],[0.1849,44.88721],[0.18627,44.8874],[0.19004,44.88676],[0.19065,44.88761],[0.195,44.8882],[0.19813,44.88557],[0.20194,44.88489],[0.20445,44.88341],[0.20669,44.88337],[0.20894,44.87962],[0.20888,44.87702],[0.21072,44.87481],[0.21163,44.87175],[0.21193,44.86775],[0.21424,44.86381],[0.21405,44.86017],[0.21458,44.8583],[0.21247,44.85818],[0.20948,44.85861],[0.20559,44.85969],[0.20009,44.85662],[0.19863,44.85649],[0.19895,44.85511],[0.19975,44.85457],[0.19791,44.85324],[0.19619,44.85246],[0.1933,44.85275],[0.18921,44.85166],[0.18926,44.85283],[0.18785,44.85429],[0.18622,44.85454],[0.18653,44.85256],[0.18488,44.85171],[0.18062,44.85023],[0.17556,44.85048],[0.17363,44.85097],[0.1724,44.85083],[0.1703,44.85167],[0.16969,44.85232],[0.16711,44.85268],[0.16476,44.85398],[0.16556,44.85567],[0.16382,44.85582],[0.16377,44.85766],[0.16483,44.8615],[0.16723,44.86486],[0.16622,44.86543],[0.16699,44.86566],[0.16854,44.86861],[0.17025,44.86853],[0.1701,44.86984],[0.17181,44.8702],[0.17276,44.87115],[0.174,44.87329],[0.1732,44.87722],[0.17267,44.87869],[0.17042,44.87922]]]}},{"type":"Feature","id":"fr-commune-24190","properties":{"id":"fr-commune-24190","name":"Fouleix","kind":"commune","center":[0.6738,44.9762],"code":"24190","department":"24"},"bbox":[0.65113,44.95316,0.69636,44.99934],"geometry":{"type":"Polygon","coordinates":[[[0.6767,44.95516],[0.67439,44.95567],[0.6707,44.95422],[0.66519,44.95372],[0.66381,44.95316],[0.66173,44.95341],[0.66068,44.95471],[0.66023,44.95624],[0.6615,44.95837],[0.66345,44.96009],[0.66398,44.96319],[0.66159,44.96517],[0.65921,44.9645],[0.65544,44.96553],[0.65113,44.96767],[0.65122,44.97116],[0.65312,44.97333],[0.65246,44.97574],[0.65505,44.97876],[0.65624,44.97917],[0.65468,44.98103],[0.65776,44.98185],[0.65818,44.98282],[0.65972,44.98427],[0.66171,44.98484],[0.66101,44.98569],[0.66113,44.98697],[0.65939,44.98899],[0.65865,44.99044],[0.65758,44.99112],[0.66167,44.99403],[0.66332,44.99472],[0.66527,44.99693],[0.66754,44.9987],[0.66915,44.99934],[0.67131,44.99864],[0.67464,44.99645],[0.67682,44.9953],[0.67822,44.99308],[0.67994,44.9921],[0.68266,44.99191],[0.6842,44.99084],[0.68584,44.99028],[0.68694,44.98938],[0.68861,44.98905],[0.68885,44.98748],[0.68676,44.98486],[0.6882,44.98396],[0.6904,44.9839],[0.69315,44.98231],[0.69366,44.97958],[0.69621,44.9781],[0.69596,44.97573],[0.69636,44.9726],[0.69511,44.96995],[0.69535,44.96909],[0.69519,44.9656],[0.69485,44.96383],[0.69372,44.96329],[0.68995,44.96472],[0.68966,44.96532],[0.69086,44.96649],[0.68716,44.96725],[0.68491,44.96468],[0.68676,44.96319],[0.68756,44.96172],[0.68527,44.96021],[0.68392,44.96106],[0.68085,44.95974],[0.67913,44.9602],[0.6767,44.95819],[0.67747,44.95604],[0.6767,44.95516]]]}},{"type":"Feature","id":"fr-commune-24191","properties":{"id":"fr-commune-24191","name":"Fraisse","kind":"commune","center":[0.3028,44.9337],"code":"24191","department":"24"},"bbox":[0.26807,44.90624,0.33759,44.96113],"geometry":{"type":"Polygon","coordinates":[[[0.29126,44.95977],[0.29321,44.96113],[0.29611,44.95819],[0.29557,44.95763],[0.29929,44.95643],[0.30133,44.95533],[0.30363,44.955],[0.31118,44.95501],[0.31419,44.95436],[0.31758,44.95464],[0.3193,44.95438],[0.3199,44.95489],[0.32335,44.95411],[0.32572,44.95445],[0.32571,44.95369],[0.33009,44.95243],[0.3325,44.95151],[0.33255,44.95031],[0.32974,44.94741],[0.32928,44.94497],[0.32824,44.94399],[0.32786,44.94212],[0.32831,44.94151],[0.33055,44.94098],[0.33232,44.94007],[0.33539,44.94062],[0.33706,44.94047],[0.33759,44.93981],[0.33543,44.93837],[0.33755,44.9365],[0.33728,44.93507],[0.33484,44.93073],[0.3367,44.9274],[0.33601,44.92374],[0.33657,44.92167],[0.3318,44.92361],[0.33195,44.92165],[0.33138,44.92006],[0.32691,44.9192],[0.32627,44.91851],[0.32193,44.91557],[0.31684,44.91463],[0.31588,44.91494],[0.31517,44.91372],[0.30918,44.91075],[0.30608,44.90844],[0.30256,44.90624],[0.30115,44.9064],[0.2958,44.90898],[0.2928,44.90982],[0.28881,44.91202],[0.28809,44.91404],[0.28551,44.91783],[0.2825,44.91919],[0.27989,44.9188],[0.27766,44.91991],[0.27581,44.92043],[0.27279,44.9223],[0.27276,44.92532],[0.27236,44.92966],[0.27095,44.93302],[0.26892,44.93705],[0.26892,44.93894],[0.27021,44.94207],[0.26807,44.9451],[0.26928,44.94591],[0.27205,44.94597],[0.27292,44.94493],[0.27437,44.94562],[0.27585,44.94543],[0.27799,44.94954],[0.28004,44.95031],[0.28182,44.95231],[0.28568,44.95356],[0.28716,44.95358],[0.29,44.95456],[0.29202,44.95586],[0.29316,44.95785],[0.29126,44.95977]]]}},{"type":"Feature","id":"fr-commune-24192","properties":{"id":"fr-commune-24192","name":"Gabillou","kind":"commune","center":[1.0315,45.2048],"code":"24192","department":"24"},"bbox":[1.01306,45.18395,1.04999,45.22568],"geometry":{"type":"Polygon","coordinates":[[[1.02182,45.22405],[1.02735,45.22367],[1.02907,45.22405],[1.03168,45.22413],[1.03838,45.22568],[1.03881,45.2212],[1.03818,45.21922],[1.04104,45.22],[1.04327,45.22033],[1.04637,45.22004],[1.04788,45.21937],[1.04755,45.21814],[1.04999,45.21738],[1.04778,45.21531],[1.04731,45.21558],[1.04578,45.21135],[1.04599,45.20893],[1.04488,45.20939],[1.04439,45.20607],[1.04501,45.20094],[1.04602,45.20105],[1.04667,45.19848],[1.04823,45.19566],[1.04337,45.19467],[1.04033,45.19308],[1.04025,45.1909],[1.04094,45.19004],[1.03896,45.18964],[1.03834,45.1889],[1.03612,45.18843],[1.03603,45.18708],[1.03477,45.18438],[1.03188,45.18501],[1.03061,45.18463],[1.0275,45.18494],[1.02684,45.18412],[1.02357,45.18395],[1.02161,45.18482],[1.02348,45.18781],[1.02128,45.1887],[1.01635,45.19238],[1.01905,45.19407],[1.02272,45.19561],[1.02229,45.1984],[1.02268,45.19944],[1.02177,45.20117],[1.02197,45.20353],[1.02018,45.20404],[1.02021,45.20602],[1.02084,45.20636],[1.02113,45.20958],[1.02041,45.2112],[1.02041,45.21385],[1.0191,45.2149],[1.01952,45.21716],[1.0156,45.21891],[1.01306,45.21926],[1.01704,45.2226],[1.01948,45.22356],[1.02182,45.22405]]]}},{"type":"Feature","id":"fr-commune-24193","properties":{"id":"fr-commune-24193","name":"Gageac-et-Rouillac","kind":"commune","center":[0.3624,44.8015],"code":"24193","department":"24"},"bbox":[0.33018,44.7786,0.39468,44.82449],"geometry":{"type":"Polygon","coordinates":[[[0.33666,44.78388],[0.336,44.78463],[0.33612,44.78606],[0.33568,44.79],[0.33354,44.79373],[0.33387,44.79456],[0.33018,44.79697],[0.33159,44.79991],[0.33194,44.80188],[0.33146,44.80259],[0.33146,44.80431],[0.33235,44.8067],[0.33441,44.80888],[0.33429,44.81024],[0.33296,44.81241],[0.33351,44.81372],[0.33392,44.8166],[0.33523,44.81991],[0.33697,44.82265],[0.33878,44.82348],[0.33888,44.82449],[0.343,44.8242],[0.34552,44.82325],[0.34672,44.82197],[0.34563,44.82116],[0.34514,44.81894],[0.34678,44.81801],[0.34799,44.81578],[0.35638,44.81459],[0.36058,44.81318],[0.36036,44.81423],[0.36111,44.81489],[0.35756,44.81771],[0.35986,44.81932],[0.3594,44.82125],[0.36192,44.82143],[0.3649,44.82124],[0.36684,44.82043],[0.36929,44.82132],[0.37327,44.82126],[0.37784,44.82034],[0.37741,44.81849],[0.38058,44.81711],[0.38157,44.81799],[0.38456,44.81759],[0.38438,44.81682],[0.38609,44.81644],[0.38907,44.81505],[0.38976,44.81336],[0.39309,44.81346],[0.39468,44.81314],[0.3941,44.81216],[0.39128,44.81016],[0.38964,44.80491],[0.38274,44.80192],[0.37764,44.79771],[0.3742,44.79553],[0.37125,44.79539],[0.36991,44.79392],[0.36924,44.79601],[0.36765,44.79677],[0.36609,44.79812],[0.3651,44.79817],[0.36497,44.7965],[0.36346,44.79472],[0.36186,44.79363],[0.36015,44.79124],[0.35999,44.7898],[0.35789,44.78547],[0.35537,44.78319],[0.35125,44.78225],[0.35011,44.78228],[0.34868,44.78058],[0.34624,44.7786],[0.34431,44.77969],[0.34161,44.78061],[0.34063,44.78233],[0.33666,44.78388]]]}},{"type":"Feature","id":"fr-commune-24194","properties":{"id":"fr-commune-24194","name":"Gardonne","kind":"commune","center":[0.3296,44.8293],"code":"24194","department":"24"},"bbox":[0.29831,44.81318,0.36111,44.84542],"geometry":{"type":"Polygon","coordinates":[[[0.34339,44.84036],[0.34375,44.83908],[0.34517,44.83757],[0.34661,44.83765],[0.34704,44.83687],[0.34849,44.83642],[0.34941,44.83731],[0.35145,44.83781],[0.35355,44.83675],[0.35286,44.83602],[0.35324,44.83497],[0.35579,44.83319],[0.35746,44.8334],[0.35748,44.8324],[0.35903,44.83151],[0.35871,44.83002],[0.35977,44.82911],[0.35894,44.82725],[0.36017,44.82514],[0.35861,44.82413],[0.35953,44.82266],[0.3594,44.82125],[0.35986,44.81932],[0.35756,44.81771],[0.36111,44.81489],[0.36036,44.81423],[0.36058,44.81318],[0.35638,44.81459],[0.34799,44.81578],[0.34678,44.81801],[0.34514,44.81894],[0.34563,44.82116],[0.34672,44.82197],[0.34552,44.82325],[0.343,44.8242],[0.33888,44.82449],[0.33675,44.82485],[0.33652,44.82554],[0.33364,44.8253],[0.3303,44.82436],[0.32601,44.82472],[0.3239,44.82444],[0.32265,44.82474],[0.32084,44.82434],[0.31446,44.82506],[0.31106,44.82698],[0.30984,44.82815],[0.30761,44.82911],[0.30723,44.83049],[0.30143,44.8294],[0.30106,44.82917],[0.3007,44.8321],[0.29831,44.83293],[0.29989,44.83715],[0.30092,44.83717],[0.30104,44.84016],[0.30359,44.83959],[0.30512,44.83891],[0.30591,44.83976],[0.30813,44.83921],[0.30869,44.84029],[0.30987,44.8403],[0.3117,44.84227],[0.31512,44.84542],[0.31881,44.84235],[0.32074,44.84116],[0.32355,44.84015],[0.32688,44.83976],[0.33199,44.8397],[0.34137,44.84],[0.34339,44.84036]]]}},{"type":"Feature","id":"fr-commune-24195","properties":{"id":"fr-commune-24195","name":"Gaugeac","kind":"commune","center":[0.8755,44.6651],"code":"24195","department":"24"},"bbox":[0.84945,44.64625,0.90161,44.68398],"geometry":{"type":"Polygon","coordinates":[[[0.89052,44.68191],[0.89123,44.67893],[0.89082,44.67823],[0.89193,44.67454],[0.89126,44.67342],[0.895,44.67192],[0.89666,44.67047],[0.89913,44.66931],[0.89916,44.6674],[0.90064,44.6638],[0.90099,44.66216],[0.89993,44.66068],[0.89991,44.65856],[0.8992,44.65756],[0.89969,44.65581],[0.90161,44.65278],[0.90067,44.65123],[0.89702,44.64905],[0.8945,44.64781],[0.89389,44.64653],[0.89311,44.64625],[0.88947,44.64694],[0.88701,44.64874],[0.88545,44.64887],[0.88005,44.64957],[0.87821,44.64926],[0.87968,44.65142],[0.87984,44.65297],[0.87286,44.65422],[0.87271,44.65516],[0.87046,44.65695],[0.87072,44.6592],[0.86605,44.65981],[0.8626,44.65841],[0.86185,44.65768],[0.85942,44.65704],[0.85843,44.65801],[0.85801,44.65985],[0.85818,44.66206],[0.85634,44.66458],[0.85712,44.66592],[0.85474,44.66564],[0.8546,44.6665],[0.85244,44.66898],[0.85188,44.67071],[0.8506,44.67216],[0.84945,44.6751],[0.85169,44.6751],[0.85539,44.67465],[0.85856,44.67506],[0.86196,44.67607],[0.86434,44.67591],[0.86531,44.67631],[0.86763,44.67829],[0.86616,44.68119],[0.86617,44.68305],[0.86991,44.68337],[0.87371,44.68398],[0.87665,44.68391],[0.87926,44.68346],[0.88255,44.68257],[0.88617,44.68125],[0.89052,44.68191]]]}},{"type":"Feature","id":"fr-commune-24196","properties":{"id":"fr-commune-24196","name":"Génis","kind":"commune","center":[1.165,45.331],"code":"24196","department":"24"},"bbox":[1.12649,45.29571,1.20379,45.36621],"geometry":{"type":"Polygon","coordinates":[[[1.14293,45.35132],[1.14426,45.35201],[1.14635,45.35399],[1.14814,45.35519],[1.15184,45.35701],[1.15271,45.35812],[1.15796,45.36042],[1.16002,45.36287],[1.1652,45.36621],[1.16721,45.36469],[1.17173,45.36224],[1.17535,45.36193],[1.17811,45.35891],[1.18086,45.35885],[1.18661,45.35982],[1.18683,45.35899],[1.18574,45.35779],[1.18547,45.35592],[1.1876,45.35383],[1.18752,45.35193],[1.18664,45.35051],[1.18706,45.34825],[1.1881,45.34639],[1.1863,45.34447],[1.18827,45.3426],[1.18671,45.34184],[1.18537,45.34018],[1.18958,45.33986],[1.19101,45.33913],[1.19266,45.33924],[1.19352,45.33765],[1.19702,45.33704],[1.19747,45.33767],[1.20379,45.33451],[1.19987,45.33025],[1.19888,45.32768],[1.1976,45.32541],[1.19539,45.32377],[1.194,45.32227],[1.19334,45.31923],[1.19203,45.31962],[1.18945,45.31965],[1.18435,45.32092],[1.18297,45.32107],[1.18256,45.31732],[1.18167,45.31557],[1.1819,45.31407],[1.18652,45.30857],[1.18891,45.3067],[1.18954,45.30502],[1.182,45.30269],[1.18164,45.30219],[1.17819,45.30133],[1.17672,45.30235],[1.17415,45.30125],[1.17316,45.29966],[1.17167,45.29969],[1.16814,45.30167],[1.16939,45.30334],[1.16865,45.30457],[1.16737,45.30456],[1.16614,45.30538],[1.16557,45.30667],[1.16398,45.30695],[1.16319,45.30563],[1.161,45.30441],[1.1595,45.30278],[1.1573,45.29817],[1.15509,45.29811],[1.15213,45.29761],[1.14973,45.29769],[1.14719,45.29616],[1.14457,45.29571],[1.14218,45.29781],[1.14333,45.29869],[1.14339,45.30004],[1.1399,45.30238],[1.13701,45.30361],[1.13516,45.30486],[1.13329,45.30542],[1.13383,45.3062],[1.13871,45.30892],[1.13926,45.30988],[1.13842,45.31229],[1.13948,45.31264],[1.14036,45.31492],[1.14157,45.31594],[1.14213,45.31769],[1.14635,45.32099],[1.14638,45.3218],[1.14503,45.32282],[1.14285,45.32385],[1.14085,45.32548],[1.14116,45.32633],[1.1343,45.32974],[1.1297,45.3309],[1.12867,45.33152],[1.12868,45.33248],[1.12685,45.33472],[1.12791,45.33706],[1.12649,45.3396],[1.12819,45.34105],[1.13428,45.34432],[1.1365,45.34611],[1.13825,45.34868],[1.1399,45.34997],[1.14293,45.35132]]]}},{"type":"Feature","id":"fr-commune-24197","properties":{"id":"fr-commune-24197","name":"Ginestet","kind":"commune","center":[0.4467,44.9064],"code":"24197","department":"24"},"bbox":[0.40359,44.88461,0.4892,44.92827],"geometry":{"type":"Polygon","coordinates":[[[0.43109,44.88461],[0.42783,44.88476],[0.42463,44.88628],[0.42132,44.8866],[0.42028,44.8878],[0.41453,44.88872],[0.41464,44.88976],[0.41333,44.89128],[0.41329,44.8921],[0.41041,44.89115],[0.4087,44.89297],[0.40752,44.89497],[0.40747,44.89721],[0.4056,44.89818],[0.40359,44.90081],[0.40704,44.90212],[0.41205,44.90434],[0.41165,44.90608],[0.41288,44.90673],[0.41807,44.90784],[0.41845,44.90977],[0.41992,44.91295],[0.4213,44.91413],[0.42102,44.91611],[0.42399,44.9186],[0.42531,44.91902],[0.42124,44.92242],[0.42371,44.92323],[0.4287,44.92596],[0.43033,44.92757],[0.4317,44.92827],[0.43315,44.92721],[0.43617,44.92415],[0.43851,44.92369],[0.44093,44.92213],[0.44543,44.92208],[0.44736,44.92017],[0.45127,44.91879],[0.45042,44.91795],[0.44781,44.91631],[0.45419,44.90961],[0.45527,44.9076],[0.45418,44.90429],[0.45284,44.9023],[0.45518,44.90208],[0.45824,44.90089],[0.45848,44.90013],[0.46091,44.89888],[0.46162,44.89741],[0.46421,44.89941],[0.46536,44.90305],[0.46718,44.90222],[0.46999,44.90146],[0.4764,44.90306],[0.478,44.90289],[0.48113,44.90116],[0.48304,44.90045],[0.4851,44.90041],[0.48669,44.89986],[0.48812,44.89594],[0.4892,44.89501],[0.48733,44.89397],[0.48322,44.89294],[0.47633,44.89265],[0.47455,44.89305],[0.47022,44.89213],[0.46729,44.8943],[0.46704,44.8948],[0.46101,44.89654],[0.46109,44.89412],[0.46047,44.8939],[0.45612,44.89408],[0.45425,44.89479],[0.45301,44.89588],[0.45214,44.89949],[0.44915,44.90003],[0.44548,44.90003],[0.44553,44.89889],[0.44361,44.89717],[0.44207,44.897],[0.4417,44.89616],[0.44018,44.89532],[0.44036,44.8929],[0.43458,44.88849],[0.43446,44.88763],[0.43163,44.88536],[0.43109,44.88461]]]}},{"type":"Feature","id":"fr-commune-24199","properties":{"id":"fr-commune-24199","name":"Gout-Rossignol","kind":"commune","center":[0.4114,45.4154],"code":"24199","department":"24"},"bbox":[0.3627,45.37916,0.46008,45.4516],"geometry":{"type":"Polygon","coordinates":[[[0.39849,45.44466],[0.40019,45.44263],[0.40306,45.44098],[0.40574,45.43913],[0.4072,45.43767],[0.40843,45.4359],[0.41009,45.43507],[0.41141,45.43295],[0.41121,45.43149],[0.41298,45.42912],[0.41409,45.42537],[0.41635,45.42318],[0.4163,45.42184],[0.41812,45.42046],[0.42077,45.41928],[0.42551,45.4163],[0.42727,45.41645],[0.42866,45.41741],[0.43153,45.41624],[0.4304,45.41383],[0.43304,45.41359],[0.43607,45.41432],[0.44047,45.41445],[0.44122,45.4148],[0.44701,45.41402],[0.45009,45.41239],[0.45387,45.41115],[0.4567,45.40984],[0.45972,45.40928],[0.46008,45.40655],[0.45943,45.40454],[0.45566,45.40321],[0.45435,45.40217],[0.45509,45.4012],[0.45277,45.39913],[0.45053,45.40038],[0.44629,45.40133],[0.44615,45.3984],[0.44525,45.39664],[0.44051,45.3974],[0.44071,45.39607],[0.4425,45.39284],[0.4421,45.38989],[0.44143,45.38861],[0.43941,45.38901],[0.43765,45.39091],[0.43596,45.38924],[0.43504,45.38765],[0.43299,45.38686],[0.43064,45.38555],[0.42802,45.38248],[0.42425,45.37916],[0.42344,45.38352],[0.42021,45.38564],[0.4222,45.38745],[0.4219,45.39059],[0.41737,45.3915],[0.41552,45.39163],[0.41416,45.39651],[0.41278,45.39693],[0.40953,45.39871],[0.40513,45.40018],[0.40186,45.39962],[0.39994,45.3989],[0.39614,45.40203],[0.39562,45.40302],[0.39422,45.40411],[0.39145,45.40335],[0.38806,45.40551],[0.38837,45.40608],[0.3851,45.40612],[0.38418,45.40648],[0.38003,45.40686],[0.37863,45.40676],[0.37445,45.41074],[0.37133,45.41053],[0.36954,45.41113],[0.36588,45.41094],[0.36609,45.41273],[0.36734,45.41307],[0.36667,45.41464],[0.36745,45.41589],[0.36774,45.42015],[0.37106,45.42221],[0.37226,45.4233],[0.37255,45.4245],[0.37558,45.42811],[0.37125,45.43259],[0.36975,45.43376],[0.36524,45.43805],[0.3627,45.4407],[0.36707,45.4408],[0.36792,45.44108],[0.36691,45.44341],[0.36713,45.44487],[0.36706,45.44838],[0.37269,45.4516],[0.37527,45.45137],[0.3836,45.44734],[0.38508,45.44677],[0.3873,45.44653],[0.39187,45.44655],[0.39519,45.44588],[0.39849,45.44466]]]}},{"type":"Feature","id":"fr-commune-24200","properties":{"id":"fr-commune-24200","name":"Grand-Brassac","kind":"commune","center":[0.4841,45.298],"code":"24200","department":"24"},"bbox":[0.43017,45.26695,0.53804,45.32907],"geometry":{"type":"Polygon","coordinates":[[[0.53804,45.30164],[0.53605,45.30177],[0.53349,45.30088],[0.53145,45.29973],[0.52774,45.29672],[0.52756,45.29485],[0.52917,45.29428],[0.53145,45.2958],[0.53201,45.29568],[0.5328,45.29158],[0.53239,45.29089],[0.52831,45.28805],[0.52875,45.28709],[0.53057,45.28525],[0.5354,45.2832],[0.53635,45.28253],[0.53395,45.2819],[0.53416,45.28074],[0.53328,45.27986],[0.53381,45.27857],[0.53325,45.27742],[0.53186,45.2762],[0.53286,45.26695],[0.52759,45.26807],[0.52556,45.269],[0.5244,45.27009],[0.52297,45.27044],[0.5212,45.26943],[0.52074,45.26994],[0.52171,45.27279],[0.52077,45.27497],[0.52002,45.27877],[0.52,45.28115],[0.51833,45.28183],[0.51416,45.28195],[0.5119,45.28272],[0.51104,45.28235],[0.50927,45.28321],[0.50846,45.28426],[0.50687,45.28495],[0.5069,45.28686],[0.50746,45.288],[0.50776,45.29007],[0.50743,45.29245],[0.50419,45.29287],[0.50195,45.29257],[0.49985,45.29176],[0.49755,45.28966],[0.4925,45.29017],[0.48631,45.28745],[0.48111,45.28582],[0.47522,45.28295],[0.4732,45.28161],[0.47109,45.28099],[0.46896,45.27968],[0.46406,45.2789],[0.45945,45.277],[0.45753,45.27547],[0.45365,45.27476],[0.45008,45.27433],[0.45009,45.27577],[0.45072,45.27644],[0.446,45.27775],[0.44538,45.27829],[0.44273,45.27861],[0.44143,45.27974],[0.44054,45.27931],[0.44151,45.28083],[0.4421,45.28321],[0.44327,45.2842],[0.44244,45.28579],[0.439,45.28732],[0.43781,45.28924],[0.4379,45.29068],[0.4357,45.2927],[0.43392,45.29315],[0.43215,45.29278],[0.43017,45.29316],[0.43199,45.29555],[0.4316,45.29613],[0.43315,45.29788],[0.43518,45.299],[0.43959,45.29936],[0.44208,45.30119],[0.44339,45.30338],[0.44342,45.30509],[0.4425,45.30583],[0.44257,45.3077],[0.44191,45.30801],[0.44083,45.31059],[0.44086,45.31151],[0.44209,45.31328],[0.44396,45.31474],[0.44517,45.31697],[0.44772,45.31846],[0.44871,45.32062],[0.45012,45.32191],[0.45286,45.32268],[0.45536,45.32234],[0.45825,45.3235],[0.45953,45.3236],[0.46134,45.32524],[0.46012,45.32588],[0.45808,45.32835],[0.46053,45.32907],[0.46147,45.32849],[0.46747,45.32685],[0.46845,45.32472],[0.46858,45.32265],[0.4712,45.32455],[0.47295,45.32278],[0.47774,45.32039],[0.48373,45.31656],[0.48619,45.31575],[0.49119,45.31628],[0.49251,45.31729],[0.49797,45.3203],[0.49927,45.32145],[0.50082,45.32086],[0.50249,45.3221],[0.50673,45.32252],[0.50897,45.32237],[0.51026,45.32349],[0.51041,45.32579],[0.51355,45.32458],[0.51605,45.32322],[0.51768,45.32289],[0.52014,45.32133],[0.52429,45.31954],[0.52794,45.31828],[0.52882,45.31709],[0.52814,45.31554],[0.53059,45.31303],[0.53105,45.30752],[0.53026,45.30656],[0.53133,45.30496],[0.53362,45.30402],[0.5372,45.30466],[0.53724,45.30263],[0.53804,45.30164]]]}},{"type":"Feature","id":"fr-commune-24202","properties":{"id":"fr-commune-24202","name":"Granges-d'Ans","kind":"commune","center":[1.1164,45.2134],"code":"24202","department":"24"},"bbox":[1.09224,45.18886,1.14051,45.23785],"geometry":{"type":"Polygon","coordinates":[[[1.14051,45.19802],[1.13819,45.19695],[1.13665,45.19584],[1.1345,45.19493],[1.13246,45.19242],[1.13112,45.19025],[1.12707,45.18924],[1.12452,45.19002],[1.12252,45.19021],[1.12079,45.19206],[1.11988,45.1921],[1.11776,45.18973],[1.11578,45.18999],[1.11147,45.19141],[1.10896,45.19249],[1.1045,45.1929],[1.10326,45.19123],[1.10097,45.18886],[1.10006,45.19038],[1.10024,45.19192],[1.0997,45.19572],[1.09982,45.19879],[1.0993,45.20391],[1.10001,45.20703],[1.09955,45.20812],[1.10109,45.20918],[1.0986,45.21115],[1.09541,45.21149],[1.09589,45.21364],[1.09369,45.21532],[1.09394,45.21889],[1.09224,45.21957],[1.09336,45.22191],[1.09626,45.22195],[1.09928,45.22278],[1.10158,45.22235],[1.10478,45.22213],[1.10623,45.22268],[1.10748,45.22403],[1.10692,45.22533],[1.10893,45.22722],[1.11083,45.22973],[1.10891,45.23467],[1.11028,45.23486],[1.11235,45.236],[1.11481,45.23785],[1.11774,45.23617],[1.11796,45.23461],[1.11952,45.23298],[1.12516,45.2311],[1.12856,45.23036],[1.1299,45.23021],[1.12838,45.22801],[1.13092,45.22788],[1.12982,45.22409],[1.13013,45.22359],[1.13274,45.22341],[1.1328,45.22181],[1.13163,45.22148],[1.13356,45.21949],[1.13378,45.2183],[1.13228,45.21659],[1.13323,45.2148],[1.13364,45.21308],[1.13277,45.20958],[1.13336,45.20699],[1.13317,45.20569],[1.1344,45.20449],[1.13524,45.20276],[1.13826,45.2005],[1.13911,45.20048],[1.14051,45.19802]]]}},{"type":"Feature","id":"fr-commune-24205","properties":{"id":"fr-commune-24205","name":"Grignols","kind":"commune","center":[0.5359,45.0827],"code":"24205","department":"24"},"bbox":[0.50378,45.04847,0.56815,45.11695],"geometry":{"type":"Polygon","coordinates":[[[0.53173,45.05475],[0.52903,45.05216],[0.52776,45.05163],[0.5266,45.05433],[0.52523,45.0559],[0.52292,45.05653],[0.52167,45.05483],[0.52116,45.0531],[0.51862,45.05213],[0.51562,45.04911],[0.51376,45.04847],[0.51157,45.04924],[0.50971,45.05031],[0.50682,45.05096],[0.50657,45.0503],[0.50417,45.05015],[0.50448,45.05178],[0.50378,45.05242],[0.50523,45.05354],[0.50536,45.05448],[0.50607,45.05581],[0.50997,45.05872],[0.51115,45.06047],[0.51376,45.06065],[0.51538,45.06175],[0.51763,45.06184],[0.51943,45.06122],[0.52126,45.06291],[0.52236,45.06516],[0.52487,45.06741],[0.52293,45.06879],[0.5224,45.07018],[0.52118,45.0702],[0.51968,45.07116],[0.5178,45.0732],[0.5174,45.07426],[0.51628,45.07472],[0.51471,45.07635],[0.51351,45.07704],[0.51256,45.07989],[0.51333,45.08074],[0.5118,45.08304],[0.512,45.08416],[0.51338,45.08541],[0.514,45.08675],[0.51466,45.08604],[0.51624,45.08603],[0.51657,45.09145],[0.51915,45.09105],[0.51923,45.09352],[0.51648,45.09572],[0.51545,45.09759],[0.51627,45.10202],[0.5163,45.10335],[0.51798,45.10304],[0.52191,45.10371],[0.52598,45.10377],[0.529,45.10526],[0.5315,45.10582],[0.53362,45.10541],[0.53487,45.10685],[0.53474,45.10891],[0.53557,45.11031],[0.5349,45.11178],[0.53616,45.1131],[0.53843,45.1124],[0.53982,45.10923],[0.54197,45.10949],[0.54323,45.11142],[0.54472,45.11168],[0.54507,45.11309],[0.54667,45.11294],[0.54874,45.11209],[0.55147,45.1121],[0.55269,45.11332],[0.553,45.11585],[0.55391,45.11689],[0.55525,45.11695],[0.55611,45.11652],[0.55867,45.11629],[0.56103,45.11554],[0.56221,45.11294],[0.56206,45.11207],[0.56296,45.10999],[0.56248,45.10882],[0.56316,45.10723],[0.56546,45.10449],[0.5674,45.10331],[0.56186,45.10031],[0.56035,45.09869],[0.56298,45.0958],[0.56429,45.09511],[0.56512,45.09341],[0.56461,45.09246],[0.56554,45.08952],[0.56262,45.08414],[0.56422,45.08302],[0.56547,45.08004],[0.56715,45.07755],[0.56771,45.07518],[0.5675,45.07287],[0.56815,45.07182],[0.56584,45.06955],[0.56284,45.06845],[0.56208,45.06781],[0.55819,45.06752],[0.55755,45.0672],[0.55773,45.06387],[0.55602,45.06354],[0.55267,45.06385],[0.55109,45.06313],[0.54707,45.0623],[0.54543,45.06217],[0.54246,45.06317],[0.54021,45.06309],[0.52986,45.06379],[0.52853,45.06413],[0.52754,45.06504],[0.52641,45.06307],[0.52715,45.06063],[0.52822,45.0598],[0.53173,45.05475]]]}},{"type":"Feature","id":"fr-commune-24206","properties":{"id":"fr-commune-24206","name":"Grives","kind":"commune","center":[1.0745,44.7632],"code":"24206","department":"24"},"bbox":[1.05347,44.74181,1.09549,44.78449],"geometry":{"type":"Polygon","coordinates":[[[1.09499,44.78265],[1.09549,44.78009],[1.09283,44.7788],[1.08986,44.77681],[1.09364,44.77392],[1.09472,44.77069],[1.08961,44.76683],[1.08882,44.76666],[1.08627,44.76381],[1.08807,44.76102],[1.09147,44.75969],[1.09106,44.75918],[1.09413,44.75869],[1.09269,44.75536],[1.09015,44.75008],[1.08925,44.74615],[1.08864,44.74545],[1.08929,44.74449],[1.08668,44.74303],[1.08626,44.74181],[1.08467,44.74216],[1.08333,44.74299],[1.08138,44.74347],[1.08004,44.74535],[1.07869,44.74575],[1.07684,44.74711],[1.07554,44.74726],[1.07571,44.74907],[1.06963,44.74874],[1.06807,44.75056],[1.06551,44.75246],[1.06364,44.75447],[1.06117,44.75666],[1.06013,44.76081],[1.05933,44.76199],[1.05665,44.76383],[1.05452,44.76586],[1.05347,44.76642],[1.05716,44.76952],[1.05904,44.76985],[1.06262,44.77146],[1.06303,44.77364],[1.06751,44.77136],[1.0683,44.77431],[1.07015,44.77534],[1.07341,44.7761],[1.07273,44.77721],[1.07824,44.77716],[1.07893,44.77765],[1.08083,44.77734],[1.08314,44.7774],[1.0851,44.77823],[1.08476,44.78057],[1.08359,44.7823],[1.08429,44.78403],[1.08832,44.78449],[1.08967,44.78309],[1.09499,44.78265]]]}},{"type":"Feature","id":"fr-commune-24207","properties":{"id":"fr-commune-24207","name":"Groléjac","kind":"commune","center":[1.2947,44.8111],"code":"24207","department":"24"},"bbox":[1.26401,44.78982,1.32533,44.83231],"geometry":{"type":"Polygon","coordinates":[[[1.32533,44.80599],[1.32325,44.80509],[1.32063,44.80345],[1.31937,44.80308],[1.31333,44.80218],[1.3115,44.80166],[1.30792,44.80001],[1.30152,44.79793],[1.29826,44.79619],[1.29804,44.79475],[1.29341,44.79019],[1.2934,44.78982],[1.28876,44.7906],[1.28485,44.79243],[1.28284,44.79287],[1.28031,44.79268],[1.27719,44.79296],[1.27332,44.79472],[1.27205,44.79596],[1.2718,44.79842],[1.27207,44.79961],[1.2701,44.80196],[1.2705,44.80334],[1.26703,44.8042],[1.26401,44.80542],[1.26509,44.80692],[1.2683,44.80811],[1.27017,44.80933],[1.27084,44.81073],[1.27345,44.81802],[1.27176,44.82224],[1.27372,44.82471],[1.27697,44.82415],[1.28123,44.82374],[1.28455,44.82415],[1.28976,44.82545],[1.28834,44.82796],[1.28679,44.83168],[1.28792,44.83231],[1.2895,44.83191],[1.29056,44.83011],[1.29435,44.82654],[1.29563,44.82725],[1.29703,44.82637],[1.30228,44.82513],[1.31224,44.82157],[1.3136,44.82092],[1.31622,44.81838],[1.31885,44.8173],[1.3193,44.81581],[1.32034,44.81499],[1.32101,44.81308],[1.32057,44.81095],[1.32133,44.80888],[1.3244,44.80639],[1.32533,44.80599]]]}},{"type":"Feature","id":"fr-commune-24208","properties":{"id":"fr-commune-24208","name":"Grun-Bordas","kind":"commune","center":[0.6468,45.0461],"code":"24208","department":"24"},"bbox":[0.61699,45.026,0.6767,45.06629],"geometry":{"type":"Polygon","coordinates":[[[0.61922,45.026],[0.61875,45.02732],[0.61932,45.02875],[0.61901,45.02948],[0.62053,45.03177],[0.62238,45.033],[0.62409,45.03476],[0.62404,45.03766],[0.61923,45.0375],[0.61933,45.03823],[0.61807,45.04231],[0.61726,45.04354],[0.61849,45.04458],[0.62008,45.04424],[0.62274,45.04691],[0.62575,45.04625],[0.62741,45.04815],[0.62812,45.05],[0.62508,45.05121],[0.62139,45.05229],[0.61982,45.05506],[0.62054,45.05602],[0.62039,45.05732],[0.62182,45.05763],[0.61877,45.05896],[0.61906,45.05999],[0.61705,45.06426],[0.61699,45.06519],[0.61992,45.06572],[0.62158,45.06516],[0.63463,45.06315],[0.63955,45.06629],[0.64436,45.06416],[0.64659,45.06207],[0.64719,45.06],[0.64906,45.05721],[0.65114,45.05553],[0.65299,45.05442],[0.65399,45.05605],[0.65545,45.05713],[0.65861,45.0586],[0.66033,45.05865],[0.66526,45.05815],[0.6706,45.05577],[0.67269,45.05521],[0.67362,45.05336],[0.6767,45.04972],[0.67512,45.04672],[0.6737,45.04732],[0.67092,45.04587],[0.66784,45.04463],[0.66655,45.04351],[0.66234,45.04135],[0.66179,45.04068],[0.65973,45.04001],[0.65982,45.03901],[0.65525,45.0362],[0.65145,45.03303],[0.64846,45.03031],[0.64464,45.02801],[0.64259,45.02734],[0.63877,45.02689],[0.63564,45.02725],[0.63427,45.02654],[0.63085,45.02645],[0.62984,45.02604],[0.62807,45.02708],[0.62354,45.02725],[0.62286,45.02778],[0.61922,45.026]]]}},{"type":"Feature","id":"fr-commune-24209","properties":{"id":"fr-commune-24209","name":"Hautefaye","kind":"commune","center":[0.5063,45.5381],"code":"24209","department":"24"},"bbox":[0.47245,45.51691,0.53992,45.55792],"geometry":{"type":"Polygon","coordinates":[[[0.53992,45.53642],[0.5392,45.53507],[0.53773,45.53486],[0.53761,45.53159],[0.53905,45.53097],[0.53783,45.52962],[0.53543,45.52881],[0.53745,45.5277],[0.53645,45.52684],[0.53503,45.52646],[0.53251,45.52831],[0.52993,45.52825],[0.52593,45.5292],[0.52388,45.52577],[0.52117,45.52443],[0.51853,45.52404],[0.51666,45.52272],[0.51231,45.52042],[0.51189,45.51948],[0.50978,45.51987],[0.50657,45.51867],[0.50392,45.51691],[0.5021,45.51901],[0.49926,45.51908],[0.49773,45.51979],[0.49467,45.52001],[0.4938,45.52216],[0.49049,45.52329],[0.48707,45.52496],[0.48494,45.52503],[0.48052,45.52783],[0.47798,45.52897],[0.4774,45.53038],[0.47605,45.53198],[0.47427,45.53289],[0.47346,45.53269],[0.47245,45.53421],[0.47349,45.53676],[0.47389,45.5387],[0.48041,45.53886],[0.48412,45.53866],[0.48586,45.53832],[0.48621,45.54281],[0.48834,45.54126],[0.48977,45.54272],[0.49195,45.54271],[0.49419,45.54473],[0.49431,45.54711],[0.49662,45.54598],[0.49982,45.54506],[0.5006,45.54641],[0.50179,45.54724],[0.50283,45.54952],[0.50495,45.55228],[0.5065,45.55388],[0.50603,45.55506],[0.50797,45.55399],[0.50931,45.55501],[0.51266,45.55445],[0.51454,45.55451],[0.51769,45.55614],[0.51893,45.55646],[0.51828,45.55786],[0.52009,45.55792],[0.52223,45.55707],[0.52427,45.55332],[0.52718,45.55176],[0.52878,45.54922],[0.53027,45.54746],[0.52583,45.54584],[0.52569,45.54357],[0.5247,45.54213],[0.52472,45.53961],[0.52895,45.5416],[0.53467,45.53915],[0.53658,45.53801],[0.53869,45.53744],[0.53992,45.53642]]]}},{"type":"Feature","id":"fr-commune-24210","properties":{"id":"fr-commune-24210","name":"Hautefort","kind":"commune","center":[1.1368,45.2598],"code":"24210","department":"24"},"bbox":[1.08345,45.23036,1.19027,45.28927],"geometry":{"type":"Polygon","coordinates":[[[1.09262,45.24192],[1.09277,45.24318],[1.09198,45.24386],[1.08817,45.24439],[1.08601,45.24587],[1.08345,45.24667],[1.08399,45.24959],[1.08537,45.25056],[1.08744,45.25114],[1.08878,45.25227],[1.08934,45.25349],[1.08818,45.25421],[1.08801,45.25525],[1.08891,45.25644],[1.09147,45.25801],[1.09371,45.25816],[1.09549,45.2599],[1.09602,45.2619],[1.09515,45.26492],[1.0955,45.26533],[1.0968,45.26653],[1.09966,45.2674],[1.10222,45.26685],[1.10485,45.26714],[1.10907,45.26827],[1.11232,45.26853],[1.11028,45.27168],[1.11356,45.27435],[1.11664,45.2751],[1.11864,45.27714],[1.12126,45.27631],[1.12126,45.27516],[1.12432,45.27465],[1.1256,45.27308],[1.12726,45.27486],[1.12946,45.27608],[1.13035,45.2754],[1.1328,45.27769],[1.1351,45.27885],[1.13555,45.2798],[1.13477,45.28045],[1.13461,45.28223],[1.13568,45.28378],[1.13565,45.28575],[1.13683,45.28664],[1.13921,45.28717],[1.14203,45.28725],[1.14551,45.28791],[1.14677,45.28927],[1.15138,45.28734],[1.15192,45.2866],[1.15374,45.28634],[1.1552,45.28735],[1.15784,45.28764],[1.16023,45.28697],[1.16221,45.2869],[1.16315,45.28607],[1.16649,45.28561],[1.16662,45.28304],[1.16603,45.28097],[1.16529,45.27998],[1.1634,45.27891],[1.16305,45.27711],[1.16322,45.27544],[1.16266,45.27413],[1.16068,45.27146],[1.16331,45.26934],[1.16178,45.26781],[1.16511,45.26747],[1.16611,45.26688],[1.17046,45.26664],[1.17364,45.2659],[1.17499,45.26514],[1.17691,45.2634],[1.18095,45.26136],[1.18256,45.25949],[1.18586,45.25759],[1.18571,45.25666],[1.18642,45.25507],[1.18858,45.25216],[1.19027,45.25074],[1.18952,45.25019],[1.18929,45.24885],[1.18793,45.24733],[1.186,45.24437],[1.18198,45.24094],[1.18014,45.2402],[1.18079,45.23836],[1.17912,45.23817],[1.17739,45.23874],[1.17583,45.24025],[1.17182,45.24309],[1.16977,45.24379],[1.16896,45.24552],[1.16749,45.24635],[1.16689,45.24744],[1.16508,45.24816],[1.16284,45.25024],[1.16192,45.25253],[1.16086,45.25302],[1.15998,45.25451],[1.15442,45.25628],[1.15162,45.25665],[1.15241,45.25412],[1.15021,45.25337],[1.14831,45.24999],[1.14672,45.24918],[1.14625,45.24832],[1.14455,45.24926],[1.14243,45.25143],[1.14154,45.25139],[1.13927,45.25264],[1.13824,45.2523],[1.13714,45.25034],[1.13765,45.24642],[1.13657,45.24242],[1.13041,45.24225],[1.13079,45.23967],[1.13051,45.23818],[1.13181,45.23662],[1.13067,45.23576],[1.12741,45.23512],[1.12875,45.23168],[1.12856,45.23036],[1.12516,45.2311],[1.11952,45.23298],[1.11796,45.23461],[1.11774,45.23617],[1.11481,45.23785],[1.11235,45.236],[1.11028,45.23486],[1.10891,45.23467],[1.10797,45.23587],[1.10192,45.23895],[1.0997,45.23984],[1.09851,45.24079],[1.09557,45.24062],[1.09262,45.24192]]]}},{"type":"Feature","id":"fr-commune-24211","properties":{"id":"fr-commune-24211","name":"Issac","kind":"commune","center":[0.4506,45.0143],"code":"24211","department":"24"},"bbox":[0.41196,44.98391,0.48915,45.04476],"geometry":{"type":"Polygon","coordinates":[[[0.48352,45.02049],[0.48313,45.01923],[0.4815,45.01644],[0.48163,45.01502],[0.47957,45.01047],[0.48081,45.01013],[0.48753,45.0099],[0.48915,45.0093],[0.48876,45.00838],[0.48724,45.00725],[0.48774,45.00564],[0.485,45.004],[0.48167,45.00163],[0.4777,44.99922],[0.47729,44.99813],[0.47588,44.99663],[0.47189,44.99603],[0.46715,44.99339],[0.46395,44.99259],[0.46329,44.99153],[0.46445,44.99051],[0.46275,44.98812],[0.4615,44.98778],[0.46013,44.98649],[0.45986,44.98514],[0.45874,44.98391],[0.45592,44.9855],[0.45465,44.98517],[0.45173,44.98634],[0.4533,44.98915],[0.45182,44.98951],[0.44822,44.99227],[0.44769,44.99302],[0.44408,44.99313],[0.44103,44.99371],[0.43803,44.9955],[0.43751,44.99798],[0.43615,44.99881],[0.43527,45.00083],[0.43353,45.00157],[0.43253,45.00146],[0.4297,45.00232],[0.42694,45.00243],[0.42266,45.00393],[0.41977,45.00536],[0.41712,45.00718],[0.41455,45.00845],[0.41196,45.01047],[0.41198,45.01121],[0.41344,45.01216],[0.41358,45.01382],[0.41488,45.01625],[0.41612,45.01704],[0.41526,45.01832],[0.41589,45.02079],[0.41738,45.02229],[0.41873,45.0244],[0.42065,45.0259],[0.42162,45.02628],[0.42448,45.03135],[0.4268,45.03478],[0.42935,45.03533],[0.43135,45.03634],[0.43112,45.03748],[0.43267,45.03823],[0.43518,45.04038],[0.43566,45.04136],[0.43714,45.04174],[0.4386,45.04283],[0.43969,45.04269],[0.44313,45.04476],[0.44416,45.04399],[0.44519,45.04118],[0.4479,45.03785],[0.44914,45.03758],[0.44977,45.03624],[0.44872,45.03434],[0.45298,45.03562],[0.45836,45.03621],[0.46052,45.03787],[0.46541,45.03854],[0.46705,45.03833],[0.46928,45.03739],[0.47164,45.03539],[0.47367,45.03495],[0.47697,45.03438],[0.47951,45.0345],[0.47872,45.03211],[0.4769,45.03054],[0.47961,45.02904],[0.47937,45.02627],[0.47996,45.02372],[0.4825,45.02176],[0.48352,45.02049]]]}},{"type":"Feature","id":"fr-commune-24212","properties":{"id":"fr-commune-24212","name":"Issigeac","kind":"commune","center":[0.6062,44.7297],"code":"24212","department":"24"},"bbox":[0.57947,44.7095,0.63284,44.74993],"geometry":{"type":"Polygon","coordinates":[[[0.63109,44.73131],[0.63284,44.72844],[0.63175,44.72844],[0.62661,44.72539],[0.62711,44.72441],[0.62527,44.72361],[0.62618,44.72195],[0.62627,44.72047],[0.6285,44.71906],[0.6255,44.7162],[0.62368,44.71566],[0.62209,44.716],[0.62108,44.71569],[0.6189,44.71628],[0.6163,44.7166],[0.61402,44.71803],[0.61286,44.7167],[0.61077,44.71821],[0.60901,44.71831],[0.60747,44.71786],[0.60581,44.71823],[0.60313,44.71754],[0.60088,44.71845],[0.59942,44.71741],[0.59926,44.71614],[0.59969,44.71424],[0.59767,44.7095],[0.59021,44.71128],[0.58965,44.71184],[0.58624,44.71176],[0.58453,44.71142],[0.58379,44.71237],[0.58141,44.71298],[0.58053,44.7148],[0.58117,44.71509],[0.5832,44.71751],[0.58138,44.71813],[0.58208,44.71879],[0.58212,44.72023],[0.58353,44.72049],[0.58509,44.7218],[0.58417,44.72313],[0.58139,44.72421],[0.58081,44.72563],[0.57947,44.72609],[0.58045,44.7267],[0.58235,44.72698],[0.58505,44.72791],[0.58921,44.7282],[0.58864,44.73201],[0.59048,44.73171],[0.59154,44.73091],[0.59278,44.73121],[0.59483,44.73018],[0.59697,44.73021],[0.5979,44.73102],[0.59632,44.73315],[0.59871,44.73332],[0.60385,44.7344],[0.60262,44.73537],[0.60234,44.73648],[0.59953,44.7399],[0.59708,44.7413],[0.5968,44.74208],[0.59479,44.74371],[0.59397,44.74651],[0.59725,44.74741],[0.59882,44.74865],[0.59955,44.74811],[0.60623,44.74915],[0.60821,44.74993],[0.6121,44.74892],[0.61104,44.74713],[0.61566,44.7454],[0.61378,44.74407],[0.61606,44.74181],[0.61679,44.739],[0.61882,44.73551],[0.61999,44.73516],[0.62253,44.73163],[0.62237,44.73061],[0.62471,44.73066],[0.62676,44.73115],[0.62845,44.73082],[0.63109,44.73131]]]}},{"type":"Feature","id":"fr-commune-24213","properties":{"id":"fr-commune-24213","name":"Jaure","kind":"commune","center":[0.5555,45.0548],"code":"24213","department":"24"},"bbox":[0.52641,45.0412,0.58447,45.06845],"geometry":{"type":"Polygon","coordinates":[[[0.57754,45.05807],[0.57984,45.05576],[0.581,45.05392],[0.58243,45.0507],[0.58447,45.04814],[0.5828,45.04604],[0.57608,45.04518],[0.56922,45.04293],[0.56755,45.04262],[0.56314,45.04273],[0.55729,45.0412],[0.55558,45.04128],[0.55026,45.04464],[0.5458,45.04629],[0.54263,45.04701],[0.54284,45.04845],[0.5425,45.05097],[0.54163,45.05059],[0.53929,45.05276],[0.53571,45.05396],[0.53414,45.05291],[0.53173,45.05475],[0.52822,45.0598],[0.52715,45.06063],[0.52641,45.06307],[0.52754,45.06504],[0.52853,45.06413],[0.52986,45.06379],[0.54021,45.06309],[0.54246,45.06317],[0.54543,45.06217],[0.54707,45.0623],[0.55109,45.06313],[0.55267,45.06385],[0.55602,45.06354],[0.55773,45.06387],[0.55755,45.0672],[0.55819,45.06752],[0.56208,45.06781],[0.56284,45.06845],[0.56522,45.06668],[0.56659,45.06487],[0.56845,45.06359],[0.57003,45.06152],[0.57112,45.06072],[0.57663,45.05859],[0.57754,45.05807]]]}},{"type":"Feature","id":"fr-commune-24214","properties":{"id":"fr-commune-24214","name":"Javerlhac-et-la-Chapelle-Saint-Robert","kind":"commune","center":[0.5533,45.5587],"code":"24214","department":"24"},"bbox":[0.49889,45.52858,0.60775,45.58835],"geometry":{"type":"Polygon","coordinates":[[[0.60185,45.57358],[0.60707,45.57141],[0.60775,45.57086],[0.60675,45.56993],[0.60693,45.56914],[0.60487,45.56697],[0.605,45.566],[0.60255,45.56477],[0.60115,45.56359],[0.59867,45.5635],[0.59726,45.56396],[0.59601,45.56286],[0.5929,45.56165],[0.59183,45.56049],[0.5929,45.55924],[0.59308,45.5581],[0.59454,45.55811],[0.594,45.55577],[0.59279,45.55435],[0.5948,45.55356],[0.59752,45.55304],[0.59934,45.55364],[0.60153,45.55268],[0.6041,45.55279],[0.6032,45.55],[0.60613,45.54949],[0.60516,45.54875],[0.59789,45.54492],[0.59593,45.54418],[0.59301,45.54632],[0.59057,45.54637],[0.58689,45.54713],[0.58586,45.54846],[0.58691,45.5491],[0.58663,45.55042],[0.58448,45.55149],[0.58299,45.55098],[0.58125,45.54949],[0.57861,45.55059],[0.5777,45.55202],[0.57652,45.55268],[0.57268,45.55187],[0.57328,45.55077],[0.57301,45.54874],[0.57346,45.54689],[0.57305,45.54553],[0.5689,45.54138],[0.56982,45.53978],[0.56912,45.53857],[0.56603,45.53663],[0.56785,45.53584],[0.56643,45.53235],[0.56317,45.52858],[0.56167,45.52913],[0.55967,45.52893],[0.55776,45.53065],[0.55576,45.53094],[0.55315,45.53048],[0.55282,45.53184],[0.55128,45.53237],[0.55152,45.53379],[0.55078,45.53647],[0.54816,45.53625],[0.54226,45.53606],[0.53992,45.53642],[0.53869,45.53744],[0.53658,45.53801],[0.53467,45.53915],[0.52895,45.5416],[0.52472,45.53961],[0.5247,45.54213],[0.52569,45.54357],[0.52583,45.54584],[0.53027,45.54746],[0.52878,45.54922],[0.52718,45.55176],[0.52427,45.55332],[0.52223,45.55707],[0.52009,45.55792],[0.51828,45.55786],[0.51893,45.55646],[0.51769,45.55614],[0.51454,45.55451],[0.51266,45.55445],[0.50931,45.55501],[0.50797,45.55399],[0.50603,45.55506],[0.50596,45.55669],[0.50667,45.55865],[0.50894,45.55986],[0.50726,45.56099],[0.50559,45.5608],[0.50348,45.56183],[0.49913,45.56437],[0.49889,45.565],[0.50509,45.56911],[0.50417,45.56995],[0.5036,45.57152],[0.50067,45.57305],[0.50206,45.57361],[0.50524,45.57674],[0.50705,45.57766],[0.50733,45.57859],[0.50933,45.58009],[0.51416,45.58437],[0.5125,45.58558],[0.514,45.58689],[0.51625,45.58819],[0.52023,45.5872],[0.52326,45.58819],[0.52532,45.58835],[0.52886,45.58565],[0.52874,45.58505],[0.53037,45.58417],[0.53249,45.58373],[0.53448,45.58383],[0.5377,45.58235],[0.54011,45.58206],[0.54133,45.58032],[0.54183,45.57832],[0.54297,45.5774],[0.54472,45.57844],[0.54544,45.57849],[0.54976,45.57723],[0.55271,45.57572],[0.55747,45.57501],[0.5587,45.57525],[0.5614,45.5746],[0.56405,45.57453],[0.56602,45.5748],[0.56711,45.57602],[0.5694,45.57541],[0.57056,45.57459],[0.57237,45.57474],[0.57291,45.57405],[0.57661,45.57535],[0.58284,45.5764],[0.58522,45.57368],[0.5871,45.57235],[0.58996,45.57345],[0.59039,45.57458],[0.59352,45.5759],[0.59619,45.57599],[0.5977,45.5755],[0.60185,45.57358]]]}},{"type":"Feature","id":"fr-commune-24215","properties":{"id":"fr-commune-24215","name":"Jayac","kind":"commune","center":[1.3518,45.0293],"code":"24215","department":"24"},"bbox":[1.31628,45.00001,1.3862,45.05856],"geometry":{"type":"Polygon","coordinates":[[[1.37116,45.00001],[1.36852,45.00183],[1.36682,45.00507],[1.36586,45.00535],[1.36447,45.00585],[1.36139,45.00597],[1.35996,45.00641],[1.35861,45.00754],[1.35694,45.00984],[1.35473,45.01006],[1.35437,45.01103],[1.3528,45.01254],[1.34792,45.01399],[1.34582,45.01431],[1.34104,45.01252],[1.33601,45.01143],[1.33524,45.01089],[1.33213,45.01027],[1.32994,45.01117],[1.33037,45.01284],[1.32986,45.0146],[1.32952,45.01757],[1.33002,45.019],[1.32916,45.02138],[1.32723,45.02268],[1.3247,45.02379],[1.32313,45.02408],[1.32129,45.02543],[1.32099,45.02625],[1.31873,45.02612],[1.31755,45.02661],[1.31829,45.028],[1.31803,45.02954],[1.31628,45.03163],[1.31966,45.03381],[1.32298,45.03498],[1.32448,45.03585],[1.32553,45.03578],[1.32595,45.03746],[1.32497,45.03855],[1.32787,45.03885],[1.33134,45.04531],[1.33061,45.04642],[1.33111,45.04846],[1.33074,45.04974],[1.33313,45.0512],[1.3335,45.05215],[1.33488,45.05197],[1.33751,45.05236],[1.33801,45.05426],[1.33806,45.05737],[1.33904,45.05856],[1.34064,45.05727],[1.3411,45.05571],[1.34225,45.05419],[1.34375,45.05358],[1.34517,45.05396],[1.34679,45.05367],[1.34846,45.05213],[1.34961,45.0527],[1.35305,45.05089],[1.35752,45.04985],[1.35957,45.0497],[1.36068,45.04921],[1.36221,45.04778],[1.36516,45.04672],[1.36833,45.0464],[1.36962,45.04693],[1.37215,45.04582],[1.37153,45.04505],[1.3718,45.04318],[1.3736,45.04131],[1.37537,45.04082],[1.37569,45.03886],[1.375,45.03739],[1.3751,45.03556],[1.37615,45.03486],[1.37841,45.03471],[1.38029,45.03494],[1.38112,45.0343],[1.38099,45.03316],[1.38153,45.03159],[1.38109,45.03006],[1.38232,45.02869],[1.3862,45.02809],[1.38603,45.02718],[1.38341,45.02668],[1.38001,45.02461],[1.3759,45.01967],[1.37337,45.01799],[1.37218,45.01508],[1.37343,45.01295],[1.37536,45.01224],[1.3764,45.00951],[1.37527,45.00844],[1.37298,45.00261],[1.37116,45.00001]]]}},{"type":"Feature","id":"fr-commune-24216","properties":{"id":"fr-commune-24216","name":"La Jemaye-Ponteyraud","kind":"commune","center":[0.2602,45.1666],"code":"24216","department":"24"},"bbox":[0.20944,45.13219,0.31116,45.20034],"geometry":{"type":"Polygon","coordinates":[[[0.30829,45.16157],[0.30682,45.15854],[0.30401,45.15639],[0.3038,45.15475],[0.30171,45.1541],[0.2993,45.15393],[0.29684,45.15306],[0.29553,45.15138],[0.29293,45.1509],[0.2934,45.14915],[0.2926,45.14703],[0.29042,45.14627],[0.28876,45.14628],[0.288,45.14518],[0.28628,45.14465],[0.28432,45.14283],[0.28393,45.13931],[0.28274,45.13857],[0.28059,45.1385],[0.27875,45.13707],[0.27736,45.13673],[0.27593,45.13468],[0.27534,45.13247],[0.27038,45.13219],[0.268,45.13534],[0.26583,45.13651],[0.26499,45.1376],[0.25928,45.13815],[0.25786,45.13891],[0.25226,45.13594],[0.2513,45.13664],[0.24671,45.13652],[0.2442,45.13603],[0.24251,45.13614],[0.23872,45.13799],[0.23759,45.14079],[0.23909,45.14328],[0.23874,45.1453],[0.23656,45.14477],[0.23287,45.14302],[0.22871,45.14302],[0.22507,45.14247],[0.22318,45.14296],[0.21841,45.14342],[0.21829,45.14552],[0.21993,45.14859],[0.21789,45.14923],[0.21277,45.1503],[0.20944,45.15127],[0.2099,45.15309],[0.2124,45.15494],[0.21387,45.15564],[0.21511,45.15699],[0.21852,45.15787],[0.22079,45.15913],[0.2221,45.16053],[0.22433,45.16153],[0.22513,45.16232],[0.22694,45.16231],[0.22798,45.164],[0.22983,45.16337],[0.23159,45.16397],[0.23262,45.16537],[0.2326,45.16744],[0.23102,45.16813],[0.23064,45.16946],[0.22954,45.16993],[0.22869,45.17119],[0.22902,45.17315],[0.22811,45.1738],[0.22767,45.17508],[0.22846,45.17556],[0.22839,45.17731],[0.22755,45.17781],[0.22718,45.18058],[0.22473,45.18264],[0.22488,45.18567],[0.22394,45.1866],[0.22468,45.18783],[0.22374,45.18931],[0.22505,45.19034],[0.22738,45.19014],[0.22966,45.19179],[0.23281,45.19085],[0.23378,45.19125],[0.23369,45.19297],[0.23253,45.19574],[0.23309,45.19848],[0.23415,45.20032],[0.24121,45.20034],[0.24473,45.20019],[0.2483,45.19925],[0.25193,45.19887],[0.25162,45.19698],[0.25267,45.19664],[0.2521,45.19369],[0.25388,45.19271],[0.25604,45.191],[0.25593,45.19011],[0.25729,45.18919],[0.25923,45.18894],[0.26193,45.18751],[0.26684,45.18684],[0.2686,45.18604],[0.27063,45.18465],[0.27238,45.18468],[0.27444,45.18391],[0.27488,45.18312],[0.27957,45.18071],[0.28037,45.18136],[0.28226,45.18049],[0.28425,45.17889],[0.28666,45.17922],[0.2889,45.17884],[0.28961,45.17732],[0.29255,45.17565],[0.29469,45.17652],[0.29613,45.17655],[0.29904,45.17577],[0.29933,45.17484],[0.30223,45.17456],[0.30367,45.17409],[0.3053,45.17273],[0.31043,45.17207],[0.31,45.1709],[0.31089,45.16892],[0.31116,45.16648],[0.30981,45.16378],[0.30802,45.16294],[0.30829,45.16157]]]}},{"type":"Feature","id":"fr-commune-24217","properties":{"id":"fr-commune-24217","name":"Journiac","kind":"commune","center":[0.8877,44.9676],"code":"24217","department":"24"},"bbox":[0.84928,44.94085,0.92593,44.99429],"geometry":{"type":"Polygon","coordinates":[[[0.92345,44.95586],[0.92034,44.95498],[0.91838,44.955],[0.91691,44.95377],[0.91594,44.95432],[0.91425,44.95436],[0.91384,44.95513],[0.91152,44.9554],[0.91036,44.95269],[0.90954,44.95182],[0.90991,44.95018],[0.90885,44.94716],[0.90915,44.94582],[0.90835,44.94519],[0.90597,44.94124],[0.90415,44.94085],[0.8998,44.94549],[0.89554,44.94399],[0.89473,44.94468],[0.89348,44.94408],[0.89563,44.94144],[0.89367,44.9417],[0.89174,44.94321],[0.88965,44.94357],[0.88644,44.94357],[0.88182,44.94448],[0.88119,44.94536],[0.87965,44.94604],[0.8781,44.946],[0.87685,44.9454],[0.87463,44.94551],[0.87231,44.94714],[0.87006,44.94817],[0.86735,44.94861],[0.86487,44.94984],[0.86408,44.95179],[0.86279,44.9526],[0.86241,44.95537],[0.85971,44.95858],[0.85845,44.95967],[0.85813,44.96361],[0.85751,44.96464],[0.85829,44.96723],[0.85831,44.96929],[0.85886,44.97065],[0.85732,44.97274],[0.85319,44.97452],[0.8526,44.9762],[0.85195,44.97845],[0.85089,44.98003],[0.84928,44.9811],[0.85115,44.98214],[0.85345,44.98277],[0.85604,44.98383],[0.85899,44.98357],[0.86116,44.98402],[0.86324,44.98496],[0.86436,44.98618],[0.86627,44.98972],[0.8681,44.99225],[0.87125,44.99429],[0.8731,44.99331],[0.87501,44.98886],[0.87815,44.98736],[0.88501,44.98774],[0.88982,44.98781],[0.8938,44.98756],[0.89456,44.98697],[0.89523,44.98513],[0.89498,44.98284],[0.89544,44.98124],[0.89806,44.97846],[0.89853,44.9771],[0.8998,44.97536],[0.90078,44.97512],[0.90197,44.9739],[0.90277,44.97218],[0.90429,44.97294],[0.90592,44.97254],[0.90823,44.97306],[0.91148,44.97252],[0.91201,44.97146],[0.91167,44.97005],[0.91523,44.96892],[0.91647,44.9664],[0.91748,44.96591],[0.92006,44.96589],[0.92011,44.967],[0.92324,44.96544],[0.9251,44.96481],[0.92593,44.96365],[0.92521,44.96254],[0.92559,44.9608],[0.92544,44.9584],[0.9232,44.95688],[0.92345,44.95586]]]}},{"type":"Feature","id":"fr-commune-24218","properties":{"id":"fr-commune-24218","name":"Jumilhac-le-Grand","kind":"commune","center":[1.0874,45.5032],"code":"24218","department":"24"},"bbox":[1.00725,45.45161,1.16751,45.55489],"geometry":{"type":"Polygon","coordinates":[[[1.08474,45.53147],[1.08551,45.53178],[1.08601,45.53572],[1.0865,45.53737],[1.08732,45.53746],[1.08985,45.53587],[1.0923,45.53526],[1.09371,45.53536],[1.09525,45.53712],[1.0971,45.53825],[1.10127,45.53677],[1.10404,45.53695],[1.10479,45.53817],[1.10656,45.53984],[1.10672,45.54105],[1.10566,45.54308],[1.10663,45.54481],[1.10964,45.54524],[1.11239,45.544],[1.11324,45.54556],[1.11592,45.54582],[1.11674,45.54769],[1.11991,45.54754],[1.11992,45.54645],[1.11888,45.546],[1.11907,45.54493],[1.12017,45.5439],[1.12277,45.54412],[1.12515,45.54519],[1.12618,45.54528],[1.1291,45.54457],[1.1296,45.54338],[1.12913,45.54112],[1.12983,45.54061],[1.13225,45.54141],[1.13492,45.54059],[1.13694,45.5409],[1.13886,45.53853],[1.13986,45.53786],[1.14616,45.5356],[1.14887,45.53407],[1.15128,45.53322],[1.15618,45.53042],[1.15825,45.52941],[1.15938,45.52943],[1.16506,45.52672],[1.16751,45.52487],[1.16386,45.52243],[1.15821,45.52002],[1.15514,45.5185],[1.15005,45.51715],[1.14854,45.5164],[1.14481,45.51342],[1.14491,45.51229],[1.14193,45.51038],[1.13897,45.5089],[1.13848,45.50695],[1.13538,45.50626],[1.13424,45.50531],[1.13317,45.50316],[1.1324,45.5024],[1.13231,45.501],[1.13056,45.49845],[1.12996,45.49613],[1.12839,45.49442],[1.12819,45.49366],[1.12604,45.49229],[1.11987,45.48765],[1.11858,45.48787],[1.11407,45.48689],[1.11101,45.48535],[1.10856,45.48462],[1.1075,45.48326],[1.10469,45.48468],[1.0991,45.48345],[1.09621,45.48225],[1.09049,45.48136],[1.09268,45.4798],[1.09446,45.47933],[1.09483,45.47848],[1.09279,45.47656],[1.09231,45.47516],[1.0925,45.47241],[1.0933,45.47107],[1.09309,45.46999],[1.09179,45.46998],[1.08838,45.46836],[1.08557,45.46761],[1.08318,45.46619],[1.08287,45.4656],[1.08038,45.46367],[1.07779,45.46257],[1.07444,45.46239],[1.07266,45.46179],[1.07099,45.46076],[1.0687,45.46055],[1.06593,45.45988],[1.06566,45.46057],[1.06403,45.46077],[1.06399,45.46333],[1.06239,45.46241],[1.05799,45.46059],[1.05273,45.45924],[1.05136,45.45725],[1.05005,45.45457],[1.04858,45.45337],[1.04756,45.45196],[1.04337,45.45161],[1.04137,45.45342],[1.03885,45.45409],[1.034,45.4529],[1.03337,45.45422],[1.02917,45.45389],[1.02719,45.45453],[1.02611,45.45681],[1.02387,45.45873],[1.02019,45.45923],[1.01789,45.46092],[1.01867,45.46067],[1.02215,45.461],[1.02488,45.4638],[1.02467,45.46487],[1.0255,45.46697],[1.02802,45.46946],[1.02852,45.47045],[1.02716,45.47189],[1.02597,45.47251],[1.02701,45.47406],[1.02822,45.4742],[1.03135,45.4712],[1.03232,45.47097],[1.03488,45.47129],[1.03516,45.4722],[1.03298,45.47299],[1.03426,45.47414],[1.03807,45.47507],[1.03954,45.47809],[1.03674,45.48055],[1.03723,45.48248],[1.03322,45.486],[1.03441,45.48888],[1.03426,45.49069],[1.03152,45.49318],[1.03074,45.49342],[1.02859,45.49553],[1.02759,45.49979],[1.02779,45.50409],[1.02578,45.50524],[1.0169,45.50542],[1.01651,45.50631],[1.01279,45.50703],[1.00995,45.50683],[1.00936,45.50766],[1.00778,45.50738],[1.00725,45.50845],[1.00861,45.50914],[1.00904,45.51034],[1.01084,45.51149],[1.01246,45.51182],[1.01369,45.51396],[1.01553,45.51351],[1.01823,45.51566],[1.02081,45.51587],[1.02277,45.51525],[1.02678,45.51529],[1.02691,45.51866],[1.02624,45.51952],[1.0256,45.52185],[1.02601,45.52297],[1.03017,45.52321],[1.03169,45.524],[1.03465,45.5242],[1.03616,45.52313],[1.03908,45.52373],[1.04022,45.52455],[1.04051,45.52783],[1.04164,45.52945],[1.04226,45.53115],[1.0448,45.53147],[1.04941,45.53252],[1.04883,45.53793],[1.05129,45.53917],[1.05484,45.54035],[1.05922,45.54103],[1.06357,45.54381],[1.06773,45.5448],[1.06568,45.54636],[1.06435,45.5488],[1.06292,45.55266],[1.06142,45.55439],[1.0617,45.55489],[1.06266,45.55481],[1.0655,45.55049],[1.06778,45.54883],[1.07082,45.54833],[1.07539,45.54572],[1.07588,45.54442],[1.07477,45.54294],[1.07681,45.54259],[1.07882,45.54014],[1.07793,45.53859],[1.07969,45.53731],[1.08048,45.53592],[1.08019,45.53454],[1.08272,45.53227],[1.08474,45.53147]]]}},{"type":"Feature","id":"fr-commune-24220","properties":{"id":"fr-commune-24220","name":"Lacropte","kind":"commune","center":[0.8383,45.0515],"code":"24220","department":"24"},"bbox":[0.793,45.01744,0.8836,45.08555],"geometry":{"type":"Polygon","coordinates":[[[0.8836,45.03575],[0.88003,45.0342],[0.87625,45.03316],[0.87371,45.03307],[0.8704,45.03329],[0.8719,45.03181],[0.87292,45.02968],[0.87535,45.02867],[0.87488,45.02408],[0.87367,45.02165],[0.87029,45.01981],[0.86806,45.02032],[0.86677,45.0201],[0.86407,45.02264],[0.86194,45.02215],[0.85759,45.02166],[0.85528,45.02056],[0.8545,45.01823],[0.85001,45.01788],[0.84943,45.01744],[0.84729,45.01869],[0.84766,45.01987],[0.84716,45.02096],[0.84716,45.02325],[0.84477,45.02303],[0.84293,45.02437],[0.84225,45.02536],[0.84059,45.02624],[0.83919,45.02626],[0.8359,45.02544],[0.83217,45.02585],[0.8285,45.02706],[0.82594,45.02749],[0.82371,45.02724],[0.8195,45.02725],[0.81724,45.02991],[0.81677,45.03084],[0.81445,45.03216],[0.81264,45.03203],[0.81027,45.03263],[0.80992,45.03363],[0.80717,45.03516],[0.80237,45.03406],[0.80158,45.03427],[0.80184,45.03624],[0.79975,45.0389],[0.79513,45.04095],[0.79519,45.04307],[0.79594,45.04663],[0.7978,45.04796],[0.79788,45.04882],[0.79907,45.05092],[0.80077,45.05232],[0.80095,45.05362],[0.8003,45.05482],[0.80093,45.05651],[0.80055,45.05725],[0.79768,45.05823],[0.79577,45.05766],[0.793,45.05861],[0.79564,45.06122],[0.79566,45.06275],[0.79658,45.06397],[0.80223,45.06796],[0.80235,45.0687],[0.8,45.07304],[0.80025,45.07389],[0.79817,45.07629],[0.79886,45.07822],[0.80339,45.08141],[0.80598,45.08258],[0.80761,45.0823],[0.80886,45.08372],[0.8087,45.08555],[0.81257,45.08346],[0.81508,45.08343],[0.81748,45.08374],[0.82112,45.08366],[0.82608,45.08194],[0.82873,45.07976],[0.83103,45.07653],[0.83261,45.07371],[0.83535,45.07175],[0.8382,45.06716],[0.8397,45.06409],[0.84118,45.06417],[0.84367,45.06342],[0.84512,45.06353],[0.84582,45.06154],[0.84774,45.05876],[0.84873,45.05831],[0.85398,45.053],[0.85501,45.05147],[0.85584,45.04858],[0.85691,45.0476],[0.85854,45.04414],[0.86471,45.04145],[0.8651,45.04058],[0.87091,45.04052],[0.87237,45.04028],[0.8763,45.04044],[0.87759,45.03925],[0.88049,45.03927],[0.88138,45.03896],[0.88279,45.03736],[0.8836,45.03575]]]}},{"type":"Feature","id":"fr-commune-24221","properties":{"id":"fr-commune-24221","name":"Rudeau-Ladosse","kind":"commune","center":[0.5277,45.4936],"code":"24221","department":"24"},"bbox":[0.49217,45.47532,0.56323,45.51182],"geometry":{"type":"Polygon","coordinates":[[[0.51521,45.49949],[0.51528,45.49862],[0.51976,45.49782],[0.52414,45.49933],[0.52542,45.50097],[0.52622,45.50128],[0.52752,45.49997],[0.53061,45.49939],[0.53101,45.50114],[0.53209,45.50141],[0.5329,45.50454],[0.53499,45.50425],[0.5358,45.50639],[0.53659,45.50704],[0.53593,45.508],[0.5362,45.50992],[0.53729,45.50952],[0.54145,45.5092],[0.54202,45.51092],[0.54352,45.51048],[0.54484,45.51091],[0.54617,45.51024],[0.54919,45.51148],[0.54984,45.51182],[0.55203,45.51081],[0.55431,45.51115],[0.55506,45.51004],[0.55671,45.50919],[0.5583,45.5105],[0.5592,45.50817],[0.56141,45.50766],[0.56261,45.50574],[0.56207,45.50472],[0.56323,45.50436],[0.56192,45.50124],[0.56044,45.50086],[0.5605,45.50007],[0.55998,45.49607],[0.56015,45.48993],[0.5594,45.48719],[0.56086,45.48296],[0.55791,45.47995],[0.5578,45.47797],[0.55632,45.47583],[0.55343,45.47536],[0.55205,45.47655],[0.55035,45.47675],[0.54777,45.47632],[0.54669,45.47698],[0.54401,45.47667],[0.54295,45.47755],[0.54017,45.47844],[0.53778,45.47575],[0.53588,45.4773],[0.53432,45.47672],[0.5337,45.4759],[0.53169,45.4759],[0.53102,45.47665],[0.5287,45.47723],[0.52656,45.47565],[0.52542,45.47532],[0.52338,45.4756],[0.52027,45.47673],[0.51665,45.47722],[0.51404,45.47814],[0.51321,45.47883],[0.51012,45.47671],[0.50685,45.47664],[0.50306,45.47788],[0.50245,45.47863],[0.50087,45.47882],[0.49735,45.48011],[0.49547,45.48171],[0.49477,45.48372],[0.49217,45.48563],[0.49328,45.48761],[0.4966,45.48872],[0.4982,45.49145],[0.50255,45.49325],[0.50551,45.49408],[0.50881,45.49464],[0.5099,45.49619],[0.51119,45.49648],[0.51125,45.49843],[0.51461,45.49989],[0.51521,45.49949]]]}},{"type":"Feature","id":"fr-commune-24222","properties":{"id":"fr-commune-24222","name":"La Force","kind":"commune","center":[0.358,44.8799],"code":"24222","department":"24"},"bbox":[0.33154,44.84964,0.38436,44.91024],"geometry":{"type":"Polygon","coordinates":[[[0.33818,44.90638],[0.33959,44.90804],[0.34317,44.91024],[0.34796,44.90842],[0.3499,44.90723],[0.35373,44.90643],[0.35432,44.90477],[0.35485,44.90124],[0.35637,44.89956],[0.35799,44.89912],[0.36199,44.8961],[0.36541,44.89593],[0.36673,44.89631],[0.36824,44.89609],[0.37021,44.8952],[0.37004,44.89354],[0.3686,44.89183],[0.36834,44.88982],[0.36738,44.88901],[0.37192,44.88713],[0.37512,44.88671],[0.38023,44.88475],[0.38186,44.88464],[0.38306,44.88349],[0.38313,44.8783],[0.38296,44.875],[0.38349,44.87436],[0.38291,44.87238],[0.38287,44.86975],[0.38325,44.86824],[0.38309,44.86572],[0.38436,44.86172],[0.3826,44.86003],[0.38104,44.84964],[0.37444,44.85],[0.37123,44.85059],[0.3692,44.85134],[0.36494,44.85384],[0.36278,44.85459],[0.36047,44.85502],[0.35737,44.85506],[0.35383,44.85471],[0.35372,44.85834],[0.35336,44.86277],[0.35293,44.8636],[0.34638,44.87233],[0.34479,44.87555],[0.34322,44.87808],[0.34282,44.88168],[0.34125,44.88356],[0.33884,44.88489],[0.33544,44.8856],[0.33526,44.88735],[0.33434,44.88923],[0.33231,44.89153],[0.33157,44.89332],[0.33154,44.89481],[0.33443,44.90015],[0.33697,44.90154],[0.3363,44.90461],[0.33818,44.90638]]]}},{"type":"Feature","id":"fr-commune-24223","properties":{"id":"fr-commune-24223","name":"Lalinde","kind":"commune","center":[0.7442,44.858],"code":"24223","department":"24"},"bbox":[0.69761,44.83159,0.7908,44.88449],"geometry":{"type":"Polygon","coordinates":[[[0.7908,44.84492],[0.78751,44.84347],[0.78483,44.84265],[0.77783,44.84095],[0.76874,44.83837],[0.76457,44.83795],[0.7609,44.83815],[0.75554,44.8376],[0.75099,44.83671],[0.74458,44.83534],[0.7391,44.83458],[0.72461,44.83313],[0.72038,44.83226],[0.71763,44.83196],[0.71005,44.83208],[0.705,44.83159],[0.7022,44.83204],[0.69761,44.83316],[0.69814,44.83387],[0.69938,44.83749],[0.69831,44.83858],[0.69886,44.84116],[0.70011,44.84407],[0.70349,44.84331],[0.70478,44.84518],[0.70571,44.84582],[0.70738,44.84805],[0.70902,44.84829],[0.70984,44.8498],[0.71172,44.84977],[0.7125,44.85277],[0.71212,44.85594],[0.7116,44.85685],[0.71182,44.86256],[0.71149,44.86424],[0.71175,44.86707],[0.70751,44.86677],[0.70524,44.86838],[0.70474,44.87097],[0.70586,44.87354],[0.70922,44.87499],[0.71214,44.8753],[0.71169,44.87628],[0.7121,44.87776],[0.71402,44.87836],[0.71612,44.87961],[0.72269,44.87675],[0.72693,44.87881],[0.73322,44.87996],[0.73564,44.88078],[0.73836,44.88301],[0.73984,44.88361],[0.7401,44.88449],[0.74294,44.88404],[0.74947,44.88191],[0.75012,44.88002],[0.7512,44.87985],[0.75267,44.87872],[0.75393,44.8788],[0.75566,44.87781],[0.7606,44.87721],[0.76282,44.87575],[0.7636,44.87438],[0.76334,44.87353],[0.76434,44.87044],[0.76578,44.86976],[0.76917,44.86934],[0.77065,44.86839],[0.77214,44.86611],[0.77625,44.86719],[0.78114,44.86744],[0.78399,44.85902],[0.78445,44.85797],[0.78206,44.85707],[0.78611,44.85091],[0.78808,44.84871],[0.7908,44.84492]]]}},{"type":"Feature","id":"fr-commune-24224","properties":{"id":"fr-commune-24224","name":"Lamonzie-Montastruc","kind":"commune","center":[0.5884,44.9004],"code":"24224","department":"24"},"bbox":[0.5518,44.87674,0.62503,44.92411],"geometry":{"type":"Polygon","coordinates":[[[0.61955,44.91261],[0.62086,44.91099],[0.62187,44.91094],[0.62417,44.90788],[0.62284,44.90723],[0.62503,44.90417],[0.62489,44.90216],[0.62268,44.90223],[0.61978,44.90028],[0.61999,44.89991],[0.61815,44.89733],[0.61834,44.89592],[0.61706,44.89522],[0.61474,44.89465],[0.61489,44.89167],[0.61413,44.8912],[0.61385,44.88467],[0.61624,44.87999],[0.61721,44.87765],[0.61596,44.87809],[0.6106,44.87674],[0.61015,44.87843],[0.60801,44.88023],[0.60679,44.87933],[0.60468,44.87883],[0.60379,44.87812],[0.60032,44.88019],[0.59875,44.87872],[0.59701,44.87853],[0.59524,44.87773],[0.59113,44.87808],[0.59229,44.88113],[0.59124,44.88128],[0.58776,44.88266],[0.58665,44.88489],[0.58528,44.88656],[0.58492,44.88824],[0.58259,44.88777],[0.58048,44.88833],[0.57747,44.88852],[0.57472,44.88756],[0.57271,44.8878],[0.57007,44.88724],[0.56834,44.88578],[0.56699,44.88576],[0.56428,44.88416],[0.56055,44.88418],[0.56217,44.8858],[0.56002,44.88604],[0.55839,44.88673],[0.55415,44.88764],[0.5518,44.88766],[0.55227,44.88974],[0.55322,44.89062],[0.55409,44.89313],[0.5566,44.90043],[0.55539,44.90079],[0.55504,44.90467],[0.55619,44.90681],[0.55589,44.90824],[0.5547,44.90989],[0.55548,44.91237],[0.55784,44.91533],[0.55759,44.91645],[0.55864,44.91767],[0.55874,44.91884],[0.55958,44.91951],[0.55964,44.92126],[0.56735,44.92048],[0.57068,44.921],[0.57243,44.92122],[0.57921,44.92146],[0.58567,44.92191],[0.58711,44.92151],[0.59098,44.92149],[0.59178,44.92246],[0.5944,44.92103],[0.59782,44.92319],[0.60026,44.92398],[0.60196,44.92411],[0.6036,44.9231],[0.6086,44.92322],[0.61046,44.92169],[0.61083,44.91996],[0.61059,44.91886],[0.61173,44.91638],[0.61154,44.91548],[0.61335,44.91415],[0.61322,44.91214],[0.61365,44.91066],[0.61283,44.90913],[0.6142,44.90834],[0.61582,44.9089],[0.61877,44.91154],[0.61955,44.91261]]]}},{"type":"Feature","id":"fr-commune-24225","properties":{"id":"fr-commune-24225","name":"Lamonzie-Saint-Martin","kind":"commune","center":[0.3856,44.8336],"code":"24225","department":"24"},"bbox":[0.34339,44.81204,0.42785,44.85506],"geometry":{"type":"Polygon","coordinates":[[[0.3594,44.82125],[0.35953,44.82266],[0.35861,44.82413],[0.36017,44.82514],[0.35894,44.82725],[0.35977,44.82911],[0.35871,44.83002],[0.35903,44.83151],[0.35748,44.8324],[0.35746,44.8334],[0.35579,44.83319],[0.35324,44.83497],[0.35286,44.83602],[0.35355,44.83675],[0.35145,44.83781],[0.34941,44.83731],[0.34849,44.83642],[0.34704,44.83687],[0.34661,44.83765],[0.34517,44.83757],[0.34375,44.83908],[0.34339,44.84036],[0.34701,44.84279],[0.34774,44.84393],[0.34903,44.84988],[0.35017,44.85224],[0.35126,44.85347],[0.35383,44.85471],[0.35737,44.85506],[0.36047,44.85502],[0.36278,44.85459],[0.36494,44.85384],[0.3692,44.85134],[0.37123,44.85059],[0.37444,44.85],[0.38104,44.84964],[0.38668,44.84926],[0.39219,44.85007],[0.39728,44.85152],[0.40099,44.85183],[0.40253,44.85128],[0.40469,44.84875],[0.40552,44.8466],[0.40688,44.84488],[0.40934,44.84373],[0.41246,44.84309],[0.41441,44.84341],[0.41657,44.84323],[0.41603,44.84184],[0.41662,44.84083],[0.42047,44.84005],[0.42255,44.83996],[0.42362,44.83906],[0.42433,44.83608],[0.42608,44.83527],[0.42532,44.83173],[0.42721,44.82812],[0.42785,44.82575],[0.42716,44.82207],[0.42625,44.82202],[0.42579,44.81923],[0.42649,44.81875],[0.42612,44.81481],[0.4221,44.81461],[0.422,44.81553],[0.42019,44.81562],[0.41901,44.81501],[0.41575,44.81466],[0.41483,44.81417],[0.41151,44.8135],[0.41181,44.81282],[0.408,44.81204],[0.40384,44.81283],[0.40276,44.81414],[0.40122,44.81377],[0.39712,44.81478],[0.39468,44.81314],[0.39309,44.81346],[0.38976,44.81336],[0.38907,44.81505],[0.38609,44.81644],[0.38438,44.81682],[0.38456,44.81759],[0.38157,44.81799],[0.38058,44.81711],[0.37741,44.81849],[0.37784,44.82034],[0.37327,44.82126],[0.36929,44.82132],[0.36684,44.82043],[0.3649,44.82124],[0.36192,44.82143],[0.3594,44.82125]]]}},{"type":"Feature","id":"fr-commune-24226","properties":{"id":"fr-commune-24226","name":"Lamothe-Montravel","kind":"commune","center":[0.0094,44.8466],"code":"24226","department":"24"},"bbox":[-0.0351,44.82449,0.05393,44.86884],"geometry":{"type":"Polygon","coordinates":[[[0.05079,44.82449],[0.04739,44.8246],[0.04519,44.82518],[0.03995,44.82742],[0.03851,44.82836],[0.03754,44.82973],[0.03744,44.83104],[0.0388,44.835],[0.03899,44.83634],[0.03864,44.83841],[0.03751,44.83985],[0.03591,44.84057],[0.03254,44.84139],[0.03044,44.84243],[0.02718,44.84566],[0.0231,44.84916],[0.02083,44.84997],[0.0184,44.8498],[0.0159,44.84908],[0.01314,44.84773],[0.0088,44.8463],[0.0059,44.84579],[0.00373,44.84576],[-0.00049,44.84611],[-0.00692,44.8477],[-0.01321,44.84882],[-0.01835,44.85011],[-0.02135,44.8507],[-0.02944,44.8519],[-0.03421,44.85216],[-0.03373,44.85409],[-0.0351,44.85464],[-0.03323,44.85599],[-0.03158,44.85606],[-0.02763,44.85684],[-0.02653,44.8566],[-0.02533,44.85724],[-0.02199,44.85728],[-0.01698,44.85788],[-0.01416,44.85779],[-0.01047,44.85809],[-0.00905,44.8595],[-0.00888,44.86152],[-0.00792,44.86325],[-0.00899,44.86461],[-0.00872,44.86752],[-0.00742,44.86762],[-0.007,44.86884],[-0.00493,44.86876],[-0.00044,44.86781],[0.00265,44.86819],[0.00471,44.86812],[0.00467,44.86723],[0.00868,44.8668],[0.0115,44.86596],[0.0136,44.86785],[0.01432,44.86749],[0.0215,44.86609],[0.02467,44.86596],[0.0268,44.86626],[0.02934,44.86614],[0.03248,44.86558],[0.03601,44.86535],[0.04002,44.86484],[0.04165,44.86479],[0.04358,44.86401],[0.04532,44.86253],[0.04313,44.8584],[0.04139,44.85854],[0.04163,44.85667],[0.03883,44.85491],[0.03841,44.85259],[0.04153,44.85289],[0.04176,44.84828],[0.04506,44.84754],[0.04617,44.84671],[0.04783,44.8435],[0.04767,44.84005],[0.04704,44.83752],[0.04611,44.83584],[0.04817,44.83524],[0.04891,44.83372],[0.05154,44.83257],[0.05393,44.83193],[0.05191,44.8284],[0.05079,44.82449]]]}},{"type":"Feature","id":"fr-commune-24227","properties":{"id":"fr-commune-24227","name":"Lanouaille","kind":"commune","center":[1.1318,45.3789],"code":"24227","department":"24"},"bbox":[1.0863,45.35074,1.1773,45.407],"geometry":{"type":"Polygon","coordinates":[[[1.1652,45.36621],[1.16002,45.36287],[1.15796,45.36042],[1.15271,45.35812],[1.15184,45.35701],[1.14814,45.35519],[1.14635,45.35399],[1.14426,45.35201],[1.14293,45.35132],[1.13442,45.35111],[1.13018,45.35193],[1.12126,45.35074],[1.1189,45.3526],[1.11964,45.35355],[1.11904,45.35489],[1.11984,45.35607],[1.11891,45.35678],[1.1181,45.3613],[1.11709,45.36343],[1.11657,45.36575],[1.11563,45.36813],[1.11556,45.37022],[1.11393,45.3708],[1.11264,45.37016],[1.11157,45.37119],[1.10796,45.36948],[1.10421,45.36953],[1.10187,45.37049],[1.10098,45.37039],[1.09855,45.36771],[1.09675,45.36882],[1.09574,45.3689],[1.09432,45.3679],[1.09047,45.36844],[1.09107,45.36958],[1.09089,45.37066],[1.08775,45.37103],[1.0863,45.37236],[1.08917,45.37359],[1.09135,45.37298],[1.09258,45.37468],[1.09434,45.37607],[1.09351,45.37752],[1.097,45.37984],[1.09781,45.38003],[1.09802,45.38186],[1.0968,45.38259],[1.09638,45.38373],[1.09414,45.38498],[1.0935,45.38836],[1.09433,45.3887],[1.10044,45.39218],[1.10311,45.394],[1.10322,45.39583],[1.10403,45.39696],[1.10299,45.39937],[1.10492,45.39943],[1.10572,45.39994],[1.10778,45.39895],[1.11169,45.39952],[1.11342,45.39977],[1.11636,45.40116],[1.11597,45.40174],[1.11683,45.40319],[1.11783,45.40368],[1.11917,45.40523],[1.11731,45.4056],[1.11696,45.407],[1.11966,45.40686],[1.12171,45.40581],[1.122,45.4041],[1.12491,45.40331],[1.12597,45.4019],[1.13124,45.39895],[1.13553,45.39979],[1.14077,45.40108],[1.14206,45.4008],[1.14356,45.4019],[1.14463,45.40107],[1.14417,45.40032],[1.14422,45.39804],[1.14338,45.39683],[1.14622,45.39557],[1.15165,45.3948],[1.15439,45.39498],[1.15426,45.39409],[1.156,45.39324],[1.15592,45.39181],[1.15664,45.39097],[1.15602,45.38997],[1.15486,45.38954],[1.15568,45.38838],[1.15773,45.38765],[1.16105,45.388],[1.16555,45.38625],[1.16814,45.38457],[1.17357,45.38228],[1.17214,45.38131],[1.17011,45.38141],[1.16985,45.37905],[1.17191,45.37858],[1.17418,45.3768],[1.1773,45.37354],[1.17536,45.37107],[1.17146,45.36781],[1.16612,45.36673],[1.1652,45.36621]]]}},{"type":"Feature","id":"fr-commune-24228","properties":{"id":"fr-commune-24228","name":"Lanquais","kind":"commune","center":[0.6709,44.816],"code":"24228","department":"24"},"bbox":[0.63677,44.79542,0.70502,44.83654],"geometry":{"type":"Polygon","coordinates":[[[0.70502,44.79931],[0.70225,44.80038],[0.69904,44.79994],[0.6994,44.79893],[0.69875,44.79756],[0.69661,44.79662],[0.69398,44.79605],[0.69107,44.79607],[0.68821,44.79542],[0.68673,44.79587],[0.68389,44.79776],[0.68322,44.79853],[0.68025,44.7988],[0.67907,44.79927],[0.67768,44.80062],[0.67588,44.80036],[0.67619,44.799],[0.67491,44.79696],[0.67512,44.796],[0.67395,44.79605],[0.67435,44.79807],[0.67043,44.79802],[0.66856,44.79861],[0.66642,44.79814],[0.66394,44.79834],[0.65807,44.80045],[0.65437,44.80043],[0.65249,44.80115],[0.65061,44.80046],[0.64894,44.8013],[0.64712,44.80171],[0.64225,44.80399],[0.64334,44.80584],[0.64469,44.80658],[0.64414,44.8081],[0.64451,44.80959],[0.64417,44.81062],[0.64465,44.81333],[0.64366,44.81428],[0.6429,44.81595],[0.64179,44.81721],[0.64159,44.81979],[0.64199,44.82173],[0.64267,44.82288],[0.64321,44.82529],[0.64144,44.82735],[0.64128,44.82841],[0.64121,44.82943],[0.63957,44.83115],[0.63932,44.83331],[0.63729,44.83469],[0.63677,44.83654],[0.64066,44.83601],[0.64349,44.83518],[0.64896,44.83413],[0.65504,44.83279],[0.65873,44.83162],[0.66347,44.82894],[0.66503,44.82865],[0.66553,44.82761],[0.66673,44.82707],[0.67087,44.83023],[0.67342,44.82928],[0.67616,44.829],[0.67644,44.83069],[0.6797,44.83088],[0.68044,44.82862],[0.6827,44.82683],[0.68436,44.82472],[0.68635,44.82436],[0.68972,44.82516],[0.69279,44.82487],[0.69278,44.82404],[0.6916,44.82239],[0.69126,44.82061],[0.69214,44.82009],[0.69451,44.82042],[0.69679,44.8192],[0.69501,44.81665],[0.69514,44.81511],[0.69622,44.8123],[0.69502,44.80992],[0.69639,44.80717],[0.7002,44.80501],[0.70253,44.80279],[0.70336,44.80089],[0.70502,44.79931]]]}},{"type":"Feature","id":"fr-commune-24229","properties":{"id":"fr-commune-24229","name":"Le Lardin-Saint-Lazare","kind":"commune","center":[1.2282,45.1365],"code":"24229","department":"24"},"bbox":[1.1941,45.11937,1.26226,45.1536],"geometry":{"type":"Polygon","coordinates":[[[1.21799,45.12662],[1.21437,45.12794],[1.21057,45.12863],[1.20891,45.12925],[1.20398,45.13043],[1.20243,45.13127],[1.19994,45.13342],[1.19703,45.13482],[1.19562,45.13658],[1.19618,45.13701],[1.1941,45.13902],[1.1946,45.14164],[1.19641,45.14349],[1.198,45.14454],[1.20281,45.14887],[1.20405,45.14898],[1.20592,45.14713],[1.21031,45.14521],[1.21212,45.14362],[1.21361,45.14312],[1.21433,45.14168],[1.21436,45.1401],[1.21659,45.13986],[1.21706,45.14071],[1.21893,45.14125],[1.21955,45.14212],[1.22454,45.14166],[1.22507,45.14343],[1.22675,45.14396],[1.22903,45.14528],[1.23088,45.14487],[1.23203,45.14151],[1.23297,45.14284],[1.23492,45.14314],[1.23572,45.1441],[1.237,45.14454],[1.24024,45.14484],[1.2416,45.14555],[1.24238,45.1466],[1.24515,45.14838],[1.24723,45.15007],[1.24787,45.15251],[1.24955,45.15333],[1.25147,45.15296],[1.25189,45.1536],[1.25276,45.15297],[1.2549,45.15238],[1.25687,45.15233],[1.25673,45.15054],[1.25941,45.14855],[1.25916,45.1444],[1.26041,45.14341],[1.26226,45.14069],[1.25953,45.14023],[1.25856,45.13646],[1.25732,45.13319],[1.25827,45.12738],[1.25886,45.1254],[1.25805,45.12384],[1.25513,45.12135],[1.25386,45.11942],[1.25263,45.11937],[1.24742,45.12056],[1.24457,45.12243],[1.24216,45.12513],[1.24082,45.12844],[1.23987,45.12914],[1.23794,45.12934],[1.23563,45.12882],[1.23166,45.12672],[1.22998,45.12489],[1.22988,45.12304],[1.23044,45.12189],[1.22697,45.12241],[1.2254,45.1241],[1.21799,45.12662]]]}},{"type":"Feature","id":"fr-commune-24230","properties":{"id":"fr-commune-24230","name":"Larzac","kind":"commune","center":[0.9993,44.7392],"code":"24230","department":"24"},"bbox":[0.97558,44.72288,1.02305,44.75561],"geometry":{"type":"Polygon","coordinates":[[[1.02305,44.74842],[1.02143,44.74548],[1.02152,44.74455],[1.0205,44.74401],[1.02114,44.74308],[1.02028,44.74146],[1.01934,44.73751],[1.02013,44.73634],[1.0199,44.73525],[1.01729,44.73209],[1.01753,44.73149],[1.01616,44.73137],[1.01405,44.73209],[1.01178,44.73179],[1.0095,44.735],[1.00815,44.7359],[1.00614,44.73561],[1.00446,44.73323],[0.99983,44.73173],[0.99717,44.73049],[0.99533,44.73054],[0.99177,44.72837],[0.99043,44.72691],[0.98957,44.72505],[0.98823,44.72493],[0.98749,44.7234],[0.9843,44.72288],[0.98291,44.72448],[0.98177,44.72464],[0.98189,44.7259],[0.98003,44.72877],[0.97612,44.72996],[0.97604,44.73221],[0.97658,44.73774],[0.97558,44.73984],[0.97677,44.74073],[0.97948,44.73986],[0.98212,44.74051],[0.98418,44.74029],[0.98745,44.74306],[0.98905,44.74493],[0.99041,44.74537],[0.99017,44.74652],[0.99087,44.74816],[0.99305,44.74923],[0.99544,44.74942],[0.99736,44.75022],[0.99928,44.75017],[1.0008,44.74947],[1.005,44.74923],[1.00654,44.74983],[1.01133,44.75066],[1.01201,44.75239],[1.01343,44.75334],[1.0156,44.75536],[1.01721,44.75561],[1.01829,44.75497],[1.01979,44.75191],[1.02042,44.75187],[1.0217,44.74983],[1.02303,44.74923],[1.02305,44.74842]]]}},{"type":"Feature","id":"fr-commune-24231","properties":{"id":"fr-commune-24231","name":"Lavalade","kind":"commune","center":[0.8578,44.6952],"code":"24231","department":"24"},"bbox":[0.84085,44.68294,0.87451,44.70749],"geometry":{"type":"Polygon","coordinates":[[[0.84085,44.69215],[0.8434,44.69315],[0.84504,44.69508],[0.84788,44.69589],[0.8494,44.69589],[0.85268,44.69747],[0.85097,44.69835],[0.85222,44.70072],[0.85406,44.70261],[0.85608,44.70345],[0.85855,44.70377],[0.86225,44.70369],[0.86291,44.70675],[0.86484,44.70749],[0.86684,44.70623],[0.86767,44.70427],[0.87225,44.70361],[0.87168,44.70269],[0.8716,44.6999],[0.87206,44.69953],[0.87262,44.69596],[0.87451,44.6924],[0.8737,44.6906],[0.87187,44.6885],[0.86769,44.68625],[0.86592,44.6846],[0.8655,44.68294],[0.86304,44.68363],[0.8616,44.68362],[0.85941,44.68494],[0.85588,44.68561],[0.85376,44.68549],[0.85165,44.68663],[0.84963,44.68836],[0.84798,44.68834],[0.84762,44.68928],[0.84365,44.69011],[0.84337,44.69094],[0.84091,44.69108],[0.84085,44.69215]]]}},{"type":"Feature","id":"fr-commune-24232","properties":{"id":"fr-commune-24232","name":"Lavaur","kind":"commune","center":[1.0224,44.6263],"code":"24232","department":"24"},"bbox":[0.99567,44.60872,1.049,44.6439],"geometry":{"type":"Polygon","coordinates":[[[1.03362,44.60872],[1.03271,44.60935],[1.03057,44.60903],[1.02849,44.60956],[1.02439,44.61124],[1.02289,44.61126],[1.01998,44.61193],[1.01565,44.61385],[1.01365,44.61436],[1.01247,44.616],[1.01114,44.61688],[1.00868,44.61754],[1.00735,44.61988],[1.00494,44.6231],[1.00173,44.62554],[0.99931,44.62682],[0.99738,44.62849],[0.99723,44.6311],[0.99567,44.6332],[0.99819,44.63274],[1.00209,44.63267],[1.00564,44.63185],[1.00592,44.63326],[1.00721,44.63665],[1.00682,44.63867],[1.00731,44.63895],[1.01126,44.63876],[1.01324,44.64049],[1.01395,44.64202],[1.01542,44.6439],[1.01648,44.64346],[1.0178,44.64181],[1.02166,44.64035],[1.0238,44.63882],[1.02869,44.63875],[1.03051,44.63848],[1.03363,44.6334],[1.03467,44.6303],[1.0359,44.62996],[1.03755,44.63119],[1.03935,44.63054],[1.04134,44.63091],[1.04319,44.63277],[1.04463,44.63312],[1.04475,44.63091],[1.04731,44.62916],[1.04784,44.62832],[1.04874,44.62658],[1.04821,44.62513],[1.04888,44.6246],[1.049,44.62315],[1.04739,44.62033],[1.04614,44.61895],[1.04687,44.61765],[1.04481,44.61633],[1.04083,44.61647],[1.04047,44.61495],[1.04289,44.61294],[1.04221,44.61128],[1.04284,44.61008],[1.04268,44.60894],[1.04104,44.60893],[1.03919,44.6102],[1.03668,44.61047],[1.03362,44.60872]]]}},{"type":"Feature","id":"fr-commune-24234","properties":{"id":"fr-commune-24234","name":"Les Lèches","kind":"commune","center":[0.388,44.9798],"code":"24234","department":"24"},"bbox":[0.35013,44.9396,0.42583,45.01977],"geometry":{"type":"Polygon","coordinates":[[[0.40934,45.00439],[0.40988,45.0033],[0.40931,45.00126],[0.40466,44.99452],[0.4052,44.99302],[0.40476,44.99004],[0.40433,44.98377],[0.4045,44.98193],[0.40191,44.98101],[0.40244,44.97678],[0.40207,44.97651],[0.40436,44.97432],[0.40405,44.9718],[0.40514,44.96899],[0.40925,44.96765],[0.41189,44.96649],[0.41567,44.96226],[0.41771,44.95959],[0.41939,44.95902],[0.42016,44.9568],[0.42148,44.95525],[0.4189,44.95335],[0.42005,44.95216],[0.42294,44.95102],[0.42468,44.95003],[0.42559,44.94893],[0.42583,44.94764],[0.42323,44.94693],[0.42227,44.94382],[0.41962,44.94208],[0.41771,44.9396],[0.4142,44.94168],[0.41184,44.94185],[0.41019,44.94133],[0.40803,44.94368],[0.40536,44.94498],[0.40417,44.94803],[0.40295,44.94986],[0.40294,44.95162],[0.4005,44.95282],[0.39908,44.9525],[0.39745,44.95382],[0.39553,44.95341],[0.39549,44.9548],[0.39625,44.95664],[0.39497,44.95839],[0.39405,44.96044],[0.38986,44.96212],[0.38645,44.9624],[0.38308,44.96166],[0.38092,44.96168],[0.37963,44.96244],[0.38054,44.96541],[0.37981,44.9669],[0.38068,44.96742],[0.37967,44.96908],[0.378,44.96838],[0.37505,44.96895],[0.3704,44.96876],[0.36853,44.97004],[0.36749,44.9712],[0.36746,44.97315],[0.36666,44.97371],[0.36575,44.97577],[0.36456,44.97584],[0.3645,44.97806],[0.36318,44.97956],[0.36384,44.98246],[0.36252,44.98245],[0.36071,44.97957],[0.36057,44.97717],[0.35556,44.9783],[0.35376,44.97827],[0.35096,44.98065],[0.35013,44.98246],[0.35103,44.98263],[0.35289,44.98463],[0.35384,44.98525],[0.35569,44.98752],[0.35747,44.9909],[0.35896,44.99442],[0.359,44.99523],[0.36139,44.99699],[0.3617,44.99955],[0.36263,45.00049],[0.36158,45.00402],[0.36073,45.00453],[0.36066,45.0061],[0.36107,45.01075],[0.36226,45.01294],[0.36193,45.01499],[0.36068,45.01776],[0.36063,45.01886],[0.36588,45.01917],[0.3694,45.01871],[0.37111,45.01948],[0.37298,45.01977],[0.3756,45.01757],[0.37741,45.01705],[0.37807,45.01437],[0.37807,45.01286],[0.37863,45.01195],[0.38081,45.01135],[0.382,45.01174],[0.38269,45.01035],[0.38402,45.01042],[0.38399,45.00921],[0.38554,45.00872],[0.38753,45.00952],[0.38918,45.00731],[0.38859,45.00437],[0.38605,45.00393],[0.38411,45.00326],[0.38499,45.00221],[0.38778,45.00022],[0.39099,44.99924],[0.39216,44.99978],[0.39537,45.0005],[0.39629,45.00006],[0.39743,44.99847],[0.4013,44.99591],[0.40274,44.99632],[0.40503,45.00029],[0.40624,45.002],[0.40879,45.00288],[0.40934,45.00439]]]}},{"type":"Feature","id":"fr-commune-24236","properties":{"id":"fr-commune-24236","name":"Léguillac-de-l'Auche","kind":"commune","center":[0.5546,45.1887],"code":"24236","department":"24"},"bbox":[0.51552,45.16824,0.59376,45.20923],"geometry":{"type":"Polygon","coordinates":[[[0.56211,45.16824],[0.5599,45.17008],[0.55895,45.17125],[0.55546,45.17301],[0.55328,45.17384],[0.54799,45.17683],[0.54629,45.17566],[0.54613,45.17473],[0.54497,45.17376],[0.54112,45.17241],[0.5398,45.17167],[0.5385,45.17246],[0.53371,45.17366],[0.53207,45.17329],[0.52945,45.17331],[0.51999,45.17433],[0.5166,45.17573],[0.51552,45.17667],[0.51891,45.17915],[0.52219,45.18071],[0.52085,45.18193],[0.5244,45.18486],[0.52602,45.18508],[0.52205,45.19035],[0.52565,45.19211],[0.52448,45.19436],[0.5227,45.19555],[0.52548,45.19705],[0.52649,45.19924],[0.53199,45.19775],[0.53503,45.19639],[0.53801,45.19691],[0.5405,45.19889],[0.54096,45.20052],[0.54237,45.20124],[0.54368,45.20283],[0.54565,45.20403],[0.54815,45.20366],[0.55144,45.20362],[0.55645,45.20593],[0.55614,45.2086],[0.56406,45.20923],[0.56481,45.20879],[0.569,45.20764],[0.57151,45.20339],[0.57106,45.20207],[0.57197,45.20073],[0.572,45.19823],[0.57032,45.19577],[0.56976,45.19399],[0.57213,45.19409],[0.57528,45.19303],[0.57667,45.19183],[0.57884,45.19114],[0.58293,45.19385],[0.58626,45.19357],[0.58881,45.19315],[0.59376,45.19117],[0.58973,45.18999],[0.58795,45.18924],[0.58634,45.18916],[0.58369,45.18955],[0.58091,45.18947],[0.58151,45.18819],[0.58305,45.18685],[0.5806,45.18546],[0.58062,45.1845],[0.57948,45.18303],[0.57673,45.18167],[0.57679,45.18048],[0.57786,45.17917],[0.57796,45.17366],[0.57741,45.17244],[0.57019,45.17149],[0.56617,45.1696],[0.56211,45.16824]]]}},{"type":"Feature","id":"fr-commune-24237","properties":{"id":"fr-commune-24237","name":"Lembras","kind":"commune","center":[0.5295,44.8923],"code":"24237","department":"24"},"bbox":[0.49688,44.87513,0.56217,44.90982],"geometry":{"type":"Polygon","coordinates":[[[0.56055,44.88418],[0.55782,44.88447],[0.55571,44.88502],[0.55204,44.88656],[0.54865,44.88542],[0.5481,44.88447],[0.54532,44.88297],[0.54348,44.88325],[0.54135,44.8825],[0.54106,44.88177],[0.5389,44.8817],[0.53518,44.88041],[0.53155,44.8801],[0.53072,44.87941],[0.52844,44.87916],[0.52573,44.88032],[0.525,44.88115],[0.52153,44.8812],[0.51964,44.87991],[0.51913,44.87851],[0.51647,44.87705],[0.51518,44.8768],[0.51346,44.8775],[0.5107,44.8765],[0.50923,44.87513],[0.50674,44.87703],[0.50385,44.87824],[0.49858,44.88092],[0.50089,44.88166],[0.50002,44.88431],[0.49934,44.88787],[0.50022,44.89119],[0.50009,44.89299],[0.49844,44.89355],[0.49809,44.89467],[0.49823,44.89674],[0.49886,44.89792],[0.49688,44.89987],[0.49993,44.90138],[0.49907,44.90241],[0.50078,44.90371],[0.5009,44.90704],[0.50132,44.9096],[0.5046,44.9069],[0.50561,44.90659],[0.50672,44.90744],[0.50705,44.90861],[0.51225,44.90982],[0.51248,44.90928],[0.50893,44.90821],[0.50843,44.90742],[0.51435,44.90556],[0.51778,44.90637],[0.5218,44.90498],[0.52386,44.90506],[0.526,44.90433],[0.52929,44.9036],[0.5319,44.90243],[0.53533,44.90261],[0.5383,44.90222],[0.54027,44.90096],[0.54149,44.89939],[0.54167,44.89673],[0.54369,44.89527],[0.54588,44.89512],[0.54757,44.89426],[0.55058,44.89349],[0.55409,44.89313],[0.55322,44.89062],[0.55227,44.88974],[0.5518,44.88766],[0.55415,44.88764],[0.55839,44.88673],[0.56002,44.88604],[0.56217,44.8858],[0.56055,44.88418]]]}},{"type":"Feature","id":"fr-commune-24238","properties":{"id":"fr-commune-24238","name":"Lempzours","kind":"commune","center":[0.8279,45.3556],"code":"24238","department":"24"},"bbox":[0.80263,45.33249,0.85317,45.37862],"geometry":{"type":"Polygon","coordinates":[[[0.8285,45.37224],[0.83029,45.37088],[0.83128,45.3695],[0.83351,45.3676],[0.8344,45.36467],[0.83769,45.36455],[0.84205,45.36317],[0.84627,45.36227],[0.85126,45.36329],[0.85212,45.36378],[0.85226,45.36089],[0.85278,45.35897],[0.85232,45.35738],[0.85317,45.35604],[0.85026,45.35645],[0.84603,45.35415],[0.8431,45.35364],[0.84018,45.35471],[0.84042,45.35184],[0.84023,45.35075],[0.842,45.34734],[0.84186,45.34406],[0.83983,45.34247],[0.83575,45.3415],[0.83536,45.34003],[0.83155,45.33913],[0.82763,45.33825],[0.82606,45.33747],[0.824,45.33577],[0.82214,45.33512],[0.81964,45.33501],[0.81682,45.33318],[0.8139,45.33249],[0.81023,45.33556],[0.80893,45.33739],[0.80821,45.34057],[0.80594,45.34295],[0.8029,45.34521],[0.80263,45.34578],[0.80269,45.34945],[0.80434,45.35235],[0.80559,45.35784],[0.80784,45.36329],[0.80832,45.36374],[0.80417,45.36591],[0.81093,45.36973],[0.81277,45.36974],[0.81414,45.37093],[0.81344,45.37199],[0.8152,45.37246],[0.81405,45.37369],[0.81295,45.37649],[0.81359,45.37862],[0.81498,45.37801],[0.82013,45.37702],[0.82309,45.37625],[0.82604,45.37371],[0.8285,45.37224]]]}},{"type":"Feature","id":"fr-commune-24240","properties":{"id":"fr-commune-24240","name":"Limeuil","kind":"commune","center":[0.8967,44.8924],"code":"24240","department":"24"},"bbox":[0.87074,44.86696,0.92255,44.91778],"geometry":{"type":"Polygon","coordinates":[[[0.87702,44.90938],[0.8775,44.91018],[0.88169,44.91235],[0.88394,44.91257],[0.88657,44.91325],[0.88807,44.91279],[0.89119,44.91274],[0.89246,44.91344],[0.89691,44.91485],[0.8983,44.91583],[0.9001,44.91778],[0.901,44.91727],[0.90243,44.91402],[0.90437,44.91384],[0.90726,44.91483],[0.90966,44.91191],[0.91356,44.91122],[0.91415,44.90913],[0.9153,44.90699],[0.9216,44.90232],[0.92234,44.90137],[0.92255,44.89904],[0.92173,44.89738],[0.91877,44.89476],[0.91819,44.89357],[0.91624,44.89141],[0.91484,44.89158],[0.9133,44.89056],[0.91051,44.88937],[0.90434,44.8878],[0.89774,44.88478],[0.89511,44.88278],[0.89246,44.88161],[0.89397,44.8797],[0.89374,44.87869],[0.89471,44.87255],[0.89562,44.86821],[0.88806,44.86696],[0.88978,44.86927],[0.89053,44.87078],[0.89114,44.87479],[0.89104,44.878],[0.89019,44.88053],[0.88888,44.88183],[0.88722,44.88225],[0.88195,44.8823],[0.87832,44.88272],[0.87451,44.88266],[0.87101,44.88196],[0.87074,44.88323],[0.87188,44.88631],[0.87337,44.88765],[0.87351,44.88875],[0.87506,44.8903],[0.87424,44.89239],[0.87873,44.8946],[0.88045,44.89612],[0.88237,44.8992],[0.88162,44.90305],[0.8802,44.90556],[0.87882,44.90643],[0.87702,44.90938]]]}},{"type":"Feature","id":"fr-commune-24241","properties":{"id":"fr-commune-24241","name":"Limeyrat","kind":"commune","center":[0.9753,45.1659],"code":"24241","department":"24"},"bbox":[0.94011,45.1384,1.01043,45.19346],"geometry":{"type":"Polygon","coordinates":[[[0.99016,45.14203],[0.98732,45.14228],[0.985,45.14123],[0.97983,45.14165],[0.9765,45.13874],[0.9752,45.13842],[0.97369,45.13876],[0.97206,45.1384],[0.97002,45.13924],[0.96831,45.13952],[0.96525,45.14201],[0.9643,45.14317],[0.96307,45.14348],[0.96043,45.14492],[0.95718,45.14413],[0.956,45.14448],[0.9534,45.14793],[0.95339,45.14901],[0.95227,45.15061],[0.95204,45.15214],[0.95034,45.15437],[0.94891,45.15552],[0.94551,45.15578],[0.94508,45.15742],[0.94344,45.15771],[0.94158,45.15674],[0.94088,45.15947],[0.94251,45.16242],[0.94248,45.16377],[0.94066,45.16656],[0.94011,45.16831],[0.94275,45.16836],[0.94569,45.16881],[0.95019,45.17216],[0.95187,45.17126],[0.95446,45.17336],[0.95772,45.17489],[0.95925,45.17606],[0.95947,45.17697],[0.9627,45.17751],[0.96473,45.17828],[0.97117,45.18157],[0.97175,45.18264],[0.97316,45.18321],[0.97282,45.18437],[0.97634,45.18716],[0.97891,45.18842],[0.98367,45.19039],[0.98515,45.19101],[0.98685,45.19295],[0.98905,45.19346],[0.99383,45.19336],[0.99692,45.1921],[0.99763,45.19108],[1.00038,45.19116],[1.00243,45.19186],[1.00421,45.19051],[1.00613,45.18782],[1.00739,45.18675],[1.01043,45.18813],[1.00952,45.18592],[1.00865,45.18474],[1.0093,45.18306],[1.00752,45.18194],[1.0069,45.17942],[1.00731,45.17902],[1.00539,45.17439],[1.00619,45.1736],[1.00218,45.16775],[1.00059,45.16472],[1.00014,45.16138],[0.99793,45.15931],[0.99953,45.15824],[1.00126,45.15613],[0.99974,45.15526],[1.00121,45.15293],[1.00011,45.15043],[0.99474,45.14841],[0.99178,45.14467],[0.99016,45.14203]]]}},{"type":"Feature","id":"fr-commune-24242","properties":{"id":"fr-commune-24242","name":"Liorac-sur-Louyre","kind":"commune","center":[0.641,44.8959],"code":"24242","department":"24"},"bbox":[0.61385,44.86426,0.66822,44.92749],"geometry":{"type":"Polygon","coordinates":[[[0.61721,44.87765],[0.61624,44.87999],[0.61385,44.88467],[0.61413,44.8912],[0.61489,44.89167],[0.61474,44.89465],[0.61706,44.89522],[0.61834,44.89592],[0.61815,44.89733],[0.61999,44.89991],[0.61978,44.90028],[0.62268,44.90223],[0.62489,44.90216],[0.62503,44.90417],[0.62284,44.90723],[0.62417,44.90788],[0.62187,44.91094],[0.62086,44.91099],[0.61955,44.91261],[0.62055,44.91509],[0.62344,44.91771],[0.62347,44.919],[0.62515,44.92031],[0.62683,44.92012],[0.6288,44.92126],[0.62936,44.92498],[0.62778,44.92682],[0.62835,44.92729],[0.6306,44.92749],[0.6351,44.92682],[0.6376,44.92668],[0.64172,44.92685],[0.64516,44.92639],[0.64828,44.92556],[0.6493,44.92588],[0.65342,44.92606],[0.65515,44.92593],[0.65435,44.92541],[0.65232,44.92106],[0.65243,44.91914],[0.65454,44.91756],[0.65534,44.91626],[0.65882,44.91407],[0.66127,44.9138],[0.66334,44.91428],[0.66465,44.91231],[0.66311,44.91104],[0.6634,44.9098],[0.66146,44.90919],[0.66166,44.90826],[0.66368,44.90784],[0.66222,44.90764],[0.66131,44.90682],[0.66138,44.90531],[0.66344,44.90448],[0.66466,44.90244],[0.6657,44.90215],[0.66438,44.89981],[0.66468,44.89855],[0.66406,44.89689],[0.66373,44.8945],[0.66602,44.89238],[0.66669,44.89083],[0.6663,44.88967],[0.66491,44.88939],[0.66576,44.88809],[0.6655,44.88657],[0.66465,44.88529],[0.66822,44.88341],[0.66693,44.88183],[0.665,44.88011],[0.6641,44.87889],[0.66251,44.87791],[0.66133,44.87471],[0.65954,44.87356],[0.65933,44.87226],[0.65784,44.87166],[0.65699,44.87242],[0.65414,44.87174],[0.65195,44.87041],[0.65015,44.86862],[0.65047,44.8665],[0.64861,44.86426],[0.64758,44.86461],[0.64326,44.8648],[0.63802,44.8661],[0.63707,44.86707],[0.63471,44.86773],[0.63451,44.86845],[0.6322,44.86969],[0.62994,44.87247],[0.62881,44.87433],[0.62595,44.87348],[0.62253,44.8756],[0.62181,44.87664],[0.61928,44.87707],[0.61721,44.87765]]]}},{"type":"Feature","id":"fr-commune-24243","properties":{"id":"fr-commune-24243","name":"Lisle","kind":"commune","center":[0.5571,45.2708],"code":"24243","department":"24"},"bbox":[0.52756,45.23985,0.58675,45.30177],"geometry":{"type":"Polygon","coordinates":[[[0.58228,45.24713],[0.58319,45.24483],[0.58327,45.24272],[0.5808,45.23985],[0.57807,45.24216],[0.57629,45.24291],[0.57468,45.24307],[0.57309,45.24491],[0.5691,45.24611],[0.56702,45.2461],[0.5626,45.247],[0.56089,45.24674],[0.5559,45.24736],[0.55386,45.24795],[0.5505,45.24817],[0.54636,45.24802],[0.54622,45.24905],[0.54688,45.25121],[0.54641,45.25223],[0.54478,45.25184],[0.53798,45.25218],[0.53955,45.25392],[0.53905,45.25621],[0.53715,45.2571],[0.53634,45.25934],[0.5347,45.26118],[0.53373,45.26356],[0.53286,45.26695],[0.53186,45.2762],[0.53325,45.27742],[0.53381,45.27857],[0.53328,45.27986],[0.53416,45.28074],[0.53395,45.2819],[0.53635,45.28253],[0.5354,45.2832],[0.53057,45.28525],[0.52875,45.28709],[0.52831,45.28805],[0.53239,45.29089],[0.5328,45.29158],[0.53201,45.29568],[0.53145,45.2958],[0.52917,45.29428],[0.52756,45.29485],[0.52774,45.29672],[0.53145,45.29973],[0.53349,45.30088],[0.53605,45.30177],[0.53639,45.29812],[0.53929,45.29772],[0.54258,45.29664],[0.54418,45.29675],[0.54692,45.29516],[0.54977,45.29484],[0.55266,45.2934],[0.55467,45.29302],[0.55821,45.29133],[0.56414,45.28997],[0.5684,45.28881],[0.57029,45.28866],[0.57563,45.28692],[0.5798,45.28598],[0.58094,45.28549],[0.58275,45.28583],[0.58331,45.28495],[0.58292,45.28307],[0.58501,45.28091],[0.58618,45.28054],[0.58675,45.27821],[0.58315,45.27237],[0.57927,45.27095],[0.58051,45.2689],[0.57969,45.26721],[0.58051,45.26701],[0.57941,45.26544],[0.57808,45.26166],[0.57724,45.26094],[0.57502,45.25716],[0.57613,45.25622],[0.5775,45.2526],[0.57723,45.25066],[0.58228,45.24713]]]}},{"type":"Feature","id":"fr-commune-24244","properties":{"id":"fr-commune-24244","name":"Lolme","kind":"commune","center":[0.8444,44.7106],"code":"24244","department":"24"},"bbox":[0.82219,44.69215,0.86663,44.72864],"geometry":{"type":"Polygon","coordinates":[[[0.82774,44.70727],[0.82861,44.71083],[0.83114,44.71315],[0.8337,44.71642],[0.83448,44.71874],[0.83359,44.72018],[0.83389,44.72124],[0.83697,44.72243],[0.83911,44.72263],[0.84123,44.72357],[0.84461,44.72742],[0.84655,44.72854],[0.85017,44.72864],[0.85146,44.72594],[0.8527,44.72338],[0.85501,44.72113],[0.85611,44.72076],[0.85702,44.71936],[0.85935,44.71725],[0.86227,44.71642],[0.86385,44.71568],[0.86448,44.71416],[0.86663,44.71199],[0.86501,44.7085],[0.86484,44.70749],[0.86291,44.70675],[0.86225,44.70369],[0.85855,44.70377],[0.85608,44.70345],[0.85406,44.70261],[0.85222,44.70072],[0.85097,44.69835],[0.85268,44.69747],[0.8494,44.69589],[0.84788,44.69589],[0.84504,44.69508],[0.8434,44.69315],[0.84085,44.69215],[0.84109,44.69347],[0.84063,44.69508],[0.83899,44.69759],[0.83769,44.69899],[0.83428,44.70133],[0.83152,44.70212],[0.82837,44.70171],[0.8254,44.70196],[0.82278,44.70318],[0.82219,44.70383],[0.82511,44.70462],[0.82773,44.70583],[0.82774,44.70727]]]}},{"type":"Feature","id":"fr-commune-24245","properties":{"id":"fr-commune-24245","name":"Loubejac","kind":"commune","center":[1.0705,44.6042],"code":"24245","department":"24"},"bbox":[1.03362,44.57076,1.10748,44.63745],"geometry":{"type":"Polygon","coordinates":[[[1.10346,44.58097],[1.09894,44.57993],[1.10026,44.57756],[1.10166,44.57672],[1.10213,44.57537],[1.10347,44.57435],[1.10321,44.57173],[1.10101,44.57202],[1.09668,44.57215],[1.09463,44.57165],[1.09033,44.57133],[1.08787,44.57076],[1.08387,44.57265],[1.08229,44.57257],[1.07841,44.5748],[1.07681,44.5733],[1.07514,44.57733],[1.07595,44.58091],[1.07808,44.58409],[1.07771,44.58667],[1.07833,44.58727],[1.07749,44.58961],[1.07661,44.59081],[1.07464,44.59214],[1.07299,44.59458],[1.07303,44.59634],[1.06979,44.59673],[1.06545,44.59644],[1.06049,44.59688],[1.05569,44.59782],[1.05339,44.59949],[1.05181,44.60189],[1.04583,44.60571],[1.0421,44.60625],[1.03956,44.60721],[1.03741,44.60852],[1.03362,44.60872],[1.03668,44.61047],[1.03919,44.6102],[1.04104,44.60893],[1.04268,44.60894],[1.04284,44.61008],[1.04221,44.61128],[1.04289,44.61294],[1.04047,44.61495],[1.04083,44.61647],[1.04481,44.61633],[1.04687,44.61765],[1.04614,44.61895],[1.04739,44.62033],[1.049,44.62315],[1.04888,44.6246],[1.04821,44.62513],[1.04874,44.62658],[1.04784,44.62832],[1.05292,44.63193],[1.05479,44.63552],[1.05908,44.63745],[1.06098,44.63711],[1.06318,44.63482],[1.06461,44.63385],[1.06544,44.63121],[1.06968,44.6304],[1.0737,44.62888],[1.07567,44.62863],[1.07928,44.62664],[1.07939,44.62586],[1.08263,44.62489],[1.08587,44.62305],[1.08627,44.62162],[1.08456,44.61999],[1.08544,44.61789],[1.08739,44.61621],[1.08829,44.61446],[1.09409,44.6121],[1.09663,44.60902],[1.09982,44.60744],[1.10041,44.60303],[1.10748,44.60391],[1.10223,44.59923],[1.10075,44.59755],[1.09459,44.59234],[1.09364,44.59061],[1.0952,44.59023],[1.09794,44.59064],[1.09959,44.58853],[1.10253,44.58644],[1.10214,44.5841],[1.10346,44.58097]]]}},{"type":"Feature","id":"fr-commune-24246","properties":{"id":"fr-commune-24246","name":"Lunas","kind":"commune","center":[0.3997,44.9271],"code":"24246","department":"24"},"bbox":[0.36898,44.90034,0.43033,44.95382],"geometry":{"type":"Polygon","coordinates":[[[0.40359,44.90081],[0.40058,44.90079],[0.39925,44.90127],[0.39638,44.90081],[0.39338,44.90065],[0.39245,44.90099],[0.38954,44.90034],[0.38734,44.90082],[0.38581,44.90049],[0.38468,44.90125],[0.38557,44.90302],[0.37991,44.90876],[0.37793,44.91187],[0.3748,44.91522],[0.37269,44.92009],[0.37301,44.9214],[0.37256,44.92271],[0.37144,44.9235],[0.37021,44.92542],[0.37065,44.92644],[0.36969,44.92899],[0.37002,44.93041],[0.36898,44.93109],[0.37095,44.93235],[0.37252,44.93281],[0.37424,44.93385],[0.37661,44.93138],[0.37711,44.93205],[0.37968,44.93227],[0.38475,44.93505],[0.38402,44.93652],[0.3839,44.93819],[0.38289,44.93907],[0.38235,44.94064],[0.38372,44.94315],[0.38283,44.9453],[0.38603,44.94414],[0.39022,44.94417],[0.39128,44.9452],[0.39002,44.94734],[0.39044,44.94828],[0.38799,44.95032],[0.39171,44.95319],[0.39387,44.952],[0.39553,44.95341],[0.39745,44.95382],[0.39908,44.9525],[0.4005,44.95282],[0.40294,44.95162],[0.40295,44.94986],[0.40417,44.94803],[0.40536,44.94498],[0.40803,44.94368],[0.41019,44.94133],[0.41184,44.94185],[0.4142,44.94168],[0.41771,44.9396],[0.41764,44.93761],[0.42429,44.9317],[0.42829,44.92923],[0.43033,44.92757],[0.4287,44.92596],[0.42371,44.92323],[0.42124,44.92242],[0.42531,44.91902],[0.42399,44.9186],[0.42102,44.91611],[0.4213,44.91413],[0.41992,44.91295],[0.41845,44.90977],[0.41807,44.90784],[0.41288,44.90673],[0.41165,44.90608],[0.41205,44.90434],[0.40704,44.90212],[0.40359,44.90081]]]}},{"type":"Feature","id":"fr-commune-24247","properties":{"id":"fr-commune-24247","name":"Lusignac","kind":"commune","center":[0.3147,45.3245],"code":"24247","department":"24"},"bbox":[0.29159,45.30495,0.33842,45.34415],"geometry":{"type":"Polygon","coordinates":[[[0.30433,45.30495],[0.3042,45.30649],[0.30327,45.30865],[0.30231,45.30997],[0.2999,45.31052],[0.29861,45.31231],[0.2988,45.31302],[0.29581,45.31519],[0.29806,45.31736],[0.29595,45.31759],[0.29391,45.31898],[0.29407,45.3197],[0.29159,45.32132],[0.29195,45.32265],[0.29422,45.32393],[0.29723,45.32434],[0.29919,45.32857],[0.30086,45.32885],[0.30245,45.32982],[0.30372,45.33286],[0.30317,45.33318],[0.30397,45.33535],[0.30523,45.33491],[0.30685,45.33369],[0.30863,45.33304],[0.31052,45.33299],[0.31188,45.33418],[0.31565,45.33498],[0.31744,45.3379],[0.31908,45.34162],[0.32094,45.343],[0.32473,45.34415],[0.32577,45.34408],[0.32838,45.34193],[0.32882,45.34082],[0.33098,45.34059],[0.33359,45.3397],[0.33478,45.33966],[0.33787,45.33826],[0.33842,45.33587],[0.33765,45.33246],[0.33679,45.33078],[0.33574,45.33068],[0.3341,45.3293],[0.33576,45.32864],[0.33345,45.32712],[0.33185,45.32714],[0.33053,45.32565],[0.33056,45.32483],[0.32902,45.32275],[0.32928,45.32182],[0.32677,45.32004],[0.32468,45.31929],[0.32286,45.31811],[0.32148,45.31616],[0.32011,45.31491],[0.32034,45.31391],[0.31921,45.31253],[0.31599,45.31184],[0.31483,45.31087],[0.31309,45.31075],[0.31139,45.30776],[0.31009,45.30724],[0.30903,45.30585],[0.30519,45.30549],[0.30433,45.30495]]]}},{"type":"Feature","id":"fr-commune-24248","properties":{"id":"fr-commune-24248","name":"Lussas-et-Nontronneau","kind":"commune","center":[0.5792,45.522],"code":"24248","department":"24"},"bbox":[0.53543,45.491,0.62295,45.55268],"geometry":{"type":"Polygon","coordinates":[[[0.59057,45.54637],[0.59059,45.5427],[0.58904,45.54219],[0.58956,45.54144],[0.58956,45.53913],[0.59084,45.53806],[0.58977,45.53648],[0.58952,45.53533],[0.59169,45.53387],[0.59386,45.53317],[0.59404,45.53418],[0.59525,45.536],[0.59838,45.53579],[0.60335,45.53796],[0.60451,45.53797],[0.60409,45.53951],[0.60573,45.54018],[0.60882,45.54045],[0.60939,45.53966],[0.61212,45.53881],[0.61178,45.53732],[0.61392,45.5349],[0.6177,45.53489],[0.62104,45.53442],[0.62295,45.5334],[0.62229,45.53059],[0.6222,45.52878],[0.6227,45.52667],[0.62069,45.52475],[0.61607,45.52671],[0.61404,45.52425],[0.61273,45.52345],[0.61058,45.5211],[0.60788,45.5193],[0.60612,45.5174],[0.60418,45.51647],[0.60346,45.51556],[0.60144,45.51578],[0.6047,45.51239],[0.60191,45.51076],[0.60308,45.51011],[0.60654,45.50901],[0.60522,45.50636],[0.60418,45.50538],[0.60142,45.50615],[0.59831,45.5037],[0.59809,45.50283],[0.60022,45.50132],[0.59957,45.50053],[0.60105,45.49853],[0.6031,45.49393],[0.60178,45.49313],[0.59985,45.49268],[0.59786,45.49131],[0.59522,45.49218],[0.59458,45.49132],[0.59003,45.491],[0.58621,45.49149],[0.58552,45.49135],[0.58357,45.49247],[0.58286,45.49357],[0.58075,45.49423],[0.57858,45.49577],[0.5765,45.49421],[0.57383,45.49372],[0.57241,45.49404],[0.57206,45.49638],[0.56841,45.49704],[0.56701,45.49787],[0.5654,45.49791],[0.56482,45.49886],[0.56555,45.49983],[0.5633,45.50017],[0.56238,45.49944],[0.5605,45.50007],[0.56044,45.50086],[0.56192,45.50124],[0.56323,45.50436],[0.56207,45.50472],[0.56261,45.50574],[0.56141,45.50766],[0.5592,45.50817],[0.5583,45.5105],[0.55671,45.50919],[0.55506,45.51004],[0.55431,45.51115],[0.55203,45.51081],[0.54984,45.51182],[0.54919,45.51148],[0.54928,45.51481],[0.55051,45.51654],[0.54892,45.5198],[0.54788,45.51946],[0.5451,45.52087],[0.54311,45.52492],[0.54046,45.52671],[0.53745,45.5277],[0.53543,45.52881],[0.53783,45.52962],[0.53905,45.53097],[0.53761,45.53159],[0.53773,45.53486],[0.5392,45.53507],[0.53992,45.53642],[0.54226,45.53606],[0.54816,45.53625],[0.55078,45.53647],[0.55152,45.53379],[0.55128,45.53237],[0.55282,45.53184],[0.55315,45.53048],[0.55576,45.53094],[0.55776,45.53065],[0.55967,45.52893],[0.56167,45.52913],[0.56317,45.52858],[0.56643,45.53235],[0.56785,45.53584],[0.56603,45.53663],[0.56912,45.53857],[0.56982,45.53978],[0.5689,45.54138],[0.57305,45.54553],[0.57346,45.54689],[0.57301,45.54874],[0.57328,45.55077],[0.57268,45.55187],[0.57652,45.55268],[0.5777,45.55202],[0.57861,45.55059],[0.58125,45.54949],[0.58299,45.55098],[0.58448,45.55149],[0.58663,45.55042],[0.58691,45.5491],[0.58586,45.54846],[0.58689,45.54713],[0.59057,45.54637]]]}},{"type":"Feature","id":"fr-commune-24251","properties":{"id":"fr-commune-24251","name":"Manzac-sur-Vern","kind":"commune","center":[0.5914,45.084],"code":"24251","department":"24"},"bbox":[0.56035,45.05783,0.62239,45.11022],"geometry":{"type":"Polygon","coordinates":[[[0.61699,45.06519],[0.61446,45.06498],[0.61073,45.06343],[0.60828,45.06335],[0.60709,45.06365],[0.60393,45.06346],[0.6029,45.06302],[0.60026,45.0643],[0.59424,45.06415],[0.59223,45.06211],[0.59202,45.06083],[0.59121,45.0602],[0.5901,45.0583],[0.58789,45.05864],[0.58445,45.05786],[0.58243,45.05783],[0.58038,45.05834],[0.57754,45.05807],[0.57663,45.05859],[0.57112,45.06072],[0.57003,45.06152],[0.56845,45.06359],[0.56659,45.06487],[0.56522,45.06668],[0.56284,45.06845],[0.56584,45.06955],[0.56815,45.07182],[0.5675,45.07287],[0.56771,45.07518],[0.56715,45.07755],[0.56547,45.08004],[0.56422,45.08302],[0.56262,45.08414],[0.56554,45.08952],[0.56461,45.09246],[0.56512,45.09341],[0.56429,45.09511],[0.56298,45.0958],[0.56035,45.09869],[0.56186,45.10031],[0.5674,45.10331],[0.57167,45.10557],[0.57781,45.10736],[0.58675,45.11022],[0.58931,45.1092],[0.59114,45.10795],[0.5947,45.10697],[0.60258,45.10669],[0.60364,45.10712],[0.60421,45.10485],[0.6057,45.10367],[0.60874,45.10524],[0.61211,45.10595],[0.61352,45.10723],[0.61528,45.10736],[0.61516,45.10578],[0.6163,45.10406],[0.61979,45.10226],[0.62043,45.10268],[0.62239,45.10207],[0.62193,45.10141],[0.62135,45.1006],[0.61953,45.09975],[0.61653,45.09789],[0.61603,45.09693],[0.61579,45.09278],[0.6161,45.09072],[0.61388,45.08998],[0.61009,45.0875],[0.61002,45.08673],[0.61155,45.08614],[0.6125,45.08641],[0.61429,45.08598],[0.61714,45.08215],[0.61725,45.08089],[0.61638,45.07969],[0.61533,45.07703],[0.61649,45.07659],[0.6175,45.07518],[0.61895,45.07424],[0.62041,45.07473],[0.62186,45.07335],[0.61856,45.06904],[0.62022,45.06798],[0.61897,45.0662],[0.61699,45.06519]]]}},{"type":"Feature","id":"fr-commune-24252","properties":{"id":"fr-commune-24252","name":"Marcillac-Saint-Quentin","kind":"commune","center":[1.2024,44.9532],"code":"24252","department":"24"},"bbox":[1.16497,44.92911,1.23988,44.97724],"geometry":{"type":"Polygon","coordinates":[[[1.21199,44.96848],[1.21376,44.96888],[1.2179,44.96917],[1.2206,44.96794],[1.2221,44.96802],[1.22476,44.96892],[1.22634,44.97035],[1.22758,44.97093],[1.22952,44.96975],[1.23643,44.96918],[1.23757,44.96639],[1.23983,44.96659],[1.23988,44.96444],[1.23815,44.95994],[1.23519,44.95808],[1.23217,44.95732],[1.22885,44.95746],[1.22793,44.9563],[1.22419,44.9526],[1.22335,44.94861],[1.22062,44.94481],[1.217,44.94181],[1.21603,44.94061],[1.21599,44.93935],[1.21418,44.93929],[1.21251,44.93787],[1.20895,44.93312],[1.20546,44.92911],[1.20496,44.93004],[1.20425,44.9331],[1.20122,44.93482],[1.20049,44.93588],[1.19108,44.93517],[1.18609,44.93728],[1.18461,44.93754],[1.18238,44.94014],[1.18118,44.93998],[1.17952,44.94128],[1.17553,44.94274],[1.17426,44.94397],[1.17322,44.94424],[1.17104,44.94631],[1.17103,44.94766],[1.16983,44.94892],[1.17146,44.94995],[1.17168,44.9549],[1.17158,44.95629],[1.1699,44.95845],[1.16928,44.9598],[1.16979,44.96056],[1.16703,44.9621],[1.16497,44.96486],[1.1685,44.96514],[1.16947,44.96576],[1.17406,44.96641],[1.17642,44.96884],[1.17876,44.97161],[1.17954,44.97216],[1.18327,44.97331],[1.18415,44.97226],[1.18529,44.97384],[1.18804,44.97657],[1.19112,44.97724],[1.19134,44.97647],[1.19611,44.9745],[1.19806,44.97328],[1.2006,44.97298],[1.20384,44.97187],[1.20516,44.97068],[1.20707,44.97077],[1.20844,44.96987],[1.21199,44.96848]]]}},{"type":"Feature","id":"fr-commune-24253","properties":{"id":"fr-commune-24253","name":"Mareuil en Périgord","kind":"commune","center":[0.5107,45.4476],"code":"24253","department":"24"},"bbox":[0.4072,45.35567,0.61398,45.53952],"geometry":{"type":"Polygon","coordinates":[[[0.43177,45.4857],[0.43327,45.48764],[0.43177,45.49216],[0.43168,45.49306],[0.43221,45.49982],[0.43297,45.50195],[0.43204,45.50394],[0.43279,45.50483],[0.4345,45.50386],[0.43681,45.50506],[0.4389,45.5085],[0.43925,45.50986],[0.44154,45.50974],[0.44346,45.51174],[0.4456,45.51463],[0.4486,45.51575],[0.45025,45.51737],[0.45101,45.51886],[0.45081,45.52068],[0.4493,45.52392],[0.45129,45.52381],[0.4526,45.52482],[0.45671,45.52453],[0.45827,45.52573],[0.45935,45.52597],[0.45975,45.52719],[0.46117,45.52888],[0.46303,45.53242],[0.46495,45.53434],[0.46436,45.53663],[0.46555,45.53741],[0.46573,45.53952],[0.4675,45.53889],[0.47389,45.5387],[0.47349,45.53676],[0.47245,45.53421],[0.47346,45.53269],[0.47427,45.53289],[0.47605,45.53198],[0.4774,45.53038],[0.47798,45.52897],[0.48052,45.52783],[0.48494,45.52503],[0.48707,45.52496],[0.49049,45.52329],[0.4938,45.52216],[0.49467,45.52001],[0.49773,45.51979],[0.49926,45.51908],[0.5021,45.51901],[0.50392,45.51691],[0.50657,45.51867],[0.50978,45.51987],[0.51189,45.51948],[0.51197,45.51876],[0.51452,45.51829],[0.51548,45.51655],[0.51541,45.51484],[0.51369,45.51265],[0.51706,45.51152],[0.52017,45.51161],[0.52094,45.5095],[0.52025,45.50752],[0.51953,45.50673],[0.51942,45.50469],[0.51798,45.50485],[0.5181,45.50287],[0.51556,45.5017],[0.51521,45.49949],[0.51461,45.49989],[0.51125,45.49843],[0.51119,45.49648],[0.5099,45.49619],[0.50881,45.49464],[0.50551,45.49408],[0.50255,45.49325],[0.4982,45.49145],[0.4966,45.48872],[0.49328,45.48761],[0.49217,45.48563],[0.49477,45.48372],[0.49547,45.48171],[0.49735,45.48011],[0.50087,45.47882],[0.50245,45.47863],[0.50306,45.47788],[0.50685,45.47664],[0.51012,45.47671],[0.51321,45.47883],[0.51404,45.47814],[0.51665,45.47722],[0.52027,45.47673],[0.52338,45.4756],[0.52542,45.47532],[0.52656,45.47565],[0.5287,45.47723],[0.53102,45.47665],[0.53169,45.4759],[0.5337,45.4759],[0.53432,45.47672],[0.53588,45.4773],[0.53778,45.47575],[0.54017,45.47844],[0.54295,45.47755],[0.54401,45.47667],[0.54669,45.47698],[0.54777,45.47632],[0.55035,45.47675],[0.55205,45.47655],[0.55343,45.47536],[0.55632,45.47583],[0.5578,45.47797],[0.55791,45.47995],[0.56086,45.48296],[0.5594,45.48719],[0.56015,45.48993],[0.55998,45.49607],[0.5605,45.50007],[0.56238,45.49944],[0.5633,45.50017],[0.56555,45.49983],[0.56482,45.49886],[0.5654,45.49791],[0.56701,45.49787],[0.56841,45.49704],[0.57206,45.49638],[0.57241,45.49404],[0.57383,45.49372],[0.5765,45.49421],[0.57858,45.49577],[0.58075,45.49423],[0.58286,45.49357],[0.58357,45.49247],[0.58552,45.49135],[0.58621,45.49149],[0.59003,45.491],[0.59458,45.49132],[0.59522,45.49218],[0.59786,45.49131],[0.59985,45.49268],[0.60178,45.49313],[0.6031,45.49393],[0.60356,45.49449],[0.60955,45.49369],[0.6115,45.49139],[0.61249,45.49041],[0.61316,45.48856],[0.61281,45.48628],[0.61062,45.48367],[0.61398,45.48325],[0.61396,45.48216],[0.61294,45.47981],[0.61149,45.47898],[0.6123,45.478],[0.61212,45.47685],[0.61032,45.47633],[0.60996,45.47489],[0.60915,45.47407],[0.60849,45.47225],[0.60555,45.47098],[0.60566,45.4686],[0.60683,45.46747],[0.60932,45.4678],[0.61063,45.46714],[0.61069,45.46622],[0.60986,45.46439],[0.60757,45.45604],[0.60865,45.45386],[0.60869,45.45236],[0.60753,45.45162],[0.60366,45.4499],[0.60125,45.44977],[0.59758,45.44878],[0.59766,45.44781],[0.59892,45.44531],[0.59804,45.4452],[0.5941,45.44587],[0.58998,45.4433],[0.58735,45.44244],[0.58328,45.44027],[0.58303,45.43885],[0.5801,45.43656],[0.578,45.43419],[0.57647,45.43395],[0.57384,45.43282],[0.57106,45.4302],[0.57036,45.42771],[0.57021,45.42592],[0.56833,45.42297],[0.56619,45.42127],[0.56113,45.42002],[0.55872,45.41924],[0.55759,45.41794],[0.5534,45.41665],[0.54886,45.41388],[0.54797,45.41358],[0.54819,45.41171],[0.54932,45.41028],[0.54721,45.40827],[0.54846,45.40703],[0.54894,45.40572],[0.55088,45.40539],[0.54956,45.40414],[0.55108,45.40229],[0.55169,45.40083],[0.55271,45.40044],[0.55658,45.40017],[0.55676,45.39784],[0.55411,45.39667],[0.55267,45.39507],[0.55704,45.39331],[0.5595,45.39258],[0.56233,45.39226],[0.56481,45.39055],[0.56796,45.38957],[0.56729,45.38849],[0.56717,45.38574],[0.56547,45.38455],[0.56521,45.38378],[0.5625,45.38412],[0.56075,45.38355],[0.55703,45.38365],[0.55645,45.3814],[0.55691,45.38118],[0.55511,45.37897],[0.55259,45.37799],[0.55193,45.37724],[0.54977,45.37355],[0.54913,45.37335],[0.54051,45.37451],[0.53797,45.37622],[0.53634,45.37604],[0.53554,45.37511],[0.52741,45.37609],[0.52475,45.37335],[0.52493,45.37162],[0.52371,45.36966],[0.52093,45.36944],[0.51931,45.36889],[0.51752,45.36712],[0.5153,45.36352],[0.51387,45.36339],[0.51145,45.36249],[0.5096,45.36098],[0.51094,45.35812],[0.51239,45.35595],[0.50996,45.35567],[0.50809,45.3561],[0.50404,45.35626],[0.50122,45.35686],[0.50213,45.35714],[0.50376,45.36459],[0.50394,45.3666],[0.50345,45.37025],[0.50227,45.37119],[0.49946,45.3722],[0.49806,45.37319],[0.4951,45.37712],[0.49037,45.37892],[0.48433,45.38295],[0.48003,45.38184],[0.47748,45.38312],[0.47653,45.3844],[0.47486,45.38473],[0.47194,45.38582],[0.46992,45.38721],[0.46915,45.38846],[0.4676,45.38924],[0.46947,45.39251],[0.47209,45.3937],[0.47583,45.39725],[0.47775,45.39852],[0.47882,45.4001],[0.48105,45.40122],[0.48246,45.40248],[0.47993,45.40424],[0.47428,45.40624],[0.4714,45.40821],[0.46714,45.40895],[0.46359,45.40872],[0.45972,45.40928],[0.4567,45.40984],[0.45387,45.41115],[0.45009,45.41239],[0.44701,45.41402],[0.44122,45.4148],[0.44047,45.41445],[0.43607,45.41432],[0.43304,45.41359],[0.4304,45.41383],[0.43153,45.41624],[0.42866,45.41741],[0.42727,45.41645],[0.42551,45.4163],[0.42077,45.41928],[0.41812,45.42046],[0.4163,45.42184],[0.41635,45.42318],[0.41409,45.42537],[0.41298,45.42912],[0.41121,45.43149],[0.41141,45.43295],[0.41009,45.43507],[0.40843,45.4359],[0.4072,45.43767],[0.40883,45.4367],[0.41342,45.43591],[0.41495,45.43673],[0.41587,45.43778],[0.41372,45.43937],[0.41648,45.44125],[0.41951,45.44236],[0.41835,45.44356],[0.4184,45.44437],[0.42102,45.4483],[0.42382,45.44995],[0.42382,45.4518],[0.42511,45.45376],[0.42646,45.45435],[0.42695,45.45525],[0.43029,45.45505],[0.43143,45.45564],[0.43526,45.45964],[0.43503,45.46086],[0.43759,45.46189],[0.43686,45.46396],[0.44003,45.46395],[0.44228,45.46574],[0.44018,45.46808],[0.443,45.46887],[0.44539,45.46999],[0.45049,45.46958],[0.45001,45.47042],[0.4521,45.4708],[0.45086,45.47391],[0.44921,45.4763],[0.44812,45.47729],[0.4472,45.47672],[0.44561,45.47747],[0.44306,45.47781],[0.44336,45.47937],[0.44537,45.48007],[0.44588,45.48134],[0.44459,45.48306],[0.44761,45.48443],[0.44733,45.48544],[0.44483,45.48779],[0.44396,45.48984],[0.44441,45.49162],[0.44097,45.49208],[0.43943,45.49182],[0.43593,45.48974],[0.43606,45.48784],[0.43521,45.4865],[0.43177,45.4857]]]}},{"type":"Feature","id":"fr-commune-24254","properties":{"id":"fr-commune-24254","name":"Marnac","kind":"commune","center":[1.029,44.8328],"code":"24254","department":"24"},"bbox":[1.00337,44.81357,1.0545,44.8521],"geometry":{"type":"Polygon","coordinates":[[[1.0134,44.81734],[1.00958,44.81884],[1.00776,44.81985],[1.00841,44.82205],[1.00677,44.82447],[1.00497,44.82461],[1.00358,44.82543],[1.00337,44.82637],[1.00824,44.82754],[1.01179,44.82878],[1.01502,44.83117],[1.01811,44.83502],[1.01974,44.83793],[1.02011,44.84018],[1.01885,44.8433],[1.01866,44.84509],[1.02006,44.84961],[1.02055,44.85203],[1.03687,44.8521],[1.03676,44.85097],[1.03862,44.8489],[1.03885,44.84676],[1.03786,44.8454],[1.03578,44.84399],[1.03462,44.84241],[1.03533,44.84149],[1.03448,44.83952],[1.03474,44.83821],[1.03251,44.83466],[1.03546,44.83315],[1.03937,44.82973],[1.04076,44.82824],[1.04436,44.82577],[1.04581,44.8257],[1.04683,44.8247],[1.04746,44.82305],[1.04895,44.82171],[1.0503,44.82367],[1.05284,44.82061],[1.05442,44.82002],[1.0545,44.81885],[1.0521,44.81533],[1.05258,44.81357],[1.05011,44.81488],[1.04721,44.81531],[1.0451,44.81616],[1.04133,44.81619],[1.03727,44.81599],[1.03545,44.81632],[1.03417,44.81708],[1.03032,44.81756],[1.0276,44.81696],[1.02375,44.8181],[1.02128,44.81813],[1.01943,44.81745],[1.01469,44.81674],[1.0134,44.81734]]]}},{"type":"Feature","id":"fr-commune-24255","properties":{"id":"fr-commune-24255","name":"Marquay","kind":"commune","center":[1.1284,44.9417],"code":"24255","department":"24"},"bbox":[1.07992,44.90817,1.17653,44.97515],"geometry":{"type":"Polygon","coordinates":[[[1.10851,44.91842],[1.10838,44.92027],[1.1104,44.92174],[1.11135,44.92409],[1.11084,44.9259],[1.11123,44.9277],[1.11236,44.92898],[1.11672,44.93266],[1.11395,44.93528],[1.11094,44.93646],[1.1061,44.93966],[1.10417,44.93999],[1.10325,44.94201],[1.10185,44.94342],[1.09902,44.94282],[1.09571,44.94418],[1.09263,44.94457],[1.08951,44.94454],[1.08571,44.94575],[1.07992,44.9469],[1.08013,44.94756],[1.08283,44.95022],[1.08289,44.95342],[1.08603,44.95765],[1.08569,44.95847],[1.08782,44.96049],[1.08831,44.96139],[1.0913,44.96237],[1.09246,44.96316],[1.09339,44.96533],[1.09432,44.96607],[1.09524,44.96839],[1.09675,44.97016],[1.09794,44.9708],[1.09961,44.97081],[1.10135,44.97236],[1.10224,44.97515],[1.10511,44.97433],[1.10634,44.97286],[1.10954,44.97159],[1.11135,44.96998],[1.11243,44.96959],[1.11564,44.96765],[1.11567,44.96652],[1.11752,44.96582],[1.11936,44.96589],[1.12146,44.96528],[1.1266,44.96136],[1.12768,44.95892],[1.12828,44.95839],[1.13138,44.95932],[1.13416,44.95795],[1.13359,44.9566],[1.13454,44.95485],[1.1362,44.95412],[1.13693,44.95224],[1.13816,44.95123],[1.13972,44.95084],[1.14136,44.94924],[1.14656,44.9486],[1.15351,44.9467],[1.15783,44.94409],[1.15977,44.94232],[1.16244,44.94131],[1.16717,44.94249],[1.16782,44.94132],[1.16955,44.94058],[1.17101,44.94055],[1.17346,44.93832],[1.17297,44.93571],[1.17112,44.93413],[1.1725,44.93367],[1.17416,44.93058],[1.17515,44.93018],[1.17532,44.92852],[1.17638,44.92687],[1.17653,44.92246],[1.17345,44.92006],[1.17018,44.92145],[1.16666,44.92189],[1.16336,44.92132],[1.16246,44.9204],[1.15919,44.91927],[1.15666,44.91808],[1.15523,44.91788],[1.1547,44.91595],[1.15159,44.91286],[1.14744,44.91202],[1.14514,44.91017],[1.14529,44.90961],[1.14349,44.90817],[1.14153,44.90909],[1.13973,44.90916],[1.14,44.9126],[1.13748,44.91214],[1.13965,44.91403],[1.13874,44.91463],[1.13955,44.91791],[1.13791,44.91735],[1.13436,44.91731],[1.13147,44.91815],[1.13,44.92046],[1.12904,44.92059],[1.12799,44.92242],[1.12688,44.92243],[1.124,44.92475],[1.1213,44.92177],[1.11803,44.92006],[1.11741,44.91827],[1.11643,44.91842],[1.10939,44.91865],[1.10851,44.91842]]]}},{"type":"Feature","id":"fr-commune-24256","properties":{"id":"fr-commune-24256","name":"Marsac-sur-l'Isle","kind":"commune","center":[0.6475,45.1816],"code":"24256","department":"24"},"bbox":[0.6183,45.1629,0.67672,45.20022],"geometry":{"type":"Polygon","coordinates":[[[0.67353,45.20013],[0.67504,45.19897],[0.67583,45.1939],[0.67555,45.18989],[0.67663,45.19035],[0.67624,45.18844],[0.67672,45.18687],[0.67594,45.18191],[0.67488,45.18007],[0.67212,45.17803],[0.67023,45.17942],[0.66886,45.17811],[0.66886,45.17675],[0.66691,45.17513],[0.66692,45.17419],[0.66503,45.17227],[0.6648,45.17082],[0.66316,45.16849],[0.66173,45.16711],[0.66184,45.164],[0.65643,45.16397],[0.65359,45.1629],[0.65298,45.16392],[0.65117,45.16489],[0.65027,45.16584],[0.64789,45.1664],[0.64684,45.16761],[0.64562,45.16783],[0.64106,45.17043],[0.63958,45.17015],[0.63655,45.17019],[0.63563,45.17134],[0.63527,45.17273],[0.63294,45.17652],[0.63203,45.17748],[0.62965,45.17791],[0.62919,45.18014],[0.62717,45.18008],[0.62451,45.1813],[0.6183,45.18039],[0.61905,45.18234],[0.61925,45.18592],[0.62092,45.18907],[0.62157,45.19165],[0.62148,45.19358],[0.62221,45.19502],[0.62337,45.19595],[0.62572,45.1969],[0.62812,45.19723],[0.62943,45.19631],[0.63194,45.19328],[0.63268,45.19143],[0.63248,45.19056],[0.63389,45.18897],[0.64101,45.18656],[0.64453,45.18632],[0.64831,45.18577],[0.65141,45.18674],[0.65564,45.1888],[0.65844,45.18957],[0.65695,45.1931],[0.65616,45.19416],[0.65632,45.19575],[0.65581,45.1971],[0.66322,45.19855],[0.6675,45.19997],[0.67011,45.20022],[0.67353,45.20013]]]}},{"type":"Feature","id":"fr-commune-24257","properties":{"id":"fr-commune-24257","name":"Marsalès","kind":"commune","center":[0.8933,44.6997],"code":"24257","department":"24"},"bbox":[0.86484,44.68125,0.92196,44.7183],"geometry":{"type":"Polygon","coordinates":[[[0.86617,44.68305],[0.8655,44.68294],[0.86592,44.6846],[0.86769,44.68625],[0.87187,44.6885],[0.8737,44.6906],[0.87451,44.6924],[0.87262,44.69596],[0.87206,44.69953],[0.8716,44.6999],[0.87168,44.70269],[0.87225,44.70361],[0.86767,44.70427],[0.86684,44.70623],[0.86484,44.70749],[0.86501,44.7085],[0.86663,44.71199],[0.86786,44.71121],[0.87029,44.71108],[0.87138,44.71014],[0.87628,44.71021],[0.87841,44.70999],[0.87946,44.70946],[0.88396,44.70984],[0.88575,44.71139],[0.89032,44.71141],[0.89354,44.7123],[0.89662,44.71243],[0.89774,44.71286],[0.90393,44.71287],[0.90578,44.71253],[0.90815,44.71257],[0.91193,44.71421],[0.91353,44.71456],[0.91545,44.71576],[0.9161,44.7183],[0.9189,44.71592],[0.92067,44.71178],[0.92196,44.71098],[0.92018,44.71038],[0.91722,44.70809],[0.91483,44.70571],[0.9149,44.70329],[0.91396,44.70113],[0.91064,44.69953],[0.90595,44.69559],[0.90306,44.6942],[0.90143,44.69513],[0.89946,44.6953],[0.89909,44.69238],[0.8967,44.68767],[0.89591,44.68766],[0.89546,44.68585],[0.89383,44.68596],[0.893,44.68513],[0.89098,44.68615],[0.89097,44.68401],[0.89019,44.68348],[0.89052,44.68191],[0.88617,44.68125],[0.88255,44.68257],[0.87926,44.68346],[0.87665,44.68391],[0.87371,44.68398],[0.86991,44.68337],[0.86617,44.68305]]]}},{"type":"Feature","id":"fr-commune-24259","properties":{"id":"fr-commune-24259","name":"Eyraud-Crempse-Maurens","kind":"commune","center":[0.4836,44.9355],"code":"24259","department":"24"},"bbox":[0.41764,44.89741,0.54962,44.97408],"geometry":{"type":"Polygon","coordinates":[[[0.48947,44.9613],[0.49115,44.96105],[0.4955,44.96111],[0.49473,44.96381],[0.49926,44.96478],[0.50405,44.96607],[0.51067,44.96635],[0.51298,44.96599],[0.51411,44.96646],[0.51842,44.96683],[0.52718,44.96665],[0.53043,44.96594],[0.53302,44.9663],[0.53148,44.96456],[0.53105,44.96292],[0.53139,44.96057],[0.53403,44.95882],[0.5351,44.95645],[0.53754,44.955],[0.53986,44.95462],[0.54158,44.95537],[0.54226,44.95471],[0.5439,44.95485],[0.54534,44.95392],[0.54962,44.95025],[0.54947,44.94798],[0.54689,44.94689],[0.54725,44.94559],[0.54896,44.94289],[0.54596,44.93965],[0.54588,44.93918],[0.54145,44.9392],[0.54028,44.9377],[0.53883,44.93662],[0.53857,44.93569],[0.53486,44.93247],[0.53376,44.93251],[0.5332,44.93143],[0.53229,44.93166],[0.52092,44.93316],[0.51832,44.9311],[0.51702,44.93048],[0.5141,44.93083],[0.5123,44.9293],[0.51056,44.92979],[0.50988,44.9277],[0.5077,44.9243],[0.50275,44.92087],[0.50168,44.91875],[0.50162,44.91729],[0.50221,44.91546],[0.50132,44.9096],[0.5009,44.90704],[0.50078,44.90371],[0.49907,44.90241],[0.49993,44.90138],[0.49688,44.89987],[0.49245,44.89928],[0.48669,44.89986],[0.4851,44.90041],[0.48304,44.90045],[0.48113,44.90116],[0.478,44.90289],[0.4764,44.90306],[0.46999,44.90146],[0.46718,44.90222],[0.46536,44.90305],[0.46421,44.89941],[0.46162,44.89741],[0.46091,44.89888],[0.45848,44.90013],[0.45824,44.90089],[0.45518,44.90208],[0.45284,44.9023],[0.45418,44.90429],[0.45527,44.9076],[0.45419,44.90961],[0.44781,44.91631],[0.45042,44.91795],[0.45127,44.91879],[0.44736,44.92017],[0.44543,44.92208],[0.44093,44.92213],[0.43851,44.92369],[0.43617,44.92415],[0.43315,44.92721],[0.4317,44.92827],[0.43033,44.92757],[0.42829,44.92923],[0.42429,44.9317],[0.41764,44.93761],[0.41771,44.9396],[0.41962,44.94208],[0.42227,44.94382],[0.42323,44.94693],[0.42583,44.94764],[0.43142,44.94978],[0.43347,44.95246],[0.43403,44.95551],[0.42868,44.95556],[0.42384,44.95478],[0.42287,44.9554],[0.42484,44.9587],[0.42603,44.95916],[0.42707,44.96027],[0.42866,44.96087],[0.42954,44.96339],[0.43134,44.96472],[0.4317,44.96636],[0.43482,44.96678],[0.43932,44.96702],[0.44253,44.96751],[0.44361,44.96688],[0.44587,44.96842],[0.44788,44.9676],[0.45198,44.96838],[0.45423,44.96902],[0.45557,44.97042],[0.45798,44.97112],[0.45877,44.97264],[0.46089,44.9723],[0.46139,44.97408],[0.46334,44.97302],[0.46754,44.96769],[0.46863,44.96551],[0.46785,44.96336],[0.47043,44.96338],[0.4728,44.96485],[0.47772,44.9647],[0.47893,44.96319],[0.48404,44.96115],[0.48658,44.96083],[0.48947,44.9613]]]}},{"type":"Feature","id":"fr-commune-24260","properties":{"id":"fr-commune-24260","name":"Mauzac-et-Grand-Castang","kind":"commune","center":[0.7755,44.8782],"code":"24260","department":"24"},"bbox":[0.7465,44.84492,0.80467,44.91155],"geometry":{"type":"Polygon","coordinates":[[[0.80467,44.85434],[0.80426,44.85279],[0.80268,44.8513],[0.79874,44.84904],[0.7908,44.84492],[0.78808,44.84871],[0.78611,44.85091],[0.78206,44.85707],[0.78445,44.85797],[0.78399,44.85902],[0.78114,44.86744],[0.77625,44.86719],[0.77214,44.86611],[0.77065,44.86839],[0.76917,44.86934],[0.76578,44.86976],[0.76434,44.87044],[0.76334,44.87353],[0.7636,44.87438],[0.76282,44.87575],[0.7606,44.87721],[0.76348,44.87762],[0.76267,44.87913],[0.76349,44.88173],[0.76313,44.88265],[0.76533,44.88354],[0.7669,44.88645],[0.77034,44.88726],[0.76663,44.88939],[0.76414,44.89114],[0.76211,44.89341],[0.75864,44.89499],[0.75665,44.89617],[0.75414,44.89677],[0.75139,44.89975],[0.75141,44.90302],[0.74887,44.90666],[0.7465,44.90843],[0.74709,44.90973],[0.74979,44.90962],[0.75284,44.91038],[0.75464,44.90981],[0.7575,44.90943],[0.75951,44.90975],[0.76206,44.90963],[0.76533,44.91115],[0.7656,44.9106],[0.76931,44.91155],[0.77336,44.91063],[0.77335,44.91146],[0.77723,44.91145],[0.78091,44.91107],[0.78085,44.90752],[0.78005,44.90652],[0.77917,44.90392],[0.77915,44.90288],[0.78041,44.90157],[0.7816,44.89929],[0.78183,44.89773],[0.78268,44.89591],[0.78658,44.89644],[0.78775,44.89575],[0.79373,44.89464],[0.79431,44.89552],[0.79711,44.89346],[0.79633,44.89282],[0.80046,44.88889],[0.80092,44.88696],[0.80275,44.88507],[0.80457,44.88399],[0.80213,44.88273],[0.80045,44.88105],[0.79887,44.87697],[0.7985,44.875],[0.79843,44.8721],[0.79953,44.8672],[0.80176,44.8619],[0.80352,44.86128],[0.80455,44.85698],[0.80467,44.85434]]]}},{"type":"Feature","id":"fr-commune-24261","properties":{"id":"fr-commune-24261","name":"Mauzens-et-Miremont","kind":"commune","center":[0.9287,44.9901],"code":"24261","department":"24"},"bbox":[0.8938,44.96481,0.96365,45.0153],"geometry":{"type":"Polygon","coordinates":[[[0.9251,44.96481],[0.92324,44.96544],[0.92011,44.967],[0.92006,44.96589],[0.91748,44.96591],[0.91647,44.9664],[0.91523,44.96892],[0.91167,44.97005],[0.91201,44.97146],[0.91148,44.97252],[0.90823,44.97306],[0.90592,44.97254],[0.90429,44.97294],[0.90277,44.97218],[0.90197,44.9739],[0.90078,44.97512],[0.8998,44.97536],[0.89853,44.9771],[0.89806,44.97846],[0.89544,44.98124],[0.89498,44.98284],[0.89523,44.98513],[0.89456,44.98697],[0.8938,44.98756],[0.89574,44.98731],[0.9004,44.99216],[0.90126,44.99372],[0.90051,44.99579],[0.90134,44.9971],[0.90119,44.99845],[0.89984,44.99992],[0.89788,45.00309],[0.8991,45.00321],[0.90155,45.00429],[0.90314,45.00425],[0.90571,45.00471],[0.90706,45.00457],[0.90572,45.00689],[0.90574,45.00817],[0.90511,45.01066],[0.90552,45.01245],[0.90508,45.01357],[0.9075,45.01481],[0.90869,45.01397],[0.91071,45.01339],[0.9136,45.01358],[0.91793,45.0153],[0.91897,45.01424],[0.92262,45.01259],[0.92428,45.00984],[0.92594,45.00891],[0.92885,45.00871],[0.9317,45.00762],[0.93293,45.00865],[0.93804,45.01154],[0.93941,45.01028],[0.94323,45.0081],[0.94758,45.00703],[0.9491,45.00534],[0.95159,45.00565],[0.95408,45.00407],[0.95745,45.00339],[0.96069,45.00316],[0.9627,45.00384],[0.96365,45.0032],[0.96253,45.00066],[0.96337,44.99912],[0.96285,44.9978],[0.96264,44.99426],[0.96209,44.9936],[0.96095,44.99012],[0.96179,44.98709],[0.96236,44.98261],[0.96081,44.98161],[0.95989,44.97884],[0.95838,44.97875],[0.957,44.97766],[0.95814,44.97615],[0.95896,44.97414],[0.95883,44.97251],[0.95588,44.97289],[0.95109,44.97291],[0.94828,44.97355],[0.94346,44.9736],[0.93812,44.97513],[0.93326,44.97507],[0.93064,44.97539],[0.92983,44.97396],[0.9273,44.9683],[0.92579,44.96526],[0.9251,44.96481]]]}},{"type":"Feature","id":"fr-commune-24262","properties":{"id":"fr-commune-24262","name":"Mayac","kind":"commune","center":[0.9503,45.2788],"code":"24262","department":"24"},"bbox":[0.92695,45.25501,0.97365,45.30252],"geometry":{"type":"Polygon","coordinates":[[[0.92817,45.30082],[0.92829,45.30153],[0.9302,45.30188],[0.93191,45.30136],[0.9376,45.3009],[0.93931,45.30128],[0.94158,45.30102],[0.94527,45.30017],[0.94729,45.30076],[0.94818,45.30035],[0.95065,45.30252],[0.95253,45.30134],[0.95639,45.30052],[0.95716,45.29981],[0.9596,45.29922],[0.96081,45.29853],[0.96049,45.29724],[0.96186,45.29585],[0.96184,45.29502],[0.96079,45.29367],[0.95908,45.2925],[0.95641,45.29152],[0.95615,45.2908],[0.95969,45.289],[0.96132,45.2877],[0.96204,45.28589],[0.96629,45.28423],[0.96821,45.28385],[0.96966,45.2821],[0.97041,45.27969],[0.97022,45.27914],[0.97161,45.27627],[0.9709,45.27239],[0.97118,45.27143],[0.97051,45.27019],[0.97365,45.26736],[0.97239,45.26523],[0.9731,45.26305],[0.97295,45.26192],[0.97021,45.25975],[0.96711,45.25828],[0.96604,45.25723],[0.96252,45.25514],[0.96112,45.25501],[0.95697,45.25562],[0.95597,45.2562],[0.95536,45.25683],[0.9489,45.25933],[0.94841,45.26008],[0.94519,45.26207],[0.94324,45.26245],[0.94142,45.26328],[0.94115,45.26453],[0.94221,45.26827],[0.94132,45.2708],[0.94183,45.27258],[0.94152,45.2734],[0.93942,45.27519],[0.9385,45.27751],[0.93541,45.28036],[0.93578,45.28216],[0.93482,45.28344],[0.93364,45.2831],[0.9322,45.28151],[0.92864,45.28034],[0.92814,45.28255],[0.92802,45.2851],[0.92695,45.28715],[0.93166,45.29197],[0.93243,45.29389],[0.93101,45.2996],[0.92817,45.30082]]]}},{"type":"Feature","id":"fr-commune-24263","properties":{"id":"fr-commune-24263","name":"Mazeyrolles","kind":"commune","center":[0.996,44.6721],"code":"24263","department":"24"},"bbox":[0.93903,44.63185,1.05242,44.71233],"geometry":{"type":"Polygon","coordinates":[[[1.0291,44.70661],[1.03022,44.70576],[1.03178,44.70627],[1.03413,44.7068],[1.04024,44.70597],[1.04183,44.70546],[1.04513,44.70499],[1.04663,44.7032],[1.04827,44.70039],[1.05173,44.69745],[1.05242,44.69467],[1.04768,44.69543],[1.04688,44.69461],[1.04448,44.6932],[1.03912,44.69098],[1.03998,44.68923],[1.04074,44.68662],[1.04172,44.68468],[1.0419,44.68281],[1.04297,44.67996],[1.04408,44.67745],[1.03629,44.67135],[1.03344,44.67015],[1.03133,44.66971],[1.0316,44.66862],[1.02928,44.66873],[1.02919,44.66777],[1.0248,44.66728],[1.0224,44.66781],[1.02158,44.66909],[1.01882,44.66966],[1.01788,44.6686],[1.01714,44.66539],[1.01728,44.66363],[1.01879,44.6621],[1.0186,44.65845],[1.01949,44.65752],[1.02329,44.65691],[1.02358,44.65604],[1.02156,44.65446],[1.02031,44.65252],[1.02292,44.65077],[1.02249,44.64963],[1.0188,44.64608],[1.01913,44.64567],[1.01542,44.6439],[1.01395,44.64202],[1.01324,44.64049],[1.01126,44.63876],[1.00731,44.63895],[1.00682,44.63867],[1.00721,44.63665],[1.00592,44.63326],[1.00564,44.63185],[1.00209,44.63267],[0.99819,44.63274],[0.99567,44.6332],[0.9935,44.63462],[0.9903,44.63761],[0.98849,44.63859],[0.98387,44.64045],[0.9822,44.64187],[0.9809,44.64362],[0.97972,44.64427],[0.9767,44.6421],[0.97305,44.64166],[0.97153,44.63996],[0.97177,44.63859],[0.97083,44.63706],[0.96938,44.63648],[0.96815,44.63477],[0.96574,44.63564],[0.96248,44.63622],[0.96011,44.63893],[0.95762,44.63938],[0.95402,44.63917],[0.94918,44.63952],[0.94956,44.64106],[0.9481,44.64156],[0.94692,44.64099],[0.9441,44.64039],[0.94322,44.64221],[0.9433,44.64351],[0.9423,44.6455],[0.94137,44.64598],[0.93903,44.64899],[0.94149,44.64791],[0.94421,44.64814],[0.94732,44.64751],[0.95013,44.64632],[0.95502,44.64513],[0.95728,44.64361],[0.95797,44.64376],[0.96081,44.64215],[0.96189,44.64278],[0.96415,44.64218],[0.96528,44.64332],[0.96813,44.64394],[0.97173,44.64646],[0.9744,44.64636],[0.97808,44.64703],[0.98013,44.64547],[0.98107,44.64961],[0.98054,44.65278],[0.98114,44.6548],[0.98095,44.65716],[0.98269,44.65876],[0.98333,44.66493],[0.98472,44.66663],[0.98876,44.66972],[0.98909,44.6707],[0.98842,44.67237],[0.98882,44.67475],[0.99089,44.67654],[0.99053,44.67853],[0.99109,44.67878],[0.99107,44.68138],[0.99016,44.68375],[0.98983,44.68682],[0.99122,44.68726],[0.99307,44.68882],[0.99431,44.69082],[0.99385,44.69249],[0.99218,44.69358],[0.98961,44.69591],[0.99042,44.69721],[0.99161,44.70031],[0.99185,44.70379],[0.99682,44.70633],[0.99952,44.70726],[1.00104,44.70992],[1.00371,44.71026],[1.00424,44.71209],[1.00778,44.7111],[1.01166,44.70923],[1.01448,44.71004],[1.01754,44.71233],[1.01876,44.71165],[1.01902,44.71022],[1.01996,44.70907],[1.02223,44.70783],[1.02555,44.70686],[1.02599,44.70642],[1.0291,44.70661]]]}},{"type":"Feature","id":"fr-commune-24264","properties":{"id":"fr-commune-24264","name":"Ménesplet","kind":"commune","center":[0.1047,45.0029],"code":"24264","department":"24"},"bbox":[0.06722,44.97915,0.14228,45.02642],"geometry":{"type":"Polygon","coordinates":[[[0.1341,44.97915],[0.13006,44.98206],[0.12774,44.9832],[0.12589,44.98355],[0.12371,44.98311],[0.12271,44.98344],[0.11991,44.98614],[0.1171,44.98692],[0.11578,44.9869],[0.11197,44.98851],[0.1103,44.99064],[0.10912,44.99165],[0.10442,44.99031],[0.10126,44.99048],[0.09598,44.9899],[0.0939,44.98944],[0.08939,44.98758],[0.0872,44.98566],[0.08354,44.98587],[0.08454,44.98703],[0.0836,44.98787],[0.08229,44.98993],[0.08031,44.99386],[0.07658,44.99466],[0.07102,44.99514],[0.06861,44.99705],[0.06722,44.99877],[0.06846,44.99875],[0.06972,45.00151],[0.07058,45.00181],[0.07012,45.00323],[0.07186,45.00563],[0.07134,45.00677],[0.07003,45.00702],[0.06894,45.00811],[0.06924,45.00925],[0.06848,45.00986],[0.07029,45.0135],[0.0702,45.01407],[0.07215,45.01497],[0.07158,45.01588],[0.07374,45.01594],[0.0759,45.01458],[0.07702,45.01451],[0.07905,45.01523],[0.07839,45.01754],[0.07893,45.01965],[0.07882,45.02156],[0.07974,45.02282],[0.08232,45.02426],[0.08423,45.02634],[0.08636,45.02642],[0.08792,45.025],[0.08944,45.02254],[0.09053,45.02148],[0.09228,45.02058],[0.09339,45.02054],[0.0985,45.02123],[0.10006,45.02165],[0.10366,45.02368],[0.10508,45.02321],[0.10628,45.02037],[0.10776,45.01876],[0.10987,45.01739],[0.1122,45.01694],[0.11391,45.01742],[0.11571,45.01908],[0.11694,45.01934],[0.12196,45.01967],[0.12271,45.02031],[0.12437,45.02379],[0.12689,45.02468],[0.13091,45.02482],[0.13244,45.02421],[0.13487,45.0218],[0.13616,45.02017],[0.13511,45.01833],[0.13378,45.01469],[0.13366,45.01331],[0.13467,45.00948],[0.13713,45.00871],[0.13658,45.00786],[0.13702,45.00676],[0.13816,45.00589],[0.13687,45.00517],[0.13216,45.00355],[0.13449,45.00126],[0.1355,44.99757],[0.13579,44.99252],[0.1387,44.99195],[0.13985,44.99059],[0.14154,44.99005],[0.14019,44.986],[0.14071,44.98466],[0.14228,44.98328],[0.13521,44.97951],[0.1341,44.97915]]]}},{"type":"Feature","id":"fr-commune-24266","properties":{"id":"fr-commune-24266","name":"Mensignac","kind":"commune","center":[0.5569,45.2197],"code":"24266","department":"24"},"bbox":[0.51349,45.19114,0.60023,45.24817],"geometry":{"type":"Polygon","coordinates":[[[0.52649,45.19924],[0.52371,45.20345],[0.52329,45.20497],[0.52397,45.20749],[0.52315,45.20935],[0.52108,45.21039],[0.51915,45.21078],[0.51442,45.2146],[0.51349,45.21511],[0.51875,45.21543],[0.52008,45.21781],[0.51997,45.2194],[0.5214,45.22211],[0.52377,45.22436],[0.52462,45.22646],[0.53026,45.22987],[0.53205,45.23147],[0.53171,45.23284],[0.53228,45.23356],[0.53236,45.23558],[0.53176,45.23673],[0.53231,45.23758],[0.53246,45.23963],[0.53377,45.24029],[0.53281,45.24323],[0.5319,45.24442],[0.53678,45.24594],[0.5402,45.24586],[0.54321,45.2473],[0.54636,45.24802],[0.5505,45.24817],[0.55386,45.24795],[0.5559,45.24736],[0.56089,45.24674],[0.5626,45.247],[0.56702,45.2461],[0.5691,45.24611],[0.57309,45.24491],[0.57468,45.24307],[0.57629,45.24291],[0.57807,45.24216],[0.5808,45.23985],[0.58327,45.24272],[0.58319,45.24483],[0.58228,45.24713],[0.58625,45.24535],[0.58869,45.244],[0.58694,45.24085],[0.58789,45.23874],[0.58717,45.23761],[0.58873,45.23647],[0.58793,45.23526],[0.58563,45.23596],[0.58213,45.23105],[0.58499,45.22905],[0.58694,45.22576],[0.58632,45.22408],[0.58674,45.22106],[0.58981,45.21862],[0.59048,45.2174],[0.59493,45.21558],[0.59696,45.21407],[0.60023,45.2105],[0.59745,45.20941],[0.59638,45.20718],[0.59259,45.20543],[0.59327,45.20162],[0.5918,45.20083],[0.59141,45.19903],[0.5922,45.19819],[0.59212,45.19648],[0.58884,45.19553],[0.58626,45.19357],[0.58293,45.19385],[0.57884,45.19114],[0.57667,45.19183],[0.57528,45.19303],[0.57213,45.19409],[0.56976,45.19399],[0.57032,45.19577],[0.572,45.19823],[0.57197,45.20073],[0.57106,45.20207],[0.57151,45.20339],[0.569,45.20764],[0.56481,45.20879],[0.56406,45.20923],[0.55614,45.2086],[0.55645,45.20593],[0.55144,45.20362],[0.54815,45.20366],[0.54565,45.20403],[0.54368,45.20283],[0.54237,45.20124],[0.54096,45.20052],[0.5405,45.19889],[0.53801,45.19691],[0.53503,45.19639],[0.53199,45.19775],[0.52649,45.19924]]]}},{"type":"Feature","id":"fr-commune-24267","properties":{"id":"fr-commune-24267","name":"Mescoules","kind":"commune","center":[0.4246,44.7424],"code":"24267","department":"24"},"bbox":[0.40952,44.7281,0.43929,44.7568],"geometry":{"type":"Polygon","coordinates":[[[0.40952,44.73716],[0.41198,44.73674],[0.41564,44.73756],[0.41804,44.73746],[0.41806,44.73861],[0.41889,44.74129],[0.41879,44.74282],[0.41799,44.745],[0.41779,44.74765],[0.41702,44.74847],[0.41766,44.74941],[0.41699,44.75074],[0.41693,44.7528],[0.41518,44.75473],[0.41378,44.75561],[0.41386,44.7568],[0.41728,44.75665],[0.42137,44.75583],[0.42528,44.75554],[0.42744,44.7559],[0.43159,44.75511],[0.4341,44.75393],[0.43388,44.75122],[0.43283,44.74917],[0.4363,44.74779],[0.43771,44.74694],[0.43929,44.74488],[0.439,44.74338],[0.43755,44.74118],[0.43763,44.73802],[0.43719,44.73619],[0.43848,44.7348],[0.43896,44.73228],[0.43337,44.73216],[0.4324,44.73231],[0.42732,44.73008],[0.42659,44.73011],[0.42283,44.72868],[0.42275,44.72816],[0.4184,44.72817],[0.41419,44.7284],[0.41133,44.7281],[0.41159,44.72952],[0.40952,44.73716]]]}},{"type":"Feature","id":"fr-commune-24268","properties":{"id":"fr-commune-24268","name":"Meyrals","kind":"commune","center":[1.0665,44.9057],"code":"24268","department":"24"},"bbox":[1.02629,44.87903,1.10671,44.93196],"geometry":{"type":"Polygon","coordinates":[[[1.10618,44.91658],[1.10612,44.91582],[1.10395,44.91367],[1.10488,44.91259],[1.10671,44.91135],[1.10599,44.90919],[1.10442,44.90768],[1.1046,44.90552],[1.10227,44.90463],[1.10285,44.90057],[1.1008,44.89935],[1.10129,44.89699],[1.10218,44.89599],[1.10097,44.89602],[1.09771,44.89291],[1.09463,44.89191],[1.08974,44.89269],[1.08193,44.89268],[1.08094,44.8905],[1.0808,44.88903],[1.07686,44.88794],[1.07584,44.88727],[1.07293,44.88742],[1.07201,44.88582],[1.07029,44.8844],[1.06657,44.88357],[1.06484,44.88213],[1.06394,44.88065],[1.06283,44.87973],[1.06101,44.87903],[1.05893,44.88038],[1.05932,44.88295],[1.0589,44.8841],[1.05785,44.88448],[1.05867,44.88601],[1.05907,44.88798],[1.06008,44.88939],[1.06544,44.88839],[1.06583,44.88959],[1.06419,44.89001],[1.06448,44.89239],[1.0618,44.89383],[1.05843,44.89679],[1.05604,44.89638],[1.05079,44.89414],[1.04845,44.89386],[1.04806,44.89795],[1.04752,44.90018],[1.04612,44.90361],[1.04285,44.9035],[1.0397,44.90472],[1.03614,44.90503],[1.03357,44.90433],[1.03266,44.90284],[1.03118,44.9021],[1.02929,44.90221],[1.02769,44.90183],[1.02629,44.90295],[1.02711,44.9039],[1.02743,44.9056],[1.02712,44.90706],[1.02894,44.91014],[1.02929,44.9117],[1.03071,44.91413],[1.03172,44.91153],[1.0331,44.91097],[1.03589,44.91218],[1.03622,44.91361],[1.03793,44.9137],[1.03898,44.91484],[1.04085,44.9159],[1.04076,44.91765],[1.04301,44.91762],[1.04551,44.9206],[1.04563,44.92157],[1.04491,44.92319],[1.0483,44.92439],[1.05107,44.9244],[1.0552,44.92481],[1.05598,44.92569],[1.05814,44.92644],[1.05894,44.92587],[1.06165,44.9263],[1.06401,44.92857],[1.0636,44.92978],[1.06582,44.93118],[1.07029,44.93196],[1.07276,44.93094],[1.07329,44.92944],[1.07509,44.92716],[1.07762,44.92607],[1.07889,44.92439],[1.08097,44.92369],[1.08277,44.9236],[1.08571,44.92228],[1.09058,44.92106],[1.09544,44.9202],[1.09762,44.91963],[1.10164,44.91709],[1.10618,44.91658]]]}},{"type":"Feature","id":"fr-commune-24269","properties":{"id":"fr-commune-24269","name":"Mialet","kind":"commune","center":[0.9007,45.5725],"code":"24269","department":"24"},"bbox":[0.84923,45.52207,0.9521,45.62356],"geometry":{"type":"Polygon","coordinates":[[[0.88325,45.53334],[0.88315,45.53515],[0.88381,45.53733],[0.88417,45.54216],[0.88362,45.5422],[0.8838,45.54566],[0.8793,45.54558],[0.87988,45.5496],[0.87541,45.55221],[0.8718,45.554],[0.87633,45.55813],[0.87837,45.5608],[0.87848,45.56216],[0.87712,45.56294],[0.87276,45.56292],[0.87011,45.56401],[0.86925,45.56486],[0.86448,45.56619],[0.86348,45.56757],[0.86405,45.5688],[0.86551,45.56938],[0.86885,45.57141],[0.87162,45.5718],[0.87433,45.57178],[0.87497,45.57282],[0.87486,45.5741],[0.87242,45.57312],[0.87038,45.57326],[0.86922,45.575],[0.86867,45.57672],[0.86731,45.57902],[0.86747,45.58018],[0.86857,45.58112],[0.87207,45.58254],[0.87267,45.58404],[0.87175,45.58428],[0.87009,45.58346],[0.86858,45.5847],[0.86964,45.58666],[0.86787,45.58819],[0.86842,45.58892],[0.86667,45.5907],[0.86471,45.59125],[0.86389,45.59206],[0.86183,45.59307],[0.85948,45.5926],[0.85707,45.59261],[0.85521,45.59298],[0.85212,45.59265],[0.84923,45.59321],[0.84964,45.59716],[0.85055,45.59909],[0.85184,45.60001],[0.85421,45.60289],[0.85593,45.60438],[0.85787,45.60951],[0.85964,45.6132],[0.86197,45.61633],[0.86471,45.61883],[0.86603,45.6195],[0.86772,45.62255],[0.86933,45.62356],[0.87102,45.62247],[0.87454,45.62136],[0.87621,45.62121],[0.87688,45.61971],[0.87724,45.61721],[0.87893,45.61501],[0.87892,45.61416],[0.88107,45.61201],[0.88152,45.60942],[0.88241,45.60827],[0.88473,45.60805],[0.88873,45.60535],[0.88905,45.60398],[0.89132,45.60262],[0.89219,45.60128],[0.89372,45.60101],[0.89489,45.59967],[0.89587,45.59708],[0.89595,45.59422],[0.8952,45.59221],[0.89562,45.59152],[0.89449,45.59073],[0.89679,45.58885],[0.90176,45.58836],[0.90181,45.58708],[0.90372,45.5869],[0.90781,45.58483],[0.90892,45.58207],[0.90874,45.58092],[0.91005,45.58046],[0.91109,45.57936],[0.91509,45.57724],[0.91672,45.57683],[0.91869,45.57501],[0.91912,45.57351],[0.92072,45.57258],[0.92778,45.57604],[0.9304,45.57652],[0.93288,45.57647],[0.93533,45.57712],[0.94082,45.57819],[0.94297,45.5779],[0.9455,45.57645],[0.94798,45.57459],[0.94934,45.5739],[0.94853,45.57163],[0.94854,45.56971],[0.95174,45.56766],[0.95164,45.564],[0.9521,45.56226],[0.95174,45.56087],[0.95045,45.55977],[0.95047,45.5577],[0.94936,45.55769],[0.94879,45.55647],[0.94761,45.55662],[0.94677,45.55549],[0.94536,45.55467],[0.94591,45.55331],[0.94356,45.55321],[0.94153,45.55278],[0.93927,45.55176],[0.93645,45.55145],[0.93453,45.55203],[0.93417,45.55102],[0.93228,45.54952],[0.93048,45.54941],[0.92826,45.54851],[0.92881,45.54581],[0.93032,45.54433],[0.93039,45.54336],[0.92624,45.54161],[0.92498,45.54068],[0.92126,45.53875],[0.91925,45.53554],[0.92235,45.53362],[0.92384,45.53192],[0.92249,45.52929],[0.9221,45.52725],[0.91917,45.52834],[0.91816,45.52981],[0.91719,45.52885],[0.91663,45.52732],[0.9151,45.52561],[0.91325,45.52627],[0.91206,45.52559],[0.90857,45.52534],[0.90636,45.52458],[0.90486,45.52504],[0.90166,45.52456],[0.89945,45.52356],[0.89951,45.52207],[0.8978,45.52229],[0.89719,45.52356],[0.8947,45.52499],[0.89437,45.52658],[0.89194,45.52655],[0.89323,45.53053],[0.89237,45.53119],[0.8887,45.52917],[0.88855,45.52858],[0.88582,45.52891],[0.88431,45.52863],[0.88325,45.53334]]]}},{"type":"Feature","id":"fr-commune-24271","properties":{"id":"fr-commune-24271","name":"Milhac-de-Nontron","kind":"commune","center":[0.7902,45.476],"code":"24271","department":"24"},"bbox":[0.74432,45.44163,0.83611,45.51048],"geometry":{"type":"Polygon","coordinates":[[[0.75027,45.45074],[0.74432,45.45494],[0.74609,45.45875],[0.74613,45.45972],[0.74732,45.46164],[0.74687,45.465],[0.74642,45.46619],[0.74601,45.46911],[0.74693,45.47217],[0.74936,45.47306],[0.75272,45.47393],[0.75175,45.47531],[0.75009,45.47596],[0.75021,45.47685],[0.75147,45.47766],[0.75163,45.47892],[0.75375,45.47967],[0.75436,45.48203],[0.75813,45.48159],[0.75959,45.48269],[0.7584,45.48417],[0.76065,45.48483],[0.76279,45.48782],[0.76429,45.4909],[0.76498,45.49344],[0.76493,45.49469],[0.76848,45.49564],[0.77243,45.49615],[0.77491,45.49551],[0.77923,45.4957],[0.78144,45.49681],[0.78236,45.49791],[0.78532,45.49897],[0.78731,45.5],[0.79145,45.50275],[0.79177,45.50353],[0.79392,45.50558],[0.79749,45.50695],[0.79902,45.50685],[0.80152,45.50745],[0.80457,45.5089],[0.8092,45.5104],[0.81029,45.51048],[0.81526,45.50961],[0.81813,45.50749],[0.82103,45.50436],[0.82209,45.5027],[0.82151,45.5008],[0.82427,45.49949],[0.82243,45.49733],[0.82008,45.49415],[0.82472,45.49118],[0.82741,45.4858],[0.82754,45.48321],[0.82607,45.48108],[0.82585,45.4788],[0.82786,45.47629],[0.83024,45.47404],[0.83384,45.4716],[0.83561,45.46972],[0.83611,45.46735],[0.83251,45.46528],[0.83282,45.46394],[0.82948,45.4614],[0.8264,45.46129],[0.8255,45.45976],[0.82672,45.45811],[0.82415,45.45741],[0.81942,45.45783],[0.82106,45.45569],[0.81923,45.45379],[0.81729,45.45321],[0.82161,45.45017],[0.82405,45.44957],[0.82725,45.44745],[0.82409,45.446],[0.82346,45.44469],[0.82225,45.44523],[0.81449,45.44405],[0.81136,45.44418],[0.80662,45.44479],[0.80209,45.4419],[0.80019,45.44163],[0.79861,45.44245],[0.79626,45.44329],[0.79065,45.44269],[0.78905,45.44199],[0.78517,45.4436],[0.77917,45.44521],[0.77616,45.44638],[0.77564,45.44688],[0.77148,45.44721],[0.77155,45.44871],[0.76931,45.44889],[0.76704,45.44964],[0.76438,45.44999],[0.75993,45.45005],[0.75543,45.45114],[0.75493,45.45062],[0.75175,45.45157],[0.75027,45.45074]]]}},{"type":"Feature","id":"fr-commune-24272","properties":{"id":"fr-commune-24272","name":"Minzac","kind":"commune","center":[0.033,44.9609],"code":"24272","department":"24"},"bbox":[0.00323,44.92543,0.06266,44.99642],"geometry":{"type":"Polygon","coordinates":[[[0.01783,44.98076],[0.01856,44.98071],[0.02064,44.97889],[0.02215,44.97863],[0.02513,44.97705],[0.02593,44.97564],[0.0303,44.97598],[0.03321,44.98076],[0.03382,44.98384],[0.03478,44.98573],[0.03574,44.98855],[0.03692,44.99049],[0.03702,44.9919],[0.04013,44.99384],[0.04383,44.99605],[0.04538,44.99529],[0.0473,44.99561],[0.04868,44.99481],[0.05105,44.99471],[0.05154,44.99642],[0.05333,44.99593],[0.05607,44.99366],[0.05771,44.99267],[0.05941,44.99335],[0.06266,44.99345],[0.05743,44.99187],[0.05818,44.99067],[0.05713,44.98923],[0.05434,44.98641],[0.05449,44.98423],[0.0541,44.98316],[0.05333,44.98277],[0.05113,44.97986],[0.04986,44.9771],[0.05041,44.97634],[0.05258,44.97551],[0.05287,44.97459],[0.05459,44.97255],[0.05481,44.97123],[0.05362,44.97008],[0.05413,44.96927],[0.05431,44.96695],[0.05651,44.96532],[0.05575,44.96371],[0.05359,44.96434],[0.05286,44.96324],[0.05078,44.96242],[0.04813,44.96083],[0.04696,44.96216],[0.04505,44.9599],[0.04231,44.95871],[0.0408,44.95728],[0.04177,44.955],[0.04434,44.9528],[0.04053,44.95208],[0.03958,44.95143],[0.03423,44.95323],[0.03375,44.95259],[0.03013,44.95193],[0.02865,44.95067],[0.02966,44.94853],[0.03182,44.94691],[0.03217,44.94409],[0.0326,44.94309],[0.03197,44.94236],[0.02997,44.94144],[0.02935,44.93888],[0.03055,44.93676],[0.03292,44.93511],[0.03569,44.93228],[0.03814,44.93123],[0.03651,44.93015],[0.03333,44.93002],[0.03095,44.92961],[0.02677,44.92781],[0.02452,44.92592],[0.02204,44.92543],[0.02099,44.92572],[0.01832,44.92817],[0.01728,44.92964],[0.01724,44.93053],[0.01611,44.93238],[0.01342,44.93456],[0.01288,44.93782],[0.01194,44.94136],[0.00752,44.94401],[0.00631,44.94429],[0.00535,44.94584],[0.00323,44.94732],[0.0052,44.94959],[0.00601,44.95113],[0.00738,44.95202],[0.00814,44.95398],[0.01003,44.95394],[0.00991,44.95613],[0.00933,44.95637],[0.00975,44.9605],[0.01017,44.96162],[0.0091,44.96297],[0.01083,44.9643],[0.0121,44.96674],[0.01353,44.96821],[0.01426,44.97028],[0.01429,44.97196],[0.01353,44.97721],[0.01365,44.97874],[0.01489,44.97973],[0.01783,44.98076]]]}},{"type":"Feature","id":"fr-commune-24273","properties":{"id":"fr-commune-24273","name":"Molières","kind":"commune","center":[0.824,44.816],"code":"24273","department":"24"},"bbox":[0.78652,44.79035,0.86145,44.84165],"geometry":{"type":"Polygon","coordinates":[[[0.7985,44.82498],[0.80331,44.82423],[0.80303,44.82531],[0.80425,44.8285],[0.80483,44.82837],[0.80626,44.83163],[0.8078,44.83214],[0.8091,44.83171],[0.81469,44.83073],[0.81571,44.83581],[0.81695,44.83861],[0.82009,44.83754],[0.82266,44.83535],[0.82361,44.8351],[0.82641,44.83746],[0.82811,44.84102],[0.82799,44.84165],[0.83044,44.84043],[0.83194,44.83888],[0.83288,44.83702],[0.83378,44.83679],[0.83458,44.83553],[0.83569,44.83522],[0.83737,44.83372],[0.84135,44.83244],[0.84334,44.83105],[0.84414,44.82944],[0.84598,44.8289],[0.84762,44.82752],[0.84839,44.8251],[0.84726,44.82308],[0.84791,44.82066],[0.84795,44.81899],[0.85006,44.81779],[0.85127,44.81768],[0.85212,44.81656],[0.85397,44.81546],[0.85542,44.81533],[0.85814,44.81441],[0.85835,44.81125],[0.85842,44.80601],[0.85778,44.80432],[0.8557,44.80097],[0.85732,44.7982],[0.85918,44.79645],[0.86144,44.79486],[0.86145,44.79422],[0.85887,44.79301],[0.8559,44.79124],[0.85385,44.79035],[0.85237,44.79119],[0.84943,44.7935],[0.84785,44.79509],[0.84452,44.79669],[0.84339,44.79616],[0.83821,44.79491],[0.83541,44.7937],[0.83294,44.79309],[0.83201,44.792],[0.83087,44.79241],[0.82796,44.79238],[0.82407,44.79053],[0.82188,44.79043],[0.82025,44.79098],[0.81901,44.7907],[0.81567,44.79209],[0.81287,44.79197],[0.80845,44.79255],[0.80599,44.79228],[0.80122,44.79274],[0.79713,44.79389],[0.79512,44.7949],[0.79398,44.79482],[0.79017,44.79667],[0.78831,44.79628],[0.78652,44.79687],[0.7874,44.79731],[0.78888,44.79981],[0.78933,44.80194],[0.79068,44.8037],[0.79037,44.8084],[0.79532,44.81274],[0.796,44.81313],[0.79711,44.81633],[0.79693,44.81776],[0.79879,44.82213],[0.7985,44.82498]]]}},{"type":"Feature","id":"fr-commune-24274","properties":{"id":"fr-commune-24274","name":"Monbazillac","kind":"commune","center":[0.4791,44.7946],"code":"24274","department":"24"},"bbox":[0.44082,44.76945,0.51728,44.81966],"geometry":{"type":"Polygon","coordinates":[[[0.47552,44.81458],[0.47772,44.81434],[0.47966,44.81313],[0.48098,44.81481],[0.48451,44.81451],[0.48651,44.81469],[0.48563,44.81611],[0.4914,44.81927],[0.49293,44.81966],[0.4934,44.81621],[0.49786,44.81657],[0.50153,44.81434],[0.50562,44.81341],[0.5067,44.8128],[0.50925,44.80982],[0.51068,44.80561],[0.51206,44.80593],[0.51307,44.80377],[0.51562,44.80418],[0.51624,44.80248],[0.51728,44.8022],[0.51706,44.79923],[0.51524,44.79775],[0.51497,44.79687],[0.51231,44.79422],[0.51082,44.79041],[0.50898,44.78981],[0.50717,44.78977],[0.50512,44.79039],[0.50315,44.78931],[0.50216,44.78738],[0.50179,44.78489],[0.50269,44.78419],[0.5039,44.78211],[0.50282,44.77901],[0.50378,44.77809],[0.50092,44.77701],[0.4988,44.77681],[0.49789,44.77561],[0.49508,44.77373],[0.49455,44.77308],[0.48862,44.77351],[0.48579,44.77398],[0.48327,44.77351],[0.48076,44.77389],[0.47941,44.77311],[0.47694,44.77229],[0.47238,44.77222],[0.47117,44.77304],[0.469,44.77195],[0.46535,44.77076],[0.46383,44.76994],[0.46264,44.77003],[0.46061,44.76945],[0.46073,44.77223],[0.46021,44.77321],[0.461,44.77486],[0.45783,44.77654],[0.456,44.77876],[0.45597,44.78164],[0.45553,44.78532],[0.45654,44.78771],[0.45802,44.78939],[0.45482,44.79173],[0.45524,44.79243],[0.45524,44.7953],[0.45589,44.79786],[0.45285,44.79815],[0.45034,44.80034],[0.45158,44.80054],[0.45267,44.80181],[0.44889,44.8048],[0.44758,44.80544],[0.44504,44.80491],[0.44196,44.80581],[0.44082,44.80742],[0.44172,44.81122],[0.4419,44.81354],[0.44355,44.81365],[0.44573,44.81259],[0.44643,44.81146],[0.44817,44.8111],[0.44916,44.81148],[0.45446,44.81143],[0.45722,44.81016],[0.46076,44.8096],[0.46319,44.80992],[0.46452,44.80896],[0.46858,44.80805],[0.46986,44.81136],[0.47311,44.81032],[0.47528,44.81221],[0.47552,44.81458]]]}},{"type":"Feature","id":"fr-commune-24276","properties":{"id":"fr-commune-24276","name":"Monestier","kind":"commune","center":[0.3194,44.7774],"code":"24276","department":"24"},"bbox":[0.27096,44.75811,0.36785,44.79705],"geometry":{"type":"Polygon","coordinates":[[[0.29251,44.79705],[0.29609,44.79576],[0.29964,44.79326],[0.30134,44.79231],[0.30265,44.78973],[0.30492,44.78938],[0.30576,44.78678],[0.30528,44.7848],[0.3079,44.78556],[0.31121,44.78536],[0.3155,44.78433],[0.32176,44.78347],[0.32357,44.78363],[0.32643,44.7849],[0.32826,44.7851],[0.33065,44.78369],[0.33301,44.78426],[0.33666,44.78388],[0.34063,44.78233],[0.34161,44.78061],[0.34431,44.77969],[0.34624,44.7786],[0.34868,44.78058],[0.35011,44.78228],[0.35125,44.78225],[0.35537,44.78319],[0.35789,44.78547],[0.35959,44.78244],[0.35968,44.78106],[0.36211,44.77736],[0.36319,44.77688],[0.36468,44.77394],[0.3656,44.77293],[0.36546,44.77094],[0.36689,44.76968],[0.36785,44.7681],[0.36567,44.76687],[0.36295,44.76608],[0.36071,44.76509],[0.35935,44.76521],[0.35749,44.76375],[0.35435,44.7639],[0.35073,44.76447],[0.34419,44.76453],[0.33946,44.76549],[0.33851,44.76446],[0.33832,44.76331],[0.33664,44.76342],[0.33599,44.76249],[0.33318,44.7619],[0.32974,44.76176],[0.32878,44.76272],[0.32607,44.76094],[0.32022,44.76442],[0.31793,44.76674],[0.3169,44.76636],[0.31584,44.76486],[0.31343,44.76421],[0.31215,44.76257],[0.31024,44.76302],[0.30933,44.7622],[0.30837,44.7604],[0.30696,44.75891],[0.30697,44.75811],[0.30503,44.75842],[0.30067,44.75989],[0.2987,44.761],[0.29704,44.76238],[0.29543,44.7631],[0.29236,44.76557],[0.29015,44.76647],[0.2883,44.76783],[0.28626,44.76845],[0.28622,44.76937],[0.28525,44.77032],[0.28476,44.77198],[0.2838,44.77286],[0.28175,44.77358],[0.28133,44.77425],[0.27809,44.77505],[0.2784,44.77768],[0.2772,44.77834],[0.27664,44.77987],[0.2771,44.78105],[0.27602,44.78214],[0.27423,44.78271],[0.2737,44.78364],[0.27379,44.78448],[0.27199,44.78473],[0.27096,44.78587],[0.27113,44.78772],[0.27343,44.79063],[0.27382,44.79289],[0.27361,44.79545],[0.27403,44.79575],[0.27602,44.79514],[0.27982,44.79533],[0.28332,44.79653],[0.28589,44.79656],[0.29077,44.79629],[0.29251,44.79705]]]}},{"type":"Feature","id":"fr-commune-24277","properties":{"id":"fr-commune-24277","name":"Monfaucon","kind":"commune","center":[0.2588,44.9193],"code":"24277","department":"24"},"bbox":[0.21417,44.89302,0.30358,44.94543],"geometry":{"type":"Polygon","coordinates":[[[0.22186,44.93075],[0.22289,44.93047],[0.22837,44.93054],[0.23047,44.93085],[0.23091,44.93142],[0.2327,44.9314],[0.23252,44.93286],[0.23335,44.9356],[0.23542,44.93519],[0.23695,44.93352],[0.23958,44.93302],[0.23998,44.93409],[0.23857,44.93509],[0.23737,44.93527],[0.23773,44.93807],[0.2403,44.93791],[0.24078,44.93869],[0.24302,44.93953],[0.24351,44.94072],[0.24498,44.94069],[0.24614,44.942],[0.24775,44.94276],[0.24983,44.94451],[0.25259,44.9446],[0.25475,44.94522],[0.25731,44.94401],[0.25859,44.9421],[0.26059,44.94386],[0.26287,44.94337],[0.26331,44.94425],[0.26617,44.94543],[0.26807,44.9451],[0.27021,44.94207],[0.26892,44.93894],[0.26892,44.93705],[0.27095,44.93302],[0.27236,44.92966],[0.27276,44.92532],[0.27279,44.9223],[0.27581,44.92043],[0.27766,44.91991],[0.27989,44.9188],[0.2825,44.91919],[0.28551,44.91783],[0.28809,44.91404],[0.28881,44.91202],[0.2928,44.90982],[0.2958,44.90898],[0.30115,44.9064],[0.30256,44.90624],[0.3014,44.90508],[0.30133,44.90406],[0.29938,44.90361],[0.29904,44.90139],[0.30019,44.90081],[0.30061,44.89931],[0.30225,44.89802],[0.30298,44.89524],[0.30358,44.89451],[0.30059,44.89364],[0.29964,44.89444],[0.2991,44.89594],[0.29665,44.89582],[0.29401,44.89757],[0.29025,44.89742],[0.28913,44.89659],[0.28461,44.89561],[0.28223,44.89477],[0.27933,44.89485],[0.2771,44.89398],[0.27468,44.8945],[0.27148,44.89443],[0.2694,44.89325],[0.26796,44.89307],[0.26396,44.89435],[0.25981,44.89386],[0.25745,44.89453],[0.25702,44.89399],[0.25494,44.89383],[0.24989,44.89401],[0.24404,44.89354],[0.24287,44.8932],[0.23796,44.89369],[0.23267,44.89357],[0.22774,44.89302],[0.2259,44.89666],[0.22629,44.89881],[0.22544,44.89974],[0.22714,44.90268],[0.22732,44.90372],[0.2242,44.90499],[0.22288,44.90733],[0.22125,44.90872],[0.21695,44.91152],[0.21651,44.91223],[0.21566,44.9134],[0.21581,44.91445],[0.21417,44.9152],[0.21756,44.91843],[0.21993,44.91991],[0.22018,44.92093],[0.22199,44.92265],[0.2204,44.92532],[0.22422,44.92711],[0.22186,44.93075]]]}},{"type":"Feature","id":"fr-commune-24278","properties":{"id":"fr-commune-24278","name":"Monmadalès","kind":"commune","center":[0.6164,44.7681],"code":"24278","department":"24"},"bbox":[0.59195,44.75755,0.64105,44.77868],"geometry":{"type":"Polygon","coordinates":[[[0.64105,44.7704],[0.63921,44.76878],[0.63602,44.76368],[0.63408,44.76093],[0.63402,44.76021],[0.629,44.76263],[0.62724,44.76171],[0.62761,44.75977],[0.62461,44.75755],[0.61607,44.76012],[0.61182,44.76121],[0.61037,44.76215],[0.60482,44.76302],[0.60178,44.76376],[0.59796,44.76345],[0.59593,44.76507],[0.59195,44.76487],[0.59252,44.76623],[0.59473,44.76797],[0.59803,44.76866],[0.59896,44.76948],[0.59908,44.77075],[0.60156,44.77214],[0.60331,44.77464],[0.60528,44.77555],[0.60778,44.77585],[0.60885,44.777],[0.61112,44.77696],[0.61236,44.77782],[0.61473,44.77793],[0.61553,44.77868],[0.61694,44.7779],[0.61907,44.77737],[0.62258,44.77728],[0.62365,44.77636],[0.62535,44.77621],[0.62682,44.77472],[0.63015,44.77426],[0.63247,44.77327],[0.63512,44.7727],[0.63683,44.77186],[0.64028,44.77095],[0.64105,44.7704]]]}},{"type":"Feature","id":"fr-commune-24279","properties":{"id":"fr-commune-24279","name":"Monmarvès","kind":"commune","center":[0.6108,44.7049],"code":"24279","department":"24"},"bbox":[0.59125,44.69115,0.63029,44.71845],"geometry":{"type":"Polygon","coordinates":[[[0.62209,44.716],[0.62233,44.7142],[0.62746,44.7086],[0.63029,44.70675],[0.63016,44.70567],[0.62898,44.70551],[0.62659,44.70341],[0.62151,44.70063],[0.62166,44.698],[0.62285,44.69458],[0.62372,44.69291],[0.62168,44.6925],[0.61982,44.69115],[0.61779,44.69295],[0.61226,44.6947],[0.60961,44.69522],[0.60829,44.69597],[0.60738,44.69544],[0.60432,44.69542],[0.60299,44.69434],[0.59981,44.6952],[0.597,44.69549],[0.59125,44.69696],[0.59242,44.69834],[0.59466,44.69908],[0.59459,44.70249],[0.59546,44.70404],[0.59631,44.70456],[0.5969,44.70606],[0.59694,44.70761],[0.59767,44.7095],[0.59969,44.71424],[0.59926,44.71614],[0.59942,44.71741],[0.60088,44.71845],[0.60313,44.71754],[0.60581,44.71823],[0.60747,44.71786],[0.60901,44.71831],[0.61077,44.71821],[0.61286,44.7167],[0.61402,44.71803],[0.6163,44.7166],[0.6189,44.71628],[0.62108,44.71569],[0.62209,44.716]]]}},{"type":"Feature","id":"fr-commune-24280","properties":{"id":"fr-commune-24280","name":"Monpazier","kind":"commune","center":[0.8938,44.6811],"code":"24280","department":"24"},"bbox":[0.89019,44.67454,0.89743,44.68767],"geometry":{"type":"Polygon","coordinates":[[[0.89193,44.67454],[0.89082,44.67823],[0.89123,44.67893],[0.89052,44.68191],[0.89019,44.68348],[0.89097,44.68401],[0.89098,44.68615],[0.893,44.68513],[0.89383,44.68596],[0.89546,44.68585],[0.89591,44.68766],[0.8967,44.68767],[0.89724,44.68736],[0.896,44.68289],[0.89697,44.68109],[0.89743,44.67888],[0.89704,44.67698],[0.89193,44.67454]]]}},{"type":"Feature","id":"fr-commune-24281","properties":{"id":"fr-commune-24281","name":"Monsac","kind":"commune","center":[0.6963,44.778],"code":"24281","department":"24"},"bbox":[0.67303,44.75533,0.71997,44.80062],"geometry":{"type":"Polygon","coordinates":[[[0.6901,44.75585],[0.68578,44.75533],[0.68328,44.75547],[0.68117,44.75608],[0.67905,44.75586],[0.67744,44.75804],[0.67555,44.76005],[0.67572,44.76236],[0.6767,44.76493],[0.67681,44.76653],[0.67683,44.76823],[0.67617,44.76939],[0.67653,44.77158],[0.676,44.77281],[0.6754,44.77648],[0.67734,44.77767],[0.67759,44.77983],[0.67865,44.78045],[0.67659,44.78192],[0.67445,44.7839],[0.67339,44.78572],[0.67303,44.78772],[0.67334,44.79128],[0.6757,44.79375],[0.67512,44.796],[0.67491,44.79696],[0.67619,44.799],[0.67588,44.80036],[0.67768,44.80062],[0.67907,44.79927],[0.68025,44.7988],[0.68322,44.79853],[0.68389,44.79776],[0.68673,44.79587],[0.68821,44.79542],[0.69107,44.79607],[0.69398,44.79605],[0.69661,44.79662],[0.69875,44.79756],[0.6994,44.79893],[0.69904,44.79994],[0.70225,44.80038],[0.70502,44.79931],[0.70666,44.79802],[0.7068,44.79625],[0.70608,44.79523],[0.70654,44.79286],[0.70643,44.78976],[0.70754,44.78775],[0.70789,44.78462],[0.70854,44.78382],[0.71044,44.78285],[0.71266,44.78226],[0.71691,44.78162],[0.7192,44.7809],[0.71997,44.77713],[0.71509,44.77657],[0.71558,44.77472],[0.71552,44.77127],[0.71085,44.77096],[0.70808,44.7693],[0.70558,44.76838],[0.70423,44.76844],[0.70226,44.76781],[0.69769,44.76675],[0.69508,44.76739],[0.69262,44.76592],[0.68945,44.76292],[0.68718,44.76108],[0.68712,44.75963],[0.6901,44.75585]]]}},{"type":"Feature","id":"fr-commune-24282","properties":{"id":"fr-commune-24282","name":"Monsaguel","kind":"commune","center":[0.573,44.7397],"code":"24282","department":"24"},"bbox":[0.54265,44.71878,0.60385,44.76089],"geometry":{"type":"Polygon","coordinates":[[[0.54941,44.72666],[0.54797,44.73024],[0.54265,44.73504],[0.54374,44.73577],[0.54546,44.73588],[0.54866,44.73462],[0.54999,44.73487],[0.55247,44.73628],[0.55397,44.73644],[0.55513,44.73964],[0.55607,44.73981],[0.55479,44.74168],[0.55401,44.74363],[0.55191,44.7456],[0.54997,44.74639],[0.549,44.74735],[0.54974,44.7482],[0.55057,44.74833],[0.55244,44.74979],[0.55687,44.75009],[0.56002,44.74986],[0.56117,44.74931],[0.56094,44.75242],[0.56205,44.75264],[0.56191,44.75476],[0.56403,44.75497],[0.56445,44.75693],[0.56649,44.758],[0.5675,44.75707],[0.56886,44.75832],[0.56967,44.75978],[0.57402,44.75942],[0.57557,44.75959],[0.57798,44.76089],[0.57954,44.76079],[0.5812,44.76003],[0.58061,44.75936],[0.58105,44.75785],[0.57973,44.75687],[0.58131,44.75497],[0.58326,44.75431],[0.58282,44.75321],[0.58423,44.74921],[0.58539,44.74765],[0.58792,44.7478],[0.59224,44.74646],[0.59397,44.74651],[0.59479,44.74371],[0.5968,44.74208],[0.59708,44.7413],[0.59953,44.7399],[0.60234,44.73648],[0.60262,44.73537],[0.60385,44.7344],[0.59871,44.73332],[0.59632,44.73315],[0.5979,44.73102],[0.59697,44.73021],[0.59483,44.73018],[0.59278,44.73121],[0.59154,44.73091],[0.59048,44.73171],[0.58864,44.73201],[0.58921,44.7282],[0.58505,44.72791],[0.58235,44.72698],[0.58045,44.7267],[0.57947,44.72609],[0.57491,44.72583],[0.57245,44.72489],[0.56862,44.72219],[0.56708,44.72196],[0.56436,44.72223],[0.56162,44.72147],[0.56189,44.72046],[0.56083,44.71878],[0.55984,44.71888],[0.55599,44.72166],[0.55149,44.72371],[0.54941,44.72666]]]}},{"type":"Feature","id":"fr-commune-24284","properties":{"id":"fr-commune-24284","name":"Montagnac-d'Auberoche","kind":"commune","center":[0.9566,45.1875],"code":"24284","department":"24"},"bbox":[0.92961,45.16831,0.98367,45.20672],"geometry":{"type":"Polygon","coordinates":[[[0.98367,45.19039],[0.97891,45.18842],[0.97634,45.18716],[0.97282,45.18437],[0.97316,45.18321],[0.97175,45.18264],[0.97117,45.18157],[0.96473,45.17828],[0.9627,45.17751],[0.95947,45.17697],[0.95925,45.17606],[0.95772,45.17489],[0.95446,45.17336],[0.95187,45.17126],[0.95019,45.17216],[0.94569,45.16881],[0.94275,45.16836],[0.94011,45.16831],[0.93766,45.16919],[0.93436,45.16869],[0.93334,45.16882],[0.93202,45.1699],[0.93319,45.17148],[0.9314,45.17339],[0.9328,45.17438],[0.93536,45.17475],[0.9357,45.18042],[0.93509,45.18173],[0.93485,45.18551],[0.93296,45.18912],[0.93279,45.19023],[0.9312,45.19261],[0.92983,45.19344],[0.92961,45.19483],[0.9304,45.19598],[0.92965,45.19667],[0.93014,45.19716],[0.93288,45.19744],[0.93491,45.19694],[0.93841,45.19786],[0.93908,45.19857],[0.94223,45.19974],[0.947,45.20054],[0.95073,45.20178],[0.95562,45.20193],[0.95811,45.20065],[0.95899,45.20235],[0.95997,45.20226],[0.9622,45.20437],[0.96446,45.20535],[0.96623,45.20672],[0.96777,45.20446],[0.97387,45.20493],[0.97385,45.2034],[0.97266,45.20166],[0.9731,45.19983],[0.97517,45.1993],[0.97579,45.19846],[0.97311,45.19753],[0.97446,45.19461],[0.97485,45.1922],[0.97763,45.19313],[0.98171,45.19341],[0.98367,45.19039]]]}},{"type":"Feature","id":"fr-commune-24285","properties":{"id":"fr-commune-24285","name":"Montagnac-la-Crempse","kind":"commune","center":[0.5382,44.9797],"code":"24285","department":"24"},"bbox":[0.48947,44.94992,0.58687,45.00942],"geometry":{"type":"Polygon","coordinates":[[[0.53276,45.00609],[0.53882,45.00681],[0.54074,45.00775],[0.54492,45.00844],[0.54904,45.00874],[0.55188,45.00942],[0.5533,45.00852],[0.55515,45.00805],[0.55702,45.00627],[0.55851,45.00544],[0.56021,45.00376],[0.56168,45.00329],[0.56467,45.00292],[0.56488,45.00195],[0.56302,45.00064],[0.56301,44.9997],[0.56183,44.99827],[0.56201,44.99622],[0.56284,44.99548],[0.56317,44.99209],[0.56423,44.9898],[0.56812,44.98907],[0.57119,44.98886],[0.57496,44.98914],[0.57444,44.98646],[0.57548,44.98452],[0.5767,44.98323],[0.5777,44.98289],[0.58023,44.98289],[0.58208,44.98144],[0.58443,44.98067],[0.58172,44.97573],[0.58337,44.97485],[0.58347,44.97021],[0.58687,44.96572],[0.57887,44.96528],[0.57455,44.96538],[0.56947,44.9659],[0.5659,44.96523],[0.56516,44.96403],[0.56417,44.96359],[0.56328,44.96095],[0.5612,44.95882],[0.56035,44.95543],[0.55765,44.95032],[0.55669,44.94992],[0.55514,44.95022],[0.55075,44.95006],[0.54962,44.95025],[0.54534,44.95392],[0.5439,44.95485],[0.54226,44.95471],[0.54158,44.95537],[0.53986,44.95462],[0.53754,44.955],[0.5351,44.95645],[0.53403,44.95882],[0.53139,44.96057],[0.53105,44.96292],[0.53148,44.96456],[0.53302,44.9663],[0.53043,44.96594],[0.52718,44.96665],[0.51842,44.96683],[0.51411,44.96646],[0.51298,44.96599],[0.51067,44.96635],[0.50405,44.96607],[0.49926,44.96478],[0.49473,44.96381],[0.4955,44.96111],[0.49115,44.96105],[0.48947,44.9613],[0.49262,44.96374],[0.49282,44.96735],[0.49419,44.97289],[0.49597,44.97508],[0.50089,44.97755],[0.50119,44.97814],[0.50414,44.98097],[0.50478,44.98297],[0.50836,44.98409],[0.51165,44.98568],[0.51514,44.98647],[0.51601,44.98699],[0.51854,44.98758],[0.52134,44.98903],[0.52389,44.99114],[0.52641,44.99288],[0.52257,44.99502],[0.52243,44.99628],[0.52749,44.99958],[0.52804,45.00052],[0.52751,45.00304],[0.52794,45.00398],[0.53048,45.00567],[0.53276,45.00609]]]}},{"type":"Feature","id":"fr-commune-24286","properties":{"id":"fr-commune-24286","name":"Montagrier","kind":"commune","center":[0.4857,45.2731],"code":"24286","department":"24"},"bbox":[0.4496,45.25323,0.52171,45.29287],"geometry":{"type":"Polygon","coordinates":[[[0.45008,45.27433],[0.45365,45.27476],[0.45753,45.27547],[0.45945,45.277],[0.46406,45.2789],[0.46896,45.27968],[0.47109,45.28099],[0.4732,45.28161],[0.47522,45.28295],[0.48111,45.28582],[0.48631,45.28745],[0.4925,45.29017],[0.49755,45.28966],[0.49985,45.29176],[0.50195,45.29257],[0.50419,45.29287],[0.50743,45.29245],[0.50776,45.29007],[0.50746,45.288],[0.5069,45.28686],[0.50687,45.28495],[0.50846,45.28426],[0.50927,45.28321],[0.51104,45.28235],[0.5119,45.28272],[0.51416,45.28195],[0.51833,45.28183],[0.52,45.28115],[0.52002,45.27877],[0.52077,45.27497],[0.52171,45.27279],[0.52074,45.26994],[0.5212,45.26943],[0.51944,45.26883],[0.51492,45.26802],[0.51172,45.26802],[0.50982,45.26666],[0.51003,45.26481],[0.50802,45.26322],[0.50577,45.26289],[0.50364,45.26202],[0.50296,45.2607],[0.50284,45.25917],[0.50011,45.2578],[0.49735,45.25759],[0.49319,45.25867],[0.49119,45.25941],[0.4866,45.25903],[0.48347,45.25928],[0.48176,45.25913],[0.48007,45.25794],[0.47838,45.25943],[0.47548,45.25806],[0.47374,45.25777],[0.47168,45.25633],[0.46993,45.25725],[0.46868,45.25729],[0.4674,45.25615],[0.46564,45.25568],[0.46301,45.25429],[0.45808,45.25323],[0.45616,45.25359],[0.45547,45.255],[0.45653,45.25858],[0.45618,45.25954],[0.45618,45.26238],[0.45708,45.26456],[0.45677,45.26531],[0.45373,45.26727],[0.4526,45.26715],[0.4496,45.26999],[0.45063,45.27223],[0.45008,45.27433]]]}},{"type":"Feature","id":"fr-commune-24287","properties":{"id":"fr-commune-24287","name":"Montaut","kind":"commune","center":[0.647,44.7505],"code":"24287","department":"24"},"bbox":[0.61104,44.73061,0.68301,44.7704],"geometry":{"type":"Polygon","coordinates":[[[0.6121,44.74892],[0.61282,44.75137],[0.61374,44.75335],[0.61547,44.75872],[0.61607,44.76012],[0.62461,44.75755],[0.62761,44.75977],[0.62724,44.76171],[0.629,44.76263],[0.63402,44.76021],[0.63408,44.76093],[0.63602,44.76368],[0.63921,44.76878],[0.64105,44.7704],[0.64277,44.76907],[0.64436,44.76904],[0.64954,44.76701],[0.65195,44.76705],[0.65637,44.76536],[0.65954,44.76456],[0.66214,44.76342],[0.66462,44.76649],[0.66825,44.7692],[0.67088,44.7702],[0.67681,44.76653],[0.6767,44.76493],[0.67572,44.76236],[0.67555,44.76005],[0.67744,44.75804],[0.67905,44.75586],[0.68198,44.75241],[0.68301,44.75087],[0.68187,44.74933],[0.67961,44.7478],[0.67778,44.74545],[0.67626,44.74395],[0.67479,44.7432],[0.67079,44.7437],[0.66658,44.7431],[0.66642,44.73975],[0.66581,44.73753],[0.66146,44.73744],[0.65847,44.73689],[0.65493,44.73741],[0.65425,44.73596],[0.65488,44.73436],[0.6529,44.73354],[0.65246,44.73274],[0.65021,44.73125],[0.64843,44.73274],[0.64669,44.73319],[0.64451,44.73458],[0.64297,44.73378],[0.64073,44.73321],[0.63966,44.73249],[0.63808,44.73286],[0.63427,44.73177],[0.63109,44.73131],[0.62845,44.73082],[0.62676,44.73115],[0.62471,44.73066],[0.62237,44.73061],[0.62253,44.73163],[0.61999,44.73516],[0.61882,44.73551],[0.61679,44.739],[0.61606,44.74181],[0.61378,44.74407],[0.61566,44.7454],[0.61104,44.74713],[0.6121,44.74892]]]}},{"type":"Feature","id":"fr-commune-24288","properties":{"id":"fr-commune-24288","name":"Montazeau","kind":"commune","center":[0.1299,44.9015],"code":"24288","department":"24"},"bbox":[0.10515,44.87611,0.15453,44.92697],"geometry":{"type":"Polygon","coordinates":[[[0.12912,44.87805],[0.12659,44.87856],[0.12464,44.87794],[0.12333,44.87836],[0.12155,44.87826],[0.1204,44.87711],[0.11908,44.87665],[0.11541,44.87679],[0.1152,44.87611],[0.1132,44.8763],[0.11439,44.8768],[0.11679,44.88002],[0.11651,44.88356],[0.11739,44.88652],[0.11809,44.88711],[0.121,44.88804],[0.12116,44.88895],[0.12029,44.89174],[0.12094,44.89385],[0.11874,44.89614],[0.11788,44.89855],[0.11603,44.90176],[0.11539,44.90201],[0.11359,44.90408],[0.11307,44.90568],[0.11384,44.90783],[0.11282,44.9091],[0.11093,44.91065],[0.10915,44.91313],[0.10608,44.91635],[0.10515,44.91691],[0.10787,44.91831],[0.10848,44.91947],[0.11073,44.92115],[0.10949,44.92374],[0.11331,44.9256],[0.11506,44.92597],[0.11681,44.92697],[0.11881,44.92572],[0.1215,44.92656],[0.12371,44.92668],[0.12395,44.92614],[0.12663,44.92614],[0.12718,44.9266],[0.12877,44.9261],[0.13092,44.9248],[0.13242,44.92427],[0.13502,44.924],[0.14398,44.92059],[0.14842,44.91721],[0.14969,44.91683],[0.15025,44.91459],[0.14834,44.91151],[0.14958,44.90985],[0.15046,44.90964],[0.15234,44.90744],[0.15355,44.90667],[0.15453,44.90499],[0.1545,44.9011],[0.15193,44.89994],[0.15074,44.89747],[0.15041,44.89456],[0.14888,44.89453],[0.14749,44.89076],[0.147,44.89004],[0.14935,44.88816],[0.1495,44.88696],[0.14896,44.88578],[0.15004,44.88481],[0.14939,44.88281],[0.14979,44.88144],[0.14798,44.88226],[0.14568,44.88173],[0.143,44.88199],[0.14136,44.88104],[0.13838,44.87999],[0.13662,44.88017],[0.13463,44.87939],[0.1315,44.879],[0.12983,44.87766],[0.12912,44.87805]]]}},{"type":"Feature","id":"fr-commune-24289","properties":{"id":"fr-commune-24289","name":"Montcaret","kind":"commune","center":[0.0686,44.8656],"code":"24289","department":"24"},"bbox":[0.03778,44.83762,0.09927,44.89364],"geometry":{"type":"Polygon","coordinates":[[[0.09415,44.86772],[0.09443,44.86611],[0.0942,44.864],[0.09528,44.86239],[0.09581,44.85959],[0.09647,44.85792],[0.09824,44.85734],[0.09927,44.85629],[0.0988,44.85257],[0.09748,44.85191],[0.09657,44.84941],[0.09197,44.8468],[0.09039,44.84552],[0.09138,44.84486],[0.08906,44.844],[0.08717,44.8447],[0.08587,44.8432],[0.08545,44.84134],[0.08659,44.84022],[0.08879,44.83992],[0.08886,44.83762],[0.08753,44.83791],[0.08564,44.83897],[0.08238,44.8395],[0.08078,44.84009],[0.07707,44.84068],[0.07295,44.84058],[0.06857,44.83954],[0.0667,44.83951],[0.06698,44.84128],[0.06493,44.84194],[0.06304,44.8418],[0.06057,44.84221],[0.05722,44.84226],[0.05765,44.8396],[0.05291,44.83941],[0.05189,44.84102],[0.05144,44.84287],[0.04997,44.84365],[0.04783,44.8435],[0.04617,44.84671],[0.04506,44.84754],[0.04176,44.84828],[0.04153,44.85289],[0.03841,44.85259],[0.03883,44.85491],[0.04163,44.85667],[0.04139,44.85854],[0.04313,44.8584],[0.04532,44.86253],[0.04358,44.86401],[0.04165,44.86479],[0.04002,44.86484],[0.0392,44.86671],[0.03778,44.8689],[0.03821,44.87081],[0.04006,44.87045],[0.04265,44.8709],[0.04332,44.87503],[0.04698,44.87388],[0.04812,44.87284],[0.04994,44.8723],[0.04991,44.87509],[0.05055,44.87655],[0.05081,44.87888],[0.05162,44.87996],[0.04992,44.88119],[0.04829,44.88102],[0.04562,44.88182],[0.04285,44.88334],[0.04082,44.88614],[0.04308,44.88895],[0.042,44.8897],[0.04191,44.89089],[0.04304,44.89111],[0.04346,44.89215],[0.04615,44.89249],[0.0467,44.89318],[0.04909,44.8928],[0.05335,44.89166],[0.05486,44.89168],[0.05829,44.89364],[0.06008,44.89055],[0.06025,44.88856],[0.06326,44.88644],[0.06253,44.88588],[0.0655,44.88428],[0.06559,44.88274],[0.06817,44.88179],[0.06944,44.88079],[0.07097,44.87892],[0.07112,44.87791],[0.07403,44.87607],[0.07694,44.87584],[0.07798,44.87545],[0.07694,44.87412],[0.07745,44.87245],[0.07788,44.86877],[0.07979,44.86876],[0.08161,44.8692],[0.08327,44.86894],[0.08624,44.869],[0.08848,44.86812],[0.09067,44.86684],[0.09415,44.86772]]]}},{"type":"Feature","id":"fr-commune-24290","properties":{"id":"fr-commune-24290","name":"Montferrand-du-Périgord","kind":"commune","center":[0.8738,44.7563],"code":"24290","department":"24"},"bbox":[0.84504,44.72811,0.90252,44.78446],"geometry":{"type":"Polygon","coordinates":[[[0.84504,44.75099],[0.84757,44.75134],[0.84989,44.75121],[0.85278,44.75051],[0.85782,44.74876],[0.859,44.74952],[0.85792,44.75197],[0.85661,44.75393],[0.85705,44.75624],[0.85853,44.75776],[0.85889,44.75877],[0.86089,44.76095],[0.86176,44.76259],[0.86131,44.76303],[0.86263,44.76566],[0.86218,44.76592],[0.86346,44.76796],[0.86488,44.76955],[0.86365,44.77179],[0.86319,44.77404],[0.86464,44.77566],[0.86493,44.77766],[0.87199,44.77806],[0.87564,44.77989],[0.87771,44.78273],[0.88375,44.78142],[0.88864,44.78256],[0.89157,44.78305],[0.89312,44.78446],[0.89482,44.78434],[0.8985,44.78237],[0.89929,44.78251],[0.90063,44.78139],[0.89981,44.78035],[0.90033,44.77906],[0.89991,44.77802],[0.90038,44.77488],[0.90252,44.77138],[0.90217,44.77013],[0.90072,44.76835],[0.90024,44.76667],[0.89872,44.765],[0.89878,44.76081],[0.89976,44.75863],[0.89777,44.75771],[0.89317,44.75745],[0.89071,44.75643],[0.8895,44.7569],[0.88831,44.75649],[0.88509,44.75627],[0.88222,44.75521],[0.87936,44.7547],[0.87675,44.75335],[0.87017,44.75221],[0.86831,44.75238],[0.86781,44.75155],[0.86872,44.75015],[0.87069,44.74889],[0.872,44.74852],[0.87247,44.74738],[0.87147,44.745],[0.87175,44.74265],[0.87148,44.74137],[0.87347,44.73942],[0.87417,44.73798],[0.87696,44.7374],[0.87876,44.7365],[0.88098,44.73594],[0.88341,44.73598],[0.88086,44.73111],[0.88122,44.72811],[0.87911,44.72943],[0.87555,44.73029],[0.87349,44.73128],[0.87284,44.73106],[0.86803,44.73144],[0.86552,44.73242],[0.86415,44.73052],[0.85963,44.73069],[0.85855,44.73106],[0.85937,44.73314],[0.86032,44.7344],[0.8588,44.73452],[0.85594,44.73528],[0.85553,44.73659],[0.84934,44.73913],[0.848,44.74051],[0.84657,44.7437],[0.84753,44.74594],[0.84792,44.74801],[0.84677,44.74971],[0.84532,44.74993],[0.84504,44.75099]]]}},{"type":"Feature","id":"fr-commune-24291","properties":{"id":"fr-commune-24291","name":"Montignac-Lascaux","kind":"commune","center":[1.1589,45.0644],"code":"24291","department":"24"},"bbox":[1.10603,45.02895,1.21177,45.09974],"geometry":{"type":"Polygon","coordinates":[[[1.13202,45.03592],[1.12774,45.03797],[1.1266,45.03799],[1.12523,45.03879],[1.12356,45.03876],[1.1236,45.04003],[1.12275,45.04146],[1.12353,45.04306],[1.12459,45.04375],[1.12302,45.04575],[1.12138,45.04582],[1.11972,45.04675],[1.11664,45.04753],[1.116,45.04827],[1.11678,45.04981],[1.11384,45.05171],[1.11552,45.05243],[1.1193,45.05314],[1.12076,45.05433],[1.12105,45.05691],[1.12015,45.05872],[1.11898,45.06201],[1.11818,45.06281],[1.11898,45.064],[1.11944,45.06577],[1.11813,45.06796],[1.12195,45.07061],[1.12287,45.07152],[1.12011,45.0733],[1.12023,45.07406],[1.11651,45.07595],[1.11484,45.08129],[1.11473,45.08267],[1.1138,45.08565],[1.11112,45.08892],[1.11055,45.09229],[1.10799,45.09504],[1.10603,45.09555],[1.1104,45.09669],[1.11222,45.09746],[1.11643,45.0976],[1.12056,45.09855],[1.12256,45.09964],[1.12386,45.09974],[1.12773,45.09862],[1.13222,45.0982],[1.1363,45.0996],[1.13903,45.09819],[1.14273,45.09263],[1.14472,45.09311],[1.1478,45.09239],[1.15052,45.09133],[1.15245,45.08953],[1.15479,45.08946],[1.15491,45.08855],[1.15706,45.08857],[1.15689,45.09101],[1.16052,45.0881],[1.16331,45.09024],[1.16417,45.09125],[1.16747,45.08895],[1.17094,45.08602],[1.17195,45.08551],[1.17379,45.08628],[1.17605,45.08559],[1.17749,45.08589],[1.17805,45.0834],[1.17937,45.08288],[1.18069,45.08172],[1.18059,45.07909],[1.18112,45.07649],[1.18241,45.07512],[1.1833,45.07549],[1.18479,45.07389],[1.18196,45.07293],[1.17932,45.07245],[1.1735,45.07101],[1.17147,45.06846],[1.17335,45.06771],[1.17559,45.0684],[1.1777,45.06692],[1.17661,45.06472],[1.17688,45.06414],[1.18382,45.06281],[1.18637,45.06214],[1.19163,45.06167],[1.19631,45.05977],[1.19949,45.05799],[1.20178,45.05631],[1.2054,45.05415],[1.20939,45.05259],[1.2113,45.05171],[1.21041,45.04995],[1.21177,45.0484],[1.20972,45.04491],[1.20761,45.04254],[1.208,45.04033],[1.20704,45.03921],[1.20681,45.03781],[1.20397,45.03647],[1.20328,45.03555],[1.20084,45.03473],[1.20047,45.03584],[1.20051,45.03901],[1.19862,45.03962],[1.19451,45.04009],[1.19154,45.0399],[1.18949,45.03937],[1.18759,45.0393],[1.18625,45.03835],[1.18419,45.03795],[1.1826,45.03718],[1.17807,45.03647],[1.17185,45.03275],[1.17021,45.03237],[1.16742,45.03074],[1.16239,45.02895],[1.16144,45.03046],[1.16042,45.03362],[1.15966,45.03441],[1.15757,45.03793],[1.15321,45.03703],[1.1504,45.03706],[1.14893,45.03739],[1.14674,45.03683],[1.14489,45.03752],[1.14224,45.03756],[1.13976,45.03817],[1.13667,45.03808],[1.13506,45.03919],[1.13202,45.03592]]]}},{"type":"Feature","id":"fr-commune-24292","properties":{"id":"fr-commune-24292","name":"Montpeyroux","kind":"commune","center":[0.0651,44.9155],"code":"24292","department":"24"},"bbox":[0.01694,44.89089,0.11331,44.93995],"geometry":{"type":"Polygon","coordinates":[[[0.01694,44.89552],[0.0183,44.89656],[0.02066,44.89735],[0.0206,44.89841],[0.02166,44.89919],[0.02327,44.90118],[0.02568,44.90302],[0.02509,44.9054],[0.02579,44.9064],[0.02684,44.90652],[0.02797,44.90934],[0.02904,44.9095],[0.02966,44.91128],[0.03136,44.91215],[0.03428,44.91469],[0.03465,44.91602],[0.0321,44.91817],[0.02939,44.91997],[0.02795,44.92214],[0.02681,44.92255],[0.02277,44.92528],[0.02204,44.92543],[0.02452,44.92592],[0.02677,44.92781],[0.03095,44.92961],[0.03333,44.93002],[0.03651,44.93015],[0.03814,44.93123],[0.04048,44.93062],[0.04209,44.93067],[0.04415,44.92888],[0.04603,44.93157],[0.04751,44.93221],[0.05064,44.93292],[0.05173,44.93397],[0.05334,44.93407],[0.05801,44.93562],[0.05999,44.93683],[0.06118,44.93713],[0.06184,44.93823],[0.06373,44.93937],[0.06861,44.93995],[0.07006,44.93901],[0.07111,44.93695],[0.07555,44.93418],[0.07771,44.93216],[0.07999,44.93353],[0.08274,44.93384],[0.0827,44.93299],[0.08523,44.93272],[0.08632,44.93312],[0.08878,44.93131],[0.0906,44.93092],[0.09568,44.93098],[0.10083,44.93137],[0.10336,44.93191],[0.10371,44.93104],[0.10911,44.92886],[0.11108,44.92854],[0.11246,44.9272],[0.11213,44.92647],[0.11331,44.9256],[0.10949,44.92374],[0.11073,44.92115],[0.10848,44.91947],[0.10787,44.91831],[0.10515,44.91691],[0.10274,44.91629],[0.10075,44.91641],[0.09957,44.91189],[0.09976,44.91063],[0.09861,44.90908],[0.09736,44.9083],[0.09713,44.90743],[0.09514,44.90722],[0.09112,44.9045],[0.08927,44.90401],[0.08707,44.90444],[0.08411,44.90311],[0.08134,44.90316],[0.07855,44.90293],[0.07741,44.9032],[0.07653,44.90223],[0.0754,44.90216],[0.0747,44.89926],[0.07269,44.89867],[0.07094,44.89675],[0.06962,44.89612],[0.06693,44.89658],[0.06368,44.89764],[0.06172,44.89682],[0.06164,44.89577],[0.05941,44.89507],[0.05963,44.89385],[0.05829,44.89364],[0.05486,44.89168],[0.05335,44.89166],[0.04909,44.8928],[0.0467,44.89318],[0.04615,44.89249],[0.04346,44.89215],[0.04304,44.89111],[0.04191,44.89089],[0.03975,44.89311],[0.03932,44.89402],[0.0364,44.89482],[0.03399,44.89504],[0.03347,44.89441],[0.03024,44.89397],[0.03034,44.89456],[0.02647,44.89465],[0.0234,44.89542],[0.02071,44.8954],[0.01759,44.89444],[0.01694,44.89552]]]}},{"type":"Feature","id":"fr-commune-24293","properties":{"id":"fr-commune-24293","name":"Monplaisant","kind":"commune","center":[0.9932,44.7896],"code":"24293","department":"24"},"bbox":[0.97091,44.77201,1.01534,44.80673],"geometry":{"type":"Polygon","coordinates":[[[0.98615,44.78753],[0.98205,44.79],[0.97884,44.79249],[0.97693,44.7935],[0.97469,44.79575],[0.97276,44.79651],[0.97091,44.79876],[0.97186,44.79999],[0.97403,44.80158],[0.97682,44.80147],[0.98127,44.80239],[0.98526,44.80154],[0.98731,44.80196],[0.98866,44.80358],[0.994,44.8055],[0.99682,44.80551],[0.99898,44.80457],[1.00125,44.80556],[1.00277,44.80673],[1.00394,44.80442],[1.00458,44.80435],[1.00263,44.80074],[1.00429,44.79918],[1.00547,44.79861],[1.00819,44.79633],[1.0096,44.79562],[1.01059,44.79418],[1.01214,44.79333],[1.01243,44.79199],[1.01127,44.79143],[1.01217,44.78979],[1.01147,44.78797],[1.01119,44.78565],[1.01239,44.78553],[1.01363,44.78136],[1.01446,44.78095],[1.01534,44.77929],[1.0151,44.77777],[1.01377,44.77638],[1.0142,44.77506],[1.0127,44.77322],[1.0124,44.77217],[1.01073,44.77201],[1.01089,44.77359],[1.01255,44.77629],[1.01271,44.77958],[1.01194,44.78249],[1.00962,44.78248],[1.00902,44.7829],[1.00359,44.78294],[1.001,44.78061],[0.99908,44.78164],[0.99745,44.78122],[0.99637,44.78188],[0.995,44.78438],[0.98984,44.78648],[0.98877,44.78804],[0.98725,44.78823],[0.98615,44.78753]]]}},{"type":"Feature","id":"fr-commune-24294","properties":{"id":"fr-commune-24294","name":"Montpon-Ménestérol","kind":"commune","center":[0.147,45.0163],"code":"24294","department":"24"},"bbox":[0.08636,44.97137,0.20761,45.06112],"geometry":{"type":"Polygon","coordinates":[[[0.19958,45.05223],[0.19874,45.05166],[0.19874,45.05031],[0.2003,45.04909],[0.2011,45.04638],[0.2019,45.04572],[0.20249,45.04358],[0.20203,45.0424],[0.20281,45.04047],[0.2051,45.03844],[0.20621,45.037],[0.20761,45.03649],[0.20487,45.03444],[0.20234,45.03424],[0.19895,45.03356],[0.19606,45.03149],[0.19626,45.03005],[0.19803,45.02869],[0.19605,45.02849],[0.19008,45.02952],[0.18909,45.03113],[0.18505,45.0319],[0.18189,45.03151],[0.17785,45.03003],[0.17837,45.02444],[0.17897,45.01996],[0.17918,45.011],[0.17937,45.00968],[0.18394,45.01026],[0.18387,45.00707],[0.18254,45.00602],[0.18235,45.0032],[0.18469,45.00229],[0.18901,44.99974],[0.18942,44.99771],[0.19225,44.99727],[0.19285,44.99588],[0.194,44.9954],[0.19487,44.99273],[0.19473,44.99155],[0.19271,44.98896],[0.19288,44.98518],[0.19252,44.98361],[0.18952,44.98066],[0.1898,44.97732],[0.1894,44.97525],[0.18772,44.97556],[0.18486,44.9766],[0.18213,44.97691],[0.17841,44.97778],[0.17389,44.97738],[0.17338,44.97581],[0.16876,44.9755],[0.16609,44.97488],[0.16466,44.97353],[0.15717,44.97303],[0.15122,44.97309],[0.14751,44.97227],[0.14337,44.97137],[0.14045,44.97317],[0.13947,44.97607],[0.13831,44.97642],[0.13571,44.97863],[0.1341,44.97915],[0.13521,44.97951],[0.14228,44.98328],[0.14071,44.98466],[0.14019,44.986],[0.14154,44.99005],[0.13985,44.99059],[0.1387,44.99195],[0.13579,44.99252],[0.1355,44.99757],[0.13449,45.00126],[0.13216,45.00355],[0.13687,45.00517],[0.13816,45.00589],[0.13702,45.00676],[0.13658,45.00786],[0.13713,45.00871],[0.13467,45.00948],[0.13366,45.01331],[0.13378,45.01469],[0.13511,45.01833],[0.13616,45.02017],[0.13487,45.0218],[0.13244,45.02421],[0.13091,45.02482],[0.12689,45.02468],[0.12437,45.02379],[0.12271,45.02031],[0.12196,45.01967],[0.11694,45.01934],[0.11571,45.01908],[0.11391,45.01742],[0.1122,45.01694],[0.10987,45.01739],[0.10776,45.01876],[0.10628,45.02037],[0.10508,45.02321],[0.10366,45.02368],[0.10006,45.02165],[0.0985,45.02123],[0.09339,45.02054],[0.09228,45.02058],[0.09053,45.02148],[0.08944,45.02254],[0.08792,45.025],[0.08636,45.02642],[0.08843,45.02859],[0.09255,45.02832],[0.09338,45.02722],[0.09557,45.02567],[0.09586,45.0248],[0.09751,45.02517],[0.09627,45.02704],[0.09644,45.02818],[0.09827,45.02915],[0.10099,45.03221],[0.10196,45.03242],[0.10275,45.03472],[0.10381,45.03609],[0.10555,45.03686],[0.10832,45.03699],[0.10882,45.03895],[0.10868,45.04037],[0.10998,45.04151],[0.1096,45.04396],[0.10871,45.04437],[0.1086,45.04565],[0.10946,45.04697],[0.11107,45.04713],[0.11222,45.04801],[0.11191,45.04866],[0.11595,45.05],[0.11612,45.05129],[0.11544,45.05216],[0.11753,45.05284],[0.11982,45.05295],[0.12229,45.05241],[0.1225,45.05098],[0.12429,45.05082],[0.12567,45.04959],[0.12916,45.04955],[0.13218,45.04922],[0.13344,45.04688],[0.13594,45.0472],[0.13876,45.0472],[0.1394,45.04682],[0.14181,45.04818],[0.14342,45.04946],[0.14253,45.05001],[0.14318,45.05208],[0.14468,45.05491],[0.14686,45.05431],[0.14832,45.05509],[0.15028,45.05489],[0.15501,45.05443],[0.15699,45.05498],[0.16109,45.05476],[0.16344,45.0566],[0.164,45.05753],[0.16531,45.05763],[0.16549,45.05921],[0.16471,45.06031],[0.16514,45.06112],[0.16975,45.05975],[0.17128,45.0588],[0.17253,45.05874],[0.17719,45.05719],[0.18164,45.05516],[0.18391,45.05479],[0.1859,45.0549],[0.18819,45.05409],[0.19246,45.057],[0.19325,45.05634],[0.19366,45.05488],[0.19523,45.05418],[0.19671,45.05287],[0.19958,45.05223]]]}},{"type":"Feature","id":"fr-commune-24295","properties":{"id":"fr-commune-24295","name":"Montrem","kind":"commune","center":[0.5818,45.1348],"code":"24295","department":"24"},"bbox":[0.55125,45.10331,0.61238,45.16618],"geometry":{"type":"Polygon","coordinates":[[[0.58465,45.15389],[0.58678,45.15344],[0.58845,45.15265],[0.58964,45.15152],[0.58994,45.15006],[0.59237,45.14822],[0.59449,45.14758],[0.60044,45.14706],[0.60207,45.14569],[0.60451,45.14154],[0.60543,45.1407],[0.60853,45.13922],[0.60981,45.13892],[0.61238,45.13902],[0.61118,45.1372],[0.60962,45.13608],[0.60952,45.13538],[0.6112,45.1336],[0.61095,45.13119],[0.61012,45.12974],[0.61062,45.12853],[0.60992,45.12472],[0.61037,45.12305],[0.61003,45.11884],[0.60772,45.11743],[0.60862,45.11472],[0.60947,45.11385],[0.60855,45.11001],[0.60947,45.10912],[0.60695,45.10666],[0.6057,45.10367],[0.60421,45.10485],[0.60364,45.10712],[0.60258,45.10669],[0.5947,45.10697],[0.59114,45.10795],[0.58931,45.1092],[0.58675,45.11022],[0.57781,45.10736],[0.57167,45.10557],[0.5674,45.10331],[0.56546,45.10449],[0.56316,45.10723],[0.56248,45.10882],[0.56296,45.10999],[0.56206,45.11207],[0.56221,45.11294],[0.56103,45.11554],[0.55867,45.11629],[0.55611,45.11652],[0.55525,45.11695],[0.55527,45.11978],[0.55751,45.12139],[0.55625,45.12221],[0.55382,45.12558],[0.55298,45.12754],[0.55246,45.13105],[0.55267,45.13262],[0.55125,45.13306],[0.55269,45.13485],[0.55427,45.13483],[0.55949,45.13682],[0.56045,45.13818],[0.56326,45.1391],[0.56681,45.14114],[0.56415,45.14505],[0.56259,45.14622],[0.56279,45.14725],[0.56123,45.14753],[0.56055,45.14871],[0.56054,45.15077],[0.55901,45.15193],[0.55658,45.15064],[0.55611,45.15145],[0.55645,45.15396],[0.55532,45.15565],[0.55318,45.15707],[0.55371,45.15793],[0.55195,45.15918],[0.55253,45.16092],[0.55464,45.16325],[0.557,45.16455],[0.56369,45.16618],[0.56481,45.16604],[0.56818,45.1648],[0.57059,45.16229],[0.57052,45.15776],[0.57019,45.15552],[0.57043,45.15387],[0.5722,45.15219],[0.57305,45.15186],[0.57534,45.15202],[0.57844,45.15088],[0.57949,45.15096],[0.58247,45.15205],[0.58465,45.15389]]]}},{"type":"Feature","id":"fr-commune-24296","properties":{"id":"fr-commune-24296","name":"Mouleydier","kind":"commune","center":[0.6129,44.8612],"code":"24296","department":"24"},"bbox":[0.58205,44.84538,0.64381,44.87707],"geometry":{"type":"Polygon","coordinates":[[[0.63181,44.84538],[0.62956,44.84655],[0.62554,44.84739],[0.61972,44.84789],[0.61386,44.84894],[0.60982,44.8507],[0.60225,44.85327],[0.59876,44.8539],[0.59618,44.85394],[0.59234,44.85362],[0.5821,44.85358],[0.58205,44.85514],[0.584,44.85563],[0.58675,44.85573],[0.58682,44.85641],[0.58918,44.85662],[0.5906,44.85613],[0.59013,44.85799],[0.58839,44.86004],[0.58805,44.86151],[0.59084,44.86156],[0.59131,44.86211],[0.59535,44.86182],[0.59634,44.86517],[0.59893,44.86829],[0.60108,44.8681],[0.60298,44.86854],[0.60666,44.86705],[0.61148,44.86832],[0.61264,44.86907],[0.61491,44.87266],[0.6188,44.87573],[0.61928,44.87707],[0.62181,44.87664],[0.62253,44.8756],[0.62595,44.87348],[0.62881,44.87433],[0.62994,44.87247],[0.6322,44.86969],[0.63451,44.86845],[0.63471,44.86773],[0.63707,44.86707],[0.63802,44.8661],[0.64326,44.8648],[0.64381,44.86408],[0.64218,44.86237],[0.64268,44.86112],[0.64008,44.86007],[0.64061,44.85519],[0.63808,44.85433],[0.6377,44.85385],[0.63432,44.85232],[0.63373,44.85091],[0.63382,44.8472],[0.63181,44.84538]]]}},{"type":"Feature","id":"fr-commune-24297","properties":{"id":"fr-commune-24297","name":"Moulin-Neuf","kind":"commune","center":[0.06,45.0011],"code":"24297","department":"24"},"bbox":[0.03544,44.97789,0.08454,45.02436],"geometry":{"type":"Polygon","coordinates":[[[0.04013,44.99384],[0.03967,44.99515],[0.03953,44.99813],[0.03762,45.00155],[0.03666,45.00456],[0.037,45.00916],[0.03687,45.0104],[0.03585,45.01089],[0.03544,45.01287],[0.03609,45.01565],[0.03771,45.01692],[0.03935,45.01992],[0.03908,45.02436],[0.04011,45.02361],[0.04077,45.02191],[0.04125,45.02098],[0.04053,45.01958],[0.04121,45.0186],[0.0447,45.01612],[0.04871,45.01439],[0.0525,45.01344],[0.05393,45.01215],[0.05603,45.01198],[0.059,45.0138],[0.0618,45.01492],[0.06494,45.01669],[0.06692,45.01721],[0.07158,45.01588],[0.07215,45.01497],[0.0702,45.01407],[0.07029,45.0135],[0.06848,45.00986],[0.06924,45.00925],[0.06894,45.00811],[0.07003,45.00702],[0.07134,45.00677],[0.07186,45.00563],[0.07012,45.00323],[0.07058,45.00181],[0.06972,45.00151],[0.06846,44.99875],[0.06722,44.99877],[0.06861,44.99705],[0.07102,44.99514],[0.07658,44.99466],[0.08031,44.99386],[0.08229,44.98993],[0.0836,44.98787],[0.08454,44.98703],[0.08354,44.98587],[0.08247,44.98451],[0.08036,44.98366],[0.08006,44.98186],[0.07845,44.9795],[0.07583,44.98059],[0.07728,44.98262],[0.07537,44.98278],[0.07257,44.98463],[0.0707,44.98431],[0.0679,44.98238],[0.06708,44.98097],[0.06424,44.97821],[0.06352,44.97789],[0.0619,44.98151],[0.05671,44.98242],[0.0541,44.98316],[0.05449,44.98423],[0.05434,44.98641],[0.05713,44.98923],[0.05818,44.99067],[0.05743,44.99187],[0.06266,44.99345],[0.05941,44.99335],[0.05771,44.99267],[0.05607,44.99366],[0.05333,44.99593],[0.05154,44.99642],[0.05105,44.99471],[0.04868,44.99481],[0.0473,44.99561],[0.04538,44.99529],[0.04383,44.99605],[0.04013,44.99384]]]}},{"type":"Feature","id":"fr-commune-24299","properties":{"id":"fr-commune-24299","name":"Mussidan","kind":"commune","center":[0.3641,45.0298],"code":"24299","department":"24"},"bbox":[0.34936,45.01736,0.37888,45.04233],"geometry":{"type":"Polygon","coordinates":[[[0.36038,45.04233],[0.36255,45.04158],[0.36594,45.0398],[0.37013,45.03841],[0.37299,45.03709],[0.37693,45.03726],[0.37856,45.03697],[0.37819,45.03547],[0.3758,45.03373],[0.37613,45.0325],[0.37357,45.03156],[0.37586,45.02917],[0.37377,45.02795],[0.37831,45.02536],[0.37888,45.02389],[0.37736,45.02453],[0.3756,45.02288],[0.37574,45.02168],[0.37489,45.02039],[0.37352,45.02077],[0.37298,45.01977],[0.37111,45.01948],[0.3694,45.01871],[0.36588,45.01917],[0.36063,45.01886],[0.36068,45.01776],[0.35863,45.01736],[0.35857,45.01813],[0.35673,45.01982],[0.35667,45.02239],[0.35573,45.02456],[0.35653,45.02637],[0.35459,45.027],[0.35049,45.02655],[0.34936,45.03116],[0.35024,45.03236],[0.35538,45.03531],[0.35786,45.0371],[0.35907,45.0388],[0.36038,45.04233]]]}},{"type":"Feature","id":"fr-commune-24300","properties":{"id":"fr-commune-24300","name":"Nabirat","kind":"commune","center":[1.291,44.7667],"code":"24300","department":"24"},"bbox":[1.25919,44.74047,1.3228,44.79287],"geometry":{"type":"Polygon","coordinates":[[[1.27631,44.74749],[1.27632,44.7505],[1.27482,44.7528],[1.27266,44.7547],[1.27032,44.75729],[1.26511,44.76081],[1.26108,44.76433],[1.25985,44.76564],[1.25919,44.76861],[1.25929,44.77103],[1.26973,44.77596],[1.27042,44.77918],[1.27149,44.78297],[1.27265,44.78571],[1.27445,44.79124],[1.27666,44.79121],[1.27973,44.79212],[1.28031,44.79268],[1.28284,44.79287],[1.28485,44.79243],[1.28876,44.7906],[1.2934,44.78982],[1.2975,44.78895],[1.30054,44.78889],[1.30287,44.7892],[1.30398,44.78829],[1.30357,44.78653],[1.30481,44.78495],[1.30398,44.78404],[1.30015,44.78272],[1.298,44.78065],[1.29636,44.77783],[1.29639,44.77671],[1.29848,44.77422],[1.30029,44.77379],[1.30544,44.77197],[1.30691,44.77177],[1.30811,44.77086],[1.31053,44.76976],[1.31315,44.76695],[1.31431,44.76605],[1.31363,44.76506],[1.31604,44.76472],[1.3228,44.76501],[1.32233,44.76284],[1.32118,44.75951],[1.32025,44.75851],[1.32019,44.75513],[1.31877,44.75318],[1.317,44.74943],[1.31725,44.74592],[1.31766,44.74417],[1.31674,44.74282],[1.31583,44.74047],[1.31405,44.74114],[1.31065,44.74193],[1.30505,44.74354],[1.3028,44.74435],[1.30017,44.74445],[1.29734,44.7447],[1.29455,44.74527],[1.29142,44.74534],[1.28875,44.74619],[1.28484,44.7463],[1.28234,44.74568],[1.27849,44.74737],[1.27631,44.74749]]]}},{"type":"Feature","id":"fr-commune-24301","properties":{"id":"fr-commune-24301","name":"Nadaillac","kind":"commune","center":[1.4029,45.032],"code":"24301","department":"24"},"bbox":[1.35752,44.99849,1.44824,45.06549],"geometry":{"type":"Polygon","coordinates":[[[1.35752,45.04985],[1.35821,45.05144],[1.3605,45.05387],[1.36168,45.05451],[1.36326,45.05611],[1.36542,45.05687],[1.36692,45.0585],[1.37011,45.06063],[1.37136,45.06233],[1.37374,45.06442],[1.37561,45.06544],[1.37779,45.06549],[1.38028,45.06395],[1.38418,45.06258],[1.38685,45.06207],[1.38887,45.06276],[1.39034,45.06228],[1.39406,45.06227],[1.39956,45.06118],[1.4046,45.0598],[1.40633,45.05862],[1.40877,45.06038],[1.41187,45.06216],[1.41339,45.06105],[1.41161,45.05922],[1.41119,45.05816],[1.40929,45.05549],[1.40798,45.05428],[1.40737,45.05308],[1.41317,45.05146],[1.41742,45.04981],[1.42184,45.04186],[1.42583,45.0401],[1.42625,45.0356],[1.43155,45.03282],[1.43461,45.03002],[1.4368,45.02703],[1.44126,45.02356],[1.44176,45.0217],[1.444,45.02011],[1.44824,45.01941],[1.44564,45.01812],[1.44325,45.01637],[1.44128,45.01537],[1.44432,45.01406],[1.43402,45.01152],[1.43133,45.0101],[1.42753,45.00928],[1.42485,45.0091],[1.42192,45.00823],[1.41868,45.00846],[1.41464,45.00731],[1.41113,45.0068],[1.4091,45.00686],[1.40731,45.00651],[1.40578,45.00571],[1.40161,45.00483],[1.40106,45.00578],[1.39787,45.00589],[1.39577,45.00558],[1.39454,45.00417],[1.39193,45.00187],[1.38958,45.00095],[1.38829,45.00104],[1.38393,44.99951],[1.38044,44.99943],[1.37921,44.99849],[1.37745,44.999],[1.37404,44.99926],[1.37116,45.00001],[1.37298,45.00261],[1.37527,45.00844],[1.3764,45.00951],[1.37536,45.01224],[1.37343,45.01295],[1.37218,45.01508],[1.37337,45.01799],[1.3759,45.01967],[1.38001,45.02461],[1.38341,45.02668],[1.38603,45.02718],[1.3862,45.02809],[1.38232,45.02869],[1.38109,45.03006],[1.38153,45.03159],[1.38099,45.03316],[1.38112,45.0343],[1.38029,45.03494],[1.37841,45.03471],[1.37615,45.03486],[1.3751,45.03556],[1.375,45.03739],[1.37569,45.03886],[1.37537,45.04082],[1.3736,45.04131],[1.3718,45.04318],[1.37153,45.04505],[1.37215,45.04582],[1.36962,45.04693],[1.36833,45.0464],[1.36516,45.04672],[1.36221,45.04778],[1.36068,45.04921],[1.35957,45.0497],[1.35752,45.04985]]]}},{"type":"Feature","id":"fr-commune-24302","properties":{"id":"fr-commune-24302","name":"Nailhac","kind":"commune","center":[1.1564,45.225],"code":"24302","department":"24"},"bbox":[1.12741,45.19332,1.18531,45.25665],"geometry":{"type":"Polygon","coordinates":[[[1.1516,45.19332],[1.1481,45.1951],[1.14655,45.1952],[1.14372,45.19609],[1.14156,45.19843],[1.14051,45.19802],[1.13911,45.20048],[1.13826,45.2005],[1.13524,45.20276],[1.1344,45.20449],[1.13317,45.20569],[1.13336,45.20699],[1.13277,45.20958],[1.13364,45.21308],[1.13323,45.2148],[1.13228,45.21659],[1.13378,45.2183],[1.13356,45.21949],[1.13163,45.22148],[1.1328,45.22181],[1.13274,45.22341],[1.13013,45.22359],[1.12982,45.22409],[1.13092,45.22788],[1.12838,45.22801],[1.1299,45.23021],[1.12856,45.23036],[1.12875,45.23168],[1.12741,45.23512],[1.13067,45.23576],[1.13181,45.23662],[1.13051,45.23818],[1.13079,45.23967],[1.13041,45.24225],[1.13657,45.24242],[1.13765,45.24642],[1.13714,45.25034],[1.13824,45.2523],[1.13927,45.25264],[1.14154,45.25139],[1.14243,45.25143],[1.14455,45.24926],[1.14625,45.24832],[1.14672,45.24918],[1.14831,45.24999],[1.15021,45.25337],[1.15241,45.25412],[1.15162,45.25665],[1.15442,45.25628],[1.15998,45.25451],[1.16086,45.25302],[1.16192,45.25253],[1.16284,45.25024],[1.16508,45.24816],[1.16689,45.24744],[1.16749,45.24635],[1.16896,45.24552],[1.16977,45.24379],[1.17182,45.24309],[1.17583,45.24025],[1.17739,45.23874],[1.17612,45.23678],[1.17366,45.23628],[1.17333,45.23474],[1.17534,45.23229],[1.17775,45.23104],[1.17806,45.23029],[1.1757,45.22906],[1.17467,45.22711],[1.17665,45.22542],[1.17862,45.22272],[1.18127,45.22093],[1.18197,45.21953],[1.17873,45.2155],[1.18133,45.21399],[1.18392,45.21341],[1.18521,45.21007],[1.18531,45.20859],[1.1841,45.20651],[1.18431,45.20462],[1.18282,45.20222],[1.18286,45.20089],[1.18199,45.19852],[1.18047,45.19599],[1.17655,45.19928],[1.17364,45.20078],[1.17097,45.2027],[1.16743,45.2047],[1.16019,45.20538],[1.15761,45.20628],[1.1534,45.20713],[1.15298,45.20525],[1.15028,45.20032],[1.15531,45.19622],[1.15622,45.19439],[1.1516,45.19332]]]}},{"type":"Feature","id":"fr-commune-24303","properties":{"id":"fr-commune-24303","name":"Nanteuil-Auriac-de-Bourzac","kind":"commune","center":[0.2862,45.3795],"code":"24303","department":"24"},"bbox":[0.24822,45.35327,0.32447,45.40565],"geometry":{"type":"Polygon","coordinates":[[[0.24957,45.36358],[0.24964,45.36607],[0.25014,45.36686],[0.24976,45.36848],[0.24822,45.36886],[0.24853,45.36979],[0.25232,45.37475],[0.25111,45.37605],[0.25189,45.37802],[0.25279,45.37913],[0.25398,45.38155],[0.25395,45.38319],[0.25509,45.38482],[0.25766,45.38736],[0.25774,45.38973],[0.25949,45.39298],[0.25867,45.39515],[0.26194,45.39611],[0.26281,45.39696],[0.26412,45.39612],[0.26775,45.39594],[0.26951,45.39672],[0.27268,45.39601],[0.27503,45.3943],[0.27642,45.3924],[0.27763,45.39144],[0.28235,45.38963],[0.28422,45.38984],[0.28888,45.39286],[0.29028,45.39493],[0.29261,45.3967],[0.29306,45.39882],[0.29199,45.40088],[0.29284,45.40244],[0.29619,45.40463],[0.29858,45.40565],[0.30749,45.40478],[0.31196,45.4048],[0.3156,45.40429],[0.31929,45.40352],[0.32193,45.40258],[0.32335,45.39934],[0.323,45.39682],[0.32447,45.39495],[0.32239,45.39472],[0.32081,45.39313],[0.31892,45.39295],[0.32045,45.39062],[0.3208,45.38922],[0.3202,45.3874],[0.32114,45.38428],[0.32151,45.38159],[0.32074,45.38014],[0.32013,45.37482],[0.31906,45.37353],[0.31841,45.37166],[0.31669,45.37097],[0.31363,45.3688],[0.31095,45.36859],[0.30919,45.36741],[0.31118,45.36606],[0.30956,45.36479],[0.3077,45.36399],[0.30565,45.36379],[0.30295,45.36057],[0.30009,45.35905],[0.29814,45.35844],[0.29492,45.35821],[0.29429,45.35988],[0.29329,45.36039],[0.29184,45.3632],[0.2911,45.36311],[0.28962,45.36433],[0.287,45.36587],[0.28656,45.36785],[0.28585,45.36901],[0.28406,45.37034],[0.28208,45.37118],[0.27772,45.36843],[0.27755,45.36645],[0.27406,45.36608],[0.27242,45.36418],[0.27275,45.36312],[0.27098,45.36259],[0.26931,45.36121],[0.26842,45.36107],[0.26746,45.35986],[0.26634,45.3595],[0.26291,45.35677],[0.26118,45.35633],[0.25969,45.35464],[0.2586,45.35479],[0.25683,45.35327],[0.25617,45.35424],[0.25418,45.35517],[0.25441,45.35646],[0.25359,45.35759],[0.25173,45.35899],[0.25008,45.36132],[0.24957,45.36358]]]}},{"type":"Feature","id":"fr-commune-24304","properties":{"id":"fr-commune-24304","name":"Nantheuil","kind":"commune","center":[0.9614,45.4237],"code":"24304","department":"24"},"bbox":[0.93362,45.39256,0.98935,45.45493],"geometry":{"type":"Polygon","coordinates":[[[0.98328,45.45009],[0.98286,45.44716],[0.98558,45.44643],[0.98775,45.44652],[0.98935,45.4459],[0.98872,45.44404],[0.98235,45.44018],[0.97943,45.43695],[0.97875,45.43573],[0.97898,45.43408],[0.97625,45.43319],[0.97319,45.43162],[0.96981,45.4322],[0.96865,45.43174],[0.96864,45.4306],[0.96988,45.4292],[0.96881,45.42762],[0.96857,45.42616],[0.97231,45.42593],[0.97672,45.42528],[0.97764,45.42382],[0.97562,45.4217],[0.97432,45.42085],[0.97411,45.41973],[0.9724,45.41759],[0.97179,45.41484],[0.97331,45.41355],[0.97435,45.4113],[0.97398,45.40993],[0.97248,45.40759],[0.97147,45.40499],[0.96825,45.40362],[0.96647,45.40138],[0.96538,45.40051],[0.96399,45.39822],[0.96225,45.39703],[0.96035,45.3962],[0.959,45.39614],[0.9556,45.39493],[0.95197,45.39256],[0.95,45.39466],[0.94809,45.39569],[0.94512,45.39841],[0.94338,45.40154],[0.94127,45.4022],[0.94031,45.40519],[0.94053,45.40595],[0.9391,45.40749],[0.93735,45.40752],[0.93462,45.40805],[0.9341,45.40911],[0.93598,45.41163],[0.93473,45.41247],[0.93423,45.41388],[0.93545,45.41472],[0.93578,45.41822],[0.93475,45.41911],[0.93586,45.42036],[0.93618,45.42308],[0.93579,45.42481],[0.93675,45.42664],[0.93684,45.42874],[0.93508,45.43084],[0.93723,45.43246],[0.93452,45.4359],[0.9351,45.43831],[0.93362,45.44034],[0.93527,45.44207],[0.93933,45.44368],[0.94142,45.44536],[0.94233,45.44678],[0.94198,45.44743],[0.94282,45.45109],[0.94877,45.45493],[0.94973,45.45261],[0.95061,45.45172],[0.95126,45.4493],[0.95286,45.44993],[0.95703,45.45045],[0.95847,45.44975],[0.96165,45.44928],[0.96266,45.44873],[0.96649,45.44827],[0.9703,45.44936],[0.97332,45.44929],[0.9752,45.44995],[0.97767,45.45036],[0.98023,45.44997],[0.98328,45.45009]]]}},{"type":"Feature","id":"fr-commune-24305","properties":{"id":"fr-commune-24305","name":"Nanthiat","kind":"commune","center":[0.9822,45.4101],"code":"24305","department":"24"},"bbox":[0.95104,45.3888,1.01331,45.43145],"geometry":{"type":"Polygon","coordinates":[[[0.97764,45.42382],[0.97967,45.4238],[0.98019,45.42508],[0.98282,45.42377],[0.98339,45.4248],[0.98169,45.42616],[0.98236,45.42722],[0.98125,45.4284],[0.98277,45.4298],[0.98448,45.43046],[0.9865,45.42967],[0.98807,45.4307],[0.98879,45.42953],[0.99125,45.43054],[0.99399,45.42954],[0.99559,45.42962],[0.99688,45.42899],[0.99784,45.431],[0.99935,45.43145],[1.00029,45.43092],[1.00154,45.42915],[1.00247,45.42899],[1.00352,45.43021],[1.00463,45.43042],[1.00513,45.42904],[1.0038,45.42792],[1.00522,45.42686],[1.00707,45.42449],[1.00493,45.42367],[1.0043,45.42274],[1.00283,45.42194],[0.99839,45.4164],[0.99701,45.41374],[0.99905,45.41271],[1.00156,45.41281],[1.00348,45.41173],[1.00477,45.41161],[1.00673,45.40957],[1.00928,45.40969],[1.0111,45.40768],[1.01238,45.40686],[1.01331,45.40531],[1.01123,45.40499],[1.0089,45.4042],[1.00662,45.40228],[1.0034,45.40144],[1.00231,45.39981],[1.00183,45.39696],[1.00071,45.39567],[0.9973,45.39502],[0.99682,45.39401],[0.99236,45.39109],[0.99103,45.39071],[0.98904,45.38951],[0.98794,45.38885],[0.98586,45.38991],[0.98496,45.39082],[0.98134,45.39189],[0.98032,45.3926],[0.97803,45.39231],[0.97682,45.39178],[0.97524,45.39187],[0.97373,45.39086],[0.97234,45.39087],[0.97099,45.39009],[0.96917,45.39014],[0.96656,45.38961],[0.96362,45.39083],[0.96189,45.39102],[0.95957,45.39063],[0.9582,45.39086],[0.95506,45.38987],[0.95268,45.3888],[0.95202,45.39002],[0.95223,45.39096],[0.95104,45.39187],[0.95197,45.39256],[0.9556,45.39493],[0.959,45.39614],[0.96035,45.3962],[0.96225,45.39703],[0.96399,45.39822],[0.96538,45.40051],[0.96647,45.40138],[0.96825,45.40362],[0.97147,45.40499],[0.97248,45.40759],[0.97398,45.40993],[0.97435,45.4113],[0.97331,45.41355],[0.97179,45.41484],[0.9724,45.41759],[0.97411,45.41973],[0.97432,45.42085],[0.97562,45.4217],[0.97764,45.42382]]]}},{"type":"Feature","id":"fr-commune-24306","properties":{"id":"fr-commune-24306","name":"Nastringues","kind":"commune","center":[0.1512,44.8719],"code":"24306","department":"24"},"bbox":[0.12811,44.86154,0.174,44.88226],"geometry":{"type":"Polygon","coordinates":[[[0.16622,44.86543],[0.16136,44.86563],[0.15908,44.86451],[0.15571,44.86354],[0.1519,44.86358],[0.1473,44.86314],[0.14616,44.86269],[0.14545,44.86154],[0.13902,44.86228],[0.13785,44.86305],[0.13215,44.86253],[0.13126,44.8647],[0.1291,44.86494],[0.12811,44.86841],[0.12834,44.8701],[0.129,44.87105],[0.13123,44.87195],[0.13004,44.87326],[0.12831,44.87655],[0.12912,44.87805],[0.12983,44.87766],[0.1315,44.879],[0.13463,44.87939],[0.13662,44.88017],[0.13838,44.87999],[0.14136,44.88104],[0.143,44.88199],[0.14568,44.88173],[0.14798,44.88226],[0.14979,44.88144],[0.15322,44.88132],[0.15384,44.88094],[0.15642,44.8808],[0.15937,44.88115],[0.16176,44.88072],[0.16369,44.87941],[0.16702,44.87938],[0.16843,44.87883],[0.17042,44.87922],[0.17267,44.87869],[0.1732,44.87722],[0.174,44.87329],[0.17276,44.87115],[0.17181,44.8702],[0.1701,44.86984],[0.17025,44.86853],[0.16854,44.86861],[0.16699,44.86566],[0.16622,44.86543]]]}},{"type":"Feature","id":"fr-commune-24307","properties":{"id":"fr-commune-24307","name":"Naussannes","kind":"commune","center":[0.7175,44.7474],"code":"24307","department":"24"},"bbox":[0.68712,44.72622,0.74861,44.76844],"geometry":{"type":"Polygon","coordinates":[[[0.72046,44.72946],[0.71784,44.7308],[0.71411,44.73333],[0.70971,44.73193],[0.70502,44.73222],[0.70311,44.73172],[0.70394,44.73299],[0.70284,44.73334],[0.70257,44.73562],[0.70164,44.73686],[0.70262,44.73786],[0.70226,44.73894],[0.70055,44.73977],[0.69962,44.74164],[0.69782,44.74274],[0.69746,44.74449],[0.69786,44.74594],[0.69753,44.74735],[0.69664,44.74812],[0.69524,44.75109],[0.69328,44.75152],[0.69059,44.75169],[0.69066,44.75382],[0.6901,44.75585],[0.68712,44.75963],[0.68718,44.76108],[0.68945,44.76292],[0.69262,44.76592],[0.69508,44.76739],[0.69769,44.76675],[0.70226,44.76781],[0.70423,44.76844],[0.70226,44.7667],[0.70824,44.76603],[0.70956,44.76639],[0.71076,44.7675],[0.7118,44.76719],[0.71429,44.76773],[0.71634,44.76726],[0.71871,44.76717],[0.72037,44.76756],[0.72616,44.76463],[0.73088,44.76427],[0.73814,44.76342],[0.73854,44.7631],[0.74346,44.76546],[0.74648,44.7656],[0.74861,44.76446],[0.74743,44.76166],[0.74559,44.75983],[0.7456,44.75586],[0.74647,44.75211],[0.74647,44.75098],[0.74559,44.7461],[0.74398,44.74502],[0.74169,44.74133],[0.74154,44.73982],[0.73853,44.73682],[0.7402,44.73613],[0.73669,44.73196],[0.73556,44.73233],[0.72973,44.72855],[0.72747,44.72622],[0.7243,44.72808],[0.72046,44.72946]]]}},{"type":"Feature","id":"fr-commune-24308","properties":{"id":"fr-commune-24308","name":"Négrondes","kind":"commune","center":[0.8769,45.3396],"code":"24308","department":"24"},"bbox":[0.82952,45.32177,0.92433,45.35744],"geometry":{"type":"Polygon","coordinates":[[[0.92211,45.34897],[0.92433,45.34422],[0.92365,45.34185],[0.92173,45.33995],[0.92114,45.3379],[0.92126,45.33573],[0.92069,45.33478],[0.91837,45.33434],[0.91667,45.3329],[0.91633,45.33186],[0.91275,45.32645],[0.90735,45.32773],[0.90146,45.3265],[0.89939,45.32758],[0.89733,45.32826],[0.8953,45.32787],[0.8935,45.32658],[0.89043,45.3278],[0.88841,45.32919],[0.88739,45.32795],[0.8857,45.32873],[0.88232,45.32631],[0.88302,45.32357],[0.88065,45.32182],[0.87952,45.32245],[0.87861,45.32177],[0.87521,45.3224],[0.87537,45.32371],[0.87372,45.32454],[0.87169,45.32499],[0.87161,45.32345],[0.86764,45.32428],[0.8631,45.32477],[0.86068,45.32296],[0.85912,45.32309],[0.85621,45.32423],[0.85459,45.32335],[0.85116,45.32388],[0.84934,45.32458],[0.84837,45.3267],[0.84732,45.32796],[0.84674,45.32998],[0.8457,45.33071],[0.84321,45.32918],[0.83982,45.32815],[0.83833,45.32723],[0.83774,45.32827],[0.83711,45.32915],[0.83618,45.33236],[0.8357,45.3329],[0.83158,45.33389],[0.82963,45.33544],[0.82952,45.33628],[0.83123,45.33784],[0.83155,45.33913],[0.83536,45.34003],[0.83575,45.3415],[0.83983,45.34247],[0.84186,45.34406],[0.842,45.34734],[0.84023,45.35075],[0.84042,45.35184],[0.84018,45.35471],[0.8431,45.35364],[0.84603,45.35415],[0.85026,45.35645],[0.85317,45.35604],[0.85779,45.35502],[0.86094,45.35461],[0.86151,45.35375],[0.86342,45.35244],[0.86594,45.35161],[0.86662,45.3524],[0.86922,45.35314],[0.87046,45.35388],[0.87357,45.35374],[0.8791,45.35322],[0.88551,45.35352],[0.88922,45.35452],[0.88907,45.35634],[0.89032,45.35682],[0.89343,45.35595],[0.89426,45.35637],[0.89879,45.35434],[0.90034,45.35569],[0.9014,45.35744],[0.9052,45.35674],[0.90678,45.35691],[0.90818,45.35648],[0.91023,45.35667],[0.91304,45.35626],[0.9157,45.35618],[0.92144,45.35305],[0.92204,45.35078],[0.92211,45.34897]]]}},{"type":"Feature","id":"fr-commune-24309","properties":{"id":"fr-commune-24309","name":"Neuvic","kind":"commune","center":[0.4728,45.0889],"code":"24309","department":"24"},"bbox":[0.42626,45.05524,0.51923,45.12263],"geometry":{"type":"Polygon","coordinates":[[[0.48348,45.06365],[0.481,45.06326],[0.47735,45.06212],[0.47404,45.06135],[0.4719,45.05982],[0.46943,45.05853],[0.46428,45.05779],[0.46097,45.05758],[0.45803,45.05803],[0.45343,45.05566],[0.45035,45.05524],[0.44897,45.05582],[0.44673,45.05818],[0.4457,45.05967],[0.44539,45.06157],[0.44434,45.06436],[0.44456,45.0672],[0.44355,45.06958],[0.4416,45.07163],[0.43969,45.07187],[0.43516,45.07423],[0.43255,45.07617],[0.43572,45.0774],[0.43736,45.07911],[0.43342,45.08261],[0.43239,45.08407],[0.43282,45.08592],[0.43273,45.08849],[0.43387,45.09014],[0.43672,45.09334],[0.43897,45.09547],[0.43635,45.09849],[0.43173,45.09915],[0.43053,45.10005],[0.42948,45.10167],[0.42721,45.10368],[0.42626,45.104],[0.42734,45.10574],[0.43094,45.10454],[0.43283,45.1042],[0.4336,45.10301],[0.43657,45.10063],[0.43839,45.10076],[0.4396,45.10027],[0.44267,45.10095],[0.44486,45.10184],[0.44515,45.10325],[0.44454,45.10621],[0.44541,45.10878],[0.44665,45.10927],[0.44637,45.11118],[0.44748,45.11249],[0.44744,45.11343],[0.44632,45.11563],[0.45303,45.11488],[0.45639,45.11499],[0.45744,45.11753],[0.45918,45.11957],[0.4599,45.12263],[0.464,45.1215],[0.4698,45.12068],[0.47235,45.11885],[0.47658,45.11778],[0.48084,45.1192],[0.4822,45.11893],[0.4818,45.11405],[0.48281,45.11203],[0.48019,45.10582],[0.47922,45.10234],[0.48277,45.10148],[0.48519,45.10152],[0.48769,45.10211],[0.48946,45.10299],[0.49133,45.10133],[0.49232,45.10097],[0.49693,45.1017],[0.49985,45.10133],[0.50146,45.10037],[0.50324,45.10075],[0.50348,45.09998],[0.50574,45.1002],[0.51169,45.09881],[0.51545,45.09759],[0.51648,45.09572],[0.51923,45.09352],[0.51915,45.09105],[0.51657,45.09145],[0.51624,45.08603],[0.51466,45.08604],[0.514,45.08675],[0.51247,45.08771],[0.51137,45.08776],[0.50798,45.08702],[0.50729,45.08575],[0.50503,45.0859],[0.5041,45.0854],[0.50121,45.08478],[0.49916,45.08629],[0.49856,45.08588],[0.49431,45.08585],[0.49335,45.08677],[0.49151,45.08706],[0.49077,45.08766],[0.48292,45.0875],[0.47967,45.08584],[0.4785,45.08585],[0.47818,45.08267],[0.47725,45.07939],[0.47825,45.07717],[0.47846,45.0759],[0.48065,45.07407],[0.4806,45.07161],[0.48138,45.06975],[0.48356,45.06872],[0.48436,45.06683],[0.48268,45.06565],[0.48348,45.06365]]]}},{"type":"Feature","id":"fr-commune-24311","properties":{"id":"fr-commune-24311","name":"Nontron","kind":"commune","center":[0.6823,45.5337],"code":"24311","department":"24"},"bbox":[0.6348,45.50035,0.73007,45.56699],"geometry":{"type":"Polygon","coordinates":[[[0.67061,45.56691],[0.67343,45.56699],[0.67514,45.5661],[0.67791,45.56606],[0.67776,45.5628],[0.67873,45.56085],[0.67818,45.55851],[0.67861,45.55634],[0.68071,45.55681],[0.68327,45.55522],[0.68631,45.55412],[0.68958,45.55401],[0.69023,45.55452],[0.68898,45.5529],[0.69136,45.54871],[0.69038,45.54599],[0.69175,45.54463],[0.69579,45.54452],[0.7023,45.53946],[0.70587,45.53843],[0.70983,45.53703],[0.71542,45.5326],[0.71993,45.53129],[0.72266,45.53087],[0.7225,45.52921],[0.72377,45.5249],[0.72653,45.52182],[0.72776,45.51941],[0.72768,45.51841],[0.7289,45.51657],[0.72935,45.51418],[0.73007,45.51253],[0.7276,45.51078],[0.72704,45.50971],[0.72416,45.50882],[0.7179,45.51079],[0.71604,45.50783],[0.71464,45.50647],[0.71273,45.50526],[0.70819,45.50294],[0.70614,45.50091],[0.70431,45.50035],[0.70299,45.50079],[0.70097,45.50293],[0.6996,45.50595],[0.69927,45.50753],[0.69849,45.50877],[0.69929,45.5093],[0.69828,45.51091],[0.697,45.51132],[0.69584,45.51003],[0.69364,45.50839],[0.69204,45.5062],[0.68896,45.50453],[0.68521,45.50497],[0.68377,45.50565],[0.6827,45.50493],[0.67951,45.50748],[0.67775,45.50918],[0.67511,45.50983],[0.67441,45.51059],[0.66933,45.50894],[0.66855,45.50784],[0.66629,45.50911],[0.66654,45.51127],[0.66484,45.51363],[0.66297,45.51499],[0.66113,45.51528],[0.65915,45.5163],[0.66115,45.51786],[0.66253,45.51834],[0.66248,45.5195],[0.66114,45.51979],[0.66119,45.52149],[0.65885,45.52407],[0.65586,45.52304],[0.65573,45.52485],[0.65456,45.52507],[0.65242,45.52639],[0.65179,45.52729],[0.64954,45.52824],[0.6511,45.52976],[0.64596,45.53053],[0.64476,45.53016],[0.64287,45.53212],[0.64042,45.5316],[0.63965,45.53277],[0.6385,45.53648],[0.63609,45.53527],[0.6348,45.53643],[0.63574,45.53747],[0.63838,45.53822],[0.64061,45.53927],[0.64338,45.54173],[0.64625,45.54369],[0.65298,45.54726],[0.65407,45.54805],[0.65558,45.54811],[0.66022,45.54977],[0.66218,45.55129],[0.66414,45.55221],[0.66702,45.55174],[0.67217,45.5551],[0.67244,45.5569],[0.67197,45.55771],[0.66924,45.55817],[0.66532,45.56061],[0.66089,45.56045],[0.66067,45.56127],[0.65647,45.56172],[0.65745,45.56236],[0.65937,45.56532],[0.66026,45.564],[0.66285,45.56247],[0.6655,45.56172],[0.66716,45.56269],[0.67061,45.56691]]]}},{"type":"Feature","id":"fr-commune-24312","properties":{"id":"fr-commune-24312","name":"Sanilhac","kind":"commune","center":[0.7435,45.1079],"code":"24312","department":"24"},"bbox":[0.67518,45.03747,0.81182,45.17823],"geometry":{"type":"Polygon","coordinates":[[[0.67801,45.14421],[0.6856,45.14443],[0.69109,45.14365],[0.69574,45.14251],[0.70068,45.14083],[0.70543,45.14181],[0.71027,45.14231],[0.71178,45.14294],[0.71604,45.14664],[0.71695,45.14845],[0.71688,45.15035],[0.71822,45.15185],[0.71665,45.15251],[0.71729,45.15615],[0.71443,45.16053],[0.71494,45.16173],[0.71403,45.16352],[0.71461,45.16553],[0.71601,45.1674],[0.71697,45.1695],[0.71993,45.17222],[0.72043,45.17387],[0.72357,45.17584],[0.72659,45.17823],[0.72878,45.17797],[0.73165,45.17717],[0.73342,45.17432],[0.73562,45.17146],[0.73719,45.16898],[0.7386,45.16604],[0.73535,45.16512],[0.7348,45.16325],[0.73102,45.15881],[0.72994,45.15795],[0.72668,45.15867],[0.72681,45.15652],[0.7251,45.15376],[0.72465,45.15169],[0.72573,45.15073],[0.72475,45.14849],[0.72717,45.14576],[0.72988,45.14095],[0.72867,45.13752],[0.73028,45.13645],[0.73279,45.13595],[0.73338,45.13543],[0.73739,45.13474],[0.73702,45.13081],[0.73536,45.12922],[0.7354,45.12857],[0.73783,45.1259],[0.73792,45.12514],[0.73962,45.12341],[0.7417,45.1197],[0.74575,45.11914],[0.75075,45.11724],[0.75352,45.11679],[0.75109,45.11506],[0.74882,45.11311],[0.7487,45.11183],[0.75041,45.11133],[0.75195,45.10975],[0.75488,45.10923],[0.76108,45.1084],[0.76256,45.10743],[0.76506,45.10702],[0.76878,45.10736],[0.77053,45.10821],[0.77162,45.1103],[0.77351,45.1106],[0.78112,45.11304],[0.78351,45.11555],[0.78892,45.12182],[0.7914,45.12114],[0.79369,45.11941],[0.79739,45.11862],[0.79842,45.11869],[0.80678,45.1164],[0.80907,45.11636],[0.80972,45.11119],[0.81182,45.10951],[0.81125,45.1091],[0.81022,45.10689],[0.81026,45.10536],[0.80962,45.10291],[0.80775,45.1008],[0.80863,45.09977],[0.80684,45.09506],[0.80632,45.09258],[0.80559,45.09176],[0.80669,45.09106],[0.80543,45.08998],[0.8031,45.08874],[0.80413,45.08791],[0.8087,45.08555],[0.80886,45.08372],[0.80761,45.0823],[0.80598,45.08258],[0.80339,45.08141],[0.79886,45.07822],[0.79817,45.07629],[0.80025,45.07389],[0.8,45.07304],[0.80235,45.0687],[0.80223,45.06796],[0.79658,45.06397],[0.79566,45.06275],[0.79564,45.06122],[0.793,45.05861],[0.79014,45.05875],[0.78828,45.0594],[0.78656,45.05914],[0.78422,45.06044],[0.78153,45.05983],[0.77866,45.06032],[0.77755,45.05728],[0.77784,45.05373],[0.77878,45.05069],[0.77644,45.04893],[0.7738,45.0479],[0.77135,45.04822],[0.77123,45.04704],[0.77235,45.04643],[0.77367,45.04498],[0.77276,45.04372],[0.7711,45.04242],[0.76808,45.04178],[0.76577,45.04027],[0.76437,45.03849],[0.76174,45.03747],[0.76182,45.03914],[0.75825,45.0407],[0.75535,45.04159],[0.75079,45.04238],[0.74763,45.04329],[0.74729,45.04467],[0.74648,45.04514],[0.7442,45.04477],[0.74154,45.04475],[0.73969,45.04593],[0.74131,45.04714],[0.74145,45.04803],[0.74003,45.04895],[0.73781,45.05099],[0.73301,45.05348],[0.73135,45.0539],[0.73128,45.05515],[0.7292,45.05645],[0.72637,45.05773],[0.72603,45.0594],[0.72712,45.06211],[0.73119,45.06375],[0.73292,45.06651],[0.73479,45.06758],[0.73447,45.07272],[0.73175,45.07599],[0.73503,45.0758],[0.73775,45.07598],[0.74093,45.07491],[0.74314,45.07445],[0.7446,45.07317],[0.74626,45.07321],[0.74897,45.07403],[0.75174,45.07452],[0.75265,45.07817],[0.75353,45.07994],[0.75206,45.08226],[0.7527,45.08327],[0.7514,45.08602],[0.74804,45.08855],[0.74747,45.08926],[0.74629,45.09227],[0.74602,45.09502],[0.74546,45.09627],[0.74287,45.09891],[0.74261,45.10091],[0.73496,45.1001],[0.73134,45.10078],[0.72805,45.10462],[0.72777,45.1066],[0.7258,45.11499],[0.72409,45.11452],[0.72352,45.11301],[0.72318,45.10793],[0.72237,45.10594],[0.72074,45.10429],[0.72018,45.10297],[0.71919,45.1022],[0.71969,45.10059],[0.71944,45.09901],[0.71751,45.09516],[0.71619,45.09397],[0.7159,45.09232],[0.71741,45.09083],[0.71843,45.08793],[0.71626,45.0884],[0.71348,45.088],[0.7105,45.08929],[0.70966,45.09078],[0.70691,45.09267],[0.70626,45.09346],[0.70418,45.09449],[0.70145,45.09624],[0.69858,45.09954],[0.69636,45.10104],[0.69478,45.10127],[0.6931,45.10404],[0.69192,45.10424],[0.6927,45.10757],[0.68954,45.10705],[0.68719,45.1071],[0.68637,45.10936],[0.68431,45.11031],[0.67846,45.10892],[0.67754,45.11273],[0.67628,45.11469],[0.67518,45.11414],[0.67565,45.11559],[0.67705,45.11805],[0.67645,45.12063],[0.677,45.12204],[0.67657,45.1236],[0.68226,45.12634],[0.68326,45.12698],[0.68437,45.12989],[0.68249,45.13027],[0.67999,45.13155],[0.67883,45.13274],[0.67867,45.13437],[0.67792,45.13564],[0.67871,45.1396],[0.67924,45.14093],[0.67893,45.14197],[0.67732,45.14253],[0.67801,45.14421]]]}},{"type":"Feature","id":"fr-commune-24313","properties":{"id":"fr-commune-24313","name":"Orliac","kind":"commune","center":[1.0613,44.7121],"code":"24313","department":"24"},"bbox":[1.03178,44.69006,1.09082,44.73422],"geometry":{"type":"Polygon","coordinates":[[[1.04663,44.7032],[1.04513,44.70499],[1.04183,44.70546],[1.04024,44.70597],[1.03413,44.7068],[1.03178,44.70627],[1.03351,44.70923],[1.03434,44.71154],[1.03278,44.7127],[1.03273,44.7136],[1.03392,44.71482],[1.03465,44.71667],[1.03566,44.71762],[1.03848,44.71915],[1.04296,44.72106],[1.0429,44.72305],[1.04349,44.72365],[1.04541,44.72829],[1.04513,44.72991],[1.04666,44.73289],[1.0478,44.73422],[1.0487,44.73338],[1.05501,44.73281],[1.05696,44.73135],[1.05826,44.72932],[1.06344,44.72598],[1.06599,44.7252],[1.07072,44.72521],[1.07267,44.72245],[1.07677,44.72048],[1.07935,44.7196],[1.08462,44.71974],[1.08664,44.71705],[1.08643,44.71514],[1.08739,44.71414],[1.08719,44.71251],[1.08923,44.70912],[1.08902,44.70793],[1.09076,44.70592],[1.09082,44.70504],[1.08721,44.70463],[1.0858,44.70409],[1.08383,44.70259],[1.08373,44.70163],[1.08261,44.70022],[1.08407,44.69857],[1.08391,44.69757],[1.08557,44.6964],[1.08782,44.69209],[1.09,44.69006],[1.0843,44.69149],[1.08319,44.69227],[1.0794,44.69371],[1.0766,44.69634],[1.07347,44.70051],[1.07187,44.70099],[1.06905,44.70248],[1.06784,44.7026],[1.06831,44.70417],[1.0634,44.70389],[1.05661,44.704],[1.05413,44.70374],[1.05025,44.70459],[1.05007,44.70419],[1.04663,44.7032]]]}},{"type":"Feature","id":"fr-commune-24316","properties":{"id":"fr-commune-24316","name":"Parcoul-Chenaud","kind":"commune","center":[0.0579,45.1981],"code":"24316","department":"24"},"bbox":[0.00157,45.16825,0.11416,45.22808],"geometry":{"type":"Polygon","coordinates":[[[0.00424,45.19167],[0.00589,45.19323],[0.00579,45.19536],[0.00635,45.19967],[0.00764,45.20192],[0.00882,45.20296],[0.01055,45.20296],[0.01358,45.20283],[0.01701,45.2036],[0.01977,45.20386],[0.02284,45.20453],[0.02868,45.20659],[0.03142,45.20781],[0.035,45.20895],[0.03646,45.21123],[0.03826,45.21603],[0.03999,45.21743],[0.04278,45.21849],[0.04838,45.22369],[0.04859,45.22433],[0.05061,45.22479],[0.05376,45.22718],[0.05568,45.2273],[0.05825,45.22605],[0.05817,45.22446],[0.06396,45.22187],[0.06554,45.22074],[0.06896,45.22093],[0.07222,45.22069],[0.07421,45.22088],[0.0775,45.22032],[0.07973,45.22073],[0.08191,45.22228],[0.08481,45.2231],[0.08675,45.22457],[0.08815,45.22515],[0.08931,45.22632],[0.09206,45.22771],[0.09569,45.22808],[0.09801,45.22769],[0.09909,45.22653],[0.1008,45.22599],[0.10399,45.22095],[0.10946,45.21867],[0.11416,45.21479],[0.11314,45.21403],[0.11156,45.21388],[0.10938,45.2112],[0.1093,45.20938],[0.10806,45.2068],[0.10721,45.20593],[0.10704,45.20461],[0.10626,45.2042],[0.10612,45.2014],[0.10373,45.20114],[0.10125,45.19998],[0.09746,45.19957],[0.09442,45.19999],[0.09151,45.19999],[0.09036,45.20455],[0.08912,45.20464],[0.08597,45.20419],[0.08123,45.2026],[0.0786,45.19954],[0.07339,45.19754],[0.07056,45.19608],[0.06806,45.19676],[0.06494,45.19634],[0.0638,45.19465],[0.06322,45.19153],[0.06132,45.19083],[0.05996,45.18961],[0.05572,45.18972],[0.05341,45.19004],[0.05267,45.1895],[0.05291,45.18717],[0.05225,45.18457],[0.05447,45.18036],[0.05579,45.17847],[0.05868,45.1785],[0.06107,45.17454],[0.06429,45.17315],[0.06555,45.17092],[0.06416,45.16954],[0.06165,45.16825],[0.06029,45.16829],[0.05828,45.1693],[0.05566,45.16925],[0.05453,45.17012],[0.05251,45.17004],[0.04954,45.17043],[0.04606,45.17194],[0.04395,45.17403],[0.0436,45.17568],[0.04124,45.176],[0.04016,45.17685],[0.03858,45.17691],[0.03747,45.1777],[0.03721,45.17884],[0.03308,45.17903],[0.03147,45.17783],[0.02934,45.1778],[0.02604,45.17912],[0.02284,45.17815],[0.02155,45.17992],[0.01721,45.18018],[0.01517,45.18117],[0.01475,45.18184],[0.01224,45.18178],[0.01127,45.18263],[0.00849,45.18268],[0.00669,45.1821],[0.00578,45.18319],[0.00301,45.18273],[0.00157,45.18349],[0.00236,45.18525],[0.00227,45.18709],[0.00287,45.18863],[0.00399,45.18976],[0.00424,45.19167]]]}},{"type":"Feature","id":"fr-commune-24317","properties":{"id":"fr-commune-24317","name":"Paulin","kind":"commune","center":[1.3314,44.9969],"code":"24317","department":"24"},"bbox":[1.29691,44.97942,1.36586,45.01431],"geometry":{"type":"Polygon","coordinates":[[[1.34491,44.98146],[1.34348,44.98121],[1.34111,44.9823],[1.34014,44.984],[1.33693,44.98465],[1.33571,44.98525],[1.3335,44.98539],[1.32649,44.98207],[1.32602,44.9815],[1.32104,44.98041],[1.31902,44.98073],[1.3162,44.98048],[1.3148,44.97942],[1.31255,44.9805],[1.31151,44.98174],[1.30985,44.9824],[1.30472,44.98249],[1.30413,44.98279],[1.3027,44.98535],[1.30275,44.98614],[1.30058,44.98765],[1.29983,44.98856],[1.29691,44.9905],[1.29996,44.99187],[1.30197,44.99239],[1.30554,44.9943],[1.30736,44.9949],[1.31033,44.99491],[1.3115,44.99572],[1.3123,44.99739],[1.31354,44.99839],[1.31464,44.99855],[1.31588,45.00023],[1.31742,45.00148],[1.32446,45.00105],[1.32395,45.00264],[1.32423,45.00344],[1.32823,45.00412],[1.32861,45.00742],[1.32932,45.0084],[1.33213,45.01027],[1.33524,45.01089],[1.33601,45.01143],[1.34104,45.01252],[1.34582,45.01431],[1.34792,45.01399],[1.3528,45.01254],[1.35437,45.01103],[1.35473,45.01006],[1.35694,45.00984],[1.35861,45.00754],[1.35996,45.00641],[1.36139,45.00597],[1.36447,45.00585],[1.36586,45.00535],[1.36063,45.00038],[1.35787,44.99931],[1.35932,44.99719],[1.35852,44.99568],[1.35886,44.99394],[1.35789,44.99124],[1.35799,44.99043],[1.35639,44.98796],[1.35638,44.98561],[1.35479,44.98329],[1.35264,44.98264],[1.351,44.98114],[1.34928,44.98116],[1.34659,44.98196],[1.34491,44.98146]]]}},{"type":"Feature","id":"fr-commune-24318","properties":{"id":"fr-commune-24318","name":"Paunat","kind":"commune","center":[0.8532,44.9029],"code":"24318","department":"24"},"bbox":[0.82398,44.87328,0.88237,44.93247],"geometry":{"type":"Polygon","coordinates":[[[0.87101,44.88196],[0.86863,44.88124],[0.86584,44.8795],[0.86453,44.8776],[0.86347,44.87535],[0.86307,44.87359],[0.86033,44.87374],[0.8583,44.87328],[0.85831,44.87539],[0.85609,44.87593],[0.85436,44.87799],[0.85069,44.87717],[0.84935,44.87717],[0.84612,44.87897],[0.84334,44.87981],[0.84254,44.87944],[0.83982,44.87924],[0.83975,44.88112],[0.84015,44.88297],[0.83924,44.88417],[0.83987,44.88671],[0.83852,44.88862],[0.83773,44.89323],[0.83665,44.89435],[0.83524,44.89455],[0.83243,44.89623],[0.83305,44.89736],[0.83225,44.89916],[0.83014,44.90139],[0.83035,44.90212],[0.82867,44.90424],[0.829,44.90905],[0.82972,44.91103],[0.82761,44.91298],[0.82586,44.91414],[0.82398,44.91741],[0.82578,44.91769],[0.83023,44.91877],[0.839,44.91935],[0.83949,44.92171],[0.8404,44.92276],[0.84233,44.92385],[0.8437,44.92608],[0.84341,44.92742],[0.84439,44.92774],[0.84678,44.92946],[0.84782,44.93073],[0.85028,44.93247],[0.85468,44.92735],[0.85549,44.92699],[0.85682,44.92809],[0.85963,44.92834],[0.86154,44.92798],[0.86458,44.92842],[0.8659,44.92668],[0.86796,44.92463],[0.87038,44.92028],[0.87324,44.91617],[0.87439,44.91511],[0.87508,44.91445],[0.87622,44.91203],[0.87702,44.90938],[0.87882,44.90643],[0.8802,44.90556],[0.88162,44.90305],[0.88237,44.8992],[0.88045,44.89612],[0.87873,44.8946],[0.87424,44.89239],[0.87506,44.8903],[0.87351,44.88875],[0.87337,44.88765],[0.87188,44.88631],[0.87074,44.88323],[0.87101,44.88196]]]}},{"type":"Feature","id":"fr-commune-24319","properties":{"id":"fr-commune-24319","name":"Paussac-et-Saint-Vivien","kind":"commune","center":[0.5427,45.3394],"code":"24319","department":"24"},"bbox":[0.5096,45.30263,0.57566,45.37622],"geometry":{"type":"Polygon","coordinates":[[[0.55718,45.327],[0.55377,45.32701],[0.5506,45.32678],[0.55051,45.32574],[0.54932,45.32398],[0.54899,45.3225],[0.54921,45.32084],[0.54161,45.32175],[0.54084,45.31853],[0.53926,45.31617],[0.53764,45.31636],[0.5348,45.31514],[0.53502,45.3134],[0.53395,45.31295],[0.534,45.31191],[0.53578,45.31044],[0.53682,45.31014],[0.53736,45.30894],[0.53739,45.30721],[0.53836,45.30643],[0.53809,45.3036],[0.53724,45.30263],[0.5372,45.30466],[0.53362,45.30402],[0.53133,45.30496],[0.53026,45.30656],[0.53105,45.30752],[0.53059,45.31303],[0.52814,45.31554],[0.52882,45.31709],[0.52794,45.31828],[0.52429,45.31954],[0.52014,45.32133],[0.51768,45.32289],[0.51605,45.32322],[0.51355,45.32458],[0.51041,45.32579],[0.51183,45.32685],[0.5133,45.32587],[0.51754,45.32588],[0.51896,45.32612],[0.52043,45.32832],[0.5219,45.33299],[0.51988,45.33337],[0.51855,45.33403],[0.51928,45.33824],[0.52316,45.34018],[0.52209,45.34204],[0.51997,45.34368],[0.51843,45.34333],[0.51258,45.34412],[0.51237,45.34729],[0.51292,45.34836],[0.51275,45.35085],[0.51347,45.35308],[0.51239,45.35595],[0.51094,45.35812],[0.5096,45.36098],[0.51145,45.36249],[0.51387,45.36339],[0.5153,45.36352],[0.51752,45.36712],[0.51931,45.36889],[0.52093,45.36944],[0.52371,45.36966],[0.52493,45.37162],[0.52475,45.37335],[0.52741,45.37609],[0.53554,45.37511],[0.53634,45.37604],[0.53797,45.37622],[0.54051,45.37451],[0.54913,45.37335],[0.55217,45.3721],[0.55281,45.36965],[0.55674,45.3703],[0.55804,45.36919],[0.55928,45.36881],[0.55958,45.36738],[0.55772,45.36622],[0.56035,45.36459],[0.56043,45.36137],[0.55988,45.36096],[0.56052,45.3587],[0.56228,45.35837],[0.56559,45.35836],[0.56836,45.35741],[0.57191,45.3574],[0.5724,45.35465],[0.57338,45.353],[0.57566,45.35133],[0.57492,45.34955],[0.57321,45.34898],[0.57246,45.34936],[0.57134,45.34773],[0.57174,45.34685],[0.57107,45.345],[0.57017,45.34456],[0.57055,45.3426],[0.56847,45.34025],[0.56866,45.33877],[0.56618,45.33784],[0.56515,45.338],[0.56259,45.3364],[0.56257,45.3352],[0.55814,45.33374],[0.5569,45.33306],[0.557,45.33113],[0.55599,45.3307],[0.55718,45.327]]]}},{"type":"Feature","id":"fr-commune-24320","properties":{"id":"fr-commune-24320","name":"Payzac","kind":"commune","center":[1.229,45.42],"code":"24320","department":"24"},"bbox":[1.16407,45.37663,1.29365,45.46317],"geometry":{"type":"Polygon","coordinates":[[[1.24717,45.37713],[1.24752,45.37786],[1.24715,45.37952],[1.24756,45.3807],[1.24664,45.38134],[1.24264,45.38188],[1.24008,45.38332],[1.23809,45.3823],[1.23682,45.38261],[1.23683,45.38378],[1.23802,45.38441],[1.24012,45.38482],[1.24033,45.38548],[1.23976,45.38799],[1.23745,45.39075],[1.23473,45.39252],[1.22973,45.3942],[1.22794,45.39545],[1.22665,45.3984],[1.22703,45.39963],[1.22228,45.39969],[1.21586,45.39903],[1.21349,45.39848],[1.20835,45.3995],[1.20679,45.39953],[1.20135,45.40028],[1.19827,45.40125],[1.1954,45.40158],[1.19039,45.40175],[1.1867,45.40127],[1.18279,45.40135],[1.17784,45.40173],[1.17685,45.40139],[1.17325,45.40245],[1.17058,45.403],[1.16826,45.40491],[1.16499,45.40614],[1.16407,45.40613],[1.1659,45.40724],[1.16886,45.40819],[1.1696,45.40961],[1.17084,45.41082],[1.17242,45.41148],[1.17254,45.41276],[1.17204,45.41432],[1.1707,45.41579],[1.17232,45.41795],[1.17304,45.42021],[1.17322,45.42235],[1.17769,45.4243],[1.1829,45.42694],[1.1836,45.42749],[1.18531,45.43007],[1.18653,45.43286],[1.18988,45.43486],[1.18787,45.43661],[1.1863,45.43729],[1.18373,45.43724],[1.18324,45.43818],[1.18064,45.43897],[1.17888,45.44203],[1.17881,45.44385],[1.17931,45.44652],[1.18111,45.45082],[1.18134,45.45176],[1.18292,45.45404],[1.18512,45.4551],[1.18659,45.45529],[1.1899,45.45702],[1.19294,45.45738],[1.19505,45.4584],[1.19875,45.459],[1.19953,45.4597],[1.20277,45.45924],[1.20346,45.46014],[1.20771,45.46317],[1.20984,45.46317],[1.21229,45.46227],[1.21669,45.46167],[1.21582,45.46041],[1.2227,45.4582],[1.22331,45.4592],[1.22797,45.45849],[1.23177,45.45676],[1.23317,45.45525],[1.23599,45.45497],[1.23556,45.44939],[1.23477,45.44917],[1.2333,45.4406],[1.23364,45.44016],[1.2389,45.43828],[1.243,45.43662],[1.24379,45.43728],[1.24424,45.43886],[1.24553,45.43922],[1.2477,45.44107],[1.25,45.44025],[1.25174,45.44344],[1.25323,45.44422],[1.25491,45.44506],[1.25879,45.44483],[1.26215,45.44395],[1.26544,45.4416],[1.26705,45.44109],[1.26863,45.44129],[1.26904,45.44005],[1.27137,45.43863],[1.27243,45.43728],[1.27456,45.4353],[1.27517,45.43401],[1.27725,45.43457],[1.279,45.43596],[1.2805,45.43616],[1.28395,45.43785],[1.2855,45.43702],[1.287,45.43683],[1.29167,45.43566],[1.2932,45.43449],[1.29365,45.43325],[1.28852,45.4312],[1.28757,45.43159],[1.28825,45.43376],[1.28596,45.43417],[1.28419,45.43388],[1.28252,45.43231],[1.2842,45.43157],[1.28278,45.43009],[1.28339,45.42893],[1.28507,45.42848],[1.28664,45.42862],[1.28816,45.42723],[1.28927,45.42351],[1.28931,45.41947],[1.29033,45.41817],[1.28941,45.41745],[1.28617,45.41549],[1.28277,45.41667],[1.28071,45.41581],[1.27898,45.41391],[1.27826,45.41243],[1.27643,45.41349],[1.27291,45.41733],[1.2717,45.41838],[1.26906,45.41677],[1.26482,45.41916],[1.26282,45.4196],[1.25958,45.4198],[1.25856,45.41952],[1.25846,45.41811],[1.25713,45.41641],[1.25889,45.41537],[1.25971,45.41417],[1.25865,45.41218],[1.25713,45.41185],[1.25813,45.40836],[1.25638,45.40739],[1.25688,45.40415],[1.25691,45.40212],[1.25786,45.40031],[1.25958,45.39855],[1.25959,45.39796],[1.26493,45.39668],[1.26687,45.39565],[1.26821,45.39587],[1.26884,45.39723],[1.27015,45.39615],[1.2719,45.39715],[1.27221,45.3986],[1.27332,45.40005],[1.27462,45.40348],[1.27862,45.40277],[1.2802,45.40149],[1.27874,45.39858],[1.27716,45.39796],[1.27733,45.39721],[1.27451,45.39395],[1.274,45.39301],[1.2731,45.3907],[1.27103,45.3887],[1.26973,45.38859],[1.2692,45.38742],[1.26752,45.38705],[1.26556,45.38451],[1.2616,45.38396],[1.26011,45.38256],[1.26042,45.38101],[1.26247,45.3798],[1.26089,45.37844],[1.25853,45.37791],[1.25504,45.37663],[1.25359,45.37822],[1.25258,45.37782],[1.2495,45.37776],[1.24717,45.37713]]]}},{"type":"Feature","id":"fr-commune-24321","properties":{"id":"fr-commune-24321","name":"Pazayac","kind":"commune","center":[1.375,45.1243],"code":"24321","department":"24"},"bbox":[1.34834,45.11253,1.4017,45.13613],"geometry":{"type":"Polygon","coordinates":[[[1.35037,45.12201],[1.34948,45.12479],[1.34834,45.12571],[1.34938,45.12646],[1.34972,45.12822],[1.35045,45.12945],[1.34975,45.13049],[1.34941,45.1322],[1.35065,45.13358],[1.35201,45.13414],[1.35481,45.13257],[1.35851,45.13232],[1.3619,45.13246],[1.36424,45.13215],[1.36668,45.1323],[1.37239,45.13363],[1.3751,45.13485],[1.37773,45.13565],[1.38334,45.13613],[1.3849,45.13592],[1.38874,45.1332],[1.39243,45.13214],[1.39832,45.12986],[1.4017,45.12856],[1.4014,45.12773],[1.39889,45.12691],[1.39639,45.12654],[1.39504,45.12345],[1.3931,45.12248],[1.39355,45.11951],[1.39138,45.11686],[1.39023,45.1146],[1.38559,45.11445],[1.38459,45.11357],[1.38155,45.11321],[1.37834,45.11368],[1.37742,45.11253],[1.37416,45.11414],[1.37086,45.11456],[1.37035,45.11363],[1.366,45.11346],[1.36346,45.11357],[1.36277,45.11487],[1.36359,45.1169],[1.36355,45.11913],[1.36222,45.11936],[1.3614,45.12053],[1.36229,45.12251],[1.35665,45.12147],[1.3531,45.12221],[1.35037,45.12201]]]}},{"type":"Feature","id":"fr-commune-24322","properties":{"id":"fr-commune-24322","name":"Périgueux","kind":"commune","center":[0.7105,45.1939],"code":"24322","department":"24"},"bbox":[0.67353,45.17387,0.74713,45.21385],"geometry":{"type":"Polygon","coordinates":[[[0.68869,45.2102],[0.69069,45.21065],[0.69162,45.21385],[0.69735,45.2108],[0.69758,45.20973],[0.6966,45.20599],[0.69998,45.20455],[0.70358,45.20367],[0.70468,45.20595],[0.70879,45.2079],[0.71359,45.20766],[0.71275,45.20691],[0.71536,45.20586],[0.71463,45.20371],[0.7169,45.20037],[0.71638,45.19842],[0.7184,45.19756],[0.71927,45.19827],[0.72049,45.19766],[0.72406,45.19704],[0.72685,45.19863],[0.73075,45.1992],[0.73344,45.19934],[0.73522,45.19897],[0.73652,45.19917],[0.73798,45.19676],[0.73563,45.19614],[0.73132,45.19463],[0.73374,45.1918],[0.72718,45.19026],[0.72751,45.18859],[0.72982,45.18844],[0.73076,45.18901],[0.73199,45.18837],[0.73476,45.18849],[0.73818,45.18771],[0.73972,45.18763],[0.73963,45.18363],[0.74448,45.18296],[0.74627,45.18172],[0.74713,45.18038],[0.74289,45.17907],[0.74111,45.17883],[0.73795,45.1789],[0.73581,45.1786],[0.73165,45.17717],[0.72878,45.17797],[0.72659,45.17823],[0.72357,45.17584],[0.72043,45.17387],[0.72007,45.17473],[0.71699,45.17443],[0.71272,45.17492],[0.70889,45.1765],[0.706,45.17858],[0.70364,45.18082],[0.70096,45.18424],[0.6997,45.18693],[0.69908,45.18917],[0.69713,45.19425],[0.69521,45.19795],[0.69219,45.20092],[0.68943,45.20162],[0.68697,45.20128],[0.6862,45.20076],[0.68581,45.19912],[0.68402,45.19697],[0.68033,45.19332],[0.67843,45.19215],[0.67663,45.19035],[0.67555,45.18989],[0.67583,45.1939],[0.67504,45.19897],[0.67353,45.20013],[0.67733,45.20043],[0.68231,45.20059],[0.68402,45.20099],[0.68493,45.20282],[0.68513,45.20444],[0.68686,45.20617],[0.68514,45.20616],[0.68548,45.2083],[0.68637,45.20893],[0.68738,45.21057],[0.68869,45.2102]]]}},{"type":"Feature","id":"fr-commune-24323","properties":{"id":"fr-commune-24323","name":"Petit-Bersac","kind":"commune","center":[0.2263,45.2664],"code":"24323","department":"24"},"bbox":[0.20437,45.24046,0.24829,45.29284],"geometry":{"type":"Polygon","coordinates":[[[0.24121,45.27359],[0.24033,45.2732],[0.23871,45.26971],[0.23834,45.26806],[0.23648,45.26426],[0.2368,45.26252],[0.23769,45.26134],[0.23755,45.25562],[0.23959,45.25181],[0.23881,45.2492],[0.23801,45.24804],[0.23801,45.24625],[0.23883,45.24595],[0.23872,45.2437],[0.23548,45.24244],[0.23513,45.24172],[0.23749,45.24084],[0.23621,45.24046],[0.23263,45.24047],[0.23096,45.24076],[0.23197,45.24301],[0.23334,45.24448],[0.23223,45.24516],[0.22878,45.24582],[0.22736,45.24695],[0.22161,45.24835],[0.222,45.24915],[0.22188,45.25187],[0.21812,45.25495],[0.21387,45.25909],[0.21227,45.25914],[0.21123,45.25976],[0.20845,45.26033],[0.20777,45.26154],[0.20512,45.26204],[0.20437,45.2636],[0.20537,45.26504],[0.20777,45.26687],[0.2107,45.27088],[0.21019,45.27255],[0.21043,45.27421],[0.21114,45.27528],[0.21203,45.27876],[0.21412,45.28038],[0.21422,45.2815],[0.21324,45.28343],[0.21392,45.2843],[0.21667,45.28496],[0.21743,45.28558],[0.22003,45.28533],[0.22084,45.28562],[0.21975,45.28736],[0.21991,45.29001],[0.221,45.29047],[0.22303,45.29076],[0.22403,45.28946],[0.22611,45.28985],[0.22583,45.29061],[0.22951,45.29187],[0.23659,45.29284],[0.238,45.29256],[0.24075,45.29139],[0.24377,45.29115],[0.24481,45.29197],[0.24623,45.29125],[0.24662,45.29021],[0.24645,45.28863],[0.24829,45.28722],[0.24789,45.28536],[0.24429,45.28327],[0.24612,45.28179],[0.24397,45.27842],[0.2434,45.27696],[0.24133,45.27491],[0.24121,45.27359]]]}},{"type":"Feature","id":"fr-commune-24324","properties":{"id":"fr-commune-24324","name":"Peyrignac","kind":"commune","center":[1.1934,45.1611],"code":"24324","department":"24"},"bbox":[1.17395,45.14164,1.21314,45.1806],"geometry":{"type":"Polygon","coordinates":[[[1.21003,45.1804],[1.21158,45.17806],[1.21314,45.17686],[1.21216,45.17479],[1.21081,45.17327],[1.21086,45.17158],[1.20999,45.16973],[1.20758,45.16957],[1.20885,45.16864],[1.21118,45.16542],[1.21103,45.16461],[1.20899,45.1646],[1.20652,45.16419],[1.20754,45.16251],[1.20957,45.1616],[1.21193,45.16122],[1.21289,45.15934],[1.2115,45.15728],[1.21219,45.15477],[1.21148,45.1539],[1.20929,45.15305],[1.20677,45.15057],[1.20405,45.14898],[1.20281,45.14887],[1.198,45.14454],[1.19641,45.14349],[1.1946,45.14164],[1.1928,45.14252],[1.17978,45.14735],[1.18156,45.15162],[1.18284,45.15252],[1.18185,45.15318],[1.18061,45.15506],[1.17807,45.1565],[1.17861,45.15737],[1.17581,45.15784],[1.17415,45.15769],[1.17395,45.15929],[1.17527,45.15994],[1.17529,45.16084],[1.17701,45.16258],[1.17676,45.16321],[1.17946,45.16369],[1.18149,45.16464],[1.18399,45.16707],[1.18558,45.16779],[1.18711,45.16722],[1.18936,45.16773],[1.19306,45.16763],[1.19776,45.1678],[1.19966,45.16824],[1.20181,45.17055],[1.20535,45.17306],[1.20535,45.17536],[1.20596,45.17796],[1.20685,45.17887],[1.20641,45.17993],[1.20821,45.1806],[1.21003,45.1804]]]}},{"type":"Feature","id":"fr-commune-24325","properties":{"id":"fr-commune-24325","name":"Pechs-de-l'Espérance","kind":"commune","center":[1.4006,44.9],"code":"24325","department":"24"},"bbox":[1.35854,44.87073,1.44262,44.92936],"geometry":{"type":"Polygon","coordinates":[[[1.41156,44.87277],[1.41053,44.87339],[1.40432,44.87832],[1.39818,44.88194],[1.39495,44.88304],[1.39352,44.88296],[1.39488,44.88441],[1.39548,44.88781],[1.39475,44.88915],[1.39391,44.89259],[1.39427,44.89421],[1.39386,44.89561],[1.38967,44.89673],[1.38827,44.89781],[1.38643,44.89821],[1.38458,44.89546],[1.38153,44.89301],[1.37885,44.89404],[1.37624,44.89557],[1.37483,44.89739],[1.37313,44.89558],[1.37137,44.89539],[1.36838,44.89629],[1.36513,44.89896],[1.36454,44.90017],[1.363,44.90111],[1.36144,44.90375],[1.3599,44.90481],[1.35854,44.90673],[1.35928,44.90728],[1.35926,44.90854],[1.36105,44.91029],[1.36139,44.91138],[1.36002,44.91265],[1.36093,44.91389],[1.3599,44.91667],[1.35974,44.91834],[1.35978,44.92006],[1.36042,44.92164],[1.36538,44.9215],[1.36685,44.92088],[1.36831,44.92117],[1.37205,44.9205],[1.37287,44.92085],[1.37381,44.92284],[1.37363,44.92481],[1.37436,44.92644],[1.3765,44.92936],[1.38048,44.92759],[1.38169,44.92676],[1.3828,44.92525],[1.38393,44.92463],[1.38444,44.92338],[1.38712,44.92247],[1.38893,44.92144],[1.39138,44.92139],[1.39316,44.92213],[1.39692,44.92181],[1.3996,44.9202],[1.40082,44.91872],[1.40283,44.91817],[1.40382,44.91544],[1.407,44.91138],[1.40803,44.91094],[1.40965,44.90929],[1.41075,44.90888],[1.41334,44.90869],[1.41628,44.90927],[1.41801,44.9073],[1.41902,44.90728],[1.42141,44.90633],[1.41968,44.90404],[1.41952,44.90233],[1.41788,44.90062],[1.41832,44.89984],[1.42027,44.89864],[1.42068,44.89716],[1.42188,44.89604],[1.42356,44.89515],[1.42523,44.89511],[1.42806,44.89264],[1.43143,44.89082],[1.4357,44.88953],[1.43756,44.89019],[1.4397,44.88896],[1.43989,44.88674],[1.44185,44.88334],[1.44262,44.88075],[1.44206,44.87837],[1.44074,44.87607],[1.43921,44.87457],[1.43523,44.87274],[1.4316,44.87174],[1.42846,44.8714],[1.42812,44.87184],[1.42432,44.87235],[1.42189,44.87189],[1.41913,44.87073],[1.4124,44.87228],[1.41156,44.87277]]]}},{"type":"Feature","id":"fr-commune-24326","properties":{"id":"fr-commune-24326","name":"Peyzac-le-Moustier","kind":"commune","center":[1.0795,44.983],"code":"24326","department":"24"},"bbox":[1.05306,44.96049,1.106,45.0055],"geometry":{"type":"Polygon","coordinates":[[[1.05546,45.00392],[1.05488,45.00534],[1.05629,45.0055],[1.05645,45.00217],[1.05699,44.99958],[1.05809,44.9987],[1.05873,44.99664],[1.05899,44.99437],[1.06232,44.99479],[1.06568,44.994],[1.0673,44.99218],[1.0668,44.99068],[1.0682,44.98977],[1.07038,44.98956],[1.07213,44.99039],[1.07381,44.99342],[1.07494,44.9975],[1.07536,45.00072],[1.07586,45.00192],[1.07758,45.00167],[1.07899,45.00434],[1.08205,45.00327],[1.08295,45.00129],[1.08438,44.99982],[1.08712,44.99829],[1.08893,44.99685],[1.0882,44.99204],[1.08745,44.9914],[1.08829,44.99018],[1.09014,44.98873],[1.09306,44.98838],[1.09466,44.98857],[1.098,44.98796],[1.10269,44.98517],[1.1031,44.98338],[1.10281,44.98158],[1.10339,44.98021],[1.106,44.97894],[1.10536,44.97717],[1.10317,44.97611],[1.10224,44.97515],[1.10135,44.97236],[1.09961,44.97081],[1.09794,44.9708],[1.09675,44.97016],[1.09524,44.96839],[1.09432,44.96607],[1.09339,44.96533],[1.09246,44.96316],[1.0913,44.96237],[1.08831,44.96139],[1.08782,44.96049],[1.08385,44.96167],[1.08315,44.96255],[1.08024,44.96322],[1.07987,44.96436],[1.07486,44.96635],[1.07456,44.96827],[1.07618,44.96894],[1.07557,44.97029],[1.07683,44.97051],[1.07479,44.97207],[1.07352,44.9716],[1.07259,44.97282],[1.06913,44.97318],[1.067,44.97416],[1.06371,44.9773],[1.06143,44.97971],[1.05827,44.98246],[1.05418,44.98375],[1.05415,44.98474],[1.05309,44.98671],[1.05306,44.98822],[1.05395,44.98957],[1.05589,44.99098],[1.05641,44.99372],[1.0562,44.99578],[1.05658,44.99905],[1.05544,45.00289],[1.05546,45.00392]]]}},{"type":"Feature","id":"fr-commune-24327","properties":{"id":"fr-commune-24327","name":"Pezuls","kind":"commune","center":[0.8052,44.9118],"code":"24327","department":"24"},"bbox":[0.7773,44.89464,0.83305,44.929],"geometry":{"type":"Polygon","coordinates":[[[0.78091,44.91107],[0.77945,44.91317],[0.7773,44.9152],[0.7845,44.91679],[0.78808,44.91485],[0.78906,44.91409],[0.7925,44.91533],[0.79545,44.91546],[0.79892,44.91604],[0.79953,44.91668],[0.79727,44.91877],[0.79362,44.91962],[0.79131,44.92124],[0.78972,44.92152],[0.78759,44.92274],[0.78882,44.92371],[0.79083,44.92546],[0.79596,44.929],[0.79787,44.92789],[0.79929,44.92756],[0.80074,44.92645],[0.80732,44.92516],[0.80695,44.92368],[0.80759,44.92323],[0.81143,44.92209],[0.81257,44.92105],[0.81521,44.92049],[0.81896,44.92037],[0.82441,44.91806],[0.82578,44.91769],[0.82398,44.91741],[0.82586,44.91414],[0.82761,44.91298],[0.82972,44.91103],[0.829,44.90905],[0.82867,44.90424],[0.83035,44.90212],[0.83014,44.90139],[0.83225,44.89916],[0.83305,44.89736],[0.83243,44.89623],[0.83157,44.89571],[0.82981,44.89765],[0.82691,44.89874],[0.82484,44.89672],[0.82136,44.89581],[0.8197,44.89604],[0.81711,44.89531],[0.81501,44.89668],[0.81429,44.89762],[0.81053,44.89706],[0.80865,44.89807],[0.80613,44.89705],[0.80524,44.89764],[0.80167,44.89812],[0.79866,44.89986],[0.79555,44.89745],[0.79398,44.89597],[0.79431,44.89552],[0.79373,44.89464],[0.78775,44.89575],[0.78658,44.89644],[0.78268,44.89591],[0.78183,44.89773],[0.7816,44.89929],[0.78041,44.90157],[0.77915,44.90288],[0.77917,44.90392],[0.78005,44.90652],[0.78085,44.90752],[0.78091,44.91107]]]}},{"type":"Feature","id":"fr-commune-24328","properties":{"id":"fr-commune-24328","name":"Piégut-Pluviers","kind":"commune","center":[0.7026,45.6333],"code":"24328","department":"24"},"bbox":[0.66482,45.60754,0.74031,45.65957],"geometry":{"type":"Polygon","coordinates":[[[0.66482,45.64254],[0.66743,45.64416],[0.66927,45.64583],[0.66975,45.64721],[0.67349,45.65062],[0.67638,45.6525],[0.67699,45.65425],[0.67884,45.65624],[0.68038,45.65876],[0.68179,45.65957],[0.68313,45.65859],[0.68682,45.65693],[0.68829,45.65529],[0.69256,45.65191],[0.696,45.65182],[0.69813,45.6527],[0.70269,45.65189],[0.70299,45.65143],[0.70848,45.6507],[0.7104,45.65151],[0.71208,45.65324],[0.71322,45.65275],[0.71413,45.65159],[0.71375,45.64996],[0.7146,45.64959],[0.71583,45.64704],[0.71709,45.6465],[0.71747,45.64496],[0.71878,45.64471],[0.72425,45.64344],[0.7252,45.64291],[0.72629,45.64378],[0.72779,45.64412],[0.7295,45.64342],[0.72922,45.64209],[0.72767,45.64025],[0.72707,45.64034],[0.7229,45.63685],[0.72362,45.63614],[0.72427,45.63275],[0.72341,45.63056],[0.72069,45.62701],[0.72055,45.62423],[0.72133,45.62212],[0.72255,45.6206],[0.72713,45.61782],[0.72854,45.61813],[0.7329,45.6181],[0.73959,45.61884],[0.7393,45.61756],[0.73962,45.61559],[0.74031,45.61396],[0.74011,45.61186],[0.73839,45.61132],[0.73678,45.60961],[0.73673,45.60833],[0.73581,45.60754],[0.73425,45.60948],[0.73146,45.60892],[0.73053,45.60776],[0.72839,45.60891],[0.72649,45.61053],[0.7237,45.61159],[0.72048,45.61177],[0.71511,45.61144],[0.71359,45.61081],[0.71128,45.61047],[0.70935,45.61085],[0.70749,45.61195],[0.70441,45.61235],[0.70272,45.61174],[0.69926,45.61206],[0.69721,45.6114],[0.69612,45.61193],[0.69484,45.61072],[0.69242,45.60954],[0.69157,45.61016],[0.68712,45.6088],[0.68418,45.60852],[0.68294,45.60978],[0.68511,45.61063],[0.68545,45.61309],[0.68298,45.617],[0.67805,45.61925],[0.67805,45.62147],[0.67869,45.62303],[0.67808,45.62409],[0.67902,45.62623],[0.67676,45.62766],[0.67552,45.62927],[0.67553,45.63051],[0.67402,45.63062],[0.67412,45.63182],[0.67033,45.63206],[0.66963,45.63344],[0.67029,45.63534],[0.66886,45.63753],[0.66857,45.63892],[0.6666,45.64134],[0.66482,45.64254]]]}},{"type":"Feature","id":"fr-commune-24329","properties":{"id":"fr-commune-24329","name":"Le Pizou","kind":"commune","center":[0.073,45.041],"code":"24329","department":"24"},"bbox":[0.04053,45.01198,0.10555,45.07012],"geometry":{"type":"Polygon","coordinates":[[[0.08636,45.02642],[0.08423,45.02634],[0.08232,45.02426],[0.07974,45.02282],[0.07882,45.02156],[0.07893,45.01965],[0.07839,45.01754],[0.07905,45.01523],[0.07702,45.01451],[0.0759,45.01458],[0.07374,45.01594],[0.07158,45.01588],[0.06692,45.01721],[0.06494,45.01669],[0.0618,45.01492],[0.059,45.0138],[0.05603,45.01198],[0.05393,45.01215],[0.0525,45.01344],[0.04871,45.01439],[0.0447,45.01612],[0.04121,45.0186],[0.04053,45.01958],[0.04125,45.02098],[0.04077,45.02191],[0.04229,45.02522],[0.04233,45.02819],[0.04412,45.03436],[0.04431,45.03575],[0.05129,45.03748],[0.0512,45.03814],[0.05409,45.03907],[0.05693,45.04383],[0.05794,45.04524],[0.05779,45.04682],[0.057,45.04939],[0.06258,45.05077],[0.06259,45.05421],[0.06513,45.05957],[0.06915,45.06464],[0.07149,45.06708],[0.07329,45.07012],[0.07582,45.06711],[0.07662,45.06706],[0.07712,45.0641],[0.07878,45.06274],[0.08051,45.06012],[0.08164,45.05734],[0.08122,45.05565],[0.08474,45.05519],[0.08941,45.05526],[0.09125,45.055],[0.09511,45.05535],[0.09534,45.05433],[0.09468,45.05333],[0.09493,45.05171],[0.09636,45.05125],[0.09586,45.04946],[0.10071,45.04834],[0.10155,45.0433],[0.10296,45.04124],[0.10375,45.0393],[0.1054,45.03762],[0.10555,45.03686],[0.10381,45.03609],[0.10275,45.03472],[0.10196,45.03242],[0.10099,45.03221],[0.09827,45.02915],[0.09644,45.02818],[0.09627,45.02704],[0.09751,45.02517],[0.09586,45.0248],[0.09557,45.02567],[0.09338,45.02722],[0.09255,45.02832],[0.08843,45.02859],[0.08636,45.02642]]]}},{"type":"Feature","id":"fr-commune-24330","properties":{"id":"fr-commune-24330","name":"Plazac","kind":"commune","center":[1.0383,45.0483],"code":"24330","department":"24"},"bbox":[0.99666,45.00953,1.07994,45.08703],"geometry":{"type":"Polygon","coordinates":[[[1.06514,45.05516],[1.06438,45.05345],[1.06469,45.04852],[1.06652,45.04548],[1.06725,45.0435],[1.06707,45.04247],[1.06784,45.03931],[1.0676,45.03716],[1.06904,45.03371],[1.07443,45.03134],[1.07603,45.03031],[1.07994,45.02634],[1.07945,45.02602],[1.07835,45.02323],[1.07556,45.02095],[1.07212,45.01871],[1.07111,45.01781],[1.07031,45.01627],[1.06839,45.0152],[1.06648,45.0147],[1.06422,45.01575],[1.06256,45.01559],[1.06083,45.01428],[1.05514,45.01352],[1.05393,45.016],[1.05336,45.01795],[1.04901,45.0164],[1.04692,45.01544],[1.04287,45.01645],[1.03821,45.01644],[1.03484,45.01577],[1.03319,45.0158],[1.03211,45.01529],[1.02802,45.01503],[1.02547,45.01295],[1.02429,45.01239],[1.02162,45.01024],[1.01726,45.00953],[1.01603,45.01004],[1.01455,45.01274],[1.01347,45.01371],[1.00925,45.01533],[1.0082,45.01549],[1.0055,45.01734],[1.00351,45.01924],[1.00279,45.02115],[1.00052,45.02324],[0.99779,45.02499],[0.99666,45.02681],[0.99798,45.03488],[0.99736,45.03551],[1.00095,45.03811],[1.00041,45.04098],[1.00083,45.04357],[1.00034,45.04544],[1.00079,45.04717],[1.00261,45.04822],[1.00208,45.05147],[1.00486,45.05195],[1.00667,45.05266],[1.00741,45.05376],[1.00994,45.05449],[1.01397,45.05623],[1.01607,45.05676],[1.0199,45.05651],[1.02173,45.05731],[1.02126,45.05869],[1.02151,45.06056],[1.02225,45.06183],[1.02036,45.06526],[1.02022,45.06861],[1.02085,45.06982],[1.02335,45.07215],[1.0234,45.07306],[1.02461,45.07376],[1.02997,45.07293],[1.03267,45.07281],[1.03406,45.07481],[1.03465,45.07922],[1.03663,45.08153],[1.03701,45.08314],[1.03841,45.08307],[1.04404,45.08412],[1.05156,45.08703],[1.05311,45.0861],[1.05516,45.08568],[1.058,45.08588],[1.05934,45.08527],[1.05976,45.08422],[1.06306,45.08075],[1.06349,45.0795],[1.06472,45.07743],[1.06467,45.0724],[1.06423,45.07045],[1.0658,45.06177],[1.06678,45.06063],[1.06612,45.05765],[1.06514,45.05516]]]}},{"type":"Feature","id":"fr-commune-24331","properties":{"id":"fr-commune-24331","name":"Pomport","kind":"commune","center":[0.4115,44.7948],"code":"24331","department":"24"},"bbox":[0.36991,44.76968,0.45306,44.82007],"geometry":{"type":"Polygon","coordinates":[[[0.39679,44.77649],[0.3971,44.77688],[0.3943,44.77814],[0.39322,44.77935],[0.39089,44.7799],[0.3909,44.78152],[0.38819,44.78296],[0.38805,44.78411],[0.38572,44.78443],[0.38305,44.78712],[0.38078,44.78681],[0.3798,44.78802],[0.38008,44.78971],[0.3778,44.79104],[0.37704,44.79187],[0.37265,44.79322],[0.37172,44.79383],[0.36991,44.79392],[0.37125,44.79539],[0.3742,44.79553],[0.37764,44.79771],[0.38274,44.80192],[0.38964,44.80491],[0.39128,44.81016],[0.3941,44.81216],[0.39468,44.81314],[0.39712,44.81478],[0.40122,44.81377],[0.40276,44.81414],[0.40384,44.81283],[0.408,44.81204],[0.41181,44.81282],[0.41151,44.8135],[0.41483,44.81417],[0.41575,44.81466],[0.41901,44.81501],[0.42019,44.81562],[0.422,44.81553],[0.4221,44.81461],[0.42612,44.81481],[0.43102,44.8148],[0.43375,44.81545],[0.4359,44.81532],[0.43825,44.81686],[0.43899,44.8177],[0.44205,44.82007],[0.44146,44.81624],[0.4419,44.81354],[0.44172,44.81122],[0.44082,44.80742],[0.44196,44.80581],[0.44504,44.80491],[0.44758,44.80544],[0.44889,44.8048],[0.45267,44.80181],[0.45158,44.80054],[0.45034,44.80034],[0.45285,44.79815],[0.45306,44.79599],[0.44967,44.79633],[0.44749,44.795],[0.4437,44.79467],[0.44207,44.79499],[0.44098,44.79252],[0.43979,44.79143],[0.43964,44.7893],[0.43899,44.7886],[0.4336,44.78684],[0.43283,44.78582],[0.43032,44.78139],[0.42671,44.77908],[0.4263,44.77777],[0.4252,44.77711],[0.42523,44.77597],[0.42418,44.77414],[0.42437,44.77171],[0.42558,44.77056],[0.42554,44.76968],[0.4216,44.76968],[0.41865,44.77099],[0.41619,44.77109],[0.415,44.77066],[0.41185,44.77083],[0.40891,44.77153],[0.40784,44.77353],[0.40526,44.7742],[0.40347,44.77404],[0.40171,44.77467],[0.40067,44.77441],[0.39879,44.77496],[0.3978,44.77623],[0.39679,44.77649]]]}},{"type":"Feature","id":"fr-commune-24334","properties":{"id":"fr-commune-24334","name":"Pontours","kind":"commune","center":[0.7724,44.8264],"code":"24334","department":"24"},"bbox":[0.74608,44.81184,0.79879,44.84095],"geometry":{"type":"Polygon","coordinates":[[[0.75114,44.81664],[0.74768,44.81779],[0.74608,44.81912],[0.74716,44.82147],[0.74697,44.82245],[0.74776,44.82324],[0.74959,44.82717],[0.75613,44.82866],[0.75787,44.82983],[0.75878,44.83095],[0.75679,44.8324],[0.75598,44.83405],[0.75235,44.83513],[0.75099,44.83671],[0.75554,44.8376],[0.7609,44.83815],[0.76457,44.83795],[0.76874,44.83837],[0.77783,44.84095],[0.77924,44.83862],[0.7809,44.8372],[0.7818,44.83527],[0.78352,44.83289],[0.78665,44.83062],[0.79343,44.82704],[0.79484,44.82434],[0.79676,44.82502],[0.7985,44.82498],[0.79879,44.82213],[0.79693,44.81776],[0.79711,44.81633],[0.796,44.81313],[0.79532,44.81274],[0.79053,44.81184],[0.78888,44.81218],[0.7888,44.81288],[0.78683,44.81423],[0.78982,44.82092],[0.78785,44.82121],[0.78618,44.82231],[0.78306,44.82248],[0.78171,44.82353],[0.78048,44.82624],[0.7787,44.82712],[0.77483,44.82342],[0.77322,44.82391],[0.76416,44.82289],[0.76568,44.82028],[0.76819,44.81857],[0.76674,44.81728],[0.75979,44.81592],[0.75664,44.81377],[0.75314,44.81494],[0.75114,44.81664]]]}},{"type":"Feature","id":"fr-commune-24335","properties":{"id":"fr-commune-24335","name":"Port-Sainte-Foy-et-Ponchapt","kind":"commune","center":[0.20199646963443557,44.85011],"code":"24335","department":"24"},"bbox":[0.17363,44.82031,0.24363,44.91223],"geometry":{"type":"Polygon","coordinates":[[[0.24363,44.85975],[0.24158,44.85715],[0.23874,44.85538],[0.23365,44.85255],[0.23018,44.84999],[0.22672,44.84678],[0.22473,44.84563],[0.22189,44.84466],[0.21564,44.8438],[0.21215,44.84287],[0.21022,44.8418],[0.20687,44.83962],[0.20104,44.83177],[0.19809,44.82742],[0.19302,44.82113],[0.19134,44.82043],[0.18899,44.82031],[0.1861,44.82165],[0.18418,44.82371],[0.18171,44.82531],[0.18293,44.82578],[0.18446,44.82871],[0.18166,44.8292],[0.18155,44.83167],[0.18086,44.83181],[0.18076,44.83342],[0.18121,44.83456],[0.18263,44.83596],[0.1828,44.83676],[0.18114,44.83694],[0.17858,44.83594],[0.17875,44.83743],[0.17841,44.83957],[0.17893,44.84222],[0.17786,44.84308],[0.17373,44.84351],[0.17465,44.84602],[0.17477,44.84773],[0.17368,44.84885],[0.17363,44.85097],[0.17556,44.85048],[0.18062,44.85023],[0.18488,44.85171],[0.18653,44.85256],[0.18622,44.85454],[0.18785,44.85429],[0.18926,44.85283],[0.18921,44.85166],[0.1933,44.85275],[0.19619,44.85246],[0.19791,44.85324],[0.19975,44.85457],[0.19895,44.85511],[0.19863,44.85649],[0.20009,44.85662],[0.20559,44.85969],[0.20948,44.85861],[0.21247,44.85818],[0.21458,44.8583],[0.21405,44.86017],[0.21424,44.86381],[0.21193,44.86775],[0.21163,44.87175],[0.21072,44.87481],[0.20888,44.87702],[0.20894,44.87962],[0.20669,44.88337],[0.20445,44.88341],[0.20194,44.88489],[0.19813,44.88557],[0.195,44.8882],[0.19594,44.88922],[0.19494,44.89057],[0.19399,44.89068],[0.19145,44.89202],[0.19221,44.89261],[0.19537,44.89391],[0.19835,44.8947],[0.20023,44.89596],[0.20325,44.89554],[0.20515,44.89598],[0.20723,44.89575],[0.20899,44.89718],[0.20935,44.89982],[0.20876,44.90148],[0.2098,44.9041],[0.21356,44.90873],[0.21604,44.91093],[0.21651,44.91223],[0.21695,44.91152],[0.22125,44.90872],[0.22288,44.90733],[0.2242,44.90499],[0.22732,44.90372],[0.22714,44.90268],[0.22544,44.89974],[0.22629,44.89881],[0.2259,44.89666],[0.22774,44.89302],[0.22567,44.89188],[0.22325,44.88924],[0.22271,44.88811],[0.2208,44.88617],[0.22215,44.88376],[0.22472,44.88151],[0.22504,44.87914],[0.22363,44.87817],[0.22391,44.87448],[0.22464,44.87361],[0.22191,44.87159],[0.22506,44.86964],[0.22423,44.86904],[0.22528,44.86803],[0.22895,44.86627],[0.22934,44.86544],[0.23518,44.86363],[0.23642,44.86175],[0.24003,44.86114],[0.24363,44.85975]]]}},{"type":"Feature","id":"fr-commune-24336","properties":{"id":"fr-commune-24336","name":"Prats-de-Carlux","kind":"commune","center":[1.3093,44.8923],"code":"24336","department":"24"},"bbox":[1.28649,44.86829,1.33218,44.91625],"geometry":{"type":"Polygon","coordinates":[[[1.28693,44.90043],[1.28649,44.90207],[1.28882,44.90369],[1.2917,44.90465],[1.29544,44.9064],[1.29886,44.90723],[1.29933,44.90816],[1.30187,44.9101],[1.30778,44.91051],[1.30872,44.91229],[1.312,44.91584],[1.31275,44.91535],[1.31584,44.91625],[1.31766,44.91565],[1.31794,44.91448],[1.3191,44.91337],[1.32318,44.91152],[1.32403,44.91008],[1.32429,44.90819],[1.32347,44.90588],[1.32527,44.90471],[1.32898,44.90336],[1.33185,44.90038],[1.33098,44.89796],[1.33218,44.89588],[1.32918,44.89549],[1.32663,44.89542],[1.32994,44.89409],[1.32962,44.89323],[1.32788,44.89188],[1.32738,44.89039],[1.32792,44.88917],[1.3272,44.88774],[1.32799,44.88627],[1.32801,44.88217],[1.32678,44.88026],[1.32624,44.88007],[1.32371,44.87746],[1.31975,44.87591],[1.31754,44.8758],[1.31458,44.87503],[1.31207,44.87311],[1.31195,44.87231],[1.31275,44.87054],[1.30589,44.86898],[1.30063,44.86829],[1.29803,44.86842],[1.29391,44.87068],[1.29302,44.87384],[1.2931,44.87597],[1.29247,44.87642],[1.29093,44.87891],[1.28829,44.88059],[1.28907,44.88418],[1.28798,44.88588],[1.28926,44.88665],[1.2894,44.88863],[1.28808,44.89072],[1.28802,44.89174],[1.28878,44.89354],[1.28845,44.89636],[1.28727,44.89801],[1.28693,44.90043]]]}},{"type":"Feature","id":"fr-commune-24337","properties":{"id":"fr-commune-24337","name":"Prats-du-Périgord","kind":"commune","center":[1.0696,44.6836],"code":"24337","department":"24"},"bbox":[1.03912,44.66261,1.10016,44.70459],"geometry":{"type":"Polygon","coordinates":[[[1.10016,44.68418],[1.0998,44.68371],[1.09625,44.6844],[1.09143,44.68103],[1.08983,44.68017],[1.0869,44.67947],[1.08617,44.67778],[1.08628,44.67681],[1.08354,44.67555],[1.07947,44.67497],[1.07592,44.67487],[1.07461,44.67458],[1.07392,44.67304],[1.07474,44.67183],[1.07634,44.67057],[1.07827,44.66799],[1.07984,44.66767],[1.07984,44.66632],[1.07814,44.66555],[1.08018,44.66292],[1.07662,44.66312],[1.0736,44.6627],[1.06778,44.66261],[1.0658,44.66445],[1.06433,44.66532],[1.06116,44.67029],[1.06071,44.67303],[1.05923,44.67251],[1.05782,44.67438],[1.05605,44.67598],[1.05646,44.67655],[1.05222,44.67916],[1.046,44.6793],[1.04466,44.68059],[1.04297,44.67996],[1.0419,44.68281],[1.04172,44.68468],[1.04074,44.68662],[1.03998,44.68923],[1.03912,44.69098],[1.04448,44.6932],[1.04688,44.69461],[1.04768,44.69543],[1.05242,44.69467],[1.05173,44.69745],[1.04827,44.70039],[1.04663,44.7032],[1.05007,44.70419],[1.05025,44.70459],[1.05413,44.70374],[1.05661,44.704],[1.0634,44.70389],[1.06831,44.70417],[1.06784,44.7026],[1.06905,44.70248],[1.07187,44.70099],[1.07347,44.70051],[1.0766,44.69634],[1.0794,44.69371],[1.08319,44.69227],[1.0843,44.69149],[1.09,44.69006],[1.09386,44.68836],[1.09512,44.68708],[1.10016,44.68418]]]}},{"type":"Feature","id":"fr-commune-24338","properties":{"id":"fr-commune-24338","name":"Pressignac-Vicq","kind":"commune","center":[0.7264,44.8954],"code":"24338","department":"24"},"bbox":[0.68253,44.87354,0.77034,44.91724],"geometry":{"type":"Polygon","coordinates":[[[0.69849,44.87392],[0.69878,44.88052],[0.6993,44.88614],[0.70144,44.89196],[0.69912,44.89191],[0.69644,44.89249],[0.69339,44.89254],[0.69155,44.89175],[0.68953,44.89289],[0.6859,44.89389],[0.68508,44.89362],[0.68273,44.89508],[0.68253,44.89622],[0.68724,44.89673],[0.69123,44.89877],[0.69396,44.90053],[0.70054,44.90011],[0.70228,44.90216],[0.70503,44.90363],[0.70753,44.90396],[0.71012,44.90397],[0.71236,44.90594],[0.7166,44.90638],[0.71835,44.90714],[0.7183,44.90852],[0.7194,44.90848],[0.72094,44.90958],[0.72153,44.91077],[0.72118,44.91243],[0.72203,44.91328],[0.72375,44.9133],[0.7255,44.91247],[0.72698,44.91232],[0.73113,44.91251],[0.73145,44.91375],[0.73341,44.91473],[0.73459,44.91654],[0.73574,44.91713],[0.73798,44.91724],[0.74437,44.91648],[0.74491,44.91572],[0.74711,44.91515],[0.74904,44.91502],[0.74669,44.91212],[0.74709,44.90973],[0.7465,44.90843],[0.74887,44.90666],[0.75141,44.90302],[0.75139,44.89975],[0.75414,44.89677],[0.75665,44.89617],[0.75864,44.89499],[0.76211,44.89341],[0.76414,44.89114],[0.76663,44.88939],[0.77034,44.88726],[0.7669,44.88645],[0.76533,44.88354],[0.76313,44.88265],[0.76349,44.88173],[0.76267,44.87913],[0.76348,44.87762],[0.7606,44.87721],[0.75566,44.87781],[0.75393,44.8788],[0.75267,44.87872],[0.7512,44.87985],[0.75012,44.88002],[0.74947,44.88191],[0.74294,44.88404],[0.7401,44.88449],[0.73984,44.88361],[0.73836,44.88301],[0.73564,44.88078],[0.73322,44.87996],[0.72693,44.87881],[0.72269,44.87675],[0.71612,44.87961],[0.71402,44.87836],[0.7121,44.87776],[0.71169,44.87628],[0.71214,44.8753],[0.70922,44.87499],[0.70586,44.87354],[0.70456,44.87368],[0.7031,44.87485],[0.70011,44.87451],[0.69849,44.87392]]]}},{"type":"Feature","id":"fr-commune-24339","properties":{"id":"fr-commune-24339","name":"Preyssac-d'Excideuil","kind":"commune","center":[1.106,45.3422],"code":"24339","department":"24"},"bbox":[1.08878,45.33363,1.12329,45.35074],"geometry":{"type":"Polygon","coordinates":[[[1.12126,45.35074],[1.12296,45.34856],[1.12253,45.34608],[1.12244,45.34195],[1.12329,45.34091],[1.11973,45.34005],[1.11859,45.33741],[1.11626,45.33804],[1.1145,45.33671],[1.11411,45.33474],[1.11219,45.33491],[1.11057,45.33444],[1.10884,45.33487],[1.10854,45.33363],[1.10694,45.33403],[1.09929,45.33465],[1.09233,45.33582],[1.08965,45.33685],[1.08878,45.33944],[1.08996,45.34005],[1.0985,45.34686],[1.09948,45.34688],[1.09964,45.34834],[1.10239,45.349],[1.10598,45.34919],[1.10895,45.34987],[1.11178,45.35007],[1.11475,45.34983],[1.11763,45.35044],[1.12126,45.35074]]]}},{"type":"Feature","id":"fr-commune-24340","properties":{"id":"fr-commune-24340","name":"Prigonrieux","kind":"commune","center":[0.407,44.8689],"code":"24340","department":"24"},"bbox":[0.36738,44.83651,0.44655,44.90127],"geometry":{"type":"Polygon","coordinates":[[[0.43109,44.88461],[0.43263,44.88148],[0.43382,44.88066],[0.43444,44.87874],[0.43585,44.87712],[0.43643,44.87486],[0.43733,44.87375],[0.43997,44.87251],[0.44013,44.87035],[0.44172,44.86944],[0.44203,44.86813],[0.44145,44.86612],[0.44241,44.86385],[0.44472,44.86343],[0.44515,44.84987],[0.44454,44.8457],[0.44485,44.84331],[0.44475,44.84131],[0.44655,44.84047],[0.44455,44.83786],[0.44314,44.8371],[0.44029,44.83661],[0.43682,44.83651],[0.43334,44.83705],[0.4304,44.83789],[0.42765,44.83942],[0.42239,44.84265],[0.42073,44.84322],[0.41657,44.84323],[0.41441,44.84341],[0.41246,44.84309],[0.40934,44.84373],[0.40688,44.84488],[0.40552,44.8466],[0.40469,44.84875],[0.40253,44.85128],[0.40099,44.85183],[0.39728,44.85152],[0.39219,44.85007],[0.38668,44.84926],[0.38104,44.84964],[0.3826,44.86003],[0.38436,44.86172],[0.38309,44.86572],[0.38325,44.86824],[0.38287,44.86975],[0.38291,44.87238],[0.38349,44.87436],[0.38296,44.875],[0.38313,44.8783],[0.38306,44.88349],[0.38186,44.88464],[0.38023,44.88475],[0.37512,44.88671],[0.37192,44.88713],[0.36738,44.88901],[0.36834,44.88982],[0.3686,44.89183],[0.37004,44.89354],[0.37106,44.89339],[0.37359,44.89452],[0.37422,44.89516],[0.37585,44.89513],[0.37885,44.89751],[0.37988,44.8991],[0.38181,44.89925],[0.38468,44.90125],[0.38581,44.90049],[0.38734,44.90082],[0.38954,44.90034],[0.39245,44.90099],[0.39338,44.90065],[0.39638,44.90081],[0.39925,44.90127],[0.40058,44.90079],[0.40359,44.90081],[0.4056,44.89818],[0.40747,44.89721],[0.40752,44.89497],[0.4087,44.89297],[0.41041,44.89115],[0.41329,44.8921],[0.41333,44.89128],[0.41464,44.88976],[0.41453,44.88872],[0.42028,44.8878],[0.42132,44.8866],[0.42463,44.88628],[0.42783,44.88476],[0.43109,44.88461]]]}},{"type":"Feature","id":"fr-commune-24341","properties":{"id":"fr-commune-24341","name":"Proissans","kind":"commune","center":[1.2465,44.9293],"code":"24341","department":"24"},"bbox":[1.20542,44.90182,1.28752,44.95746],"geometry":{"type":"Polygon","coordinates":[[[1.23217,44.95732],[1.23446,44.95592],[1.23519,44.95438],[1.23938,44.95093],[1.2416,44.94881],[1.24426,44.9488],[1.24516,44.94811],[1.24968,44.94864],[1.25095,44.94802],[1.25167,44.94576],[1.25296,44.94533],[1.25536,44.94546],[1.25878,44.94317],[1.26189,44.94205],[1.26458,44.94149],[1.26709,44.94037],[1.27073,44.94124],[1.27145,44.94027],[1.27678,44.94052],[1.27865,44.94021],[1.27933,44.93845],[1.28202,44.93465],[1.2841,44.93533],[1.28752,44.93379],[1.28749,44.93328],[1.28723,44.93217],[1.286,44.93076],[1.28347,44.9289],[1.28223,44.92755],[1.2823,44.92673],[1.28043,44.92413],[1.27887,44.92377],[1.27593,44.92149],[1.27384,44.91889],[1.27222,44.91892],[1.27103,44.91757],[1.26688,44.92007],[1.26541,44.92152],[1.26104,44.92206],[1.26096,44.91981],[1.25844,44.91684],[1.25912,44.91639],[1.25743,44.91518],[1.25385,44.9133],[1.25186,44.91251],[1.25015,44.91137],[1.24819,44.91063],[1.24678,44.90826],[1.24389,44.90654],[1.24228,44.90598],[1.23832,44.90424],[1.23615,44.90394],[1.23412,44.9021],[1.23258,44.90182],[1.233,44.90321],[1.23201,44.90371],[1.23072,44.90556],[1.22995,44.90801],[1.23024,44.91087],[1.23133,44.9133],[1.23113,44.91499],[1.2338,44.9175],[1.23295,44.92026],[1.23187,44.9215],[1.23033,44.92202],[1.23361,44.92431],[1.23336,44.92629],[1.23097,44.92719],[1.23049,44.92878],[1.22946,44.92952],[1.226,44.92948],[1.22364,44.92888],[1.22201,44.92786],[1.21876,44.92737],[1.21616,44.9264],[1.21434,44.92482],[1.21373,44.92352],[1.2116,44.92182],[1.21111,44.92011],[1.20951,44.91798],[1.20747,44.91983],[1.20666,44.92224],[1.20775,44.92419],[1.20784,44.92511],[1.20708,44.92659],[1.20542,44.92792],[1.20546,44.92911],[1.20895,44.93312],[1.21251,44.93787],[1.21418,44.93929],[1.21599,44.93935],[1.21603,44.94061],[1.217,44.94181],[1.22062,44.94481],[1.22335,44.94861],[1.22419,44.9526],[1.22793,44.9563],[1.22885,44.95746],[1.23217,44.95732]]]}},{"type":"Feature","id":"fr-commune-24345","properties":{"id":"fr-commune-24345","name":"Queyssac","kind":"commune","center":[0.5305,44.9131],"code":"24345","department":"24"},"bbox":[0.50132,44.89313,0.55964,44.93316],"geometry":{"type":"Polygon","coordinates":[[[0.5332,44.93143],[0.53493,44.93051],[0.53663,44.92869],[0.54212,44.92742],[0.54561,44.92514],[0.54765,44.92415],[0.54973,44.92262],[0.5503,44.92398],[0.55159,44.92377],[0.5566,44.92438],[0.55936,44.92184],[0.55964,44.92126],[0.55958,44.91951],[0.55874,44.91884],[0.55864,44.91767],[0.55759,44.91645],[0.55784,44.91533],[0.55548,44.91237],[0.5547,44.90989],[0.55589,44.90824],[0.55619,44.90681],[0.55504,44.90467],[0.55539,44.90079],[0.5566,44.90043],[0.55409,44.89313],[0.55058,44.89349],[0.54757,44.89426],[0.54588,44.89512],[0.54369,44.89527],[0.54167,44.89673],[0.54149,44.89939],[0.54027,44.90096],[0.5383,44.90222],[0.53533,44.90261],[0.5319,44.90243],[0.52929,44.9036],[0.526,44.90433],[0.52386,44.90506],[0.5218,44.90498],[0.51778,44.90637],[0.51435,44.90556],[0.50843,44.90742],[0.50893,44.90821],[0.51248,44.90928],[0.51225,44.90982],[0.50705,44.90861],[0.50672,44.90744],[0.50561,44.90659],[0.5046,44.9069],[0.50132,44.9096],[0.50221,44.91546],[0.50162,44.91729],[0.50168,44.91875],[0.50275,44.92087],[0.5077,44.9243],[0.50988,44.9277],[0.51056,44.92979],[0.5123,44.9293],[0.5141,44.93083],[0.51702,44.93048],[0.51832,44.9311],[0.52092,44.93316],[0.53229,44.93166],[0.5332,44.93143]]]}},{"type":"Feature","id":"fr-commune-24346","properties":{"id":"fr-commune-24346","name":"Quinsac","kind":"commune","center":[0.7029,45.437],"code":"24346","department":"24"},"bbox":[0.66366,45.4113,0.74208,45.46266],"geometry":{"type":"Polygon","coordinates":[[[0.66366,45.44386],[0.66593,45.45198],[0.66645,45.45255],[0.66753,45.45406],[0.66891,45.45677],[0.67012,45.4583],[0.67287,45.45946],[0.6755,45.46004],[0.67758,45.46018],[0.67981,45.46075],[0.68121,45.46203],[0.68324,45.46213],[0.6837,45.46266],[0.68614,45.4624],[0.68768,45.46187],[0.68845,45.4594],[0.69185,45.45684],[0.69614,45.45416],[0.69938,45.45281],[0.70896,45.45122],[0.71374,45.44716],[0.71635,45.44519],[0.7161,45.44306],[0.71683,45.44282],[0.71885,45.44076],[0.72133,45.44073],[0.72229,45.44177],[0.72674,45.44267],[0.7287,45.44268],[0.72968,45.44316],[0.73591,45.44422],[0.7372,45.44426],[0.74112,45.44358],[0.74208,45.44194],[0.74053,45.43774],[0.74027,45.43615],[0.7363,45.43254],[0.7343,45.43233],[0.73228,45.43168],[0.72984,45.42968],[0.7288,45.42822],[0.72863,45.42424],[0.72825,45.4229],[0.72877,45.41972],[0.72833,45.41807],[0.72618,45.41544],[0.72142,45.4117],[0.72077,45.4113],[0.71582,45.4131],[0.71529,45.41409],[0.71273,45.41453],[0.71121,45.41524],[0.70964,45.41533],[0.70609,45.41457],[0.70024,45.41527],[0.6998,45.41499],[0.69644,45.41567],[0.69498,45.41693],[0.69256,45.41686],[0.6915,45.41602],[0.6904,45.41646],[0.69167,45.41811],[0.69133,45.42006],[0.68829,45.41991],[0.68894,45.42125],[0.68846,45.42176],[0.68769,45.42408],[0.68457,45.42531],[0.68036,45.42418],[0.67861,45.42431],[0.67743,45.42819],[0.67826,45.42999],[0.67722,45.43293],[0.67621,45.43697],[0.67804,45.4401],[0.67937,45.44116],[0.67924,45.44225],[0.67759,45.44284],[0.67638,45.44236],[0.67499,45.44527],[0.67346,45.4464],[0.6687,45.44563],[0.66366,45.44386]]]}},{"type":"Feature","id":"fr-commune-24347","properties":{"id":"fr-commune-24347","name":"Rampieux","kind":"commune","center":[0.8021,44.7039],"code":"24347","department":"24"},"bbox":[0.76307,44.68333,0.84109,44.72452],"geometry":{"type":"Polygon","coordinates":[[[0.78696,44.68527],[0.78033,44.68333],[0.77871,44.68441],[0.77544,44.68562],[0.77111,44.68613],[0.76544,44.68905],[0.76307,44.68998],[0.76421,44.69096],[0.7667,44.69045],[0.77066,44.69139],[0.77226,44.69125],[0.77189,44.6934],[0.77108,44.69507],[0.77107,44.69717],[0.77023,44.7],[0.77198,44.7018],[0.77198,44.70366],[0.77322,44.70468],[0.77742,44.70278],[0.77865,44.7038],[0.77971,44.70549],[0.77841,44.70793],[0.78085,44.70877],[0.78185,44.70983],[0.78421,44.71047],[0.78429,44.7125],[0.78565,44.71474],[0.78523,44.71621],[0.78571,44.71717],[0.78414,44.71822],[0.78511,44.71955],[0.78579,44.72214],[0.7919,44.72388],[0.7928,44.72308],[0.79642,44.72236],[0.79914,44.72081],[0.80306,44.72107],[0.80468,44.72188],[0.80767,44.7218],[0.80796,44.72251],[0.80997,44.72364],[0.81049,44.72452],[0.81247,44.72272],[0.8127,44.72039],[0.8138,44.71904],[0.81322,44.71728],[0.81341,44.71316],[0.81254,44.7097],[0.81287,44.70894],[0.81558,44.70825],[0.81874,44.70901],[0.82227,44.70881],[0.82774,44.70727],[0.82773,44.70583],[0.82511,44.70462],[0.82219,44.70383],[0.82278,44.70318],[0.8254,44.70196],[0.82837,44.70171],[0.83152,44.70212],[0.83428,44.70133],[0.83769,44.69899],[0.83899,44.69759],[0.84063,44.69508],[0.84109,44.69347],[0.84085,44.69215],[0.84091,44.69108],[0.83765,44.68846],[0.83539,44.68696],[0.83398,44.6865],[0.83289,44.68492],[0.8318,44.68425],[0.83111,44.68607],[0.83006,44.68661],[0.82948,44.68896],[0.82717,44.6919],[0.82552,44.69216],[0.82281,44.69339],[0.81935,44.69562],[0.81876,44.69765],[0.8178,44.69853],[0.81608,44.69545],[0.81427,44.69681],[0.81159,44.69823],[0.81042,44.69832],[0.80805,44.69755],[0.80503,44.69847],[0.80298,44.70066],[0.80014,44.70092],[0.79672,44.70179],[0.79504,44.70114],[0.79412,44.7002],[0.7912,44.69891],[0.7906,44.69772],[0.78942,44.69691],[0.78878,44.69517],[0.78678,44.69361],[0.78575,44.69195],[0.78492,44.68954],[0.78595,44.68913],[0.78623,44.68779],[0.78742,44.68579],[0.78696,44.68527]]]}},{"type":"Feature","id":"fr-commune-24348","properties":{"id":"fr-commune-24348","name":"Razac-d'Eymet","kind":"commune","center":[0.4567,44.6965],"code":"24348","department":"24"},"bbox":[0.43212,44.67291,0.48135,44.72031],"geometry":{"type":"Polygon","coordinates":[[[0.46271,44.67365],[0.46017,44.67316],[0.45797,44.67343],[0.45618,44.67425],[0.45546,44.67685],[0.4521,44.67816],[0.44802,44.67791],[0.44444,44.67828],[0.44195,44.6775],[0.44171,44.67547],[0.44068,44.67291],[0.43875,44.67298],[0.43786,44.67365],[0.43811,44.67465],[0.43244,44.67689],[0.43212,44.67828],[0.43402,44.67858],[0.43583,44.68057],[0.43663,44.68222],[0.43684,44.68497],[0.43801,44.6862],[0.43859,44.68823],[0.43952,44.68897],[0.44235,44.69036],[0.44018,44.69265],[0.44126,44.69377],[0.44175,44.69767],[0.43826,44.69783],[0.43833,44.69906],[0.43969,44.70175],[0.4378,44.7013],[0.43396,44.70146],[0.43546,44.70309],[0.43569,44.70469],[0.43717,44.70582],[0.43734,44.7072],[0.43942,44.70803],[0.44072,44.70962],[0.44134,44.71141],[0.44381,44.71246],[0.44633,44.71418],[0.44809,44.71463],[0.45115,44.71441],[0.45531,44.71564],[0.45685,44.71459],[0.45844,44.71413],[0.46044,44.71428],[0.46544,44.71528],[0.46973,44.7159],[0.46935,44.71816],[0.4684,44.71852],[0.46932,44.72031],[0.47501,44.72012],[0.47941,44.72026],[0.48101,44.72002],[0.48092,44.71798],[0.48006,44.71622],[0.48057,44.71285],[0.48135,44.71127],[0.47973,44.7091],[0.47862,44.70797],[0.47954,44.7057],[0.47953,44.7034],[0.48038,44.70253],[0.48053,44.70043],[0.47925,44.70067],[0.47694,44.69848],[0.47456,44.69843],[0.47316,44.69768],[0.4716,44.69584],[0.4707,44.69361],[0.46999,44.69319],[0.47049,44.69193],[0.4701,44.69072],[0.46833,44.68862],[0.46726,44.68509],[0.46745,44.68349],[0.46566,44.68221],[0.46425,44.67991],[0.46429,44.67833],[0.4633,44.67666],[0.46271,44.67365]]]}},{"type":"Feature","id":"fr-commune-24349","properties":{"id":"fr-commune-24349","name":"Razac-de-Saussignac","kind":"commune","center":[0.2922,44.8133],"code":"24349","department":"24"},"bbox":[0.26364,44.79514,0.32084,44.83163],"geometry":{"type":"Polygon","coordinates":[[[0.26385,44.82646],[0.26574,44.82658],[0.2688,44.82623],[0.27224,44.82479],[0.28275,44.8241],[0.28682,44.82301],[0.28767,44.82548],[0.29013,44.82858],[0.29223,44.83163],[0.2948,44.8301],[0.29696,44.82918],[0.30106,44.82917],[0.30143,44.8294],[0.30723,44.83049],[0.30761,44.82911],[0.30984,44.82815],[0.31106,44.82698],[0.31446,44.82506],[0.32084,44.82434],[0.32064,44.82352],[0.31869,44.82077],[0.31144,44.81801],[0.31266,44.81632],[0.31146,44.81026],[0.31194,44.80906],[0.31253,44.80545],[0.31199,44.80531],[0.31279,44.80258],[0.31106,44.80052],[0.3082,44.79969],[0.30645,44.79983],[0.30367,44.80063],[0.29864,44.80102],[0.29685,44.79849],[0.2955,44.79897],[0.29251,44.79705],[0.29077,44.79629],[0.28589,44.79656],[0.28332,44.79653],[0.27982,44.79533],[0.27602,44.79514],[0.27403,44.79575],[0.27374,44.79659],[0.27473,44.79745],[0.27432,44.79946],[0.27463,44.80018],[0.27209,44.80348],[0.27085,44.80583],[0.26973,44.80686],[0.26917,44.80868],[0.27,44.81111],[0.26685,44.81144],[0.26593,44.8127],[0.26641,44.81367],[0.26633,44.81545],[0.26536,44.81644],[0.26588,44.81707],[0.26642,44.81944],[0.26504,44.82055],[0.26364,44.82402],[0.26445,44.82489],[0.26385,44.82646]]]}},{"type":"Feature","id":"fr-commune-24350","properties":{"id":"fr-commune-24350","name":"Razac-sur-l'Isle","kind":"commune","center":[0.6191,45.1597],"code":"24350","department":"24"},"bbox":[0.58465,45.13799,0.65359,45.1813],"geometry":{"type":"Polygon","coordinates":[[[0.61238,45.13902],[0.60981,45.13892],[0.60853,45.13922],[0.60543,45.1407],[0.60451,45.14154],[0.60207,45.14569],[0.60044,45.14706],[0.59449,45.14758],[0.59237,45.14822],[0.58994,45.15006],[0.58964,45.15152],[0.58845,45.15265],[0.58678,45.15344],[0.58465,45.15389],[0.58607,45.15603],[0.58482,45.15828],[0.58502,45.15975],[0.58492,45.16339],[0.58645,45.16385],[0.58758,45.16545],[0.58695,45.16799],[0.58802,45.16928],[0.58961,45.16976],[0.59224,45.17171],[0.59703,45.17413],[0.5991,45.17464],[0.60415,45.17533],[0.6072,45.17705],[0.60888,45.17701],[0.61053,45.17636],[0.61266,45.17641],[0.61411,45.17705],[0.61761,45.17947],[0.6183,45.18039],[0.62451,45.1813],[0.62717,45.18008],[0.62919,45.18014],[0.62965,45.17791],[0.63203,45.17748],[0.63294,45.17652],[0.63527,45.17273],[0.63563,45.17134],[0.63655,45.17019],[0.63958,45.17015],[0.64106,45.17043],[0.64562,45.16783],[0.64684,45.16761],[0.64789,45.1664],[0.65027,45.16584],[0.65117,45.16489],[0.65298,45.16392],[0.65359,45.1629],[0.65222,45.16259],[0.64897,45.16275],[0.64612,45.16177],[0.64389,45.16046],[0.64046,45.15955],[0.63993,45.15658],[0.63491,45.15144],[0.633,45.14899],[0.63091,45.1483],[0.6253,45.14571],[0.62284,45.14383],[0.62199,45.14356],[0.61988,45.14007],[0.61901,45.13812],[0.61626,45.13799],[0.61238,45.13902]]]}},{"type":"Feature","id":"fr-commune-24351","properties":{"id":"fr-commune-24351","name":"Ribagnac","kind":"commune","center":[0.4841,44.7564],"code":"24351","department":"24"},"bbox":[0.45665,44.73879,0.51154,44.77398],"geometry":{"type":"Polygon","coordinates":[[[0.49508,44.77373],[0.49793,44.77235],[0.50032,44.772],[0.50239,44.77063],[0.50631,44.76913],[0.5095,44.76763],[0.51041,44.76688],[0.51154,44.76311],[0.50908,44.76066],[0.50737,44.76003],[0.50694,44.7581],[0.50576,44.75833],[0.50528,44.75707],[0.50659,44.75505],[0.50627,44.75342],[0.50409,44.74656],[0.5049,44.74435],[0.50332,44.74067],[0.49499,44.74049],[0.49017,44.7411],[0.48849,44.74102],[0.48664,44.74002],[0.48253,44.74044],[0.48116,44.73879],[0.47938,44.7393],[0.47883,44.74],[0.47594,44.74191],[0.47503,44.74293],[0.47443,44.74528],[0.47293,44.74706],[0.46926,44.74724],[0.46712,44.74759],[0.4656,44.75031],[0.46776,44.75168],[0.46734,44.75355],[0.46496,44.75478],[0.46392,44.75473],[0.46245,44.75586],[0.46162,44.7571],[0.45896,44.75787],[0.45803,44.75877],[0.45665,44.76103],[0.45689,44.76288],[0.4581,44.76329],[0.45844,44.76457],[0.45974,44.76635],[0.45756,44.76739],[0.45715,44.76824],[0.45903,44.7686],[0.46061,44.76945],[0.46264,44.77003],[0.46383,44.76994],[0.46535,44.77076],[0.469,44.77195],[0.47117,44.77304],[0.47238,44.77222],[0.47694,44.77229],[0.47941,44.77311],[0.48076,44.77389],[0.48327,44.77351],[0.48579,44.77398],[0.48862,44.77351],[0.49455,44.77308],[0.49508,44.77373]]]}},{"type":"Feature","id":"fr-commune-24352","properties":{"id":"fr-commune-24352","name":"Ribérac","kind":"commune","center":[0.3402,45.2428],"code":"24352","department":"24"},"bbox":[0.28745,45.216,0.3929,45.26964],"geometry":{"type":"Polygon","coordinates":[[[0.37033,45.25811],[0.37362,45.25641],[0.37605,45.25715],[0.37788,45.25736],[0.37913,45.25652],[0.37923,45.25524],[0.38078,45.25375],[0.38189,45.25358],[0.38416,45.25125],[0.38531,45.24945],[0.38524,45.24842],[0.38749,45.2475],[0.38902,45.24504],[0.39149,45.24272],[0.3921,45.24146],[0.39212,45.23979],[0.3929,45.23891],[0.38769,45.23711],[0.38716,45.23713],[0.37924,45.23417],[0.37631,45.23379],[0.37304,45.23502],[0.37137,45.23642],[0.3688,45.23806],[0.36441,45.23987],[0.36332,45.24066],[0.36095,45.23845],[0.3611,45.237],[0.3579,45.23745],[0.35551,45.2371],[0.35232,45.2355],[0.34905,45.23735],[0.34683,45.23568],[0.34679,45.23418],[0.34546,45.23326],[0.34462,45.23124],[0.34315,45.23134],[0.34482,45.22837],[0.34507,45.22632],[0.34355,45.22518],[0.34118,45.22485],[0.33987,45.22408],[0.33611,45.22252],[0.3336,45.22126],[0.32862,45.22206],[0.32619,45.22301],[0.32403,45.22437],[0.32248,45.22303],[0.32175,45.22128],[0.32002,45.21954],[0.31906,45.21715],[0.31749,45.216],[0.31544,45.21718],[0.31553,45.22093],[0.31384,45.22535],[0.31297,45.22635],[0.3125,45.22859],[0.31252,45.23055],[0.31299,45.23173],[0.31245,45.23381],[0.31314,45.23673],[0.3123,45.23763],[0.31197,45.23971],[0.31063,45.24021],[0.30866,45.24017],[0.30415,45.23913],[0.30412,45.24063],[0.30042,45.24111],[0.29957,45.24211],[0.29527,45.24268],[0.2944,45.24576],[0.29585,45.24713],[0.29662,45.25038],[0.29243,45.2492],[0.28909,45.24946],[0.28745,45.25017],[0.28833,45.25152],[0.28943,45.25848],[0.29018,45.25917],[0.29159,45.26171],[0.29153,45.26447],[0.29102,45.26789],[0.29216,45.26953],[0.2955,45.26964],[0.29971,45.26888],[0.29931,45.26701],[0.30202,45.26472],[0.30195,45.26318],[0.30494,45.26307],[0.30772,45.26229],[0.30834,45.26117],[0.31216,45.26194],[0.313,45.2617],[0.31518,45.26239],[0.31755,45.2625],[0.32072,45.26198],[0.32214,45.26204],[0.32348,45.26337],[0.3258,45.2638],[0.32837,45.26323],[0.3307,45.26309],[0.33244,45.26187],[0.33494,45.2613],[0.33478,45.25905],[0.3372,45.25762],[0.34123,45.25717],[0.34344,45.25613],[0.35115,45.25492],[0.35425,45.25484],[0.35891,45.25655],[0.36172,45.25705],[0.36244,45.25769],[0.36455,45.2584],[0.366,45.25769],[0.36891,45.25715],[0.37033,45.25811]]]}},{"type":"Feature","id":"fr-commune-24353","properties":{"id":"fr-commune-24353","name":"La Rochebeaucourt-et-Argentine","kind":"commune","center":[0.3787,45.4667],"code":"24353","department":"24"},"bbox":[0.33462,45.4407,0.42284,45.49262],"geometry":{"type":"Polygon","coordinates":[[[0.3627,45.4407],[0.35661,45.44483],[0.35358,45.44783],[0.35342,45.44904],[0.35143,45.4518],[0.34919,45.45299],[0.34955,45.45393],[0.35115,45.45538],[0.35145,45.45629],[0.34969,45.45708],[0.34113,45.45894],[0.33595,45.46025],[0.33462,45.46022],[0.33836,45.46275],[0.34111,45.46249],[0.34258,45.46083],[0.3442,45.46055],[0.34576,45.46094],[0.34791,45.46227],[0.34842,45.46378],[0.35111,45.46471],[0.35352,45.4647],[0.35515,45.46532],[0.35786,45.46576],[0.35927,45.46632],[0.36064,45.46778],[0.36005,45.46938],[0.35929,45.47002],[0.35958,45.47202],[0.35897,45.47381],[0.35938,45.47522],[0.36112,45.47686],[0.36256,45.47657],[0.36521,45.4751],[0.36683,45.47464],[0.36802,45.47518],[0.37183,45.47556],[0.37248,45.47601],[0.37558,45.47596],[0.37663,45.47631],[0.37874,45.47852],[0.37896,45.48181],[0.37825,45.48302],[0.37865,45.48422],[0.38066,45.486],[0.38222,45.48648],[0.3839,45.48561],[0.38657,45.48521],[0.38786,45.48555],[0.39078,45.48541],[0.39439,45.48698],[0.39645,45.48873],[0.40007,45.49006],[0.40099,45.48964],[0.40308,45.49054],[0.40899,45.49262],[0.41151,45.49169],[0.4139,45.49144],[0.41381,45.49079],[0.41914,45.48587],[0.4228,45.48451],[0.42284,45.48397],[0.4195,45.48191],[0.41805,45.48161],[0.41432,45.47967],[0.41316,45.47865],[0.41151,45.47826],[0.4111,45.47748],[0.40897,45.47573],[0.40785,45.47313],[0.40776,45.47214],[0.40601,45.46912],[0.40572,45.46726],[0.40469,45.46618],[0.40429,45.46482],[0.40272,45.46203],[0.40264,45.46089],[0.3964,45.46047],[0.39401,45.45877],[0.39732,45.45665],[0.39907,45.45601],[0.40042,45.456],[0.40302,45.45455],[0.40448,45.45449],[0.40528,45.4504],[0.40542,45.44785],[0.40432,45.44586],[0.40165,45.44511],[0.39881,45.44551],[0.39849,45.44466],[0.39519,45.44588],[0.39187,45.44655],[0.3873,45.44653],[0.38508,45.44677],[0.3836,45.44734],[0.37527,45.45137],[0.37269,45.4516],[0.36706,45.44838],[0.36713,45.44487],[0.36691,45.44341],[0.36792,45.44108],[0.36707,45.4408],[0.3627,45.4407]]]}},{"type":"Feature","id":"fr-commune-24354","properties":{"id":"fr-commune-24354","name":"La Roche-Chalais","kind":"commune","center":[0.0494,45.1292],"code":"24354","department":"24"},"bbox":[-0.04188,45.07484,0.14078,45.18349],"geometry":{"type":"Polygon","coordinates":[[[0.00157,45.18349],[0.00301,45.18273],[0.00578,45.18319],[0.00669,45.1821],[0.00849,45.18268],[0.01127,45.18263],[0.01224,45.18178],[0.01475,45.18184],[0.01517,45.18117],[0.01721,45.18018],[0.02155,45.17992],[0.02284,45.17815],[0.02604,45.17912],[0.02934,45.1778],[0.03147,45.17783],[0.03308,45.17903],[0.03721,45.17884],[0.03747,45.1777],[0.03858,45.17691],[0.04016,45.17685],[0.04124,45.176],[0.0436,45.17568],[0.04395,45.17403],[0.04606,45.17194],[0.04954,45.17043],[0.05251,45.17004],[0.05453,45.17012],[0.05566,45.16925],[0.05828,45.1693],[0.06029,45.16829],[0.06165,45.16825],[0.06531,45.1656],[0.06702,45.16371],[0.07033,45.16339],[0.07183,45.16268],[0.0728,45.16287],[0.07545,45.16523],[0.07665,45.16593],[0.08067,45.16702],[0.08364,45.16722],[0.08751,45.16721],[0.09037,45.16911],[0.09071,45.16983],[0.09415,45.17073],[0.09572,45.16973],[0.09771,45.1672],[0.101,45.16558],[0.10272,45.16565],[0.1037,45.16491],[0.10798,45.16292],[0.10884,45.16226],[0.10677,45.15942],[0.10815,45.15752],[0.10991,45.15698],[0.11181,45.15705],[0.11492,45.15599],[0.11843,45.15584],[0.12113,45.15641],[0.12393,45.15587],[0.12719,45.1557],[0.12995,45.15713],[0.13211,45.15726],[0.13433,45.15919],[0.13531,45.15898],[0.13523,45.15604],[0.13309,45.15498],[0.13558,45.15148],[0.13828,45.14926],[0.14006,45.14886],[0.14078,45.14699],[0.1389,45.14702],[0.13573,45.14223],[0.13554,45.14102],[0.13644,45.13818],[0.13575,45.13663],[0.13372,45.13499],[0.13168,45.13157],[0.13032,45.12739],[0.13052,45.12542],[0.13166,45.12347],[0.12994,45.1201],[0.12761,45.11784],[0.12719,45.1151],[0.12596,45.11323],[0.12443,45.10944],[0.12259,45.10774],[0.1208,45.10709],[0.11948,45.10605],[0.11836,45.10385],[0.11615,45.10179],[0.11611,45.09984],[0.11436,45.09809],[0.11351,45.098],[0.11069,45.09572],[0.1083,45.09456],[0.10758,45.09373],[0.10428,45.09275],[0.09993,45.09223],[0.09823,45.09243],[0.09538,45.09222],[0.09163,45.09127],[0.08938,45.08906],[0.08367,45.08772],[0.08109,45.08618],[0.07784,45.08494],[0.07802,45.08292],[0.0774,45.08099],[0.07358,45.07821],[0.07152,45.07639],[0.072,45.07484],[0.07056,45.07605],[0.06463,45.08128],[0.06454,45.08279],[0.06322,45.08527],[0.06389,45.08789],[0.06246,45.08922],[0.06234,45.09126],[0.06173,45.09264],[0.06329,45.09571],[0.0609,45.09769],[0.05708,45.09931],[0.05464,45.10009],[0.05341,45.10166],[0.05302,45.10345],[0.05317,45.10576],[0.05177,45.10628],[0.05203,45.10728],[0.05122,45.10873],[0.04922,45.10947],[0.04826,45.11132],[0.04653,45.11227],[0.04468,45.11539],[0.04219,45.11578],[0.04169,45.11536],[0.03858,45.11588],[0.03615,45.11594],[0.03467,45.11715],[0.03294,45.11741],[0.03238,45.11806],[0.02962,45.11696],[0.0265,45.11702],[0.02412,45.11737],[0.02262,45.11803],[0.01954,45.11835],[0.01882,45.11787],[0.01556,45.11817],[0.01069,45.1182],[0.00863,45.11759],[0.00698,45.11792],[0.00607,45.11855],[0.00467,45.11841],[0.00353,45.11919],[0.00195,45.11887],[0.00056,45.11941],[-0.00351,45.11961],[-0.00707,45.11845],[-0.00792,45.11916],[-0.0098,45.11784],[-0.01343,45.11801],[-0.01519,45.1155],[-0.01719,45.11556],[-0.0189,45.11508],[-0.02046,45.11541],[-0.02405,45.115],[-0.02561,45.11537],[-0.02606,45.11455],[-0.02752,45.11379],[-0.02901,45.11066],[-0.02858,45.10981],[-0.0297,45.10813],[-0.03124,45.10676],[-0.03467,45.1054],[-0.03445,45.10367],[-0.03676,45.1034],[-0.03818,45.10272],[-0.04048,45.10261],[-0.04098,45.10402],[-0.03907,45.10678],[-0.0393,45.10797],[-0.04148,45.10956],[-0.04188,45.11173],[-0.04175,45.11346],[-0.04091,45.11507],[-0.03624,45.1201],[-0.03173,45.12412],[-0.02919,45.12827],[-0.02919,45.12994],[-0.0322,45.13434],[-0.03447,45.13599],[-0.03586,45.13812],[-0.03688,45.13895],[-0.03676,45.14075],[-0.03533,45.14148],[-0.03054,45.14146],[-0.02663,45.1419],[-0.02475,45.14308],[-0.02206,45.14559],[-0.01992,45.1468],[-0.01632,45.14768],[-0.00728,45.14933],[-0.00505,45.15021],[-0.00052,45.15103],[0.0033,45.15216],[0.00485,45.15387],[0.00199,45.15735],[0.00018,45.15877],[-0.00154,45.15969],[-0.00592,45.15872],[-0.01,45.15962],[-0.0122,45.15971],[-0.0148,45.16031],[-0.01785,45.16156],[-0.01859,45.16224],[-0.01913,45.16434],[-0.01898,45.16583],[-0.01752,45.16971],[-0.016,45.1709],[-0.00849,45.17472],[-0.00754,45.17729],[-0.00575,45.17964],[-0.00403,45.18059],[-0.00117,45.18165],[0.00157,45.18349]]]}},{"type":"Feature","id":"fr-commune-24355","properties":{"id":"fr-commune-24355","name":"La Roque-Gageac","kind":"commune","center":[1.1999,44.82],"code":"24355","department":"24"},"bbox":[1.17888,44.80529,1.22077,44.83473],"geometry":{"type":"Polygon","coordinates":[[[1.21748,44.82324],[1.21644,44.82227],[1.21597,44.82064],[1.2163,44.81778],[1.21703,44.81484],[1.21837,44.81219],[1.22076,44.80902],[1.22077,44.80681],[1.21804,44.80554],[1.20903,44.80567],[1.20472,44.80598],[1.1987,44.80764],[1.19727,44.80541],[1.19433,44.80619],[1.19159,44.80629],[1.1882,44.80529],[1.18271,44.8071],[1.18286,44.80759],[1.18044,44.8097],[1.17988,44.81168],[1.17964,44.81517],[1.18087,44.81707],[1.1831,44.81894],[1.1838,44.82118],[1.183,44.82424],[1.1818,44.82559],[1.17923,44.82645],[1.17888,44.82703],[1.17999,44.82958],[1.18011,44.8317],[1.18316,44.83277],[1.18404,44.83354],[1.18694,44.8328],[1.18829,44.83371],[1.1907,44.83451],[1.19249,44.83473],[1.1915,44.83143],[1.19259,44.82934],[1.19689,44.82471],[1.19821,44.82288],[1.20065,44.82385],[1.20316,44.8255],[1.20412,44.82671],[1.20799,44.82875],[1.21031,44.82852],[1.21217,44.82774],[1.21302,44.82665],[1.21431,44.82612],[1.21539,44.82489],[1.21748,44.82324]]]}},{"type":"Feature","id":"fr-commune-24356","properties":{"id":"fr-commune-24356","name":"Rouffignac-Saint-Cernin-de-Reilhac","kind":"commune","center":[0.9696,45.0486],"code":"24356","department":"24"},"bbox":[0.91583,45.0006,1.0234,45.09651],"geometry":{"type":"Polygon","coordinates":[[[0.99359,45.09651],[0.99303,45.09383],[0.99424,45.09231],[0.99609,45.09274],[0.99801,45.09244],[0.99992,45.09088],[1.00245,45.09002],[1.00439,45.08754],[1.00505,45.08618],[1.00842,45.0839],[1.01144,45.0826],[1.01653,45.07855],[1.01766,45.07849],[1.01848,45.07607],[1.02201,45.07474],[1.02183,45.07381],[1.0234,45.07306],[1.02335,45.07215],[1.02085,45.06982],[1.02022,45.06861],[1.02036,45.06526],[1.02225,45.06183],[1.02151,45.06056],[1.02126,45.05869],[1.02173,45.05731],[1.0199,45.05651],[1.01607,45.05676],[1.01397,45.05623],[1.00994,45.05449],[1.00741,45.05376],[1.00667,45.05266],[1.00486,45.05195],[1.00208,45.05147],[1.00261,45.04822],[1.00079,45.04717],[1.00034,45.04544],[1.00083,45.04357],[1.00041,45.04098],[1.00095,45.03811],[0.99736,45.03551],[0.99798,45.03488],[0.99666,45.02681],[0.99779,45.02499],[1.00052,45.02324],[0.99963,45.02317],[0.99721,45.02113],[0.99556,45.01892],[0.99357,45.01722],[0.99044,45.01376],[0.98948,45.01237],[0.98575,45.00382],[0.98302,45.00123],[0.98064,45.00275],[0.98008,45.00364],[0.97704,45.00282],[0.9752,45.00131],[0.97314,45.0006],[0.97087,45.00196],[0.96845,45.00286],[0.96675,45.00386],[0.96365,45.0032],[0.9627,45.00384],[0.96069,45.00316],[0.95745,45.00339],[0.95408,45.00407],[0.95159,45.00565],[0.9491,45.00534],[0.94758,45.00703],[0.94323,45.0081],[0.93941,45.01028],[0.93804,45.01154],[0.93736,45.01323],[0.93682,45.01666],[0.93422,45.01694],[0.9323,45.01652],[0.92867,45.01839],[0.92632,45.01911],[0.92468,45.0204],[0.92405,45.02343],[0.9234,45.02405],[0.9217,45.02713],[0.91915,45.02943],[0.91855,45.03267],[0.91709,45.0354],[0.91587,45.03975],[0.91583,45.04185],[0.91681,45.0437],[0.91767,45.04661],[0.9177,45.04799],[0.91702,45.05002],[0.91836,45.05225],[0.91934,45.05291],[0.91961,45.05424],[0.92186,45.05359],[0.92407,45.05531],[0.92351,45.05728],[0.92275,45.05768],[0.92128,45.06128],[0.9226,45.06349],[0.92288,45.06472],[0.92498,45.06717],[0.92318,45.06805],[0.92392,45.06969],[0.92511,45.07098],[0.92517,45.07299],[0.92384,45.07419],[0.92393,45.07585],[0.92284,45.07623],[0.92363,45.07819],[0.92486,45.0796],[0.92508,45.08087],[0.92663,45.08138],[0.92776,45.08263],[0.92694,45.08496],[0.92714,45.08868],[0.92876,45.08958],[0.93204,45.08909],[0.93872,45.08933],[0.94212,45.08929],[0.94392,45.08952],[0.94873,45.08941],[0.95189,45.09033],[0.9553,45.0899],[0.95892,45.09083],[0.96041,45.09086],[0.9634,45.09014],[0.96962,45.0902],[0.97116,45.09037],[0.97247,45.0917],[0.97367,45.0923],[0.97537,45.09231],[0.97673,45.09289],[0.97884,45.093],[0.98146,45.09478],[0.98307,45.09523],[0.98698,45.09524],[0.99122,45.09624],[0.99359,45.09651]]]}},{"type":"Feature","id":"fr-commune-24357","properties":{"id":"fr-commune-24357","name":"Rouffignac-de-Sigoulès","kind":"commune","center":[0.4426,44.7818],"code":"24357","department":"24"},"bbox":[0.42418,44.76547,0.461,44.79815],"geometry":{"type":"Polygon","coordinates":[[[0.46061,44.76945],[0.45903,44.7686],[0.45715,44.76824],[0.45601,44.76845],[0.45423,44.76656],[0.45242,44.76576],[0.45067,44.76568],[0.44951,44.76632],[0.44714,44.76547],[0.44144,44.7673],[0.43967,44.76746],[0.43412,44.76732],[0.43129,44.76872],[0.42917,44.76897],[0.42779,44.76979],[0.42554,44.76968],[0.42558,44.77056],[0.42437,44.77171],[0.42418,44.77414],[0.42523,44.77597],[0.4252,44.77711],[0.4263,44.77777],[0.42671,44.77908],[0.43032,44.78139],[0.43283,44.78582],[0.4336,44.78684],[0.43899,44.7886],[0.43964,44.7893],[0.43979,44.79143],[0.44098,44.79252],[0.44207,44.79499],[0.4437,44.79467],[0.44749,44.795],[0.44967,44.79633],[0.45306,44.79599],[0.45285,44.79815],[0.45589,44.79786],[0.45524,44.7953],[0.45524,44.79243],[0.45482,44.79173],[0.45802,44.78939],[0.45654,44.78771],[0.45553,44.78532],[0.45597,44.78164],[0.456,44.77876],[0.45783,44.77654],[0.461,44.77486],[0.46021,44.77321],[0.46073,44.77223],[0.46061,44.76945]]]}},{"type":"Feature","id":"fr-commune-24359","properties":{"id":"fr-commune-24359","name":"Sadillac","kind":"commune","center":[0.4907,44.7287],"code":"24359","department":"24"},"bbox":[0.46932,44.71622,0.51207,44.7411],"geometry":{"type":"Polygon","coordinates":[[[0.50332,44.74067],[0.50267,44.73829],[0.50536,44.73818],[0.50814,44.7358],[0.50991,44.73357],[0.51111,44.73158],[0.51207,44.73071],[0.51149,44.73052],[0.50368,44.72563],[0.50399,44.72506],[0.50086,44.72241],[0.49872,44.72289],[0.49583,44.72177],[0.49528,44.72112],[0.49272,44.72006],[0.49204,44.72078],[0.48658,44.72021],[0.48504,44.71837],[0.48072,44.71679],[0.48006,44.71622],[0.48092,44.71798],[0.48101,44.72002],[0.47941,44.72026],[0.47501,44.72012],[0.46932,44.72031],[0.47329,44.72698],[0.4721,44.73054],[0.4763,44.73199],[0.47609,44.73299],[0.47656,44.737],[0.4763,44.73819],[0.47799,44.73794],[0.47938,44.7393],[0.48116,44.73879],[0.48253,44.74044],[0.48664,44.74002],[0.48849,44.74102],[0.49017,44.7411],[0.49499,44.74049],[0.50332,44.74067]]]}},{"type":"Feature","id":"fr-commune-24360","properties":{"id":"fr-commune-24360","name":"Sagelat","kind":"commune","center":[1.0233,44.7882],"code":"24360","department":"24"},"bbox":[1.00263,44.76477,1.04407,44.81147],"geometry":{"type":"Polygon","coordinates":[[[1.00458,44.80435],[1.00757,44.80453],[1.006,44.80744],[1.00727,44.80802],[1.00623,44.81025],[1.00702,44.81147],[1.01102,44.80922],[1.01252,44.80867],[1.01482,44.80621],[1.01747,44.80442],[1.01971,44.80212],[1.02097,44.79982],[1.02316,44.7986],[1.02418,44.79692],[1.02686,44.79469],[1.02906,44.79156],[1.03144,44.7903],[1.03381,44.78843],[1.03654,44.78718],[1.03859,44.78514],[1.04065,44.78452],[1.0411,44.78373],[1.04021,44.78106],[1.04165,44.78134],[1.04172,44.77904],[1.04248,44.77799],[1.04205,44.77512],[1.04403,44.77343],[1.04407,44.77261],[1.04142,44.77174],[1.03745,44.77],[1.03579,44.76951],[1.03645,44.76849],[1.03456,44.76828],[1.03435,44.76679],[1.03529,44.76599],[1.03326,44.76507],[1.02861,44.76533],[1.02731,44.76477],[1.02322,44.76577],[1.02003,44.76722],[1.01381,44.77178],[1.0124,44.77217],[1.0127,44.77322],[1.0142,44.77506],[1.01377,44.77638],[1.0151,44.77777],[1.01534,44.77929],[1.01446,44.78095],[1.01363,44.78136],[1.01239,44.78553],[1.01119,44.78565],[1.01147,44.78797],[1.01217,44.78979],[1.01127,44.79143],[1.01243,44.79199],[1.01214,44.79333],[1.01059,44.79418],[1.0096,44.79562],[1.00819,44.79633],[1.00547,44.79861],[1.00429,44.79918],[1.00263,44.80074],[1.00458,44.80435]]]}},{"type":"Feature","id":"fr-commune-24361","properties":{"id":"fr-commune-24361","name":"Saint-Agne","kind":"commune","center":[0.6255,44.8345],"code":"24361","department":"24"},"bbox":[0.60742,44.8201,0.64359,44.84894],"geometry":{"type":"Polygon","coordinates":[[[0.63181,44.84538],[0.63538,44.84345],[0.63877,44.84239],[0.64359,44.8418],[0.64332,44.84082],[0.64041,44.83897],[0.63992,44.83926],[0.63695,44.83859],[0.63677,44.83654],[0.63729,44.83469],[0.63932,44.83331],[0.63957,44.83115],[0.64121,44.82943],[0.64128,44.82841],[0.63746,44.82526],[0.63537,44.82533],[0.63231,44.82504],[0.62717,44.82669],[0.62505,44.82628],[0.62413,44.82424],[0.62402,44.82205],[0.62188,44.82076],[0.62039,44.82088],[0.61887,44.8201],[0.61787,44.82085],[0.61554,44.82327],[0.6123,44.82568],[0.60791,44.82778],[0.60976,44.82958],[0.60851,44.83003],[0.60963,44.83123],[0.60952,44.83253],[0.60742,44.83251],[0.60791,44.83669],[0.60891,44.8375],[0.60918,44.84068],[0.61006,44.84526],[0.61226,44.84511],[0.61386,44.84894],[0.61972,44.84789],[0.62554,44.84739],[0.62956,44.84655],[0.63181,44.84538]]]}},{"type":"Feature","id":"fr-commune-24362","properties":{"id":"fr-commune-24362","name":"Val de Louyre et Caudeau","kind":"commune","center":[0.7985787701138359,44.969334086176296],"code":"24362","department":"24"},"bbox":[0.6767,44.91769,0.87125,45.03263],"geometry":{"type":"Polygon","coordinates":[[[0.86458,44.92842],[0.86154,44.92798],[0.85963,44.92834],[0.85682,44.92809],[0.85549,44.92699],[0.85468,44.92735],[0.85028,44.93247],[0.84782,44.93073],[0.84678,44.92946],[0.84439,44.92774],[0.84341,44.92742],[0.8437,44.92608],[0.84233,44.92385],[0.8404,44.92276],[0.83949,44.92171],[0.839,44.91935],[0.83023,44.91877],[0.82578,44.91769],[0.82441,44.91806],[0.81896,44.92037],[0.81521,44.92049],[0.81257,44.92105],[0.81143,44.92209],[0.80759,44.92323],[0.80695,44.92368],[0.80732,44.92516],[0.80074,44.92645],[0.79929,44.92756],[0.79787,44.92789],[0.79596,44.929],[0.79083,44.92546],[0.78882,44.92371],[0.78663,44.92591],[0.78523,44.92814],[0.78395,44.92886],[0.78379,44.93018],[0.78083,44.93132],[0.77976,44.93242],[0.7763,44.93305],[0.77507,44.93434],[0.77153,44.93478],[0.76766,44.93702],[0.76569,44.93753],[0.76342,44.93887],[0.76308,44.93973],[0.76355,44.94369],[0.76428,44.94408],[0.7648,44.9461],[0.76624,44.9467],[0.77116,44.94726],[0.77339,44.9499],[0.77413,44.95148],[0.77758,44.95382],[0.77325,44.9544],[0.77071,44.95529],[0.76997,44.95429],[0.76594,44.95431],[0.76424,44.9529],[0.76138,44.95299],[0.75676,44.95009],[0.75564,44.94978],[0.75357,44.94816],[0.74928,44.94787],[0.74941,44.94613],[0.74725,44.94607],[0.74418,44.94455],[0.74091,44.9439],[0.73302,44.94426],[0.72611,44.94051],[0.72392,44.94005],[0.723,44.93938],[0.72322,44.93849],[0.72157,44.9367],[0.71987,44.9346],[0.71788,44.9334],[0.71927,44.936],[0.71871,44.93763],[0.71704,44.93939],[0.71611,44.94127],[0.7159,44.94431],[0.71304,44.9427],[0.71207,44.94255],[0.7071,44.94033],[0.70426,44.9397],[0.70066,44.94053],[0.70054,44.94394],[0.7002,44.9447],[0.69735,44.94757],[0.6953,44.94996],[0.69478,44.95312],[0.69352,44.95445],[0.69117,44.95456],[0.6874,44.95306],[0.68334,44.95273],[0.68074,44.95312],[0.67774,44.95429],[0.6767,44.95516],[0.67747,44.95604],[0.6767,44.95819],[0.67913,44.9602],[0.68085,44.95974],[0.68392,44.96106],[0.68527,44.96021],[0.68756,44.96172],[0.68676,44.96319],[0.68491,44.96468],[0.68716,44.96725],[0.69086,44.96649],[0.68966,44.96532],[0.68995,44.96472],[0.69372,44.96329],[0.69485,44.96383],[0.69519,44.9656],[0.69869,44.96581],[0.70043,44.96459],[0.70152,44.96326],[0.70369,44.96294],[0.70575,44.96096],[0.7068,44.9613],[0.70819,44.9605],[0.70941,44.9612],[0.71012,44.96334],[0.71104,44.96466],[0.71517,44.96712],[0.71717,44.96799],[0.71813,44.969],[0.72196,44.97094],[0.72441,44.97141],[0.73109,44.97059],[0.73366,44.97042],[0.73611,44.97109],[0.73692,44.97266],[0.73924,44.97312],[0.74099,44.97388],[0.74614,44.97544],[0.74804,44.97571],[0.74981,44.97552],[0.75058,44.97499],[0.75354,44.9747],[0.75655,44.97492],[0.75893,44.97417],[0.75979,44.9732],[0.76214,44.97203],[0.76383,44.97264],[0.7676,44.97258],[0.76975,44.97167],[0.77325,44.97307],[0.77458,44.97271],[0.77768,44.97396],[0.77838,44.97462],[0.78309,44.97585],[0.78727,44.97569],[0.78888,44.97628],[0.78964,44.97749],[0.79121,44.97869],[0.79485,44.98029],[0.79701,44.98034],[0.79852,44.9814],[0.80005,44.98397],[0.79783,44.98541],[0.79608,44.98799],[0.79822,44.98927],[0.7989,44.9912],[0.79832,44.99288],[0.79881,44.99435],[0.79862,44.99813],[0.79815,44.99861],[0.79263,45.00035],[0.79104,45.00194],[0.79174,45.00667],[0.79159,45.00721],[0.79205,45.01124],[0.79162,45.01346],[0.79009,45.01431],[0.78913,45.01676],[0.78967,45.01935],[0.79123,45.02097],[0.79088,45.02162],[0.793,45.02451],[0.79382,45.02494],[0.79275,45.02688],[0.79167,45.02794],[0.79179,45.02974],[0.79404,45.02979],[0.79647,45.03026],[0.79985,45.03001],[0.80153,45.03044],[0.80398,45.03024],[0.80666,45.03156],[0.81027,45.03263],[0.81264,45.03203],[0.81445,45.03216],[0.81677,45.03084],[0.81724,45.02991],[0.8195,45.02725],[0.82371,45.02724],[0.82594,45.02749],[0.8285,45.02706],[0.83217,45.02585],[0.8359,45.02544],[0.83919,45.02626],[0.84059,45.02624],[0.84225,45.02536],[0.84293,45.02437],[0.84477,45.02303],[0.84716,45.02325],[0.84716,45.02096],[0.84766,45.01987],[0.84729,45.01869],[0.84943,45.01744],[0.85001,45.01788],[0.8545,45.01823],[0.85678,45.01634],[0.8583,45.01665],[0.85952,45.01554],[0.85809,45.01468],[0.85779,45.01133],[0.85668,45.01031],[0.85686,45.00659],[0.85845,45.00372],[0.85914,45.0013],[0.86062,44.99794],[0.86113,44.99532],[0.8629,44.99603],[0.86418,44.99543],[0.86985,44.99558],[0.87125,44.99429],[0.8681,44.99225],[0.86627,44.98972],[0.86436,44.98618],[0.86324,44.98496],[0.86116,44.98402],[0.85899,44.98357],[0.85604,44.98383],[0.85345,44.98277],[0.85115,44.98214],[0.84928,44.9811],[0.85089,44.98003],[0.85195,44.97845],[0.8526,44.9762],[0.85074,44.97646],[0.84905,44.97599],[0.84935,44.97339],[0.85055,44.97164],[0.84937,44.96949],[0.84913,44.9678],[0.85078,44.96703],[0.84987,44.9649],[0.8482,44.96416],[0.84562,44.96199],[0.84278,44.96091],[0.84028,44.96269],[0.83758,44.9637],[0.8357,44.96539],[0.83492,44.96436],[0.83341,44.96369],[0.83211,44.96022],[0.83277,44.95788],[0.83206,44.95693],[0.83512,44.95418],[0.837,44.95475],[0.83897,44.95473],[0.84089,44.95399],[0.8449,44.95089],[0.84713,44.95033],[0.84944,44.94681],[0.85026,44.94687],[0.8521,44.94459],[0.85719,44.94353],[0.85869,44.9426],[0.86098,44.94039],[0.86105,44.93904],[0.86234,44.93811],[0.86379,44.9363],[0.86368,44.93541],[0.86562,44.9324],[0.86429,44.92985],[0.86458,44.92842]]]}},{"type":"Feature","id":"fr-commune-24364","properties":{"id":"fr-commune-24364","name":"Coly-Saint-Amand","kind":"commune","center":[1.2456,45.0634],"code":"24364","department":"24"},"bbox":[1.20084,45.02242,1.29044,45.10443],"geometry":{"type":"Polygon","coordinates":[[[1.20084,45.03473],[1.20328,45.03555],[1.20397,45.03647],[1.20681,45.03781],[1.20704,45.03921],[1.208,45.04033],[1.20761,45.04254],[1.20972,45.04491],[1.21177,45.0484],[1.21041,45.04995],[1.2113,45.05171],[1.20939,45.05259],[1.21094,45.05399],[1.21243,45.05605],[1.21403,45.05729],[1.2171,45.05851],[1.21813,45.06076],[1.21762,45.06446],[1.21777,45.06509],[1.2207,45.0659],[1.22465,45.06652],[1.22453,45.06764],[1.22264,45.06698],[1.22201,45.06884],[1.22305,45.07177],[1.22871,45.07206],[1.23143,45.07157],[1.23353,45.0708],[1.23511,45.0713],[1.23641,45.07065],[1.23909,45.07145],[1.24044,45.07301],[1.23846,45.075],[1.23678,45.07506],[1.23405,45.07606],[1.23587,45.08026],[1.23594,45.08134],[1.23348,45.08394],[1.23059,45.08518],[1.23316,45.08548],[1.23681,45.08413],[1.23995,45.08484],[1.24084,45.08548],[1.24226,45.08976],[1.23821,45.09145],[1.23736,45.09272],[1.23971,45.09241],[1.24212,45.0914],[1.24466,45.0912],[1.25248,45.09837],[1.25485,45.09994],[1.25651,45.10168],[1.25932,45.10357],[1.26139,45.10443],[1.26216,45.10377],[1.26309,45.10141],[1.26276,45.1002],[1.26419,45.09916],[1.26551,45.09942],[1.26681,45.09864],[1.26871,45.09996],[1.26981,45.10142],[1.27411,45.10021],[1.27563,45.0989],[1.27748,45.09795],[1.27866,45.09686],[1.28029,45.09449],[1.28214,45.09299],[1.28532,45.09361],[1.28486,45.09154],[1.28285,45.09082],[1.28194,45.08978],[1.28028,45.08889],[1.27818,45.0891],[1.27952,45.08631],[1.28168,45.08514],[1.28602,45.08588],[1.28634,45.08471],[1.28891,45.08354],[1.28669,45.08132],[1.28299,45.0807],[1.28152,45.07873],[1.28167,45.07801],[1.28047,45.07735],[1.28035,45.07476],[1.27948,45.07406],[1.27947,45.07199],[1.27836,45.06966],[1.27747,45.06897],[1.27447,45.0686],[1.27405,45.06738],[1.27433,45.06524],[1.27619,45.06494],[1.27681,45.06547],[1.27955,45.06488],[1.28189,45.0629],[1.28287,45.06278],[1.28638,45.05973],[1.28648,45.05915],[1.28949,45.05643],[1.28847,45.05583],[1.28764,45.05392],[1.28819,45.05232],[1.28823,45.05057],[1.28781,45.04395],[1.28757,45.04219],[1.29044,45.04267],[1.28947,45.04087],[1.28937,45.03889],[1.29009,45.03798],[1.28814,45.03714],[1.28708,45.03574],[1.28494,45.0347],[1.28195,45.03416],[1.27563,45.03422],[1.27418,45.03455],[1.27047,45.036],[1.26673,45.0381],[1.26443,45.03503],[1.26267,45.03515],[1.26076,45.03477],[1.25992,45.03371],[1.25982,45.03206],[1.25862,45.03036],[1.25761,45.03031],[1.25326,45.02849],[1.25416,45.02719],[1.25271,45.02526],[1.25,45.02781],[1.24896,45.02955],[1.2482,45.03334],[1.25019,45.03794],[1.24835,45.03887],[1.24223,45.03885],[1.24119,45.03673],[1.2412,45.03553],[1.2394,45.03247],[1.23848,45.03258],[1.23754,45.03132],[1.23182,45.02894],[1.23004,45.02925],[1.22846,45.03071],[1.22898,45.0329],[1.22689,45.03202],[1.22445,45.03439],[1.22363,45.03281],[1.22179,45.03194],[1.22099,45.02903],[1.21965,45.0268],[1.21738,45.02418],[1.21461,45.02242],[1.21246,45.02564],[1.21129,45.02636],[1.20756,45.03012],[1.20498,45.03213],[1.20164,45.03363],[1.20084,45.03473]]]}},{"type":"Feature","id":"fr-commune-24365","properties":{"id":"fr-commune-24365","name":"Saint-Amand-de-Vergt","kind":"commune","center":[0.6921,44.989],"code":"24365","department":"24"},"bbox":[0.66709,44.9605,0.71666,45.01749],"geometry":{"type":"Polygon","coordinates":[[[0.71177,45.01155],[0.71102,45.01043],[0.71134,45.00883],[0.71085,45.00762],[0.71164,45.00635],[0.71136,45.00408],[0.71188,45.0036],[0.71206,45.00096],[0.71357,44.99788],[0.71135,44.99682],[0.71217,44.99396],[0.71438,44.99076],[0.71445,44.98988],[0.71278,44.98887],[0.71045,44.98834],[0.71035,44.98546],[0.71104,44.98303],[0.70998,44.98267],[0.71172,44.98118],[0.71283,44.97949],[0.71359,44.97628],[0.71432,44.97637],[0.71666,44.97339],[0.71478,44.97422],[0.71404,44.97362],[0.71186,44.97296],[0.71037,44.97163],[0.70873,44.97171],[0.70976,44.96971],[0.71266,44.9687],[0.71517,44.96712],[0.71104,44.96466],[0.71012,44.96334],[0.70941,44.9612],[0.70819,44.9605],[0.7068,44.9613],[0.70575,44.96096],[0.70369,44.96294],[0.70152,44.96326],[0.70043,44.96459],[0.69869,44.96581],[0.69519,44.9656],[0.69535,44.96909],[0.69511,44.96995],[0.69636,44.9726],[0.69596,44.97573],[0.69621,44.9781],[0.69366,44.97958],[0.69315,44.98231],[0.6904,44.9839],[0.6882,44.98396],[0.68676,44.98486],[0.68885,44.98748],[0.68861,44.98905],[0.68694,44.98938],[0.68584,44.99028],[0.6842,44.99084],[0.68266,44.99191],[0.67994,44.9921],[0.67822,44.99308],[0.67682,44.9953],[0.67464,44.99645],[0.67131,44.99864],[0.66915,44.99934],[0.67057,45.00119],[0.66969,45.00339],[0.66709,45.00385],[0.66737,45.00503],[0.66929,45.00801],[0.67054,45.0093],[0.66925,45.01212],[0.67151,45.01606],[0.67362,45.01707],[0.67562,45.01749],[0.67812,45.01707],[0.68251,45.01735],[0.68267,45.01705],[0.68647,45.0174],[0.68701,45.01594],[0.69119,45.01621],[0.69392,45.01577],[0.69392,45.01391],[0.69546,45.01375],[0.69635,45.01305],[0.70092,45.01321],[0.70456,45.01284],[0.70667,45.01224],[0.70801,45.01112],[0.70944,45.01099],[0.71177,45.01155]]]}},{"type":"Feature","id":"fr-commune-24366","properties":{"id":"fr-commune-24366","name":"Saint-André-d'Allas","kind":"commune","center":[1.1496,44.8905],"code":"24366","department":"24"},"bbox":[1.1008,44.85619,1.19825,44.92475],"geometry":{"type":"Polygon","coordinates":[[[1.16246,44.9204],[1.16264,44.91937],[1.1643,44.91847],[1.1664,44.91648],[1.16989,44.91472],[1.17307,44.91402],[1.17624,44.9115],[1.17251,44.90955],[1.17067,44.90897],[1.16779,44.909],[1.16724,44.90957],[1.16366,44.90943],[1.16195,44.90905],[1.16212,44.90734],[1.16456,44.90543],[1.16565,44.9055],[1.16844,44.90345],[1.16927,44.90088],[1.17057,44.89971],[1.16951,44.89857],[1.17157,44.89745],[1.17388,44.89538],[1.17551,44.89433],[1.1793,44.89365],[1.17958,44.89212],[1.1821,44.88899],[1.18363,44.88804],[1.18467,44.88654],[1.18457,44.88406],[1.18371,44.88303],[1.18182,44.87969],[1.18085,44.8791],[1.18012,44.87726],[1.18148,44.87567],[1.18499,44.87305],[1.18659,44.87222],[1.18799,44.8702],[1.1886,44.86858],[1.1903,44.86758],[1.19267,44.86562],[1.19825,44.86381],[1.19614,44.86285],[1.19408,44.86058],[1.19151,44.85946],[1.18977,44.85905],[1.18652,44.85731],[1.18559,44.85619],[1.18241,44.85844],[1.18163,44.86087],[1.17971,44.86189],[1.17908,44.86123],[1.18003,44.86033],[1.17741,44.85904],[1.17499,44.85954],[1.17201,44.85912],[1.16904,44.85981],[1.16466,44.85955],[1.16183,44.86063],[1.16029,44.86266],[1.15847,44.86266],[1.15792,44.86325],[1.15511,44.86474],[1.15326,44.8663],[1.15116,44.86636],[1.15016,44.86688],[1.14825,44.86639],[1.14625,44.86704],[1.14436,44.86667],[1.14426,44.86838],[1.14237,44.87107],[1.1424,44.87256],[1.14052,44.87393],[1.13753,44.87406],[1.13444,44.87479],[1.13025,44.87509],[1.12775,44.87598],[1.12619,44.8771],[1.1241,44.87973],[1.12323,44.88126],[1.12154,44.88275],[1.11872,44.88468],[1.1167,44.88671],[1.11663,44.88772],[1.11432,44.88937],[1.1139,44.89152],[1.11182,44.89285],[1.10719,44.89486],[1.10565,44.89475],[1.10218,44.89599],[1.10129,44.89699],[1.1008,44.89935],[1.10285,44.90057],[1.10227,44.90463],[1.1046,44.90552],[1.10442,44.90768],[1.10599,44.90919],[1.10671,44.91135],[1.10488,44.91259],[1.10395,44.91367],[1.10612,44.91582],[1.10618,44.91658],[1.10783,44.91717],[1.10851,44.91842],[1.10939,44.91865],[1.11643,44.91842],[1.11741,44.91827],[1.11803,44.92006],[1.1213,44.92177],[1.124,44.92475],[1.12688,44.92243],[1.12799,44.92242],[1.12904,44.92059],[1.13,44.92046],[1.13147,44.91815],[1.13436,44.91731],[1.13791,44.91735],[1.13955,44.91791],[1.13874,44.91463],[1.13965,44.91403],[1.13748,44.91214],[1.14,44.9126],[1.13973,44.90916],[1.14153,44.90909],[1.14349,44.90817],[1.14529,44.90961],[1.14514,44.91017],[1.14744,44.91202],[1.15159,44.91286],[1.1547,44.91595],[1.15523,44.91788],[1.15666,44.91808],[1.15919,44.91927],[1.16246,44.9204]]]}},{"type":"Feature","id":"fr-commune-24367","properties":{"id":"fr-commune-24367","name":"Saint-André-de-Double","kind":"commune","center":[0.3228,45.1425],"code":"24367","department":"24"},"bbox":[0.27534,45.11341,0.37018,45.17157],"geometry":{"type":"Polygon","coordinates":[[[0.36667,45.1667],[0.37018,45.16544],[0.36866,45.16308],[0.37007,45.16193],[0.37005,45.15959],[0.36852,45.15911],[0.36702,45.15793],[0.36764,45.15669],[0.36746,45.15505],[0.36526,45.15526],[0.36278,45.15278],[0.35911,45.15205],[0.35915,45.15063],[0.35822,45.14995],[0.35842,45.14801],[0.36059,45.14698],[0.36283,45.14546],[0.3619,45.14348],[0.35563,45.14077],[0.35543,45.13901],[0.35793,45.13428],[0.36013,45.1316],[0.35836,45.1318],[0.35572,45.13331],[0.35328,45.13317],[0.35094,45.13231],[0.35054,45.13078],[0.35204,45.12828],[0.34937,45.12674],[0.34604,45.12591],[0.34485,45.12326],[0.34655,45.12094],[0.34628,45.11769],[0.3448,45.11656],[0.33663,45.11951],[0.33372,45.11781],[0.33363,45.11658],[0.33242,45.11474],[0.32849,45.11534],[0.32702,45.11629],[0.32539,45.11532],[0.32398,45.11587],[0.32222,45.11509],[0.32059,45.1152],[0.31921,45.11597],[0.31826,45.1154],[0.31642,45.1156],[0.31363,45.11453],[0.30991,45.11499],[0.30847,45.11341],[0.30416,45.11507],[0.30193,45.11496],[0.30229,45.11696],[0.30305,45.11795],[0.30086,45.12077],[0.29832,45.12049],[0.29576,45.1211],[0.29355,45.12221],[0.29096,45.12286],[0.2903,45.12374],[0.28795,45.12484],[0.28446,45.1248],[0.2834,45.12686],[0.28268,45.12947],[0.28083,45.13091],[0.27923,45.1332],[0.27534,45.13247],[0.27593,45.13468],[0.27736,45.13673],[0.27875,45.13707],[0.28059,45.1385],[0.28274,45.13857],[0.28393,45.13931],[0.28432,45.14283],[0.28628,45.14465],[0.288,45.14518],[0.28876,45.14628],[0.29042,45.14627],[0.2926,45.14703],[0.2934,45.14915],[0.29293,45.1509],[0.29553,45.15138],[0.29684,45.15306],[0.2993,45.15393],[0.30171,45.1541],[0.3038,45.15475],[0.30401,45.15639],[0.30682,45.15854],[0.30829,45.16157],[0.31062,45.16005],[0.31431,45.15666],[0.31567,45.1564],[0.31675,45.15551],[0.31955,45.15664],[0.32339,45.15764],[0.32375,45.16062],[0.32533,45.16301],[0.3269,45.16426],[0.32727,45.16737],[0.32689,45.16886],[0.32723,45.17114],[0.32916,45.17157],[0.3304,45.1712],[0.33248,45.1714],[0.33421,45.17115],[0.33751,45.17019],[0.34072,45.16782],[0.34263,45.16719],[0.3435,45.16593],[0.34292,45.16547],[0.34434,45.16284],[0.34636,45.16242],[0.34781,45.16343],[0.34803,45.16427],[0.35056,45.16575],[0.35408,45.16689],[0.35641,45.16826],[0.36001,45.168],[0.36281,45.1669],[0.36573,45.16643],[0.36667,45.1667]]]}},{"type":"Feature","id":"fr-commune-24370","properties":{"id":"fr-commune-24370","name":"Saint-Antoine-de-Breuilh","kind":"commune","center":[0.1394,44.8423],"code":"24370","department":"24"},"bbox":[0.09434,44.81891,0.18446,44.86563],"geometry":{"type":"Polygon","coordinates":[[[0.09557,44.83307],[0.09552,44.83462],[0.09434,44.83534],[0.09557,44.83595],[0.09617,44.83737],[0.0976,44.83854],[0.09982,44.83875],[0.10188,44.8393],[0.10719,44.8394],[0.10927,44.83905],[0.11038,44.83947],[0.11135,44.83835],[0.11302,44.8384],[0.11518,44.84069],[0.11814,44.84152],[0.11912,44.84345],[0.12345,44.84635],[0.12537,44.84695],[0.12638,44.84851],[0.12947,44.84969],[0.13197,44.85099],[0.13252,44.85382],[0.13156,44.85446],[0.13047,44.85645],[0.12967,44.85712],[0.1302,44.85859],[0.13116,44.85926],[0.13173,44.86066],[0.13386,44.86084],[0.13545,44.86162],[0.13902,44.86228],[0.14545,44.86154],[0.14616,44.86269],[0.1473,44.86314],[0.1519,44.86358],[0.15571,44.86354],[0.15908,44.86451],[0.16136,44.86563],[0.16622,44.86543],[0.16723,44.86486],[0.16483,44.8615],[0.16377,44.85766],[0.16382,44.85582],[0.16556,44.85567],[0.16476,44.85398],[0.16711,44.85268],[0.16969,44.85232],[0.1703,44.85167],[0.1724,44.85083],[0.17363,44.85097],[0.17368,44.84885],[0.17477,44.84773],[0.17465,44.84602],[0.17373,44.84351],[0.17786,44.84308],[0.17893,44.84222],[0.17841,44.83957],[0.17875,44.83743],[0.17858,44.83594],[0.18114,44.83694],[0.1828,44.83676],[0.18263,44.83596],[0.18121,44.83456],[0.18076,44.83342],[0.18086,44.83181],[0.18155,44.83167],[0.18166,44.8292],[0.18446,44.82871],[0.18293,44.82578],[0.18171,44.82531],[0.17966,44.82591],[0.17493,44.82678],[0.1716,44.82696],[0.16718,44.82638],[0.16229,44.82619],[0.15767,44.82654],[0.155,44.82715],[0.15039,44.82888],[0.14859,44.82932],[0.14578,44.82934],[0.13696,44.8281],[0.13196,44.82797],[0.1259,44.82844],[0.12395,44.8281],[0.12101,44.82628],[0.11703,44.82224],[0.11415,44.8196],[0.11392,44.81943],[0.11199,44.81891],[0.11023,44.81921],[0.10859,44.82053],[0.10806,44.82342],[0.10846,44.82796],[0.10832,44.83148],[0.10738,44.83245],[0.10537,44.83314],[0.09779,44.83322],[0.09557,44.83307]]]}},{"type":"Feature","id":"fr-commune-24371","properties":{"id":"fr-commune-24371","name":"Saint-Aquilin","kind":"commune","center":[0.488,45.1877],"code":"24371","department":"24"},"bbox":[0.44967,45.16,0.52649,45.21542],"geometry":{"type":"Polygon","coordinates":[[[0.51349,45.21511],[0.51442,45.2146],[0.51915,45.21078],[0.52108,45.21039],[0.52315,45.20935],[0.52397,45.20749],[0.52329,45.20497],[0.52371,45.20345],[0.52649,45.19924],[0.52548,45.19705],[0.5227,45.19555],[0.52448,45.19436],[0.52565,45.19211],[0.52205,45.19035],[0.52602,45.18508],[0.5244,45.18486],[0.52085,45.18193],[0.52219,45.18071],[0.51891,45.17915],[0.51552,45.17667],[0.51497,45.17612],[0.51258,45.17604],[0.50805,45.17472],[0.50578,45.17441],[0.50098,45.1747],[0.49699,45.17462],[0.49408,45.17366],[0.4904,45.17281],[0.48788,45.16949],[0.48544,45.1667],[0.48145,45.16395],[0.48062,45.16188],[0.47951,45.16024],[0.47739,45.16],[0.47458,45.16227],[0.47132,45.16221],[0.4662,45.16251],[0.46555,45.16203],[0.46533,45.16312],[0.46641,45.16387],[0.46719,45.16537],[0.46662,45.16633],[0.46798,45.1677],[0.46764,45.16868],[0.46937,45.16967],[0.4692,45.17089],[0.47108,45.17397],[0.47363,45.17563],[0.47261,45.17616],[0.47011,45.17612],[0.46652,45.17505],[0.46417,45.17511],[0.46504,45.17826],[0.46568,45.17895],[0.46249,45.18092],[0.46199,45.18156],[0.46339,45.18244],[0.46455,45.18471],[0.4629,45.18497],[0.45862,45.18644],[0.45572,45.18697],[0.45143,45.18866],[0.45015,45.19054],[0.44967,45.19301],[0.45092,45.19497],[0.45278,45.1953],[0.45632,45.19544],[0.45303,45.197],[0.45093,45.20071],[0.45359,45.20487],[0.45446,45.20792],[0.45591,45.20951],[0.45649,45.20995],[0.46199,45.21027],[0.46469,45.21018],[0.46829,45.20926],[0.46977,45.20865],[0.47142,45.21143],[0.47277,45.21249],[0.47186,45.2146],[0.47778,45.21253],[0.47996,45.21155],[0.48536,45.21542],[0.48812,45.2139],[0.48711,45.21236],[0.48709,45.21116],[0.49031,45.21158],[0.49033,45.20909],[0.49206,45.20776],[0.49092,45.20582],[0.49126,45.20459],[0.49357,45.20138],[0.49879,45.20294],[0.50186,45.20538],[0.50339,45.20627],[0.5082,45.20619],[0.50915,45.20911],[0.51043,45.2121],[0.51197,45.21332],[0.51349,45.21511]]]}},{"type":"Feature","id":"fr-commune-24372","properties":{"id":"fr-commune-24372","name":"Saint-Astier","kind":"commune","center":[0.5146,45.1426],"code":"24372","department":"24"},"bbox":[0.46243,45.10923,0.56681,45.17683],"geometry":{"type":"Polygon","coordinates":[[[0.46243,45.15564],[0.46256,45.15678],[0.46555,45.16203],[0.4662,45.16251],[0.47132,45.16221],[0.47458,45.16227],[0.47739,45.16],[0.47951,45.16024],[0.48062,45.16188],[0.48145,45.16395],[0.48544,45.1667],[0.48788,45.16949],[0.4904,45.17281],[0.49408,45.17366],[0.49699,45.17462],[0.50098,45.1747],[0.50578,45.17441],[0.50805,45.17472],[0.51258,45.17604],[0.51497,45.17612],[0.51552,45.17667],[0.5166,45.17573],[0.51999,45.17433],[0.52945,45.17331],[0.53207,45.17329],[0.53371,45.17366],[0.5385,45.17246],[0.5398,45.17167],[0.54112,45.17241],[0.54497,45.17376],[0.54613,45.17473],[0.54629,45.17566],[0.54799,45.17683],[0.55328,45.17384],[0.55546,45.17301],[0.55895,45.17125],[0.5599,45.17008],[0.56211,45.16824],[0.56369,45.16618],[0.557,45.16455],[0.55464,45.16325],[0.55253,45.16092],[0.55195,45.15918],[0.55371,45.15793],[0.55318,45.15707],[0.55532,45.15565],[0.55645,45.15396],[0.55611,45.15145],[0.55658,45.15064],[0.55901,45.15193],[0.56054,45.15077],[0.56055,45.14871],[0.56123,45.14753],[0.56279,45.14725],[0.56259,45.14622],[0.56415,45.14505],[0.56681,45.14114],[0.56326,45.1391],[0.56045,45.13818],[0.55949,45.13682],[0.55427,45.13483],[0.55269,45.13485],[0.55125,45.13306],[0.55267,45.13262],[0.55246,45.13105],[0.55298,45.12754],[0.55382,45.12558],[0.55625,45.12221],[0.55751,45.12139],[0.55527,45.11978],[0.55525,45.11695],[0.55391,45.11689],[0.553,45.11585],[0.55269,45.11332],[0.55147,45.1121],[0.54874,45.11209],[0.54667,45.11294],[0.54507,45.11309],[0.54472,45.11168],[0.54323,45.11142],[0.54197,45.10949],[0.53982,45.10923],[0.53843,45.1124],[0.53616,45.1131],[0.5355,45.1157],[0.53569,45.11966],[0.53469,45.12145],[0.53272,45.1234],[0.53142,45.12423],[0.52895,45.12758],[0.52566,45.12491],[0.52234,45.12421],[0.51601,45.12247],[0.51299,45.12222],[0.50523,45.12229],[0.50622,45.12466],[0.5029,45.12729],[0.50252,45.12843],[0.50053,45.12922],[0.49851,45.13046],[0.49793,45.13209],[0.49541,45.13369],[0.49331,45.13172],[0.48974,45.13253],[0.4876,45.13494],[0.48575,45.13604],[0.48097,45.13627],[0.48025,45.13527],[0.47524,45.13718],[0.47308,45.13741],[0.47369,45.13933],[0.47315,45.1406],[0.47331,45.14235],[0.4741,45.14376],[0.47613,45.1459],[0.47598,45.14799],[0.47653,45.15059],[0.4724,45.15139],[0.46963,45.15308],[0.46677,45.15449],[0.46243,45.15564]]]}},{"type":"Feature","id":"fr-commune-24373","properties":{"id":"fr-commune-24373","name":"Saint-Aubin-de-Cadelech","kind":"commune","center":[0.4933,44.6878],"code":"24373","department":"24"},"bbox":[0.46271,44.66658,0.52381,44.7091],"geometry":{"type":"Polygon","coordinates":[[[0.47064,44.66955],[0.46904,44.67045],[0.4669,44.67441],[0.46381,44.67461],[0.46271,44.67365],[0.4633,44.67666],[0.46429,44.67833],[0.46425,44.67991],[0.46566,44.68221],[0.46745,44.68349],[0.46726,44.68509],[0.46833,44.68862],[0.4701,44.69072],[0.47049,44.69193],[0.46999,44.69319],[0.4707,44.69361],[0.4716,44.69584],[0.47316,44.69768],[0.47456,44.69843],[0.47694,44.69848],[0.47925,44.70067],[0.48053,44.70043],[0.48038,44.70253],[0.47953,44.7034],[0.47954,44.7057],[0.47862,44.70797],[0.47973,44.7091],[0.48131,44.70719],[0.4833,44.70567],[0.48437,44.70413],[0.48539,44.70438],[0.48722,44.70249],[0.48933,44.70502],[0.49081,44.70542],[0.49403,44.70528],[0.49766,44.70316],[0.49906,44.70134],[0.50123,44.69995],[0.50474,44.69925],[0.50724,44.69843],[0.50994,44.6986],[0.51277,44.69742],[0.51499,44.69621],[0.51834,44.69392],[0.51989,44.69171],[0.52146,44.69088],[0.52237,44.68898],[0.52348,44.68867],[0.52381,44.68623],[0.52258,44.68488],[0.52315,44.68415],[0.52185,44.68279],[0.52163,44.67857],[0.51933,44.67782],[0.51572,44.67866],[0.51277,44.67846],[0.51176,44.67894],[0.50864,44.67646],[0.50907,44.676],[0.50789,44.67442],[0.50447,44.67384],[0.50241,44.674],[0.50045,44.67343],[0.49708,44.67137],[0.49669,44.67006],[0.49552,44.66993],[0.49439,44.66818],[0.49095,44.66719],[0.48969,44.66658],[0.48498,44.66703],[0.48122,44.66684],[0.47857,44.66741],[0.47807,44.6686],[0.47659,44.6692],[0.47387,44.66866],[0.47064,44.66955]]]}},{"type":"Feature","id":"fr-commune-24374","properties":{"id":"fr-commune-24374","name":"Saint-Aubin-de-Lanquais","kind":"commune","center":[0.5982,44.7982],"code":"24374","department":"24"},"bbox":[0.57724,44.77464,0.61911,44.82177],"geometry":{"type":"Polygon","coordinates":[[[0.58934,44.7844],[0.58299,44.78612],[0.58119,44.78689],[0.58113,44.78881],[0.58174,44.79011],[0.57724,44.79217],[0.57827,44.79403],[0.58103,44.79746],[0.58095,44.79934],[0.58044,44.80043],[0.58334,44.79919],[0.58497,44.79762],[0.58695,44.79671],[0.59077,44.79603],[0.59324,44.79645],[0.59332,44.79875],[0.59691,44.80231],[0.59564,44.80637],[0.59453,44.80853],[0.59392,44.81129],[0.59185,44.81443],[0.59415,44.8159],[0.59723,44.81694],[0.59769,44.81776],[0.59974,44.81922],[0.60093,44.81911],[0.60261,44.82177],[0.6058,44.82156],[0.6072,44.82054],[0.60851,44.82031],[0.61031,44.81915],[0.61026,44.81849],[0.6119,44.81699],[0.61277,44.81626],[0.6127,44.81382],[0.61312,44.81273],[0.61476,44.81062],[0.61659,44.8093],[0.61798,44.80891],[0.61813,44.80711],[0.6168,44.8052],[0.61745,44.80403],[0.61705,44.8012],[0.61805,44.80033],[0.61911,44.79797],[0.61747,44.79649],[0.61884,44.79517],[0.61707,44.79331],[0.61719,44.79058],[0.61654,44.78633],[0.6168,44.78513],[0.6185,44.78422],[0.61677,44.78267],[0.61586,44.78249],[0.61535,44.78044],[0.61339,44.77899],[0.61473,44.77793],[0.61236,44.77782],[0.61112,44.77696],[0.60885,44.777],[0.60778,44.77585],[0.60528,44.77555],[0.60331,44.77464],[0.60357,44.77568],[0.60311,44.77761],[0.60111,44.78045],[0.60056,44.78189],[0.59852,44.78176],[0.59149,44.78393],[0.58934,44.7844]]]}},{"type":"Feature","id":"fr-commune-24375","properties":{"id":"fr-commune-24375","name":"Saint-Aubin-de-Nabirat","kind":"commune","center":[1.2825,44.7312],"code":"24375","department":"24"},"bbox":[1.26462,44.71468,1.30061,44.74751],"geometry":{"type":"Polygon","coordinates":[[[1.27014,44.72244],[1.26807,44.72214],[1.26462,44.72446],[1.2648,44.72656],[1.26738,44.72729],[1.2675,44.72867],[1.27002,44.73154],[1.27148,44.73217],[1.27357,44.73378],[1.27373,44.7349],[1.27206,44.73806],[1.27363,44.73967],[1.2746,44.74268],[1.27609,44.74329],[1.27492,44.74531],[1.27506,44.74751],[1.27631,44.74749],[1.27849,44.74737],[1.28234,44.74568],[1.28484,44.7463],[1.28875,44.74619],[1.29142,44.74534],[1.29455,44.74527],[1.29734,44.7447],[1.30017,44.74445],[1.30061,44.74304],[1.29784,44.74137],[1.29799,44.74036],[1.29683,44.73772],[1.29532,44.73603],[1.29838,44.73446],[1.30018,44.73386],[1.29894,44.73063],[1.29873,44.72821],[1.29813,44.72716],[1.29839,44.72615],[1.29621,44.72499],[1.29342,44.72273],[1.29189,44.72242],[1.28938,44.72089],[1.28958,44.71987],[1.28854,44.71856],[1.28857,44.71711],[1.2874,44.71574],[1.28713,44.71468],[1.28639,44.715],[1.28311,44.71503],[1.28145,44.71577],[1.28007,44.71579],[1.27455,44.71918],[1.27449,44.72023],[1.27543,44.72132],[1.27476,44.72197],[1.27239,44.72297],[1.27014,44.72244]]]}},{"type":"Feature","id":"fr-commune-24376","properties":{"id":"fr-commune-24376","name":"Saint Aulaye-Puymangou","kind":"commune","center":[0.1144,45.1817],"code":"24376","department":"24"},"bbox":[0.05225,45.14596,0.17639,45.21736],"geometry":{"type":"Polygon","coordinates":[[[0.14521,45.21466],[0.14758,45.21613],[0.1504,45.21736],[0.1524,45.21673],[0.15196,45.21566],[0.15246,45.21417],[0.15548,45.21389],[0.1569,45.21325],[0.15803,45.21196],[0.15917,45.21165],[0.16031,45.21044],[0.16173,45.21003],[0.16263,45.20889],[0.16307,45.2073],[0.16444,45.20793],[0.16708,45.20754],[0.16801,45.20806],[0.17096,45.20643],[0.17222,45.20543],[0.17156,45.20404],[0.17319,45.20307],[0.17151,45.20108],[0.16944,45.20042],[0.16749,45.1986],[0.16797,45.19733],[0.16885,45.19697],[0.1689,45.19525],[0.16766,45.19415],[0.16542,45.1898],[0.16822,45.18281],[0.1688,45.18173],[0.17333,45.1811],[0.17443,45.18063],[0.17597,45.17807],[0.17588,45.17462],[0.17639,45.17309],[0.17533,45.16842],[0.17241,45.16643],[0.1702,45.16446],[0.16784,45.16554],[0.16635,45.16487],[0.16545,45.16198],[0.16561,45.15956],[0.16436,45.15895],[0.16453,45.15778],[0.16324,45.15455],[0.1602,45.15368],[0.15908,45.15266],[0.15728,45.1521],[0.1558,45.1507],[0.15384,45.15014],[0.15029,45.15004],[0.14712,45.14751],[0.14583,45.14596],[0.14395,45.14678],[0.14078,45.14699],[0.14006,45.14886],[0.13828,45.14926],[0.13558,45.15148],[0.13309,45.15498],[0.13523,45.15604],[0.13531,45.15898],[0.13433,45.15919],[0.13211,45.15726],[0.12995,45.15713],[0.12719,45.1557],[0.12393,45.15587],[0.12113,45.15641],[0.11843,45.15584],[0.11492,45.15599],[0.11181,45.15705],[0.10991,45.15698],[0.10815,45.15752],[0.10677,45.15942],[0.10884,45.16226],[0.10798,45.16292],[0.1037,45.16491],[0.10272,45.16565],[0.101,45.16558],[0.09771,45.1672],[0.09572,45.16973],[0.09415,45.17073],[0.09071,45.16983],[0.09037,45.16911],[0.08751,45.16721],[0.08364,45.16722],[0.08067,45.16702],[0.07665,45.16593],[0.07545,45.16523],[0.0728,45.16287],[0.07183,45.16268],[0.07033,45.16339],[0.06702,45.16371],[0.06531,45.1656],[0.06165,45.16825],[0.06416,45.16954],[0.06555,45.17092],[0.06429,45.17315],[0.06107,45.17454],[0.05868,45.1785],[0.05579,45.17847],[0.05447,45.18036],[0.05225,45.18457],[0.05291,45.18717],[0.05267,45.1895],[0.05341,45.19004],[0.05572,45.18972],[0.05996,45.18961],[0.06132,45.19083],[0.06322,45.19153],[0.0638,45.19465],[0.06494,45.19634],[0.06806,45.19676],[0.07056,45.19608],[0.07339,45.19754],[0.0786,45.19954],[0.08123,45.2026],[0.08597,45.20419],[0.08912,45.20464],[0.09036,45.20455],[0.09151,45.19999],[0.09442,45.19999],[0.09746,45.19957],[0.10125,45.19998],[0.10373,45.20114],[0.10612,45.2014],[0.10626,45.2042],[0.10704,45.20461],[0.10721,45.20593],[0.10806,45.2068],[0.1093,45.20938],[0.10938,45.2112],[0.11156,45.21388],[0.11314,45.21403],[0.11416,45.21479],[0.11512,45.21398],[0.11749,45.2131],[0.12019,45.21275],[0.12201,45.21146],[0.1238,45.21111],[0.12572,45.20937],[0.12807,45.20927],[0.13023,45.20815],[0.13243,45.20872],[0.13308,45.20927],[0.13596,45.21015],[0.13565,45.21276],[0.13589,45.21588],[0.13734,45.21657],[0.13919,45.21657],[0.1385,45.215],[0.14156,45.21495],[0.14219,45.21428],[0.14395,45.21384],[0.14521,45.21466]]]}},{"type":"Feature","id":"fr-commune-24377","properties":{"id":"fr-commune-24377","name":"Saint-Avit-de-Vialard","kind":"commune","center":[0.8579,44.9458],"code":"24377","department":"24"},"bbox":[0.83206,44.91511,0.88382,44.97646],"geometry":{"type":"Polygon","coordinates":[[[0.87439,44.91511],[0.87324,44.91617],[0.87038,44.92028],[0.86796,44.92463],[0.8659,44.92668],[0.86458,44.92842],[0.86429,44.92985],[0.86562,44.9324],[0.86368,44.93541],[0.86379,44.9363],[0.86234,44.93811],[0.86105,44.93904],[0.86098,44.94039],[0.85869,44.9426],[0.85719,44.94353],[0.8521,44.94459],[0.85026,44.94687],[0.84944,44.94681],[0.84713,44.95033],[0.8449,44.95089],[0.84089,44.95399],[0.83897,44.95473],[0.837,44.95475],[0.83512,44.95418],[0.83206,44.95693],[0.83277,44.95788],[0.83211,44.96022],[0.83341,44.96369],[0.83492,44.96436],[0.8357,44.96539],[0.83758,44.9637],[0.84028,44.96269],[0.84278,44.96091],[0.84562,44.96199],[0.8482,44.96416],[0.84987,44.9649],[0.85078,44.96703],[0.84913,44.9678],[0.84937,44.96949],[0.85055,44.97164],[0.84935,44.97339],[0.84905,44.97599],[0.85074,44.97646],[0.8526,44.9762],[0.85319,44.97452],[0.85732,44.97274],[0.85886,44.97065],[0.85831,44.96929],[0.85829,44.96723],[0.85751,44.96464],[0.85813,44.96361],[0.85845,44.95967],[0.85971,44.95858],[0.86241,44.95537],[0.86279,44.9526],[0.86408,44.95179],[0.86487,44.94984],[0.86735,44.94861],[0.87006,44.94817],[0.87231,44.94714],[0.87463,44.94551],[0.87685,44.9454],[0.8781,44.946],[0.87965,44.94604],[0.88119,44.94536],[0.88182,44.94448],[0.88194,44.94236],[0.88321,44.94052],[0.88325,44.93797],[0.88237,44.93634],[0.88208,44.93487],[0.88244,44.93347],[0.88126,44.93197],[0.88155,44.92926],[0.88246,44.9286],[0.8822,44.9273],[0.88305,44.92319],[0.88382,44.9219],[0.88217,44.92099],[0.87905,44.92082],[0.87811,44.91905],[0.87513,44.91702],[0.87569,44.91592],[0.87439,44.91511]]]}},{"type":"Feature","id":"fr-commune-24378","properties":{"id":"fr-commune-24378","name":"Saint-Avit-Rivière","kind":"commune","center":[0.9093,44.7413],"code":"24378","department":"24"},"bbox":[0.86781,44.722,0.95092,44.76052],"geometry":{"type":"Polygon","coordinates":[[[0.9433,44.75235],[0.94749,44.75412],[0.94986,44.75456],[0.9491,44.75295],[0.94749,44.75079],[0.94775,44.7494],[0.94711,44.7459],[0.94762,44.7438],[0.95012,44.74227],[0.95092,44.74078],[0.94903,44.73838],[0.94898,44.73625],[0.94576,44.73453],[0.94377,44.73267],[0.94223,44.73189],[0.94058,44.72997],[0.94011,44.7306],[0.93775,44.73035],[0.93402,44.73054],[0.93312,44.73144],[0.93147,44.73206],[0.9299,44.7319],[0.92671,44.73307],[0.92467,44.73305],[0.92286,44.73367],[0.92187,44.73483],[0.9185,44.73562],[0.91597,44.73527],[0.9138,44.73637],[0.9133,44.73334],[0.91343,44.72866],[0.91264,44.72755],[0.91567,44.72408],[0.91573,44.72295],[0.91525,44.72312],[0.91176,44.72214],[0.90992,44.72232],[0.90689,44.72353],[0.90244,44.722],[0.90034,44.72249],[0.89719,44.72266],[0.89533,44.72378],[0.89344,44.72373],[0.89044,44.72479],[0.88818,44.72498],[0.88487,44.72612],[0.88122,44.72811],[0.88086,44.73111],[0.88341,44.73598],[0.88098,44.73594],[0.87876,44.7365],[0.87696,44.7374],[0.87417,44.73798],[0.87347,44.73942],[0.87148,44.74137],[0.87175,44.74265],[0.87147,44.745],[0.87247,44.74738],[0.872,44.74852],[0.87069,44.74889],[0.86872,44.75015],[0.86781,44.75155],[0.86831,44.75238],[0.87017,44.75221],[0.87675,44.75335],[0.87936,44.7547],[0.88222,44.75521],[0.88509,44.75627],[0.88831,44.75649],[0.8895,44.7569],[0.89071,44.75643],[0.89317,44.75745],[0.89777,44.75771],[0.89976,44.75863],[0.90186,44.76052],[0.90461,44.75957],[0.90697,44.75992],[0.90701,44.75639],[0.90505,44.75382],[0.90738,44.74854],[0.90757,44.74476],[0.91077,44.74354],[0.91398,44.74411],[0.9159,44.74364],[0.92197,44.7436],[0.9237,44.74304],[0.92608,44.74359],[0.93189,44.74429],[0.93895,44.74544],[0.94078,44.74472],[0.94149,44.746],[0.94208,44.74823],[0.94313,44.75038],[0.9433,44.75235]]]}},{"type":"Feature","id":"fr-commune-24379","properties":{"id":"fr-commune-24379","name":"Saint-Avit-Sénieur","kind":"commune","center":[0.8184,44.7728],"code":"24379","department":"24"},"bbox":[0.77193,44.74876,0.86488,44.79687],"geometry":{"type":"Polygon","coordinates":[[[0.84504,44.75099],[0.84368,44.751],[0.84201,44.75],[0.84068,44.75081],[0.83826,44.75092],[0.8372,44.75184],[0.83323,44.75156],[0.83084,44.75108],[0.82981,44.75206],[0.82401,44.75154],[0.82128,44.75268],[0.81633,44.7531],[0.81397,44.75392],[0.8128,44.75509],[0.80978,44.75499],[0.80889,44.75747],[0.80958,44.76046],[0.80845,44.76242],[0.8059,44.76295],[0.80353,44.76423],[0.8025,44.76652],[0.79984,44.76776],[0.79974,44.76888],[0.79866,44.76969],[0.79864,44.77146],[0.79762,44.7726],[0.79629,44.7752],[0.79375,44.77836],[0.7928,44.77843],[0.79149,44.77999],[0.78681,44.78152],[0.78515,44.78118],[0.78323,44.78191],[0.78013,44.78394],[0.77771,44.7852],[0.77481,44.78601],[0.77193,44.78626],[0.77218,44.78893],[0.77308,44.79054],[0.77356,44.79584],[0.77495,44.79626],[0.77654,44.79581],[0.77753,44.79654],[0.78009,44.79543],[0.78257,44.79513],[0.78503,44.79561],[0.78652,44.79687],[0.78831,44.79628],[0.79017,44.79667],[0.79398,44.79482],[0.79512,44.7949],[0.79713,44.79389],[0.80122,44.79274],[0.80599,44.79228],[0.80845,44.79255],[0.81287,44.79197],[0.81567,44.79209],[0.81901,44.7907],[0.82025,44.79098],[0.82188,44.79043],[0.82407,44.79053],[0.82796,44.79238],[0.83087,44.79241],[0.83201,44.792],[0.83294,44.79309],[0.83541,44.7937],[0.83821,44.79491],[0.84339,44.79616],[0.84452,44.79669],[0.84785,44.79509],[0.84943,44.7935],[0.85237,44.79119],[0.85385,44.79035],[0.85488,44.79003],[0.85682,44.78796],[0.85806,44.78556],[0.85264,44.78448],[0.85097,44.78382],[0.84975,44.78261],[0.85243,44.77883],[0.85623,44.77678],[0.85553,44.77631],[0.85806,44.77474],[0.85744,44.77349],[0.85741,44.77176],[0.86319,44.77404],[0.86365,44.77179],[0.86488,44.76955],[0.86346,44.76796],[0.86218,44.76592],[0.86263,44.76566],[0.86131,44.76303],[0.86176,44.76259],[0.86089,44.76095],[0.85889,44.75877],[0.85853,44.75776],[0.85705,44.75624],[0.85661,44.75393],[0.85792,44.75197],[0.859,44.74952],[0.85782,44.74876],[0.85278,44.75051],[0.84989,44.75121],[0.84757,44.75134],[0.84504,44.75099]]]}},{"type":"Feature","id":"fr-commune-24380","properties":{"id":"fr-commune-24380","name":"Saint-Barthélemy-de-Bellegarde","kind":"commune","center":[0.1979,45.0831],"code":"24380","department":"24"},"bbox":[0.14546,45.05223,0.25035,45.11397],"geometry":{"type":"Polygon","coordinates":[[[0.23561,45.09394],[0.23745,45.09277],[0.2375,45.09011],[0.23814,45.08868],[0.2411,45.08722],[0.24165,45.08664],[0.24379,45.0862],[0.24429,45.08493],[0.24635,45.08381],[0.24878,45.08317],[0.25035,45.08233],[0.2471,45.08002],[0.24189,45.07791],[0.24005,45.07566],[0.2396,45.07434],[0.23712,45.07314],[0.23452,45.06925],[0.23269,45.06798],[0.2303,45.06717],[0.22895,45.06628],[0.22831,45.06503],[0.22847,45.06242],[0.22577,45.06134],[0.22162,45.0611],[0.2185,45.06118],[0.21702,45.06003],[0.21377,45.05967],[0.21025,45.05856],[0.20908,45.0573],[0.20731,45.05673],[0.20507,45.05653],[0.20493,45.05596],[0.20258,45.05402],[0.20109,45.05379],[0.19958,45.05223],[0.19671,45.05287],[0.19523,45.05418],[0.19366,45.05488],[0.19325,45.05634],[0.19246,45.057],[0.18819,45.05409],[0.1859,45.0549],[0.18391,45.05479],[0.18164,45.05516],[0.17719,45.05719],[0.17253,45.05874],[0.17128,45.0588],[0.16975,45.05975],[0.16514,45.06112],[0.16471,45.06031],[0.16549,45.05921],[0.16531,45.05763],[0.164,45.05753],[0.16344,45.0566],[0.16109,45.05476],[0.15699,45.05498],[0.15501,45.05443],[0.15028,45.05489],[0.14989,45.05608],[0.14789,45.05883],[0.14803,45.06039],[0.14887,45.06167],[0.14944,45.06381],[0.15018,45.06517],[0.15285,45.06846],[0.15432,45.07108],[0.15453,45.07368],[0.15424,45.07612],[0.15542,45.07743],[0.15476,45.07903],[0.1512,45.07976],[0.15009,45.07976],[0.14793,45.07895],[0.14668,45.08],[0.14621,45.08162],[0.14546,45.08183],[0.14584,45.0847],[0.14741,45.08514],[0.15104,45.08494],[0.15395,45.08508],[0.15749,45.08415],[0.16121,45.08397],[0.16185,45.08811],[0.16047,45.08993],[0.15949,45.09185],[0.15944,45.09316],[0.16025,45.09417],[0.16009,45.09695],[0.16181,45.09875],[0.16096,45.0997],[0.15812,45.09835],[0.15787,45.10019],[0.15929,45.10139],[0.15949,45.10254],[0.15883,45.10555],[0.15957,45.10647],[0.16288,45.10672],[0.16488,45.10747],[0.16646,45.10764],[0.16751,45.10848],[0.17031,45.10945],[0.17374,45.1083],[0.17734,45.10817],[0.17905,45.10774],[0.1836,45.10609],[0.18631,45.10546],[0.18783,45.10714],[0.18721,45.10853],[0.18874,45.11056],[0.19108,45.11176],[0.19048,45.1136],[0.19112,45.11397],[0.19401,45.11367],[0.19475,45.11306],[0.19641,45.11314],[0.1995,45.11149],[0.1995,45.10923],[0.20259,45.10565],[0.20218,45.10427],[0.19858,45.1014],[0.19908,45.09832],[0.20343,45.0983],[0.20867,45.09982],[0.21195,45.10018],[0.21376,45.09847],[0.21533,45.09807],[0.21737,45.09632],[0.22153,45.0955],[0.22523,45.09426],[0.22849,45.09391],[0.23199,45.0938],[0.23369,45.09448],[0.23561,45.09394]]]}},{"type":"Feature","id":"fr-commune-24381","properties":{"id":"fr-commune-24381","name":"Saint-Barthélemy-de-Bussière","kind":"commune","center":[0.7479,45.6417],"code":"24381","department":"24"},"bbox":[0.71878,45.6154,0.77709,45.66791],"geometry":{"type":"Polygon","coordinates":[[[0.77362,45.66789],[0.77623,45.66791],[0.77709,45.66489],[0.77552,45.66355],[0.77523,45.66218],[0.7741,45.66159],[0.77464,45.65989],[0.77417,45.65645],[0.77251,45.65412],[0.77283,45.65223],[0.77273,45.6501],[0.77211,45.64941],[0.76963,45.64807],[0.76978,45.64705],[0.76819,45.64629],[0.76753,45.64479],[0.7652,45.64425],[0.76548,45.64271],[0.76387,45.6419],[0.76408,45.63945],[0.7648,45.63832],[0.76492,45.63677],[0.76414,45.63537],[0.7647,45.63191],[0.76386,45.63096],[0.76348,45.62852],[0.76189,45.62782],[0.75936,45.62495],[0.75669,45.62393],[0.75589,45.62244],[0.75599,45.62139],[0.75441,45.61989],[0.75222,45.61891],[0.75061,45.61687],[0.74964,45.6154],[0.74721,45.61625],[0.74619,45.61728],[0.74413,45.61843],[0.73959,45.61884],[0.7329,45.6181],[0.72854,45.61813],[0.72713,45.61782],[0.72255,45.6206],[0.72133,45.62212],[0.72055,45.62423],[0.72069,45.62701],[0.72341,45.63056],[0.72427,45.63275],[0.72362,45.63614],[0.7229,45.63685],[0.72707,45.64034],[0.72767,45.64025],[0.72922,45.64209],[0.7295,45.64342],[0.72779,45.64412],[0.72629,45.64378],[0.7252,45.64291],[0.72425,45.64344],[0.71878,45.64471],[0.72014,45.64582],[0.72129,45.64747],[0.72487,45.64866],[0.72613,45.64962],[0.72783,45.65249],[0.72879,45.65502],[0.72992,45.65694],[0.73498,45.65663],[0.73781,45.6558],[0.74009,45.65644],[0.74245,45.65768],[0.74487,45.65972],[0.74822,45.66107],[0.74872,45.66153],[0.75236,45.66237],[0.75514,45.66191],[0.7587,45.66186],[0.75975,45.66216],[0.7651,45.66502],[0.76842,45.66624],[0.77174,45.66783],[0.77362,45.66789]]]}},{"type":"Feature","id":"fr-commune-24382","properties":{"id":"fr-commune-24382","name":"Saint-Capraise-de-Lalinde","kind":"commune","center":[0.6532,44.8463],"code":"24382","department":"24"},"bbox":[0.63181,44.83833,0.67467,44.85433],"geometry":{"type":"Polygon","coordinates":[[[0.67376,44.83833],[0.66745,44.84018],[0.66612,44.84038],[0.66206,44.84035],[0.65821,44.84009],[0.65386,44.8405],[0.6483,44.84162],[0.64359,44.8418],[0.63877,44.84239],[0.63538,44.84345],[0.63181,44.84538],[0.63382,44.8472],[0.63373,44.85091],[0.63432,44.85232],[0.6377,44.85385],[0.63808,44.85433],[0.63931,44.85427],[0.6418,44.85286],[0.64313,44.85259],[0.64523,44.85148],[0.64592,44.85176],[0.6487,44.85105],[0.64971,44.85151],[0.65029,44.85319],[0.65617,44.85197],[0.65718,44.85137],[0.6595,44.85108],[0.66342,44.85103],[0.66883,44.85126],[0.67056,44.85194],[0.67368,44.85226],[0.6744,44.85184],[0.67467,44.85018],[0.67387,44.84794],[0.67279,44.84649],[0.67244,44.84361],[0.6737,44.84272],[0.67345,44.83911],[0.67376,44.83833]]]}},{"type":"Feature","id":"fr-commune-24383","properties":{"id":"fr-commune-24383","name":"Saint-Capraise-d'Eymet","kind":"commune","center":[0.5073,44.7081],"code":"24383","department":"24"},"bbox":[0.47973,44.68558,0.53469,44.73071],"geometry":{"type":"Polygon","coordinates":[[[0.47973,44.7091],[0.48135,44.71127],[0.48057,44.71285],[0.48006,44.71622],[0.48072,44.71679],[0.48504,44.71837],[0.48658,44.72021],[0.49204,44.72078],[0.49272,44.72006],[0.49528,44.72112],[0.49583,44.72177],[0.49872,44.72289],[0.50086,44.72241],[0.50399,44.72506],[0.50368,44.72563],[0.51149,44.73052],[0.51207,44.73071],[0.51413,44.72996],[0.51405,44.72753],[0.51827,44.72743],[0.52157,44.72696],[0.52683,44.72481],[0.53162,44.72494],[0.53459,44.72304],[0.53469,44.72161],[0.53317,44.72078],[0.53112,44.71751],[0.53072,44.71592],[0.52681,44.71311],[0.52693,44.70991],[0.52631,44.70763],[0.52679,44.70438],[0.5261,44.70303],[0.52692,44.70136],[0.52802,44.70064],[0.52987,44.69862],[0.53052,44.69687],[0.52996,44.69572],[0.53069,44.69514],[0.5319,44.69298],[0.53205,44.69023],[0.53371,44.6884],[0.53295,44.68673],[0.5294,44.68558],[0.52869,44.68679],[0.52674,44.68805],[0.52348,44.68867],[0.52237,44.68898],[0.52146,44.69088],[0.51989,44.69171],[0.51834,44.69392],[0.51499,44.69621],[0.51277,44.69742],[0.50994,44.6986],[0.50724,44.69843],[0.50474,44.69925],[0.50123,44.69995],[0.49906,44.70134],[0.49766,44.70316],[0.49403,44.70528],[0.49081,44.70542],[0.48933,44.70502],[0.48722,44.70249],[0.48539,44.70438],[0.48437,44.70413],[0.4833,44.70567],[0.48131,44.70719],[0.47973,44.7091]]]}},{"type":"Feature","id":"fr-commune-24384","properties":{"id":"fr-commune-24384","name":"Saint-Cassien","kind":"commune","center":[0.8469,44.68],"code":"24384","department":"24"},"bbox":[0.82571,44.66898,0.86763,44.69108],"geometry":{"type":"Polygon","coordinates":[[[0.82571,44.676],[0.82828,44.67677],[0.82876,44.67854],[0.82947,44.67947],[0.82915,44.68081],[0.83004,44.68158],[0.8318,44.68425],[0.83289,44.68492],[0.83398,44.6865],[0.83539,44.68696],[0.83765,44.68846],[0.84091,44.69108],[0.84337,44.69094],[0.84365,44.69011],[0.84762,44.68928],[0.84798,44.68834],[0.84963,44.68836],[0.85165,44.68663],[0.85376,44.68549],[0.85588,44.68561],[0.85941,44.68494],[0.8616,44.68362],[0.86304,44.68363],[0.8655,44.68294],[0.86617,44.68305],[0.86616,44.68119],[0.86763,44.67829],[0.86531,44.67631],[0.86434,44.67591],[0.86196,44.67607],[0.85856,44.67506],[0.85539,44.67465],[0.85169,44.6751],[0.84945,44.6751],[0.8506,44.67216],[0.85188,44.67071],[0.85244,44.66898],[0.84938,44.67004],[0.84759,44.67032],[0.84489,44.66958],[0.84367,44.67015],[0.84057,44.67074],[0.83979,44.6705],[0.83586,44.67073],[0.83323,44.67044],[0.83183,44.67162],[0.82986,44.67192],[0.82713,44.6733],[0.82571,44.676]]]}},{"type":"Feature","id":"fr-commune-24385","properties":{"id":"fr-commune-24385","name":"Saint-Cernin-de-Labarde","kind":"commune","center":[0.5828,44.7654],"code":"24385","department":"24"},"bbox":[0.54953,44.74646,0.61607,44.7844],"geometry":{"type":"Polygon","coordinates":[[[0.61607,44.76012],[0.61547,44.75872],[0.61374,44.75335],[0.61282,44.75137],[0.6121,44.74892],[0.60821,44.74993],[0.60623,44.74915],[0.59955,44.74811],[0.59882,44.74865],[0.59725,44.74741],[0.59397,44.74651],[0.59224,44.74646],[0.58792,44.7478],[0.58539,44.74765],[0.58423,44.74921],[0.58282,44.75321],[0.58326,44.75431],[0.58131,44.75497],[0.57973,44.75687],[0.58105,44.75785],[0.58061,44.75936],[0.5812,44.76003],[0.57954,44.76079],[0.57798,44.76089],[0.57557,44.75959],[0.57402,44.75942],[0.56967,44.75978],[0.56886,44.75832],[0.5675,44.75707],[0.56649,44.758],[0.56445,44.75693],[0.56403,44.75497],[0.56191,44.75476],[0.56205,44.75264],[0.56094,44.75242],[0.56117,44.74931],[0.56002,44.74986],[0.55687,44.75009],[0.55244,44.74979],[0.55272,44.75087],[0.55174,44.75569],[0.5498,44.75707],[0.54953,44.75877],[0.55058,44.76039],[0.55101,44.76245],[0.55334,44.76426],[0.5551,44.76498],[0.55677,44.76504],[0.55814,44.76624],[0.56511,44.76703],[0.5666,44.76807],[0.56367,44.77094],[0.56311,44.77185],[0.56137,44.77281],[0.56266,44.77435],[0.56228,44.77524],[0.56267,44.77685],[0.56211,44.77937],[0.56392,44.77812],[0.56594,44.7777],[0.56747,44.77793],[0.56947,44.77729],[0.5731,44.77767],[0.57725,44.77695],[0.58483,44.77662],[0.58636,44.77689],[0.58647,44.77823],[0.58511,44.77874],[0.58592,44.78066],[0.58824,44.78233],[0.58934,44.7844],[0.59149,44.78393],[0.59852,44.78176],[0.60056,44.78189],[0.60111,44.78045],[0.60311,44.77761],[0.60357,44.77568],[0.60331,44.77464],[0.60156,44.77214],[0.59908,44.77075],[0.59896,44.76948],[0.59803,44.76866],[0.59473,44.76797],[0.59252,44.76623],[0.59195,44.76487],[0.59593,44.76507],[0.59796,44.76345],[0.60178,44.76376],[0.60482,44.76302],[0.61037,44.76215],[0.61182,44.76121],[0.61607,44.76012]]]}},{"type":"Feature","id":"fr-commune-24386","properties":{"id":"fr-commune-24386","name":"Saint-Cernin-de-l'Herm","kind":"commune","center":[1.0491,44.6545],"code":"24386","department":"24"},"bbox":[1.01542,44.62832,1.08259,44.68059],"geometry":{"type":"Polygon","coordinates":[[[1.05908,44.63745],[1.05479,44.63552],[1.05292,44.63193],[1.04784,44.62832],[1.04731,44.62916],[1.04475,44.63091],[1.04463,44.63312],[1.04319,44.63277],[1.04134,44.63091],[1.03935,44.63054],[1.03755,44.63119],[1.0359,44.62996],[1.03467,44.6303],[1.03363,44.6334],[1.03051,44.63848],[1.02869,44.63875],[1.0238,44.63882],[1.02166,44.64035],[1.0178,44.64181],[1.01648,44.64346],[1.01542,44.6439],[1.01913,44.64567],[1.0188,44.64608],[1.02249,44.64963],[1.02292,44.65077],[1.02031,44.65252],[1.02156,44.65446],[1.02358,44.65604],[1.02329,44.65691],[1.01949,44.65752],[1.0186,44.65845],[1.01879,44.6621],[1.01728,44.66363],[1.01714,44.66539],[1.01788,44.6686],[1.01882,44.66966],[1.02158,44.66909],[1.0224,44.66781],[1.0248,44.66728],[1.02919,44.66777],[1.02928,44.66873],[1.0316,44.66862],[1.03133,44.66971],[1.03344,44.67015],[1.03629,44.67135],[1.04408,44.67745],[1.04297,44.67996],[1.04466,44.68059],[1.046,44.6793],[1.05222,44.67916],[1.05646,44.67655],[1.05605,44.67598],[1.05782,44.67438],[1.05923,44.67251],[1.06071,44.67303],[1.06116,44.67029],[1.06433,44.66532],[1.0658,44.66445],[1.06778,44.66261],[1.0736,44.6627],[1.07662,44.66312],[1.08018,44.66292],[1.08108,44.662],[1.08129,44.66083],[1.08034,44.6602],[1.08024,44.65906],[1.08251,44.65751],[1.08259,44.65521],[1.08063,44.65372],[1.07839,44.65309],[1.07601,44.65329],[1.07236,44.65264],[1.07049,44.65061],[1.0697,44.64889],[1.06836,44.64762],[1.06548,44.64558],[1.06473,44.64548],[1.06161,44.64337],[1.05955,44.63977],[1.06018,44.63951],[1.05908,44.63745]]]}},{"type":"Feature","id":"fr-commune-24388","properties":{"id":"fr-commune-24388","name":"Saint-Chamassy","kind":"commune","center":[0.932,44.8784],"code":"24388","department":"24"},"bbox":[0.88747,44.85521,0.97655,44.90164],"geometry":{"type":"Polygon","coordinates":[[[0.89046,44.85675],[0.88947,44.85839],[0.88825,44.8613],[0.88747,44.86461],[0.88806,44.86696],[0.89562,44.86821],[0.89471,44.87255],[0.89374,44.87869],[0.89397,44.8797],[0.89246,44.88161],[0.89511,44.88278],[0.89774,44.88478],[0.90434,44.8878],[0.91051,44.88937],[0.9133,44.89056],[0.91484,44.89158],[0.91624,44.89141],[0.91819,44.89357],[0.91877,44.89476],[0.92173,44.89738],[0.92255,44.89904],[0.92234,44.90137],[0.92429,44.90164],[0.92407,44.90033],[0.92637,44.90034],[0.92726,44.8991],[0.92605,44.89793],[0.92515,44.89501],[0.92525,44.89255],[0.92622,44.8919],[0.92601,44.89083],[0.92396,44.89134],[0.92225,44.88905],[0.92391,44.88921],[0.92477,44.88874],[0.92458,44.88713],[0.92639,44.88606],[0.92879,44.88682],[0.92793,44.88446],[0.92811,44.88312],[0.92934,44.88284],[0.93031,44.88166],[0.9329,44.88212],[0.9325,44.88412],[0.93355,44.8854],[0.93702,44.88554],[0.93892,44.884],[0.94149,44.88288],[0.94381,44.88224],[0.94454,44.8808],[0.94302,44.8802],[0.94141,44.87899],[0.94112,44.87753],[0.93834,44.87574],[0.94,44.87451],[0.93949,44.87322],[0.94298,44.87138],[0.9458,44.87074],[0.94818,44.86921],[0.94955,44.86899],[0.95374,44.86959],[0.9568,44.86831],[0.95708,44.86966],[0.95859,44.87052],[0.96227,44.87151],[0.96305,44.87134],[0.96634,44.87215],[0.96804,44.87352],[0.97048,44.87471],[0.97198,44.87493],[0.9756,44.87418],[0.97525,44.87364],[0.97655,44.87049],[0.97369,44.86855],[0.9715,44.86795],[0.96916,44.86629],[0.96423,44.86646],[0.96167,44.86566],[0.96174,44.86511],[0.95892,44.86409],[0.95563,44.86435],[0.95217,44.86275],[0.94866,44.8624],[0.94556,44.86169],[0.94349,44.86092],[0.93935,44.86007],[0.93555,44.85969],[0.93331,44.85857],[0.9304,44.85803],[0.92726,44.85852],[0.92601,44.85944],[0.92378,44.85914],[0.91903,44.85717],[0.91906,44.85609],[0.91786,44.85521],[0.91651,44.85593],[0.91453,44.85607],[0.90663,44.85538],[0.90578,44.856],[0.90217,44.85603],[0.90023,44.85525],[0.8977,44.85524],[0.89438,44.85627],[0.89046,44.85675]]]}},{"type":"Feature","id":"fr-commune-24390","properties":{"id":"fr-commune-24390","name":"Saint-Crépin-d'Auberoche","kind":"commune","center":[0.8968,45.1188],"code":"24390","department":"24"},"bbox":[0.87884,45.09406,0.91478,45.14348],"geometry":{"type":"Polygon","coordinates":[[[0.91478,45.09896],[0.91366,45.09814],[0.9105,45.09786],[0.9108,45.09689],[0.90937,45.09568],[0.907,45.09567],[0.90674,45.09705],[0.89998,45.09726],[0.89901,45.09498],[0.89806,45.09506],[0.89646,45.09406],[0.89475,45.09515],[0.89189,45.09652],[0.8911,45.09898],[0.88859,45.09829],[0.88659,45.09839],[0.88688,45.09911],[0.88346,45.10275],[0.88363,45.10398],[0.88314,45.10534],[0.88396,45.1059],[0.87924,45.10851],[0.88064,45.11152],[0.88171,45.11253],[0.88487,45.11649],[0.88495,45.1177],[0.88244,45.11958],[0.88063,45.12134],[0.87884,45.12224],[0.87913,45.12565],[0.88035,45.12867],[0.88014,45.13168],[0.88161,45.13431],[0.88171,45.13586],[0.888,45.13786],[0.88793,45.13899],[0.89,45.13873],[0.89291,45.13755],[0.89398,45.13922],[0.89262,45.1394],[0.8922,45.1409],[0.89371,45.14193],[0.89413,45.1428],[0.89764,45.14348],[0.89787,45.14153],[0.89714,45.14068],[0.89978,45.13979],[0.90037,45.1377],[0.90123,45.13714],[0.90123,45.1354],[0.90248,45.13427],[0.90455,45.13318],[0.90414,45.12899],[0.90692,45.12732],[0.90775,45.12713],[0.91079,45.12767],[0.91128,45.12603],[0.91081,45.12276],[0.91077,45.11889],[0.90884,45.11724],[0.90961,45.11631],[0.91067,45.1121],[0.91011,45.11046],[0.91051,45.10873],[0.90984,45.1084],[0.90841,45.10559],[0.90903,45.10443],[0.91068,45.10278],[0.9091,45.10085],[0.91106,45.10078],[0.91478,45.09896]]]}},{"type":"Feature","id":"fr-commune-24392","properties":{"id":"fr-commune-24392","name":"Saint-Crépin-et-Carlucet","kind":"commune","center":[1.2709,44.9539],"code":"24392","department":"24"},"bbox":[1.23217,44.93328,1.30964,44.97446],"geometry":{"type":"Polygon","coordinates":[[[1.28749,44.93328],[1.28752,44.93379],[1.2841,44.93533],[1.28202,44.93465],[1.27933,44.93845],[1.27865,44.94021],[1.27678,44.94052],[1.27145,44.94027],[1.27073,44.94124],[1.26709,44.94037],[1.26458,44.94149],[1.26189,44.94205],[1.25878,44.94317],[1.25536,44.94546],[1.25296,44.94533],[1.25167,44.94576],[1.25095,44.94802],[1.24968,44.94864],[1.24516,44.94811],[1.24426,44.9488],[1.2416,44.94881],[1.23938,44.95093],[1.23519,44.95438],[1.23446,44.95592],[1.23217,44.95732],[1.23519,44.95808],[1.23815,44.95994],[1.23988,44.96444],[1.23983,44.96659],[1.24304,44.96718],[1.24569,44.96798],[1.24772,44.96934],[1.24971,44.96996],[1.25159,44.97008],[1.25352,44.97157],[1.25547,44.97247],[1.25702,44.97366],[1.25813,44.97393],[1.26281,44.97262],[1.26585,44.9715],[1.26954,44.97285],[1.2724,44.97329],[1.27323,44.97307],[1.27862,44.97434],[1.28136,44.97341],[1.28628,44.97283],[1.29074,44.97381],[1.29565,44.9732],[1.30112,44.97378],[1.30475,44.97446],[1.30767,44.97425],[1.30805,44.97134],[1.30789,44.96977],[1.30858,44.96826],[1.30782,44.96715],[1.30784,44.96422],[1.30875,44.96169],[1.30812,44.96012],[1.30802,44.95819],[1.3068,44.95658],[1.30679,44.95458],[1.30631,44.95219],[1.30782,44.94847],[1.30964,44.94688],[1.30833,44.94603],[1.30635,44.94635],[1.3051,44.94607],[1.30291,44.94305],[1.30272,44.94082],[1.30079,44.93772],[1.30077,44.93706],[1.29931,44.936],[1.29613,44.93533],[1.29482,44.9355],[1.29284,44.93475],[1.28975,44.93443],[1.28749,44.93328]]]}},{"type":"Feature","id":"fr-commune-24393","properties":{"id":"fr-commune-24393","name":"Sainte-Croix","kind":"commune","center":[0.8326,44.7303],"code":"24393","department":"24"},"bbox":[0.80496,44.70727,0.86032,44.7531],"geometry":{"type":"Polygon","coordinates":[[[0.85146,44.72594],[0.85017,44.72864],[0.84655,44.72854],[0.84461,44.72742],[0.84123,44.72357],[0.83911,44.72263],[0.83697,44.72243],[0.83389,44.72124],[0.83359,44.72018],[0.83448,44.71874],[0.8337,44.71642],[0.83114,44.71315],[0.82861,44.71083],[0.82774,44.70727],[0.82227,44.70881],[0.81874,44.70901],[0.81558,44.70825],[0.81287,44.70894],[0.81254,44.7097],[0.81341,44.71316],[0.81322,44.71728],[0.8138,44.71904],[0.8127,44.72039],[0.81247,44.72272],[0.81049,44.72452],[0.81156,44.72744],[0.80754,44.72779],[0.80504,44.72861],[0.80669,44.7328],[0.80601,44.73483],[0.80508,44.73509],[0.80655,44.73721],[0.80685,44.73931],[0.80496,44.74191],[0.80691,44.74457],[0.80884,44.74625],[0.81092,44.74699],[0.8124,44.74671],[0.81462,44.74705],[0.81688,44.74883],[0.81633,44.7531],[0.82128,44.75268],[0.82401,44.75154],[0.82981,44.75206],[0.83084,44.75108],[0.83323,44.75156],[0.8372,44.75184],[0.83826,44.75092],[0.84068,44.75081],[0.84201,44.75],[0.84368,44.751],[0.84504,44.75099],[0.84532,44.74993],[0.84677,44.74971],[0.84792,44.74801],[0.84753,44.74594],[0.84657,44.7437],[0.848,44.74051],[0.84934,44.73913],[0.85553,44.73659],[0.85594,44.73528],[0.8588,44.73452],[0.86032,44.7344],[0.85937,44.73314],[0.85855,44.73106],[0.8576,44.72856],[0.85536,44.7268],[0.85224,44.72646],[0.85146,44.72594]]]}},{"type":"Feature","id":"fr-commune-24394","properties":{"id":"fr-commune-24394","name":"Sainte-Croix-de-Mareuil","kind":"commune","center":[0.4231,45.464],"code":"24394","department":"24"},"bbox":[0.39401,45.43591,0.4521,45.49208],"geometry":{"type":"Polygon","coordinates":[[[0.4072,45.43767],[0.40574,45.43913],[0.40306,45.44098],[0.40019,45.44263],[0.39849,45.44466],[0.39881,45.44551],[0.40165,45.44511],[0.40432,45.44586],[0.40542,45.44785],[0.40528,45.4504],[0.40448,45.45449],[0.40302,45.45455],[0.40042,45.456],[0.39907,45.45601],[0.39732,45.45665],[0.39401,45.45877],[0.3964,45.46047],[0.40264,45.46089],[0.40272,45.46203],[0.40429,45.46482],[0.40469,45.46618],[0.40572,45.46726],[0.40601,45.46912],[0.40776,45.47214],[0.40785,45.47313],[0.40897,45.47573],[0.4111,45.47748],[0.41151,45.47826],[0.41316,45.47865],[0.41432,45.47967],[0.41805,45.48161],[0.4195,45.48191],[0.42284,45.48397],[0.42418,45.48407],[0.4244,45.48529],[0.42767,45.48632],[0.42953,45.4855],[0.43177,45.4857],[0.43521,45.4865],[0.43606,45.48784],[0.43593,45.48974],[0.43943,45.49182],[0.44097,45.49208],[0.44441,45.49162],[0.44396,45.48984],[0.44483,45.48779],[0.44733,45.48544],[0.44761,45.48443],[0.44459,45.48306],[0.44588,45.48134],[0.44537,45.48007],[0.44336,45.47937],[0.44306,45.47781],[0.44561,45.47747],[0.4472,45.47672],[0.44812,45.47729],[0.44921,45.4763],[0.45086,45.47391],[0.4521,45.4708],[0.45001,45.47042],[0.45049,45.46958],[0.44539,45.46999],[0.443,45.46887],[0.44018,45.46808],[0.44228,45.46574],[0.44003,45.46395],[0.43686,45.46396],[0.43759,45.46189],[0.43503,45.46086],[0.43526,45.45964],[0.43143,45.45564],[0.43029,45.45505],[0.42695,45.45525],[0.42646,45.45435],[0.42511,45.45376],[0.42382,45.4518],[0.42382,45.44995],[0.42102,45.4483],[0.4184,45.44437],[0.41835,45.44356],[0.41951,45.44236],[0.41648,45.44125],[0.41372,45.43937],[0.41587,45.43778],[0.41495,45.43673],[0.41342,45.43591],[0.40883,45.4367],[0.4072,45.43767]]]}},{"type":"Feature","id":"fr-commune-24395","properties":{"id":"fr-commune-24395","name":"Saint-Cybranet","kind":"commune","center":[1.1595,44.7835],"code":"24395","department":"24"},"bbox":[1.13683,44.76188,1.18224,44.80508],"geometry":{"type":"Polygon","coordinates":[[[1.16697,44.80371],[1.17037,44.80508],[1.1712,44.80384],[1.17207,44.80382],[1.17315,44.80226],[1.17209,44.80142],[1.17355,44.79867],[1.17283,44.79697],[1.17036,44.79528],[1.16822,44.79426],[1.16909,44.79265],[1.17117,44.79143],[1.17334,44.7906],[1.17663,44.78872],[1.17908,44.78617],[1.18068,44.78416],[1.18173,44.78085],[1.18132,44.77906],[1.18224,44.77781],[1.18052,44.77555],[1.18111,44.77495],[1.18078,44.77194],[1.18162,44.77135],[1.1814,44.77069],[1.17754,44.76928],[1.17346,44.76878],[1.17162,44.76815],[1.16773,44.76801],[1.16486,44.76727],[1.16043,44.76477],[1.15622,44.76381],[1.15492,44.76358],[1.15231,44.76219],[1.14991,44.76188],[1.14715,44.76253],[1.14569,44.76382],[1.14377,44.76493],[1.14049,44.76615],[1.13857,44.76642],[1.13743,44.76614],[1.13777,44.76966],[1.14176,44.77546],[1.14125,44.77806],[1.13937,44.77882],[1.13713,44.78221],[1.13683,44.78486],[1.13819,44.78746],[1.14049,44.78863],[1.14096,44.7901],[1.14313,44.79296],[1.14599,44.79442],[1.14887,44.79519],[1.15087,44.79473],[1.15428,44.79474],[1.15742,44.79588],[1.15984,44.79629],[1.16102,44.79848],[1.16118,44.79971],[1.16239,44.7999],[1.16491,44.80097],[1.16527,44.80041],[1.16855,44.80073],[1.16753,44.80142],[1.16697,44.80371]]]}},{"type":"Feature","id":"fr-commune-24396","properties":{"id":"fr-commune-24396","name":"Saint-Cyprien","kind":"commune","center":[1.027,44.8853],"code":"24396","department":"24"},"bbox":[0.98808,44.8531,1.06583,44.91758],"geometry":{"type":"Polygon","coordinates":[[[1.04211,44.85338],[1.0367,44.85492],[1.03451,44.85569],[1.03095,44.85645],[1.02719,44.85697],[1.0251,44.85687],[1.02242,44.85622],[1.02094,44.85441],[1.02061,44.8531],[1.01658,44.85353],[1.01488,44.85462],[1.01453,44.85847],[1.01363,44.86063],[1.01369,44.86249],[1.0131,44.86347],[1.01112,44.86444],[1.00646,44.8661],[1.00531,44.86854],[1.00302,44.86874],[1.00119,44.8695],[0.99944,44.87076],[0.99802,44.87269],[0.99732,44.87279],[0.99605,44.87435],[0.99412,44.87383],[0.99434,44.87511],[0.99582,44.87736],[0.99979,44.87735],[1.00176,44.87872],[1.00221,44.8805],[1.00212,44.88605],[1.00239,44.88707],[1.00182,44.88841],[1.00262,44.89071],[1.00213,44.89197],[1.00042,44.89231],[0.99939,44.89324],[0.99712,44.89441],[0.99449,44.89539],[0.99108,44.89607],[0.98808,44.89735],[0.98813,44.89801],[0.99064,44.89971],[0.99206,44.9019],[0.99366,44.9036],[0.99423,44.9051],[0.99364,44.90641],[0.99198,44.90679],[0.99348,44.90836],[0.99405,44.9099],[0.99373,44.91077],[0.99191,44.91215],[0.99292,44.91257],[0.99251,44.91427],[0.99351,44.91536],[0.99711,44.91758],[0.9981,44.91608],[1.00042,44.91454],[1.00186,44.91197],[1.00205,44.91101],[1.00439,44.90842],[1.00504,44.90534],[1.00563,44.9046],[1.00743,44.90389],[1.01089,44.90427],[1.01321,44.90374],[1.01503,44.90261],[1.01697,44.90209],[1.02,44.90225],[1.02215,44.90074],[1.02416,44.90041],[1.02629,44.90295],[1.02769,44.90183],[1.02929,44.90221],[1.03118,44.9021],[1.03266,44.90284],[1.03357,44.90433],[1.03614,44.90503],[1.0397,44.90472],[1.04285,44.9035],[1.04612,44.90361],[1.04752,44.90018],[1.04806,44.89795],[1.04845,44.89386],[1.05079,44.89414],[1.05604,44.89638],[1.05843,44.89679],[1.0618,44.89383],[1.06448,44.89239],[1.06419,44.89001],[1.06583,44.88959],[1.06544,44.88839],[1.06008,44.88939],[1.05907,44.88798],[1.05867,44.88601],[1.05785,44.88448],[1.05525,44.88331],[1.05414,44.88186],[1.05339,44.87933],[1.05361,44.87762],[1.05153,44.87606],[1.05075,44.87467],[1.0517,44.87179],[1.05294,44.87094],[1.05222,44.86989],[1.0487,44.86853],[1.0493,44.86808],[1.04849,44.86649],[1.04685,44.86479],[1.0441,44.86064],[1.04468,44.85931],[1.04485,44.85729],[1.04211,44.85338]]]}},{"type":"Feature","id":"fr-commune-24397","properties":{"id":"fr-commune-24397","name":"Saint-Cyr-les-Champagnes","kind":"commune","center":[1.2926,45.3699],"code":"24397","department":"24"},"bbox":[1.26011,45.34212,1.32505,45.3973],"geometry":{"type":"Polygon","coordinates":[[[1.26247,45.3798],[1.26042,45.38101],[1.26011,45.38256],[1.2616,45.38396],[1.26556,45.38451],[1.26752,45.38705],[1.2692,45.38742],[1.26973,45.38859],[1.27103,45.3887],[1.2731,45.3907],[1.274,45.39301],[1.27636,45.39191],[1.27693,45.39075],[1.27826,45.39049],[1.27707,45.38687],[1.27951,45.3855],[1.28013,45.38381],[1.28331,45.38503],[1.28745,45.38566],[1.28954,45.38677],[1.28873,45.38762],[1.28884,45.38993],[1.29028,45.39027],[1.29157,45.39133],[1.29347,45.39079],[1.29579,45.39359],[1.29587,45.39523],[1.29271,45.39705],[1.29399,45.3973],[1.29571,45.39615],[1.29677,45.39621],[1.2987,45.3954],[1.29887,45.39358],[1.30013,45.39367],[1.30215,45.39307],[1.30417,45.39291],[1.3046,45.3919],[1.30729,45.39191],[1.30603,45.39019],[1.30771,45.38883],[1.31295,45.38637],[1.31464,45.3862],[1.31684,45.38399],[1.31926,45.38421],[1.32069,45.38349],[1.32186,45.38384],[1.32344,45.38317],[1.32293,45.38263],[1.32505,45.38008],[1.32445,45.37921],[1.32287,45.37834],[1.32247,45.37596],[1.32167,45.37383],[1.31977,45.37259],[1.31802,45.37203],[1.31771,45.37128],[1.31946,45.37008],[1.32044,45.36843],[1.31993,45.36609],[1.31777,45.3641],[1.31812,45.36286],[1.3158,45.36092],[1.30767,45.35803],[1.3067,45.35789],[1.29948,45.35826],[1.29578,45.3566],[1.29105,45.35522],[1.2885,45.35385],[1.28595,45.35323],[1.28362,45.35315],[1.28487,45.35215],[1.28646,45.3497],[1.28415,45.34555],[1.28329,45.34475],[1.28183,45.34212],[1.28078,45.34381],[1.28126,45.34517],[1.27975,45.34692],[1.2789,45.3487],[1.27915,45.35222],[1.27628,45.35418],[1.27426,45.3529],[1.26897,45.35015],[1.266,45.35121],[1.2641,45.35139],[1.26487,45.35327],[1.26726,45.35615],[1.27082,45.35783],[1.27157,45.35929],[1.27108,45.36042],[1.26499,45.36338],[1.26516,45.36609],[1.26734,45.37015],[1.26665,45.37086],[1.26607,45.37362],[1.26628,45.37513],[1.2657,45.37644],[1.26453,45.3769],[1.26415,45.37783],[1.26247,45.3798]]]}},{"type":"Feature","id":"fr-commune-24398","properties":{"id":"fr-commune-24398","name":"Saint-Estèphe","kind":"commune","center":[0.6578,45.6063],"code":"24398","department":"24"},"bbox":[0.62317,45.57015,0.69242,45.64254],"geometry":{"type":"Polygon","coordinates":[[[0.6386,45.60141],[0.63669,45.60425],[0.6366,45.60778],[0.63603,45.60951],[0.62921,45.61086],[0.63505,45.61358],[0.64043,45.61571],[0.63795,45.61744],[0.63691,45.61754],[0.63262,45.61522],[0.6287,45.61665],[0.62873,45.61774],[0.62746,45.61874],[0.62706,45.62163],[0.62567,45.62295],[0.62317,45.62474],[0.62669,45.62591],[0.62861,45.62698],[0.63132,45.62758],[0.63446,45.63046],[0.63417,45.63292],[0.63192,45.63314],[0.62819,45.63535],[0.63048,45.63581],[0.63277,45.63708],[0.63621,45.63748],[0.63842,45.63732],[0.64095,45.63772],[0.643,45.63755],[0.64657,45.63768],[0.64951,45.6385],[0.6531,45.63892],[0.65516,45.63784],[0.65634,45.63766],[0.65868,45.63861],[0.66058,45.63887],[0.66295,45.63984],[0.66482,45.64254],[0.6666,45.64134],[0.66857,45.63892],[0.66886,45.63753],[0.67029,45.63534],[0.66963,45.63344],[0.67033,45.63206],[0.67412,45.63182],[0.67402,45.63062],[0.67553,45.63051],[0.67552,45.62927],[0.67676,45.62766],[0.67902,45.62623],[0.67808,45.62409],[0.67869,45.62303],[0.67805,45.62147],[0.67805,45.61925],[0.68298,45.617],[0.68545,45.61309],[0.68511,45.61063],[0.68294,45.60978],[0.68418,45.60852],[0.68712,45.6088],[0.69157,45.61016],[0.69242,45.60954],[0.69114,45.60842],[0.69031,45.60651],[0.68925,45.60644],[0.68711,45.60757],[0.68516,45.60666],[0.68416,45.60575],[0.68413,45.60214],[0.68288,45.6001],[0.67979,45.59872],[0.67783,45.59891],[0.67706,45.59831],[0.67785,45.59732],[0.67784,45.59537],[0.68002,45.59457],[0.67654,45.59059],[0.67892,45.59018],[0.67733,45.5874],[0.67724,45.58631],[0.67633,45.5852],[0.67631,45.58339],[0.6752,45.58211],[0.67281,45.58099],[0.67086,45.57858],[0.67107,45.57746],[0.67048,45.57609],[0.66924,45.57464],[0.66779,45.57377],[0.6691,45.57015],[0.66499,45.57133],[0.66121,45.57358],[0.65947,45.57409],[0.65572,45.57633],[0.65491,45.57826],[0.65368,45.57902],[0.65228,45.57833],[0.65094,45.57952],[0.64943,45.57935],[0.64822,45.57981],[0.64641,45.58823],[0.64518,45.58814],[0.64611,45.59104],[0.64675,45.59214],[0.64438,45.59353],[0.64446,45.59502],[0.64273,45.59724],[0.64196,45.59939],[0.64184,45.60129],[0.64112,45.60212],[0.63896,45.60207],[0.6386,45.60141]]]}},{"type":"Feature","id":"fr-commune-24399","properties":{"id":"fr-commune-24399","name":"Saint-Étienne-de-Puycorbier","kind":"commune","center":[0.325,45.0943],"code":"24399","department":"24"},"bbox":[0.2998,45.06914,0.35018,45.11951],"geometry":{"type":"Polygon","coordinates":[[[0.35018,45.08256],[0.34768,45.08038],[0.34341,45.07886],[0.34365,45.07578],[0.34288,45.07526],[0.34083,45.0746],[0.33775,45.07304],[0.3339,45.07043],[0.33269,45.06914],[0.33118,45.06941],[0.32662,45.07083],[0.32418,45.07131],[0.31576,45.07181],[0.31525,45.07117],[0.30853,45.07216],[0.30606,45.07164],[0.3023,45.07168],[0.30218,45.07359],[0.30294,45.07666],[0.30216,45.07706],[0.30312,45.07898],[0.30548,45.08017],[0.3051,45.08127],[0.30685,45.08279],[0.306,45.08453],[0.30468,45.0857],[0.30894,45.08893],[0.30999,45.09169],[0.30976,45.09411],[0.30843,45.09508],[0.30832,45.09659],[0.30888,45.09838],[0.30773,45.09861],[0.3084,45.10023],[0.3068,45.10086],[0.30577,45.10195],[0.30559,45.10304],[0.3036,45.10269],[0.30314,45.10382],[0.30079,45.10638],[0.30101,45.10766],[0.2998,45.10845],[0.30048,45.1099],[0.30157,45.11025],[0.30221,45.11146],[0.30173,45.11334],[0.30193,45.11496],[0.30416,45.11507],[0.30847,45.11341],[0.30991,45.11499],[0.31363,45.11453],[0.31642,45.1156],[0.31826,45.1154],[0.31921,45.11597],[0.32059,45.1152],[0.32222,45.11509],[0.32398,45.11587],[0.32539,45.11532],[0.32702,45.11629],[0.32849,45.11534],[0.33242,45.11474],[0.33363,45.11658],[0.33372,45.11781],[0.33663,45.11951],[0.3448,45.11656],[0.34272,45.11468],[0.34166,45.11219],[0.33902,45.11149],[0.33733,45.10847],[0.33606,45.10806],[0.33484,45.1092],[0.33222,45.10848],[0.33065,45.1068],[0.32946,45.10619],[0.32995,45.10483],[0.33192,45.1023],[0.33323,45.1013],[0.33586,45.1005],[0.33864,45.09848],[0.34225,45.09872],[0.34583,45.09775],[0.34684,45.09662],[0.34275,45.09441],[0.34283,45.09333],[0.33995,45.09275],[0.33858,45.09199],[0.33442,45.09117],[0.33254,45.09044],[0.33228,45.0891],[0.3335,45.08782],[0.33633,45.08784],[0.34016,45.08752],[0.34166,45.0863],[0.3435,45.08416],[0.34559,45.08356],[0.34842,45.0833],[0.35018,45.08256]]]}},{"type":"Feature","id":"fr-commune-24401","properties":{"id":"fr-commune-24401","name":"Sainte-Eulalie-d'Ans","kind":"commune","center":[1.0214,45.2487],"code":"24401","department":"24"},"bbox":[0.99646,45.22367,1.04634,45.27372],"geometry":{"type":"Polygon","coordinates":[[[1.03838,45.22568],[1.03168,45.22413],[1.02907,45.22405],[1.02735,45.22367],[1.02182,45.22405],[1.01983,45.22471],[1.0184,45.22739],[1.01457,45.22968],[1.01435,45.23027],[1.01506,45.23295],[1.0147,45.23544],[1.01263,45.23597],[1.01108,45.23804],[1.00898,45.23813],[1.00985,45.24047],[1.00892,45.24268],[1.00607,45.24323],[1.00688,45.24649],[1.00515,45.24759],[1.00623,45.24954],[1.00632,45.25312],[1.00488,45.25616],[1.00338,45.25735],[1.0008,45.25876],[0.99823,45.26205],[0.9981,45.26292],[0.99682,45.26466],[0.99646,45.26604],[0.99855,45.26899],[1.0001,45.27241],[1.0059,45.26906],[1.00912,45.26833],[1.01308,45.26853],[1.01476,45.26839],[1.01747,45.26932],[1.02094,45.27194],[1.02239,45.27372],[1.02467,45.27272],[1.02878,45.27216],[1.03191,45.27077],[1.03546,45.26757],[1.03074,45.2672],[1.02837,45.26642],[1.02785,45.26418],[1.02842,45.26234],[1.02653,45.26037],[1.02667,45.25995],[1.03065,45.25722],[1.03246,45.25778],[1.03376,45.25695],[1.0351,45.25696],[1.03691,45.2556],[1.04125,45.25394],[1.04424,45.25496],[1.04617,45.25396],[1.04634,45.2519],[1.04539,45.25099],[1.04223,45.24978],[1.03884,45.24709],[1.03746,45.24526],[1.03762,45.24353],[1.03702,45.24087],[1.03757,45.23905],[1.03884,45.23683],[1.03823,45.23279],[1.03765,45.23032],[1.03762,45.2285],[1.03836,45.22709],[1.03838,45.22568]]]}},{"type":"Feature","id":"fr-commune-24403","properties":{"id":"fr-commune-24403","name":"Saint-Félix-de-Bourdeilles","kind":"commune","center":[0.5665,45.41],"code":"24403","department":"24"},"bbox":[0.54721,45.39226,0.58483,45.42771],"geometry":{"type":"Polygon","coordinates":[[[0.57036,45.42771],[0.57185,45.42705],[0.57256,45.42609],[0.57611,45.424],[0.57676,45.42186],[0.57486,45.42189],[0.5738,45.41883],[0.57409,45.41757],[0.57381,45.41589],[0.57414,45.41451],[0.5738,45.41253],[0.57285,45.4107],[0.57357,45.40965],[0.58044,45.40841],[0.58422,45.40726],[0.58483,45.405],[0.58367,45.40331],[0.58448,45.40232],[0.5825,45.40036],[0.58159,45.39776],[0.57925,45.3949],[0.57727,45.3936],[0.57552,45.3956],[0.57368,45.39841],[0.57142,45.39795],[0.56584,45.39636],[0.56647,45.39576],[0.56233,45.39226],[0.5595,45.39258],[0.55704,45.39331],[0.55267,45.39507],[0.55411,45.39667],[0.55676,45.39784],[0.55658,45.40017],[0.55271,45.40044],[0.55169,45.40083],[0.55108,45.40229],[0.54956,45.40414],[0.55088,45.40539],[0.54894,45.40572],[0.54846,45.40703],[0.54721,45.40827],[0.54932,45.41028],[0.54819,45.41171],[0.54797,45.41358],[0.54886,45.41388],[0.5534,45.41665],[0.55759,45.41794],[0.55872,45.41924],[0.56113,45.42002],[0.56619,45.42127],[0.56833,45.42297],[0.57021,45.42592],[0.57036,45.42771]]]}},{"type":"Feature","id":"fr-commune-24404","properties":{"id":"fr-commune-24404","name":"Saint-Félix-de-Reillac-et-Mortemart","kind":"commune","center":[0.8963,45.0146],"code":"24404","department":"24"},"bbox":[0.8545,44.98731,0.93804,45.04185],"geometry":{"type":"Polygon","coordinates":[[[0.8545,45.01823],[0.85528,45.02056],[0.85759,45.02166],[0.86194,45.02215],[0.86407,45.02264],[0.86677,45.0201],[0.86806,45.02032],[0.87029,45.01981],[0.87367,45.02165],[0.87488,45.02408],[0.87535,45.02867],[0.87292,45.02968],[0.8719,45.03181],[0.8704,45.03329],[0.87371,45.03307],[0.87625,45.03316],[0.88003,45.0342],[0.8836,45.03575],[0.88583,45.03673],[0.88946,45.03715],[0.89118,45.03687],[0.89282,45.03714],[0.89411,45.03681],[0.90125,45.038],[0.90267,45.03703],[0.90412,45.0367],[0.9121,45.04029],[0.91583,45.04185],[0.91587,45.03975],[0.91709,45.0354],[0.91855,45.03267],[0.91915,45.02943],[0.9217,45.02713],[0.9234,45.02405],[0.92405,45.02343],[0.92468,45.0204],[0.92632,45.01911],[0.92867,45.01839],[0.9323,45.01652],[0.93422,45.01694],[0.93682,45.01666],[0.93736,45.01323],[0.93804,45.01154],[0.93293,45.00865],[0.9317,45.00762],[0.92885,45.00871],[0.92594,45.00891],[0.92428,45.00984],[0.92262,45.01259],[0.91897,45.01424],[0.91793,45.0153],[0.9136,45.01358],[0.91071,45.01339],[0.90869,45.01397],[0.9075,45.01481],[0.90508,45.01357],[0.90552,45.01245],[0.90511,45.01066],[0.90574,45.00817],[0.90572,45.00689],[0.90706,45.00457],[0.90571,45.00471],[0.90314,45.00425],[0.90155,45.00429],[0.8991,45.00321],[0.89788,45.00309],[0.89984,44.99992],[0.90119,44.99845],[0.90134,44.9971],[0.90051,44.99579],[0.90126,44.99372],[0.9004,44.99216],[0.89574,44.98731],[0.8938,44.98756],[0.88982,44.98781],[0.88501,44.98774],[0.87815,44.98736],[0.87501,44.98886],[0.8731,44.99331],[0.87125,44.99429],[0.86985,44.99558],[0.86418,44.99543],[0.8629,44.99603],[0.86113,44.99532],[0.86062,44.99794],[0.85914,45.0013],[0.85845,45.00372],[0.85686,45.00659],[0.85668,45.01031],[0.85779,45.01133],[0.85809,45.01468],[0.85952,45.01554],[0.8583,45.01665],[0.85678,45.01634],[0.8545,45.01823]]]}},{"type":"Feature","id":"fr-commune-24405","properties":{"id":"fr-commune-24405","name":"Saint-Félix-de-Villadeix","kind":"commune","center":[0.6753,44.9316],"code":"24405","department":"24"},"bbox":[0.64497,44.90748,0.70551,44.95567],"geometry":{"type":"Polygon","coordinates":[[[0.66381,44.95316],[0.66519,44.95372],[0.6707,44.95422],[0.67439,44.95567],[0.6767,44.95516],[0.67774,44.95429],[0.68074,44.95312],[0.68334,44.95273],[0.6874,44.95306],[0.69117,44.95456],[0.69352,44.95445],[0.69478,44.95312],[0.6953,44.94996],[0.69735,44.94757],[0.7002,44.9447],[0.70054,44.94394],[0.70066,44.94053],[0.70426,44.9397],[0.70309,44.93903],[0.70469,44.93702],[0.70408,44.93518],[0.7034,44.93454],[0.70351,44.93292],[0.70539,44.93175],[0.70551,44.93103],[0.7047,44.92888],[0.70251,44.92495],[0.70075,44.9247],[0.69837,44.92194],[0.69412,44.92182],[0.69456,44.91975],[0.69457,44.91763],[0.69268,44.91443],[0.69358,44.91295],[0.69102,44.91268],[0.68993,44.91176],[0.68733,44.91124],[0.68587,44.9116],[0.68349,44.91052],[0.68287,44.90977],[0.67921,44.90883],[0.67737,44.90787],[0.67477,44.90804],[0.67378,44.90748],[0.6709,44.90777],[0.66468,44.90752],[0.66368,44.90784],[0.66166,44.90826],[0.66146,44.90919],[0.6634,44.9098],[0.66311,44.91104],[0.66465,44.91231],[0.66334,44.91428],[0.66127,44.9138],[0.65882,44.91407],[0.65534,44.91626],[0.65454,44.91756],[0.65243,44.91914],[0.65232,44.92106],[0.65435,44.92541],[0.65515,44.92593],[0.65446,44.92893],[0.65503,44.93183],[0.6549,44.93295],[0.65205,44.93253],[0.64927,44.93097],[0.64844,44.9311],[0.6466,44.93332],[0.64731,44.93495],[0.64625,44.93611],[0.64607,44.9371],[0.64497,44.93758],[0.64679,44.93909],[0.64717,44.93993],[0.64974,44.94179],[0.65315,44.9418],[0.65479,44.94284],[0.65683,44.94283],[0.65985,44.94375],[0.66212,44.94534],[0.66421,44.94568],[0.66625,44.94662],[0.66381,44.95316]]]}},{"type":"Feature","id":"fr-commune-24406","properties":{"id":"fr-commune-24406","name":"Sainte-Foy-de-Belvès","kind":"commune","center":[1.0374,44.7271],"code":"24406","department":"24"},"bbox":[1.01729,44.70576,1.05755,44.74842],"geometry":{"type":"Polygon","coordinates":[[[1.03178,44.70627],[1.03022,44.70576],[1.0291,44.70661],[1.02689,44.7087],[1.02515,44.71082],[1.0239,44.71345],[1.022,44.71516],[1.02089,44.71681],[1.0206,44.718],[1.02104,44.72047],[1.0206,44.72214],[1.01985,44.72691],[1.01891,44.72923],[1.01753,44.73149],[1.01729,44.73209],[1.0199,44.73525],[1.02013,44.73634],[1.01934,44.73751],[1.02028,44.74146],[1.02114,44.74308],[1.0205,44.74401],[1.02152,44.74455],[1.02143,44.74548],[1.02305,44.74842],[1.02753,44.74634],[1.02967,44.74493],[1.0326,44.74678],[1.03562,44.74683],[1.0382,44.74623],[1.04058,44.74506],[1.04253,44.74559],[1.04474,44.74575],[1.04649,44.74636],[1.04851,44.74628],[1.05036,44.74577],[1.05161,44.74649],[1.05397,44.74678],[1.05755,44.74534],[1.05454,44.74257],[1.05302,44.73903],[1.04986,44.73901],[1.04866,44.73981],[1.04644,44.73949],[1.04486,44.73847],[1.04151,44.73725],[1.04281,44.73584],[1.04714,44.73544],[1.0478,44.73422],[1.04666,44.73289],[1.04513,44.72991],[1.04541,44.72829],[1.04349,44.72365],[1.0429,44.72305],[1.04296,44.72106],[1.03848,44.71915],[1.03566,44.71762],[1.03465,44.71667],[1.03392,44.71482],[1.03273,44.7136],[1.03278,44.7127],[1.03434,44.71154],[1.03351,44.70923],[1.03178,44.70627]]]}},{"type":"Feature","id":"fr-commune-24407","properties":{"id":"fr-commune-24407","name":"Sainte-Foy-de-Longas","kind":"commune","center":[0.7606,44.9324],"code":"24407","department":"24"},"bbox":[0.72157,44.90943,0.79953,44.95529],"geometry":{"type":"Polygon","coordinates":[[[0.78882,44.92371],[0.78759,44.92274],[0.78972,44.92152],[0.79131,44.92124],[0.79362,44.91962],[0.79727,44.91877],[0.79953,44.91668],[0.79892,44.91604],[0.79545,44.91546],[0.7925,44.91533],[0.78906,44.91409],[0.78808,44.91485],[0.7845,44.91679],[0.7773,44.9152],[0.77945,44.91317],[0.78091,44.91107],[0.77723,44.91145],[0.77335,44.91146],[0.77336,44.91063],[0.76931,44.91155],[0.7656,44.9106],[0.76533,44.91115],[0.76206,44.90963],[0.75951,44.90975],[0.7575,44.90943],[0.75464,44.90981],[0.75284,44.91038],[0.74979,44.90962],[0.74709,44.90973],[0.74669,44.91212],[0.74904,44.91502],[0.74711,44.91515],[0.74491,44.91572],[0.74437,44.91648],[0.73798,44.91724],[0.73574,44.91713],[0.73459,44.91654],[0.73065,44.91609],[0.72707,44.91609],[0.72672,44.91731],[0.72679,44.92028],[0.72735,44.92074],[0.7267,44.92273],[0.72892,44.92433],[0.72746,44.92515],[0.72818,44.9268],[0.72741,44.92815],[0.72742,44.92939],[0.726,44.93075],[0.72623,44.932],[0.72529,44.93299],[0.72716,44.93428],[0.72521,44.9359],[0.72157,44.9367],[0.72322,44.93849],[0.723,44.93938],[0.72392,44.94005],[0.72611,44.94051],[0.73302,44.94426],[0.74091,44.9439],[0.74418,44.94455],[0.74725,44.94607],[0.74941,44.94613],[0.74928,44.94787],[0.75357,44.94816],[0.75564,44.94978],[0.75676,44.95009],[0.76138,44.95299],[0.76424,44.9529],[0.76594,44.95431],[0.76997,44.95429],[0.77071,44.95529],[0.77325,44.9544],[0.77758,44.95382],[0.77413,44.95148],[0.77339,44.9499],[0.77116,44.94726],[0.76624,44.9467],[0.7648,44.9461],[0.76428,44.94408],[0.76355,44.94369],[0.76308,44.93973],[0.76342,44.93887],[0.76569,44.93753],[0.76766,44.93702],[0.77153,44.93478],[0.77507,44.93434],[0.7763,44.93305],[0.77976,44.93242],[0.78083,44.93132],[0.78379,44.93018],[0.78395,44.92886],[0.78523,44.92814],[0.78663,44.92591],[0.78882,44.92371]]]}},{"type":"Feature","id":"fr-commune-24408","properties":{"id":"fr-commune-24408","name":"Saint-Front-d'Alemps","kind":"commune","center":[0.7986,45.3203],"code":"24408","department":"24"},"bbox":[0.7598,45.29064,0.83774,45.35],"geometry":{"type":"Polygon","coordinates":[[[0.76998,45.34824],[0.77206,45.34774],[0.7741,45.34796],[0.77559,45.34744],[0.77813,45.34722],[0.77984,45.34748],[0.78191,45.34864],[0.78264,45.35],[0.78591,45.34923],[0.78855,45.34811],[0.79365,45.34685],[0.79613,45.3448],[0.79678,45.3438],[0.80054,45.34394],[0.80208,45.34529],[0.8029,45.34521],[0.80594,45.34295],[0.80821,45.34057],[0.80893,45.33739],[0.81023,45.33556],[0.8139,45.33249],[0.81682,45.33318],[0.81964,45.33501],[0.82214,45.33512],[0.824,45.33577],[0.82606,45.33747],[0.82763,45.33825],[0.83155,45.33913],[0.83123,45.33784],[0.82952,45.33628],[0.82963,45.33544],[0.83158,45.33389],[0.8357,45.3329],[0.83618,45.33236],[0.83711,45.32915],[0.83774,45.32827],[0.83277,45.32679],[0.8312,45.3258],[0.82463,45.32382],[0.82342,45.3232],[0.82224,45.32342],[0.82045,45.32301],[0.81365,45.32241],[0.8108,45.32058],[0.80736,45.3193],[0.80453,45.31747],[0.80302,45.31618],[0.79626,45.31281],[0.78818,45.30896],[0.79034,45.30737],[0.79064,45.30647],[0.78902,45.30554],[0.79307,45.30343],[0.79523,45.30135],[0.79574,45.29752],[0.79762,45.29689],[0.79993,45.29687],[0.79187,45.29064],[0.78863,45.29243],[0.78449,45.29297],[0.78346,45.2935],[0.78211,45.2962],[0.77778,45.29563],[0.77625,45.29826],[0.7745,45.30002],[0.77567,45.30058],[0.77612,45.30159],[0.77115,45.30512],[0.76728,45.30598],[0.76416,45.30711],[0.76266,45.30821],[0.76299,45.30903],[0.76479,45.31054],[0.76532,45.31171],[0.76479,45.31322],[0.76531,45.31477],[0.76367,45.31631],[0.7633,45.31725],[0.7618,45.31794],[0.75983,45.32023],[0.76032,45.32113],[0.76044,45.32392],[0.7598,45.32513],[0.76078,45.32554],[0.76161,45.32879],[0.76054,45.32973],[0.76048,45.33079],[0.76201,45.33177],[0.76279,45.3338],[0.76461,45.33511],[0.76605,45.33718],[0.76634,45.3399],[0.76923,45.34446],[0.76998,45.34824]]]}},{"type":"Feature","id":"fr-commune-24409","properties":{"id":"fr-commune-24409","name":"Saint-Front-de-Pradoux","kind":"commune","center":[0.3611,45.0598],"code":"24409","department":"24"},"bbox":[0.34065,45.03709,0.38157,45.08256],"geometry":{"type":"Polygon","coordinates":[[[0.34288,45.07526],[0.34365,45.07578],[0.34341,45.07886],[0.34768,45.08038],[0.35018,45.08256],[0.35214,45.08175],[0.35489,45.07993],[0.3558,45.07722],[0.35604,45.07548],[0.35667,45.07449],[0.36792,45.07332],[0.37084,45.07262],[0.37234,45.07173],[0.37732,45.07061],[0.3792,45.07067],[0.3792,45.06927],[0.38092,45.0687],[0.38157,45.06759],[0.38132,45.06613],[0.38025,45.06534],[0.37993,45.06422],[0.38126,45.06349],[0.3812,45.06181],[0.38031,45.05948],[0.38046,45.05758],[0.37957,45.05661],[0.37734,45.05717],[0.37391,45.05673],[0.3713,45.05588],[0.36793,45.05424],[0.3652,45.05332],[0.36555,45.05202],[0.36492,45.05026],[0.36614,45.04896],[0.36902,45.04803],[0.37188,45.04669],[0.37361,45.04527],[0.37637,45.0417],[0.37772,45.0404],[0.37684,45.03901],[0.37693,45.03726],[0.37299,45.03709],[0.37013,45.03841],[0.36594,45.0398],[0.36255,45.04158],[0.36038,45.04233],[0.35809,45.04346],[0.35561,45.04587],[0.35322,45.04677],[0.35069,45.04614],[0.35066,45.04422],[0.34852,45.04516],[0.34626,45.04521],[0.34065,45.04655],[0.34156,45.04903],[0.34116,45.05068],[0.34229,45.05244],[0.34237,45.05363],[0.34325,45.05393],[0.34392,45.05641],[0.34693,45.05977],[0.3472,45.06061],[0.34888,45.06226],[0.34657,45.06401],[0.34567,45.06613],[0.34651,45.06764],[0.34735,45.07061],[0.34288,45.07526]]]}},{"type":"Feature","id":"fr-commune-24410","properties":{"id":"fr-commune-24410","name":"Saint-Front-la-Rivière","kind":"commune","center":[0.7185,45.4636],"code":"24410","department":"24"},"bbox":[0.68422,45.44073,0.75272,45.48657],"geometry":{"type":"Polygon","coordinates":[[[0.75021,45.47685],[0.75009,45.47596],[0.75175,45.47531],[0.75272,45.47393],[0.74936,45.47306],[0.74693,45.47217],[0.74601,45.46911],[0.74642,45.46619],[0.74687,45.465],[0.74732,45.46164],[0.74613,45.45972],[0.74609,45.45875],[0.74432,45.45494],[0.75027,45.45074],[0.74926,45.44991],[0.74672,45.44912],[0.74135,45.44496],[0.74112,45.44358],[0.7372,45.44426],[0.73591,45.44422],[0.72968,45.44316],[0.7287,45.44268],[0.72674,45.44267],[0.72229,45.44177],[0.72133,45.44073],[0.71885,45.44076],[0.71683,45.44282],[0.7161,45.44306],[0.71635,45.44519],[0.71374,45.44716],[0.70896,45.45122],[0.69938,45.45281],[0.69614,45.45416],[0.69185,45.45684],[0.68845,45.4594],[0.68768,45.46187],[0.6863,45.46265],[0.68464,45.46514],[0.68422,45.47023],[0.68447,45.47178],[0.68605,45.47335],[0.68576,45.4764],[0.69003,45.47741],[0.69164,45.47911],[0.69341,45.47926],[0.70449,45.48395],[0.70532,45.48538],[0.70734,45.48506],[0.71374,45.4862],[0.71512,45.48579],[0.71668,45.48636],[0.72515,45.48657],[0.72959,45.48583],[0.73036,45.4834],[0.73115,45.48307],[0.73348,45.48484],[0.73502,45.48482],[0.73473,45.48357],[0.73691,45.48315],[0.73761,45.48117],[0.73894,45.48131],[0.73955,45.48039],[0.74251,45.47916],[0.74392,45.47769],[0.74585,45.47664],[0.74845,45.47624],[0.75021,45.47685]]]}},{"type":"Feature","id":"fr-commune-24411","properties":{"id":"fr-commune-24411","name":"Saint-Front-sur-Nizonne","kind":"commune","center":[0.6257,45.4732],"code":"24411","department":"24"},"bbox":[0.59758,45.44433,0.65384,45.5021],"geometry":{"type":"Polygon","coordinates":[[[0.6115,45.49139],[0.61272,45.49324],[0.61487,45.49752],[0.61557,45.4984],[0.6217,45.50093],[0.62424,45.50171],[0.62892,45.5021],[0.63267,45.4977],[0.63647,45.49535],[0.64083,45.49546],[0.64468,45.49627],[0.64809,45.4956],[0.65137,45.49521],[0.65384,45.4953],[0.65233,45.49454],[0.65012,45.4904],[0.64731,45.48784],[0.64589,45.48479],[0.64802,45.48258],[0.64838,45.47909],[0.65007,45.47821],[0.6494,45.47439],[0.65253,45.47489],[0.65131,45.47367],[0.65144,45.47176],[0.65106,45.47019],[0.64838,45.4691],[0.64688,45.46806],[0.64426,45.46602],[0.64164,45.46492],[0.63688,45.46213],[0.63506,45.4619],[0.63321,45.46253],[0.63028,45.46211],[0.62786,45.46035],[0.62705,45.45891],[0.62562,45.45766],[0.624,45.45716],[0.62108,45.45554],[0.61933,45.45395],[0.61581,45.45206],[0.61108,45.45106],[0.60706,45.44903],[0.60612,45.44825],[0.6059,45.44657],[0.605,45.4459],[0.60177,45.44452],[0.59807,45.44433],[0.59804,45.4452],[0.59892,45.44531],[0.59766,45.44781],[0.59758,45.44878],[0.60125,45.44977],[0.60366,45.4499],[0.60753,45.45162],[0.60869,45.45236],[0.60865,45.45386],[0.60757,45.45604],[0.60986,45.46439],[0.61069,45.46622],[0.61063,45.46714],[0.60932,45.4678],[0.60683,45.46747],[0.60566,45.4686],[0.60555,45.47098],[0.60849,45.47225],[0.60915,45.47407],[0.60996,45.47489],[0.61032,45.47633],[0.61212,45.47685],[0.6123,45.478],[0.61149,45.47898],[0.61294,45.47981],[0.61396,45.48216],[0.61398,45.48325],[0.61062,45.48367],[0.61281,45.48628],[0.61316,45.48856],[0.61249,45.49041],[0.6115,45.49139]]]}},{"type":"Feature","id":"fr-commune-24412","properties":{"id":"fr-commune-24412","name":"Saint-Geniès","kind":"commune","center":[1.2539,45.0027],"code":"24412","department":"24"},"bbox":[1.20205,44.96639,1.30577,45.03887],"geometry":{"type":"Polygon","coordinates":[[[1.23983,44.96659],[1.23757,44.96639],[1.23643,44.96918],[1.22952,44.96975],[1.22758,44.97093],[1.22634,44.97035],[1.22476,44.96892],[1.2221,44.96802],[1.2206,44.96794],[1.2179,44.96917],[1.21376,44.96888],[1.21199,44.96848],[1.20895,44.97009],[1.20587,44.97275],[1.2035,44.97682],[1.20311,44.97848],[1.20205,44.98022],[1.2061,44.9806],[1.20502,44.98417],[1.20482,44.98736],[1.20522,44.9898],[1.20361,44.9931],[1.20281,44.99395],[1.20373,45.00069],[1.20532,45.00462],[1.20787,45.00751],[1.21524,45.00698],[1.21751,45.0065],[1.22095,45.00655],[1.22123,45.0084],[1.22213,45.01035],[1.22211,45.01167],[1.21963,45.01194],[1.21722,45.01323],[1.21787,45.01439],[1.21517,45.01622],[1.21578,45.01944],[1.21672,45.02136],[1.21461,45.02242],[1.21738,45.02418],[1.21965,45.0268],[1.22099,45.02903],[1.22179,45.03194],[1.22363,45.03281],[1.22445,45.03439],[1.22689,45.03202],[1.22898,45.0329],[1.22846,45.03071],[1.23004,45.02925],[1.23182,45.02894],[1.23754,45.03132],[1.23848,45.03258],[1.2394,45.03247],[1.2412,45.03553],[1.24119,45.03673],[1.24223,45.03885],[1.24835,45.03887],[1.25019,45.03794],[1.2482,45.03334],[1.24896,45.02955],[1.25,45.02781],[1.25271,45.02526],[1.2531,45.02186],[1.25237,45.01995],[1.25407,45.01791],[1.25443,45.01646],[1.25291,45.01278],[1.25313,45.01154],[1.25465,45.00987],[1.25644,45.00847],[1.25654,45.00785],[1.25823,45.00673],[1.26167,45.00585],[1.26378,45.00618],[1.26699,45.00408],[1.26783,45.00245],[1.27488,44.9993],[1.27561,44.99813],[1.27959,44.99525],[1.2817,44.99419],[1.28351,44.99396],[1.28524,44.99293],[1.28796,44.99224],[1.28931,44.98987],[1.29146,44.98978],[1.29527,44.99063],[1.29691,44.9905],[1.29983,44.98856],[1.30058,44.98765],[1.30275,44.98614],[1.3027,44.98535],[1.30413,44.98279],[1.30472,44.98249],[1.30487,44.98084],[1.30446,44.97865],[1.30577,44.97789],[1.30261,44.97599],[1.30274,44.97513],[1.30475,44.97446],[1.30112,44.97378],[1.29565,44.9732],[1.29074,44.97381],[1.28628,44.97283],[1.28136,44.97341],[1.27862,44.97434],[1.27323,44.97307],[1.2724,44.97329],[1.26954,44.97285],[1.26585,44.9715],[1.26281,44.97262],[1.25813,44.97393],[1.25702,44.97366],[1.25547,44.97247],[1.25352,44.97157],[1.25159,44.97008],[1.24971,44.96996],[1.24772,44.96934],[1.24569,44.96798],[1.24304,44.96718],[1.23983,44.96659]]]}},{"type":"Feature","id":"fr-commune-24413","properties":{"id":"fr-commune-24413","name":"Saint-Georges-Blancaneix","kind":"commune","center":[0.3538,44.9183],"code":"24413","department":"24"},"bbox":[0.32193,44.89339,0.38557,44.94333],"geometry":{"type":"Polygon","coordinates":[[[0.33818,44.90638],[0.33264,44.90648],[0.33053,44.9074],[0.32719,44.91484],[0.32445,44.91502],[0.32193,44.91557],[0.32627,44.91851],[0.32691,44.9192],[0.33138,44.92006],[0.33195,44.92165],[0.3318,44.92361],[0.33657,44.92167],[0.33601,44.92374],[0.3367,44.9274],[0.33484,44.93073],[0.33728,44.93507],[0.34116,44.9364],[0.34336,44.9383],[0.34546,44.941],[0.34905,44.94234],[0.35273,44.9426],[0.35564,44.94333],[0.35992,44.94284],[0.36397,44.94094],[0.36461,44.94001],[0.36688,44.9388],[0.36748,44.93798],[0.3629,44.93606],[0.36454,44.93442],[0.36564,44.93406],[0.36898,44.93109],[0.37002,44.93041],[0.36969,44.92899],[0.37065,44.92644],[0.37021,44.92542],[0.37144,44.9235],[0.37256,44.92271],[0.37301,44.9214],[0.37269,44.92009],[0.3748,44.91522],[0.37793,44.91187],[0.37991,44.90876],[0.38557,44.90302],[0.38468,44.90125],[0.38181,44.89925],[0.37988,44.8991],[0.37885,44.89751],[0.37585,44.89513],[0.37422,44.89516],[0.37359,44.89452],[0.37106,44.89339],[0.37004,44.89354],[0.37021,44.8952],[0.36824,44.89609],[0.36673,44.89631],[0.36541,44.89593],[0.36199,44.8961],[0.35799,44.89912],[0.35637,44.89956],[0.35485,44.90124],[0.35432,44.90477],[0.35373,44.90643],[0.3499,44.90723],[0.34796,44.90842],[0.34317,44.91024],[0.33959,44.90804],[0.33818,44.90638]]]}},{"type":"Feature","id":"fr-commune-24414","properties":{"id":"fr-commune-24414","name":"Saint-Georges-de-Montclard","kind":"commune","center":[0.6127,44.9312],"code":"24414","department":"24"},"bbox":[0.57025,44.90834,0.65515,44.95431],"geometry":{"type":"Polygon","coordinates":[[[0.57068,44.921],[0.57025,44.92177],[0.57482,44.92415],[0.57707,44.92512],[0.57711,44.92693],[0.57838,44.92737],[0.57814,44.92893],[0.57716,44.92941],[0.58065,44.93323],[0.58103,44.93461],[0.58285,44.93511],[0.58546,44.93531],[0.5898,44.93604],[0.59303,44.93618],[0.59235,44.93755],[0.59195,44.93976],[0.59091,44.94203],[0.58992,44.94568],[0.58883,44.94769],[0.589,44.95014],[0.5887,44.95116],[0.58902,44.95431],[0.59014,44.95318],[0.59493,44.94974],[0.59672,44.94946],[0.59872,44.95088],[0.60026,44.95105],[0.60245,44.9526],[0.60495,44.9516],[0.6073,44.95146],[0.6088,44.95202],[0.60899,44.95285],[0.61045,44.95289],[0.61249,44.95162],[0.61336,44.94993],[0.61475,44.95007],[0.61655,44.95121],[0.61845,44.9519],[0.61933,44.95141],[0.62221,44.94824],[0.6244,44.94709],[0.62767,44.94459],[0.63059,44.94412],[0.63059,44.94349],[0.62902,44.94241],[0.62783,44.9403],[0.62779,44.93854],[0.62654,44.93676],[0.6259,44.93364],[0.62611,44.92959],[0.62849,44.9296],[0.6328,44.93235],[0.63412,44.93414],[0.6374,44.93542],[0.63897,44.93668],[0.64497,44.93758],[0.64607,44.9371],[0.64625,44.93611],[0.64731,44.93495],[0.6466,44.93332],[0.64844,44.9311],[0.64927,44.93097],[0.65205,44.93253],[0.6549,44.93295],[0.65503,44.93183],[0.65446,44.92893],[0.65515,44.92593],[0.65342,44.92606],[0.6493,44.92588],[0.64828,44.92556],[0.64516,44.92639],[0.64172,44.92685],[0.6376,44.92668],[0.6351,44.92682],[0.6306,44.92749],[0.62835,44.92729],[0.62778,44.92682],[0.62936,44.92498],[0.6288,44.92126],[0.62683,44.92012],[0.62515,44.92031],[0.62347,44.919],[0.62344,44.91771],[0.62055,44.91509],[0.61955,44.91261],[0.61877,44.91154],[0.61582,44.9089],[0.6142,44.90834],[0.61283,44.90913],[0.61365,44.91066],[0.61322,44.91214],[0.61335,44.91415],[0.61154,44.91548],[0.61173,44.91638],[0.61059,44.91886],[0.61083,44.91996],[0.61046,44.92169],[0.6086,44.92322],[0.6036,44.9231],[0.60196,44.92411],[0.60026,44.92398],[0.59782,44.92319],[0.5944,44.92103],[0.59178,44.92246],[0.59098,44.92149],[0.58711,44.92151],[0.58567,44.92191],[0.57921,44.92146],[0.57243,44.92122],[0.57068,44.921]]]}},{"type":"Feature","id":"fr-commune-24415","properties":{"id":"fr-commune-24415","name":"Saint-Géraud-de-Corps","kind":"commune","center":[0.2417,44.9465],"code":"24415","department":"24"},"bbox":[0.19054,44.93028,0.29316,44.96286],"geometry":{"type":"Polygon","coordinates":[[[0.26807,44.9451],[0.26617,44.94543],[0.26331,44.94425],[0.26287,44.94337],[0.26059,44.94386],[0.25859,44.9421],[0.25731,44.94401],[0.25475,44.94522],[0.25259,44.9446],[0.24983,44.94451],[0.24775,44.94276],[0.24614,44.942],[0.24498,44.94069],[0.24351,44.94072],[0.24302,44.93953],[0.24078,44.93869],[0.2403,44.93791],[0.23773,44.93807],[0.23737,44.93527],[0.23857,44.93509],[0.23998,44.93409],[0.23958,44.93302],[0.23695,44.93352],[0.23542,44.93519],[0.23335,44.9356],[0.23252,44.93286],[0.2327,44.9314],[0.23091,44.93142],[0.23047,44.93085],[0.22837,44.93054],[0.22289,44.93047],[0.22186,44.93075],[0.21939,44.9307],[0.21834,44.93195],[0.21619,44.93187],[0.21464,44.93073],[0.21297,44.93028],[0.21251,44.93204],[0.21085,44.93241],[0.20889,44.93168],[0.20684,44.9304],[0.2064,44.93106],[0.20238,44.93381],[0.20182,44.93529],[0.19807,44.93535],[0.19711,44.93467],[0.19303,44.93497],[0.19227,44.93547],[0.19054,44.93542],[0.19152,44.9377],[0.19124,44.93907],[0.1925,44.93973],[0.19466,44.93893],[0.19619,44.9391],[0.19865,44.94145],[0.20141,44.94284],[0.20263,44.94439],[0.20311,44.94614],[0.20635,44.94732],[0.20836,44.94916],[0.20844,44.95042],[0.21069,44.95092],[0.21285,44.95201],[0.21342,44.95302],[0.21596,44.95409],[0.21707,44.95555],[0.21611,44.95659],[0.21857,44.95701],[0.21912,44.95757],[0.22246,44.95811],[0.22585,44.95949],[0.23396,44.95983],[0.23421,44.96089],[0.23532,44.96128],[0.23672,44.96085],[0.23919,44.96184],[0.24169,44.96112],[0.24407,44.9619],[0.24916,44.96218],[0.25156,44.96171],[0.25269,44.96045],[0.25501,44.96005],[0.25556,44.95946],[0.25923,44.95894],[0.26085,44.9591],[0.26433,44.9586],[0.26603,44.95864],[0.26819,44.9597],[0.26834,44.96055],[0.27124,44.96178],[0.27202,44.96159],[0.2741,44.96286],[0.27662,44.96233],[0.27862,44.96259],[0.28236,44.96195],[0.28416,44.96195],[0.28675,44.96121],[0.28903,44.96127],[0.29126,44.95977],[0.29316,44.95785],[0.29202,44.95586],[0.29,44.95456],[0.28716,44.95358],[0.28568,44.95356],[0.28182,44.95231],[0.28004,44.95031],[0.27799,44.94954],[0.27585,44.94543],[0.27437,44.94562],[0.27292,44.94493],[0.27205,44.94597],[0.26928,44.94591],[0.26807,44.9451]]]}},{"type":"Feature","id":"fr-commune-24416","properties":{"id":"fr-commune-24416","name":"Saint-Germain-de-Belvès","kind":"commune","center":[1.0344,44.8064],"code":"24416","department":"24"},"bbox":[1.00852,44.79469,1.06031,44.81813],"geometry":{"type":"Polygon","coordinates":[[[1.05532,44.81336],[1.05623,44.81223],[1.05793,44.80994],[1.0585,44.80747],[1.0602,44.80694],[1.05965,44.80365],[1.06031,44.80027],[1.05938,44.79754],[1.05804,44.7974],[1.05472,44.79786],[1.05312,44.79743],[1.04999,44.79763],[1.04513,44.79733],[1.04078,44.79611],[1.03642,44.79568],[1.03309,44.79566],[1.02686,44.79469],[1.02418,44.79692],[1.02316,44.7986],[1.02097,44.79982],[1.01971,44.80212],[1.01747,44.80442],[1.01482,44.80621],[1.01252,44.80867],[1.01359,44.80925],[1.01186,44.81048],[1.00852,44.81235],[1.01017,44.81376],[1.01277,44.81445],[1.01236,44.81586],[1.0134,44.81734],[1.01469,44.81674],[1.01943,44.81745],[1.02128,44.81813],[1.02375,44.8181],[1.0276,44.81696],[1.03032,44.81756],[1.03417,44.81708],[1.03545,44.81632],[1.03727,44.81599],[1.04133,44.81619],[1.0451,44.81616],[1.04721,44.81531],[1.05011,44.81488],[1.05258,44.81357],[1.05532,44.81336]]]}},{"type":"Feature","id":"fr-commune-24417","properties":{"id":"fr-commune-24417","name":"Saint-Germain-des-Prés","kind":"commune","center":[1.0004,45.3454],"code":"24417","department":"24"},"bbox":[0.96497,45.31816,1.03582,45.37258],"geometry":{"type":"Polygon","coordinates":[[[1.01586,45.3301],[1.01194,45.33086],[1.00915,45.33066],[1.00907,45.32855],[1.0048,45.32868],[1.00123,45.32805],[0.99905,45.32901],[0.99815,45.32814],[0.99682,45.32561],[0.99346,45.32417],[0.99179,45.32395],[0.99051,45.3229],[0.98925,45.32304],[0.98827,45.32165],[0.98919,45.3193],[0.98768,45.31816],[0.98567,45.31839],[0.98468,45.31948],[0.98466,45.32122],[0.98228,45.32149],[0.9783,45.3207],[0.97491,45.32173],[0.97551,45.32339],[0.97203,45.3252],[0.97017,45.32573],[0.97037,45.3276],[0.97098,45.32833],[0.9675,45.32935],[0.96584,45.33025],[0.96497,45.33207],[0.97091,45.33401],[0.97045,45.33603],[0.97105,45.33635],[0.96934,45.33851],[0.96723,45.34181],[0.96782,45.34272],[0.96749,45.34551],[0.96747,45.34808],[0.9701,45.34862],[0.96962,45.34931],[0.97416,45.35011],[0.97209,45.35201],[0.97402,45.35295],[0.97408,45.35462],[0.97661,45.35593],[0.97784,45.35582],[0.97937,45.35729],[0.98232,45.35797],[0.98338,45.35781],[0.98509,45.35874],[0.98638,45.35883],[0.98804,45.35959],[0.99096,45.3583],[0.99295,45.35796],[0.99277,45.36109],[0.992,45.36246],[0.99315,45.36441],[0.99326,45.36707],[0.99769,45.36449],[1.00644,45.36511],[1.01369,45.36667],[1.01529,45.37045],[1.01598,45.37087],[1.02156,45.37251],[1.02549,45.37258],[1.02627,45.37111],[1.02603,45.37038],[1.0275,45.36839],[1.0292,45.3669],[1.03368,45.36457],[1.03582,45.36097],[1.03571,45.35962],[1.03361,45.3574],[1.03248,45.35494],[1.03231,45.35348],[1.03142,45.35298],[1.03212,45.35189],[1.03015,45.34995],[1.02821,45.34902],[1.02745,45.34765],[1.02709,45.3456],[1.02789,45.34506],[1.0281,45.34319],[1.02892,45.34231],[1.02848,45.34052],[1.02591,45.34093],[1.02356,45.34096],[1.02322,45.33946],[1.02152,45.33861],[1.02062,45.33671],[1.02077,45.33552],[1.02023,45.33389],[1.01777,45.33317],[1.01875,45.33179],[1.0158,45.33099],[1.01586,45.3301]]]}},{"type":"Feature","id":"fr-commune-24418","properties":{"id":"fr-commune-24418","name":"Saint-Germain-du-Salembre","kind":"commune","center":[0.4344,45.128],"code":"24418","department":"24"},"bbox":[0.39228,45.10027,0.47653,45.15564],"geometry":{"type":"Polygon","coordinates":[[[0.47308,45.13741],[0.47113,45.13742],[0.4692,45.13699],[0.46809,45.13573],[0.46712,45.13362],[0.46699,45.13147],[0.46536,45.12966],[0.46497,45.12861],[0.46357,45.12783],[0.46246,45.12491],[0.4599,45.12263],[0.45918,45.11957],[0.45744,45.11753],[0.45639,45.11499],[0.45303,45.11488],[0.44632,45.11563],[0.44744,45.11343],[0.44748,45.11249],[0.44637,45.11118],[0.44665,45.10927],[0.44541,45.10878],[0.44454,45.10621],[0.44515,45.10325],[0.44486,45.10184],[0.44267,45.10095],[0.4396,45.10027],[0.43839,45.10076],[0.43657,45.10063],[0.4336,45.10301],[0.43283,45.1042],[0.43094,45.10454],[0.42734,45.10574],[0.42562,45.10757],[0.42345,45.10821],[0.41419,45.10785],[0.40854,45.11014],[0.40596,45.11056],[0.40334,45.11282],[0.40105,45.11381],[0.39711,45.11434],[0.39595,45.116],[0.39442,45.1175],[0.39372,45.11926],[0.39228,45.1202],[0.39325,45.1208],[0.39453,45.11975],[0.39717,45.12181],[0.39893,45.12226],[0.40054,45.1235],[0.40153,45.12341],[0.40501,45.12475],[0.40764,45.12494],[0.40928,45.12773],[0.41134,45.12748],[0.41297,45.12526],[0.4154,45.12348],[0.41675,45.12207],[0.41807,45.12204],[0.42021,45.12138],[0.42136,45.12341],[0.42423,45.12622],[0.42301,45.12886],[0.41945,45.1305],[0.41744,45.13449],[0.418,45.13546],[0.41795,45.1375],[0.41245,45.13802],[0.41095,45.14038],[0.41105,45.14238],[0.41203,45.14284],[0.41551,45.14296],[0.41494,45.14487],[0.41818,45.1455],[0.42089,45.14464],[0.42345,45.14434],[0.42689,45.14513],[0.43063,45.14708],[0.43486,45.14808],[0.43808,45.14933],[0.44501,45.14726],[0.44947,45.14776],[0.4505,45.14808],[0.45397,45.14703],[0.45537,45.14564],[0.45704,45.1461],[0.45854,45.1471],[0.45909,45.14955],[0.46084,45.15094],[0.46073,45.15266],[0.46193,45.15376],[0.46243,45.15564],[0.46677,45.15449],[0.46963,45.15308],[0.4724,45.15139],[0.47653,45.15059],[0.47598,45.14799],[0.47613,45.1459],[0.4741,45.14376],[0.47331,45.14235],[0.47315,45.1406],[0.47369,45.13933],[0.47308,45.13741]]]}},{"type":"Feature","id":"fr-commune-24419","properties":{"id":"fr-commune-24419","name":"Saint-Germain-et-Mons","kind":"commune","center":[0.5906,44.825],"code":"24419","department":"24"},"bbox":[0.5634,44.79603,0.61787,44.85394],"geometry":{"type":"Polygon","coordinates":[[[0.6119,44.81699],[0.61026,44.81849],[0.61031,44.81915],[0.60851,44.82031],[0.6072,44.82054],[0.6058,44.82156],[0.60261,44.82177],[0.60093,44.81911],[0.59974,44.81922],[0.59769,44.81776],[0.59723,44.81694],[0.59415,44.8159],[0.59185,44.81443],[0.59392,44.81129],[0.59453,44.80853],[0.59564,44.80637],[0.59691,44.80231],[0.59332,44.79875],[0.59324,44.79645],[0.59077,44.79603],[0.58695,44.79671],[0.58497,44.79762],[0.58334,44.79919],[0.58044,44.80043],[0.57965,44.80137],[0.57973,44.80243],[0.5788,44.80325],[0.57529,44.80305],[0.57484,44.80537],[0.57306,44.80719],[0.57245,44.8091],[0.5701,44.81253],[0.56431,44.81198],[0.5634,44.81282],[0.56512,44.81407],[0.56644,44.81334],[0.56963,44.81446],[0.57115,44.81614],[0.57254,44.81767],[0.57665,44.81642],[0.57836,44.81804],[0.58111,44.81946],[0.57954,44.82018],[0.57907,44.82122],[0.57674,44.82422],[0.57518,44.82516],[0.57306,44.82773],[0.57351,44.82788],[0.57326,44.8305],[0.57576,44.83057],[0.57469,44.83156],[0.57812,44.83192],[0.57716,44.83514],[0.57845,44.83507],[0.57844,44.8373],[0.5776,44.83728],[0.57758,44.84286],[0.57555,44.843],[0.57485,44.84526],[0.5745,44.84763],[0.57468,44.85341],[0.57495,44.85367],[0.5821,44.85358],[0.59234,44.85362],[0.59618,44.85394],[0.59876,44.8539],[0.60225,44.85327],[0.60982,44.8507],[0.61386,44.84894],[0.61226,44.84511],[0.61006,44.84526],[0.60918,44.84068],[0.60891,44.8375],[0.60791,44.83669],[0.60742,44.83251],[0.60952,44.83253],[0.60963,44.83123],[0.60851,44.83003],[0.60976,44.82958],[0.60791,44.82778],[0.6123,44.82568],[0.61554,44.82327],[0.61787,44.82085],[0.61622,44.81931],[0.6119,44.81699]]]}},{"type":"Feature","id":"fr-commune-24420","properties":{"id":"fr-commune-24420","name":"Saint-Géry","kind":"commune","center":[0.3285,44.9771],"code":"24420","department":"24"},"bbox":[0.29221,44.95151,0.36462,45.00268],"geometry":{"type":"Polygon","coordinates":[[[0.30915,45.00242],[0.31043,45.00101],[0.31641,45.00114],[0.32213,45.00189],[0.32629,45.00268],[0.32965,45.00164],[0.332,45.00135],[0.3352,45.00148],[0.3363,45.00104],[0.34041,44.9978],[0.34347,44.99564],[0.34664,44.99224],[0.34475,44.99135],[0.34893,44.98501],[0.35123,44.98516],[0.35289,44.98463],[0.35103,44.98263],[0.35013,44.98246],[0.35096,44.98065],[0.35376,44.97827],[0.35556,44.9783],[0.36057,44.97717],[0.36071,44.97957],[0.36252,44.98245],[0.36384,44.98246],[0.36318,44.97956],[0.3645,44.97806],[0.36456,44.97584],[0.36462,44.97418],[0.36352,44.97321],[0.36255,44.97153],[0.35986,44.97158],[0.35884,44.96975],[0.3548,44.96961],[0.35382,44.96811],[0.35199,44.96761],[0.35199,44.96505],[0.34999,44.96292],[0.34596,44.96212],[0.34317,44.96388],[0.34193,44.96277],[0.33993,44.96205],[0.34049,44.96068],[0.33339,44.96096],[0.33001,44.95999],[0.3288,44.95799],[0.33121,44.95548],[0.33287,44.9524],[0.3325,44.95151],[0.33009,44.95243],[0.32571,44.95369],[0.32572,44.95445],[0.32335,44.95411],[0.3199,44.95489],[0.3193,44.95438],[0.31758,44.95464],[0.31419,44.95436],[0.31118,44.95501],[0.30363,44.955],[0.30133,44.95533],[0.29929,44.95643],[0.29557,44.95763],[0.29611,44.95819],[0.29321,44.96113],[0.29565,44.96277],[0.29435,44.96435],[0.29221,44.96793],[0.29382,44.96819],[0.29537,44.97036],[0.29685,44.97157],[0.2975,44.9735],[0.29862,44.97509],[0.30029,44.97613],[0.30211,44.97795],[0.30355,44.97864],[0.3064,44.97933],[0.30908,44.98049],[0.30847,44.98464],[0.30903,44.98528],[0.30882,44.98662],[0.30975,44.98717],[0.3091,44.98811],[0.30962,44.98908],[0.30756,44.99089],[0.30786,44.99309],[0.30916,44.99504],[0.30876,44.99556],[0.30954,44.99706],[0.30935,44.99849],[0.30862,44.99902],[0.30915,45.00242]]]}},{"type":"Feature","id":"fr-commune-24421","properties":{"id":"fr-commune-24421","name":"Saint-Geyrac","kind":"commune","center":[0.9078,45.0688],"code":"24421","department":"24"},"bbox":[0.87651,45.0367,0.93914,45.10083],"geometry":{"type":"Polygon","coordinates":[[[0.88163,45.08662],[0.88079,45.09035],[0.87955,45.09118],[0.8796,45.09213],[0.88105,45.09342],[0.88179,45.0954],[0.88321,45.09588],[0.8844,45.09725],[0.88659,45.09839],[0.88859,45.09829],[0.8911,45.09898],[0.89189,45.09652],[0.89475,45.09515],[0.89646,45.09406],[0.89806,45.09506],[0.89901,45.09498],[0.89998,45.09726],[0.90674,45.09705],[0.907,45.09567],[0.90937,45.09568],[0.9108,45.09689],[0.9105,45.09786],[0.91366,45.09814],[0.91478,45.09896],[0.91953,45.1],[0.92074,45.1007],[0.92232,45.09982],[0.92427,45.09985],[0.92569,45.09853],[0.92974,45.10011],[0.93039,45.10083],[0.93483,45.09601],[0.93542,45.09512],[0.93914,45.09464],[0.93815,45.09312],[0.93893,45.09076],[0.93872,45.08933],[0.93204,45.08909],[0.92876,45.08958],[0.92714,45.08868],[0.92694,45.08496],[0.92776,45.08263],[0.92663,45.08138],[0.92508,45.08087],[0.92486,45.0796],[0.92363,45.07819],[0.92284,45.07623],[0.92393,45.07585],[0.92384,45.07419],[0.92517,45.07299],[0.92511,45.07098],[0.92392,45.06969],[0.92318,45.06805],[0.92498,45.06717],[0.92288,45.06472],[0.9226,45.06349],[0.92128,45.06128],[0.92275,45.05768],[0.92351,45.05728],[0.92407,45.05531],[0.92186,45.05359],[0.91961,45.05424],[0.91934,45.05291],[0.91836,45.05225],[0.91702,45.05002],[0.9177,45.04799],[0.91767,45.04661],[0.91681,45.0437],[0.91583,45.04185],[0.9121,45.04029],[0.90412,45.0367],[0.90267,45.03703],[0.90125,45.038],[0.90205,45.04058],[0.90198,45.04183],[0.901,45.04294],[0.89853,45.04375],[0.89831,45.04618],[0.89889,45.04766],[0.8978,45.05021],[0.89959,45.05388],[0.89923,45.05462],[0.9008,45.05704],[0.8987,45.05963],[0.89534,45.06009],[0.89249,45.06351],[0.89083,45.06468],[0.8911,45.0664],[0.88925,45.06743],[0.88653,45.06943],[0.88483,45.0695],[0.88338,45.07031],[0.88388,45.07143],[0.88307,45.07222],[0.8814,45.0726],[0.88063,45.0736],[0.88086,45.07468],[0.87651,45.07471],[0.87683,45.07586],[0.87801,45.07578],[0.87998,45.07653],[0.8829,45.07834],[0.88496,45.07889],[0.88488,45.08059],[0.88412,45.08315],[0.88286,45.08524],[0.88163,45.08662]]]}},{"type":"Feature","id":"fr-commune-24422","properties":{"id":"fr-commune-24422","name":"Saint-Hilaire-d'Estissac","kind":"commune","center":[0.5029,45.0141],"code":"24422","department":"24"},"bbox":[0.47957,45.00024,0.5262,45.02781],"geometry":{"type":"Polygon","coordinates":[[[0.5262,45.02429],[0.52397,45.02201],[0.52318,45.02082],[0.52059,45.01577],[0.52203,45.01356],[0.52554,45.01092],[0.52541,45.00896],[0.52341,45.00842],[0.52254,45.00748],[0.52118,45.00474],[0.51949,45.00362],[0.51518,45.00149],[0.5117,45.00024],[0.51103,45.00105],[0.50858,45.00251],[0.50621,45.00479],[0.50455,45.00529],[0.50334,45.00652],[0.49892,45.00724],[0.49769,45.00781],[0.49222,45.00766],[0.49079,45.00895],[0.48915,45.0093],[0.48753,45.0099],[0.48081,45.01013],[0.47957,45.01047],[0.48163,45.01502],[0.4815,45.01644],[0.48313,45.01923],[0.48352,45.02049],[0.48483,45.02049],[0.48819,45.01821],[0.48953,45.01915],[0.49312,45.02103],[0.49469,45.02138],[0.49977,45.02352],[0.5031,45.026],[0.50658,45.02781],[0.50925,45.02736],[0.51055,45.02458],[0.51201,45.02343],[0.51428,45.02324],[0.51771,45.02205],[0.52035,45.02474],[0.52035,45.02636],[0.5262,45.02429]]]}},{"type":"Feature","id":"fr-commune-24423","properties":{"id":"fr-commune-24423","name":"Saint-Julien-Innocence-Eulalie","kind":"commune","center":[0.3973,44.7161],"code":"24423","department":"24"},"bbox":[0.34048,44.69144,0.45404,44.74086],"geometry":{"type":"Polygon","coordinates":[[[0.40051,44.74039],[0.40171,44.74086],[0.402,44.73937],[0.40594,44.73863],[0.40731,44.73774],[0.40952,44.73716],[0.41159,44.72952],[0.41133,44.7281],[0.41419,44.7284],[0.4184,44.72817],[0.42275,44.72816],[0.42283,44.72868],[0.42659,44.73011],[0.42732,44.73008],[0.4324,44.73231],[0.43337,44.73216],[0.43896,44.73228],[0.44168,44.73231],[0.44531,44.73496],[0.44754,44.73532],[0.44908,44.73515],[0.45121,44.73438],[0.45404,44.73398],[0.45347,44.73308],[0.45396,44.73188],[0.45228,44.73188],[0.45299,44.73044],[0.4524,44.73007],[0.45314,44.7244],[0.45162,44.72414],[0.4501,44.72286],[0.44956,44.72145],[0.44798,44.72117],[0.44612,44.71873],[0.44682,44.716],[0.44633,44.71418],[0.44381,44.71246],[0.44134,44.71141],[0.44072,44.70962],[0.43942,44.70803],[0.43734,44.7072],[0.43717,44.70582],[0.43524,44.70713],[0.43247,44.70781],[0.431,44.7088],[0.42981,44.71066],[0.42974,44.71221],[0.42828,44.71317],[0.42412,44.71483],[0.42218,44.71506],[0.41906,44.71613],[0.41705,44.71747],[0.41611,44.7167],[0.41353,44.71669],[0.41165,44.71747],[0.41003,44.7176],[0.40902,44.71617],[0.40918,44.71366],[0.40724,44.71452],[0.40487,44.71484],[0.40268,44.71431],[0.40118,44.71528],[0.39458,44.71625],[0.3879,44.71682],[0.38657,44.71742],[0.38332,44.71614],[0.38071,44.71406],[0.37849,44.71332],[0.37972,44.71066],[0.3781,44.70921],[0.37842,44.70708],[0.37487,44.70722],[0.37395,44.70601],[0.3743,44.70481],[0.3734,44.70407],[0.37333,44.70255],[0.37069,44.70179],[0.37042,44.70068],[0.36661,44.69908],[0.36555,44.69715],[0.36277,44.6949],[0.36391,44.69296],[0.36098,44.6934],[0.35941,44.69144],[0.35788,44.69315],[0.35538,44.69497],[0.35476,44.69663],[0.35391,44.69731],[0.352,44.69742],[0.35011,44.69873],[0.34436,44.70055],[0.34048,44.70311],[0.34161,44.70478],[0.34283,44.70827],[0.34353,44.70895],[0.34432,44.70944],[0.34807,44.71044],[0.34744,44.71135],[0.34737,44.71288],[0.34791,44.71414],[0.34734,44.71739],[0.3477,44.7196],[0.34664,44.72223],[0.34491,44.72348],[0.34584,44.7244],[0.34953,44.72363],[0.3504,44.72401],[0.35537,44.72335],[0.35578,44.72284],[0.3605,44.72304],[0.36506,44.72274],[0.36653,44.72475],[0.3666,44.72601],[0.37427,44.72849],[0.37512,44.7282],[0.37589,44.7297],[0.38036,44.73128],[0.38153,44.73208],[0.38463,44.73317],[0.38704,44.7348],[0.39641,44.73442],[0.3981,44.73578],[0.39921,44.73735],[0.39907,44.73809],[0.40051,44.74039]]]}},{"type":"Feature","id":"fr-commune-24424","properties":{"id":"fr-commune-24424","name":"Saint-Jean-d'Ataux","kind":"commune","center":[0.3941,45.1337],"code":"24424","department":"24"},"bbox":[0.36132,45.1138,0.42689,45.15309],"geometry":{"type":"Polygon","coordinates":[[[0.3961,45.15165],[0.39748,45.15201],[0.40361,45.15281],[0.41017,45.15192],[0.41193,45.15266],[0.41439,45.15309],[0.41635,45.15279],[0.41853,45.15046],[0.42155,45.14835],[0.42689,45.14513],[0.42345,45.14434],[0.42089,45.14464],[0.41818,45.1455],[0.41494,45.14487],[0.41551,45.14296],[0.41203,45.14284],[0.41105,45.14238],[0.41095,45.14038],[0.41245,45.13802],[0.41795,45.1375],[0.418,45.13546],[0.41744,45.13449],[0.41945,45.1305],[0.42301,45.12886],[0.42423,45.12622],[0.42136,45.12341],[0.42021,45.12138],[0.41807,45.12204],[0.41675,45.12207],[0.4154,45.12348],[0.41297,45.12526],[0.41134,45.12748],[0.40928,45.12773],[0.40764,45.12494],[0.40501,45.12475],[0.40153,45.12341],[0.40054,45.1235],[0.39893,45.12226],[0.39717,45.12181],[0.39453,45.11975],[0.39325,45.1208],[0.39228,45.1202],[0.39234,45.11921],[0.38946,45.11674],[0.38767,45.11588],[0.38849,45.11528],[0.38704,45.1138],[0.38577,45.11509],[0.38385,45.11602],[0.38277,45.11549],[0.38058,45.11595],[0.37846,45.11734],[0.37736,45.11923],[0.37948,45.12067],[0.37726,45.12214],[0.37555,45.12208],[0.37358,45.12362],[0.37072,45.12412],[0.36918,45.12392],[0.36785,45.1245],[0.36543,45.12661],[0.36353,45.12718],[0.36252,45.12799],[0.36132,45.13069],[0.36549,45.13616],[0.3665,45.13838],[0.36791,45.14012],[0.37062,45.14169],[0.37596,45.14313],[0.37986,45.1431],[0.39092,45.14485],[0.39417,45.14646],[0.39624,45.14638],[0.39679,45.14746],[0.3961,45.15165]]]}},{"type":"Feature","id":"fr-commune-24425","properties":{"id":"fr-commune-24425","name":"Saint-Jean-de-Côle","kind":"commune","center":[0.8356,45.412],"code":"24425","department":"24"},"bbox":[0.80725,45.38949,0.86401,45.4344],"geometry":{"type":"Polygon","coordinates":[[[0.85844,45.39277],[0.85668,45.39227],[0.85432,45.3923],[0.8509,45.39184],[0.84742,45.39177],[0.84577,45.39229],[0.84388,45.39349],[0.84225,45.39146],[0.83882,45.38949],[0.8363,45.39278],[0.83284,45.39449],[0.83169,45.39579],[0.83026,45.39967],[0.83062,45.40066],[0.8283,45.40163],[0.82751,45.40275],[0.82446,45.40369],[0.82295,45.40515],[0.82158,45.40514],[0.82004,45.40313],[0.81568,45.40195],[0.81417,45.40216],[0.813,45.40387],[0.80989,45.40527],[0.80997,45.40642],[0.80874,45.40653],[0.80725,45.40831],[0.80751,45.40992],[0.80848,45.41171],[0.81026,45.41311],[0.81144,45.4192],[0.81125,45.42052],[0.81317,45.42329],[0.81554,45.42431],[0.8179,45.42608],[0.81915,45.43049],[0.81941,45.4344],[0.82116,45.43369],[0.82373,45.43323],[0.82975,45.43058],[0.83101,45.43168],[0.83309,45.43064],[0.83348,45.43184],[0.83584,45.4333],[0.83724,45.43353],[0.83803,45.43169],[0.83982,45.43152],[0.84066,45.43263],[0.84255,45.43224],[0.84526,45.43043],[0.84652,45.43033],[0.84854,45.42899],[0.85017,45.43158],[0.85171,45.43132],[0.85291,45.43145],[0.85494,45.42997],[0.85613,45.42793],[0.85245,45.42675],[0.85419,45.42404],[0.85431,45.42268],[0.85299,45.42213],[0.85384,45.42112],[0.85118,45.41998],[0.85365,45.41895],[0.85781,45.41887],[0.8573,45.41694],[0.8573,45.41481],[0.8566,45.41298],[0.85543,45.41238],[0.85667,45.41003],[0.85647,45.40863],[0.85406,45.40674],[0.85203,45.40424],[0.8514,45.40435],[0.84895,45.40122],[0.84794,45.40061],[0.84782,45.39918],[0.85125,45.39825],[0.85364,45.39835],[0.85521,45.39896],[0.85737,45.39783],[0.86243,45.39628],[0.86401,45.39458],[0.86108,45.39343],[0.85844,45.39277]]]}},{"type":"Feature","id":"fr-commune-24426","properties":{"id":"fr-commune-24426","name":"Saint-Jean-d'Estissac","kind":"commune","center":[0.5037,45.0374],"code":"24426","department":"24"},"bbox":[0.47367,45.01821,0.53375,45.05653],"geometry":{"type":"Polygon","coordinates":[[[0.48352,45.02049],[0.4825,45.02176],[0.47996,45.02372],[0.47937,45.02627],[0.47961,45.02904],[0.4769,45.03054],[0.47872,45.03211],[0.47951,45.0345],[0.47697,45.03438],[0.47367,45.03495],[0.47462,45.03706],[0.47618,45.03925],[0.47722,45.04183],[0.47742,45.04323],[0.48618,45.04814],[0.49232,45.05281],[0.49539,45.0536],[0.50096,45.05382],[0.50159,45.05523],[0.50536,45.05448],[0.50523,45.05354],[0.50378,45.05242],[0.50448,45.05178],[0.50417,45.05015],[0.50657,45.0503],[0.50682,45.05096],[0.50971,45.05031],[0.51157,45.04924],[0.51376,45.04847],[0.51562,45.04911],[0.51862,45.05213],[0.52116,45.0531],[0.52167,45.05483],[0.52292,45.05653],[0.52523,45.0559],[0.5266,45.05433],[0.52776,45.05163],[0.5285,45.04836],[0.52843,45.04674],[0.52929,45.04509],[0.53265,45.0452],[0.53305,45.04307],[0.53375,45.04266],[0.53367,45.04106],[0.53205,45.0403],[0.53322,45.03806],[0.53192,45.03528],[0.53306,45.03151],[0.5278,45.02581],[0.5262,45.02429],[0.52035,45.02636],[0.52035,45.02474],[0.51771,45.02205],[0.51428,45.02324],[0.51201,45.02343],[0.51055,45.02458],[0.50925,45.02736],[0.50658,45.02781],[0.5031,45.026],[0.49977,45.02352],[0.49469,45.02138],[0.49312,45.02103],[0.48953,45.01915],[0.48819,45.01821],[0.48483,45.02049],[0.48352,45.02049]]]}},{"type":"Feature","id":"fr-commune-24428","properties":{"id":"fr-commune-24428","name":"Saint-Jory-de-Chalais","kind":"commune","center":[0.901,45.4903],"code":"24428","department":"24"},"bbox":[0.85937,45.44732,0.94256,45.53334],"geometry":{"type":"Polygon","coordinates":[[[0.85937,45.48237],[0.86115,45.48431],[0.86086,45.48648],[0.86248,45.48726],[0.86163,45.48808],[0.86213,45.48896],[0.86392,45.48934],[0.86359,45.49118],[0.86486,45.49194],[0.86506,45.49394],[0.86724,45.49962],[0.86886,45.50034],[0.86893,45.50149],[0.87079,45.50196],[0.87234,45.50383],[0.87176,45.50569],[0.87248,45.50743],[0.87206,45.50829],[0.8739,45.50853],[0.87454,45.50957],[0.87585,45.51005],[0.87657,45.5118],[0.87763,45.5121],[0.87741,45.51325],[0.87865,45.5142],[0.87852,45.5152],[0.87989,45.51744],[0.87978,45.51972],[0.88013,45.52165],[0.87735,45.52284],[0.87569,45.52508],[0.87829,45.52725],[0.88033,45.52789],[0.88087,45.52999],[0.88012,45.53091],[0.8822,45.53281],[0.88325,45.53334],[0.88431,45.52863],[0.88582,45.52891],[0.88855,45.52858],[0.8887,45.52917],[0.89237,45.53119],[0.89323,45.53053],[0.89194,45.52655],[0.89437,45.52658],[0.8947,45.52499],[0.89719,45.52356],[0.8978,45.52229],[0.89951,45.52207],[0.89945,45.52356],[0.90166,45.52456],[0.90486,45.52504],[0.90636,45.52458],[0.90857,45.52534],[0.91206,45.52559],[0.91325,45.52627],[0.9151,45.52561],[0.91663,45.52732],[0.91719,45.52885],[0.91816,45.52981],[0.91917,45.52834],[0.9221,45.52725],[0.92285,45.52589],[0.92349,45.52218],[0.92262,45.52065],[0.92268,45.51927],[0.92154,45.5163],[0.9219,45.51267],[0.92141,45.51168],[0.9225,45.50979],[0.92205,45.50811],[0.91924,45.50667],[0.91894,45.50613],[0.91638,45.50514],[0.91492,45.50392],[0.91468,45.50282],[0.91132,45.50139],[0.91125,45.50029],[0.9125,45.49896],[0.9126,45.49769],[0.91093,45.49615],[0.91208,45.49534],[0.9103,45.49453],[0.90899,45.49119],[0.90977,45.48989],[0.9081,45.48989],[0.90788,45.48849],[0.90962,45.48778],[0.91243,45.48727],[0.91429,45.4876],[0.91835,45.48753],[0.91926,45.48891],[0.92088,45.4881],[0.92236,45.4883],[0.92543,45.48712],[0.93043,45.4859],[0.93099,45.48485],[0.93063,45.48153],[0.92864,45.48141],[0.92817,45.48066],[0.92639,45.48058],[0.92513,45.47975],[0.9273,45.47767],[0.92884,45.47772],[0.93292,45.47677],[0.93584,45.47555],[0.93712,45.47541],[0.94197,45.47643],[0.94233,45.47613],[0.94202,45.46968],[0.94256,45.46502],[0.93545,45.46383],[0.93415,45.46387],[0.93178,45.46331],[0.93114,45.46212],[0.92899,45.46141],[0.92646,45.46117],[0.92551,45.46146],[0.92305,45.46062],[0.9185,45.46292],[0.91663,45.46357],[0.9135,45.46384],[0.91085,45.46261],[0.90805,45.46356],[0.90569,45.46392],[0.90513,45.46312],[0.90219,45.46322],[0.90244,45.46149],[0.8994,45.46074],[0.89835,45.4592],[0.89853,45.45745],[0.89586,45.45561],[0.89536,45.45293],[0.8955,45.45117],[0.89295,45.45104],[0.89244,45.44976],[0.891,45.44841],[0.89098,45.44732],[0.88998,45.44906],[0.88825,45.44857],[0.88746,45.44898],[0.88832,45.45089],[0.88761,45.45174],[0.88605,45.45227],[0.88557,45.45361],[0.88418,45.45482],[0.88672,45.45729],[0.88664,45.45894],[0.88334,45.45895],[0.88168,45.46013],[0.87715,45.46013],[0.87396,45.45973],[0.87478,45.46433],[0.87294,45.46448],[0.86853,45.46437],[0.86837,45.46482],[0.86448,45.4647],[0.86275,45.46563],[0.86268,45.46753],[0.85953,45.46968],[0.86006,45.47136],[0.86182,45.4724],[0.86504,45.47168],[0.8646,45.47279],[0.86679,45.47367],[0.86625,45.47458],[0.86457,45.47493],[0.86237,45.47485],[0.86213,45.47623],[0.86389,45.47865],[0.86512,45.47959],[0.86459,45.48051],[0.86065,45.48043],[0.85937,45.48237]]]}},{"type":"Feature","id":"fr-commune-24429","properties":{"id":"fr-commune-24429","name":"Saint-Jory-las-Bloux","kind":"commune","center":[0.947,45.3395],"code":"24429","department":"24"},"bbox":[0.90072,45.30651,0.99326,45.37251],"geometry":{"type":"Polygon","coordinates":[[[0.91275,45.32645],[0.91633,45.33186],[0.91667,45.3329],[0.91837,45.33434],[0.92069,45.33478],[0.92126,45.33573],[0.92114,45.3379],[0.92173,45.33995],[0.92365,45.34185],[0.92433,45.34422],[0.92211,45.34897],[0.92868,45.34978],[0.93606,45.35045],[0.93976,45.351],[0.94294,45.35099],[0.94721,45.35066],[0.94983,45.35098],[0.9498,45.3545],[0.9509,45.35535],[0.95303,45.3582],[0.95395,45.36169],[0.95574,45.36198],[0.95621,45.36291],[0.95526,45.36366],[0.95735,45.36463],[0.95813,45.36588],[0.9597,45.36719],[0.95945,45.36826],[0.96114,45.37078],[0.96139,45.37185],[0.96521,45.37251],[0.96889,45.37161],[0.97215,45.37106],[0.97338,45.37112],[0.97499,45.37045],[0.97642,45.36934],[0.97809,45.36909],[0.98128,45.36922],[0.98331,45.36991],[0.98346,45.36829],[0.98689,45.36877],[0.99105,45.36797],[0.99314,45.3684],[0.99326,45.36707],[0.99315,45.36441],[0.992,45.36246],[0.99277,45.36109],[0.99295,45.35796],[0.99096,45.3583],[0.98804,45.35959],[0.98638,45.35883],[0.98509,45.35874],[0.98338,45.35781],[0.98232,45.35797],[0.97937,45.35729],[0.97784,45.35582],[0.97661,45.35593],[0.97408,45.35462],[0.97402,45.35295],[0.97209,45.35201],[0.97416,45.35011],[0.96962,45.34931],[0.9701,45.34862],[0.96747,45.34808],[0.96749,45.34551],[0.96782,45.34272],[0.96723,45.34181],[0.96934,45.33851],[0.97105,45.33635],[0.97045,45.33603],[0.97091,45.33401],[0.96497,45.33207],[0.96264,45.33139],[0.96042,45.33116],[0.95864,45.33204],[0.95681,45.33245],[0.95335,45.33181],[0.94907,45.33228],[0.94826,45.33163],[0.9445,45.33104],[0.94218,45.33003],[0.9379,45.3298],[0.93566,45.32588],[0.93417,45.32441],[0.93223,45.3233],[0.92751,45.3227],[0.92525,45.32275],[0.92365,45.32234],[0.92453,45.31911],[0.92298,45.31503],[0.92405,45.31275],[0.92298,45.31113],[0.92296,45.31017],[0.92387,45.30825],[0.92305,45.30652],[0.92101,45.30689],[0.91865,45.30651],[0.91761,45.30727],[0.91165,45.30867],[0.91219,45.31011],[0.90988,45.31036],[0.90072,45.31186],[0.90131,45.31351],[0.90074,45.31462],[0.90142,45.31578],[0.90362,45.31722],[0.90402,45.31873],[0.90512,45.31969],[0.90773,45.32005],[0.90752,45.3217],[0.91167,45.32436],[0.91275,45.32645]]]}},{"type":"Feature","id":"fr-commune-24432","properties":{"id":"fr-commune-24432","name":"Saint-Julien-de-Lampon","kind":"commune","center":[1.3806,44.8624],"code":"24432","department":"24"},"bbox":[1.34858,44.84182,1.41258,44.88304],"geometry":{"type":"Polygon","coordinates":[[[1.40287,44.85081],[1.40284,44.84931],[1.40065,44.8499],[1.39854,44.84899],[1.39545,44.84973],[1.39254,44.84923],[1.3873,44.85104],[1.38488,44.84886],[1.3861,44.84743],[1.37714,44.84182],[1.37356,44.84342],[1.37293,44.84444],[1.37285,44.84693],[1.37096,44.84739],[1.36998,44.84645],[1.36544,44.84522],[1.36459,44.84594],[1.36337,44.84832],[1.36154,44.84948],[1.35994,44.84964],[1.35468,44.84822],[1.35303,44.84976],[1.35373,44.85062],[1.35256,44.85114],[1.3535,44.8527],[1.35308,44.85327],[1.35409,44.85551],[1.34929,44.85851],[1.34858,44.85876],[1.34953,44.8601],[1.35138,44.86184],[1.35484,44.86421],[1.356,44.86547],[1.35723,44.86606],[1.36087,44.86662],[1.36459,44.86668],[1.36442,44.8676],[1.36679,44.86783],[1.36709,44.86854],[1.36636,44.87013],[1.36642,44.87218],[1.36735,44.87354],[1.36959,44.87549],[1.37417,44.8729],[1.37882,44.87074],[1.37974,44.87168],[1.38035,44.87403],[1.37994,44.87564],[1.37872,44.87662],[1.37857,44.878],[1.3823,44.88109],[1.38657,44.88249],[1.38855,44.88227],[1.39352,44.88296],[1.39495,44.88304],[1.39818,44.88194],[1.40432,44.87832],[1.41053,44.87339],[1.41156,44.87277],[1.41093,44.8721],[1.41258,44.86957],[1.41172,44.86628],[1.40912,44.86491],[1.40544,44.86362],[1.40476,44.86275],[1.40576,44.86201],[1.40573,44.86074],[1.40477,44.85816],[1.40551,44.85706],[1.40338,44.85456],[1.4036,44.85254],[1.40287,44.85081]]]}},{"type":"Feature","id":"fr-commune-24434","properties":{"id":"fr-commune-24434","name":"Saint-Just","kind":"commune","center":[0.4972,45.3365],"code":"24434","department":"24"},"bbox":[0.4712,45.31575,0.52316,45.35735],"geometry":{"type":"Polygon","coordinates":[[[0.51041,45.32579],[0.51026,45.32349],[0.50897,45.32237],[0.50673,45.32252],[0.50249,45.3221],[0.50082,45.32086],[0.49927,45.32145],[0.49797,45.3203],[0.49251,45.31729],[0.49119,45.31628],[0.48619,45.31575],[0.48373,45.31656],[0.47774,45.32039],[0.47295,45.32278],[0.4712,45.32455],[0.47242,45.32509],[0.47246,45.32624],[0.47762,45.33034],[0.48018,45.3341],[0.47916,45.33607],[0.48129,45.33793],[0.4816,45.33924],[0.48353,45.34085],[0.48333,45.34137],[0.48571,45.34256],[0.48744,45.34549],[0.48821,45.3481],[0.48682,45.34815],[0.48444,45.34897],[0.4856,45.35018],[0.48943,45.34874],[0.49078,45.34876],[0.49244,45.34767],[0.49326,45.34887],[0.4932,45.35025],[0.49422,45.35455],[0.49395,45.35637],[0.49536,45.3563],[0.49541,45.35735],[0.49756,45.35659],[0.49901,45.35506],[0.50057,45.35503],[0.50013,45.35624],[0.50122,45.35686],[0.50404,45.35626],[0.50809,45.3561],[0.50996,45.35567],[0.51239,45.35595],[0.51347,45.35308],[0.51275,45.35085],[0.51292,45.34836],[0.51237,45.34729],[0.51258,45.34412],[0.51843,45.34333],[0.51997,45.34368],[0.52209,45.34204],[0.52316,45.34018],[0.51928,45.33824],[0.51855,45.33403],[0.51988,45.33337],[0.5219,45.33299],[0.52043,45.32832],[0.51896,45.32612],[0.51754,45.32588],[0.5133,45.32587],[0.51183,45.32685],[0.51041,45.32579]]]}},{"type":"Feature","id":"fr-commune-24436","properties":{"id":"fr-commune-24436","name":"Saint-Laurent-des-Hommes","kind":"commune","center":[0.2509,45.0421],"code":"24436","department":"24"},"bbox":[0.19606,45.01647,0.3058,45.06798],"geometry":{"type":"Polygon","coordinates":[[[0.19803,45.02869],[0.19626,45.03005],[0.19606,45.03149],[0.19895,45.03356],[0.20234,45.03424],[0.20487,45.03444],[0.20761,45.03649],[0.20621,45.037],[0.2051,45.03844],[0.20281,45.04047],[0.20203,45.0424],[0.20249,45.04358],[0.2019,45.04572],[0.2011,45.04638],[0.2003,45.04909],[0.19874,45.05031],[0.19874,45.05166],[0.19958,45.05223],[0.20109,45.05379],[0.20258,45.05402],[0.20493,45.05596],[0.20507,45.05653],[0.20731,45.05673],[0.20908,45.0573],[0.21025,45.05856],[0.21377,45.05967],[0.21702,45.06003],[0.2185,45.06118],[0.22162,45.0611],[0.22577,45.06134],[0.22847,45.06242],[0.22831,45.06503],[0.22895,45.06628],[0.2303,45.06717],[0.23269,45.06798],[0.23598,45.06571],[0.239,45.06573],[0.23736,45.064],[0.23902,45.06383],[0.24313,45.06415],[0.24519,45.06386],[0.24736,45.06317],[0.25003,45.0633],[0.25521,45.06406],[0.26004,45.06331],[0.26387,45.06306],[0.26617,45.06258],[0.2666,45.06478],[0.2744,45.06402],[0.27747,45.06308],[0.27874,45.0631],[0.28307,45.0621],[0.28139,45.06534],[0.28374,45.06553],[0.28636,45.06675],[0.28911,45.06595],[0.29361,45.06613],[0.29677,45.06535],[0.29919,45.06513],[0.30053,45.06549],[0.30258,45.0648],[0.30397,45.06511],[0.3058,45.06457],[0.30391,45.06269],[0.30371,45.06075],[0.30267,45.05919],[0.303,45.05637],[0.30167,45.05426],[0.30146,45.05165],[0.29996,45.04993],[0.30062,45.049],[0.29953,45.04843],[0.29881,45.04559],[0.29915,45.04472],[0.30067,45.04467],[0.30175,45.04295],[0.3003,45.04208],[0.29874,45.04185],[0.29994,45.04072],[0.29923,45.03948],[0.29871,45.03799],[0.29769,45.03753],[0.29139,45.03712],[0.28714,45.03598],[0.28554,45.03447],[0.28481,45.03289],[0.28462,45.02934],[0.28333,45.02688],[0.28415,45.02597],[0.2863,45.02533],[0.28791,45.0263],[0.28794,45.02755],[0.28921,45.02627],[0.29173,45.02535],[0.29226,45.02441],[0.28847,45.02286],[0.28405,45.01962],[0.28047,45.0203],[0.2792,45.01954],[0.27644,45.02068],[0.27451,45.02104],[0.27182,45.02083],[0.26495,45.01883],[0.26485,45.01729],[0.26022,45.01854],[0.25761,45.01854],[0.25615,45.01647],[0.25426,45.02051],[0.25232,45.02173],[0.25174,45.023],[0.25255,45.02416],[0.25,45.02626],[0.24802,45.02712],[0.24747,45.02943],[0.24629,45.02996],[0.24317,45.02965],[0.24038,45.02666],[0.23922,45.02637],[0.23501,45.02673],[0.23097,45.02556],[0.22704,45.02804],[0.22603,45.02915],[0.22657,45.0305],[0.22343,45.03208],[0.22203,45.03206],[0.22065,45.03021],[0.21855,45.02975],[0.21642,45.03012],[0.21431,45.03197],[0.21252,45.03145],[0.21249,45.02918],[0.21152,45.0278],[0.20945,45.02716],[0.20751,45.02393],[0.20579,45.02346],[0.20209,45.02441],[0.19999,45.02611],[0.19866,45.0284],[0.19803,45.02869]]]}},{"type":"Feature","id":"fr-commune-24437","properties":{"id":"fr-commune-24437","name":"Saint-Laurent-des-Vignes","kind":"commune","center":[0.4458,44.8257],"code":"24437","department":"24"},"bbox":[0.41603,44.80805,0.47552,44.84323],"geometry":{"type":"Polygon","coordinates":[[[0.4419,44.81354],[0.44146,44.81624],[0.44205,44.82007],[0.43899,44.8177],[0.43825,44.81686],[0.4359,44.81532],[0.43375,44.81545],[0.43102,44.8148],[0.42612,44.81481],[0.42649,44.81875],[0.42579,44.81923],[0.42625,44.82202],[0.42716,44.82207],[0.42785,44.82575],[0.42721,44.82812],[0.42532,44.83173],[0.42608,44.83527],[0.42433,44.83608],[0.42362,44.83906],[0.42255,44.83996],[0.42047,44.84005],[0.41662,44.84083],[0.41603,44.84184],[0.41657,44.84323],[0.42073,44.84322],[0.42239,44.84265],[0.42765,44.83942],[0.4304,44.83789],[0.43334,44.83705],[0.43682,44.83651],[0.44029,44.83661],[0.44314,44.8371],[0.44422,44.83534],[0.44552,44.83451],[0.44905,44.83334],[0.45062,44.83342],[0.45374,44.83428],[0.45452,44.8331],[0.45578,44.8323],[0.46148,44.83111],[0.46214,44.82607],[0.46355,44.82512],[0.46563,44.82298],[0.46623,44.82128],[0.46593,44.81909],[0.46833,44.81874],[0.46794,44.81749],[0.46894,44.81627],[0.47119,44.81488],[0.47552,44.81458],[0.47528,44.81221],[0.47311,44.81032],[0.46986,44.81136],[0.46858,44.80805],[0.46452,44.80896],[0.46319,44.80992],[0.46076,44.8096],[0.45722,44.81016],[0.45446,44.81143],[0.44916,44.81148],[0.44817,44.8111],[0.44643,44.81146],[0.44573,44.81259],[0.44355,44.81365],[0.4419,44.81354]]]}},{"type":"Feature","id":"fr-commune-24438","properties":{"id":"fr-commune-24438","name":"Saint-Laurent-la-Vallée","kind":"commune","center":[1.1227,44.7505],"code":"24438","department":"24"},"bbox":[1.08626,44.73001,1.15919,44.77103],"geometry":{"type":"Polygon","coordinates":[[[1.08626,44.74181],[1.08668,44.74303],[1.08929,44.74449],[1.08864,44.74545],[1.08925,44.74615],[1.09015,44.75008],[1.09269,44.75536],[1.09413,44.75869],[1.09106,44.75918],[1.09147,44.75969],[1.08807,44.76102],[1.08627,44.76381],[1.08882,44.76666],[1.08961,44.76683],[1.09472,44.77069],[1.09554,44.77103],[1.09813,44.77076],[1.10172,44.76951],[1.10531,44.76942],[1.10716,44.76969],[1.10943,44.76953],[1.11249,44.76855],[1.11371,44.76872],[1.11657,44.76703],[1.11797,44.76727],[1.12099,44.76543],[1.12427,44.76486],[1.12784,44.76686],[1.12887,44.76713],[1.13071,44.76638],[1.13118,44.76531],[1.13283,44.76457],[1.13453,44.76467],[1.13743,44.76614],[1.13857,44.76642],[1.14049,44.76615],[1.14377,44.76493],[1.14569,44.76382],[1.14715,44.76253],[1.14991,44.76188],[1.15231,44.76219],[1.15492,44.76358],[1.15622,44.76381],[1.15523,44.76025],[1.15554,44.75851],[1.1562,44.75804],[1.15744,44.75545],[1.15785,44.75314],[1.15919,44.75149],[1.15821,44.74948],[1.15393,44.74985],[1.15084,44.75044],[1.14816,44.75033],[1.14491,44.75062],[1.1408,44.75292],[1.13957,44.75321],[1.13816,44.75283],[1.13789,44.7519],[1.13673,44.75119],[1.13413,44.75042],[1.13293,44.75038],[1.12919,44.74893],[1.12423,44.74834],[1.12174,44.74771],[1.12196,44.74631],[1.12441,44.74188],[1.1268,44.74017],[1.12793,44.73893],[1.12888,44.73688],[1.13089,44.73523],[1.12975,44.73482],[1.12807,44.73343],[1.12392,44.73309],[1.12345,44.73229],[1.1212,44.7309],[1.11572,44.73001],[1.11048,44.73072],[1.10863,44.73057],[1.10673,44.73111],[1.1029,44.7312],[1.10042,44.73018],[1.09848,44.7312],[1.0954,44.7319],[1.09447,44.73281],[1.09236,44.7323],[1.09309,44.73445],[1.09306,44.73647],[1.09213,44.73848],[1.0898,44.73962],[1.08626,44.74181]]]}},{"type":"Feature","id":"fr-commune-24441","properties":{"id":"fr-commune-24441","name":"Saint-Léon-d'Issigeac","kind":"commune","center":[0.6987,44.7198],"code":"24441","department":"24"},"bbox":[0.67691,44.70621,0.72046,44.73333],"geometry":{"type":"Polygon","coordinates":[[[0.70311,44.73172],[0.70502,44.73222],[0.70971,44.73193],[0.71411,44.73333],[0.71784,44.7308],[0.72046,44.72946],[0.7185,44.72553],[0.71639,44.72443],[0.71676,44.72339],[0.71516,44.72124],[0.71387,44.7186],[0.71313,44.71826],[0.71226,44.71572],[0.71075,44.71358],[0.70971,44.7128],[0.70731,44.71338],[0.70464,44.71327],[0.70188,44.71212],[0.70057,44.71223],[0.69622,44.70992],[0.69487,44.70994],[0.6935,44.70906],[0.69219,44.70631],[0.69105,44.70621],[0.68796,44.70991],[0.6863,44.71048],[0.68504,44.71214],[0.68337,44.71237],[0.68005,44.71399],[0.67852,44.7151],[0.67691,44.71857],[0.68115,44.71896],[0.68178,44.72367],[0.68275,44.72458],[0.68546,44.72499],[0.6896,44.72749],[0.69396,44.72809],[0.69613,44.72937],[0.70311,44.73172]]]}},{"type":"Feature","id":"fr-commune-24442","properties":{"id":"fr-commune-24442","name":"Saint-Léon-sur-l'Isle","kind":"commune","center":[0.498,45.1175],"code":"24442","department":"24"},"bbox":[0.4599,45.09759,0.53616,45.13742],"geometry":{"type":"Polygon","coordinates":[[[0.4599,45.12263],[0.46246,45.12491],[0.46357,45.12783],[0.46497,45.12861],[0.46536,45.12966],[0.46699,45.13147],[0.46712,45.13362],[0.46809,45.13573],[0.4692,45.13699],[0.47113,45.13742],[0.47308,45.13741],[0.47524,45.13718],[0.48025,45.13527],[0.48097,45.13627],[0.48575,45.13604],[0.4876,45.13494],[0.48974,45.13253],[0.49331,45.13172],[0.49541,45.13369],[0.49793,45.13209],[0.49851,45.13046],[0.50053,45.12922],[0.50252,45.12843],[0.5029,45.12729],[0.50622,45.12466],[0.50523,45.12229],[0.51299,45.12222],[0.51601,45.12247],[0.52234,45.12421],[0.52566,45.12491],[0.52895,45.12758],[0.53142,45.12423],[0.53272,45.1234],[0.53469,45.12145],[0.53569,45.11966],[0.5355,45.1157],[0.53616,45.1131],[0.5349,45.11178],[0.53557,45.11031],[0.53474,45.10891],[0.53487,45.10685],[0.53362,45.10541],[0.5315,45.10582],[0.529,45.10526],[0.52598,45.10377],[0.52191,45.10371],[0.51798,45.10304],[0.5163,45.10335],[0.51627,45.10202],[0.51545,45.09759],[0.51169,45.09881],[0.50574,45.1002],[0.50348,45.09998],[0.50324,45.10075],[0.50146,45.10037],[0.49985,45.10133],[0.49693,45.1017],[0.49232,45.10097],[0.49133,45.10133],[0.48946,45.10299],[0.48769,45.10211],[0.48519,45.10152],[0.48277,45.10148],[0.47922,45.10234],[0.48019,45.10582],[0.48281,45.11203],[0.4818,45.11405],[0.4822,45.11893],[0.48084,45.1192],[0.47658,45.11778],[0.47235,45.11885],[0.4698,45.12068],[0.464,45.1215],[0.4599,45.12263]]]}},{"type":"Feature","id":"fr-commune-24443","properties":{"id":"fr-commune-24443","name":"Saint-Léon-sur-Vézère","kind":"commune","center":[1.0821,45.0224],"code":"24443","department":"24"},"bbox":[1.05495,44.98956,1.10928,45.05516],"geometry":{"type":"Polygon","coordinates":[[[1.06514,45.05516],[1.06849,45.0545],[1.07049,45.05302],[1.07108,45.05252],[1.07406,45.05148],[1.07574,45.05128],[1.07716,45.05003],[1.07836,45.0479],[1.08034,45.04684],[1.08192,45.04678],[1.08256,45.04586],[1.08212,45.04436],[1.08131,45.04354],[1.08122,45.0419],[1.08268,45.04158],[1.08345,45.04067],[1.08633,45.03967],[1.08933,45.03928],[1.09037,45.03544],[1.09253,45.03508],[1.0943,45.03546],[1.0984,45.03496],[1.09411,45.03257],[1.09449,45.03179],[1.09415,45.02991],[1.09201,45.03045],[1.09076,45.02967],[1.09094,45.02783],[1.0918,45.02571],[1.09392,45.02395],[1.0963,45.02286],[1.09709,45.02113],[1.09682,45.0187],[1.10381,45.01799],[1.10568,45.01754],[1.1077,45.01566],[1.10913,45.01528],[1.10928,45.01433],[1.10856,45.01165],[1.10905,45.00814],[1.10846,45.00605],[1.10608,45.00383],[1.10103,45.00124],[1.09938,45.00128],[1.09359,45.00437],[1.09155,45.00271],[1.09116,45.00178],[1.09167,44.99808],[1.08893,44.99685],[1.08712,44.99829],[1.08438,44.99982],[1.08295,45.00129],[1.08205,45.00327],[1.07899,45.00434],[1.07758,45.00167],[1.07586,45.00192],[1.07536,45.00072],[1.07494,44.9975],[1.07381,44.99342],[1.07213,44.99039],[1.07038,44.98956],[1.0682,44.98977],[1.0668,44.99068],[1.0673,44.99218],[1.06568,44.994],[1.06232,44.99479],[1.05899,44.99437],[1.05873,44.99664],[1.05809,44.9987],[1.05699,44.99958],[1.05645,45.00217],[1.05629,45.0055],[1.05525,45.00832],[1.05495,45.01057],[1.05514,45.01352],[1.06083,45.01428],[1.06256,45.01559],[1.06422,45.01575],[1.06648,45.0147],[1.06839,45.0152],[1.07031,45.01627],[1.07111,45.01781],[1.07212,45.01871],[1.07556,45.02095],[1.07835,45.02323],[1.07945,45.02602],[1.07994,45.02634],[1.07603,45.03031],[1.07443,45.03134],[1.06904,45.03371],[1.0676,45.03716],[1.06784,45.03931],[1.06707,45.04247],[1.06725,45.0435],[1.06652,45.04548],[1.06469,45.04852],[1.06438,45.05345],[1.06514,45.05516]]]}},{"type":"Feature","id":"fr-commune-24444","properties":{"id":"fr-commune-24444","name":"Saint-Louis-en-l'Isle","kind":"commune","center":[0.3927,45.0645],"code":"24444","department":"24"},"bbox":[0.37957,45.05219,0.40587,45.0769],"geometry":{"type":"Polygon","coordinates":[[[0.37957,45.05661],[0.38046,45.05758],[0.38031,45.05948],[0.3812,45.06181],[0.38126,45.06349],[0.37993,45.06422],[0.38025,45.06534],[0.38132,45.06613],[0.38157,45.06759],[0.38092,45.0687],[0.38119,45.07005],[0.38058,45.07259],[0.38108,45.07363],[0.38241,45.07437],[0.38179,45.07589],[0.38324,45.0769],[0.38344,45.07573],[0.38784,45.07392],[0.39252,45.07136],[0.39262,45.06881],[0.39532,45.067],[0.39417,45.06521],[0.39347,45.06327],[0.39355,45.06135],[0.39408,45.06024],[0.39737,45.05799],[0.40114,45.05674],[0.40471,45.05476],[0.40587,45.05364],[0.4053,45.05243],[0.40426,45.05256],[0.39743,45.05222],[0.39376,45.05242],[0.3895,45.05219],[0.3868,45.05265],[0.38239,45.0546],[0.37957,45.05661]]]}},{"type":"Feature","id":"fr-commune-24445","properties":{"id":"fr-commune-24445","name":"Saint-Marcel-du-Périgord","kind":"commune","center":[0.6979,44.9203],"code":"24445","department":"24"},"bbox":[0.66131,44.89622,0.73459,44.94431],"geometry":{"type":"Polygon","coordinates":[[[0.68253,44.89622],[0.68102,44.89745],[0.67691,44.89829],[0.67519,44.89832],[0.66884,44.9013],[0.6657,44.90215],[0.66466,44.90244],[0.66344,44.90448],[0.66138,44.90531],[0.66131,44.90682],[0.66222,44.90764],[0.66368,44.90784],[0.66468,44.90752],[0.6709,44.90777],[0.67378,44.90748],[0.67477,44.90804],[0.67737,44.90787],[0.67921,44.90883],[0.68287,44.90977],[0.68349,44.91052],[0.68587,44.9116],[0.68733,44.91124],[0.68993,44.91176],[0.69102,44.91268],[0.69358,44.91295],[0.69268,44.91443],[0.69457,44.91763],[0.69456,44.91975],[0.69412,44.92182],[0.69837,44.92194],[0.70075,44.9247],[0.70251,44.92495],[0.7047,44.92888],[0.70551,44.93103],[0.70539,44.93175],[0.70351,44.93292],[0.7034,44.93454],[0.70408,44.93518],[0.70469,44.93702],[0.70309,44.93903],[0.70426,44.9397],[0.7071,44.94033],[0.71207,44.94255],[0.71304,44.9427],[0.7159,44.94431],[0.71611,44.94127],[0.71704,44.93939],[0.71871,44.93763],[0.71927,44.936],[0.71788,44.9334],[0.71987,44.9346],[0.72157,44.9367],[0.72521,44.9359],[0.72716,44.93428],[0.72529,44.93299],[0.72623,44.932],[0.726,44.93075],[0.72742,44.92939],[0.72741,44.92815],[0.72818,44.9268],[0.72746,44.92515],[0.72892,44.92433],[0.7267,44.92273],[0.72735,44.92074],[0.72679,44.92028],[0.72672,44.91731],[0.72707,44.91609],[0.73065,44.91609],[0.73459,44.91654],[0.73341,44.91473],[0.73145,44.91375],[0.73113,44.91251],[0.72698,44.91232],[0.7255,44.91247],[0.72375,44.9133],[0.72203,44.91328],[0.72118,44.91243],[0.72153,44.91077],[0.72094,44.90958],[0.7194,44.90848],[0.7183,44.90852],[0.71835,44.90714],[0.7166,44.90638],[0.71236,44.90594],[0.71012,44.90397],[0.70753,44.90396],[0.70503,44.90363],[0.70228,44.90216],[0.70054,44.90011],[0.69396,44.90053],[0.69123,44.89877],[0.68724,44.89673],[0.68253,44.89622]]]}},{"type":"Feature","id":"fr-commune-24446","properties":{"id":"fr-commune-24446","name":"Saint-Marcory","kind":"commune","center":[0.9289,44.7225],"code":"24446","department":"24"},"bbox":[0.91264,44.70865,0.94525,44.73637],"geometry":{"type":"Polygon","coordinates":[[[0.9161,44.7183],[0.91505,44.71878],[0.91511,44.72114],[0.91573,44.72295],[0.91567,44.72408],[0.91264,44.72755],[0.91343,44.72866],[0.9133,44.73334],[0.9138,44.73637],[0.91597,44.73527],[0.9185,44.73562],[0.92187,44.73483],[0.92286,44.73367],[0.92467,44.73305],[0.92671,44.73307],[0.9299,44.7319],[0.93147,44.73206],[0.93312,44.73144],[0.93402,44.73054],[0.93775,44.73035],[0.94011,44.7306],[0.94058,44.72997],[0.94127,44.72772],[0.94209,44.72806],[0.94494,44.72781],[0.94525,44.72646],[0.94456,44.72463],[0.94495,44.72276],[0.94436,44.72127],[0.94085,44.7198],[0.94096,44.7178],[0.93798,44.71823],[0.93451,44.71489],[0.93388,44.71241],[0.93089,44.71111],[0.92419,44.70865],[0.92323,44.70924],[0.92196,44.71098],[0.92067,44.71178],[0.9189,44.71592],[0.9161,44.7183]]]}},{"type":"Feature","id":"fr-commune-24448","properties":{"id":"fr-commune-24448","name":"Saint-Martial-d'Albarède","kind":"commune","center":[1.0387,45.3203],"code":"24448","department":"24"},"bbox":[1.0158,45.29428,1.06165,45.34603],"geometry":{"type":"Polygon","coordinates":[[[1.04761,45.30265],[1.04665,45.30144],[1.04342,45.29874],[1.04165,45.29776],[1.03976,45.2956],[1.03739,45.29428],[1.03733,45.29584],[1.0361,45.29764],[1.03473,45.29858],[1.03203,45.29947],[1.03346,45.30201],[1.03343,45.30291],[1.02958,45.30483],[1.02925,45.30695],[1.02972,45.30833],[1.02875,45.30917],[1.02601,45.30984],[1.0231,45.31157],[1.02172,45.3132],[1.02279,45.31397],[1.02312,45.31566],[1.02283,45.31712],[1.02459,45.31968],[1.02242,45.32094],[1.02031,45.32453],[1.01948,45.32497],[1.01903,45.32628],[1.01765,45.32772],[1.01692,45.32976],[1.01586,45.3301],[1.0158,45.33099],[1.01875,45.33179],[1.01777,45.33317],[1.02023,45.33389],[1.02077,45.33552],[1.02062,45.33671],[1.02152,45.33861],[1.02322,45.33946],[1.02356,45.34096],[1.02591,45.34093],[1.02848,45.34052],[1.02892,45.34231],[1.0281,45.34319],[1.02789,45.34506],[1.03096,45.34448],[1.03405,45.34508],[1.036,45.34603],[1.03923,45.34511],[1.04219,45.34275],[1.04338,45.34189],[1.04186,45.34138],[1.04088,45.33945],[1.03913,45.33841],[1.03962,45.33791],[1.04244,45.33735],[1.04435,45.3365],[1.04467,45.33532],[1.04387,45.33266],[1.04602,45.33165],[1.04843,45.32967],[1.04916,45.32849],[1.05065,45.32737],[1.05136,45.32612],[1.05421,45.32386],[1.056,45.32307],[1.05939,45.31989],[1.06165,45.31846],[1.05879,45.31644],[1.05715,45.31446],[1.05519,45.31423],[1.05609,45.31332],[1.05508,45.30947],[1.05526,45.30849],[1.0529,45.30565],[1.04903,45.30379],[1.04761,45.30265]]]}},{"type":"Feature","id":"fr-commune-24449","properties":{"id":"fr-commune-24449","name":"Saint-Martial-d'Artenset","kind":"commune","center":[0.2188,44.9989],"code":"24449","department":"24"},"bbox":[0.17785,44.96561,0.25976,45.03208],"geometry":{"type":"Polygon","coordinates":[[[0.25615,45.01647],[0.2556,45.01543],[0.2555,45.01367],[0.25694,45.01198],[0.25721,45.01028],[0.25633,45.00786],[0.25682,45.007],[0.2585,45.00683],[0.25976,45.00519],[0.25949,45.00355],[0.2575,45.00289],[0.25566,45.00162],[0.252,45.00007],[0.25056,44.99885],[0.24661,44.99684],[0.24103,44.99668],[0.2402,44.99701],[0.23865,44.996],[0.23804,44.99337],[0.23684,44.99287],[0.24187,44.99076],[0.24808,44.98866],[0.24577,44.98385],[0.24248,44.98188],[0.24173,44.98081],[0.23984,44.97961],[0.23901,44.97846],[0.23543,44.97664],[0.23299,44.97478],[0.23481,44.97192],[0.23335,44.97013],[0.23056,44.96806],[0.22679,44.96708],[0.22178,44.96665],[0.21647,44.9676],[0.21375,44.96694],[0.21082,44.96561],[0.2052,44.96598],[0.1995,44.96803],[0.19764,44.96945],[0.19377,44.9715],[0.19184,44.9736],[0.19034,44.97427],[0.1894,44.97525],[0.1898,44.97732],[0.18952,44.98066],[0.19252,44.98361],[0.19288,44.98518],[0.19271,44.98896],[0.19473,44.99155],[0.19487,44.99273],[0.194,44.9954],[0.19285,44.99588],[0.19225,44.99727],[0.18942,44.99771],[0.18901,44.99974],[0.18469,45.00229],[0.18235,45.0032],[0.18254,45.00602],[0.18387,45.00707],[0.18394,45.01026],[0.17937,45.00968],[0.17918,45.011],[0.17897,45.01996],[0.17837,45.02444],[0.17785,45.03003],[0.18189,45.03151],[0.18505,45.0319],[0.18909,45.03113],[0.19008,45.02952],[0.19605,45.02849],[0.19803,45.02869],[0.19866,45.0284],[0.19999,45.02611],[0.20209,45.02441],[0.20579,45.02346],[0.20751,45.02393],[0.20945,45.02716],[0.21152,45.0278],[0.21249,45.02918],[0.21252,45.03145],[0.21431,45.03197],[0.21642,45.03012],[0.21855,45.02975],[0.22065,45.03021],[0.22203,45.03206],[0.22343,45.03208],[0.22657,45.0305],[0.22603,45.02915],[0.22704,45.02804],[0.23097,45.02556],[0.23501,45.02673],[0.23922,45.02637],[0.24038,45.02666],[0.24317,45.02965],[0.24629,45.02996],[0.24747,45.02943],[0.24802,45.02712],[0.25,45.02626],[0.25255,45.02416],[0.25174,45.023],[0.25232,45.02173],[0.25426,45.02051],[0.25615,45.01647]]]}},{"type":"Feature","id":"fr-commune-24450","properties":{"id":"fr-commune-24450","name":"Saint-Martial-de-Nabirat","kind":"commune","center":[1.2466,44.7494],"code":"24450","department":"24"},"bbox":[1.21683,44.72602,1.27632,44.77285],"geometry":{"type":"Polygon","coordinates":[[[1.25985,44.76564],[1.26108,44.76433],[1.26511,44.76081],[1.27032,44.75729],[1.27266,44.7547],[1.27482,44.7528],[1.27632,44.7505],[1.27631,44.74749],[1.27506,44.74751],[1.27492,44.74531],[1.27609,44.74329],[1.2746,44.74268],[1.27363,44.73967],[1.27206,44.73806],[1.27373,44.7349],[1.27357,44.73378],[1.27148,44.73217],[1.27002,44.73154],[1.2675,44.72867],[1.26738,44.72729],[1.2648,44.72656],[1.26447,44.72887],[1.26265,44.73099],[1.25902,44.73082],[1.25709,44.72908],[1.25544,44.72829],[1.25353,44.72827],[1.24939,44.72602],[1.24535,44.7266],[1.24459,44.72827],[1.24291,44.72829],[1.24143,44.72986],[1.23786,44.73061],[1.23621,44.73002],[1.23431,44.72841],[1.23274,44.72799],[1.23239,44.72965],[1.22975,44.73265],[1.22748,44.73231],[1.22634,44.73266],[1.22659,44.73468],[1.22525,44.73753],[1.22627,44.73777],[1.22838,44.74068],[1.22927,44.74262],[1.22735,44.74283],[1.22563,44.74367],[1.22302,44.7457],[1.22174,44.7458],[1.22096,44.74705],[1.21923,44.74807],[1.21833,44.74914],[1.21683,44.7499],[1.2175,44.7505],[1.21814,44.75395],[1.2209,44.75722],[1.22246,44.75802],[1.22399,44.75995],[1.22531,44.76217],[1.22918,44.76301],[1.23053,44.76226],[1.23256,44.7636],[1.2366,44.764],[1.23976,44.76522],[1.24083,44.76537],[1.24105,44.7671],[1.23714,44.7711],[1.2366,44.77213],[1.23955,44.77285],[1.24262,44.7704],[1.25114,44.76782],[1.25233,44.76791],[1.25985,44.76564]]]}},{"type":"Feature","id":"fr-commune-24451","properties":{"id":"fr-commune-24451","name":"Saint-Martial-de-Valette","kind":"commune","center":[0.6333,45.514],"code":"24451","department":"24"},"bbox":[0.59809,45.49139,0.66855,45.53648],"geometry":{"type":"Polygon","coordinates":[[[0.65384,45.4953],[0.65137,45.49521],[0.64809,45.4956],[0.64468,45.49627],[0.64083,45.49546],[0.63647,45.49535],[0.63267,45.4977],[0.62892,45.5021],[0.62424,45.50171],[0.6217,45.50093],[0.61557,45.4984],[0.61487,45.49752],[0.61272,45.49324],[0.6115,45.49139],[0.60955,45.49369],[0.60356,45.49449],[0.6031,45.49393],[0.60105,45.49853],[0.59957,45.50053],[0.60022,45.50132],[0.59809,45.50283],[0.59831,45.5037],[0.60142,45.50615],[0.60418,45.50538],[0.60522,45.50636],[0.60654,45.50901],[0.60308,45.51011],[0.60191,45.51076],[0.6047,45.51239],[0.60144,45.51578],[0.60346,45.51556],[0.60418,45.51647],[0.60612,45.5174],[0.60788,45.5193],[0.61058,45.5211],[0.61273,45.52345],[0.61404,45.52425],[0.61607,45.52671],[0.62069,45.52475],[0.6227,45.52667],[0.6222,45.52878],[0.62229,45.53059],[0.62295,45.5334],[0.62449,45.53297],[0.62622,45.53156],[0.62751,45.53227],[0.63004,45.53458],[0.63325,45.53627],[0.6348,45.53643],[0.63609,45.53527],[0.6385,45.53648],[0.63965,45.53277],[0.64042,45.5316],[0.64287,45.53212],[0.64476,45.53016],[0.64596,45.53053],[0.6511,45.52976],[0.64954,45.52824],[0.65179,45.52729],[0.65242,45.52639],[0.65456,45.52507],[0.65573,45.52485],[0.65586,45.52304],[0.65885,45.52407],[0.66119,45.52149],[0.66114,45.51979],[0.66248,45.5195],[0.66253,45.51834],[0.66115,45.51786],[0.65915,45.5163],[0.66113,45.51528],[0.66297,45.51499],[0.66484,45.51363],[0.66654,45.51127],[0.66629,45.50911],[0.66855,45.50784],[0.66632,45.50571],[0.66544,45.50297],[0.66262,45.50086],[0.65939,45.49754],[0.65656,45.49605],[0.65384,45.4953]]]}},{"type":"Feature","id":"fr-commune-24452","properties":{"id":"fr-commune-24452","name":"Saint-Martial-Viveyrol","kind":"commune","center":[0.3384,45.3557],"code":"24452","department":"24"},"bbox":[0.30919,45.33246,0.36766,45.37902],"geometry":{"type":"Polygon","coordinates":[[[0.33765,45.33246],[0.33842,45.33587],[0.33787,45.33826],[0.33478,45.33966],[0.33359,45.3397],[0.33098,45.34059],[0.32882,45.34082],[0.32838,45.34193],[0.32577,45.34408],[0.32473,45.34415],[0.32317,45.34462],[0.31934,45.34759],[0.3158,45.34912],[0.31352,45.35434],[0.31249,45.35486],[0.31186,45.35736],[0.31015,45.35927],[0.31119,45.36218],[0.31155,45.36477],[0.31118,45.36606],[0.30919,45.36741],[0.31095,45.36859],[0.31363,45.3688],[0.31669,45.37097],[0.31841,45.37166],[0.31906,45.37353],[0.32013,45.37482],[0.32328,45.37649],[0.32765,45.37732],[0.32997,45.37795],[0.33362,45.37759],[0.33651,45.37614],[0.33809,45.37589],[0.34016,45.37646],[0.34263,45.37841],[0.34554,45.37902],[0.35078,45.37844],[0.35397,45.3778],[0.35626,45.37691],[0.35882,45.37536],[0.36264,45.37452],[0.36675,45.37212],[0.36766,45.37118],[0.36457,45.3685],[0.36339,45.36811],[0.36367,45.3672],[0.36229,45.36604],[0.36294,45.36441],[0.36215,45.36366],[0.35987,45.36343],[0.3563,45.36152],[0.35336,45.35927],[0.35265,45.35777],[0.35476,45.35524],[0.35239,45.35324],[0.3502,45.35049],[0.34763,45.3495],[0.34607,45.34794],[0.34552,45.34618],[0.34435,45.34454],[0.34481,45.34353],[0.34443,45.34249],[0.33957,45.33794],[0.3404,45.33581],[0.33906,45.33464],[0.33765,45.33246]]]}},{"type":"Feature","id":"fr-commune-24453","properties":{"id":"fr-commune-24453","name":"Saint-Martin-de-Fressengeas","kind":"commune","center":[0.8349,45.4566],"code":"24453","department":"24"},"bbox":[0.79484,45.42431,0.87495,45.48896],"geometry":{"type":"Polygon","coordinates":[[[0.82786,45.47629],[0.83158,45.47842],[0.83261,45.48038],[0.83648,45.48131],[0.83968,45.48054],[0.84152,45.48153],[0.84257,45.48405],[0.84516,45.48464],[0.84703,45.48632],[0.84719,45.48782],[0.84895,45.48783],[0.85229,45.48896],[0.85335,45.48627],[0.85717,45.48396],[0.85856,45.48346],[0.85937,45.48237],[0.86065,45.48043],[0.86459,45.48051],[0.86512,45.47959],[0.86389,45.47865],[0.86213,45.47623],[0.86237,45.47485],[0.86457,45.47493],[0.86625,45.47458],[0.86679,45.47367],[0.8646,45.47279],[0.86504,45.47168],[0.86182,45.4724],[0.86006,45.47136],[0.85953,45.46968],[0.86268,45.46753],[0.86275,45.46563],[0.86448,45.4647],[0.86837,45.46482],[0.86853,45.46437],[0.87294,45.46448],[0.87478,45.46433],[0.87396,45.45973],[0.87415,45.45684],[0.87495,45.45464],[0.87437,45.44802],[0.87425,45.44412],[0.87212,45.44332],[0.86905,45.44164],[0.86728,45.44287],[0.86592,45.44296],[0.86535,45.44026],[0.86406,45.43863],[0.85997,45.43609],[0.8577,45.43546],[0.85493,45.43364],[0.85262,45.43264],[0.85171,45.43132],[0.85017,45.43158],[0.84854,45.42899],[0.84652,45.43033],[0.84526,45.43043],[0.84255,45.43224],[0.84066,45.43263],[0.83982,45.43152],[0.83803,45.43169],[0.83724,45.43353],[0.83584,45.4333],[0.83348,45.43184],[0.83309,45.43064],[0.83101,45.43168],[0.82975,45.43058],[0.82373,45.43323],[0.82116,45.43369],[0.81941,45.4344],[0.81915,45.43049],[0.8179,45.42608],[0.81554,45.42431],[0.8101,45.42737],[0.80626,45.42849],[0.8033,45.43026],[0.79965,45.43121],[0.79732,45.43232],[0.79523,45.435],[0.79484,45.43793],[0.79719,45.43872],[0.79713,45.44003],[0.79599,45.44161],[0.79861,45.44245],[0.80019,45.44163],[0.80209,45.4419],[0.80662,45.44479],[0.81136,45.44418],[0.81449,45.44405],[0.82225,45.44523],[0.82346,45.44469],[0.82409,45.446],[0.82725,45.44745],[0.82405,45.44957],[0.82161,45.45017],[0.81729,45.45321],[0.81923,45.45379],[0.82106,45.45569],[0.81942,45.45783],[0.82415,45.45741],[0.82672,45.45811],[0.8255,45.45976],[0.8264,45.46129],[0.82948,45.4614],[0.83282,45.46394],[0.83251,45.46528],[0.83611,45.46735],[0.83561,45.46972],[0.83384,45.4716],[0.83024,45.47404],[0.82786,45.47629]]]}},{"type":"Feature","id":"fr-commune-24454","properties":{"id":"fr-commune-24454","name":"Saint-Martin-de-Gurson","kind":"commune","center":[0.1187,44.9616],"code":"24454","department":"24"},"bbox":[0.07845,44.93162,0.15819,44.99165],"geometry":{"type":"Polygon","coordinates":[[[0.1341,44.97915],[0.13571,44.97863],[0.13831,44.97642],[0.13947,44.97607],[0.14045,44.97317],[0.14337,44.97137],[0.14751,44.97227],[0.14638,44.96845],[0.14596,44.96375],[0.14345,44.96048],[0.14113,44.95598],[0.14102,44.95459],[0.14162,44.95361],[0.14059,44.95242],[0.14089,44.95109],[0.13966,44.94875],[0.1446,44.94586],[0.14833,44.94553],[0.14923,44.94475],[0.15176,44.94412],[0.15343,44.94286],[0.156,44.94233],[0.15818,44.94098],[0.15819,44.93964],[0.15612,44.93943],[0.15443,44.9383],[0.15422,44.93754],[0.15555,44.93586],[0.15237,44.93513],[0.15165,44.93367],[0.15073,44.9331],[0.15085,44.93186],[0.14488,44.93267],[0.14374,44.93372],[0.14066,44.93422],[0.14006,44.93309],[0.13828,44.93278],[0.13477,44.93314],[0.13319,44.93269],[0.13159,44.93334],[0.1276,44.93317],[0.12654,44.93162],[0.12515,44.93245],[0.12531,44.9331],[0.12412,44.93434],[0.11661,44.93604],[0.11311,44.93528],[0.111,44.93731],[0.1123,44.93812],[0.11143,44.94087],[0.10759,44.94037],[0.10639,44.93969],[0.1039,44.93932],[0.10003,44.94096],[0.09517,44.94249],[0.09909,44.94447],[0.10005,44.94457],[0.09919,44.94627],[0.09604,44.94743],[0.09487,44.95],[0.09363,44.95136],[0.09463,44.95438],[0.09423,44.95587],[0.091,44.95687],[0.09134,44.95807],[0.09294,44.96037],[0.09146,44.96235],[0.09051,44.96182],[0.08874,44.9625],[0.08839,44.9633],[0.08634,44.96411],[0.08348,44.9645],[0.08136,44.96413],[0.08214,44.96639],[0.08114,44.97032],[0.08136,44.97326],[0.07954,44.97521],[0.07946,44.97848],[0.07845,44.9795],[0.08006,44.98186],[0.08036,44.98366],[0.08247,44.98451],[0.08354,44.98587],[0.0872,44.98566],[0.08939,44.98758],[0.0939,44.98944],[0.09598,44.9899],[0.10126,44.99048],[0.10442,44.99031],[0.10912,44.99165],[0.1103,44.99064],[0.11197,44.98851],[0.11578,44.9869],[0.1171,44.98692],[0.11991,44.98614],[0.12271,44.98344],[0.12371,44.98311],[0.12589,44.98355],[0.12774,44.9832],[0.13006,44.98206],[0.1341,44.97915]]]}},{"type":"Feature","id":"fr-commune-24455","properties":{"id":"fr-commune-24455","name":"Saint-Martin-de-Ribérac","kind":"commune","center":[0.3578,45.2195],"code":"24455","department":"24"},"bbox":[0.31749,45.19831,0.39817,45.24066],"geometry":{"type":"Polygon","coordinates":[[[0.3929,45.23891],[0.39286,45.23726],[0.39443,45.23571],[0.39462,45.23498],[0.39422,45.23363],[0.3955,45.23293],[0.39726,45.22868],[0.39682,45.22682],[0.39817,45.22558],[0.39683,45.22514],[0.39573,45.22306],[0.39559,45.22187],[0.39421,45.2206],[0.394,45.21925],[0.392,45.21855],[0.3884,45.21774],[0.38958,45.2158],[0.38838,45.21467],[0.38517,45.21283],[0.38369,45.21288],[0.38075,45.21171],[0.37853,45.2111],[0.37904,45.20983],[0.37935,45.20733],[0.37988,45.20609],[0.37994,45.20404],[0.37932,45.20192],[0.37766,45.20004],[0.37431,45.19895],[0.36868,45.19831],[0.36855,45.19869],[0.36541,45.19984],[0.36531,45.2011],[0.36382,45.20196],[0.36257,45.20342],[0.3607,45.20448],[0.3591,45.20473],[0.35715,45.20409],[0.35421,45.20421],[0.35139,45.20502],[0.3458,45.20524],[0.34424,45.20593],[0.34052,45.20694],[0.33909,45.20764],[0.33624,45.20788],[0.33415,45.20925],[0.33309,45.20949],[0.33135,45.20904],[0.32908,45.20944],[0.32624,45.21077],[0.32077,45.21449],[0.31749,45.216],[0.31906,45.21715],[0.32002,45.21954],[0.32175,45.22128],[0.32248,45.22303],[0.32403,45.22437],[0.32619,45.22301],[0.32862,45.22206],[0.3336,45.22126],[0.33611,45.22252],[0.33987,45.22408],[0.34118,45.22485],[0.34355,45.22518],[0.34507,45.22632],[0.34482,45.22837],[0.34315,45.23134],[0.34462,45.23124],[0.34546,45.23326],[0.34679,45.23418],[0.34683,45.23568],[0.34905,45.23735],[0.35232,45.2355],[0.35551,45.2371],[0.3579,45.23745],[0.3611,45.237],[0.36095,45.23845],[0.36332,45.24066],[0.36441,45.23987],[0.3688,45.23806],[0.37137,45.23642],[0.37304,45.23502],[0.37631,45.23379],[0.37924,45.23417],[0.38716,45.23713],[0.38769,45.23711],[0.3929,45.23891]]]}},{"type":"Feature","id":"fr-commune-24456","properties":{"id":"fr-commune-24456","name":"Saint-Martin-des-Combes","kind":"commune","center":[0.6215,44.9626],"code":"24456","department":"24"},"bbox":[0.58687,44.94349,0.65624,44.98179],"geometry":{"type":"Polygon","coordinates":[[[0.58902,44.95431],[0.59053,44.95726],[0.58975,44.96165],[0.58866,44.96364],[0.58749,44.96399],[0.58687,44.96572],[0.58718,44.9672],[0.58857,44.96969],[0.58965,44.9696],[0.59133,44.97062],[0.59177,44.97212],[0.59624,44.973],[0.59809,44.97308],[0.60163,44.97417],[0.60236,44.9748],[0.60624,44.97527],[0.6086,44.97613],[0.61033,44.97736],[0.61378,44.97897],[0.61516,44.97921],[0.61925,44.97959],[0.62501,44.979],[0.63247,44.97912],[0.63403,44.97938],[0.63722,44.97889],[0.63845,44.97967],[0.64284,44.98049],[0.64484,44.98048],[0.64639,44.98115],[0.64862,44.9813],[0.65081,44.98089],[0.65403,44.98179],[0.65468,44.98103],[0.65624,44.97917],[0.65505,44.97876],[0.65246,44.97574],[0.65312,44.97333],[0.65122,44.97116],[0.65113,44.96767],[0.64855,44.966],[0.64528,44.96435],[0.64532,44.9628],[0.64355,44.95921],[0.64142,44.95797],[0.6402,44.95645],[0.63949,44.95641],[0.63733,44.95408],[0.63756,44.95336],[0.63612,44.95112],[0.6361,44.94795],[0.63682,44.94693],[0.63386,44.94587],[0.63398,44.9446],[0.63323,44.9439],[0.63059,44.94349],[0.63059,44.94412],[0.62767,44.94459],[0.6244,44.94709],[0.62221,44.94824],[0.61933,44.95141],[0.61845,44.9519],[0.61655,44.95121],[0.61475,44.95007],[0.61336,44.94993],[0.61249,44.95162],[0.61045,44.95289],[0.60899,44.95285],[0.6088,44.95202],[0.6073,44.95146],[0.60495,44.9516],[0.60245,44.9526],[0.60026,44.95105],[0.59872,44.95088],[0.59672,44.94946],[0.59493,44.94974],[0.59014,44.95318],[0.58902,44.95431]]]}},{"type":"Feature","id":"fr-commune-24457","properties":{"id":"fr-commune-24457","name":"Saint-Martin-l'Astier","kind":"commune","center":[0.324,45.0574],"code":"24457","department":"24"},"bbox":[0.29874,45.03948,0.34888,45.07526],"geometry":{"type":"Polygon","coordinates":[[[0.34065,45.04655],[0.33909,45.04698],[0.33481,45.04756],[0.33392,45.04851],[0.3345,45.0499],[0.33407,45.05261],[0.33177,45.05328],[0.33061,45.05257],[0.33043,45.05123],[0.33092,45.04942],[0.32799,45.0483],[0.32653,45.04849],[0.32457,45.04969],[0.32289,45.04956],[0.3219,45.0474],[0.31957,45.04577],[0.31949,45.04422],[0.31847,45.04329],[0.31713,45.04363],[0.31464,45.0455],[0.31389,45.04731],[0.31218,45.04754],[0.31039,45.04552],[0.30927,45.04571],[0.30839,45.04678],[0.30659,45.04648],[0.30556,45.04384],[0.30607,45.04177],[0.30511,45.0411],[0.30352,45.04095],[0.30068,45.03973],[0.29923,45.03948],[0.29994,45.04072],[0.29874,45.04185],[0.3003,45.04208],[0.30175,45.04295],[0.30067,45.04467],[0.29915,45.04472],[0.29881,45.04559],[0.29953,45.04843],[0.30062,45.049],[0.29996,45.04993],[0.30146,45.05165],[0.30167,45.05426],[0.303,45.05637],[0.30267,45.05919],[0.30371,45.06075],[0.30391,45.06269],[0.3058,45.06457],[0.30397,45.06511],[0.30266,45.06718],[0.30129,45.06784],[0.30131,45.07101],[0.3023,45.07168],[0.30606,45.07164],[0.30853,45.07216],[0.31525,45.07117],[0.31576,45.07181],[0.32418,45.07131],[0.32662,45.07083],[0.33118,45.06941],[0.33269,45.06914],[0.3339,45.07043],[0.33775,45.07304],[0.34083,45.0746],[0.34288,45.07526],[0.34735,45.07061],[0.34651,45.06764],[0.34567,45.06613],[0.34657,45.06401],[0.34888,45.06226],[0.3472,45.06061],[0.34693,45.05977],[0.34392,45.05641],[0.34325,45.05393],[0.34237,45.05363],[0.34229,45.05244],[0.34116,45.05068],[0.34156,45.04903],[0.34065,45.04655]]]}},{"type":"Feature","id":"fr-commune-24458","properties":{"id":"fr-commune-24458","name":"Saint-Martin-le-Pin","kind":"commune","center":[0.6307,45.5521],"code":"24458","department":"24"},"bbox":[0.58904,45.53156,0.67244,45.57277],"geometry":{"type":"Polygon","coordinates":[[[0.62295,45.5334],[0.62104,45.53442],[0.6177,45.53489],[0.61392,45.5349],[0.61178,45.53732],[0.61212,45.53881],[0.60939,45.53966],[0.60882,45.54045],[0.60573,45.54018],[0.60409,45.53951],[0.60451,45.53797],[0.60335,45.53796],[0.59838,45.53579],[0.59525,45.536],[0.59404,45.53418],[0.59386,45.53317],[0.59169,45.53387],[0.58952,45.53533],[0.58977,45.53648],[0.59084,45.53806],[0.58956,45.53913],[0.58956,45.54144],[0.58904,45.54219],[0.59059,45.5427],[0.59057,45.54637],[0.59301,45.54632],[0.59593,45.54418],[0.59789,45.54492],[0.60516,45.54875],[0.60613,45.54949],[0.6032,45.55],[0.6041,45.55279],[0.60153,45.55268],[0.59934,45.55364],[0.59752,45.55304],[0.5948,45.55356],[0.59279,45.55435],[0.594,45.55577],[0.59454,45.55811],[0.59308,45.5581],[0.5929,45.55924],[0.59183,45.56049],[0.5929,45.56165],[0.59601,45.56286],[0.59726,45.56396],[0.59867,45.5635],[0.60115,45.56359],[0.60255,45.56477],[0.605,45.566],[0.60487,45.56697],[0.60693,45.56914],[0.60675,45.56993],[0.60775,45.57086],[0.60846,45.57224],[0.61132,45.57277],[0.61471,45.57105],[0.61671,45.57035],[0.61939,45.56877],[0.62139,45.56853],[0.62375,45.56781],[0.62518,45.56801],[0.62804,45.56647],[0.62992,45.56612],[0.63247,45.56632],[0.63364,45.56566],[0.6357,45.56578],[0.63903,45.56468],[0.64282,45.56434],[0.64608,45.56328],[0.64932,45.56279],[0.65145,45.56105],[0.65445,45.56035],[0.65647,45.56172],[0.66067,45.56127],[0.66089,45.56045],[0.66532,45.56061],[0.66924,45.55817],[0.67197,45.55771],[0.67244,45.5569],[0.67217,45.5551],[0.66702,45.55174],[0.66414,45.55221],[0.66218,45.55129],[0.66022,45.54977],[0.65558,45.54811],[0.65407,45.54805],[0.65298,45.54726],[0.64625,45.54369],[0.64338,45.54173],[0.64061,45.53927],[0.63838,45.53822],[0.63574,45.53747],[0.6348,45.53643],[0.63325,45.53627],[0.63004,45.53458],[0.62751,45.53227],[0.62622,45.53156],[0.62449,45.53297],[0.62295,45.5334]]]}},{"type":"Feature","id":"fr-commune-24459","properties":{"id":"fr-commune-24459","name":"Saint-Mayme-de-Péreyrol","kind":"commune","center":[0.6481,45.0191],"code":"24459","department":"24"},"bbox":[0.61922,44.99472,0.67704,45.04351],"geometry":{"type":"Polygon","coordinates":[[[0.66915,44.99934],[0.66754,44.9987],[0.66527,44.99693],[0.66332,44.99472],[0.66187,44.99731],[0.65853,44.99595],[0.65585,44.99538],[0.65357,44.99576],[0.65425,44.99823],[0.65382,45.00253],[0.65272,45.00456],[0.6498,45.00618],[0.64841,45.00666],[0.64569,45.00925],[0.64429,45.01005],[0.64321,45.01144],[0.6383,45.01097],[0.63512,45.01152],[0.63396,45.01106],[0.63158,45.01159],[0.62957,45.01118],[0.62956,45.01271],[0.63076,45.01604],[0.63153,45.01628],[0.63287,45.0181],[0.62991,45.01938],[0.6274,45.02008],[0.62458,45.0218],[0.62152,45.0248],[0.61922,45.026],[0.62286,45.02778],[0.62354,45.02725],[0.62807,45.02708],[0.62984,45.02604],[0.63085,45.02645],[0.63427,45.02654],[0.63564,45.02725],[0.63877,45.02689],[0.64259,45.02734],[0.64464,45.02801],[0.64846,45.03031],[0.65145,45.03303],[0.65525,45.0362],[0.65982,45.03901],[0.65973,45.04001],[0.66179,45.04068],[0.66234,45.04135],[0.66655,45.04351],[0.67104,45.04141],[0.67499,45.03795],[0.67703,45.03767],[0.67704,45.03652],[0.67452,45.03236],[0.67318,45.03147],[0.67451,45.03047],[0.67458,45.02907],[0.67028,45.02554],[0.66932,45.02513],[0.67117,45.02062],[0.67256,45.01986],[0.67156,45.01919],[0.67362,45.01707],[0.67151,45.01606],[0.66925,45.01212],[0.67054,45.0093],[0.66929,45.00801],[0.66737,45.00503],[0.66709,45.00385],[0.66969,45.00339],[0.67057,45.00119],[0.66915,44.99934]]]}},{"type":"Feature","id":"fr-commune-24460","properties":{"id":"fr-commune-24460","name":"Saint-Méard-de-Drône","kind":"commune","center":[0.41024625335158,45.250599832902374],"code":"24460","department":"24"},"bbox":[0.37033,45.23386,0.4367,45.27469],"geometry":{"type":"Polygon","coordinates":[[[0.3929,45.23891],[0.39212,45.23979],[0.3921,45.24146],[0.39149,45.24272],[0.38902,45.24504],[0.38749,45.2475],[0.38524,45.24842],[0.38531,45.24945],[0.38416,45.25125],[0.38189,45.25358],[0.38078,45.25375],[0.37923,45.25524],[0.37913,45.25652],[0.37788,45.25736],[0.37605,45.25715],[0.37362,45.25641],[0.37033,45.25811],[0.37197,45.25972],[0.37443,45.26029],[0.3758,45.26101],[0.37811,45.26115],[0.37903,45.26061],[0.37928,45.25931],[0.3816,45.2587],[0.38459,45.25836],[0.38615,45.25753],[0.38877,45.25694],[0.39185,45.25569],[0.39562,45.25496],[0.39831,45.25359],[0.40092,45.25357],[0.40291,45.25226],[0.40395,45.25321],[0.40711,45.25204],[0.40862,45.25277],[0.41116,45.25247],[0.415,45.25388],[0.41607,45.25574],[0.41577,45.25748],[0.41777,45.25885],[0.4173,45.26066],[0.41763,45.26202],[0.41647,45.26526],[0.41578,45.26847],[0.42012,45.26818],[0.42115,45.26894],[0.42307,45.26882],[0.42392,45.26976],[0.4235,45.27282],[0.42742,45.27276],[0.42879,45.27469],[0.43513,45.27384],[0.4367,45.27271],[0.43549,45.27209],[0.4356,45.27031],[0.43316,45.26829],[0.4321,45.26685],[0.4307,45.26692],[0.42905,45.26492],[0.42924,45.26373],[0.4281,45.2622],[0.4275,45.2604],[0.4261,45.25999],[0.42489,45.25772],[0.42367,45.25654],[0.42519,45.25592],[0.4253,45.25499],[0.42658,45.25372],[0.42876,45.25397],[0.43012,45.25218],[0.43216,45.25067],[0.43379,45.25072],[0.43401,45.24914],[0.43285,45.24901],[0.43166,45.2481],[0.43454,45.24714],[0.43523,45.2464],[0.43275,45.24519],[0.42988,45.24202],[0.42642,45.23903],[0.42282,45.23764],[0.41872,45.23732],[0.41742,45.23646],[0.4145,45.23714],[0.41437,45.23633],[0.41012,45.23653],[0.40522,45.23729],[0.40303,45.237],[0.40281,45.23386],[0.39583,45.23424],[0.39462,45.23498],[0.39443,45.23571],[0.39286,45.23726],[0.3929,45.23891]]]}},{"type":"Feature","id":"fr-commune-24461","properties":{"id":"fr-commune-24461","name":"Saint-Méard-de-Gurçon","kind":"commune","center":[0.175,44.909],"code":"24461","department":"24"},"bbox":[0.12581,44.87883,0.22422,44.93921],"geometry":{"type":"Polygon","coordinates":[[[0.195,44.8882],[0.19065,44.88761],[0.19004,44.88676],[0.18627,44.8874],[0.1849,44.88721],[0.183,44.88578],[0.18144,44.88546],[0.17854,44.88415],[0.17538,44.88113],[0.1739,44.88077],[0.17042,44.87922],[0.16843,44.87883],[0.16702,44.87938],[0.16369,44.87941],[0.16176,44.88072],[0.15937,44.88115],[0.15642,44.8808],[0.15384,44.88094],[0.15322,44.88132],[0.14979,44.88144],[0.14939,44.88281],[0.15004,44.88481],[0.14896,44.88578],[0.1495,44.88696],[0.14935,44.88816],[0.147,44.89004],[0.14749,44.89076],[0.14888,44.89453],[0.15041,44.89456],[0.15074,44.89747],[0.15193,44.89994],[0.1545,44.9011],[0.15453,44.90499],[0.15355,44.90667],[0.15234,44.90744],[0.15046,44.90964],[0.14958,44.90985],[0.14834,44.91151],[0.15025,44.91459],[0.14969,44.91683],[0.14842,44.91721],[0.14398,44.92059],[0.13502,44.924],[0.13242,44.92427],[0.13092,44.9248],[0.12877,44.9261],[0.12718,44.9266],[0.12765,44.92725],[0.12581,44.92862],[0.12654,44.93162],[0.1276,44.93317],[0.13159,44.93334],[0.13319,44.93269],[0.13477,44.93314],[0.13828,44.93278],[0.14006,44.93309],[0.14066,44.93422],[0.14374,44.93372],[0.14488,44.93267],[0.15085,44.93186],[0.15218,44.93152],[0.15171,44.93038],[0.15329,44.92908],[0.15464,44.92855],[0.15606,44.92867],[0.15716,44.92953],[0.15868,44.92933],[0.16017,44.92985],[0.16312,44.92939],[0.16408,44.93053],[0.16648,44.93086],[0.16807,44.93058],[0.17137,44.9325],[0.17144,44.93367],[0.17307,44.93457],[0.17302,44.93526],[0.17441,44.93622],[0.17529,44.93614],[0.17789,44.93693],[0.17874,44.93808],[0.18232,44.93872],[0.18327,44.93921],[0.18508,44.9382],[0.18534,44.93504],[0.18741,44.93439],[0.19054,44.93542],[0.19227,44.93547],[0.19303,44.93497],[0.19711,44.93467],[0.19807,44.93535],[0.20182,44.93529],[0.20238,44.93381],[0.2064,44.93106],[0.20684,44.9304],[0.20889,44.93168],[0.21085,44.93241],[0.21251,44.93204],[0.21297,44.93028],[0.21464,44.93073],[0.21619,44.93187],[0.21834,44.93195],[0.21939,44.9307],[0.22186,44.93075],[0.22422,44.92711],[0.2204,44.92532],[0.22199,44.92265],[0.22018,44.92093],[0.21993,44.91991],[0.21756,44.91843],[0.21417,44.9152],[0.21581,44.91445],[0.21566,44.9134],[0.21651,44.91223],[0.21604,44.91093],[0.21356,44.90873],[0.2098,44.9041],[0.20876,44.90148],[0.20935,44.89982],[0.20899,44.89718],[0.20723,44.89575],[0.20515,44.89598],[0.20325,44.89554],[0.20023,44.89596],[0.19835,44.8947],[0.19537,44.89391],[0.19221,44.89261],[0.19145,44.89202],[0.19399,44.89068],[0.19494,44.89057],[0.19594,44.88922],[0.195,44.8882]]]}},{"type":"Feature","id":"fr-commune-24462","properties":{"id":"fr-commune-24462","name":"Saint-Médard-de-Mussidan","kind":"commune","center":[0.323,45.019],"code":"24462","department":"24"},"bbox":[0.28333,44.98463,0.36263,45.05328],"geometry":{"type":"Polygon","coordinates":[[[0.30915,45.00242],[0.30975,45.00499],[0.31209,45.00641],[0.3121,45.0093],[0.3107,45.01123],[0.30957,45.01147],[0.30799,45.01353],[0.30632,45.01385],[0.30514,45.01503],[0.30448,45.0165],[0.30664,45.01767],[0.30785,45.01902],[0.30854,45.02108],[0.30741,45.0223],[0.30784,45.02319],[0.30729,45.02544],[0.3061,45.02571],[0.30566,45.02682],[0.30417,45.02767],[0.30187,45.02759],[0.30014,45.02883],[0.29844,45.02908],[0.29749,45.03055],[0.29769,45.03201],[0.29499,45.03279],[0.29315,45.03134],[0.29087,45.03044],[0.28997,45.02919],[0.28826,45.02866],[0.28794,45.02755],[0.28791,45.0263],[0.2863,45.02533],[0.28415,45.02597],[0.28333,45.02688],[0.28462,45.02934],[0.28481,45.03289],[0.28554,45.03447],[0.28714,45.03598],[0.29139,45.03712],[0.29769,45.03753],[0.29871,45.03799],[0.29923,45.03948],[0.30068,45.03973],[0.30352,45.04095],[0.30511,45.0411],[0.30607,45.04177],[0.30556,45.04384],[0.30659,45.04648],[0.30839,45.04678],[0.30927,45.04571],[0.31039,45.04552],[0.31218,45.04754],[0.31389,45.04731],[0.31464,45.0455],[0.31713,45.04363],[0.31847,45.04329],[0.31949,45.04422],[0.31957,45.04577],[0.3219,45.0474],[0.32289,45.04956],[0.32457,45.04969],[0.32653,45.04849],[0.32799,45.0483],[0.33092,45.04942],[0.33043,45.05123],[0.33061,45.05257],[0.33177,45.05328],[0.33407,45.05261],[0.3345,45.0499],[0.33392,45.04851],[0.33481,45.04756],[0.33909,45.04698],[0.34065,45.04655],[0.34626,45.04521],[0.34852,45.04516],[0.35066,45.04422],[0.35069,45.04614],[0.35322,45.04677],[0.35561,45.04587],[0.35809,45.04346],[0.36038,45.04233],[0.35907,45.0388],[0.35786,45.0371],[0.35538,45.03531],[0.35024,45.03236],[0.34936,45.03116],[0.35049,45.02655],[0.35459,45.027],[0.35653,45.02637],[0.35573,45.02456],[0.35667,45.02239],[0.35673,45.01982],[0.35857,45.01813],[0.35863,45.01736],[0.36068,45.01776],[0.36193,45.01499],[0.36226,45.01294],[0.36107,45.01075],[0.36066,45.0061],[0.36073,45.00453],[0.36158,45.00402],[0.36263,45.00049],[0.3617,44.99955],[0.36139,44.99699],[0.359,44.99523],[0.35896,44.99442],[0.35747,44.9909],[0.35569,44.98752],[0.35384,44.98525],[0.35289,44.98463],[0.35123,44.98516],[0.34893,44.98501],[0.34475,44.99135],[0.34664,44.99224],[0.34347,44.99564],[0.34041,44.9978],[0.3363,45.00104],[0.3352,45.00148],[0.332,45.00135],[0.32965,45.00164],[0.32629,45.00268],[0.32213,45.00189],[0.31641,45.00114],[0.31043,45.00101],[0.30915,45.00242]]]}},{"type":"Feature","id":"fr-commune-24463","properties":{"id":"fr-commune-24463","name":"Saint-Médard-d'Excideuil","kind":"commune","center":[1.0858,45.3441],"code":"24463","department":"24"},"bbox":[1.05027,45.31289,1.12126,45.37529],"geometry":{"type":"Polygon","coordinates":[[[1.06954,45.36438],[1.07168,45.36808],[1.07335,45.37026],[1.07222,45.37133],[1.07229,45.37209],[1.06936,45.3746],[1.07188,45.37477],[1.07353,45.37529],[1.07648,45.37453],[1.07823,45.37443],[1.08191,45.37253],[1.08464,45.37067],[1.08743,45.36999],[1.09089,45.37066],[1.09107,45.36958],[1.09047,45.36844],[1.09432,45.3679],[1.09574,45.3689],[1.09675,45.36882],[1.09855,45.36771],[1.10098,45.37039],[1.10187,45.37049],[1.10421,45.36953],[1.10796,45.36948],[1.11157,45.37119],[1.11264,45.37016],[1.11393,45.3708],[1.11556,45.37022],[1.11563,45.36813],[1.11657,45.36575],[1.11709,45.36343],[1.1181,45.3613],[1.11891,45.35678],[1.11984,45.35607],[1.11904,45.35489],[1.11964,45.35355],[1.1189,45.3526],[1.12126,45.35074],[1.11763,45.35044],[1.11475,45.34983],[1.11178,45.35007],[1.10895,45.34987],[1.10598,45.34919],[1.10239,45.349],[1.09964,45.34834],[1.09948,45.34688],[1.0985,45.34686],[1.08996,45.34005],[1.08878,45.33944],[1.08965,45.33685],[1.09233,45.33582],[1.09929,45.33465],[1.10694,45.33403],[1.10854,45.33363],[1.10631,45.32745],[1.10481,45.32557],[1.10286,45.32416],[1.10062,45.32314],[1.10029,45.32172],[1.09734,45.31936],[1.09535,45.3143],[1.09223,45.31289],[1.09019,45.31378],[1.08901,45.31489],[1.08709,45.31569],[1.08371,45.3156],[1.07978,45.31476],[1.07762,45.31456],[1.07467,45.31497],[1.07702,45.31832],[1.07928,45.31968],[1.0785,45.32091],[1.0813,45.32225],[1.08069,45.32344],[1.08118,45.32478],[1.08014,45.32777],[1.07651,45.33188],[1.07558,45.33335],[1.07141,45.33454],[1.06974,45.33631],[1.06619,45.33653],[1.06127,45.3372],[1.0569,45.33723],[1.05695,45.33806],[1.05455,45.33904],[1.05255,45.34081],[1.05177,45.34322],[1.05038,45.34327],[1.05027,45.34396],[1.05127,45.3461],[1.05318,45.34802],[1.0564,45.35054],[1.05716,45.35275],[1.05915,45.35393],[1.06105,45.35563],[1.06188,45.35744],[1.06477,45.3599],[1.06581,45.36017],[1.06753,45.36183],[1.06888,45.36241],[1.06954,45.36438]]]}},{"type":"Feature","id":"fr-commune-24464","properties":{"id":"fr-commune-24464","name":"Saint-Mesmin","kind":"commune","center":[1.2331,45.3501],"code":"24464","department":"24"},"bbox":[1.18537,45.32035,1.28183,45.3798],"geometry":{"type":"Polygon","coordinates":[[[1.19987,45.33025],[1.20379,45.33451],[1.19747,45.33767],[1.19702,45.33704],[1.19352,45.33765],[1.19266,45.33924],[1.19101,45.33913],[1.18958,45.33986],[1.18537,45.34018],[1.18671,45.34184],[1.18827,45.3426],[1.1863,45.34447],[1.1881,45.34639],[1.18706,45.34825],[1.18664,45.35051],[1.18752,45.35193],[1.1876,45.35383],[1.18547,45.35592],[1.18574,45.35779],[1.18683,45.35899],[1.18661,45.35982],[1.18836,45.36103],[1.19086,45.36142],[1.19434,45.3633],[1.19619,45.3636],[1.1998,45.3647],[1.20054,45.36526],[1.20586,45.36387],[1.20893,45.3638],[1.21233,45.36405],[1.21333,45.36441],[1.21483,45.36384],[1.21607,45.3619],[1.21874,45.36174],[1.21996,45.36028],[1.21784,45.35841],[1.2156,45.35837],[1.21395,45.35727],[1.21814,45.35697],[1.22046,45.358],[1.22351,45.35675],[1.22253,45.3557],[1.22455,45.35434],[1.22585,45.35403],[1.22873,45.35128],[1.23044,45.35103],[1.23107,45.35279],[1.23395,45.35334],[1.23428,45.35795],[1.23391,45.35854],[1.23609,45.3602],[1.23766,45.36069],[1.2362,45.36155],[1.23746,45.36273],[1.23793,45.36389],[1.23461,45.36477],[1.23253,45.36649],[1.23176,45.36766],[1.23143,45.36941],[1.23059,45.3704],[1.23421,45.37166],[1.23713,45.37211],[1.23977,45.37162],[1.2413,45.37177],[1.24261,45.37256],[1.24574,45.37535],[1.24612,45.37655],[1.24717,45.37713],[1.2495,45.37776],[1.25258,45.37782],[1.25359,45.37822],[1.25504,45.37663],[1.25853,45.37791],[1.26089,45.37844],[1.26247,45.3798],[1.26415,45.37783],[1.26453,45.3769],[1.2657,45.37644],[1.26628,45.37513],[1.26607,45.37362],[1.26665,45.37086],[1.26734,45.37015],[1.26516,45.36609],[1.26499,45.36338],[1.27108,45.36042],[1.27157,45.35929],[1.27082,45.35783],[1.26726,45.35615],[1.26487,45.35327],[1.2641,45.35139],[1.266,45.35121],[1.26897,45.35015],[1.27426,45.3529],[1.27628,45.35418],[1.27915,45.35222],[1.2789,45.3487],[1.27975,45.34692],[1.28126,45.34517],[1.28078,45.34381],[1.28183,45.34212],[1.28062,45.34034],[1.28065,45.3382],[1.27962,45.3353],[1.27774,45.33457],[1.2762,45.3332],[1.27568,45.33203],[1.27289,45.32839],[1.27001,45.32661],[1.26572,45.32434],[1.26506,45.32291],[1.25962,45.32035],[1.25787,45.32087],[1.25431,45.32139],[1.25268,45.32092],[1.25177,45.32192],[1.24948,45.32212],[1.24549,45.3219],[1.24187,45.32195],[1.23966,45.32261],[1.23582,45.322],[1.23428,45.3217],[1.22943,45.32244],[1.22814,45.32329],[1.2234,45.32548],[1.221,45.3257],[1.21975,45.32512],[1.21609,45.32821],[1.21457,45.32841],[1.21293,45.32958],[1.21067,45.32842],[1.20731,45.32761],[1.20269,45.32911],[1.19987,45.33025]]]}},{"type":"Feature","id":"fr-commune-24465","properties":{"id":"fr-commune-24465","name":"Saint-Michel-de-Double","kind":"commune","center":[0.2714,45.0977],"code":"24465","department":"24"},"bbox":[0.23269,45.0621,0.30999,45.1332],"geometry":{"type":"Polygon","coordinates":[[[0.23269,45.06798],[0.23452,45.06925],[0.23712,45.07314],[0.2396,45.07434],[0.24005,45.07566],[0.24189,45.07791],[0.2471,45.08002],[0.25035,45.08233],[0.24878,45.08317],[0.24635,45.08381],[0.24429,45.08493],[0.24379,45.0862],[0.24165,45.08664],[0.2411,45.08722],[0.23814,45.08868],[0.2375,45.09011],[0.23745,45.09277],[0.23561,45.09394],[0.2352,45.09587],[0.23416,45.0982],[0.23967,45.09885],[0.2426,45.10086],[0.24343,45.1023],[0.24635,45.10332],[0.2469,45.10498],[0.24986,45.10715],[0.25431,45.10891],[0.256,45.10898],[0.26352,45.10729],[0.26291,45.10974],[0.2721,45.11127],[0.27204,45.11358],[0.27131,45.11952],[0.27077,45.12079],[0.27033,45.12691],[0.27321,45.12961],[0.27534,45.13247],[0.27923,45.1332],[0.28083,45.13091],[0.28268,45.12947],[0.2834,45.12686],[0.28446,45.1248],[0.28795,45.12484],[0.2903,45.12374],[0.29096,45.12286],[0.29355,45.12221],[0.29576,45.1211],[0.29832,45.12049],[0.30086,45.12077],[0.30305,45.11795],[0.30229,45.11696],[0.30193,45.11496],[0.30173,45.11334],[0.30221,45.11146],[0.30157,45.11025],[0.30048,45.1099],[0.2998,45.10845],[0.30101,45.10766],[0.30079,45.10638],[0.30314,45.10382],[0.3036,45.10269],[0.30559,45.10304],[0.30577,45.10195],[0.3068,45.10086],[0.3084,45.10023],[0.30773,45.09861],[0.30888,45.09838],[0.30832,45.09659],[0.30843,45.09508],[0.30976,45.09411],[0.30999,45.09169],[0.30894,45.08893],[0.30468,45.0857],[0.306,45.08453],[0.30685,45.08279],[0.3051,45.08127],[0.30548,45.08017],[0.30312,45.07898],[0.30216,45.07706],[0.30294,45.07666],[0.30218,45.07359],[0.3023,45.07168],[0.30131,45.07101],[0.30129,45.06784],[0.30266,45.06718],[0.30397,45.06511],[0.30258,45.0648],[0.30053,45.06549],[0.29919,45.06513],[0.29677,45.06535],[0.29361,45.06613],[0.28911,45.06595],[0.28636,45.06675],[0.28374,45.06553],[0.28139,45.06534],[0.28307,45.0621],[0.27874,45.0631],[0.27747,45.06308],[0.2744,45.06402],[0.2666,45.06478],[0.26617,45.06258],[0.26387,45.06306],[0.26004,45.06331],[0.25521,45.06406],[0.25003,45.0633],[0.24736,45.06317],[0.24519,45.06386],[0.24313,45.06415],[0.23902,45.06383],[0.23736,45.064],[0.239,45.06573],[0.23598,45.06571],[0.23269,45.06798]]]}},{"type":"Feature","id":"fr-commune-24466","properties":{"id":"fr-commune-24466","name":"Saint-Michel-de-Montaigne","kind":"commune","center":[0.0233,44.8802],"code":"24466","department":"24"},"bbox":[-0.00493,44.86484,0.05162,44.89552],"geometry":{"type":"Polygon","coordinates":[[[0.01606,44.89461],[0.01694,44.89552],[0.01759,44.89444],[0.02071,44.8954],[0.0234,44.89542],[0.02647,44.89465],[0.03034,44.89456],[0.03024,44.89397],[0.03347,44.89441],[0.03399,44.89504],[0.0364,44.89482],[0.03932,44.89402],[0.03975,44.89311],[0.04191,44.89089],[0.042,44.8897],[0.04308,44.88895],[0.04082,44.88614],[0.04285,44.88334],[0.04562,44.88182],[0.04829,44.88102],[0.04992,44.88119],[0.05162,44.87996],[0.05081,44.87888],[0.05055,44.87655],[0.04991,44.87509],[0.04994,44.8723],[0.04812,44.87284],[0.04698,44.87388],[0.04332,44.87503],[0.04265,44.8709],[0.04006,44.87045],[0.03821,44.87081],[0.03778,44.8689],[0.0392,44.86671],[0.04002,44.86484],[0.03601,44.86535],[0.03248,44.86558],[0.02934,44.86614],[0.0268,44.86626],[0.02467,44.86596],[0.0215,44.86609],[0.01432,44.86749],[0.0136,44.86785],[0.0115,44.86596],[0.00868,44.8668],[0.00467,44.86723],[0.00471,44.86812],[0.00265,44.86819],[-0.00044,44.86781],[-0.00493,44.86876],[-0.00369,44.86942],[-0.00125,44.87005],[0.00057,44.87231],[0.00328,44.87462],[0.001,44.87625],[0.00109,44.87644],[0.00236,44.87746],[0.00264,44.87866],[0.00227,44.88005],[0.00416,44.88203],[0.00641,44.88363],[0.00838,44.88294],[0.00911,44.88363],[0.01311,44.88567],[0.0146,44.8859],[0.01407,44.88695],[0.01532,44.88955],[0.01402,44.89161],[0.01583,44.893],[0.01504,44.89348],[0.01606,44.89461]]]}},{"type":"Feature","id":"fr-commune-24468","properties":{"id":"fr-commune-24468","name":"Saint-Michel-de-Villadeix","kind":"commune","center":[0.7335,44.9943],"code":"24468","department":"24"},"bbox":[0.70873,44.96712,0.75818,45.0214],"geometry":{"type":"Polygon","coordinates":[[[0.71517,44.96712],[0.71266,44.9687],[0.70976,44.96971],[0.70873,44.97171],[0.71037,44.97163],[0.71186,44.97296],[0.71404,44.97362],[0.71478,44.97422],[0.71666,44.97339],[0.71432,44.97637],[0.71359,44.97628],[0.71283,44.97949],[0.71172,44.98118],[0.70998,44.98267],[0.71104,44.98303],[0.71035,44.98546],[0.71045,44.98834],[0.71278,44.98887],[0.71445,44.98988],[0.71438,44.99076],[0.71217,44.99396],[0.71135,44.99682],[0.71357,44.99788],[0.71206,45.00096],[0.71188,45.0036],[0.71136,45.00408],[0.71164,45.00635],[0.71085,45.00762],[0.71134,45.00883],[0.71102,45.01043],[0.71177,45.01155],[0.71492,45.01338],[0.71655,45.013],[0.71919,45.01327],[0.72479,45.01306],[0.72721,45.01336],[0.73039,45.01227],[0.73143,45.01405],[0.73088,45.01629],[0.73237,45.01854],[0.73292,45.0214],[0.73601,45.02008],[0.73907,45.01799],[0.74346,45.01583],[0.74418,45.01414],[0.74548,45.00878],[0.74489,45.00659],[0.74518,45.00498],[0.74677,45.00375],[0.74736,45.00315],[0.74978,45.00232],[0.74808,44.99942],[0.74887,44.99839],[0.74878,44.99686],[0.75026,44.99237],[0.75538,44.99045],[0.75587,44.98966],[0.75818,44.98855],[0.75698,44.98678],[0.75508,44.98316],[0.75258,44.97902],[0.74981,44.97552],[0.74804,44.97571],[0.74614,44.97544],[0.74099,44.97388],[0.73924,44.97312],[0.73692,44.97266],[0.73611,44.97109],[0.73366,44.97042],[0.73109,44.97059],[0.72441,44.97141],[0.72196,44.97094],[0.71813,44.969],[0.71717,44.96799],[0.71517,44.96712]]]}},{"type":"Feature","id":"fr-commune-24470","properties":{"id":"fr-commune-24470","name":"Sainte-Mondane","kind":"commune","center":[1.3406,44.8345],"code":"24470","department":"24"},"bbox":[1.31526,44.81029,1.36595,44.85876],"geometry":{"type":"Polygon","coordinates":[[[1.3641,44.81163],[1.3586,44.81107],[1.35648,44.81029],[1.35472,44.8126],[1.35154,44.81479],[1.34942,44.81662],[1.34994,44.81792],[1.34727,44.81929],[1.3444,44.81992],[1.34362,44.82145],[1.34181,44.82275],[1.34055,44.82316],[1.3403,44.82425],[1.34192,44.82691],[1.34119,44.82802],[1.34017,44.82813],[1.338,44.82966],[1.33621,44.83176],[1.33578,44.83388],[1.33305,44.83703],[1.32863,44.83647],[1.3263,44.83715],[1.32547,44.83656],[1.3226,44.83721],[1.31992,44.83893],[1.31809,44.83851],[1.31602,44.83977],[1.31608,44.84147],[1.31526,44.84207],[1.31857,44.84449],[1.32136,44.84566],[1.32869,44.84707],[1.32927,44.84644],[1.33411,44.84875],[1.33661,44.85034],[1.33839,44.84987],[1.34064,44.8504],[1.34232,44.85121],[1.34199,44.85192],[1.34425,44.85216],[1.34398,44.85293],[1.34493,44.85414],[1.34768,44.85617],[1.34663,44.85682],[1.34858,44.85876],[1.34929,44.85851],[1.35409,44.85551],[1.35308,44.85327],[1.3535,44.8527],[1.35256,44.85114],[1.35373,44.85062],[1.35303,44.84976],[1.35468,44.84822],[1.35994,44.84964],[1.36154,44.84948],[1.36337,44.84832],[1.36459,44.84594],[1.36544,44.84522],[1.36479,44.84414],[1.36307,44.84303],[1.36282,44.84204],[1.36099,44.84008],[1.36116,44.83873],[1.35998,44.83457],[1.3608,44.83247],[1.36096,44.83101],[1.36055,44.8296],[1.36054,44.82694],[1.3601,44.8253],[1.36112,44.8247],[1.36234,44.82132],[1.36379,44.81972],[1.36587,44.81617],[1.36595,44.81518],[1.36339,44.81449],[1.3641,44.81163]]]}},{"type":"Feature","id":"fr-commune-24471","properties":{"id":"fr-commune-24471","name":"Sainte-Nathalène","kind":"commune","center":[1.2782,44.9145],"code":"24471","department":"24"},"bbox":[1.24228,44.8914,1.31405,44.9374],"geometry":{"type":"Polygon","coordinates":[[[1.312,44.91584],[1.30872,44.91229],[1.30778,44.91051],[1.30187,44.9101],[1.29933,44.90816],[1.29886,44.90723],[1.29544,44.9064],[1.2917,44.90465],[1.28882,44.90369],[1.28649,44.90207],[1.28693,44.90043],[1.28168,44.89882],[1.28053,44.89717],[1.27853,44.89504],[1.27516,44.89447],[1.27089,44.89225],[1.2686,44.892],[1.26602,44.89231],[1.26327,44.89208],[1.26143,44.89145],[1.25991,44.8914],[1.25534,44.89269],[1.25568,44.89459],[1.2561,44.8958],[1.25984,44.89683],[1.26077,44.89664],[1.2641,44.89762],[1.26356,44.89837],[1.25684,44.90154],[1.25273,44.90272],[1.25146,44.90213],[1.25045,44.90102],[1.24725,44.90044],[1.24546,44.90342],[1.24397,44.90524],[1.24228,44.90598],[1.24389,44.90654],[1.24678,44.90826],[1.24819,44.91063],[1.25015,44.91137],[1.25186,44.91251],[1.25385,44.9133],[1.25743,44.91518],[1.25912,44.91639],[1.25844,44.91684],[1.26096,44.91981],[1.26104,44.92206],[1.26541,44.92152],[1.26688,44.92007],[1.27103,44.91757],[1.27222,44.91892],[1.27384,44.91889],[1.27593,44.92149],[1.27887,44.92377],[1.28043,44.92413],[1.2823,44.92673],[1.28223,44.92755],[1.28347,44.9289],[1.286,44.93076],[1.28723,44.93217],[1.28749,44.93328],[1.28975,44.93443],[1.29284,44.93475],[1.29482,44.9355],[1.29613,44.93533],[1.29931,44.936],[1.30077,44.93706],[1.30285,44.9374],[1.30495,44.93607],[1.30745,44.93313],[1.30923,44.9319],[1.31031,44.93171],[1.31042,44.92972],[1.31123,44.92905],[1.31151,44.92743],[1.31282,44.92528],[1.31256,44.92341],[1.31142,44.92116],[1.31167,44.91855],[1.31405,44.91709],[1.312,44.91584]]]}},{"type":"Feature","id":"fr-commune-24472","properties":{"id":"fr-commune-24472","name":"Saint-Nexans","kind":"commune","center":[0.5514,44.8057],"code":"24472","department":"24"},"bbox":[0.52103,44.78483,0.58174,44.82664],"geometry":{"type":"Polygon","coordinates":[[[0.58044,44.80043],[0.58095,44.79934],[0.58103,44.79746],[0.57827,44.79403],[0.57724,44.79217],[0.58174,44.79011],[0.58113,44.78881],[0.58119,44.78689],[0.57926,44.78759],[0.57111,44.78825],[0.56784,44.78824],[0.56336,44.78643],[0.56092,44.78483],[0.55975,44.78547],[0.55841,44.78968],[0.55664,44.79091],[0.5581,44.79373],[0.55913,44.79727],[0.55865,44.79849],[0.55851,44.80059],[0.55579,44.80037],[0.55416,44.79993],[0.54789,44.79946],[0.5454,44.79984],[0.53826,44.79794],[0.53672,44.79699],[0.53652,44.79516],[0.53401,44.79422],[0.53256,44.79266],[0.53235,44.79155],[0.53115,44.79264],[0.52982,44.79293],[0.5241,44.79555],[0.52255,44.79834],[0.52318,44.80011],[0.52264,44.8019],[0.52173,44.80253],[0.52103,44.8044],[0.52243,44.80482],[0.52311,44.80649],[0.52402,44.8112],[0.52363,44.81423],[0.52447,44.81519],[0.52517,44.82055],[0.53588,44.82211],[0.53933,44.82243],[0.54507,44.82527],[0.54548,44.82619],[0.54814,44.82664],[0.55031,44.82603],[0.55252,44.825],[0.55441,44.82359],[0.55523,44.82163],[0.55455,44.81993],[0.55526,44.81884],[0.55814,44.81723],[0.56111,44.81927],[0.56367,44.81758],[0.56571,44.81898],[0.56794,44.81736],[0.57115,44.81614],[0.56963,44.81446],[0.56644,44.81334],[0.56512,44.81407],[0.5634,44.81282],[0.56431,44.81198],[0.5701,44.81253],[0.57245,44.8091],[0.57306,44.80719],[0.57484,44.80537],[0.57529,44.80305],[0.5788,44.80325],[0.57973,44.80243],[0.57965,44.80137],[0.58044,44.80043]]]}},{"type":"Feature","id":"fr-commune-24473","properties":{"id":"fr-commune-24473","name":"Sainte-Orse","kind":"commune","center":[1.0707,45.2079],"code":"24473","department":"24"},"bbox":[1.04025,45.16904,1.10109,45.24667],"geometry":{"type":"Polygon","coordinates":[[[1.08345,45.24667],[1.08601,45.24587],[1.08817,45.24439],[1.09198,45.24386],[1.09277,45.24318],[1.09262,45.24192],[1.08948,45.2399],[1.08807,45.23869],[1.08586,45.23484],[1.08469,45.23385],[1.08673,45.23223],[1.08988,45.22824],[1.09029,45.22478],[1.09336,45.22191],[1.09224,45.21957],[1.09394,45.21889],[1.09369,45.21532],[1.09589,45.21364],[1.09541,45.21149],[1.0986,45.21115],[1.10109,45.20918],[1.09955,45.20812],[1.10001,45.20703],[1.0993,45.20391],[1.09982,45.19879],[1.0997,45.19572],[1.10024,45.19192],[1.10006,45.19038],[1.10097,45.18886],[1.09977,45.18676],[1.10003,45.18521],[1.09545,45.18497],[1.09549,45.18456],[1.09046,45.18249],[1.0884,45.18181],[1.08493,45.18221],[1.08302,45.18298],[1.08281,45.18212],[1.08075,45.17937],[1.08168,45.17755],[1.08083,45.17664],[1.07895,45.17731],[1.07632,45.17682],[1.07538,45.17721],[1.07287,45.17253],[1.07319,45.17189],[1.07215,45.17057],[1.06695,45.16904],[1.06769,45.17143],[1.06764,45.17374],[1.06371,45.17457],[1.06087,45.1744],[1.05836,45.17511],[1.05717,45.17756],[1.05756,45.17867],[1.05553,45.18114],[1.0543,45.18312],[1.05444,45.18427],[1.05053,45.18077],[1.04584,45.18098],[1.04454,45.18272],[1.04508,45.18354],[1.04215,45.18618],[1.04219,45.18775],[1.04094,45.19004],[1.04025,45.1909],[1.04033,45.19308],[1.04337,45.19467],[1.04823,45.19566],[1.04667,45.19848],[1.04602,45.20105],[1.04501,45.20094],[1.04439,45.20607],[1.04488,45.20939],[1.04599,45.20893],[1.04578,45.21135],[1.04731,45.21558],[1.04778,45.21531],[1.04999,45.21738],[1.05167,45.21951],[1.0555,45.22241],[1.05829,45.2233],[1.06159,45.22341],[1.06405,45.22407],[1.06577,45.22418],[1.0669,45.22561],[1.0692,45.22596],[1.0688,45.22732],[1.06924,45.22897],[1.0713,45.23138],[1.07033,45.23947],[1.06944,45.24601],[1.07029,45.24605],[1.07317,45.24598],[1.07378,45.24518],[1.07574,45.24524],[1.07753,45.24474],[1.08287,45.24478],[1.08249,45.24653],[1.08345,45.24667]]]}},{"type":"Feature","id":"fr-commune-24474","properties":{"id":"fr-commune-24474","name":"Saint-Pancrace","kind":"commune","center":[0.6682,45.4219],"code":"24474","department":"24"},"bbox":[0.64789,45.39738,0.68846,45.4464],"geometry":{"type":"Polygon","coordinates":[[[0.652,45.42928],[0.65353,45.43086],[0.65515,45.43199],[0.66003,45.43384],[0.66172,45.43538],[0.66163,45.43693],[0.6604,45.4392],[0.66093,45.4407],[0.66323,45.44281],[0.66366,45.44386],[0.6687,45.44563],[0.67346,45.4464],[0.67499,45.44527],[0.67638,45.44236],[0.67759,45.44284],[0.67924,45.44225],[0.67937,45.44116],[0.67804,45.4401],[0.67621,45.43697],[0.67722,45.43293],[0.67826,45.42999],[0.67743,45.42819],[0.67861,45.42431],[0.68036,45.42418],[0.68457,45.42531],[0.68769,45.42408],[0.68846,45.42176],[0.68732,45.42088],[0.6846,45.42085],[0.68452,45.42026],[0.6822,45.4194],[0.6822,45.41771],[0.6788,45.41665],[0.67642,45.41682],[0.67607,45.41604],[0.67318,45.41599],[0.66928,45.41775],[0.66679,45.41863],[0.66657,45.41964],[0.66313,45.4195],[0.66041,45.42114],[0.65739,45.42116],[0.65467,45.42011],[0.6506,45.42015],[0.65033,45.41873],[0.64928,45.41702],[0.65152,45.41563],[0.65201,45.41455],[0.65429,45.41417],[0.65687,45.41263],[0.65977,45.41251],[0.66239,45.41171],[0.66513,45.41206],[0.66644,45.40969],[0.66532,45.40879],[0.6631,45.40826],[0.66212,45.40486],[0.66233,45.40414],[0.66477,45.40162],[0.66735,45.40001],[0.66572,45.39897],[0.66126,45.39806],[0.65922,45.39738],[0.65796,45.39874],[0.65605,45.39974],[0.65212,45.40324],[0.65147,45.40548],[0.6503,45.40562],[0.65065,45.40719],[0.65176,45.4087],[0.65223,45.41156],[0.65208,45.41304],[0.6501,45.41493],[0.64908,45.41546],[0.64845,45.41687],[0.64932,45.41999],[0.64916,45.42203],[0.64789,45.42445],[0.64832,45.42551],[0.652,45.42928]]]}},{"type":"Feature","id":"fr-commune-24476","properties":{"id":"fr-commune-24476","name":"Saint-Pantaly-d'Excideuil","kind":"commune","center":[1.0125,45.3111],"code":"24476","department":"24"},"bbox":[0.98768,45.29085,1.03739,45.33086],"geometry":{"type":"Polygon","coordinates":[[[1.01586,45.3301],[1.01692,45.32976],[1.01765,45.32772],[1.01903,45.32628],[1.01948,45.32497],[1.02031,45.32453],[1.02242,45.32094],[1.02459,45.31968],[1.02283,45.31712],[1.02312,45.31566],[1.02279,45.31397],[1.02172,45.3132],[1.0231,45.31157],[1.02601,45.30984],[1.02875,45.30917],[1.02972,45.30833],[1.02925,45.30695],[1.02958,45.30483],[1.03343,45.30291],[1.03346,45.30201],[1.03203,45.29947],[1.03473,45.29858],[1.0361,45.29764],[1.03733,45.29584],[1.03739,45.29428],[1.03433,45.29325],[1.03176,45.29158],[1.02999,45.29085],[1.0281,45.29202],[1.0234,45.29263],[1.02077,45.29447],[1.01426,45.29726],[1.01271,45.2972],[1.0117,45.29847],[1.01181,45.29954],[1.01036,45.30051],[1.00886,45.30235],[1.00786,45.30279],[1.0062,45.30235],[1.00353,45.30439],[1.00207,45.30517],[0.99977,45.30508],[0.99804,45.30685],[0.9978,45.30902],[0.9965,45.30955],[0.99193,45.30993],[0.99253,45.31213],[0.99145,45.31271],[0.98873,45.31299],[0.98857,45.31549],[0.98877,45.31765],[0.98768,45.31816],[0.98919,45.3193],[0.98827,45.32165],[0.98925,45.32304],[0.99051,45.3229],[0.99179,45.32395],[0.99346,45.32417],[0.99682,45.32561],[0.99815,45.32814],[0.99905,45.32901],[1.00123,45.32805],[1.0048,45.32868],[1.00907,45.32855],[1.00915,45.33066],[1.01194,45.33086],[1.01586,45.3301]]]}},{"type":"Feature","id":"fr-commune-24477","properties":{"id":"fr-commune-24477","name":"Saint-Pardoux-de-Drône","kind":"commune","center":[0.418,45.2195],"code":"24477","department":"24"},"bbox":[0.39422,45.19705,0.44197,45.24202],"geometry":{"type":"Polygon","coordinates":[[[0.44197,45.21244],[0.43087,45.21145],[0.42608,45.20863],[0.42726,45.20703],[0.42872,45.20631],[0.42644,45.20288],[0.4258,45.20309],[0.42359,45.20112],[0.4225,45.20074],[0.42162,45.19924],[0.4215,45.19705],[0.42041,45.19965],[0.42003,45.20155],[0.41822,45.20436],[0.41762,45.20621],[0.4165,45.20703],[0.41492,45.20943],[0.41203,45.21008],[0.40778,45.21287],[0.40576,45.21659],[0.40489,45.22138],[0.40438,45.22283],[0.40005,45.22519],[0.39817,45.22558],[0.39682,45.22682],[0.39726,45.22868],[0.3955,45.23293],[0.39422,45.23363],[0.39462,45.23498],[0.39583,45.23424],[0.40281,45.23386],[0.40303,45.237],[0.40522,45.23729],[0.41012,45.23653],[0.41437,45.23633],[0.4145,45.23714],[0.41742,45.23646],[0.41872,45.23732],[0.42282,45.23764],[0.42642,45.23903],[0.42988,45.24202],[0.43269,45.24146],[0.43426,45.24144],[0.43313,45.23819],[0.43427,45.23475],[0.43437,45.22915],[0.43404,45.22748],[0.43242,45.22648],[0.43118,45.22511],[0.43103,45.22368],[0.43276,45.22282],[0.43489,45.22111],[0.43683,45.21762],[0.4407,45.21462],[0.44197,45.21244]]]}},{"type":"Feature","id":"fr-commune-24478","properties":{"id":"fr-commune-24478","name":"Saint-Pardoux-et-Vielvic","kind":"commune","center":[0.9637,44.7686],"code":"24478","department":"24"},"bbox":[0.93144,44.74078,0.99683,44.79651],"geometry":{"type":"Polygon","coordinates":[[[0.97276,44.79651],[0.97469,44.79575],[0.97693,44.7935],[0.97884,44.79249],[0.98205,44.79],[0.98615,44.78753],[0.98532,44.7867],[0.98353,44.78592],[0.98216,44.78487],[0.98079,44.78304],[0.98002,44.78118],[0.98031,44.77931],[0.9798,44.77596],[0.98172,44.77563],[0.98639,44.77433],[0.98981,44.77643],[0.99039,44.77763],[0.9917,44.77793],[0.99683,44.77726],[0.99493,44.77605],[0.99432,44.77487],[0.9913,44.77339],[0.98875,44.77137],[0.98722,44.76942],[0.98581,44.76825],[0.98409,44.76846],[0.97635,44.76685],[0.97469,44.76683],[0.97454,44.76814],[0.9722,44.76832],[0.97283,44.76508],[0.97203,44.76422],[0.96949,44.76444],[0.96978,44.76199],[0.9714,44.76035],[0.97144,44.75872],[0.97031,44.75842],[0.96978,44.75657],[0.9682,44.75525],[0.96528,44.75186],[0.96684,44.75157],[0.96898,44.74906],[0.96654,44.7482],[0.96348,44.74651],[0.96055,44.74647],[0.95718,44.74462],[0.95403,44.74177],[0.95092,44.74078],[0.95012,44.74227],[0.94762,44.7438],[0.94711,44.7459],[0.94775,44.7494],[0.94749,44.75079],[0.9491,44.75295],[0.94986,44.75456],[0.94749,44.75412],[0.9433,44.75235],[0.94021,44.75409],[0.93802,44.75469],[0.93572,44.75481],[0.93324,44.75415],[0.93144,44.75452],[0.93244,44.75555],[0.93223,44.75699],[0.93326,44.75796],[0.93591,44.75913],[0.93182,44.76133],[0.93322,44.76361],[0.93522,44.76527],[0.94077,44.76746],[0.94134,44.76993],[0.94132,44.77182],[0.94225,44.77458],[0.94216,44.77605],[0.94474,44.7788],[0.94517,44.77971],[0.94842,44.78243],[0.94775,44.78421],[0.9485,44.78498],[0.95435,44.78891],[0.95785,44.79023],[0.95937,44.7911],[0.96154,44.79146],[0.96471,44.79331],[0.96785,44.79488],[0.96999,44.79645],[0.97276,44.79651]]]}},{"type":"Feature","id":"fr-commune-24479","properties":{"id":"fr-commune-24479","name":"Saint-Pardoux-la-Rivière","kind":"commune","center":[0.7552,45.5036],"code":"24479","department":"24"},"bbox":[0.70016,45.47624,0.81029,45.53099],"geometry":{"type":"Polygon","coordinates":[[[0.70532,45.48538],[0.70435,45.48587],[0.70189,45.49287],[0.70084,45.49294],[0.70016,45.49461],[0.70319,45.49906],[0.70431,45.50035],[0.70614,45.50091],[0.70819,45.50294],[0.71273,45.50526],[0.71464,45.50647],[0.71604,45.50783],[0.7179,45.51079],[0.72416,45.50882],[0.72704,45.50971],[0.7276,45.51078],[0.73007,45.51253],[0.72935,45.51418],[0.7289,45.51657],[0.72768,45.51841],[0.72776,45.51941],[0.72653,45.52182],[0.72377,45.5249],[0.7225,45.52921],[0.72266,45.53087],[0.72293,45.53099],[0.7279,45.52854],[0.73274,45.5287],[0.73414,45.52848],[0.73685,45.527],[0.73957,45.5239],[0.74171,45.52323],[0.74214,45.52202],[0.74347,45.52119],[0.74357,45.5198],[0.7452,45.51976],[0.74638,45.51918],[0.74859,45.51692],[0.74924,45.51587],[0.75124,45.51467],[0.75378,45.51524],[0.75861,45.51424],[0.76005,45.51461],[0.76177,45.51818],[0.76377,45.51977],[0.76643,45.5203],[0.76819,45.5186],[0.76854,45.51758],[0.77177,45.5174],[0.77253,45.51881],[0.77169,45.5199],[0.77026,45.52016],[0.77015,45.52118],[0.77165,45.52161],[0.77306,45.52139],[0.77506,45.51998],[0.77728,45.52053],[0.77925,45.52178],[0.78183,45.52091],[0.78346,45.52132],[0.78536,45.51931],[0.78598,45.51718],[0.78848,45.51604],[0.78945,45.51434],[0.79308,45.51382],[0.7942,45.51309],[0.7962,45.51277],[0.79839,45.51348],[0.80052,45.51472],[0.80314,45.51493],[0.80501,45.51397],[0.80964,45.51275],[0.81029,45.51048],[0.8092,45.5104],[0.80457,45.5089],[0.80152,45.50745],[0.79902,45.50685],[0.79749,45.50695],[0.79392,45.50558],[0.79177,45.50353],[0.79145,45.50275],[0.78731,45.5],[0.78532,45.49897],[0.78236,45.49791],[0.78144,45.49681],[0.77923,45.4957],[0.77491,45.49551],[0.77243,45.49615],[0.76848,45.49564],[0.76493,45.49469],[0.76498,45.49344],[0.76429,45.4909],[0.76279,45.48782],[0.76065,45.48483],[0.7584,45.48417],[0.75959,45.48269],[0.75813,45.48159],[0.75436,45.48203],[0.75375,45.47967],[0.75163,45.47892],[0.75147,45.47766],[0.75021,45.47685],[0.74845,45.47624],[0.74585,45.47664],[0.74392,45.47769],[0.74251,45.47916],[0.73955,45.48039],[0.73894,45.48131],[0.73761,45.48117],[0.73691,45.48315],[0.73473,45.48357],[0.73502,45.48482],[0.73348,45.48484],[0.73115,45.48307],[0.73036,45.4834],[0.72959,45.48583],[0.72515,45.48657],[0.71668,45.48636],[0.71512,45.48579],[0.71374,45.4862],[0.70734,45.48506],[0.70532,45.48538]]]}},{"type":"Feature","id":"fr-commune-24480","properties":{"id":"fr-commune-24480","name":"Saint-Paul-de-Serre","kind":"commune","center":[0.6332,45.0794],"code":"24480","department":"24"},"bbox":[0.61002,45.05553,0.65642,45.10324],"geometry":{"type":"Polygon","coordinates":[[[0.62193,45.10141],[0.62342,45.10134],[0.62553,45.09987],[0.62724,45.09912],[0.62835,45.09966],[0.63011,45.09923],[0.6319,45.09951],[0.63685,45.10166],[0.64016,45.10193],[0.64371,45.1032],[0.6453,45.10324],[0.64595,45.10305],[0.647,45.09969],[0.64681,45.09771],[0.64588,45.09558],[0.64649,45.09437],[0.64813,45.0929],[0.64776,45.09111],[0.64796,45.08915],[0.64676,45.08393],[0.64585,45.08237],[0.64933,45.08028],[0.65106,45.07831],[0.64979,45.07588],[0.64701,45.07389],[0.64844,45.07303],[0.65123,45.07327],[0.65351,45.07133],[0.65316,45.06873],[0.65469,45.06756],[0.65572,45.06597],[0.65642,45.06364],[0.65627,45.06243],[0.65158,45.05888],[0.65161,45.05651],[0.65114,45.05553],[0.64906,45.05721],[0.64719,45.06],[0.64659,45.06207],[0.64436,45.06416],[0.63955,45.06629],[0.63463,45.06315],[0.62158,45.06516],[0.61992,45.06572],[0.61699,45.06519],[0.61897,45.0662],[0.62022,45.06798],[0.61856,45.06904],[0.62186,45.07335],[0.62041,45.07473],[0.61895,45.07424],[0.6175,45.07518],[0.61649,45.07659],[0.61533,45.07703],[0.61638,45.07969],[0.61725,45.08089],[0.61714,45.08215],[0.61429,45.08598],[0.6125,45.08641],[0.61155,45.08614],[0.61002,45.08673],[0.61009,45.0875],[0.61388,45.08998],[0.6161,45.09072],[0.61579,45.09278],[0.61603,45.09693],[0.61653,45.09789],[0.61953,45.09975],[0.62135,45.1006],[0.62193,45.10141]]]}},{"type":"Feature","id":"fr-commune-24481","properties":{"id":"fr-commune-24481","name":"Saint-Paul-la-Roche","kind":"commune","center":[0.9908,45.487],"code":"24481","department":"24"},"bbox":[0.94202,45.44827,1.03954,45.52578],"geometry":{"type":"Polygon","coordinates":[[[1.00904,45.51034],[1.00861,45.50914],[1.00725,45.50845],[1.00778,45.50738],[1.00936,45.50766],[1.00995,45.50683],[1.01279,45.50703],[1.01651,45.50631],[1.0169,45.50542],[1.02578,45.50524],[1.02779,45.50409],[1.02759,45.49979],[1.02859,45.49553],[1.03074,45.49342],[1.03152,45.49318],[1.03426,45.49069],[1.03441,45.48888],[1.03322,45.486],[1.03723,45.48248],[1.03674,45.48055],[1.03954,45.47809],[1.03807,45.47507],[1.03426,45.47414],[1.03298,45.47299],[1.03516,45.4722],[1.03488,45.47129],[1.03232,45.47097],[1.03135,45.4712],[1.02822,45.4742],[1.02701,45.47406],[1.02597,45.47251],[1.02716,45.47189],[1.02852,45.47045],[1.02802,45.46946],[1.0255,45.46697],[1.02467,45.46487],[1.02488,45.4638],[1.02215,45.461],[1.01867,45.46067],[1.01789,45.46092],[1.0168,45.4596],[1.01426,45.45815],[1.01135,45.45988],[1.00916,45.45973],[1.00882,45.45855],[1.00745,45.45865],[1.00623,45.45981],[1.00502,45.45933],[0.99992,45.45609],[0.99555,45.45352],[0.99272,45.45244],[0.99336,45.45113],[0.9931,45.4503],[0.98774,45.44992],[0.98532,45.45182],[0.98412,45.45415],[0.98235,45.45485],[0.98108,45.45409],[0.98266,45.45218],[0.98328,45.45009],[0.98023,45.44997],[0.97767,45.45036],[0.9752,45.44995],[0.97332,45.44929],[0.9703,45.44936],[0.96649,45.44827],[0.96266,45.44873],[0.96165,45.44928],[0.95847,45.44975],[0.95703,45.45045],[0.95286,45.44993],[0.95126,45.4493],[0.95061,45.45172],[0.94973,45.45261],[0.94877,45.45493],[0.94844,45.45696],[0.94849,45.4602],[0.948,45.46179],[0.9463,45.46364],[0.94456,45.46362],[0.94256,45.46502],[0.94202,45.46968],[0.94233,45.47613],[0.94339,45.47683],[0.94505,45.47705],[0.94673,45.47942],[0.94792,45.47938],[0.95063,45.47857],[0.95332,45.47843],[0.95573,45.47787],[0.95691,45.47853],[0.95795,45.47995],[0.95998,45.4807],[0.96152,45.48046],[0.96349,45.48098],[0.96315,45.48287],[0.96341,45.48503],[0.96263,45.48588],[0.96104,45.48634],[0.96074,45.48751],[0.95969,45.48849],[0.96068,45.48926],[0.95964,45.49028],[0.9607,45.49171],[0.95954,45.49456],[0.96216,45.49509],[0.95998,45.49666],[0.96241,45.49694],[0.96254,45.49768],[0.9642,45.49836],[0.96452,45.4993],[0.96286,45.50027],[0.96318,45.50302],[0.96364,45.50426],[0.96317,45.50549],[0.96593,45.50619],[0.96597,45.50676],[0.96412,45.5074],[0.96551,45.50879],[0.96498,45.51007],[0.96541,45.51076],[0.96772,45.51222],[0.9678,45.51313],[0.96637,45.51426],[0.96748,45.51662],[0.96929,45.517],[0.97073,45.51668],[0.9738,45.51767],[0.97866,45.51689],[0.9807,45.51678],[0.98257,45.51937],[0.98543,45.52289],[0.98837,45.52578],[0.99087,45.52479],[0.99229,45.52438],[1.00232,45.52232],[1.00399,45.52284],[1.00593,45.52196],[1.00648,45.52098],[1.00593,45.5185],[1.00702,45.51557],[1.00611,45.51403],[1.00734,45.51183],[1.00904,45.51034]]]}},{"type":"Feature","id":"fr-commune-24482","properties":{"id":"fr-commune-24482","name":"Saint-Paul-Lizonne","kind":"commune","center":[0.2846,45.3169],"code":"24482","department":"24"},"bbox":[0.26485,45.29685,0.30433,45.33699],"geometry":{"type":"Polygon","coordinates":[[[0.26658,45.29801],[0.26742,45.30028],[0.2672,45.3022],[0.26972,45.30474],[0.26927,45.30651],[0.26979,45.30946],[0.26896,45.31227],[0.26896,45.31421],[0.27171,45.31566],[0.2691,45.31584],[0.26864,45.31774],[0.26897,45.31875],[0.26696,45.32285],[0.26652,45.32796],[0.26563,45.32947],[0.26554,45.3307],[0.26677,45.33153],[0.26621,45.33374],[0.26485,45.33467],[0.26648,45.33514],[0.26703,45.33412],[0.27125,45.33379],[0.27211,45.33338],[0.27622,45.33384],[0.27907,45.33492],[0.28134,45.33535],[0.28406,45.3363],[0.28505,45.33699],[0.29083,45.33646],[0.29082,45.33526],[0.29156,45.33413],[0.29488,45.33372],[0.29715,45.33245],[0.30003,45.33132],[0.30148,45.32981],[0.30245,45.32982],[0.30086,45.32885],[0.29919,45.32857],[0.29723,45.32434],[0.29422,45.32393],[0.29195,45.32265],[0.29159,45.32132],[0.29407,45.3197],[0.29391,45.31898],[0.29595,45.31759],[0.29806,45.31736],[0.29581,45.31519],[0.2988,45.31302],[0.29861,45.31231],[0.2999,45.31052],[0.30231,45.30997],[0.30327,45.30865],[0.3042,45.30649],[0.30433,45.30495],[0.30358,45.30399],[0.30183,45.30356],[0.29957,45.30247],[0.29729,45.30264],[0.29501,45.30098],[0.28829,45.30049],[0.28807,45.30123],[0.28607,45.30067],[0.28485,45.301],[0.28255,45.29997],[0.2761,45.2982],[0.2739,45.29792],[0.27109,45.29685],[0.26807,45.29726],[0.26658,45.29801]]]}},{"type":"Feature","id":"fr-commune-24483","properties":{"id":"fr-commune-24483","name":"Saint-Perdoux","kind":"commune","center":[0.5291,44.7355],"code":"24483","department":"24"},"bbox":[0.50267,44.72284,0.55607,44.74826],"geometry":{"type":"Polygon","coordinates":[[[0.51207,44.73071],[0.51111,44.73158],[0.50991,44.73357],[0.50814,44.7358],[0.50536,44.73818],[0.50267,44.73829],[0.50332,44.74067],[0.50604,44.74247],[0.50789,44.74256],[0.50891,44.74368],[0.51107,44.74469],[0.51483,44.74689],[0.51768,44.74621],[0.52007,44.7449],[0.52118,44.74548],[0.52654,44.74429],[0.52925,44.74435],[0.5326,44.74523],[0.53611,44.74727],[0.53861,44.74713],[0.54028,44.74805],[0.54532,44.74728],[0.54771,44.74826],[0.54974,44.7482],[0.549,44.74735],[0.54997,44.74639],[0.55191,44.7456],[0.55401,44.74363],[0.55479,44.74168],[0.55607,44.73981],[0.55513,44.73964],[0.55397,44.73644],[0.55247,44.73628],[0.54999,44.73487],[0.54866,44.73462],[0.54546,44.73588],[0.54374,44.73577],[0.54265,44.73504],[0.54797,44.73024],[0.54941,44.72666],[0.54741,44.72664],[0.54543,44.72789],[0.5434,44.72766],[0.54138,44.72629],[0.54047,44.72483],[0.5368,44.72284],[0.53459,44.72304],[0.53162,44.72494],[0.52683,44.72481],[0.52157,44.72696],[0.51827,44.72743],[0.51405,44.72753],[0.51413,44.72996],[0.51207,44.73071]]]}},{"type":"Feature","id":"fr-commune-24484","properties":{"id":"fr-commune-24484","name":"Saint-Pierre-de-Chignac","kind":"commune","center":[0.86,45.1127],"code":"24484","department":"24"},"bbox":[0.83314,45.08628,0.88688,45.13903],"geometry":{"type":"Polygon","coordinates":[[[0.88659,45.09839],[0.8844,45.09725],[0.88321,45.09588],[0.88179,45.0954],[0.88105,45.09342],[0.8796,45.09213],[0.87955,45.09118],[0.88079,45.09035],[0.88163,45.08662],[0.87863,45.08643],[0.87588,45.08717],[0.87562,45.08628],[0.87381,45.08631],[0.87048,45.08726],[0.86829,45.0876],[0.86515,45.08708],[0.8623,45.08812],[0.8622,45.08868],[0.8596,45.09067],[0.85689,45.09098],[0.85406,45.09178],[0.84968,45.0918],[0.84584,45.09019],[0.84419,45.09009],[0.84124,45.09059],[0.84083,45.09272],[0.83987,45.09523],[0.83895,45.09553],[0.83795,45.0973],[0.8365,45.09797],[0.83544,45.1002],[0.83529,45.10196],[0.83314,45.10555],[0.83712,45.10671],[0.84123,45.11021],[0.84329,45.11066],[0.84586,45.11206],[0.84672,45.1141],[0.8479,45.11583],[0.84806,45.11711],[0.84918,45.11865],[0.84884,45.11978],[0.85016,45.1221],[0.84796,45.12267],[0.8504,45.12446],[0.85038,45.12789],[0.85086,45.13028],[0.85304,45.1325],[0.85427,45.13291],[0.85805,45.13521],[0.86015,45.13524],[0.86143,45.13668],[0.86307,45.13786],[0.86272,45.13903],[0.87183,45.13897],[0.88138,45.13583],[0.88171,45.13586],[0.88161,45.13431],[0.88014,45.13168],[0.88035,45.12867],[0.87913,45.12565],[0.87884,45.12224],[0.88063,45.12134],[0.88244,45.11958],[0.88495,45.1177],[0.88487,45.11649],[0.88171,45.11253],[0.88064,45.11152],[0.87924,45.10851],[0.88396,45.1059],[0.88314,45.10534],[0.88363,45.10398],[0.88346,45.10275],[0.88688,45.09911],[0.88659,45.09839]]]}},{"type":"Feature","id":"fr-commune-24485","properties":{"id":"fr-commune-24485","name":"Saint-Pierre-de-Côle","kind":"commune","center":[0.8076655120771583,45.38084106525524],"code":"24485","department":"24"},"bbox":[0.77281,45.3438,0.85844,45.40992],"geometry":{"type":"Polygon","coordinates":[[[0.85844,45.39277],[0.85833,45.39184],[0.85627,45.38752],[0.85365,45.3838],[0.8489,45.38382],[0.84895,45.38207],[0.8454,45.38184],[0.84265,45.38073],[0.83933,45.37883],[0.83274,45.37791],[0.8295,45.37465],[0.83135,45.37383],[0.8285,45.37224],[0.82604,45.37371],[0.82309,45.37625],[0.82013,45.37702],[0.81498,45.37801],[0.81359,45.37862],[0.81295,45.37649],[0.81405,45.37369],[0.8152,45.37246],[0.81344,45.37199],[0.81414,45.37093],[0.81277,45.36974],[0.81093,45.36973],[0.80417,45.36591],[0.80832,45.36374],[0.80784,45.36329],[0.80559,45.35784],[0.80434,45.35235],[0.80269,45.34945],[0.80263,45.34578],[0.8029,45.34521],[0.80208,45.34529],[0.80054,45.34394],[0.79678,45.3438],[0.79613,45.3448],[0.79365,45.34685],[0.78855,45.34811],[0.78591,45.34923],[0.78264,45.35],[0.78195,45.35674],[0.78039,45.35775],[0.78018,45.35929],[0.77801,45.36189],[0.77599,45.36378],[0.77537,45.36541],[0.774,45.36608],[0.774,45.36679],[0.77281,45.36875],[0.77379,45.36943],[0.77512,45.36936],[0.77948,45.37082],[0.78288,45.37289],[0.78531,45.37548],[0.788,45.37753],[0.78783,45.38225],[0.78723,45.38535],[0.7868,45.38614],[0.7869,45.38861],[0.78642,45.38979],[0.78964,45.39348],[0.79096,45.39387],[0.78976,45.39659],[0.78687,45.39819],[0.78597,45.39976],[0.78513,45.40222],[0.78569,45.40455],[0.78754,45.40601],[0.79193,45.40735],[0.79398,45.40696],[0.79667,45.40819],[0.79935,45.40754],[0.80751,45.40992],[0.80725,45.40831],[0.80874,45.40653],[0.80997,45.40642],[0.80989,45.40527],[0.813,45.40387],[0.81417,45.40216],[0.81568,45.40195],[0.82004,45.40313],[0.82158,45.40514],[0.82295,45.40515],[0.82446,45.40369],[0.82751,45.40275],[0.8283,45.40163],[0.83062,45.40066],[0.83026,45.39967],[0.83169,45.39579],[0.83284,45.39449],[0.8363,45.39278],[0.83882,45.38949],[0.84225,45.39146],[0.84388,45.39349],[0.84577,45.39229],[0.84742,45.39177],[0.8509,45.39184],[0.85432,45.3923],[0.85668,45.39227],[0.85844,45.39277]]]}},{"type":"Feature","id":"fr-commune-24486","properties":{"id":"fr-commune-24486","name":"Saint-Pierre-de-Frugie","kind":"commune","center":[1.007,45.5875],"code":"24486","department":"24"},"bbox":[0.97217,45.55973,1.04207,45.61431],"geometry":{"type":"Polygon","coordinates":[[[1.00607,45.56189],[1.00484,45.56397],[1.00267,45.56608],[0.99745,45.56402],[0.99595,45.56315],[0.99441,45.56299],[0.99282,45.56346],[0.99004,45.56508],[0.9887,45.5651],[0.98622,45.56325],[0.98325,45.56222],[0.97691,45.56224],[0.97649,45.56462],[0.97286,45.56872],[0.97223,45.56988],[0.97217,45.57283],[0.97291,45.5745],[0.97747,45.58344],[0.97738,45.58645],[0.97569,45.58977],[0.97965,45.59093],[0.98327,45.59239],[0.98514,45.59273],[0.98393,45.59511],[0.98454,45.59763],[0.98602,45.5981],[0.98413,45.59947],[0.98549,45.6019],[0.98841,45.60245],[0.98982,45.60322],[0.99214,45.60322],[0.99366,45.60387],[0.99227,45.6047],[0.98935,45.6075],[0.99131,45.60867],[0.99345,45.60919],[0.99471,45.61023],[0.9952,45.61226],[0.99616,45.61429],[0.99796,45.61431],[0.99908,45.61232],[1.0014,45.61209],[1.00483,45.61055],[1.00644,45.6103],[1.01273,45.61011],[1.01742,45.61132],[1.0184,45.61132],[1.02325,45.61008],[1.02398,45.60583],[1.02551,45.60351],[1.02742,45.60151],[1.02966,45.6014],[1.03584,45.60021],[1.03448,45.59848],[1.03479,45.59592],[1.03344,45.59361],[1.03379,45.592],[1.03765,45.59095],[1.03771,45.58912],[1.03954,45.58752],[1.04207,45.58598],[1.03891,45.58428],[1.03712,45.58394],[1.03626,45.58254],[1.03453,45.58072],[1.03242,45.57957],[1.03468,45.57892],[1.03547,45.57595],[1.03449,45.57471],[1.03469,45.57389],[1.03618,45.57299],[1.03645,45.57174],[1.03784,45.57001],[1.03526,45.5685],[1.03357,45.56595],[1.03297,45.56329],[1.03089,45.56299],[1.0262,45.56087],[1.02476,45.55973],[1.02261,45.56068],[1.0143,45.56145],[1.01308,45.56328],[1.01215,45.56358],[1.01083,45.56281],[1.00607,45.56189]]]}},{"type":"Feature","id":"fr-commune-24487","properties":{"id":"fr-commune-24487","name":"Saint-Pierre-d'Eyraud","kind":"commune","center":[0.3209,44.8776],"code":"24487","department":"24"},"bbox":[0.28796,44.8397,0.35383,44.91557],"geometry":{"type":"Polygon","coordinates":[[[0.32193,44.91557],[0.32445,44.91502],[0.32719,44.91484],[0.33053,44.9074],[0.33264,44.90648],[0.33818,44.90638],[0.3363,44.90461],[0.33697,44.90154],[0.33443,44.90015],[0.33154,44.89481],[0.33157,44.89332],[0.33231,44.89153],[0.33434,44.88923],[0.33526,44.88735],[0.33544,44.8856],[0.33884,44.88489],[0.34125,44.88356],[0.34282,44.88168],[0.34322,44.87808],[0.34479,44.87555],[0.34638,44.87233],[0.35293,44.8636],[0.35336,44.86277],[0.35372,44.85834],[0.35383,44.85471],[0.35126,44.85347],[0.35017,44.85224],[0.34903,44.84988],[0.34774,44.84393],[0.34701,44.84279],[0.34339,44.84036],[0.34137,44.84],[0.33199,44.8397],[0.32688,44.83976],[0.32355,44.84015],[0.32074,44.84116],[0.31881,44.84235],[0.31512,44.84542],[0.31166,44.84782],[0.30949,44.85083],[0.30782,44.85199],[0.30172,44.8551],[0.30139,44.85579],[0.29802,44.85763],[0.29473,44.85969],[0.28796,44.86328],[0.28965,44.86545],[0.29224,44.86568],[0.29246,44.86618],[0.28979,44.86845],[0.28878,44.86877],[0.28896,44.87031],[0.29118,44.87243],[0.29234,44.87396],[0.2939,44.87482],[0.29553,44.87519],[0.29555,44.87683],[0.29661,44.87858],[0.29679,44.88051],[0.29751,44.88091],[0.30001,44.8806],[0.30308,44.87968],[0.30427,44.88026],[0.30328,44.88207],[0.30398,44.88336],[0.3061,44.88321],[0.30654,44.8849],[0.30776,44.88697],[0.30661,44.88756],[0.30287,44.88836],[0.30183,44.88979],[0.30221,44.89093],[0.30051,44.89314],[0.30059,44.89364],[0.30358,44.89451],[0.30298,44.89524],[0.30225,44.89802],[0.30061,44.89931],[0.30019,44.90081],[0.29904,44.90139],[0.29938,44.90361],[0.30133,44.90406],[0.3014,44.90508],[0.30256,44.90624],[0.30608,44.90844],[0.30918,44.91075],[0.31517,44.91372],[0.31588,44.91494],[0.31684,44.91463],[0.32193,44.91557]]]}},{"type":"Feature","id":"fr-commune-24488","properties":{"id":"fr-commune-24488","name":"Saint-Pompon","kind":"commune","center":[1.1388,44.7126],"code":"24488","department":"24"},"bbox":[1.10216,44.67202,1.17545,44.75321],"geometry":{"type":"Polygon","coordinates":[[[1.15821,44.74948],[1.15826,44.74829],[1.1575,44.7449],[1.15765,44.74259],[1.15724,44.74142],[1.1573,44.73886],[1.16093,44.73637],[1.16391,44.73568],[1.16574,44.73579],[1.16728,44.73477],[1.16744,44.73302],[1.17015,44.7302],[1.17202,44.72908],[1.17316,44.72977],[1.17294,44.72605],[1.17374,44.72451],[1.17545,44.7223],[1.17466,44.72156],[1.17277,44.71851],[1.17182,44.71767],[1.17108,44.71552],[1.16685,44.71273],[1.16659,44.71194],[1.16414,44.71211],[1.16287,44.71147],[1.15916,44.71163],[1.15797,44.71062],[1.15407,44.71078],[1.15239,44.71055],[1.15189,44.70923],[1.15175,44.70467],[1.15011,44.70426],[1.14824,44.70308],[1.14759,44.6958],[1.14725,44.69364],[1.14436,44.69205],[1.14094,44.68878],[1.13739,44.68566],[1.13692,44.6823],[1.13779,44.67912],[1.14061,44.6772],[1.14295,44.67743],[1.14488,44.67643],[1.1427,44.67202],[1.13868,44.67213],[1.13371,44.67413],[1.12987,44.6774],[1.12504,44.67939],[1.11521,44.68103],[1.11342,44.68103],[1.1075,44.68158],[1.10521,44.68245],[1.10545,44.68316],[1.10481,44.68553],[1.10353,44.68696],[1.10216,44.69092],[1.10388,44.69572],[1.10604,44.70041],[1.10754,44.70276],[1.10757,44.70486],[1.11079,44.70747],[1.10996,44.70999],[1.11152,44.71422],[1.10965,44.71724],[1.10917,44.71984],[1.1079,44.72175],[1.10852,44.72212],[1.10903,44.72432],[1.11188,44.72714],[1.11559,44.72932],[1.11572,44.73001],[1.1212,44.7309],[1.12345,44.73229],[1.12392,44.73309],[1.12807,44.73343],[1.12975,44.73482],[1.13089,44.73523],[1.12888,44.73688],[1.12793,44.73893],[1.1268,44.74017],[1.12441,44.74188],[1.12196,44.74631],[1.12174,44.74771],[1.12423,44.74834],[1.12919,44.74893],[1.13293,44.75038],[1.13413,44.75042],[1.13673,44.75119],[1.13789,44.7519],[1.13816,44.75283],[1.13957,44.75321],[1.1408,44.75292],[1.14491,44.75062],[1.14816,44.75033],[1.15084,44.75044],[1.15393,44.74985],[1.15821,44.74948]]]}},{"type":"Feature","id":"fr-commune-24489","properties":{"id":"fr-commune-24489","name":"Saint-Priest-les-Fougères","kind":"commune","center":[1.0275,45.5402],"code":"24489","department":"24"},"bbox":[0.98729,45.51034,1.06773,45.57001],"geometry":{"type":"Polygon","coordinates":[[[0.99087,45.52479],[0.99024,45.52746],[0.99098,45.52875],[0.99356,45.53047],[0.99183,45.5314],[0.99049,45.53296],[0.98928,45.53344],[0.98881,45.53455],[0.98729,45.53572],[0.98828,45.53699],[0.98733,45.53833],[0.9886,45.53911],[0.98808,45.54075],[0.98892,45.54304],[0.99221,45.54517],[0.99349,45.54545],[0.99369,45.54695],[0.99805,45.54938],[1.00025,45.55107],[1.00129,45.55237],[1.00388,45.55283],[1.00566,45.55505],[1.00475,45.55722],[1.00455,45.55868],[1.00656,45.56019],[1.00607,45.56189],[1.01083,45.56281],[1.01215,45.56358],[1.01308,45.56328],[1.0143,45.56145],[1.02261,45.56068],[1.02476,45.55973],[1.0262,45.56087],[1.03089,45.56299],[1.03297,45.56329],[1.03357,45.56595],[1.03526,45.5685],[1.03784,45.57001],[1.0378,45.56874],[1.03989,45.56701],[1.04063,45.56553],[1.04383,45.56489],[1.04725,45.56276],[1.04686,45.55962],[1.04548,45.55835],[1.04544,45.55731],[1.04711,45.55693],[1.0525,45.55654],[1.05439,45.55499],[1.05948,45.55387],[1.06142,45.55439],[1.06292,45.55266],[1.06435,45.5488],[1.06568,45.54636],[1.06773,45.5448],[1.06357,45.54381],[1.05922,45.54103],[1.05484,45.54035],[1.05129,45.53917],[1.04883,45.53793],[1.04941,45.53252],[1.0448,45.53147],[1.04226,45.53115],[1.04164,45.52945],[1.04051,45.52783],[1.04022,45.52455],[1.03908,45.52373],[1.03616,45.52313],[1.03465,45.5242],[1.03169,45.524],[1.03017,45.52321],[1.02601,45.52297],[1.0256,45.52185],[1.02624,45.51952],[1.02691,45.51866],[1.02678,45.51529],[1.02277,45.51525],[1.02081,45.51587],[1.01823,45.51566],[1.01553,45.51351],[1.01369,45.51396],[1.01246,45.51182],[1.01084,45.51149],[1.00904,45.51034],[1.00734,45.51183],[1.00611,45.51403],[1.00702,45.51557],[1.00593,45.5185],[1.00648,45.52098],[1.00593,45.52196],[1.00399,45.52284],[1.00232,45.52232],[0.99229,45.52438],[0.99087,45.52479]]]}},{"type":"Feature","id":"fr-commune-24490","properties":{"id":"fr-commune-24490","name":"Saint Privat en Périgord","kind":"commune","center":[0.2058,45.2266],"code":"24490","department":"24"},"bbox":[0.14458,45.18931,0.26709,45.2636],"geometry":{"type":"Polygon","coordinates":[[[0.25193,45.19887],[0.2483,45.19925],[0.24473,45.20019],[0.24121,45.20034],[0.23415,45.20032],[0.23309,45.19848],[0.23253,45.19574],[0.23369,45.19297],[0.23378,45.19125],[0.23281,45.19085],[0.22966,45.19179],[0.22738,45.19014],[0.22505,45.19034],[0.22374,45.18931],[0.2218,45.19114],[0.21974,45.19151],[0.21961,45.19256],[0.21822,45.19326],[0.21321,45.19439],[0.21245,45.19594],[0.21015,45.19777],[0.2083,45.19771],[0.20748,45.19656],[0.20514,45.19705],[0.20244,45.19877],[0.19762,45.1984],[0.19541,45.19991],[0.19657,45.20182],[0.19381,45.20281],[0.19346,45.2057],[0.19171,45.20567],[0.18941,45.20645],[0.18753,45.20835],[0.18769,45.21028],[0.18631,45.21164],[0.18304,45.21298],[0.18244,45.20962],[0.18143,45.20839],[0.17827,45.20852],[0.17738,45.2065],[0.17656,45.20664],[0.1744,45.20515],[0.17156,45.20404],[0.17222,45.20543],[0.17096,45.20643],[0.16801,45.20806],[0.16708,45.20754],[0.16444,45.20793],[0.16307,45.2073],[0.16263,45.20889],[0.16173,45.21003],[0.16031,45.21044],[0.15917,45.21165],[0.15803,45.21196],[0.1569,45.21325],[0.15548,45.21389],[0.15246,45.21417],[0.15196,45.21566],[0.1524,45.21673],[0.1504,45.21736],[0.14758,45.21613],[0.14521,45.21466],[0.14458,45.21734],[0.14476,45.21905],[0.14586,45.22146],[0.14666,45.22442],[0.14749,45.2252],[0.14944,45.22535],[0.15167,45.22499],[0.15727,45.22626],[0.15855,45.22567],[0.15985,45.2266],[0.15938,45.22767],[0.16245,45.2306],[0.16463,45.22982],[0.16616,45.2316],[0.16549,45.2319],[0.16694,45.23388],[0.16983,45.23577],[0.17213,45.2391],[0.17236,45.24036],[0.16925,45.24301],[0.17078,45.24615],[0.1715,45.24924],[0.17268,45.24998],[0.17224,45.25187],[0.17803,45.25434],[0.17544,45.257],[0.17498,45.25871],[0.17474,45.26142],[0.17653,45.26147],[0.17922,45.25981],[0.18143,45.26014],[0.18375,45.25989],[0.18549,45.26026],[0.18848,45.25871],[0.19114,45.26271],[0.19333,45.26188],[0.19547,45.26215],[0.20023,45.26117],[0.20027,45.2616],[0.20308,45.26256],[0.20437,45.2636],[0.20512,45.26204],[0.20777,45.26154],[0.20845,45.26033],[0.21123,45.25976],[0.21227,45.25914],[0.21387,45.25909],[0.21812,45.25495],[0.22188,45.25187],[0.222,45.24915],[0.22161,45.24835],[0.22736,45.24695],[0.22878,45.24582],[0.23223,45.24516],[0.23334,45.24448],[0.23197,45.24301],[0.23096,45.24076],[0.23263,45.24047],[0.23621,45.24046],[0.23749,45.24084],[0.23898,45.24157],[0.24375,45.24208],[0.24394,45.24153],[0.24856,45.2407],[0.25016,45.24159],[0.25068,45.24019],[0.25266,45.24025],[0.2539,45.24112],[0.25603,45.24113],[0.25665,45.24272],[0.25808,45.24358],[0.25952,45.24384],[0.26072,45.24218],[0.26413,45.24208],[0.26176,45.23886],[0.2584,45.23497],[0.26134,45.23283],[0.26323,45.23194],[0.26379,45.23087],[0.26597,45.22928],[0.26709,45.22899],[0.26472,45.22577],[0.26307,45.22427],[0.26161,45.22199],[0.2607,45.21993],[0.25996,45.21701],[0.2584,45.21485],[0.25665,45.21154],[0.25648,45.2106],[0.25722,45.20888],[0.26014,45.205],[0.25417,45.20404],[0.25335,45.2044],[0.25192,45.20204],[0.25193,45.19887]]]}},{"type":"Feature","id":"fr-commune-24491","properties":{"id":"fr-commune-24491","name":"Saint-Rabier","kind":"commune","center":[1.1384,45.1744],"code":"24491","department":"24"},"bbox":[1.09977,45.15035,1.17701,45.19843],"geometry":{"type":"Polygon","coordinates":[[[1.14051,45.19802],[1.14156,45.19843],[1.14372,45.19609],[1.14655,45.1952],[1.1481,45.1951],[1.1516,45.19332],[1.15378,45.19129],[1.15464,45.1899],[1.15836,45.18652],[1.1595,45.18473],[1.16315,45.18231],[1.16446,45.18228],[1.16632,45.18515],[1.16855,45.18545],[1.17005,45.18433],[1.17236,45.18164],[1.17239,45.18038],[1.17506,45.17722],[1.17466,45.17584],[1.17486,45.1742],[1.17367,45.17331],[1.17412,45.1726],[1.17249,45.17037],[1.17398,45.16899],[1.17443,45.16709],[1.17617,45.16624],[1.17617,45.16393],[1.17676,45.16321],[1.17701,45.16258],[1.17529,45.16084],[1.17527,45.15994],[1.17395,45.15929],[1.17415,45.15769],[1.17353,45.15626],[1.17123,45.15535],[1.16924,45.15327],[1.16772,45.15257],[1.1647,45.15376],[1.16458,45.15288],[1.16302,45.15203],[1.16179,45.15342],[1.16055,45.1531],[1.16122,45.15035],[1.15614,45.15201],[1.15306,45.15258],[1.14819,45.15382],[1.14454,45.15391],[1.14209,45.15245],[1.14042,45.15206],[1.13905,45.15239],[1.13764,45.15302],[1.13475,45.15508],[1.13355,45.15652],[1.13422,45.15779],[1.13621,45.15901],[1.13543,45.16102],[1.13501,45.16338],[1.13332,45.16525],[1.13471,45.16674],[1.13306,45.16749],[1.13083,45.16997],[1.13144,45.17047],[1.13037,45.17217],[1.12746,45.17455],[1.12822,45.17651],[1.1282,45.17886],[1.12722,45.17948],[1.1271,45.18051],[1.1281,45.18155],[1.12676,45.18213],[1.12378,45.18237],[1.12131,45.18135],[1.11979,45.18006],[1.11855,45.1797],[1.11651,45.17804],[1.11438,45.17693],[1.11269,45.17756],[1.11139,45.17715],[1.109,45.17805],[1.10794,45.17893],[1.10838,45.18055],[1.10616,45.18049],[1.10619,45.1813],[1.10122,45.18232],[1.10003,45.18521],[1.09977,45.18676],[1.10097,45.18886],[1.10326,45.19123],[1.1045,45.1929],[1.10896,45.19249],[1.11147,45.19141],[1.11578,45.18999],[1.11776,45.18973],[1.11988,45.1921],[1.12079,45.19206],[1.12252,45.19021],[1.12452,45.19002],[1.12707,45.18924],[1.13112,45.19025],[1.13246,45.19242],[1.1345,45.19493],[1.13665,45.19584],[1.13819,45.19695],[1.14051,45.19802]]]}},{"type":"Feature","id":"fr-commune-24492","properties":{"id":"fr-commune-24492","name":"Sainte-Radegonde","kind":"commune","center":[0.6766,44.6857],"code":"24492","department":"24"},"bbox":[0.65579,44.67529,0.69735,44.69612],"geometry":{"type":"Polygon","coordinates":[[[0.69615,44.67702],[0.69371,44.67697],[0.69208,44.67658],[0.68549,44.67638],[0.68548,44.67572],[0.68442,44.67529],[0.68181,44.6756],[0.67835,44.67799],[0.67785,44.67735],[0.6757,44.6782],[0.6718,44.67882],[0.67062,44.67951],[0.66954,44.67903],[0.66965,44.67801],[0.66755,44.67713],[0.66503,44.67745],[0.66096,44.67725],[0.6602,44.67626],[0.65746,44.67761],[0.65763,44.67899],[0.65883,44.68024],[0.65855,44.68207],[0.65751,44.68329],[0.65718,44.68796],[0.65579,44.69012],[0.65785,44.69031],[0.66,44.68987],[0.66485,44.68933],[0.66833,44.68846],[0.67089,44.68908],[0.67172,44.68965],[0.6708,44.69085],[0.67182,44.69156],[0.67517,44.69311],[0.67711,44.69232],[0.67855,44.69612],[0.68086,44.69575],[0.68187,44.69502],[0.68619,44.69486],[0.68822,44.69103],[0.69031,44.69192],[0.69394,44.69081],[0.69578,44.69144],[0.69735,44.68952],[0.69605,44.6866],[0.69538,44.68426],[0.69348,44.68179],[0.69601,44.67897],[0.69531,44.67866],[0.69615,44.67702]]]}},{"type":"Feature","id":"fr-commune-24493","properties":{"id":"fr-commune-24493","name":"Saint-Raphaël","kind":"commune","center":[1.0712,45.3036],"code":"24493","department":"24"},"bbox":[1.04761,45.28869,1.09469,45.31846],"geometry":{"type":"Polygon","coordinates":[[[1.04761,45.30265],[1.04903,45.30379],[1.0529,45.30565],[1.05526,45.30849],[1.05508,45.30947],[1.05609,45.31332],[1.05519,45.31423],[1.05715,45.31446],[1.05879,45.31644],[1.06165,45.31846],[1.06187,45.31816],[1.06899,45.31728],[1.07071,45.31689],[1.07308,45.31523],[1.07467,45.31497],[1.07762,45.31456],[1.07978,45.31476],[1.08371,45.3156],[1.08709,45.31569],[1.08901,45.31489],[1.09019,45.31378],[1.09223,45.31289],[1.08797,45.31187],[1.08953,45.30943],[1.09076,45.3087],[1.09301,45.30517],[1.09302,45.29967],[1.09233,45.2979],[1.09038,45.29816],[1.0918,45.296],[1.09461,45.29349],[1.09419,45.29277],[1.09469,45.29128],[1.09386,45.29078],[1.0925,45.28869],[1.08994,45.28998],[1.08648,45.29037],[1.08437,45.29077],[1.08415,45.2916],[1.08129,45.29214],[1.07266,45.29312],[1.07078,45.29365],[1.06696,45.29423],[1.06252,45.29598],[1.0618,45.29755],[1.05655,45.29963],[1.05465,45.30215],[1.05247,45.30221],[1.05096,45.30164],[1.04997,45.30244],[1.04761,45.30265]]]}},{"type":"Feature","id":"fr-commune-24494","properties":{"id":"fr-commune-24494","name":"Saint-Rémy","kind":"commune","center":[0.1875,44.9532],"code":"24494","department":"24"},"bbox":[0.13966,44.92855,0.23532,44.97778],"geometry":{"type":"Polygon","coordinates":[[[0.19054,44.93542],[0.18741,44.93439],[0.18534,44.93504],[0.18508,44.9382],[0.18327,44.93921],[0.18232,44.93872],[0.17874,44.93808],[0.17789,44.93693],[0.17529,44.93614],[0.17441,44.93622],[0.17302,44.93526],[0.17307,44.93457],[0.17144,44.93367],[0.17137,44.9325],[0.16807,44.93058],[0.16648,44.93086],[0.16408,44.93053],[0.16312,44.92939],[0.16017,44.92985],[0.15868,44.92933],[0.15716,44.92953],[0.15606,44.92867],[0.15464,44.92855],[0.15329,44.92908],[0.15171,44.93038],[0.15218,44.93152],[0.15085,44.93186],[0.15073,44.9331],[0.15165,44.93367],[0.15237,44.93513],[0.15555,44.93586],[0.15422,44.93754],[0.15443,44.9383],[0.15612,44.93943],[0.15819,44.93964],[0.15818,44.94098],[0.156,44.94233],[0.15343,44.94286],[0.15176,44.94412],[0.14923,44.94475],[0.14833,44.94553],[0.1446,44.94586],[0.13966,44.94875],[0.14089,44.95109],[0.14059,44.95242],[0.14162,44.95361],[0.14102,44.95459],[0.14113,44.95598],[0.14345,44.96048],[0.14596,44.96375],[0.14638,44.96845],[0.14751,44.97227],[0.15122,44.97309],[0.15717,44.97303],[0.16466,44.97353],[0.16609,44.97488],[0.16876,44.9755],[0.17338,44.97581],[0.17389,44.97738],[0.17841,44.97778],[0.18213,44.97691],[0.18486,44.9766],[0.18772,44.97556],[0.1894,44.97525],[0.19034,44.97427],[0.19184,44.9736],[0.19377,44.9715],[0.19764,44.96945],[0.1995,44.96803],[0.2052,44.96598],[0.21082,44.96561],[0.21375,44.96694],[0.21647,44.9676],[0.22178,44.96665],[0.22679,44.96708],[0.23056,44.96806],[0.23412,44.96554],[0.23474,44.96471],[0.23532,44.96128],[0.23421,44.96089],[0.23396,44.95983],[0.22585,44.95949],[0.22246,44.95811],[0.21912,44.95757],[0.21857,44.95701],[0.21611,44.95659],[0.21707,44.95555],[0.21596,44.95409],[0.21342,44.95302],[0.21285,44.95201],[0.21069,44.95092],[0.20844,44.95042],[0.20836,44.94916],[0.20635,44.94732],[0.20311,44.94614],[0.20263,44.94439],[0.20141,44.94284],[0.19865,44.94145],[0.19619,44.9391],[0.19466,44.93893],[0.1925,44.93973],[0.19124,44.93907],[0.19152,44.9377],[0.19054,44.93542]]]}},{"type":"Feature","id":"fr-commune-24495","properties":{"id":"fr-commune-24495","name":"Saint-Romain-de-Monpazier","kind":"commune","center":[0.8839,44.7209],"code":"24495","department":"24"},"bbox":[0.85146,44.70946,0.9161,44.73242],"geometry":{"type":"Polygon","coordinates":[[[0.91573,44.72295],[0.91511,44.72114],[0.91505,44.71878],[0.9161,44.7183],[0.91545,44.71576],[0.91353,44.71456],[0.91193,44.71421],[0.90815,44.71257],[0.90578,44.71253],[0.90393,44.71287],[0.89774,44.71286],[0.89662,44.71243],[0.89354,44.7123],[0.89032,44.71141],[0.88575,44.71139],[0.88396,44.70984],[0.87946,44.70946],[0.87841,44.70999],[0.87628,44.71021],[0.87138,44.71014],[0.87029,44.71108],[0.86786,44.71121],[0.86663,44.71199],[0.86448,44.71416],[0.86385,44.71568],[0.86227,44.71642],[0.85935,44.71725],[0.85702,44.71936],[0.85611,44.72076],[0.85501,44.72113],[0.8527,44.72338],[0.85146,44.72594],[0.85224,44.72646],[0.85536,44.7268],[0.8576,44.72856],[0.85855,44.73106],[0.85963,44.73069],[0.86415,44.73052],[0.86552,44.73242],[0.86803,44.73144],[0.87284,44.73106],[0.87349,44.73128],[0.87555,44.73029],[0.87911,44.72943],[0.88122,44.72811],[0.88487,44.72612],[0.88818,44.72498],[0.89044,44.72479],[0.89344,44.72373],[0.89533,44.72378],[0.89719,44.72266],[0.90034,44.72249],[0.90244,44.722],[0.90689,44.72353],[0.90992,44.72232],[0.91176,44.72214],[0.91525,44.72312],[0.91573,44.72295]]]}},{"type":"Feature","id":"fr-commune-24496","properties":{"id":"fr-commune-24496","name":"Saint-Romain-et-Saint-Clément","kind":"commune","center":[0.873,45.4274],"code":"24496","department":"24"},"bbox":[0.84782,45.39458,0.89817,45.46013],"geometry":{"type":"Polygon","coordinates":[[[0.85171,45.43132],[0.85262,45.43264],[0.85493,45.43364],[0.8577,45.43546],[0.85997,45.43609],[0.86406,45.43863],[0.86535,45.44026],[0.86592,45.44296],[0.86728,45.44287],[0.86905,45.44164],[0.87212,45.44332],[0.87425,45.44412],[0.87437,45.44802],[0.87495,45.45464],[0.87415,45.45684],[0.87396,45.45973],[0.87715,45.46013],[0.88168,45.46013],[0.88334,45.45895],[0.88664,45.45894],[0.88672,45.45729],[0.88418,45.45482],[0.88557,45.45361],[0.88605,45.45227],[0.88761,45.45174],[0.88832,45.45089],[0.88746,45.44898],[0.88825,45.44857],[0.88998,45.44906],[0.89098,45.44732],[0.89176,45.44504],[0.89173,45.4438],[0.89342,45.44215],[0.89289,45.44005],[0.89324,45.43879],[0.89545,45.43808],[0.89817,45.43811],[0.89786,45.43701],[0.89525,45.43639],[0.89392,45.43544],[0.89058,45.4367],[0.88897,45.43624],[0.88763,45.4337],[0.88562,45.43293],[0.88426,45.43185],[0.88271,45.43249],[0.88221,45.43094],[0.88117,45.42991],[0.88234,45.42818],[0.88298,45.42643],[0.88586,45.42641],[0.88726,45.42566],[0.88636,45.42282],[0.88729,45.41981],[0.88613,45.41841],[0.88696,45.41711],[0.88724,45.41392],[0.88802,45.4134],[0.88835,45.40716],[0.88576,45.40724],[0.88354,45.40517],[0.88299,45.40405],[0.8831,45.40164],[0.88382,45.401],[0.87732,45.39782],[0.87239,45.39715],[0.8692,45.39588],[0.86575,45.39517],[0.86401,45.39458],[0.86243,45.39628],[0.85737,45.39783],[0.85521,45.39896],[0.85364,45.39835],[0.85125,45.39825],[0.84782,45.39918],[0.84794,45.40061],[0.84895,45.40122],[0.8514,45.40435],[0.85203,45.40424],[0.85406,45.40674],[0.85647,45.40863],[0.85667,45.41003],[0.85543,45.41238],[0.8566,45.41298],[0.8573,45.41481],[0.8573,45.41694],[0.85781,45.41887],[0.85365,45.41895],[0.85118,45.41998],[0.85384,45.42112],[0.85299,45.42213],[0.85431,45.42268],[0.85419,45.42404],[0.85245,45.42675],[0.85613,45.42793],[0.85494,45.42997],[0.85291,45.43145],[0.85171,45.43132]]]}},{"type":"Feature","id":"fr-commune-24498","properties":{"id":"fr-commune-24498","name":"Saint-Saud-Lacoussière","kind":"commune","center":[0.8338,45.5348],"code":"24498","department":"24"},"bbox":[0.78346,45.47629,0.88417,45.59321],"geometry":{"type":"Polygon","coordinates":[[[0.88325,45.53334],[0.8822,45.53281],[0.88012,45.53091],[0.88087,45.52999],[0.88033,45.52789],[0.87829,45.52725],[0.87569,45.52508],[0.87735,45.52284],[0.88013,45.52165],[0.87978,45.51972],[0.87989,45.51744],[0.87852,45.5152],[0.87865,45.5142],[0.87741,45.51325],[0.87763,45.5121],[0.87657,45.5118],[0.87585,45.51005],[0.87454,45.50957],[0.8739,45.50853],[0.87206,45.50829],[0.87248,45.50743],[0.87176,45.50569],[0.87234,45.50383],[0.87079,45.50196],[0.86893,45.50149],[0.86886,45.50034],[0.86724,45.49962],[0.86506,45.49394],[0.86486,45.49194],[0.86359,45.49118],[0.86392,45.48934],[0.86213,45.48896],[0.86163,45.48808],[0.86248,45.48726],[0.86086,45.48648],[0.86115,45.48431],[0.85937,45.48237],[0.85856,45.48346],[0.85717,45.48396],[0.85335,45.48627],[0.85229,45.48896],[0.84895,45.48783],[0.84719,45.48782],[0.84703,45.48632],[0.84516,45.48464],[0.84257,45.48405],[0.84152,45.48153],[0.83968,45.48054],[0.83648,45.48131],[0.83261,45.48038],[0.83158,45.47842],[0.82786,45.47629],[0.82585,45.4788],[0.82607,45.48108],[0.82754,45.48321],[0.82741,45.4858],[0.82472,45.49118],[0.82008,45.49415],[0.82243,45.49733],[0.82427,45.49949],[0.82151,45.5008],[0.82209,45.5027],[0.82103,45.50436],[0.81813,45.50749],[0.81526,45.50961],[0.81029,45.51048],[0.80964,45.51275],[0.80501,45.51397],[0.80314,45.51493],[0.80052,45.51472],[0.79839,45.51348],[0.7962,45.51277],[0.7942,45.51309],[0.79308,45.51382],[0.78945,45.51434],[0.78848,45.51604],[0.78598,45.51718],[0.78536,45.51931],[0.78346,45.52132],[0.78435,45.5226],[0.7892,45.52594],[0.78895,45.52701],[0.79003,45.52748],[0.79166,45.52668],[0.79327,45.52654],[0.79694,45.52757],[0.79824,45.52847],[0.79825,45.53128],[0.79921,45.53235],[0.79896,45.534],[0.7992,45.53585],[0.80005,45.53708],[0.80169,45.53753],[0.80159,45.53828],[0.80281,45.53917],[0.80294,45.54029],[0.80203,45.54083],[0.80337,45.54404],[0.80116,45.54473],[0.80185,45.54553],[0.8015,45.54721],[0.80007,45.5491],[0.80039,45.55102],[0.80011,45.55269],[0.80187,45.55608],[0.80016,45.5597],[0.79955,45.56319],[0.80038,45.56673],[0.79832,45.56804],[0.79559,45.57248],[0.79642,45.57324],[0.79886,45.57399],[0.80266,45.57581],[0.80615,45.57628],[0.81108,45.57591],[0.81688,45.57597],[0.82221,45.57701],[0.82363,45.57748],[0.82619,45.57902],[0.82907,45.5804],[0.83266,45.58136],[0.83482,45.58123],[0.8398,45.58134],[0.84178,45.58198],[0.84403,45.58358],[0.84493,45.5859],[0.84882,45.59105],[0.84923,45.59321],[0.85212,45.59265],[0.85521,45.59298],[0.85707,45.59261],[0.85948,45.5926],[0.86183,45.59307],[0.86389,45.59206],[0.86471,45.59125],[0.86667,45.5907],[0.86842,45.58892],[0.86787,45.58819],[0.86964,45.58666],[0.86858,45.5847],[0.87009,45.58346],[0.87175,45.58428],[0.87267,45.58404],[0.87207,45.58254],[0.86857,45.58112],[0.86747,45.58018],[0.86731,45.57902],[0.86867,45.57672],[0.86922,45.575],[0.87038,45.57326],[0.87242,45.57312],[0.87486,45.5741],[0.87497,45.57282],[0.87433,45.57178],[0.87162,45.5718],[0.86885,45.57141],[0.86551,45.56938],[0.86405,45.5688],[0.86348,45.56757],[0.86448,45.56619],[0.86925,45.56486],[0.87011,45.56401],[0.87276,45.56292],[0.87712,45.56294],[0.87848,45.56216],[0.87837,45.5608],[0.87633,45.55813],[0.8718,45.554],[0.87541,45.55221],[0.87988,45.5496],[0.8793,45.54558],[0.8838,45.54566],[0.88362,45.5422],[0.88417,45.54216],[0.88381,45.53733],[0.88315,45.53515],[0.88325,45.53334]]]}},{"type":"Feature","id":"fr-commune-24499","properties":{"id":"fr-commune-24499","name":"Saint-Sauveur","kind":"commune","center":[0.5881,44.8721],"code":"24499","department":"24"},"bbox":[0.5569,44.85563,0.61928,44.88852],"geometry":{"type":"Polygon","coordinates":[[[0.55782,44.88447],[0.56055,44.88418],[0.56428,44.88416],[0.56699,44.88576],[0.56834,44.88578],[0.57007,44.88724],[0.57271,44.8878],[0.57472,44.88756],[0.57747,44.88852],[0.58048,44.88833],[0.58259,44.88777],[0.58492,44.88824],[0.58528,44.88656],[0.58665,44.88489],[0.58776,44.88266],[0.59124,44.88128],[0.59229,44.88113],[0.59113,44.87808],[0.59524,44.87773],[0.59701,44.87853],[0.59875,44.87872],[0.60032,44.88019],[0.60379,44.87812],[0.60468,44.87883],[0.60679,44.87933],[0.60801,44.88023],[0.61015,44.87843],[0.6106,44.87674],[0.61596,44.87809],[0.61721,44.87765],[0.61928,44.87707],[0.6188,44.87573],[0.61491,44.87266],[0.61264,44.86907],[0.61148,44.86832],[0.60666,44.86705],[0.60298,44.86854],[0.60108,44.8681],[0.59893,44.86829],[0.59634,44.86517],[0.59535,44.86182],[0.59131,44.86211],[0.59084,44.86156],[0.58805,44.86151],[0.58839,44.86004],[0.59013,44.85799],[0.5906,44.85613],[0.58918,44.85662],[0.58682,44.85641],[0.58675,44.85573],[0.584,44.85563],[0.58305,44.8617],[0.57976,44.86185],[0.57837,44.86149],[0.57164,44.86169],[0.56536,44.8632],[0.56398,44.86493],[0.56276,44.86924],[0.56137,44.87041],[0.55988,44.87383],[0.55948,44.87549],[0.55862,44.8766],[0.55789,44.88017],[0.5569,44.88349],[0.55782,44.88447]]]}},{"type":"Feature","id":"fr-commune-24500","properties":{"id":"fr-commune-24500","name":"Saint-Sauveur-Lalande","kind":"commune","center":[0.2514,44.9807],"code":"24500","department":"24"},"bbox":[0.23056,44.9586,0.2721,45.00289],"geometry":{"type":"Polygon","coordinates":[[[0.26834,44.96055],[0.26819,44.9597],[0.26603,44.95864],[0.26433,44.9586],[0.26085,44.9591],[0.25923,44.95894],[0.25556,44.95946],[0.25501,44.96005],[0.25269,44.96045],[0.25156,44.96171],[0.24916,44.96218],[0.24407,44.9619],[0.24169,44.96112],[0.23919,44.96184],[0.23672,44.96085],[0.23532,44.96128],[0.23474,44.96471],[0.23412,44.96554],[0.23056,44.96806],[0.23335,44.97013],[0.23481,44.97192],[0.23299,44.97478],[0.23543,44.97664],[0.23901,44.97846],[0.23984,44.97961],[0.24173,44.98081],[0.24248,44.98188],[0.24577,44.98385],[0.24808,44.98866],[0.24187,44.99076],[0.23684,44.99287],[0.23804,44.99337],[0.23865,44.996],[0.2402,44.99701],[0.24103,44.99668],[0.24661,44.99684],[0.25056,44.99885],[0.252,45.00007],[0.25566,45.00162],[0.2575,45.00289],[0.25679,45.00179],[0.25694,45.00069],[0.25837,44.99984],[0.25856,44.99886],[0.26079,44.99626],[0.26039,44.9925],[0.26046,44.99085],[0.26117,44.98929],[0.26248,44.98816],[0.26275,44.98642],[0.26388,44.98618],[0.26763,44.9812],[0.26738,44.97967],[0.26967,44.97811],[0.27197,44.97617],[0.2721,44.97462],[0.27122,44.97314],[0.27111,44.97036],[0.26934,44.96852],[0.26798,44.96556],[0.26841,44.96292],[0.26834,44.96055]]]}},{"type":"Feature","id":"fr-commune-24501","properties":{"id":"fr-commune-24501","name":"Saint-Seurin-de-Prats","kind":"commune","center":[0.0709,44.8311],"code":"24501","department":"24"},"bbox":[0.04611,44.8187,0.09557,44.84365],"geometry":{"type":"Polygon","coordinates":[[[0.09434,44.83534],[0.09552,44.83462],[0.09557,44.83307],[0.08926,44.83272],[0.08331,44.83153],[0.08174,44.83072],[0.08098,44.82968],[0.0789,44.82387],[0.0775,44.82153],[0.07561,44.8195],[0.07432,44.81888],[0.07155,44.8187],[0.07023,44.81946],[0.06517,44.82455],[0.06257,44.82583],[0.05862,44.82581],[0.05079,44.82449],[0.05191,44.8284],[0.05393,44.83193],[0.05154,44.83257],[0.04891,44.83372],[0.04817,44.83524],[0.04611,44.83584],[0.04704,44.83752],[0.04767,44.84005],[0.04783,44.8435],[0.04997,44.84365],[0.05144,44.84287],[0.05189,44.84102],[0.05291,44.83941],[0.05765,44.8396],[0.05722,44.84226],[0.06057,44.84221],[0.06304,44.8418],[0.06493,44.84194],[0.06698,44.84128],[0.0667,44.83951],[0.06857,44.83954],[0.07295,44.84058],[0.07707,44.84068],[0.08078,44.84009],[0.08238,44.8395],[0.08564,44.83897],[0.08753,44.83791],[0.08886,44.83762],[0.09014,44.83637],[0.0927,44.83606],[0.09434,44.83534]]]}},{"type":"Feature","id":"fr-commune-24502","properties":{"id":"fr-commune-24502","name":"Saint-Séverin-d'Estissac","kind":"commune","center":[0.4729,45.0493],"code":"24502","department":"24"},"bbox":[0.45035,45.03495,0.49539,45.06365],"geometry":{"type":"Polygon","coordinates":[[[0.46052,45.03787],[0.46293,45.0395],[0.46514,45.04361],[0.46134,45.04811],[0.46119,45.04869],[0.45864,45.04919],[0.45652,45.05037],[0.45534,45.05152],[0.45561,45.05267],[0.45035,45.05524],[0.45343,45.05566],[0.45803,45.05803],[0.46097,45.05758],[0.46428,45.05779],[0.46943,45.05853],[0.4719,45.05982],[0.47404,45.06135],[0.47735,45.06212],[0.481,45.06326],[0.48348,45.06365],[0.48669,45.06321],[0.48584,45.06122],[0.4902,45.05917],[0.49207,45.05883],[0.49339,45.05811],[0.4929,45.05607],[0.4943,45.05429],[0.49539,45.0536],[0.49232,45.05281],[0.48618,45.04814],[0.47742,45.04323],[0.47722,45.04183],[0.47618,45.03925],[0.47462,45.03706],[0.47367,45.03495],[0.47164,45.03539],[0.46928,45.03739],[0.46705,45.03833],[0.46541,45.03854],[0.46052,45.03787]]]}},{"type":"Feature","id":"fr-commune-24504","properties":{"id":"fr-commune-24504","name":"Saint-Sulpice-de-Roumagnac","kind":"commune","center":[0.3979,45.2002],"code":"24504","department":"24"},"bbox":[0.37366,45.17485,0.42216,45.22558],"geometry":{"type":"Polygon","coordinates":[[[0.4215,45.19705],[0.42216,45.19601],[0.42177,45.19613],[0.41903,45.19689],[0.41564,45.19671],[0.41228,45.19509],[0.40828,45.19286],[0.40536,45.19056],[0.40292,45.18491],[0.39959,45.18105],[0.39921,45.18003],[0.3959,45.17858],[0.39537,45.17708],[0.3911,45.17655],[0.38887,45.17485],[0.38797,45.17519],[0.38342,45.17739],[0.38122,45.17922],[0.3797,45.18004],[0.37366,45.18605],[0.37684,45.18651],[0.38027,45.18759],[0.38131,45.18869],[0.38208,45.19156],[0.38368,45.19369],[0.38447,45.196],[0.38401,45.19812],[0.38111,45.19861],[0.37769,45.19855],[0.37431,45.19895],[0.37766,45.20004],[0.37932,45.20192],[0.37994,45.20404],[0.37988,45.20609],[0.37935,45.20733],[0.37904,45.20983],[0.37853,45.2111],[0.38075,45.21171],[0.38369,45.21288],[0.38517,45.21283],[0.38838,45.21467],[0.38958,45.2158],[0.3884,45.21774],[0.392,45.21855],[0.394,45.21925],[0.39421,45.2206],[0.39559,45.22187],[0.39573,45.22306],[0.39683,45.22514],[0.39817,45.22558],[0.40005,45.22519],[0.40438,45.22283],[0.40489,45.22138],[0.40576,45.21659],[0.40778,45.21287],[0.41203,45.21008],[0.41492,45.20943],[0.4165,45.20703],[0.41762,45.20621],[0.41822,45.20436],[0.42003,45.20155],[0.42041,45.19965],[0.4215,45.19705]]]}},{"type":"Feature","id":"fr-commune-24505","properties":{"id":"fr-commune-24505","name":"Saint-Sulpice-d'Excideuil","kind":"commune","center":[1.0208,45.3945],"code":"24505","department":"24"},"bbox":[0.98897,45.36449,1.05263,45.42449],"geometry":{"type":"Polygon","coordinates":[[[1.00707,45.42449],[1.00941,45.4244],[1.01149,45.42348],[1.01425,45.42342],[1.01647,45.42302],[1.0214,45.42093],[1.02268,45.42192],[1.02232,45.42284],[1.02469,45.42258],[1.02887,45.4215],[1.03004,45.42062],[1.03159,45.42281],[1.03292,45.4236],[1.03393,45.42187],[1.03566,45.42101],[1.03574,45.41954],[1.03979,45.41731],[1.04269,45.41484],[1.04452,45.41409],[1.04526,45.41326],[1.04794,45.41191],[1.04839,45.4106],[1.05177,45.40895],[1.05263,45.40761],[1.05201,45.40554],[1.04956,45.40544],[1.04924,45.40307],[1.04857,45.40319],[1.0459,45.40104],[1.04411,45.39917],[1.04233,45.39918],[1.04259,45.39627],[1.03955,45.39635],[1.03422,45.39492],[1.03409,45.39379],[1.0345,45.38777],[1.0354,45.38668],[1.03413,45.38338],[1.03365,45.38085],[1.03054,45.38046],[1.02821,45.37954],[1.0285,45.3779],[1.02785,45.3774],[1.0288,45.37474],[1.0314,45.37345],[1.03039,45.372],[1.02802,45.37263],[1.02549,45.37258],[1.02156,45.37251],[1.01598,45.37087],[1.01529,45.37045],[1.01369,45.36667],[1.00644,45.36511],[0.99769,45.36449],[0.99326,45.36707],[0.99314,45.3684],[0.99175,45.36987],[0.99091,45.37144],[0.99005,45.37198],[0.98996,45.37471],[0.98897,45.37628],[0.98999,45.37833],[0.98971,45.3794],[0.99129,45.38189],[0.99238,45.38259],[0.99058,45.38443],[0.9897,45.38708],[0.98904,45.38755],[0.98904,45.38951],[0.99103,45.39071],[0.99236,45.39109],[0.99682,45.39401],[0.9973,45.39502],[1.00071,45.39567],[1.00183,45.39696],[1.00231,45.39981],[1.0034,45.40144],[1.00662,45.40228],[1.0089,45.4042],[1.01123,45.40499],[1.01331,45.40531],[1.01238,45.40686],[1.0111,45.40768],[1.00928,45.40969],[1.00673,45.40957],[1.00477,45.41161],[1.00348,45.41173],[1.00156,45.41281],[0.99905,45.41271],[0.99701,45.41374],[0.99839,45.4164],[1.00283,45.42194],[1.0043,45.42274],[1.00493,45.42367],[1.00707,45.42449]]]}},{"type":"Feature","id":"fr-commune-24507","properties":{"id":"fr-commune-24507","name":"Sainte-Trie","kind":"commune","center":[1.2066,45.2908],"code":"24507","department":"24"},"bbox":[1.17167,45.27146,1.24161,45.31009],"geometry":{"type":"Polygon","coordinates":[[[1.23844,45.30237],[1.24161,45.30135],[1.2405,45.29915],[1.23884,45.29795],[1.23747,45.29626],[1.23968,45.29413],[1.23923,45.29212],[1.23854,45.29109],[1.23717,45.29041],[1.23425,45.29173],[1.23244,45.2904],[1.23221,45.28672],[1.23152,45.28513],[1.22961,45.28223],[1.22945,45.27898],[1.2288,45.27667],[1.22906,45.27421],[1.22739,45.27223],[1.22649,45.27166],[1.22286,45.27146],[1.21924,45.27234],[1.21849,45.27365],[1.2171,45.27451],[1.21648,45.27572],[1.21151,45.27797],[1.21117,45.27876],[1.20961,45.27925],[1.20716,45.28159],[1.20531,45.28243],[1.20282,45.28265],[1.19993,45.2843],[1.20013,45.28487],[1.19673,45.28669],[1.19288,45.28754],[1.19179,45.28986],[1.1904,45.29072],[1.18865,45.29077],[1.18627,45.29264],[1.18611,45.29321],[1.18343,45.29355],[1.18213,45.29502],[1.17985,45.2959],[1.17935,45.29836],[1.1776,45.2979],[1.17593,45.29837],[1.17394,45.29793],[1.17167,45.29969],[1.17316,45.29966],[1.17415,45.30125],[1.17672,45.30235],[1.17819,45.30133],[1.18164,45.30219],[1.182,45.30269],[1.18954,45.30502],[1.19067,45.30584],[1.19351,45.30568],[1.195,45.30491],[1.19844,45.30176],[1.19988,45.30092],[1.20258,45.30225],[1.20638,45.30277],[1.20781,45.30393],[1.21048,45.30479],[1.21295,45.30503],[1.21317,45.3095],[1.21492,45.31009],[1.21817,45.30953],[1.22286,45.30729],[1.22555,45.30714],[1.22605,45.30598],[1.22809,45.30479],[1.23014,45.30419],[1.23214,45.30407],[1.23499,45.30251],[1.23844,45.30237]]]}},{"type":"Feature","id":"fr-commune-24508","properties":{"id":"fr-commune-24508","name":"Saint-Victor","kind":"commune","center":[0.4404,45.2652],"code":"24508","department":"24"},"bbox":[0.42367,45.25067,0.45708,45.27974],"geometry":{"type":"Polygon","coordinates":[[[0.43379,45.25072],[0.43216,45.25067],[0.43012,45.25218],[0.42876,45.25397],[0.42658,45.25372],[0.4253,45.25499],[0.42519,45.25592],[0.42367,45.25654],[0.42489,45.25772],[0.4261,45.25999],[0.4275,45.2604],[0.4281,45.2622],[0.42924,45.26373],[0.42905,45.26492],[0.4307,45.26692],[0.4321,45.26685],[0.43316,45.26829],[0.4356,45.27031],[0.43549,45.27209],[0.4367,45.27271],[0.43693,45.2738],[0.43815,45.27465],[0.44054,45.27931],[0.44143,45.27974],[0.44273,45.27861],[0.44538,45.27829],[0.446,45.27775],[0.45072,45.27644],[0.45009,45.27577],[0.45008,45.27433],[0.45063,45.27223],[0.4496,45.26999],[0.4526,45.26715],[0.45373,45.26727],[0.45677,45.26531],[0.45708,45.26456],[0.45618,45.26238],[0.45618,45.25954],[0.45653,45.25858],[0.45547,45.255],[0.45616,45.25359],[0.45503,45.25322],[0.45421,45.25207],[0.45273,45.25179],[0.44691,45.25203],[0.44494,45.25317],[0.44228,45.25352],[0.44107,45.2528],[0.4384,45.25275],[0.43701,45.25221],[0.43668,45.25129],[0.43379,45.25072]]]}},{"type":"Feature","id":"fr-commune-24509","properties":{"id":"fr-commune-24509","name":"Saint-Vincent-de-Connezac","kind":"commune","center":[0.3951,45.1638],"code":"24509","department":"24"},"bbox":[0.35543,45.13069,0.43481,45.19689],"geometry":{"type":"Polygon","coordinates":[[[0.42177,45.19613],[0.42752,45.19229],[0.4296,45.19178],[0.43285,45.19154],[0.43481,45.19105],[0.43445,45.18947],[0.43166,45.18924],[0.42896,45.18771],[0.42734,45.18448],[0.42836,45.18265],[0.42763,45.18099],[0.42432,45.17717],[0.42393,45.17544],[0.42007,45.17243],[0.418,45.17149],[0.41666,45.172],[0.41475,45.17195],[0.41165,45.17114],[0.40877,45.17002],[0.40615,45.16797],[0.40377,45.16648],[0.40278,45.16635],[0.40129,45.16497],[0.40051,45.1636],[0.40055,45.16198],[0.39959,45.1604],[0.39919,45.15639],[0.39757,45.15313],[0.3961,45.15165],[0.39679,45.14746],[0.39624,45.14638],[0.39417,45.14646],[0.39092,45.14485],[0.37986,45.1431],[0.37596,45.14313],[0.37062,45.14169],[0.36791,45.14012],[0.3665,45.13838],[0.36549,45.13616],[0.36132,45.13069],[0.36013,45.1316],[0.35793,45.13428],[0.35543,45.13901],[0.35563,45.14077],[0.3619,45.14348],[0.36283,45.14546],[0.36059,45.14698],[0.35842,45.14801],[0.35822,45.14995],[0.35915,45.15063],[0.35911,45.15205],[0.36278,45.15278],[0.36526,45.15526],[0.36746,45.15505],[0.36764,45.15669],[0.36702,45.15793],[0.36852,45.15911],[0.37005,45.15959],[0.37007,45.16193],[0.36866,45.16308],[0.37018,45.16544],[0.36667,45.1667],[0.36824,45.16776],[0.37125,45.16865],[0.37412,45.16848],[0.3758,45.16793],[0.37749,45.16819],[0.37874,45.16939],[0.37884,45.17258],[0.38092,45.17287],[0.38434,45.17451],[0.38797,45.17519],[0.38887,45.17485],[0.3911,45.17655],[0.39537,45.17708],[0.3959,45.17858],[0.39921,45.18003],[0.39959,45.18105],[0.40292,45.18491],[0.40536,45.19056],[0.40828,45.19286],[0.41228,45.19509],[0.41564,45.19671],[0.41903,45.19689],[0.42177,45.19613]]]}},{"type":"Feature","id":"fr-commune-24510","properties":{"id":"fr-commune-24510","name":"Saint-Vincent-de-Cosse","kind":"commune","center":[1.1129,44.841],"code":"24510","department":"24"},"bbox":[1.08814,44.82361,1.13756,44.85781],"geometry":{"type":"Polygon","coordinates":[[[1.13216,44.83883],[1.12947,44.83708],[1.12778,44.8367],[1.12531,44.83553],[1.12306,44.83372],[1.11995,44.83049],[1.11696,44.82867],[1.10874,44.82494],[1.10676,44.82424],[1.10371,44.82361],[1.10094,44.82379],[1.09803,44.82467],[1.09516,44.82602],[1.09142,44.82919],[1.08852,44.83251],[1.08814,44.83332],[1.0912,44.83536],[1.09351,44.83762],[1.09457,44.83719],[1.09661,44.84061],[1.09694,44.84298],[1.09616,44.84393],[1.09694,44.84616],[1.09846,44.84732],[1.09966,44.85085],[1.09914,44.85205],[1.10126,44.85362],[1.10097,44.85576],[1.10438,44.85781],[1.10538,44.85524],[1.10668,44.85474],[1.10981,44.85521],[1.11083,44.85403],[1.11138,44.85222],[1.11384,44.85039],[1.11964,44.84916],[1.12091,44.8457],[1.12233,44.84416],[1.12551,44.84331],[1.12689,44.84423],[1.1294,44.84423],[1.13056,44.84594],[1.13158,44.8456],[1.13553,44.84635],[1.1368,44.84562],[1.13682,44.84422],[1.13756,44.84199],[1.13749,44.84042],[1.13514,44.84015],[1.13216,44.83883]]]}},{"type":"Feature","id":"fr-commune-24511","properties":{"id":"fr-commune-24511","name":"Saint-Vincent-Jalmoutiers","kind":"commune","center":[0.1972,45.1862],"code":"24511","department":"24"},"bbox":[0.16542,45.15947,0.22902,45.21298],"geometry":{"type":"Polygon","coordinates":[[[0.22902,45.17315],[0.22697,45.17277],[0.22571,45.17337],[0.22285,45.17271],[0.21699,45.1722],[0.21696,45.17153],[0.21486,45.17135],[0.21067,45.17212],[0.20749,45.16979],[0.20505,45.16887],[0.20149,45.1665],[0.20042,45.16657],[0.19765,45.16579],[0.19589,45.16472],[0.19364,45.16382],[0.19237,45.16459],[0.1905,45.16395],[0.18889,45.16403],[0.1888,45.16301],[0.18626,45.16251],[0.18667,45.16138],[0.18591,45.16024],[0.18091,45.16011],[0.17801,45.15947],[0.17673,45.15967],[0.17533,45.16091],[0.17348,45.16335],[0.1702,45.16446],[0.17241,45.16643],[0.17533,45.16842],[0.17639,45.17309],[0.17588,45.17462],[0.17597,45.17807],[0.17443,45.18063],[0.17333,45.1811],[0.1688,45.18173],[0.16822,45.18281],[0.16542,45.1898],[0.16766,45.19415],[0.1689,45.19525],[0.16885,45.19697],[0.16797,45.19733],[0.16749,45.1986],[0.16944,45.20042],[0.17151,45.20108],[0.17319,45.20307],[0.17156,45.20404],[0.1744,45.20515],[0.17656,45.20664],[0.17738,45.2065],[0.17827,45.20852],[0.18143,45.20839],[0.18244,45.20962],[0.18304,45.21298],[0.18631,45.21164],[0.18769,45.21028],[0.18753,45.20835],[0.18941,45.20645],[0.19171,45.20567],[0.19346,45.2057],[0.19381,45.20281],[0.19657,45.20182],[0.19541,45.19991],[0.19762,45.1984],[0.20244,45.19877],[0.20514,45.19705],[0.20748,45.19656],[0.2083,45.19771],[0.21015,45.19777],[0.21245,45.19594],[0.21321,45.19439],[0.21822,45.19326],[0.21961,45.19256],[0.21974,45.19151],[0.2218,45.19114],[0.22374,45.18931],[0.22468,45.18783],[0.22394,45.1866],[0.22488,45.18567],[0.22473,45.18264],[0.22718,45.18058],[0.22755,45.17781],[0.22839,45.17731],[0.22846,45.17556],[0.22767,45.17508],[0.22811,45.1738],[0.22902,45.17315]]]}},{"type":"Feature","id":"fr-commune-24512","properties":{"id":"fr-commune-24512","name":"Saint-Vincent-le-Paluel","kind":"commune","center":[1.2706,44.8836],"code":"24512","department":"24"},"bbox":[1.24758,44.86687,1.29391,44.90043],"geometry":{"type":"Polygon","coordinates":[[[1.29391,44.87068],[1.29084,44.86718],[1.28921,44.86754],[1.28665,44.86908],[1.28329,44.87005],[1.28105,44.86849],[1.28031,44.86846],[1.27574,44.86687],[1.27315,44.86805],[1.27231,44.86809],[1.27081,44.87171],[1.26973,44.87288],[1.26936,44.8755],[1.26603,44.87725],[1.26435,44.87888],[1.26215,44.87984],[1.26126,44.88071],[1.26142,44.88344],[1.25952,44.88494],[1.2572,44.88505],[1.25371,44.88412],[1.24967,44.88337],[1.24864,44.88441],[1.24758,44.88641],[1.24853,44.88969],[1.25077,44.89486],[1.25568,44.89459],[1.25534,44.89269],[1.25991,44.8914],[1.26143,44.89145],[1.26327,44.89208],[1.26602,44.89231],[1.2686,44.892],[1.27089,44.89225],[1.27516,44.89447],[1.27853,44.89504],[1.28053,44.89717],[1.28168,44.89882],[1.28693,44.90043],[1.28727,44.89801],[1.28845,44.89636],[1.28878,44.89354],[1.28802,44.89174],[1.28808,44.89072],[1.2894,44.88863],[1.28926,44.88665],[1.28798,44.88588],[1.28907,44.88418],[1.28829,44.88059],[1.29093,44.87891],[1.29247,44.87642],[1.2931,44.87597],[1.29302,44.87384],[1.29391,44.87068]]]}},{"type":"Feature","id":"fr-commune-24513","properties":{"id":"fr-commune-24513","name":"Saint-Vincent-sur-l'Isle","kind":"commune","center":[0.9002,45.2407],"code":"24513","department":"24"},"bbox":[0.87689,45.22037,0.92332,45.26094],"geometry":{"type":"Polygon","coordinates":[[[0.88709,45.22037],[0.88733,45.22246],[0.8843,45.22611],[0.88403,45.22772],[0.88167,45.23069],[0.88177,45.23223],[0.88139,45.23486],[0.88215,45.23647],[0.88209,45.23891],[0.88122,45.24256],[0.88113,45.24671],[0.88041,45.2477],[0.87738,45.24615],[0.87689,45.24693],[0.87791,45.2492],[0.87726,45.25227],[0.87748,45.2537],[0.87823,45.25406],[0.88053,45.2539],[0.8841,45.25552],[0.88524,45.25685],[0.88605,45.25674],[0.88925,45.25838],[0.89236,45.25721],[0.89272,45.25663],[0.8958,45.25456],[0.89846,45.25361],[0.90099,45.25205],[0.90217,45.25285],[0.90354,45.25489],[0.90302,45.25737],[0.90363,45.26094],[0.90535,45.25993],[0.91094,45.25876],[0.91203,45.25796],[0.91588,45.25633],[0.9142,45.25329],[0.91625,45.25256],[0.91786,45.25261],[0.91977,45.25176],[0.91983,45.24952],[0.92256,45.24811],[0.92218,45.24683],[0.92325,45.24543],[0.92332,45.24149],[0.92296,45.2412],[0.92317,45.23856],[0.92239,45.23691],[0.92262,45.2361],[0.92204,45.23436],[0.91951,45.23458],[0.91646,45.2345],[0.913,45.23301],[0.91399,45.23136],[0.91179,45.22991],[0.90897,45.22944],[0.90763,45.22653],[0.90519,45.22597],[0.90274,45.22617],[0.90077,45.226],[0.89816,45.22497],[0.89566,45.22432],[0.8926,45.22406],[0.89167,45.22309],[0.88855,45.22161],[0.88709,45.22037]]]}},{"type":"Feature","id":"fr-commune-24514","properties":{"id":"fr-commune-24514","name":"Saint-Vivien","kind":"commune","center":[0.1026,44.8936],"code":"24514","department":"24"},"bbox":[0.08411,44.87028,0.12116,44.91691],"geometry":{"type":"Polygon","coordinates":[[[0.1132,44.8763],[0.11231,44.87625],[0.10879,44.87487],[0.1076,44.87477],[0.10662,44.87323],[0.10395,44.8715],[0.10273,44.87028],[0.1011,44.87278],[0.10063,44.87451],[0.09945,44.87567],[0.09921,44.87777],[0.09714,44.87743],[0.09719,44.88159],[0.09694,44.88244],[0.09504,44.88475],[0.09368,44.88488],[0.08972,44.88591],[0.08613,44.88767],[0.08594,44.89083],[0.08424,44.89072],[0.08455,44.89203],[0.08665,44.8917],[0.08828,44.89231],[0.0876,44.89379],[0.08615,44.89477],[0.08688,44.89577],[0.08657,44.89953],[0.08476,44.90176],[0.08411,44.90311],[0.08707,44.90444],[0.08927,44.90401],[0.09112,44.9045],[0.09514,44.90722],[0.09713,44.90743],[0.09736,44.9083],[0.09861,44.90908],[0.09976,44.91063],[0.09957,44.91189],[0.10075,44.91641],[0.10274,44.91629],[0.10515,44.91691],[0.10608,44.91635],[0.10915,44.91313],[0.11093,44.91065],[0.11282,44.9091],[0.11384,44.90783],[0.11307,44.90568],[0.11359,44.90408],[0.11539,44.90201],[0.11603,44.90176],[0.11788,44.89855],[0.11874,44.89614],[0.12094,44.89385],[0.12029,44.89174],[0.12116,44.88895],[0.121,44.88804],[0.11809,44.88711],[0.11739,44.88652],[0.11651,44.88356],[0.11679,44.88002],[0.11439,44.8768],[0.1132,44.8763]]]}},{"type":"Feature","id":"fr-commune-24515","properties":{"id":"fr-commune-24515","name":"Salagnac","kind":"commune","center":[1.2114,45.3156],"code":"24515","department":"24"},"bbox":[1.18167,45.30092,1.24108,45.33025],"geometry":{"type":"Polygon","coordinates":[[[1.23582,45.322],[1.23859,45.31235],[1.24049,45.30661],[1.24108,45.30404],[1.23844,45.30237],[1.23499,45.30251],[1.23214,45.30407],[1.23014,45.30419],[1.22809,45.30479],[1.22605,45.30598],[1.22555,45.30714],[1.22286,45.30729],[1.21817,45.30953],[1.21492,45.31009],[1.21317,45.3095],[1.21295,45.30503],[1.21048,45.30479],[1.20781,45.30393],[1.20638,45.30277],[1.20258,45.30225],[1.19988,45.30092],[1.19844,45.30176],[1.195,45.30491],[1.19351,45.30568],[1.19067,45.30584],[1.18954,45.30502],[1.18891,45.3067],[1.18652,45.30857],[1.1819,45.31407],[1.18167,45.31557],[1.18256,45.31732],[1.18297,45.32107],[1.18435,45.32092],[1.18945,45.31965],[1.19203,45.31962],[1.19334,45.31923],[1.194,45.32227],[1.19539,45.32377],[1.1976,45.32541],[1.19888,45.32768],[1.19987,45.33025],[1.20269,45.32911],[1.20731,45.32761],[1.21067,45.32842],[1.21293,45.32958],[1.21457,45.32841],[1.21609,45.32821],[1.21975,45.32512],[1.221,45.3257],[1.2234,45.32548],[1.22814,45.32329],[1.22943,45.32244],[1.23428,45.3217],[1.23582,45.322]]]}},{"type":"Feature","id":"fr-commune-24516","properties":{"id":"fr-commune-24516","name":"Salignac-Eyvigues","kind":"commune","center":[1.3719,44.947],"code":"24516","department":"24"},"bbox":[1.30077,44.90888,1.44224,44.98539],"geometry":{"type":"Polygon","coordinates":[[[1.41075,44.90888],[1.40965,44.90929],[1.40803,44.91094],[1.407,44.91138],[1.40382,44.91544],[1.40283,44.91817],[1.40082,44.91872],[1.3996,44.9202],[1.39692,44.92181],[1.39316,44.92213],[1.39138,44.92139],[1.38893,44.92144],[1.38712,44.92247],[1.38444,44.92338],[1.38393,44.92463],[1.3828,44.92525],[1.38169,44.92676],[1.38048,44.92759],[1.3765,44.92936],[1.37436,44.92644],[1.37363,44.92481],[1.37381,44.92284],[1.37287,44.92085],[1.37205,44.9205],[1.36831,44.92117],[1.36685,44.92088],[1.36538,44.9215],[1.36042,44.92164],[1.35978,44.92006],[1.35974,44.91834],[1.35783,44.91808],[1.35673,44.91852],[1.35596,44.92032],[1.35353,44.92226],[1.35331,44.92344],[1.35399,44.92609],[1.35275,44.92782],[1.35257,44.92879],[1.35327,44.93022],[1.3526,44.93074],[1.35159,44.93285],[1.34929,44.93219],[1.34617,44.93198],[1.3436,44.9307],[1.33964,44.93066],[1.33719,44.93169],[1.33468,44.93191],[1.33351,44.93045],[1.33052,44.92981],[1.32785,44.92835],[1.32247,44.9268],[1.32095,44.9251],[1.31787,44.9227],[1.31536,44.92047],[1.31458,44.91759],[1.31405,44.91709],[1.31167,44.91855],[1.31142,44.92116],[1.31256,44.92341],[1.31282,44.92528],[1.31151,44.92743],[1.31123,44.92905],[1.31042,44.92972],[1.31031,44.93171],[1.30923,44.9319],[1.30745,44.93313],[1.30495,44.93607],[1.30285,44.9374],[1.30077,44.93706],[1.30079,44.93772],[1.30272,44.94082],[1.30291,44.94305],[1.3051,44.94607],[1.30635,44.94635],[1.30833,44.94603],[1.30964,44.94688],[1.30782,44.94847],[1.30631,44.95219],[1.30679,44.95458],[1.3068,44.95658],[1.30802,44.95819],[1.30812,44.96012],[1.30875,44.96169],[1.30784,44.96422],[1.30782,44.96715],[1.30858,44.96826],[1.30789,44.96977],[1.30805,44.97134],[1.30767,44.97425],[1.30475,44.97446],[1.30274,44.97513],[1.30261,44.97599],[1.30577,44.97789],[1.30446,44.97865],[1.30487,44.98084],[1.30472,44.98249],[1.30985,44.9824],[1.31151,44.98174],[1.31255,44.9805],[1.3148,44.97942],[1.3162,44.98048],[1.31902,44.98073],[1.32104,44.98041],[1.32602,44.9815],[1.32649,44.98207],[1.3335,44.98539],[1.33571,44.98525],[1.33693,44.98465],[1.34014,44.984],[1.34111,44.9823],[1.34348,44.98121],[1.34491,44.98146],[1.34568,44.98045],[1.3466,44.97715],[1.3481,44.9738],[1.35026,44.97215],[1.35574,44.96975],[1.35678,44.96886],[1.3568,44.96789],[1.35814,44.9666],[1.36064,44.96504],[1.36211,44.96454],[1.36793,44.96469],[1.37023,44.96505],[1.37335,44.96474],[1.37449,44.96379],[1.37519,44.96206],[1.37463,44.95825],[1.37531,44.9566],[1.37715,44.95535],[1.37858,44.95502],[1.38314,44.95468],[1.38539,44.95396],[1.38846,44.95186],[1.39191,44.95128],[1.39423,44.94977],[1.39536,44.94954],[1.39692,44.94842],[1.39683,44.9463],[1.39958,44.94523],[1.40106,44.9453],[1.40342,44.94445],[1.40682,44.94426],[1.40741,44.9432],[1.40996,44.94295],[1.4118,44.94168],[1.41307,44.94165],[1.41699,44.93986],[1.41688,44.93923],[1.42026,44.93871],[1.42291,44.93893],[1.42534,44.93807],[1.42704,44.93832],[1.42869,44.93784],[1.43098,44.93771],[1.4331,44.93722],[1.43713,44.93546],[1.43695,44.93389],[1.43747,44.93256],[1.43534,44.93143],[1.43624,44.93018],[1.4364,44.92856],[1.43893,44.92872],[1.44021,44.92778],[1.43863,44.92719],[1.43841,44.92516],[1.43747,44.92413],[1.44006,44.92399],[1.44196,44.92091],[1.4418,44.91956],[1.44224,44.91688],[1.44149,44.91612],[1.43505,44.91757],[1.4325,44.91914],[1.42889,44.91928],[1.4275,44.91887],[1.42691,44.91997],[1.42482,44.9199],[1.42283,44.91836],[1.42262,44.91642],[1.42129,44.91562],[1.41833,44.91572],[1.41689,44.91458],[1.41354,44.91339],[1.41332,44.9116],[1.41203,44.90972],[1.41075,44.90888]]]}},{"type":"Feature","id":"fr-commune-24517","properties":{"id":"fr-commune-24517","name":"Salles-de-Belvès","kind":"commune","center":[1.0014,44.7159],"code":"24517","department":"24"},"bbox":[0.97374,44.69591,1.0291,44.7359],"geometry":{"type":"Polygon","coordinates":[[[0.98961,44.69591],[0.98817,44.69704],[0.987,44.69872],[0.98422,44.70059],[0.98126,44.70155],[0.97765,44.70308],[0.97674,44.70383],[0.97568,44.7049],[0.97589,44.70799],[0.97493,44.71179],[0.97374,44.71317],[0.97412,44.71402],[0.97966,44.71563],[0.98015,44.71818],[0.98204,44.72125],[0.98301,44.72154],[0.9843,44.72288],[0.98749,44.7234],[0.98823,44.72493],[0.98957,44.72505],[0.99043,44.72691],[0.99177,44.72837],[0.99533,44.73054],[0.99717,44.73049],[0.99983,44.73173],[1.00446,44.73323],[1.00614,44.73561],[1.00815,44.7359],[1.0095,44.735],[1.01178,44.73179],[1.01405,44.73209],[1.01616,44.73137],[1.01753,44.73149],[1.01891,44.72923],[1.01985,44.72691],[1.0206,44.72214],[1.02104,44.72047],[1.0206,44.718],[1.02089,44.71681],[1.022,44.71516],[1.0239,44.71345],[1.02515,44.71082],[1.02689,44.7087],[1.0291,44.70661],[1.02599,44.70642],[1.02555,44.70686],[1.02223,44.70783],[1.01996,44.70907],[1.01902,44.71022],[1.01876,44.71165],[1.01754,44.71233],[1.01448,44.71004],[1.01166,44.70923],[1.00778,44.7111],[1.00424,44.71209],[1.00371,44.71026],[1.00104,44.70992],[0.99952,44.70726],[0.99682,44.70633],[0.99185,44.70379],[0.99161,44.70031],[0.99042,44.69721],[0.98961,44.69591]]]}},{"type":"Feature","id":"fr-commune-24518","properties":{"id":"fr-commune-24518","name":"Salon","kind":"commune","center":[0.7716,45.0321],"code":"24518","department":"24"},"bbox":[0.73292,45.00375,0.81027,45.06044],"geometry":{"type":"Polygon","coordinates":[[[0.73292,45.0214],[0.73432,45.0239],[0.73603,45.02634],[0.73798,45.02674],[0.74187,45.02535],[0.74327,45.02459],[0.74553,45.02402],[0.74839,45.02425],[0.75141,45.02328],[0.75611,45.02275],[0.75644,45.02468],[0.75715,45.02573],[0.75665,45.02647],[0.75745,45.02772],[0.75716,45.02954],[0.75996,45.03185],[0.75992,45.03297],[0.75809,45.03304],[0.75764,45.03585],[0.75854,45.03712],[0.76174,45.03747],[0.76437,45.03849],[0.76577,45.04027],[0.76808,45.04178],[0.7711,45.04242],[0.77276,45.04372],[0.77367,45.04498],[0.77235,45.04643],[0.77123,45.04704],[0.77135,45.04822],[0.7738,45.0479],[0.77644,45.04893],[0.77878,45.05069],[0.77784,45.05373],[0.77755,45.05728],[0.77866,45.06032],[0.78153,45.05983],[0.78422,45.06044],[0.78656,45.05914],[0.78828,45.0594],[0.79014,45.05875],[0.793,45.05861],[0.79577,45.05766],[0.79768,45.05823],[0.80055,45.05725],[0.80093,45.05651],[0.8003,45.05482],[0.80095,45.05362],[0.80077,45.05232],[0.79907,45.05092],[0.79788,45.04882],[0.7978,45.04796],[0.79594,45.04663],[0.79519,45.04307],[0.79513,45.04095],[0.79975,45.0389],[0.80184,45.03624],[0.80158,45.03427],[0.80237,45.03406],[0.80717,45.03516],[0.80992,45.03363],[0.81027,45.03263],[0.80666,45.03156],[0.80398,45.03024],[0.80153,45.03044],[0.79985,45.03001],[0.79647,45.03026],[0.79404,45.02979],[0.79179,45.02974],[0.79167,45.02794],[0.79275,45.02688],[0.79382,45.02494],[0.793,45.02451],[0.79088,45.02162],[0.79123,45.02097],[0.78967,45.01935],[0.78913,45.01676],[0.79009,45.01431],[0.79162,45.01346],[0.79205,45.01124],[0.79159,45.00721],[0.78636,45.00507],[0.78643,45.00408],[0.78067,45.00378],[0.77697,45.00445],[0.77399,45.00584],[0.77193,45.00739],[0.76633,45.00754],[0.76473,45.00774],[0.76132,45.0072],[0.75831,45.0071],[0.75711,45.00676],[0.75465,45.0078],[0.75099,45.00586],[0.74739,45.00465],[0.74677,45.00375],[0.74518,45.00498],[0.74489,45.00659],[0.74548,45.00878],[0.74418,45.01414],[0.74346,45.01583],[0.73907,45.01799],[0.73601,45.02008],[0.73292,45.0214]]]}},{"type":"Feature","id":"fr-commune-24519","properties":{"id":"fr-commune-24519","name":"Sarlande","kind":"commune","center":[1.1155175944713196,45.449976989242764],"code":"24519","department":"24"},"bbox":[1.06652,45.39952,1.18512,45.48787],"geometry":{"type":"Polygon","coordinates":[[[1.16224,45.47841],[1.16331,45.47585],[1.16479,45.47491],[1.1689,45.47418],[1.16991,45.47298],[1.16951,45.47228],[1.17102,45.47096],[1.17555,45.47181],[1.17604,45.47128],[1.17463,45.46738],[1.17593,45.46594],[1.1753,45.46457],[1.1765,45.46316],[1.1768,45.46123],[1.17589,45.45811],[1.17755,45.45686],[1.18291,45.45675],[1.18512,45.4551],[1.18292,45.45404],[1.18134,45.45176],[1.18111,45.45082],[1.17729,45.45279],[1.17551,45.45158],[1.17185,45.45094],[1.16995,45.45035],[1.16882,45.45072],[1.16601,45.45078],[1.16472,45.45038],[1.16282,45.45168],[1.16403,45.45265],[1.16252,45.45329],[1.16097,45.45293],[1.16103,45.45494],[1.1593,45.45466],[1.15928,45.4571],[1.15632,45.45798],[1.15681,45.45884],[1.1552,45.4612],[1.15698,45.46336],[1.15634,45.46479],[1.15434,45.46571],[1.15309,45.46506],[1.14954,45.46516],[1.14885,45.46471],[1.14783,45.46218],[1.14575,45.46112],[1.14519,45.46041],[1.14699,45.45826],[1.14955,45.45607],[1.15095,45.45551],[1.15043,45.45355],[1.14908,45.45319],[1.14582,45.45149],[1.1453,45.45262],[1.14266,45.45423],[1.14057,45.45371],[1.13826,45.45404],[1.1363,45.45317],[1.13399,45.45317],[1.1326,45.45361],[1.12839,45.45367],[1.12803,45.45282],[1.12515,45.44943],[1.12557,45.44834],[1.12491,45.44735],[1.1232,45.44605],[1.12354,45.44436],[1.12249,45.44342],[1.12202,45.44218],[1.12289,45.44071],[1.12632,45.44056],[1.1277,45.44023],[1.12805,45.43883],[1.12765,45.43759],[1.1242,45.43546],[1.12372,45.43262],[1.12296,45.43217],[1.11866,45.43187],[1.11763,45.43148],[1.11611,45.4295],[1.11605,45.42796],[1.11721,45.42748],[1.11775,45.42618],[1.12001,45.42632],[1.12149,45.4246],[1.12197,45.42298],[1.12589,45.42311],[1.12787,45.4196],[1.12941,45.4193],[1.12984,45.41823],[1.13194,45.41795],[1.13142,45.41586],[1.12778,45.41415],[1.12807,45.41302],[1.12787,45.41045],[1.12494,45.40718],[1.1217,45.40771],[1.11904,45.40882],[1.11696,45.407],[1.11731,45.4056],[1.11917,45.40523],[1.11783,45.40368],[1.11683,45.40319],[1.11597,45.40174],[1.11636,45.40116],[1.11342,45.39977],[1.11169,45.39952],[1.11171,45.40331],[1.11076,45.40415],[1.11172,45.40636],[1.1104,45.4086],[1.10837,45.40962],[1.10735,45.41082],[1.10498,45.41207],[1.10201,45.41252],[1.09924,45.41419],[1.09769,45.41471],[1.09242,45.4159],[1.08972,45.41707],[1.08833,45.41723],[1.08505,45.41849],[1.08376,45.41998],[1.08389,45.42159],[1.0833,45.42444],[1.0817,45.42785],[1.08065,45.42826],[1.07966,45.42967],[1.07949,45.43086],[1.07745,45.43144],[1.07495,45.43279],[1.07425,45.43442],[1.07605,45.43649],[1.07821,45.43756],[1.07892,45.4385],[1.08027,45.4385],[1.08157,45.44022],[1.08172,45.44287],[1.08083,45.44541],[1.08202,45.4467],[1.08177,45.44889],[1.07994,45.44926],[1.08033,45.45027],[1.07967,45.45187],[1.08129,45.45284],[1.07919,45.45451],[1.07467,45.45408],[1.07011,45.45411],[1.06959,45.45349],[1.06652,45.4545],[1.06892,45.45611],[1.06836,45.4571],[1.06916,45.4577],[1.0687,45.46055],[1.07099,45.46076],[1.07266,45.46179],[1.07444,45.46239],[1.07779,45.46257],[1.08038,45.46367],[1.08287,45.4656],[1.08318,45.46619],[1.08557,45.46761],[1.08838,45.46836],[1.09179,45.46998],[1.09309,45.46999],[1.0933,45.47107],[1.0925,45.47241],[1.09231,45.47516],[1.09279,45.47656],[1.09483,45.47848],[1.09446,45.47933],[1.09268,45.4798],[1.09049,45.48136],[1.09621,45.48225],[1.0991,45.48345],[1.10469,45.48468],[1.1075,45.48326],[1.10856,45.48462],[1.11101,45.48535],[1.11407,45.48689],[1.11858,45.48787],[1.11793,45.48508],[1.11916,45.48358],[1.11754,45.48189],[1.11784,45.4796],[1.11911,45.47869],[1.11905,45.47786],[1.11986,45.47486],[1.12229,45.47763],[1.12498,45.47868],[1.12771,45.47678],[1.12796,45.47494],[1.12966,45.47269],[1.13275,45.47057],[1.13525,45.46961],[1.13651,45.47174],[1.13813,45.47226],[1.1402,45.47166],[1.14151,45.47206],[1.14191,45.47336],[1.14452,45.47346],[1.14748,45.47323],[1.14924,45.47379],[1.15083,45.47312],[1.15316,45.47331],[1.15617,45.47508],[1.15686,45.47517],[1.1596,45.47833],[1.16224,45.47841]]]}},{"type":"Feature","id":"fr-commune-24520","properties":{"id":"fr-commune-24520","name":"Sarlat-la-Canéda","kind":"commune","center":[1.1994,44.906],"code":"24520","department":"24"},"bbox":[1.13359,44.84969,1.2641,44.9623],"geometry":{"type":"Polygon","coordinates":[[[1.18559,44.85619],[1.18652,44.85731],[1.18977,44.85905],[1.19151,44.85946],[1.19408,44.86058],[1.19614,44.86285],[1.19825,44.86381],[1.19267,44.86562],[1.1903,44.86758],[1.1886,44.86858],[1.18799,44.8702],[1.18659,44.87222],[1.18499,44.87305],[1.18148,44.87567],[1.18012,44.87726],[1.18085,44.8791],[1.18182,44.87969],[1.18371,44.88303],[1.18457,44.88406],[1.18467,44.88654],[1.18363,44.88804],[1.1821,44.88899],[1.17958,44.89212],[1.1793,44.89365],[1.17551,44.89433],[1.17388,44.89538],[1.17157,44.89745],[1.16951,44.89857],[1.17057,44.89971],[1.16927,44.90088],[1.16844,44.90345],[1.16565,44.9055],[1.16456,44.90543],[1.16212,44.90734],[1.16195,44.90905],[1.16366,44.90943],[1.16724,44.90957],[1.16779,44.909],[1.17067,44.90897],[1.17251,44.90955],[1.17624,44.9115],[1.17307,44.91402],[1.16989,44.91472],[1.1664,44.91648],[1.1643,44.91847],[1.16264,44.91937],[1.16246,44.9204],[1.16336,44.92132],[1.16666,44.92189],[1.17018,44.92145],[1.17345,44.92006],[1.17653,44.92246],[1.17638,44.92687],[1.17532,44.92852],[1.17515,44.93018],[1.17416,44.93058],[1.1725,44.93367],[1.17112,44.93413],[1.17297,44.93571],[1.17346,44.93832],[1.17101,44.94055],[1.16955,44.94058],[1.16782,44.94132],[1.16717,44.94249],[1.16244,44.94131],[1.15977,44.94232],[1.15783,44.94409],[1.15351,44.9467],[1.14656,44.9486],[1.14136,44.94924],[1.13972,44.95084],[1.13816,44.95123],[1.13693,44.95224],[1.1362,44.95412],[1.13454,44.95485],[1.13359,44.9566],[1.13416,44.95795],[1.13701,44.95795],[1.13702,44.95963],[1.13854,44.95935],[1.1392,44.95845],[1.142,44.95891],[1.14638,44.9623],[1.14814,44.96185],[1.14706,44.96053],[1.14796,44.95976],[1.15006,44.96031],[1.15108,44.95904],[1.15602,44.95751],[1.15788,44.95768],[1.15797,44.95874],[1.16149,44.95904],[1.16306,44.95824],[1.16587,44.95949],[1.16716,44.95807],[1.16671,44.95598],[1.16433,44.95455],[1.16444,44.95372],[1.167,44.95165],[1.16868,44.95216],[1.16967,44.95086],[1.1695,44.94989],[1.16654,44.95012],[1.16731,44.94829],[1.1646,44.94787],[1.165,44.94674],[1.1665,44.94629],[1.17104,44.94631],[1.17322,44.94424],[1.17426,44.94397],[1.17553,44.94274],[1.17952,44.94128],[1.18118,44.93998],[1.18238,44.94014],[1.18461,44.93754],[1.18609,44.93728],[1.19108,44.93517],[1.20049,44.93588],[1.20122,44.93482],[1.20425,44.9331],[1.20496,44.93004],[1.20546,44.92911],[1.20542,44.92792],[1.20708,44.92659],[1.20784,44.92511],[1.20775,44.92419],[1.20666,44.92224],[1.20747,44.91983],[1.20951,44.91798],[1.21111,44.92011],[1.2116,44.92182],[1.21373,44.92352],[1.21434,44.92482],[1.21616,44.9264],[1.21876,44.92737],[1.22201,44.92786],[1.22364,44.92888],[1.226,44.92948],[1.22946,44.92952],[1.23049,44.92878],[1.23097,44.92719],[1.23336,44.92629],[1.23361,44.92431],[1.23033,44.92202],[1.23187,44.9215],[1.23295,44.92026],[1.2338,44.9175],[1.23113,44.91499],[1.23133,44.9133],[1.23024,44.91087],[1.22995,44.90801],[1.23072,44.90556],[1.23201,44.90371],[1.233,44.90321],[1.23258,44.90182],[1.23412,44.9021],[1.23615,44.90394],[1.23832,44.90424],[1.24228,44.90598],[1.24397,44.90524],[1.24546,44.90342],[1.24725,44.90044],[1.25045,44.90102],[1.25146,44.90213],[1.25273,44.90272],[1.25684,44.90154],[1.26356,44.89837],[1.2641,44.89762],[1.26077,44.89664],[1.25984,44.89683],[1.2561,44.8958],[1.25568,44.89459],[1.25077,44.89486],[1.24853,44.88969],[1.24758,44.88641],[1.24864,44.88441],[1.24967,44.88337],[1.24943,44.88213],[1.25136,44.88143],[1.25286,44.88028],[1.25486,44.87746],[1.25784,44.87749],[1.25781,44.87519],[1.25711,44.87322],[1.25461,44.87158],[1.25628,44.86867],[1.25596,44.86801],[1.25737,44.86714],[1.25747,44.8659],[1.2565,44.864],[1.25524,44.8647],[1.253,44.86515],[1.25016,44.86479],[1.25059,44.86351],[1.25199,44.86157],[1.25108,44.85988],[1.25095,44.85867],[1.24946,44.85739],[1.24676,44.85795],[1.24666,44.85708],[1.24795,44.85612],[1.24788,44.85433],[1.24705,44.85351],[1.2448,44.85327],[1.24266,44.8528],[1.23749,44.85281],[1.23128,44.85056],[1.22692,44.85062],[1.2259,44.85225],[1.22394,44.8543],[1.22405,44.85536],[1.22302,44.85791],[1.22412,44.86132],[1.22359,44.86341],[1.22262,44.86518],[1.2233,44.86713],[1.2231,44.86809],[1.22059,44.86674],[1.21975,44.86522],[1.21762,44.86374],[1.21663,44.86267],[1.21529,44.86223],[1.2145,44.85998],[1.21372,44.85938],[1.21381,44.85825],[1.20392,44.85846],[1.19705,44.85749],[1.1949,44.85742],[1.19405,44.85635],[1.19585,44.85313],[1.1945,44.85292],[1.19299,44.85141],[1.19002,44.84969],[1.1873,44.85098],[1.18617,44.85219],[1.18672,44.85417],[1.18631,44.85574],[1.18559,44.85619]]]}},{"type":"Feature","id":"fr-commune-24521","properties":{"id":"fr-commune-24521","name":"Sarliac-sur-l'Isle","kind":"commune","center":[0.866285503763369,45.240319998715535],"code":"24521","department":"24"},"bbox":[0.82869,45.21327,0.88733,45.2613],"geometry":{"type":"Polygon","coordinates":[[[0.87397,45.21328],[0.86543,45.21801],[0.86671,45.21982],[0.86634,45.22171],[0.86417,45.2249],[0.86367,45.22762],[0.86103,45.22806],[0.8582,45.23031],[0.86014,45.23171],[0.86085,45.2328],[0.86294,45.23414],[0.86176,45.23602],[0.85823,45.23743],[0.85612,45.23963],[0.85671,45.24103],[0.85814,45.24156],[0.85529,45.24614],[0.85512,45.24688],[0.84913,45.24733],[0.84613,45.24911],[0.84492,45.25017],[0.8438,45.25271],[0.84219,45.25242],[0.84055,45.25386],[0.83017,45.25609],[0.82869,45.25797],[0.83274,45.25841],[0.83499,45.25794],[0.83814,45.25887],[0.83966,45.25808],[0.84112,45.25822],[0.84182,45.2595],[0.84498,45.25937],[0.84783,45.26003],[0.85036,45.25955],[0.85221,45.2613],[0.85602,45.25993],[0.85931,45.26045],[0.86184,45.25875],[0.8645,45.25959],[0.86723,45.25876],[0.86933,45.25966],[0.8714,45.25952],[0.87383,45.25551],[0.87726,45.25227],[0.87791,45.2492],[0.87689,45.24693],[0.87738,45.24615],[0.88041,45.2477],[0.88113,45.24671],[0.88122,45.24256],[0.88209,45.23891],[0.88215,45.23647],[0.88139,45.23486],[0.88177,45.23223],[0.88167,45.23069],[0.88403,45.22772],[0.8843,45.22611],[0.88733,45.22246],[0.88709,45.22037],[0.88585,45.21895],[0.88438,45.21812],[0.88021,45.21444],[0.8785,45.21416],[0.87633,45.21327],[0.87397,45.21328]]]}},{"type":"Feature","id":"fr-commune-24522","properties":{"id":"fr-commune-24522","name":"Sarrazac","kind":"commune","center":[1.0284,45.4387],"code":"24522","department":"24"},"bbox":[0.96857,45.41409,1.08833,45.46333],"geometry":{"type":"Polygon","coordinates":[[[0.97764,45.42382],[0.97672,45.42528],[0.97231,45.42593],[0.96857,45.42616],[0.96881,45.42762],[0.96988,45.4292],[0.96864,45.4306],[0.96865,45.43174],[0.96981,45.4322],[0.97319,45.43162],[0.97625,45.43319],[0.97898,45.43408],[0.97875,45.43573],[0.97943,45.43695],[0.98235,45.44018],[0.98872,45.44404],[0.98935,45.4459],[0.98775,45.44652],[0.98558,45.44643],[0.98286,45.44716],[0.98328,45.45009],[0.98266,45.45218],[0.98108,45.45409],[0.98235,45.45485],[0.98412,45.45415],[0.98532,45.45182],[0.98774,45.44992],[0.9931,45.4503],[0.99336,45.45113],[0.99272,45.45244],[0.99555,45.45352],[0.99992,45.45609],[1.00502,45.45933],[1.00623,45.45981],[1.00745,45.45865],[1.00882,45.45855],[1.00916,45.45973],[1.01135,45.45988],[1.01426,45.45815],[1.0168,45.4596],[1.01789,45.46092],[1.02019,45.45923],[1.02387,45.45873],[1.02611,45.45681],[1.02719,45.45453],[1.02917,45.45389],[1.03337,45.45422],[1.034,45.4529],[1.03885,45.45409],[1.04137,45.45342],[1.04337,45.45161],[1.04756,45.45196],[1.04858,45.45337],[1.05005,45.45457],[1.05136,45.45725],[1.05273,45.45924],[1.05799,45.46059],[1.06239,45.46241],[1.06399,45.46333],[1.06403,45.46077],[1.06566,45.46057],[1.06593,45.45988],[1.0687,45.46055],[1.06916,45.4577],[1.06836,45.4571],[1.06892,45.45611],[1.06652,45.4545],[1.06959,45.45349],[1.07011,45.45411],[1.07467,45.45408],[1.07919,45.45451],[1.08129,45.45284],[1.07967,45.45187],[1.08033,45.45027],[1.07994,45.44926],[1.08177,45.44889],[1.08202,45.4467],[1.08083,45.44541],[1.08172,45.44287],[1.08157,45.44022],[1.08027,45.4385],[1.07892,45.4385],[1.07821,45.43756],[1.07605,45.43649],[1.07425,45.43442],[1.07495,45.43279],[1.07745,45.43144],[1.07949,45.43086],[1.07966,45.42967],[1.08065,45.42826],[1.0817,45.42785],[1.0833,45.42444],[1.08389,45.42159],[1.08376,45.41998],[1.08505,45.41849],[1.08833,45.41723],[1.08502,45.41602],[1.08198,45.41571],[1.07691,45.41467],[1.0763,45.4161],[1.07513,45.41675],[1.07375,45.41652],[1.07192,45.417],[1.0709,45.41679],[1.06713,45.41483],[1.0661,45.41453],[1.06233,45.41479],[1.05819,45.41575],[1.05257,45.41623],[1.05153,45.4166],[1.04842,45.41606],[1.04609,45.41515],[1.04452,45.41409],[1.04269,45.41484],[1.03979,45.41731],[1.03574,45.41954],[1.03566,45.42101],[1.03393,45.42187],[1.03292,45.4236],[1.03159,45.42281],[1.03004,45.42062],[1.02887,45.4215],[1.02469,45.42258],[1.02232,45.42284],[1.02268,45.42192],[1.0214,45.42093],[1.01647,45.42302],[1.01425,45.42342],[1.01149,45.42348],[1.00941,45.4244],[1.00707,45.42449],[1.00522,45.42686],[1.0038,45.42792],[1.00513,45.42904],[1.00463,45.43042],[1.00352,45.43021],[1.00247,45.42899],[1.00154,45.42915],[1.00029,45.43092],[0.99935,45.43145],[0.99784,45.431],[0.99688,45.42899],[0.99559,45.42962],[0.99399,45.42954],[0.99125,45.43054],[0.98879,45.42953],[0.98807,45.4307],[0.9865,45.42967],[0.98448,45.43046],[0.98277,45.4298],[0.98125,45.4284],[0.98236,45.42722],[0.98169,45.42616],[0.98339,45.4248],[0.98282,45.42377],[0.98019,45.42508],[0.97967,45.4238],[0.97764,45.42382]]]}},{"type":"Feature","id":"fr-commune-24523","properties":{"id":"fr-commune-24523","name":"Saussignac","kind":"commune","center":[0.3157,44.8045],"code":"24523","department":"24"},"bbox":[0.29251,44.78347,0.33888,44.82554],"geometry":{"type":"Polygon","coordinates":[[[0.33666,44.78388],[0.33301,44.78426],[0.33065,44.78369],[0.32826,44.7851],[0.32643,44.7849],[0.32357,44.78363],[0.32176,44.78347],[0.3155,44.78433],[0.31121,44.78536],[0.3079,44.78556],[0.30528,44.7848],[0.30576,44.78678],[0.30492,44.78938],[0.30265,44.78973],[0.30134,44.79231],[0.29964,44.79326],[0.29609,44.79576],[0.29251,44.79705],[0.2955,44.79897],[0.29685,44.79849],[0.29864,44.80102],[0.30367,44.80063],[0.30645,44.79983],[0.3082,44.79969],[0.31106,44.80052],[0.31279,44.80258],[0.31199,44.80531],[0.31253,44.80545],[0.31194,44.80906],[0.31146,44.81026],[0.31266,44.81632],[0.31144,44.81801],[0.31869,44.82077],[0.32064,44.82352],[0.32084,44.82434],[0.32265,44.82474],[0.3239,44.82444],[0.32601,44.82472],[0.3303,44.82436],[0.33364,44.8253],[0.33652,44.82554],[0.33675,44.82485],[0.33888,44.82449],[0.33878,44.82348],[0.33697,44.82265],[0.33523,44.81991],[0.33392,44.8166],[0.33351,44.81372],[0.33296,44.81241],[0.33429,44.81024],[0.33441,44.80888],[0.33235,44.8067],[0.33146,44.80431],[0.33146,44.80259],[0.33194,44.80188],[0.33159,44.79991],[0.33018,44.79697],[0.33387,44.79456],[0.33354,44.79373],[0.33568,44.79],[0.33612,44.78606],[0.336,44.78463],[0.33666,44.78388]]]}},{"type":"Feature","id":"fr-commune-24524","properties":{"id":"fr-commune-24524","name":"Savignac-de-Miremont","kind":"commune","center":[0.9482,44.9659],"code":"24524","department":"24"},"bbox":[0.9232,44.9494,0.97321,44.98261],"geometry":{"type":"Polygon","coordinates":[[[0.96236,44.98261],[0.96187,44.98091],[0.96272,44.97948],[0.96475,44.97707],[0.96762,44.97575],[0.96859,44.97466],[0.97073,44.97337],[0.97321,44.97305],[0.97036,44.97044],[0.9688,44.96934],[0.96823,44.96633],[0.96654,44.96441],[0.96446,44.96384],[0.962,44.96378],[0.96107,44.96143],[0.96238,44.9595],[0.96254,44.95701],[0.96357,44.95469],[0.96341,44.95308],[0.96136,44.95404],[0.95989,44.95347],[0.95896,44.95122],[0.95716,44.9507],[0.95779,44.95247],[0.95555,44.95325],[0.95367,44.95166],[0.953,44.95438],[0.95189,44.95545],[0.95051,44.95238],[0.94841,44.95179],[0.94677,44.95219],[0.94502,44.95148],[0.94139,44.95178],[0.93801,44.95146],[0.93635,44.9505],[0.93119,44.9494],[0.92975,44.95191],[0.92808,44.95347],[0.92689,44.95394],[0.92696,44.95522],[0.92345,44.95586],[0.9232,44.95688],[0.92544,44.9584],[0.92559,44.9608],[0.92521,44.96254],[0.92593,44.96365],[0.9251,44.96481],[0.92579,44.96526],[0.9273,44.9683],[0.92983,44.97396],[0.93064,44.97539],[0.93326,44.97507],[0.93812,44.97513],[0.94346,44.9736],[0.94828,44.97355],[0.95109,44.97291],[0.95588,44.97289],[0.95883,44.97251],[0.95896,44.97414],[0.95814,44.97615],[0.957,44.97766],[0.95838,44.97875],[0.95989,44.97884],[0.96081,44.98161],[0.96236,44.98261]]]}},{"type":"Feature","id":"fr-commune-24525","properties":{"id":"fr-commune-24525","name":"Savignac-de-Nontron","kind":"commune","center":[0.7204,45.5475],"code":"24525","department":"24"},"bbox":[0.68898,45.53087,0.75177,45.56411],"geometry":{"type":"Polygon","coordinates":[[[0.72293,45.53099],[0.72266,45.53087],[0.71993,45.53129],[0.71542,45.5326],[0.70983,45.53703],[0.70587,45.53843],[0.7023,45.53946],[0.69579,45.54452],[0.69175,45.54463],[0.69038,45.54599],[0.69136,45.54871],[0.68898,45.5529],[0.69023,45.55452],[0.69282,45.55717],[0.69721,45.55823],[0.70146,45.56041],[0.70265,45.56018],[0.70542,45.55884],[0.70699,45.56057],[0.70849,45.56411],[0.71014,45.56389],[0.71402,45.56086],[0.71478,45.56192],[0.71757,45.56323],[0.71917,45.56048],[0.72045,45.56044],[0.72057,45.56184],[0.7215,45.56232],[0.72208,45.56223],[0.72456,45.56023],[0.72657,45.56007],[0.7286,45.55949],[0.73123,45.5582],[0.7341,45.55748],[0.73571,45.55642],[0.7354,45.55564],[0.73767,45.55357],[0.73902,45.55284],[0.74065,45.55118],[0.74196,45.55045],[0.74502,45.54946],[0.74638,45.54976],[0.74905,45.54765],[0.75095,45.54718],[0.75177,45.54618],[0.74828,45.54537],[0.74457,45.54514],[0.74318,45.54444],[0.73965,45.54141],[0.73921,45.54046],[0.73574,45.53749],[0.73446,45.53581],[0.73164,45.53507],[0.72563,45.53254],[0.72293,45.53099]]]}},{"type":"Feature","id":"fr-commune-24526","properties":{"id":"fr-commune-24526","name":"Savignac-Lédrier","kind":"commune","center":[1.1954,45.3795],"code":"24526","department":"24"},"bbox":[1.14338,45.35103,1.24756,45.40802],"geometry":{"type":"Polygon","coordinates":[[[1.16407,45.40613],[1.16499,45.40614],[1.16826,45.40491],[1.17058,45.403],[1.17325,45.40245],[1.17685,45.40139],[1.17784,45.40173],[1.18279,45.40135],[1.1867,45.40127],[1.19039,45.40175],[1.1954,45.40158],[1.19827,45.40125],[1.20135,45.40028],[1.20679,45.39953],[1.20835,45.3995],[1.21349,45.39848],[1.21586,45.39903],[1.22228,45.39969],[1.22703,45.39963],[1.22665,45.3984],[1.22794,45.39545],[1.22973,45.3942],[1.23473,45.39252],[1.23745,45.39075],[1.23976,45.38799],[1.24033,45.38548],[1.24012,45.38482],[1.23802,45.38441],[1.23683,45.38378],[1.23682,45.38261],[1.23809,45.3823],[1.24008,45.38332],[1.24264,45.38188],[1.24664,45.38134],[1.24756,45.3807],[1.24715,45.37952],[1.24752,45.37786],[1.24717,45.37713],[1.24612,45.37655],[1.24574,45.37535],[1.24261,45.37256],[1.2413,45.37177],[1.23977,45.37162],[1.23713,45.37211],[1.23421,45.37166],[1.23059,45.3704],[1.23143,45.36941],[1.23176,45.36766],[1.23253,45.36649],[1.23461,45.36477],[1.23793,45.36389],[1.23746,45.36273],[1.2362,45.36155],[1.23766,45.36069],[1.23609,45.3602],[1.23391,45.35854],[1.23428,45.35795],[1.23395,45.35334],[1.23107,45.35279],[1.23044,45.35103],[1.22873,45.35128],[1.22585,45.35403],[1.22455,45.35434],[1.22253,45.3557],[1.22351,45.35675],[1.22046,45.358],[1.21814,45.35697],[1.21395,45.35727],[1.2156,45.35837],[1.21784,45.35841],[1.21996,45.36028],[1.21874,45.36174],[1.21607,45.3619],[1.21483,45.36384],[1.21333,45.36441],[1.21233,45.36405],[1.20893,45.3638],[1.20586,45.36387],[1.20054,45.36526],[1.1998,45.3647],[1.19619,45.3636],[1.19434,45.3633],[1.19086,45.36142],[1.18836,45.36103],[1.18661,45.35982],[1.18086,45.35885],[1.17811,45.35891],[1.17535,45.36193],[1.17173,45.36224],[1.16721,45.36469],[1.1652,45.36621],[1.16612,45.36673],[1.17146,45.36781],[1.17536,45.37107],[1.1773,45.37354],[1.17418,45.3768],[1.17191,45.37858],[1.16985,45.37905],[1.17011,45.38141],[1.17214,45.38131],[1.17357,45.38228],[1.16814,45.38457],[1.16555,45.38625],[1.16105,45.388],[1.15773,45.38765],[1.15568,45.38838],[1.15486,45.38954],[1.15602,45.38997],[1.15664,45.39097],[1.15592,45.39181],[1.156,45.39324],[1.15426,45.39409],[1.15439,45.39498],[1.15165,45.3948],[1.14622,45.39557],[1.14338,45.39683],[1.14422,45.39804],[1.14417,45.40032],[1.14463,45.40107],[1.14356,45.4019],[1.14718,45.40283],[1.15327,45.40467],[1.1543,45.40607],[1.1554,45.40671],[1.15787,45.40675],[1.15978,45.40605],[1.16185,45.40802],[1.16407,45.40613]]]}},{"type":"Feature","id":"fr-commune-24527","properties":{"id":"fr-commune-24527","name":"Savignac-les-Églises","kind":"commune","center":[0.9131,45.2818],"code":"24527","department":"24"},"bbox":[0.87018,45.25176,0.95597,45.31186],"geometry":{"type":"Polygon","coordinates":[[[0.87726,45.25227],[0.87383,45.25551],[0.8714,45.25952],[0.87046,45.26254],[0.87018,45.26456],[0.87438,45.26622],[0.87821,45.26674],[0.87967,45.2681],[0.88056,45.26979],[0.88024,45.27482],[0.88071,45.27816],[0.88264,45.27774],[0.88412,45.27885],[0.88374,45.27976],[0.8846,45.28189],[0.89103,45.28036],[0.89067,45.28245],[0.89281,45.28245],[0.89381,45.28299],[0.89301,45.28388],[0.89806,45.28733],[0.89658,45.28819],[0.89754,45.2915],[0.89639,45.29368],[0.89755,45.29544],[0.89791,45.29805],[0.89865,45.29921],[0.89783,45.30065],[0.89814,45.30403],[0.89783,45.30469],[0.90058,45.30663],[0.90036,45.30843],[0.90072,45.30967],[0.90018,45.31057],[0.90072,45.31186],[0.90988,45.31036],[0.91219,45.31011],[0.91165,45.30867],[0.91761,45.30727],[0.91865,45.30651],[0.9213,45.30444],[0.9249,45.30356],[0.92543,45.30239],[0.92717,45.30109],[0.92817,45.30082],[0.93101,45.2996],[0.93243,45.29389],[0.93166,45.29197],[0.92695,45.28715],[0.92802,45.2851],[0.92814,45.28255],[0.92864,45.28034],[0.9322,45.28151],[0.93364,45.2831],[0.93482,45.28344],[0.93578,45.28216],[0.93541,45.28036],[0.9385,45.27751],[0.93942,45.27519],[0.94152,45.2734],[0.94183,45.27258],[0.94132,45.2708],[0.94221,45.26827],[0.94115,45.26453],[0.94142,45.26328],[0.94324,45.26245],[0.94519,45.26207],[0.94841,45.26008],[0.9489,45.25933],[0.95536,45.25683],[0.95597,45.2562],[0.95331,45.25345],[0.95255,45.25381],[0.94996,45.25361],[0.94862,45.25302],[0.94714,45.25338],[0.94485,45.25316],[0.94127,45.25401],[0.93889,45.25481],[0.93456,45.25469],[0.93257,45.25401],[0.93145,45.25286],[0.928,45.25246],[0.9264,45.2528],[0.92422,45.25224],[0.91977,45.25176],[0.91786,45.25261],[0.91625,45.25256],[0.9142,45.25329],[0.91588,45.25633],[0.91203,45.25796],[0.91094,45.25876],[0.90535,45.25993],[0.90363,45.26094],[0.90302,45.25737],[0.90354,45.25489],[0.90217,45.25285],[0.90099,45.25205],[0.89846,45.25361],[0.8958,45.25456],[0.89272,45.25663],[0.89236,45.25721],[0.88925,45.25838],[0.88605,45.25674],[0.88524,45.25685],[0.8841,45.25552],[0.88053,45.2539],[0.87823,45.25406],[0.87748,45.2537],[0.87726,45.25227]]]}},{"type":"Feature","id":"fr-commune-24528","properties":{"id":"fr-commune-24528","name":"Sceau-Saint-Angel","kind":"commune","center":[0.6755,45.4819],"code":"24528","department":"24"},"bbox":[0.64589,45.45255,0.70532,45.51132],"geometry":{"type":"Polygon","coordinates":[[[0.70431,45.50035],[0.70319,45.49906],[0.70016,45.49461],[0.70084,45.49294],[0.70189,45.49287],[0.70435,45.48587],[0.70532,45.48538],[0.70449,45.48395],[0.69341,45.47926],[0.69164,45.47911],[0.69003,45.47741],[0.68576,45.4764],[0.68605,45.47335],[0.68447,45.47178],[0.68422,45.47023],[0.68464,45.46514],[0.6863,45.46265],[0.68768,45.46187],[0.68614,45.4624],[0.6837,45.46266],[0.68324,45.46213],[0.68121,45.46203],[0.67981,45.46075],[0.67758,45.46018],[0.6755,45.46004],[0.67287,45.45946],[0.67012,45.4583],[0.66891,45.45677],[0.66753,45.45406],[0.66645,45.45255],[0.66295,45.45321],[0.65684,45.45745],[0.65609,45.45838],[0.65493,45.45789],[0.65306,45.45972],[0.65327,45.4618],[0.65184,45.46421],[0.64951,45.46582],[0.64688,45.46806],[0.64838,45.4691],[0.65106,45.47019],[0.65144,45.47176],[0.65131,45.47367],[0.65253,45.47489],[0.6494,45.47439],[0.65007,45.47821],[0.64838,45.47909],[0.64802,45.48258],[0.64589,45.48479],[0.64731,45.48784],[0.65012,45.4904],[0.65233,45.49454],[0.65384,45.4953],[0.65656,45.49605],[0.65939,45.49754],[0.66262,45.50086],[0.66544,45.50297],[0.66632,45.50571],[0.66855,45.50784],[0.66933,45.50894],[0.67441,45.51059],[0.67511,45.50983],[0.67775,45.50918],[0.67951,45.50748],[0.6827,45.50493],[0.68377,45.50565],[0.68521,45.50497],[0.68896,45.50453],[0.69204,45.5062],[0.69364,45.50839],[0.69584,45.51003],[0.697,45.51132],[0.69828,45.51091],[0.69929,45.5093],[0.69849,45.50877],[0.69927,45.50753],[0.6996,45.50595],[0.70097,45.50293],[0.70299,45.50079],[0.70431,45.50035]]]}},{"type":"Feature","id":"fr-commune-24529","properties":{"id":"fr-commune-24529","name":"Segonzac","kind":"commune","center":[0.4389,45.2022],"code":"24529","department":"24"},"bbox":[0.4215,45.19195,0.45632,45.21246],"geometry":{"type":"Polygon","coordinates":[[[0.42216,45.19601],[0.4215,45.19705],[0.42162,45.19924],[0.4225,45.20074],[0.42359,45.20112],[0.4258,45.20309],[0.42644,45.20288],[0.42872,45.20631],[0.42726,45.20703],[0.42608,45.20863],[0.43087,45.21145],[0.44197,45.21244],[0.44379,45.20858],[0.44631,45.20701],[0.44735,45.20577],[0.44933,45.20696],[0.45126,45.207],[0.45374,45.20899],[0.45427,45.2098],[0.45438,45.21246],[0.45517,45.21025],[0.45591,45.20951],[0.45446,45.20792],[0.45359,45.20487],[0.45093,45.20071],[0.45303,45.197],[0.45632,45.19544],[0.45278,45.1953],[0.45092,45.19497],[0.44995,45.19713],[0.4492,45.1972],[0.44753,45.19563],[0.44591,45.19486],[0.4436,45.1946],[0.43963,45.19266],[0.43697,45.19195],[0.43471,45.19203],[0.43208,45.19317],[0.42704,45.19425],[0.42216,45.19601]]]}},{"type":"Feature","id":"fr-commune-24531","properties":{"id":"fr-commune-24531","name":"Sergeac","kind":"commune","center":[1.1125,45.0003],"code":"24531","department":"24"},"bbox":[1.08745,44.97894,1.13766,45.02165],"geometry":{"type":"Polygon","coordinates":[[[1.1371,45.00027],[1.1363,44.99913],[1.13692,44.99856],[1.13634,44.99612],[1.13668,44.99371],[1.13545,44.99088],[1.13688,44.98889],[1.13766,44.98437],[1.13613,44.98192],[1.13379,44.98274],[1.13138,44.9831],[1.12865,44.98294],[1.12379,44.98392],[1.12216,44.98405],[1.12061,44.98468],[1.11818,44.98698],[1.11567,44.98439],[1.11286,44.98326],[1.11165,44.9824],[1.10984,44.98191],[1.10959,44.98111],[1.106,44.97894],[1.10339,44.98021],[1.10281,44.98158],[1.1031,44.98338],[1.10269,44.98517],[1.098,44.98796],[1.09466,44.98857],[1.09306,44.98838],[1.09014,44.98873],[1.08829,44.99018],[1.08745,44.9914],[1.0882,44.99204],[1.08893,44.99685],[1.09167,44.99808],[1.09116,45.00178],[1.09155,45.00271],[1.09359,45.00437],[1.09938,45.00128],[1.10103,45.00124],[1.10608,45.00383],[1.10846,45.00605],[1.10905,45.00814],[1.10856,45.01165],[1.10928,45.01433],[1.10913,45.01528],[1.10878,45.01755],[1.11018,45.01888],[1.11218,45.01957],[1.11609,45.01998],[1.11992,45.02103],[1.12333,45.02165],[1.12371,45.01844],[1.12872,45.01008],[1.12872,45.009],[1.13168,45.00853],[1.13087,45.0066],[1.13195,45.00478],[1.13114,45.00427],[1.13126,45.00245],[1.13424,45.00164],[1.1371,45.00027]]]}},{"type":"Feature","id":"fr-commune-24532","properties":{"id":"fr-commune-24532","name":"Serres-et-Montguyard","kind":"commune","center":[0.44395459246011054,44.67598487411384],"code":"24532","department":"24"},"bbox":[0.42342,44.6557,0.47064,44.70175],"geometry":{"type":"Polygon","coordinates":[[[0.43396,44.70146],[0.4378,44.7013],[0.43969,44.70175],[0.43833,44.69906],[0.43826,44.69783],[0.44175,44.69767],[0.44126,44.69377],[0.44018,44.69265],[0.44235,44.69036],[0.43952,44.68897],[0.43859,44.68823],[0.43801,44.6862],[0.43684,44.68497],[0.43663,44.68222],[0.43583,44.68057],[0.43402,44.67858],[0.43212,44.67828],[0.43244,44.67689],[0.43811,44.67465],[0.43786,44.67365],[0.43875,44.67298],[0.44068,44.67291],[0.44171,44.67547],[0.44195,44.6775],[0.44444,44.67828],[0.44802,44.67791],[0.4521,44.67816],[0.45546,44.67685],[0.45618,44.67425],[0.45797,44.67343],[0.46017,44.67316],[0.46271,44.67365],[0.46381,44.67461],[0.4669,44.67441],[0.46904,44.67045],[0.47064,44.66955],[0.47021,44.66822],[0.46839,44.6672],[0.46603,44.66489],[0.46503,44.66292],[0.45763,44.66086],[0.45617,44.65807],[0.45203,44.6557],[0.45041,44.65885],[0.44977,44.65906],[0.4488,44.66096],[0.44701,44.66221],[0.44504,44.66303],[0.44219,44.6633],[0.43653,44.66329],[0.43481,44.66612],[0.43395,44.66841],[0.43212,44.66892],[0.43133,44.66976],[0.43,44.6733],[0.42871,44.67477],[0.4292,44.67696],[0.43072,44.67926],[0.42868,44.67989],[0.42551,44.67859],[0.42419,44.67901],[0.42407,44.67995],[0.42474,44.68305],[0.42455,44.68407],[0.42342,44.68593],[0.42532,44.68962],[0.42564,44.69104],[0.42661,44.69239],[0.42618,44.69365],[0.42767,44.6957],[0.43137,44.69635],[0.43307,44.69867],[0.43332,44.70119],[0.43396,44.70146]]]}},{"type":"Feature","id":"fr-commune-24533","properties":{"id":"fr-commune-24533","name":"Servanches","kind":"commune","center":[0.1629,45.1355],"code":"24533","department":"24"},"bbox":[0.12994,45.10546,0.19586,45.16554],"geometry":{"type":"Polygon","coordinates":[[[0.1702,45.16446],[0.17348,45.16335],[0.17533,45.16091],[0.17673,45.15967],[0.17801,45.15947],[0.18091,45.16011],[0.18591,45.16024],[0.18667,45.16138],[0.18626,45.16251],[0.1888,45.16301],[0.18889,45.16403],[0.1905,45.16395],[0.19237,45.16459],[0.19364,45.16382],[0.19586,45.1618],[0.19531,45.15805],[0.19112,45.15706],[0.18709,45.15409],[0.1851,45.15362],[0.18495,45.15305],[0.18201,45.15046],[0.17877,45.14606],[0.18825,45.14333],[0.18874,45.14239],[0.18885,45.13987],[0.18749,45.13699],[0.18745,45.1348],[0.18825,45.1325],[0.18777,45.1292],[0.18758,45.12497],[0.18608,45.12094],[0.18699,45.11943],[0.18799,45.11913],[0.18939,45.11766],[0.19112,45.11397],[0.19048,45.1136],[0.19108,45.11176],[0.18874,45.11056],[0.18721,45.10853],[0.18783,45.10714],[0.18631,45.10546],[0.1836,45.10609],[0.17905,45.10774],[0.17734,45.10817],[0.17374,45.1083],[0.17031,45.10945],[0.16751,45.10848],[0.16646,45.10764],[0.16488,45.10747],[0.16288,45.10672],[0.15957,45.10647],[0.15685,45.11084],[0.15521,45.10998],[0.15122,45.11089],[0.14937,45.11253],[0.14833,45.11297],[0.14784,45.11438],[0.14936,45.11478],[0.14944,45.1162],[0.14887,45.11815],[0.14795,45.11929],[0.14774,45.12052],[0.14588,45.12094],[0.14239,45.11994],[0.13975,45.11992],[0.13623,45.12044],[0.12994,45.1201],[0.13166,45.12347],[0.13052,45.12542],[0.13032,45.12739],[0.13168,45.13157],[0.13372,45.13499],[0.13575,45.13663],[0.13644,45.13818],[0.13554,45.14102],[0.13573,45.14223],[0.1389,45.14702],[0.14078,45.14699],[0.14395,45.14678],[0.14583,45.14596],[0.14712,45.14751],[0.15029,45.15004],[0.15384,45.15014],[0.1558,45.1507],[0.15728,45.1521],[0.15908,45.15266],[0.1602,45.15368],[0.16324,45.15455],[0.16453,45.15778],[0.16436,45.15895],[0.16561,45.15956],[0.16545,45.16198],[0.16635,45.16487],[0.16784,45.16554],[0.1702,45.16446]]]}},{"type":"Feature","id":"fr-commune-24534","properties":{"id":"fr-commune-24534","name":"Sigoulès-et-Flaugeac","kind":"commune","center":[0.4133,44.7544],"code":"24534","department":"24"},"bbox":[0.36742,44.73228,0.45916,44.77649],"geometry":{"type":"Polygon","coordinates":[[[0.40952,44.73716],[0.40731,44.73774],[0.40594,44.73863],[0.402,44.73937],[0.40171,44.74086],[0.40051,44.74039],[0.40072,44.74254],[0.4003,44.74349],[0.39672,44.74329],[0.39323,44.74593],[0.39202,44.74738],[0.39057,44.74703],[0.38963,44.74881],[0.38866,44.74933],[0.38773,44.75093],[0.3859,44.75146],[0.38607,44.75348],[0.38531,44.75584],[0.3789,44.75372],[0.37812,44.75394],[0.37458,44.75287],[0.37056,44.75385],[0.36968,44.75627],[0.36771,44.75913],[0.36742,44.76109],[0.36777,44.76308],[0.37098,44.76241],[0.37298,44.76281],[0.37469,44.76493],[0.37541,44.76494],[0.37987,44.76833],[0.38279,44.77016],[0.38995,44.77377],[0.39112,44.77311],[0.39298,44.77439],[0.39432,44.77464],[0.39679,44.77649],[0.3978,44.77623],[0.39879,44.77496],[0.40067,44.77441],[0.40171,44.77467],[0.40347,44.77404],[0.40526,44.7742],[0.40784,44.77353],[0.40891,44.77153],[0.41185,44.77083],[0.415,44.77066],[0.41619,44.77109],[0.41865,44.77099],[0.4216,44.76968],[0.42554,44.76968],[0.42779,44.76979],[0.42917,44.76897],[0.43129,44.76872],[0.43412,44.76732],[0.43967,44.76746],[0.44144,44.7673],[0.44714,44.76547],[0.44951,44.76632],[0.45067,44.76568],[0.45127,44.76357],[0.45356,44.76126],[0.45363,44.76045],[0.45618,44.75754],[0.45916,44.75577],[0.4572,44.75222],[0.45599,44.7442],[0.45598,44.74287],[0.45445,44.73709],[0.45404,44.73398],[0.45121,44.73438],[0.44908,44.73515],[0.44754,44.73532],[0.44531,44.73496],[0.44168,44.73231],[0.43896,44.73228],[0.43848,44.7348],[0.43719,44.73619],[0.43763,44.73802],[0.43755,44.74118],[0.439,44.74338],[0.43929,44.74488],[0.43771,44.74694],[0.4363,44.74779],[0.43283,44.74917],[0.43388,44.75122],[0.4341,44.75393],[0.43159,44.75511],[0.42744,44.7559],[0.42528,44.75554],[0.42137,44.75583],[0.41728,44.75665],[0.41386,44.7568],[0.41378,44.75561],[0.41518,44.75473],[0.41693,44.7528],[0.41699,44.75074],[0.41766,44.74941],[0.41702,44.74847],[0.41779,44.74765],[0.41799,44.745],[0.41879,44.74282],[0.41889,44.74129],[0.41806,44.73861],[0.41804,44.73746],[0.41564,44.73756],[0.41198,44.73674],[0.40952,44.73716]]]}},{"type":"Feature","id":"fr-commune-24535","properties":{"id":"fr-commune-24535","name":"Simeyrols","kind":"commune","center":[1.3367,44.9137],"code":"24535","department":"24"},"bbox":[1.312,44.89492,1.36139,44.93285],"geometry":{"type":"Polygon","coordinates":[[[1.33218,44.89588],[1.33098,44.89796],[1.33185,44.90038],[1.32898,44.90336],[1.32527,44.90471],[1.32347,44.90588],[1.32429,44.90819],[1.32403,44.91008],[1.32318,44.91152],[1.3191,44.91337],[1.31794,44.91448],[1.31766,44.91565],[1.31584,44.91625],[1.31275,44.91535],[1.312,44.91584],[1.31405,44.91709],[1.31458,44.91759],[1.31536,44.92047],[1.31787,44.9227],[1.32095,44.9251],[1.32247,44.9268],[1.32785,44.92835],[1.33052,44.92981],[1.33351,44.93045],[1.33468,44.93191],[1.33719,44.93169],[1.33964,44.93066],[1.3436,44.9307],[1.34617,44.93198],[1.34929,44.93219],[1.35159,44.93285],[1.3526,44.93074],[1.35327,44.93022],[1.35257,44.92879],[1.35275,44.92782],[1.35399,44.92609],[1.35331,44.92344],[1.35353,44.92226],[1.35596,44.92032],[1.35673,44.91852],[1.35783,44.91808],[1.35974,44.91834],[1.3599,44.91667],[1.36093,44.91389],[1.36002,44.91265],[1.36139,44.91138],[1.36105,44.91029],[1.35926,44.90854],[1.35928,44.90728],[1.35854,44.90673],[1.35694,44.90735],[1.3519,44.90575],[1.35064,44.90585],[1.34883,44.90667],[1.34601,44.90686],[1.34489,44.90636],[1.34499,44.90311],[1.34737,44.90115],[1.34727,44.90046],[1.34886,44.89843],[1.34735,44.89806],[1.34654,44.89705],[1.34649,44.89528],[1.34506,44.89492],[1.34197,44.89576],[1.33838,44.89577],[1.33652,44.89637],[1.33218,44.89588]]]}},{"type":"Feature","id":"fr-commune-24536","properties":{"id":"fr-commune-24536","name":"Singleyrac","kind":"commune","center":[0.4627,44.7413],"code":"24536","department":"24"},"bbox":[0.44612,44.71413,0.47938,44.76845],"geometry":{"type":"Polygon","coordinates":[[[0.46932,44.72031],[0.4684,44.71852],[0.46935,44.71816],[0.46973,44.7159],[0.46544,44.71528],[0.46044,44.71428],[0.45844,44.71413],[0.45685,44.71459],[0.45531,44.71564],[0.45115,44.71441],[0.44809,44.71463],[0.44633,44.71418],[0.44682,44.716],[0.44612,44.71873],[0.44798,44.72117],[0.44956,44.72145],[0.4501,44.72286],[0.45162,44.72414],[0.45314,44.7244],[0.4524,44.73007],[0.45299,44.73044],[0.45228,44.73188],[0.45396,44.73188],[0.45347,44.73308],[0.45404,44.73398],[0.45445,44.73709],[0.45598,44.74287],[0.45599,44.7442],[0.4572,44.75222],[0.45916,44.75577],[0.45618,44.75754],[0.45363,44.76045],[0.45356,44.76126],[0.45127,44.76357],[0.45067,44.76568],[0.45242,44.76576],[0.45423,44.76656],[0.45601,44.76845],[0.45715,44.76824],[0.45756,44.76739],[0.45974,44.76635],[0.45844,44.76457],[0.4581,44.76329],[0.45689,44.76288],[0.45665,44.76103],[0.45803,44.75877],[0.45896,44.75787],[0.46162,44.7571],[0.46245,44.75586],[0.46392,44.75473],[0.46496,44.75478],[0.46734,44.75355],[0.46776,44.75168],[0.4656,44.75031],[0.46712,44.74759],[0.46926,44.74724],[0.47293,44.74706],[0.47443,44.74528],[0.47503,44.74293],[0.47594,44.74191],[0.47883,44.74],[0.47938,44.7393],[0.47799,44.73794],[0.4763,44.73819],[0.47656,44.737],[0.47609,44.73299],[0.4763,44.73199],[0.4721,44.73054],[0.47329,44.72698],[0.46932,44.72031]]]}},{"type":"Feature","id":"fr-commune-24537","properties":{"id":"fr-commune-24537","name":"Siorac-de-Ribérac","kind":"commune","center":[0.348,45.1831],"code":"24537","department":"24"},"bbox":[0.30802,45.15551,0.38797,45.21077],"geometry":{"type":"Polygon","coordinates":[[[0.32624,45.21077],[0.32908,45.20944],[0.33135,45.20904],[0.33309,45.20949],[0.33415,45.20925],[0.33624,45.20788],[0.33909,45.20764],[0.34052,45.20694],[0.34424,45.20593],[0.3458,45.20524],[0.35139,45.20502],[0.35421,45.20421],[0.35715,45.20409],[0.3591,45.20473],[0.3607,45.20448],[0.36257,45.20342],[0.36382,45.20196],[0.36531,45.2011],[0.36541,45.19984],[0.36855,45.19869],[0.36868,45.19831],[0.37431,45.19895],[0.37769,45.19855],[0.38111,45.19861],[0.38401,45.19812],[0.38447,45.196],[0.38368,45.19369],[0.38208,45.19156],[0.38131,45.18869],[0.38027,45.18759],[0.37684,45.18651],[0.37366,45.18605],[0.3797,45.18004],[0.38122,45.17922],[0.38342,45.17739],[0.38797,45.17519],[0.38434,45.17451],[0.38092,45.17287],[0.37884,45.17258],[0.37874,45.16939],[0.37749,45.16819],[0.3758,45.16793],[0.37412,45.16848],[0.37125,45.16865],[0.36824,45.16776],[0.36667,45.1667],[0.36573,45.16643],[0.36281,45.1669],[0.36001,45.168],[0.35641,45.16826],[0.35408,45.16689],[0.35056,45.16575],[0.34803,45.16427],[0.34781,45.16343],[0.34636,45.16242],[0.34434,45.16284],[0.34292,45.16547],[0.3435,45.16593],[0.34263,45.16719],[0.34072,45.16782],[0.33751,45.17019],[0.33421,45.17115],[0.33248,45.1714],[0.3304,45.1712],[0.32916,45.17157],[0.32723,45.17114],[0.32689,45.16886],[0.32727,45.16737],[0.3269,45.16426],[0.32533,45.16301],[0.32375,45.16062],[0.32339,45.15764],[0.31955,45.15664],[0.31675,45.15551],[0.31567,45.1564],[0.31431,45.15666],[0.31062,45.16005],[0.30829,45.16157],[0.30802,45.16294],[0.30981,45.16378],[0.31116,45.16648],[0.31089,45.16892],[0.31,45.1709],[0.31043,45.17207],[0.31164,45.17199],[0.31422,45.17806],[0.31891,45.18208],[0.32148,45.18363],[0.32229,45.18507],[0.32362,45.18612],[0.32142,45.18859],[0.32097,45.19095],[0.32152,45.19385],[0.32321,45.19656],[0.32296,45.19791],[0.32442,45.20048],[0.32547,45.20154],[0.32536,45.20271],[0.32639,45.20663],[0.32593,45.20812],[0.32617,45.20928],[0.32487,45.21014],[0.32624,45.21077]]]}},{"type":"Feature","id":"fr-commune-24538","properties":{"id":"fr-commune-24538","name":"Siorac-en-Périgord","kind":"commune","center":[0.9726,44.8214],"code":"24538","department":"24"},"bbox":[0.93164,44.79876,1.01359,44.84405],"geometry":{"type":"Polygon","coordinates":[[[0.97091,44.79876],[0.96953,44.80126],[0.96507,44.80255],[0.9638,44.80435],[0.95897,44.80562],[0.95771,44.80681],[0.95704,44.80809],[0.95518,44.80927],[0.95546,44.81084],[0.9593,44.81041],[0.96037,44.8096],[0.9619,44.80922],[0.96024,44.81471],[0.95891,44.81773],[0.95757,44.81862],[0.95229,44.82145],[0.9503,44.82227],[0.94841,44.82445],[0.94906,44.8261],[0.94851,44.82797],[0.94878,44.83099],[0.94742,44.83378],[0.945,44.83487],[0.94217,44.83578],[0.93917,44.83792],[0.93613,44.83956],[0.93424,44.84],[0.93181,44.84176],[0.93164,44.84257],[0.93489,44.84376],[0.93674,44.84405],[0.93923,44.844],[0.94342,44.84242],[0.94853,44.83932],[0.9501,44.83766],[0.95121,44.83568],[0.95203,44.83303],[0.95147,44.83122],[0.95249,44.82914],[0.95572,44.82693],[0.95934,44.82552],[0.96162,44.82513],[0.96694,44.82492],[0.97057,44.82533],[0.97462,44.82725],[0.97746,44.82801],[0.97967,44.82807],[0.98302,44.82772],[0.98941,44.82634],[0.99199,44.82594],[0.99943,44.82557],[1.00337,44.82637],[1.00358,44.82543],[1.00497,44.82461],[1.00677,44.82447],[1.00841,44.82205],[1.00776,44.81985],[1.00958,44.81884],[1.0134,44.81734],[1.01236,44.81586],[1.01277,44.81445],[1.01017,44.81376],[1.00852,44.81235],[1.01186,44.81048],[1.01359,44.80925],[1.01252,44.80867],[1.01102,44.80922],[1.00702,44.81147],[1.00623,44.81025],[1.00727,44.80802],[1.006,44.80744],[1.00757,44.80453],[1.00458,44.80435],[1.00394,44.80442],[1.00277,44.80673],[1.00125,44.80556],[0.99898,44.80457],[0.99682,44.80551],[0.994,44.8055],[0.98866,44.80358],[0.98731,44.80196],[0.98526,44.80154],[0.98127,44.80239],[0.97682,44.80147],[0.97403,44.80158],[0.97186,44.79999],[0.97091,44.79876]]]}},{"type":"Feature","id":"fr-commune-24540","properties":{"id":"fr-commune-24540","name":"Sorges et Ligueux en Périgord","kind":"commune","center":[0.8505,45.2929],"code":"24540","department":"24"},"bbox":[0.78818,45.25513,0.91275,45.33071],"geometry":{"type":"Polygon","coordinates":[[[0.78821,45.26778],[0.78939,45.27088],[0.79098,45.27211],[0.79155,45.27347],[0.79328,45.27611],[0.79453,45.27719],[0.79572,45.27947],[0.79554,45.28017],[0.79727,45.28271],[0.79401,45.28371],[0.79239,45.28514],[0.78842,45.28691],[0.79187,45.29064],[0.79993,45.29687],[0.79762,45.29689],[0.79574,45.29752],[0.79523,45.30135],[0.79307,45.30343],[0.78902,45.30554],[0.79064,45.30647],[0.79034,45.30737],[0.78818,45.30896],[0.79626,45.31281],[0.80302,45.31618],[0.80453,45.31747],[0.80736,45.3193],[0.8108,45.32058],[0.81365,45.32241],[0.82045,45.32301],[0.82224,45.32342],[0.82342,45.3232],[0.82463,45.32382],[0.8312,45.3258],[0.83277,45.32679],[0.83774,45.32827],[0.83833,45.32723],[0.83982,45.32815],[0.84321,45.32918],[0.8457,45.33071],[0.84674,45.32998],[0.84732,45.32796],[0.84837,45.3267],[0.84934,45.32458],[0.85116,45.32388],[0.85459,45.32335],[0.85621,45.32423],[0.85912,45.32309],[0.86068,45.32296],[0.8631,45.32477],[0.86764,45.32428],[0.87161,45.32345],[0.87169,45.32499],[0.87372,45.32454],[0.87537,45.32371],[0.87521,45.3224],[0.87861,45.32177],[0.87952,45.32245],[0.88065,45.32182],[0.88302,45.32357],[0.88232,45.32631],[0.8857,45.32873],[0.88739,45.32795],[0.88841,45.32919],[0.89043,45.3278],[0.8935,45.32658],[0.8953,45.32787],[0.89733,45.32826],[0.89939,45.32758],[0.90146,45.3265],[0.90735,45.32773],[0.91275,45.32645],[0.91167,45.32436],[0.90752,45.3217],[0.90773,45.32005],[0.90512,45.31969],[0.90402,45.31873],[0.90362,45.31722],[0.90142,45.31578],[0.90074,45.31462],[0.90131,45.31351],[0.90072,45.31186],[0.90018,45.31057],[0.90072,45.30967],[0.90036,45.30843],[0.90058,45.30663],[0.89783,45.30469],[0.89814,45.30403],[0.89783,45.30065],[0.89865,45.29921],[0.89791,45.29805],[0.89755,45.29544],[0.89639,45.29368],[0.89754,45.2915],[0.89658,45.28819],[0.89806,45.28733],[0.89301,45.28388],[0.89381,45.28299],[0.89281,45.28245],[0.89067,45.28245],[0.89103,45.28036],[0.8846,45.28189],[0.88374,45.27976],[0.88412,45.27885],[0.88264,45.27774],[0.88071,45.27816],[0.88024,45.27482],[0.88056,45.26979],[0.87967,45.2681],[0.87821,45.26674],[0.87438,45.26622],[0.87018,45.26456],[0.87046,45.26254],[0.8714,45.25952],[0.86933,45.25966],[0.86723,45.25876],[0.8645,45.25959],[0.86184,45.25875],[0.85931,45.26045],[0.85602,45.25993],[0.85221,45.2613],[0.85036,45.25955],[0.84783,45.26003],[0.84498,45.25937],[0.84182,45.2595],[0.84112,45.25822],[0.83966,45.25808],[0.83814,45.25887],[0.83499,45.25794],[0.83274,45.25841],[0.82869,45.25797],[0.82686,45.2565],[0.82394,45.25689],[0.82264,45.2583],[0.8216,45.26064],[0.81896,45.25877],[0.81765,45.25707],[0.8148,45.25513],[0.81047,45.25994],[0.8116,45.26066],[0.80669,45.26299],[0.80489,45.26402],[0.80161,45.26401],[0.7976,45.26512],[0.79491,45.26562],[0.79467,45.26614],[0.79207,45.26737],[0.78935,45.26724],[0.78821,45.26778]]]}},{"type":"Feature","id":"fr-commune-24541","properties":{"id":"fr-commune-24541","name":"Soudat","kind":"commune","center":[0.568,45.6232],"code":"24541","department":"24"},"bbox":[0.53845,45.60502,0.59757,45.64129],"geometry":{"type":"MultiPolygon","coordinates":[[[[0.56195,45.63321],[0.56303,45.63154],[0.5648,45.62965],[0.56758,45.62758],[0.56874,45.62612],[0.57042,45.62649],[0.57371,45.62622],[0.57432,45.62721],[0.57876,45.62892],[0.58098,45.63008],[0.58402,45.63068],[0.58622,45.62926],[0.58638,45.62875],[0.59222,45.6298],[0.59621,45.62603],[0.59757,45.62528],[0.59624,45.62241],[0.59411,45.62072],[0.59252,45.61829],[0.59245,45.6172],[0.58995,45.61472],[0.58918,45.61328],[0.58947,45.61121],[0.58495,45.61235],[0.58253,45.61128],[0.58022,45.61147],[0.57605,45.6105],[0.57401,45.61064],[0.56949,45.61031],[0.5676,45.61057],[0.56691,45.60984],[0.5647,45.60978],[0.56191,45.60899],[0.55909,45.60778],[0.55786,45.6076],[0.55376,45.60502],[0.55187,45.60655],[0.5507,45.60702],[0.55074,45.60867],[0.55173,45.60905],[0.55106,45.61095],[0.5514,45.61172],[0.54961,45.6136],[0.54773,45.61361],[0.54757,45.61457],[0.54927,45.61611],[0.54841,45.61773],[0.54918,45.61889],[0.55023,45.61865],[0.55141,45.62009],[0.55108,45.62157],[0.55143,45.62347],[0.5487,45.62396],[0.5495,45.62491],[0.54764,45.62632],[0.54494,45.62535],[0.54442,45.62366],[0.54325,45.62393],[0.54263,45.62296],[0.54115,45.62436],[0.54038,45.62662],[0.53845,45.62873],[0.53996,45.62948],[0.54016,45.63119],[0.54079,45.63156],[0.54272,45.62939],[0.54416,45.63067],[0.54653,45.62868],[0.54685,45.63085],[0.5459,45.63223],[0.54261,45.63307],[0.54687,45.63514],[0.54907,45.63354],[0.55045,45.63441],[0.55224,45.63467],[0.55847,45.6322],[0.55999,45.63299],[0.56195,45.63321]]],[[[0.57545,45.64093],[0.57643,45.64127],[0.57936,45.64129],[0.57922,45.63887],[0.57847,45.63694],[0.57665,45.6355],[0.57581,45.63415],[0.57466,45.63129],[0.57469,45.63004],[0.56889,45.63116],[0.56258,45.6336],[0.56697,45.63503],[0.56825,45.63598],[0.57097,45.63887],[0.57545,45.64093]]]]}},{"type":"Feature","id":"fr-commune-24542","properties":{"id":"fr-commune-24542","name":"Soulaures","kind":"commune","center":[0.9188,44.6406],"code":"24542","department":"24"},"bbox":[0.89342,44.62183,0.9441,44.65942],"geometry":{"type":"Polygon","coordinates":[[[0.93903,44.64899],[0.94137,44.64598],[0.9423,44.6455],[0.9433,44.64351],[0.94322,44.64221],[0.9441,44.64039],[0.93963,44.63997],[0.93452,44.63793],[0.93218,44.63645],[0.92947,44.63554],[0.92766,44.63543],[0.92564,44.63433],[0.92304,44.63117],[0.92181,44.62803],[0.91834,44.62616],[0.91566,44.62507],[0.91346,44.62449],[0.90968,44.62245],[0.90759,44.62183],[0.90497,44.62229],[0.90087,44.62343],[0.89953,44.62485],[0.89731,44.62564],[0.89504,44.62732],[0.89594,44.62901],[0.8943,44.62994],[0.89342,44.63152],[0.89506,44.63291],[0.89503,44.63453],[0.89555,44.63756],[0.89486,44.64047],[0.8972,44.64155],[0.89474,44.64402],[0.89389,44.64653],[0.8945,44.64781],[0.89702,44.64905],[0.90067,44.65123],[0.90161,44.65278],[0.89969,44.65581],[0.8992,44.65756],[0.89991,44.65856],[0.90171,44.65865],[0.90488,44.65783],[0.90579,44.65691],[0.9065,44.65524],[0.90864,44.65433],[0.91121,44.65399],[0.91275,44.65771],[0.91556,44.65942],[0.91798,44.658],[0.91983,44.65739],[0.92247,44.6572],[0.92496,44.65637],[0.9281,44.65588],[0.93089,44.65451],[0.93632,44.6507],[0.93903,44.64899]]]}},{"type":"Feature","id":"fr-commune-24543","properties":{"id":"fr-commune-24543","name":"Sourzac","kind":"commune","center":[0.4149,45.05],"code":"24543","department":"24"},"bbox":[0.36492,45.02389,0.46514,45.07617],"geometry":{"type":"Polygon","coordinates":[[[0.45035,45.05524],[0.45561,45.05267],[0.45534,45.05152],[0.45652,45.05037],[0.45864,45.04919],[0.46119,45.04869],[0.46134,45.04811],[0.46514,45.04361],[0.46293,45.0395],[0.46052,45.03787],[0.45836,45.03621],[0.45298,45.03562],[0.44872,45.03434],[0.44977,45.03624],[0.44914,45.03758],[0.4479,45.03785],[0.44519,45.04118],[0.44416,45.04399],[0.44313,45.04476],[0.43969,45.04269],[0.4386,45.04283],[0.43714,45.04174],[0.43566,45.04136],[0.43518,45.04038],[0.43267,45.03823],[0.43112,45.03748],[0.43135,45.03634],[0.42935,45.03533],[0.4268,45.03478],[0.42448,45.03135],[0.42162,45.02628],[0.42065,45.0259],[0.41743,45.02835],[0.41589,45.03071],[0.41573,45.03165],[0.41196,45.03334],[0.40629,45.03323],[0.40252,45.03365],[0.39925,45.03341],[0.39542,45.03251],[0.39117,45.03221],[0.39162,45.03032],[0.3897,45.02985],[0.3893,45.02843],[0.38824,45.02695],[0.38642,45.02572],[0.38457,45.02605],[0.37888,45.02389],[0.37831,45.02536],[0.37377,45.02795],[0.37586,45.02917],[0.37357,45.03156],[0.37613,45.0325],[0.3758,45.03373],[0.37819,45.03547],[0.37856,45.03697],[0.37693,45.03726],[0.37684,45.03901],[0.37772,45.0404],[0.37637,45.0417],[0.37361,45.04527],[0.37188,45.04669],[0.36902,45.04803],[0.36614,45.04896],[0.36492,45.05026],[0.36555,45.05202],[0.3652,45.05332],[0.36793,45.05424],[0.3713,45.05588],[0.37391,45.05673],[0.37734,45.05717],[0.37957,45.05661],[0.38239,45.0546],[0.3868,45.05265],[0.3895,45.05219],[0.39376,45.05242],[0.39743,45.05222],[0.40426,45.05256],[0.4053,45.05243],[0.40587,45.05364],[0.40471,45.05476],[0.40114,45.05674],[0.39737,45.05799],[0.39408,45.06024],[0.39355,45.06135],[0.39347,45.06327],[0.39417,45.06521],[0.39532,45.067],[0.39662,45.06779],[0.40214,45.06831],[0.40316,45.06943],[0.40592,45.07001],[0.40877,45.06945],[0.40985,45.06992],[0.41142,45.06933],[0.41579,45.06909],[0.41915,45.06928],[0.42232,45.07039],[0.42329,45.07215],[0.42952,45.07465],[0.43255,45.07617],[0.43516,45.07423],[0.43969,45.07187],[0.4416,45.07163],[0.44355,45.06958],[0.44456,45.0672],[0.44434,45.06436],[0.44539,45.06157],[0.4457,45.05967],[0.44673,45.05818],[0.44897,45.05582],[0.45035,45.05524]]]}},{"type":"Feature","id":"fr-commune-24544","properties":{"id":"fr-commune-24544","name":"Tamniès","kind":"commune","center":[1.1467,44.9732],"code":"24544","department":"24"},"bbox":[1.10224,44.94629,1.19112,45.00027],"geometry":{"type":"Polygon","coordinates":[[[1.106,44.97894],[1.10959,44.98111],[1.10984,44.98191],[1.11165,44.9824],[1.11286,44.98326],[1.11567,44.98439],[1.11818,44.98698],[1.12061,44.98468],[1.12216,44.98405],[1.12379,44.98392],[1.12865,44.98294],[1.13138,44.9831],[1.13379,44.98274],[1.13613,44.98192],[1.13766,44.98437],[1.13688,44.98889],[1.13545,44.99088],[1.13668,44.99371],[1.13634,44.99612],[1.13692,44.99856],[1.1363,44.99913],[1.1371,45.00027],[1.139,44.99935],[1.14138,44.99871],[1.14447,44.99708],[1.14639,44.99702],[1.14929,44.99761],[1.15191,44.9963],[1.15521,44.99677],[1.15779,44.99757],[1.16492,44.99507],[1.16533,44.99317],[1.16616,44.99182],[1.16977,44.99012],[1.17149,44.98969],[1.17274,44.99069],[1.17532,44.99134],[1.17791,44.99074],[1.17971,44.99117],[1.1824,44.98898],[1.18457,44.98829],[1.18913,44.9885],[1.18915,44.98541],[1.18987,44.98374],[1.18928,44.98163],[1.18972,44.97976],[1.18955,44.9779],[1.19112,44.97724],[1.18804,44.97657],[1.18529,44.97384],[1.18415,44.97226],[1.18327,44.97331],[1.17954,44.97216],[1.17876,44.97161],[1.17642,44.96884],[1.17406,44.96641],[1.16947,44.96576],[1.1685,44.96514],[1.16497,44.96486],[1.16703,44.9621],[1.16979,44.96056],[1.16928,44.9598],[1.1699,44.95845],[1.17158,44.95629],[1.17168,44.9549],[1.17146,44.94995],[1.16983,44.94892],[1.17103,44.94766],[1.17104,44.94631],[1.1665,44.94629],[1.165,44.94674],[1.1646,44.94787],[1.16731,44.94829],[1.16654,44.95012],[1.1695,44.94989],[1.16967,44.95086],[1.16868,44.95216],[1.167,44.95165],[1.16444,44.95372],[1.16433,44.95455],[1.16671,44.95598],[1.16716,44.95807],[1.16587,44.95949],[1.16306,44.95824],[1.16149,44.95904],[1.15797,44.95874],[1.15788,44.95768],[1.15602,44.95751],[1.15108,44.95904],[1.15006,44.96031],[1.14796,44.95976],[1.14706,44.96053],[1.14814,44.96185],[1.14638,44.9623],[1.142,44.95891],[1.1392,44.95845],[1.13854,44.95935],[1.13702,44.95963],[1.13701,44.95795],[1.13416,44.95795],[1.13138,44.95932],[1.12828,44.95839],[1.12768,44.95892],[1.1266,44.96136],[1.12146,44.96528],[1.11936,44.96589],[1.11752,44.96582],[1.11567,44.96652],[1.11564,44.96765],[1.11243,44.96959],[1.11135,44.96998],[1.10954,44.97159],[1.10634,44.97286],[1.10511,44.97433],[1.10224,44.97515],[1.10317,44.97611],[1.10536,44.97717],[1.106,44.97894]]]}},{"type":"Feature","id":"fr-commune-24545","properties":{"id":"fr-commune-24545","name":"Teillots","kind":"commune","center":[1.215,45.2611],"code":"24545","department":"24"},"bbox":[1.18782,45.23983,1.24202,45.28243],"geometry":{"type":"Polygon","coordinates":[[[1.2393,45.26063],[1.24069,45.25533],[1.24071,45.25425],[1.24182,45.25263],[1.24031,45.25133],[1.23978,45.24987],[1.23821,45.24735],[1.23754,45.2451],[1.23872,45.24424],[1.23989,45.24195],[1.24199,45.24017],[1.2356,45.23983],[1.23391,45.23983],[1.23339,45.24072],[1.23043,45.24227],[1.22826,45.24283],[1.22249,45.24252],[1.22119,45.24286],[1.21725,45.24537],[1.21583,45.24726],[1.21219,45.25021],[1.21,45.25129],[1.20716,45.25224],[1.20613,45.253],[1.20308,45.25345],[1.1993,45.25461],[1.19263,45.25732],[1.19079,45.25837],[1.18782,45.25723],[1.18784,45.25906],[1.19058,45.2594],[1.19468,45.26307],[1.19664,45.26503],[1.1997,45.26666],[1.20182,45.26831],[1.20347,45.26778],[1.2045,45.26915],[1.20194,45.27286],[1.20277,45.27567],[1.20412,45.27837],[1.20531,45.28243],[1.20716,45.28159],[1.20961,45.27925],[1.21117,45.27876],[1.21151,45.27797],[1.21648,45.27572],[1.2171,45.27451],[1.21849,45.27365],[1.21924,45.27234],[1.22286,45.27146],[1.22649,45.27166],[1.22833,45.2722],[1.23254,45.27176],[1.23382,45.27059],[1.23582,45.26964],[1.23696,45.26852],[1.2397,45.26772],[1.24176,45.26645],[1.24202,45.26536],[1.23938,45.26247],[1.2393,45.26063]]]}},{"type":"Feature","id":"fr-commune-24546","properties":{"id":"fr-commune-24546","name":"Temple-Laguyon","kind":"commune","center":[1.0978,45.2319],"code":"24546","department":"24"},"bbox":[1.08469,45.22191,1.11083,45.24192],"geometry":{"type":"Polygon","coordinates":[[[1.10891,45.23467],[1.11083,45.22973],[1.10893,45.22722],[1.10692,45.22533],[1.10748,45.22403],[1.10623,45.22268],[1.10478,45.22213],[1.10158,45.22235],[1.09928,45.22278],[1.09626,45.22195],[1.09336,45.22191],[1.09029,45.22478],[1.08988,45.22824],[1.08673,45.23223],[1.08469,45.23385],[1.08586,45.23484],[1.08807,45.23869],[1.08948,45.2399],[1.09262,45.24192],[1.09557,45.24062],[1.09851,45.24079],[1.0997,45.23984],[1.10192,45.23895],[1.10797,45.23587],[1.10891,45.23467]]]}},{"type":"Feature","id":"fr-commune-24547","properties":{"id":"fr-commune-24547","name":"Terrasson-Lavilledieu","kind":"commune","center":[1.3022,45.118],"code":"24547","department":"24"},"bbox":[1.25189,45.07735,1.3524,45.15874],"geometry":{"type":"Polygon","coordinates":[[[1.35214,45.14139],[1.3524,45.1403],[1.35173,45.13846],[1.35195,45.1373],[1.35159,45.1349],[1.35201,45.13414],[1.35065,45.13358],[1.34941,45.1322],[1.34975,45.13049],[1.35045,45.12945],[1.34972,45.12822],[1.34938,45.12646],[1.34834,45.12571],[1.34948,45.12479],[1.35037,45.12201],[1.3464,45.11995],[1.34393,45.1197],[1.34315,45.1188],[1.34025,45.1176],[1.34017,45.11499],[1.33924,45.11498],[1.3386,45.11381],[1.33758,45.11398],[1.33651,45.11226],[1.3313,45.1048],[1.32787,45.10033],[1.32553,45.09776],[1.32494,45.09626],[1.32397,45.09524],[1.32233,45.09202],[1.32015,45.09007],[1.31959,45.08723],[1.31767,45.08592],[1.3149,45.08467],[1.31467,45.08285],[1.31222,45.08217],[1.31163,45.0844],[1.31007,45.08507],[1.3105,45.08216],[1.30673,45.0788],[1.30588,45.07973],[1.30399,45.07907],[1.30329,45.07782],[1.30196,45.07777],[1.29976,45.0803],[1.29782,45.0807],[1.2962,45.08032],[1.29326,45.07802],[1.28776,45.07735],[1.28379,45.07802],[1.28167,45.07801],[1.28152,45.07873],[1.28299,45.0807],[1.28669,45.08132],[1.28891,45.08354],[1.28634,45.08471],[1.28602,45.08588],[1.28168,45.08514],[1.27952,45.08631],[1.27818,45.0891],[1.28028,45.08889],[1.28194,45.08978],[1.28285,45.09082],[1.28486,45.09154],[1.28532,45.09361],[1.28214,45.09299],[1.28029,45.09449],[1.27866,45.09686],[1.27748,45.09795],[1.27563,45.0989],[1.27411,45.10021],[1.26981,45.10142],[1.26871,45.09996],[1.26681,45.09864],[1.26551,45.09942],[1.26419,45.09916],[1.26276,45.1002],[1.26309,45.10141],[1.26216,45.10377],[1.26139,45.10443],[1.2607,45.11435],[1.25973,45.11628],[1.25791,45.1166],[1.25781,45.11925],[1.25615,45.11912],[1.25386,45.11942],[1.25513,45.12135],[1.25805,45.12384],[1.25886,45.1254],[1.25827,45.12738],[1.25732,45.13319],[1.25856,45.13646],[1.25953,45.14023],[1.26226,45.14069],[1.26041,45.14341],[1.25916,45.1444],[1.25941,45.14855],[1.25673,45.15054],[1.25687,45.15233],[1.2549,45.15238],[1.25276,45.15297],[1.25189,45.1536],[1.2525,45.15408],[1.25238,45.15568],[1.25284,45.15693],[1.25445,45.15874],[1.25803,45.15789],[1.26095,45.15854],[1.26143,45.15741],[1.26082,45.15625],[1.2615,45.15513],[1.2652,45.15545],[1.27132,45.15415],[1.27143,45.1523],[1.27269,45.15083],[1.27652,45.15055],[1.27863,45.15141],[1.28079,45.149],[1.28418,45.14619],[1.28793,45.14382],[1.29387,45.13892],[1.2964,45.1399],[1.29876,45.14178],[1.29974,45.14093],[1.30027,45.13824],[1.30098,45.13746],[1.30428,45.13836],[1.30679,45.13841],[1.30943,45.13464],[1.31066,45.13664],[1.31319,45.13954],[1.31453,45.14072],[1.31854,45.14273],[1.32204,45.14309],[1.32423,45.14244],[1.32654,45.13968],[1.32832,45.13849],[1.32992,45.1379],[1.33215,45.13762],[1.33812,45.13806],[1.34327,45.13935],[1.34792,45.14193],[1.35052,45.14202],[1.35214,45.14139]]]}},{"type":"Feature","id":"fr-commune-24548","properties":{"id":"fr-commune-24548","name":"Teyjat","kind":"commune","center":[0.5797,45.5924],"code":"24548","department":"24"},"bbox":[0.54078,45.57235,0.6184,45.61235],"geometry":{"type":"Polygon","coordinates":[[[0.54472,45.57844],[0.5428,45.58002],[0.54184,45.58166],[0.54078,45.58254],[0.54204,45.58388],[0.54423,45.58502],[0.54736,45.5873],[0.54762,45.58817],[0.54992,45.58936],[0.5532,45.59173],[0.5522,45.59249],[0.55359,45.5932],[0.55201,45.59517],[0.55454,45.59996],[0.55339,45.6014],[0.55519,45.60216],[0.55393,45.60403],[0.55376,45.60502],[0.55786,45.6076],[0.55909,45.60778],[0.56191,45.60899],[0.5647,45.60978],[0.56691,45.60984],[0.5676,45.61057],[0.56949,45.61031],[0.57401,45.61064],[0.57605,45.6105],[0.58022,45.61147],[0.58253,45.61128],[0.58495,45.61235],[0.58947,45.61121],[0.58949,45.60942],[0.5909,45.6094],[0.59348,45.60793],[0.59533,45.60791],[0.59839,45.60553],[0.5964,45.60343],[0.59581,45.60211],[0.59585,45.6003],[0.59736,45.59854],[0.60034,45.59817],[0.60518,45.59815],[0.60846,45.59756],[0.61074,45.59677],[0.61323,45.5951],[0.61597,45.59268],[0.6159,45.59131],[0.6168,45.58947],[0.6184,45.58852],[0.618,45.58627],[0.61547,45.58322],[0.61343,45.5812],[0.60707,45.57668],[0.60409,45.57517],[0.60185,45.57358],[0.5977,45.5755],[0.59619,45.57599],[0.59352,45.5759],[0.59039,45.57458],[0.58996,45.57345],[0.5871,45.57235],[0.58522,45.57368],[0.58284,45.5764],[0.57661,45.57535],[0.57291,45.57405],[0.57237,45.57474],[0.57056,45.57459],[0.5694,45.57541],[0.56711,45.57602],[0.56602,45.5748],[0.56405,45.57453],[0.5614,45.5746],[0.5587,45.57525],[0.55747,45.57501],[0.55271,45.57572],[0.54976,45.57723],[0.54544,45.57849],[0.54472,45.57844]]]}},{"type":"Feature","id":"fr-commune-24549","properties":{"id":"fr-commune-24549","name":"Thénac","kind":"commune","center":[0.3538,44.7454],"code":"24549","department":"24"},"bbox":[0.30696,44.72274,0.40072,44.7681],"geometry":{"type":"Polygon","coordinates":[[[0.40051,44.74039],[0.39907,44.73809],[0.39921,44.73735],[0.3981,44.73578],[0.39641,44.73442],[0.38704,44.7348],[0.38463,44.73317],[0.38153,44.73208],[0.38036,44.73128],[0.37589,44.7297],[0.37512,44.7282],[0.37427,44.72849],[0.3666,44.72601],[0.36653,44.72475],[0.36506,44.72274],[0.3605,44.72304],[0.35578,44.72284],[0.35537,44.72335],[0.3504,44.72401],[0.34953,44.72363],[0.34584,44.7244],[0.34491,44.72348],[0.34096,44.72568],[0.34086,44.72863],[0.34004,44.72982],[0.33976,44.73154],[0.33821,44.73439],[0.33746,44.7342],[0.3363,44.73583],[0.33476,44.73686],[0.3353,44.73755],[0.33135,44.73846],[0.32699,44.74023],[0.32503,44.74301],[0.3244,44.74534],[0.32311,44.74756],[0.32156,44.74813],[0.32006,44.74932],[0.31993,44.75075],[0.31865,44.75176],[0.31711,44.75223],[0.31421,44.75377],[0.31071,44.75491],[0.31093,44.75547],[0.30953,44.75705],[0.30697,44.75811],[0.30696,44.75891],[0.30837,44.7604],[0.30933,44.7622],[0.31024,44.76302],[0.31215,44.76257],[0.31343,44.76421],[0.31584,44.76486],[0.3169,44.76636],[0.31793,44.76674],[0.32022,44.76442],[0.32607,44.76094],[0.32878,44.76272],[0.32974,44.76176],[0.33318,44.7619],[0.33599,44.76249],[0.33664,44.76342],[0.33832,44.76331],[0.33851,44.76446],[0.33946,44.76549],[0.34419,44.76453],[0.35073,44.76447],[0.35435,44.7639],[0.35749,44.76375],[0.35935,44.76521],[0.36071,44.76509],[0.36295,44.76608],[0.36567,44.76687],[0.36785,44.7681],[0.36841,44.76704],[0.36777,44.76308],[0.36742,44.76109],[0.36771,44.75913],[0.36968,44.75627],[0.37056,44.75385],[0.37458,44.75287],[0.37812,44.75394],[0.3789,44.75372],[0.38531,44.75584],[0.38607,44.75348],[0.3859,44.75146],[0.38773,44.75093],[0.38866,44.74933],[0.38963,44.74881],[0.39057,44.74703],[0.39202,44.74738],[0.39323,44.74593],[0.39672,44.74329],[0.4003,44.74349],[0.40072,44.74254],[0.40051,44.74039]]]}},{"type":"Feature","id":"fr-commune-24550","properties":{"id":"fr-commune-24550","name":"Thenon","kind":"commune","center":[1.0631,45.1354],"code":"24550","department":"24"},"bbox":[1.01473,45.10621,1.11145,45.16463],"geometry":{"type":"Polygon","coordinates":[[[1.02756,45.11093],[1.02484,45.11348],[1.0248,45.11528],[1.0227,45.11735],[1.02232,45.11995],[1.02066,45.1219],[1.01589,45.12219],[1.01473,45.12286],[1.01574,45.12485],[1.01911,45.12426],[1.01998,45.12535],[1.01963,45.12859],[1.01864,45.13016],[1.02108,45.13024],[1.02089,45.13103],[1.02343,45.13406],[1.02434,45.1335],[1.02528,45.13158],[1.02669,45.13184],[1.03004,45.13082],[1.03187,45.13051],[1.03337,45.13158],[1.0348,45.13203],[1.03874,45.13403],[1.03925,45.13511],[1.03916,45.13807],[1.03989,45.13934],[1.04113,45.13995],[1.04239,45.14301],[1.04417,45.14516],[1.04692,45.1475],[1.04877,45.14985],[1.04886,45.15102],[1.04799,45.15218],[1.04678,45.1556],[1.04539,45.15838],[1.04557,45.15929],[1.04693,45.15971],[1.0505,45.15973],[1.0513,45.16042],[1.05405,45.161],[1.05589,45.16172],[1.05994,45.16388],[1.064,45.16463],[1.06504,45.1636],[1.06863,45.16366],[1.07064,45.16308],[1.07426,45.16145],[1.07789,45.16174],[1.07902,45.16057],[1.08043,45.15982],[1.07909,45.15638],[1.08137,45.1556],[1.08195,45.15728],[1.08294,45.15836],[1.08635,45.15371],[1.08845,45.15214],[1.08981,45.14973],[1.09056,45.14756],[1.09206,45.14812],[1.09761,45.1492],[1.09992,45.14803],[1.1002,45.14695],[1.09711,45.14564],[1.09551,45.14346],[1.09463,45.14125],[1.09545,45.13893],[1.09508,45.13727],[1.09301,45.13617],[1.09712,45.13201],[1.09781,45.13178],[1.09788,45.13001],[1.0954,45.12947],[1.09483,45.12866],[1.09075,45.12739],[1.09047,45.12522],[1.08964,45.12307],[1.09266,45.12343],[1.0918,45.12099],[1.09391,45.12157],[1.09658,45.12141],[1.09889,45.1223],[1.10036,45.12212],[1.10118,45.12301],[1.1027,45.12278],[1.10378,45.12202],[1.10319,45.12098],[1.10541,45.11972],[1.10533,45.1189],[1.10674,45.11843],[1.1101,45.11845],[1.11145,45.11687],[1.10967,45.11599],[1.10892,45.11681],[1.10702,45.11666],[1.10555,45.11731],[1.10463,45.11678],[1.10321,45.11489],[1.10324,45.11234],[1.10069,45.11207],[1.09998,45.11075],[1.09586,45.11187],[1.09366,45.11203],[1.09351,45.11387],[1.09053,45.11463],[1.0894,45.11555],[1.08877,45.11315],[1.08758,45.11104],[1.08622,45.1104],[1.08667,45.10971],[1.08464,45.10881],[1.07731,45.1106],[1.06923,45.10979],[1.06475,45.10973],[1.05791,45.10845],[1.05158,45.11089],[1.05068,45.11141],[1.04593,45.11673],[1.04463,45.11269],[1.04128,45.10987],[1.03994,45.10661],[1.03825,45.10621],[1.03667,45.10685],[1.03464,45.10675],[1.03315,45.10746],[1.02917,45.10765],[1.02974,45.10843],[1.03265,45.11044],[1.03367,45.11153],[1.03299,45.11235],[1.02756,45.11093]]]}},{"type":"Feature","id":"fr-commune-24551","properties":{"id":"fr-commune-24551","name":"Thiviers","kind":"commune","center":[0.9064,45.4262],"code":"24551","department":"24"},"bbox":[0.86401,45.38733,0.94877,45.46502],"geometry":{"type":"Polygon","coordinates":[[[0.94512,45.39841],[0.94437,45.39807],[0.93563,45.39547],[0.93491,45.39665],[0.9324,45.39895],[0.9298,45.39998],[0.92912,45.40108],[0.9296,45.40309],[0.92961,45.40503],[0.92908,45.40616],[0.92725,45.40779],[0.92583,45.40771],[0.92568,45.40448],[0.92512,45.40384],[0.92238,45.40267],[0.92198,45.40169],[0.9201,45.40076],[0.91759,45.40069],[0.91658,45.40165],[0.91572,45.40327],[0.91476,45.40382],[0.91377,45.40214],[0.91184,45.4007],[0.90726,45.3988],[0.90504,45.39809],[0.90373,45.39723],[0.90266,45.3953],[0.89761,45.39611],[0.89105,45.40031],[0.88964,45.39902],[0.88743,45.39787],[0.88517,45.39611],[0.87886,45.39188],[0.87713,45.39035],[0.87457,45.38733],[0.86803,45.39085],[0.86401,45.39458],[0.86575,45.39517],[0.8692,45.39588],[0.87239,45.39715],[0.87732,45.39782],[0.88382,45.401],[0.8831,45.40164],[0.88299,45.40405],[0.88354,45.40517],[0.88576,45.40724],[0.88835,45.40716],[0.88802,45.4134],[0.88724,45.41392],[0.88696,45.41711],[0.88613,45.41841],[0.88729,45.41981],[0.88636,45.42282],[0.88726,45.42566],[0.88586,45.42641],[0.88298,45.42643],[0.88234,45.42818],[0.88117,45.42991],[0.88221,45.43094],[0.88271,45.43249],[0.88426,45.43185],[0.88562,45.43293],[0.88763,45.4337],[0.88897,45.43624],[0.89058,45.4367],[0.89392,45.43544],[0.89525,45.43639],[0.89786,45.43701],[0.89817,45.43811],[0.89545,45.43808],[0.89324,45.43879],[0.89289,45.44005],[0.89342,45.44215],[0.89173,45.4438],[0.89176,45.44504],[0.89098,45.44732],[0.891,45.44841],[0.89244,45.44976],[0.89295,45.45104],[0.8955,45.45117],[0.89536,45.45293],[0.89586,45.45561],[0.89853,45.45745],[0.89835,45.4592],[0.8994,45.46074],[0.90244,45.46149],[0.90219,45.46322],[0.90513,45.46312],[0.90569,45.46392],[0.90805,45.46356],[0.91085,45.46261],[0.9135,45.46384],[0.91663,45.46357],[0.9185,45.46292],[0.92305,45.46062],[0.92551,45.46146],[0.92646,45.46117],[0.92899,45.46141],[0.93114,45.46212],[0.93178,45.46331],[0.93415,45.46387],[0.93545,45.46383],[0.94256,45.46502],[0.94456,45.46362],[0.9463,45.46364],[0.948,45.46179],[0.94849,45.4602],[0.94844,45.45696],[0.94877,45.45493],[0.94282,45.45109],[0.94198,45.44743],[0.94233,45.44678],[0.94142,45.44536],[0.93933,45.44368],[0.93527,45.44207],[0.93362,45.44034],[0.9351,45.43831],[0.93452,45.4359],[0.93723,45.43246],[0.93508,45.43084],[0.93684,45.42874],[0.93675,45.42664],[0.93579,45.42481],[0.93618,45.42308],[0.93586,45.42036],[0.93475,45.41911],[0.93578,45.41822],[0.93545,45.41472],[0.93423,45.41388],[0.93473,45.41247],[0.93598,45.41163],[0.9341,45.40911],[0.93462,45.40805],[0.93735,45.40752],[0.9391,45.40749],[0.94053,45.40595],[0.94031,45.40519],[0.94127,45.4022],[0.94338,45.40154],[0.94512,45.39841]]]}},{"type":"Feature","id":"fr-commune-24552","properties":{"id":"fr-commune-24552","name":"Thonac","kind":"commune","center":[1.1013,45.0358],"code":"24552","department":"24"},"bbox":[1.07049,45.01528,1.13202,45.05597],"geometry":{"type":"Polygon","coordinates":[[[1.13202,45.03592],[1.12967,45.033],[1.12925,45.03029],[1.13086,45.02671],[1.13045,45.02484],[1.12833,45.0223],[1.12642,45.02182],[1.12333,45.02165],[1.11992,45.02103],[1.11609,45.01998],[1.11218,45.01957],[1.11018,45.01888],[1.10878,45.01755],[1.10913,45.01528],[1.1077,45.01566],[1.10568,45.01754],[1.10381,45.01799],[1.09682,45.0187],[1.09709,45.02113],[1.0963,45.02286],[1.09392,45.02395],[1.0918,45.02571],[1.09094,45.02783],[1.09076,45.02967],[1.09201,45.03045],[1.09415,45.02991],[1.09449,45.03179],[1.09411,45.03257],[1.0984,45.03496],[1.0943,45.03546],[1.09253,45.03508],[1.09037,45.03544],[1.08933,45.03928],[1.08633,45.03967],[1.08345,45.04067],[1.08268,45.04158],[1.08122,45.0419],[1.08131,45.04354],[1.08212,45.04436],[1.08256,45.04586],[1.08192,45.04678],[1.08034,45.04684],[1.07836,45.0479],[1.07716,45.05003],[1.07574,45.05128],[1.07406,45.05148],[1.07108,45.05252],[1.07049,45.05302],[1.07163,45.05402],[1.07436,45.05365],[1.07663,45.05477],[1.07984,45.05358],[1.0807,45.05416],[1.08275,45.05319],[1.08791,45.05214],[1.08661,45.05513],[1.09082,45.05477],[1.09418,45.05593],[1.0961,45.05524],[1.09692,45.05597],[1.09881,45.05459],[1.09989,45.05297],[1.10137,45.05359],[1.10217,45.05194],[1.10395,45.05062],[1.10465,45.05303],[1.10426,45.05475],[1.10691,45.05378],[1.10844,45.05388],[1.10915,45.0529],[1.11219,45.05271],[1.11258,45.05158],[1.11384,45.05171],[1.11678,45.04981],[1.116,45.04827],[1.11664,45.04753],[1.11972,45.04675],[1.12138,45.04582],[1.12302,45.04575],[1.12459,45.04375],[1.12353,45.04306],[1.12275,45.04146],[1.1236,45.04003],[1.12356,45.03876],[1.12523,45.03879],[1.1266,45.03799],[1.12774,45.03797],[1.13202,45.03592]]]}},{"type":"Feature","id":"fr-commune-24553","properties":{"id":"fr-commune-24553","name":"Tocane-Saint-Apre","kind":"commune","center":[0.5005,45.2359],"code":"24553","department":"24"},"bbox":[0.45421,45.20138,0.54688,45.27044],"geometry":{"type":"Polygon","coordinates":[[[0.45438,45.21246],[0.45485,45.21462],[0.46029,45.22006],[0.45931,45.22388],[0.45843,45.22641],[0.45803,45.23219],[0.45548,45.23458],[0.455,45.23728],[0.45645,45.23902],[0.4566,45.24004],[0.45767,45.24171],[0.45692,45.24418],[0.45754,45.24794],[0.45914,45.24995],[0.45885,45.25044],[0.4557,45.25243],[0.45421,45.25207],[0.45503,45.25322],[0.45616,45.25359],[0.45808,45.25323],[0.46301,45.25429],[0.46564,45.25568],[0.4674,45.25615],[0.46868,45.25729],[0.46993,45.25725],[0.47168,45.25633],[0.47374,45.25777],[0.47548,45.25806],[0.47838,45.25943],[0.48007,45.25794],[0.48176,45.25913],[0.48347,45.25928],[0.4866,45.25903],[0.49119,45.25941],[0.49319,45.25867],[0.49735,45.25759],[0.50011,45.2578],[0.50284,45.25917],[0.50296,45.2607],[0.50364,45.26202],[0.50577,45.26289],[0.50802,45.26322],[0.51003,45.26481],[0.50982,45.26666],[0.51172,45.26802],[0.51492,45.26802],[0.51944,45.26883],[0.5212,45.26943],[0.52297,45.27044],[0.5244,45.27009],[0.52556,45.269],[0.52759,45.26807],[0.53286,45.26695],[0.53373,45.26356],[0.5347,45.26118],[0.53634,45.25934],[0.53715,45.2571],[0.53905,45.25621],[0.53955,45.25392],[0.53798,45.25218],[0.54478,45.25184],[0.54641,45.25223],[0.54688,45.25121],[0.54622,45.24905],[0.54636,45.24802],[0.54321,45.2473],[0.5402,45.24586],[0.53678,45.24594],[0.5319,45.24442],[0.53281,45.24323],[0.53377,45.24029],[0.53246,45.23963],[0.53231,45.23758],[0.53176,45.23673],[0.53236,45.23558],[0.53228,45.23356],[0.53171,45.23284],[0.53205,45.23147],[0.53026,45.22987],[0.52462,45.22646],[0.52377,45.22436],[0.5214,45.22211],[0.51997,45.2194],[0.52008,45.21781],[0.51875,45.21543],[0.51349,45.21511],[0.51197,45.21332],[0.51043,45.2121],[0.50915,45.20911],[0.5082,45.20619],[0.50339,45.20627],[0.50186,45.20538],[0.49879,45.20294],[0.49357,45.20138],[0.49126,45.20459],[0.49092,45.20582],[0.49206,45.20776],[0.49033,45.20909],[0.49031,45.21158],[0.48709,45.21116],[0.48711,45.21236],[0.48812,45.2139],[0.48536,45.21542],[0.47996,45.21155],[0.47778,45.21253],[0.47186,45.2146],[0.47277,45.21249],[0.47142,45.21143],[0.46977,45.20865],[0.46829,45.20926],[0.46469,45.21018],[0.46199,45.21027],[0.45649,45.20995],[0.45591,45.20951],[0.45517,45.21025],[0.45438,45.21246]]]}},{"type":"Feature","id":"fr-commune-24554","properties":{"id":"fr-commune-24554","name":"La Tour-Blanche-Cercles","kind":"commune","center":[0.4508,45.369],"code":"24554","department":"24"},"bbox":[0.39818,45.34757,0.50394,45.39051],"geometry":{"type":"Polygon","coordinates":[[[0.42802,45.38248],[0.43064,45.38555],[0.43299,45.38686],[0.43504,45.38765],[0.43767,45.38594],[0.43988,45.3858],[0.44123,45.38649],[0.44213,45.3843],[0.4404,45.38095],[0.44177,45.37805],[0.44465,45.3769],[0.44786,45.37893],[0.45044,45.37999],[0.45299,45.38233],[0.45711,45.38473],[0.45857,45.38657],[0.45719,45.38681],[0.45583,45.38787],[0.45552,45.38952],[0.46111,45.39051],[0.46108,45.38896],[0.46486,45.38801],[0.46667,45.38717],[0.4676,45.38924],[0.46915,45.38846],[0.46992,45.38721],[0.47194,45.38582],[0.47486,45.38473],[0.47653,45.3844],[0.47748,45.38312],[0.48003,45.38184],[0.48433,45.38295],[0.49037,45.37892],[0.4951,45.37712],[0.49806,45.37319],[0.49946,45.3722],[0.50227,45.37119],[0.50345,45.37025],[0.50394,45.3666],[0.50376,45.36459],[0.50213,45.35714],[0.50122,45.35686],[0.50013,45.35624],[0.50057,45.35503],[0.49901,45.35506],[0.49756,45.35659],[0.49541,45.35735],[0.49536,45.3563],[0.49395,45.35637],[0.49422,45.35455],[0.4932,45.35025],[0.49326,45.34887],[0.49244,45.34767],[0.49078,45.34876],[0.48943,45.34874],[0.4856,45.35018],[0.48534,45.35098],[0.48325,45.35218],[0.48237,45.35358],[0.48103,45.35313],[0.47621,45.35306],[0.47292,45.3544],[0.47241,45.35514],[0.46756,45.35641],[0.4654,45.35678],[0.46319,45.35657],[0.4611,45.35767],[0.45872,45.35762],[0.45632,45.35853],[0.45405,45.35731],[0.45304,45.3553],[0.45287,45.35402],[0.45179,45.35231],[0.45239,45.34976],[0.45256,45.34757],[0.44897,45.34921],[0.44283,45.35114],[0.43835,45.3526],[0.43607,45.3531],[0.43455,45.35284],[0.43092,45.35138],[0.42601,45.35145],[0.42202,45.35324],[0.42093,45.3518],[0.41751,45.35098],[0.41048,45.35188],[0.40868,45.35172],[0.40662,45.35205],[0.4044,45.35169],[0.4017,45.35226],[0.39818,45.35343],[0.40274,45.3563],[0.40651,45.35667],[0.40653,45.3589],[0.40517,45.36145],[0.40377,45.36538],[0.40668,45.36434],[0.40825,45.36415],[0.41065,45.36553],[0.41078,45.36743],[0.41042,45.36862],[0.41266,45.36961],[0.41366,45.36958],[0.41393,45.37209],[0.41743,45.37142],[0.41679,45.3761],[0.41782,45.37624],[0.42172,45.37554],[0.42254,45.37753],[0.42465,45.37829],[0.42833,45.38012],[0.42802,45.38248]]]}},{"type":"Feature","id":"fr-commune-24555","properties":{"id":"fr-commune-24555","name":"Tourtoirac","kind":"commune","center":[1.0481,45.2723],"code":"24555","department":"24"},"bbox":[1.0001,45.24264,1.09602,45.30265],"geometry":{"type":"Polygon","coordinates":[[[1.03739,45.29428],[1.03976,45.2956],[1.04165,45.29776],[1.04342,45.29874],[1.04665,45.30144],[1.04761,45.30265],[1.04997,45.30244],[1.05096,45.30164],[1.05247,45.30221],[1.05465,45.30215],[1.05655,45.29963],[1.0618,45.29755],[1.06252,45.29598],[1.06696,45.29423],[1.07078,45.29365],[1.07266,45.29312],[1.08129,45.29214],[1.08415,45.2916],[1.08437,45.29077],[1.08648,45.29037],[1.08452,45.28792],[1.08405,45.28544],[1.08433,45.28358],[1.08703,45.28183],[1.08757,45.27983],[1.08746,45.27815],[1.08612,45.27757],[1.08502,45.2752],[1.08293,45.27432],[1.08203,45.27203],[1.08194,45.2703],[1.08273,45.26859],[1.08751,45.26857],[1.09294,45.2669],[1.09436,45.26665],[1.0955,45.26533],[1.09515,45.26492],[1.09602,45.2619],[1.09549,45.2599],[1.09371,45.25816],[1.09147,45.25801],[1.08891,45.25644],[1.08801,45.25525],[1.08818,45.25421],[1.08934,45.25349],[1.08878,45.25227],[1.08744,45.25114],[1.08537,45.25056],[1.08399,45.24959],[1.08345,45.24667],[1.08249,45.24653],[1.08287,45.24478],[1.07753,45.24474],[1.07574,45.24524],[1.07378,45.24518],[1.07317,45.24598],[1.07029,45.24605],[1.07062,45.24712],[1.06983,45.24911],[1.06894,45.24932],[1.06619,45.24844],[1.06386,45.24849],[1.06025,45.24908],[1.05441,45.24843],[1.04629,45.24986],[1.04623,45.24856],[1.04717,45.24751],[1.04746,45.24543],[1.04628,45.24446],[1.04583,45.24283],[1.04435,45.24264],[1.0416,45.24309],[1.03818,45.24307],[1.03762,45.24353],[1.03746,45.24526],[1.03884,45.24709],[1.04223,45.24978],[1.04539,45.25099],[1.04634,45.2519],[1.04617,45.25396],[1.04424,45.25496],[1.04125,45.25394],[1.03691,45.2556],[1.0351,45.25696],[1.03376,45.25695],[1.03246,45.25778],[1.03065,45.25722],[1.02667,45.25995],[1.02653,45.26037],[1.02842,45.26234],[1.02785,45.26418],[1.02837,45.26642],[1.03074,45.2672],[1.03546,45.26757],[1.03191,45.27077],[1.02878,45.27216],[1.02467,45.27272],[1.02239,45.27372],[1.02094,45.27194],[1.01747,45.26932],[1.01476,45.26839],[1.01308,45.26853],[1.00912,45.26833],[1.0059,45.26906],[1.0001,45.27241],[1.00023,45.27335],[1.00372,45.27466],[1.00369,45.27556],[1.00554,45.27636],[1.01473,45.27809],[1.01999,45.28345],[1.02177,45.28435],[1.02756,45.28969],[1.02999,45.29085],[1.03176,45.29158],[1.03433,45.29325],[1.03739,45.29428]]]}},{"type":"Feature","id":"fr-commune-24557","properties":{"id":"fr-commune-24557","name":"Trélissac","kind":"commune","center":[0.7738,45.2114],"code":"24557","department":"24"},"bbox":[0.72718,45.18227,0.82037,45.24066],"geometry":{"type":"Polygon","coordinates":[[[0.73798,45.19676],[0.73957,45.19748],[0.74272,45.20034],[0.74625,45.20628],[0.749,45.21038],[0.75001,45.21265],[0.75161,45.21431],[0.75116,45.21763],[0.75239,45.21857],[0.75421,45.22073],[0.75516,45.22127],[0.76314,45.22472],[0.76525,45.22466],[0.76698,45.22378],[0.76839,45.22393],[0.77158,45.22547],[0.77311,45.2257],[0.77552,45.22755],[0.77982,45.22985],[0.78267,45.23349],[0.78664,45.23686],[0.79017,45.23952],[0.79104,45.24063],[0.79357,45.24009],[0.79628,45.24063],[0.79898,45.24066],[0.80272,45.23706],[0.80306,45.23617],[0.80734,45.23364],[0.81155,45.23424],[0.81334,45.23258],[0.81442,45.23057],[0.81418,45.2286],[0.81483,45.22572],[0.81687,45.22355],[0.81936,45.2223],[0.82037,45.22138],[0.81906,45.21901],[0.81748,45.21799],[0.81034,45.21572],[0.8111,45.2124],[0.81069,45.21106],[0.81076,45.20825],[0.81396,45.20595],[0.81188,45.20532],[0.8101,45.20566],[0.80727,45.20485],[0.80636,45.20402],[0.80375,45.20264],[0.80175,45.20021],[0.80109,45.19749],[0.80124,45.19341],[0.80044,45.19241],[0.79661,45.19149],[0.78892,45.18996],[0.78417,45.18925],[0.77734,45.18938],[0.77421,45.19021],[0.77153,45.19024],[0.76679,45.18876],[0.76505,45.18795],[0.76176,45.18693],[0.76071,45.18587],[0.7576,45.18454],[0.75489,45.18259],[0.75174,45.18227],[0.75022,45.18276],[0.74861,45.18384],[0.74666,45.18617],[0.74259,45.18775],[0.73972,45.18763],[0.73818,45.18771],[0.73476,45.18849],[0.73199,45.18837],[0.73076,45.18901],[0.72982,45.18844],[0.72751,45.18859],[0.72718,45.19026],[0.73374,45.1918],[0.73132,45.19463],[0.73563,45.19614],[0.73798,45.19676]]]}},{"type":"Feature","id":"fr-commune-24558","properties":{"id":"fr-commune-24558","name":"Trémolat","kind":"commune","center":[0.8295,44.8751],"code":"24558","department":"24"},"bbox":[0.79398,44.85036,0.86501,44.89986],"geometry":{"type":"Polygon","coordinates":[[[0.85344,44.85148],[0.84866,44.85051],[0.84677,44.85036],[0.84241,44.85045],[0.83479,44.85191],[0.83256,44.85258],[0.83015,44.85358],[0.82529,44.85671],[0.82346,44.85915],[0.82271,44.86093],[0.82238,44.86277],[0.82212,44.86801],[0.82207,44.87369],[0.82245,44.87683],[0.82263,44.88137],[0.82214,44.88315],[0.82109,44.88415],[0.81929,44.88501],[0.81426,44.88551],[0.80919,44.88533],[0.80709,44.88495],[0.80457,44.88399],[0.80275,44.88507],[0.80092,44.88696],[0.80046,44.88889],[0.79633,44.89282],[0.79711,44.89346],[0.79431,44.89552],[0.79398,44.89597],[0.79555,44.89745],[0.79866,44.89986],[0.80167,44.89812],[0.80524,44.89764],[0.80613,44.89705],[0.80865,44.89807],[0.81053,44.89706],[0.81429,44.89762],[0.81501,44.89668],[0.81711,44.89531],[0.8197,44.89604],[0.82136,44.89581],[0.82484,44.89672],[0.82691,44.89874],[0.82981,44.89765],[0.83157,44.89571],[0.83243,44.89623],[0.83524,44.89455],[0.83665,44.89435],[0.83773,44.89323],[0.83852,44.88862],[0.83987,44.88671],[0.83924,44.88417],[0.84015,44.88297],[0.83975,44.88112],[0.83982,44.87924],[0.84254,44.87944],[0.84334,44.87981],[0.84612,44.87897],[0.84935,44.87717],[0.85069,44.87717],[0.85436,44.87799],[0.85609,44.87593],[0.85831,44.87539],[0.8583,44.87328],[0.86033,44.87374],[0.86307,44.87359],[0.86302,44.87221],[0.86221,44.87184],[0.86206,44.86819],[0.863,44.86561],[0.86425,44.86442],[0.86501,44.86305],[0.86424,44.85987],[0.86313,44.85812],[0.85994,44.85526],[0.85637,44.85269],[0.85344,44.85148]]]}},{"type":"Feature","id":"fr-commune-24559","properties":{"id":"fr-commune-24559","name":"Tursac","kind":"commune","center":[1.0435,44.9741],"code":"24559","department":"24"},"bbox":[1.0103,44.94434,1.07683,45.00392],"geometry":{"type":"Polygon","coordinates":[[[1.01033,44.97729],[1.01176,44.97828],[1.01321,44.98049],[1.0128,44.98271],[1.0133,44.98385],[1.01747,44.98537],[1.02356,44.98508],[1.0284,44.98665],[1.02942,44.98796],[1.03282,44.98929],[1.03608,44.99228],[1.03946,44.9958],[1.04092,44.99956],[1.0462,45.00256],[1.05546,45.00392],[1.05544,45.00289],[1.05658,44.99905],[1.0562,44.99578],[1.05641,44.99372],[1.05589,44.99098],[1.05395,44.98957],[1.05306,44.98822],[1.05309,44.98671],[1.05415,44.98474],[1.05418,44.98375],[1.05827,44.98246],[1.06143,44.97971],[1.06371,44.9773],[1.067,44.97416],[1.06913,44.97318],[1.07259,44.97282],[1.07352,44.9716],[1.07479,44.97207],[1.07683,44.97051],[1.07557,44.97029],[1.07618,44.96894],[1.07456,44.96827],[1.07486,44.96635],[1.07444,44.96464],[1.07065,44.96122],[1.07065,44.96041],[1.06851,44.9596],[1.06673,44.95934],[1.06609,44.95859],[1.0632,44.95694],[1.05819,44.95553],[1.05712,44.9548],[1.05503,44.95192],[1.05279,44.95101],[1.05281,44.9491],[1.05157,44.94795],[1.05127,44.94671],[1.04554,44.94701],[1.04314,44.94677],[1.0421,44.9454],[1.03904,44.94434],[1.03815,44.94563],[1.03337,44.94457],[1.03118,44.94633],[1.03047,44.94587],[1.02897,44.94779],[1.02862,44.95138],[1.03086,44.95377],[1.03088,44.95522],[1.02832,44.95741],[1.02628,44.95837],[1.0249,44.95943],[1.0243,44.96049],[1.02383,44.96322],[1.02174,44.96329],[1.01956,44.96431],[1.01754,44.96376],[1.01592,44.96445],[1.01403,44.96647],[1.01386,44.96808],[1.01194,44.97129],[1.01135,44.97365],[1.0103,44.97499],[1.01033,44.97729]]]}},{"type":"Feature","id":"fr-commune-24560","properties":{"id":"fr-commune-24560","name":"Urval","kind":"commune","center":[0.9365,44.8011],"code":"24560","department":"24"},"bbox":[0.90107,44.77605,0.97276,44.8261],"geometry":{"type":"Polygon","coordinates":[[[0.97091,44.79876],[0.97276,44.79651],[0.96999,44.79645],[0.96785,44.79488],[0.96471,44.79331],[0.96154,44.79146],[0.95937,44.7911],[0.95785,44.79023],[0.95435,44.78891],[0.9485,44.78498],[0.94775,44.78421],[0.94842,44.78243],[0.94517,44.77971],[0.94474,44.7788],[0.94216,44.77605],[0.93519,44.7794],[0.9317,44.78138],[0.92276,44.78553],[0.91696,44.78834],[0.91512,44.78982],[0.91403,44.79089],[0.91082,44.79492],[0.91003,44.79675],[0.90853,44.79886],[0.90559,44.80127],[0.90445,44.80155],[0.90107,44.80369],[0.90552,44.80292],[0.90875,44.80331],[0.91576,44.80132],[0.91887,44.80143],[0.91901,44.80246],[0.92041,44.80365],[0.92069,44.80456],[0.92275,44.8056],[0.92446,44.80693],[0.92555,44.80639],[0.92663,44.80747],[0.93124,44.80859],[0.93409,44.80971],[0.93582,44.81083],[0.9367,44.81365],[0.93544,44.81427],[0.93546,44.81506],[0.93811,44.81823],[0.94297,44.82222],[0.94418,44.82352],[0.94727,44.82482],[0.94814,44.82599],[0.94906,44.8261],[0.94841,44.82445],[0.9503,44.82227],[0.95229,44.82145],[0.95757,44.81862],[0.95891,44.81773],[0.96024,44.81471],[0.9619,44.80922],[0.96037,44.8096],[0.9593,44.81041],[0.95546,44.81084],[0.95518,44.80927],[0.95704,44.80809],[0.95771,44.80681],[0.95897,44.80562],[0.9638,44.80435],[0.96507,44.80255],[0.96953,44.80126],[0.97091,44.79876]]]}},{"type":"Feature","id":"fr-commune-24562","properties":{"id":"fr-commune-24562","name":"Vallereuil","kind":"commune","center":[0.5011,45.0707],"code":"24562","department":"24"},"bbox":[0.47725,45.0536,0.52487,45.08776],"geometry":{"type":"Polygon","coordinates":[[[0.49539,45.0536],[0.4943,45.05429],[0.4929,45.05607],[0.49339,45.05811],[0.49207,45.05883],[0.4902,45.05917],[0.48584,45.06122],[0.48669,45.06321],[0.48348,45.06365],[0.48268,45.06565],[0.48436,45.06683],[0.48356,45.06872],[0.48138,45.06975],[0.4806,45.07161],[0.48065,45.07407],[0.47846,45.0759],[0.47825,45.07717],[0.47725,45.07939],[0.47818,45.08267],[0.4785,45.08585],[0.47967,45.08584],[0.48292,45.0875],[0.49077,45.08766],[0.49151,45.08706],[0.49335,45.08677],[0.49431,45.08585],[0.49856,45.08588],[0.49916,45.08629],[0.50121,45.08478],[0.5041,45.0854],[0.50503,45.0859],[0.50729,45.08575],[0.50798,45.08702],[0.51137,45.08776],[0.51247,45.08771],[0.514,45.08675],[0.51338,45.08541],[0.512,45.08416],[0.5118,45.08304],[0.51333,45.08074],[0.51256,45.07989],[0.51351,45.07704],[0.51471,45.07635],[0.51628,45.07472],[0.5174,45.07426],[0.5178,45.0732],[0.51968,45.07116],[0.52118,45.0702],[0.5224,45.07018],[0.52293,45.06879],[0.52487,45.06741],[0.52236,45.06516],[0.52126,45.06291],[0.51943,45.06122],[0.51763,45.06184],[0.51538,45.06175],[0.51376,45.06065],[0.51115,45.06047],[0.50997,45.05872],[0.50607,45.05581],[0.50536,45.05448],[0.50159,45.05523],[0.50096,45.05382],[0.49539,45.0536]]]}},{"type":"Feature","id":"fr-commune-24563","properties":{"id":"fr-commune-24563","name":"Valojoulx","kind":"commune","center":[1.1498,45.0144],"code":"24563","department":"24"},"bbox":[1.12333,44.98969,1.17627,45.03919],"geometry":{"type":"Polygon","coordinates":[[[1.12333,45.02165],[1.12642,45.02182],[1.12833,45.0223],[1.13045,45.02484],[1.13086,45.02671],[1.12925,45.03029],[1.12967,45.033],[1.13202,45.03592],[1.13506,45.03919],[1.13667,45.03808],[1.13976,45.03817],[1.14224,45.03756],[1.14489,45.03752],[1.14674,45.03683],[1.14893,45.03739],[1.1504,45.03706],[1.15321,45.03703],[1.15757,45.03793],[1.15966,45.03441],[1.16042,45.03362],[1.16144,45.03046],[1.16239,45.02895],[1.16742,45.03074],[1.1693,45.02935],[1.16988,45.02834],[1.16619,45.02719],[1.1646,45.02639],[1.16243,45.02408],[1.15733,45.01943],[1.1603,45.01779],[1.16046,45.01702],[1.16324,45.01452],[1.16587,45.01375],[1.16729,45.01291],[1.16724,45.01223],[1.16857,45.01057],[1.16765,45.00929],[1.16831,45.00846],[1.16505,45.00667],[1.16625,45.00404],[1.16513,45.0033],[1.16527,45.00219],[1.16195,45.00156],[1.15838,44.99843],[1.15937,44.99756],[1.16333,44.99587],[1.16558,44.99527],[1.16646,44.99596],[1.16792,44.99559],[1.16836,44.99693],[1.17108,44.99719],[1.17062,44.99529],[1.17231,44.99485],[1.17513,44.99517],[1.17627,44.99428],[1.17624,44.99301],[1.17532,44.99134],[1.17274,44.99069],[1.17149,44.98969],[1.16977,44.99012],[1.16616,44.99182],[1.16533,44.99317],[1.16492,44.99507],[1.15779,44.99757],[1.15521,44.99677],[1.15191,44.9963],[1.14929,44.99761],[1.14639,44.99702],[1.14447,44.99708],[1.14138,44.99871],[1.139,44.99935],[1.1371,45.00027],[1.13424,45.00164],[1.13126,45.00245],[1.13114,45.00427],[1.13195,45.00478],[1.13087,45.0066],[1.13168,45.00853],[1.12872,45.009],[1.12872,45.01008],[1.12371,45.01844],[1.12333,45.02165]]]}},{"type":"Feature","id":"fr-commune-24564","properties":{"id":"fr-commune-24564","name":"Vanxains","kind":"commune","center":[0.2889,45.2208],"code":"24564","department":"24"},"bbox":[0.25162,45.17199,0.32639,45.26963],"geometry":{"type":"Polygon","coordinates":[[[0.26413,45.24208],[0.26486,45.2441],[0.2661,45.24449],[0.26857,45.24605],[0.27254,45.24516],[0.27555,45.24312],[0.28111,45.24534],[0.28025,45.24611],[0.28109,45.24872],[0.28152,45.25171],[0.27904,45.25258],[0.27966,45.25578],[0.2783,45.25944],[0.27835,45.26161],[0.27962,45.26188],[0.28072,45.26388],[0.27994,45.26467],[0.28138,45.26733],[0.28259,45.26764],[0.28144,45.26923],[0.2827,45.2686],[0.28744,45.26858],[0.29112,45.26963],[0.29216,45.26953],[0.29102,45.26789],[0.29153,45.26447],[0.29159,45.26171],[0.29018,45.25917],[0.28943,45.25848],[0.28833,45.25152],[0.28745,45.25017],[0.28909,45.24946],[0.29243,45.2492],[0.29662,45.25038],[0.29585,45.24713],[0.2944,45.24576],[0.29527,45.24268],[0.29957,45.24211],[0.30042,45.24111],[0.30412,45.24063],[0.30415,45.23913],[0.30866,45.24017],[0.31063,45.24021],[0.31197,45.23971],[0.3123,45.23763],[0.31314,45.23673],[0.31245,45.23381],[0.31299,45.23173],[0.31252,45.23055],[0.3125,45.22859],[0.31297,45.22635],[0.31384,45.22535],[0.31553,45.22093],[0.31544,45.21718],[0.31749,45.216],[0.32077,45.21449],[0.32624,45.21077],[0.32487,45.21014],[0.32617,45.20928],[0.32593,45.20812],[0.32639,45.20663],[0.32536,45.20271],[0.32547,45.20154],[0.32442,45.20048],[0.32296,45.19791],[0.32321,45.19656],[0.32152,45.19385],[0.32097,45.19095],[0.32142,45.18859],[0.32362,45.18612],[0.32229,45.18507],[0.32148,45.18363],[0.31891,45.18208],[0.31422,45.17806],[0.31164,45.17199],[0.31043,45.17207],[0.3053,45.17273],[0.30367,45.17409],[0.30223,45.17456],[0.29933,45.17484],[0.29904,45.17577],[0.29613,45.17655],[0.29469,45.17652],[0.29255,45.17565],[0.28961,45.17732],[0.2889,45.17884],[0.28666,45.17922],[0.28425,45.17889],[0.28226,45.18049],[0.28037,45.18136],[0.27957,45.18071],[0.27488,45.18312],[0.27444,45.18391],[0.27238,45.18468],[0.27063,45.18465],[0.2686,45.18604],[0.26684,45.18684],[0.26193,45.18751],[0.25923,45.18894],[0.25729,45.18919],[0.25593,45.19011],[0.25604,45.191],[0.25388,45.19271],[0.2521,45.19369],[0.25267,45.19664],[0.25162,45.19698],[0.25193,45.19887],[0.25192,45.20204],[0.25335,45.2044],[0.25417,45.20404],[0.26014,45.205],[0.25722,45.20888],[0.25648,45.2106],[0.25665,45.21154],[0.2584,45.21485],[0.25996,45.21701],[0.2607,45.21993],[0.26161,45.22199],[0.26307,45.22427],[0.26472,45.22577],[0.26709,45.22899],[0.26597,45.22928],[0.26379,45.23087],[0.26323,45.23194],[0.26134,45.23283],[0.2584,45.23497],[0.26176,45.23886],[0.26413,45.24208]]]}},{"type":"Feature","id":"fr-commune-24565","properties":{"id":"fr-commune-24565","name":"Varaignes","kind":"commune","center":[0.5274,45.611],"code":"24565","department":"24"},"bbox":[0.4997,45.5774,0.55519,45.64465],"geometry":{"type":"Polygon","coordinates":[[[0.53542,45.64286],[0.53579,45.64261],[0.53551,45.64002],[0.53722,45.63893],[0.53683,45.63708],[0.53366,45.63585],[0.53682,45.63141],[0.53836,45.63067],[0.53703,45.62978],[0.53845,45.62873],[0.54038,45.62662],[0.54115,45.62436],[0.54263,45.62296],[0.54325,45.62393],[0.54442,45.62366],[0.54494,45.62535],[0.54764,45.62632],[0.5495,45.62491],[0.5487,45.62396],[0.55143,45.62347],[0.55108,45.62157],[0.55141,45.62009],[0.55023,45.61865],[0.54918,45.61889],[0.54841,45.61773],[0.54927,45.61611],[0.54757,45.61457],[0.54773,45.61361],[0.54961,45.6136],[0.5514,45.61172],[0.55106,45.61095],[0.55173,45.60905],[0.55074,45.60867],[0.5507,45.60702],[0.55187,45.60655],[0.55376,45.60502],[0.55393,45.60403],[0.55519,45.60216],[0.55339,45.6014],[0.55454,45.59996],[0.55201,45.59517],[0.55359,45.5932],[0.5522,45.59249],[0.5532,45.59173],[0.54992,45.58936],[0.54762,45.58817],[0.54736,45.5873],[0.54423,45.58502],[0.54204,45.58388],[0.54078,45.58254],[0.54184,45.58166],[0.5428,45.58002],[0.54472,45.57844],[0.54297,45.5774],[0.54183,45.57832],[0.54133,45.58032],[0.54011,45.58206],[0.5377,45.58235],[0.53448,45.58383],[0.53249,45.58373],[0.53037,45.58417],[0.52874,45.58505],[0.52886,45.58565],[0.52532,45.58835],[0.52326,45.58819],[0.52023,45.5872],[0.51625,45.58819],[0.51477,45.58904],[0.5127,45.59173],[0.51157,45.59208],[0.51318,45.5942],[0.51017,45.59662],[0.51234,45.59702],[0.51464,45.5982],[0.51699,45.59887],[0.51663,45.60003],[0.51507,45.60073],[0.5135,45.60349],[0.5135,45.60552],[0.51282,45.60663],[0.51067,45.60588],[0.51063,45.60889],[0.50845,45.6089],[0.5061,45.61029],[0.50321,45.6112],[0.50382,45.6131],[0.50306,45.61457],[0.50145,45.61539],[0.4997,45.61695],[0.50029,45.6196],[0.50236,45.61852],[0.5045,45.61801],[0.50625,45.61926],[0.50765,45.61955],[0.50805,45.62091],[0.5097,45.62336],[0.51177,45.62497],[0.51135,45.62604],[0.51208,45.62903],[0.51032,45.63103],[0.51264,45.63327],[0.51682,45.63479],[0.52506,45.63991],[0.52666,45.64002],[0.52732,45.64156],[0.52488,45.64354],[0.52543,45.64432],[0.52742,45.64421],[0.52946,45.64465],[0.52932,45.64334],[0.53542,45.64286]]]}},{"type":"Feature","id":"fr-commune-24566","properties":{"id":"fr-commune-24566","name":"Varennes","kind":"commune","center":[0.6657,44.8331],"code":"24566","department":"24"},"bbox":[0.63677,44.82436,0.69454,44.8418],"geometry":{"type":"Polygon","coordinates":[[[0.69291,44.83401],[0.69289,44.8322],[0.69411,44.83223],[0.69454,44.8285],[0.69366,44.82658],[0.69265,44.82658],[0.69279,44.82487],[0.68972,44.82516],[0.68635,44.82436],[0.68436,44.82472],[0.6827,44.82683],[0.68044,44.82862],[0.6797,44.83088],[0.67644,44.83069],[0.67616,44.829],[0.67342,44.82928],[0.67087,44.83023],[0.66673,44.82707],[0.66553,44.82761],[0.66503,44.82865],[0.66347,44.82894],[0.65873,44.83162],[0.65504,44.83279],[0.64896,44.83413],[0.64349,44.83518],[0.64066,44.83601],[0.63677,44.83654],[0.63695,44.83859],[0.63992,44.83926],[0.64041,44.83897],[0.64332,44.84082],[0.64359,44.8418],[0.6483,44.84162],[0.65386,44.8405],[0.65821,44.84009],[0.66206,44.84035],[0.66612,44.84038],[0.66745,44.84018],[0.67376,44.83833],[0.68063,44.83622],[0.68566,44.83512],[0.69291,44.83401]]]}},{"type":"Feature","id":"fr-commune-24567","properties":{"id":"fr-commune-24567","name":"Vaunac","kind":"commune","center":[0.8671,45.3731],"code":"24567","department":"24"},"bbox":[0.8285,45.35161,0.9057,45.39458],"geometry":{"type":"Polygon","coordinates":[[[0.8285,45.37224],[0.83135,45.37383],[0.8295,45.37465],[0.83274,45.37791],[0.83933,45.37883],[0.84265,45.38073],[0.8454,45.38184],[0.84895,45.38207],[0.8489,45.38382],[0.85365,45.3838],[0.85627,45.38752],[0.85833,45.39184],[0.85844,45.39277],[0.86108,45.39343],[0.86401,45.39458],[0.86803,45.39085],[0.87457,45.38733],[0.87283,45.38588],[0.86989,45.38148],[0.86988,45.37982],[0.87069,45.37815],[0.86952,45.37676],[0.87001,45.37407],[0.87086,45.37347],[0.87136,45.37187],[0.87285,45.37014],[0.87488,45.36879],[0.87695,45.3705],[0.88185,45.37339],[0.88385,45.37384],[0.88508,45.37464],[0.88618,45.37437],[0.88921,45.37479],[0.89077,45.37458],[0.89572,45.37539],[0.9024,45.37709],[0.90458,45.37707],[0.9057,45.37363],[0.90325,45.37251],[0.90168,45.37118],[0.90296,45.36928],[0.9032,45.36757],[0.9028,45.36542],[0.90176,45.36306],[0.9017,45.36056],[0.90053,45.35888],[0.90046,45.35775],[0.9014,45.35744],[0.90034,45.35569],[0.89879,45.35434],[0.89426,45.35637],[0.89343,45.35595],[0.89032,45.35682],[0.88907,45.35634],[0.88922,45.35452],[0.88551,45.35352],[0.8791,45.35322],[0.87357,45.35374],[0.87046,45.35388],[0.86922,45.35314],[0.86662,45.3524],[0.86594,45.35161],[0.86342,45.35244],[0.86151,45.35375],[0.86094,45.35461],[0.85779,45.35502],[0.85317,45.35604],[0.85232,45.35738],[0.85278,45.35897],[0.85226,45.36089],[0.85212,45.36378],[0.85126,45.36329],[0.84627,45.36227],[0.84205,45.36317],[0.83769,45.36455],[0.8344,45.36467],[0.83351,45.3676],[0.83128,45.3695],[0.83029,45.37088],[0.8285,45.37224]]]}},{"type":"Feature","id":"fr-commune-24568","properties":{"id":"fr-commune-24568","name":"Vélines","kind":"commune","center":[0.1122,44.8569],"code":"24568","department":"24"},"bbox":[0.08545,44.83534,0.13902,44.87856],"geometry":{"type":"Polygon","coordinates":[[[0.08886,44.83762],[0.08879,44.83992],[0.08659,44.84022],[0.08545,44.84134],[0.08587,44.8432],[0.08717,44.8447],[0.08906,44.844],[0.09138,44.84486],[0.09039,44.84552],[0.09197,44.8468],[0.09657,44.84941],[0.09748,44.85191],[0.0988,44.85257],[0.09927,44.85629],[0.09824,44.85734],[0.09647,44.85792],[0.09581,44.85959],[0.09528,44.86239],[0.0942,44.864],[0.09443,44.86611],[0.09415,44.86772],[0.09535,44.86881],[0.09938,44.87027],[0.10273,44.87028],[0.10395,44.8715],[0.10662,44.87323],[0.1076,44.87477],[0.10879,44.87487],[0.11231,44.87625],[0.1132,44.8763],[0.1152,44.87611],[0.11541,44.87679],[0.11908,44.87665],[0.1204,44.87711],[0.12155,44.87826],[0.12333,44.87836],[0.12464,44.87794],[0.12659,44.87856],[0.12912,44.87805],[0.12831,44.87655],[0.13004,44.87326],[0.13123,44.87195],[0.129,44.87105],[0.12834,44.8701],[0.12811,44.86841],[0.1291,44.86494],[0.13126,44.8647],[0.13215,44.86253],[0.13785,44.86305],[0.13902,44.86228],[0.13545,44.86162],[0.13386,44.86084],[0.13173,44.86066],[0.13116,44.85926],[0.1302,44.85859],[0.12967,44.85712],[0.13047,44.85645],[0.13156,44.85446],[0.13252,44.85382],[0.13197,44.85099],[0.12947,44.84969],[0.12638,44.84851],[0.12537,44.84695],[0.12345,44.84635],[0.11912,44.84345],[0.11814,44.84152],[0.11518,44.84069],[0.11302,44.8384],[0.11135,44.83835],[0.11038,44.83947],[0.10927,44.83905],[0.10719,44.8394],[0.10188,44.8393],[0.09982,44.83875],[0.0976,44.83854],[0.09617,44.83737],[0.09557,44.83595],[0.09434,44.83534],[0.0927,44.83606],[0.09014,44.83637],[0.08886,44.83762]]]}},{"type":"Feature","id":"fr-commune-24569","properties":{"id":"fr-commune-24569","name":"Vendoire","kind":"commune","center":[0.2913,45.4119],"code":"24569","department":"24"},"bbox":[0.26281,45.38963,0.31981,45.43423],"geometry":{"type":"Polygon","coordinates":[[[0.26281,45.39696],[0.26569,45.40151],[0.26672,45.40341],[0.26537,45.40418],[0.266,45.40605],[0.26739,45.40803],[0.26912,45.40907],[0.269,45.41147],[0.27002,45.41256],[0.26896,45.41336],[0.27174,45.41613],[0.27197,45.41735],[0.27081,45.41902],[0.27094,45.42094],[0.27316,45.42296],[0.27468,45.42494],[0.27654,45.42644],[0.28052,45.42801],[0.28285,45.42821],[0.28388,45.42947],[0.28766,45.43219],[0.29222,45.43382],[0.29394,45.43423],[0.3029,45.432],[0.30365,45.43221],[0.3044,45.43],[0.30556,45.42935],[0.30831,45.42681],[0.30935,45.42528],[0.30867,45.4224],[0.30922,45.42162],[0.30875,45.42035],[0.30895,45.41836],[0.31005,45.41563],[0.30974,45.41325],[0.31091,45.41172],[0.31429,45.4087],[0.31545,45.40833],[0.31981,45.40497],[0.31929,45.40352],[0.3156,45.40429],[0.31196,45.4048],[0.30749,45.40478],[0.29858,45.40565],[0.29619,45.40463],[0.29284,45.40244],[0.29199,45.40088],[0.29306,45.39882],[0.29261,45.3967],[0.29028,45.39493],[0.28888,45.39286],[0.28422,45.38984],[0.28235,45.38963],[0.27763,45.39144],[0.27642,45.3924],[0.27503,45.3943],[0.27268,45.39601],[0.26951,45.39672],[0.26775,45.39594],[0.26412,45.39612],[0.26281,45.39696]]]}},{"type":"Feature","id":"fr-commune-24570","properties":{"id":"fr-commune-24570","name":"Verdon","kind":"commune","center":[0.6283,44.8154],"code":"24570","department":"24"},"bbox":[0.6119,44.80236,0.64469,44.82841],"geometry":{"type":"Polygon","coordinates":[[[0.64225,44.80399],[0.64221,44.80288],[0.63855,44.80319],[0.63458,44.80236],[0.63285,44.80309],[0.62995,44.80298],[0.62776,44.80356],[0.62525,44.80284],[0.62378,44.80566],[0.62137,44.80649],[0.61813,44.80711],[0.61798,44.80891],[0.61659,44.8093],[0.61476,44.81062],[0.61312,44.81273],[0.6127,44.81382],[0.61277,44.81626],[0.6119,44.81699],[0.61622,44.81931],[0.61787,44.82085],[0.61887,44.8201],[0.62039,44.82088],[0.62188,44.82076],[0.62402,44.82205],[0.62413,44.82424],[0.62505,44.82628],[0.62717,44.82669],[0.63231,44.82504],[0.63537,44.82533],[0.63746,44.82526],[0.64128,44.82841],[0.64144,44.82735],[0.64321,44.82529],[0.64267,44.82288],[0.64199,44.82173],[0.64159,44.81979],[0.64179,44.81721],[0.6429,44.81595],[0.64366,44.81428],[0.64465,44.81333],[0.64417,44.81062],[0.64451,44.80959],[0.64414,44.8081],[0.64469,44.80658],[0.64334,44.80584],[0.64225,44.80399]]]}},{"type":"Feature","id":"fr-commune-24571","properties":{"id":"fr-commune-24571","name":"Vergt","kind":"commune","center":[0.7142,45.0448],"code":"24571","department":"24"},"bbox":[0.66655,45.01099,0.76182,45.07868],"geometry":{"type":"Polygon","coordinates":[[[0.71877,45.0759],[0.72207,45.07699],[0.72406,45.07697],[0.72724,45.07628],[0.73034,45.07628],[0.73175,45.07599],[0.73447,45.07272],[0.73479,45.06758],[0.73292,45.06651],[0.73119,45.06375],[0.72712,45.06211],[0.72603,45.0594],[0.72637,45.05773],[0.7292,45.05645],[0.73128,45.05515],[0.73135,45.0539],[0.73301,45.05348],[0.73781,45.05099],[0.74003,45.04895],[0.74145,45.04803],[0.74131,45.04714],[0.73969,45.04593],[0.74154,45.04475],[0.7442,45.04477],[0.74648,45.04514],[0.74729,45.04467],[0.74763,45.04329],[0.75079,45.04238],[0.75535,45.04159],[0.75825,45.0407],[0.76182,45.03914],[0.76174,45.03747],[0.75854,45.03712],[0.75764,45.03585],[0.75809,45.03304],[0.75992,45.03297],[0.75996,45.03185],[0.75716,45.02954],[0.75745,45.02772],[0.75665,45.02647],[0.75715,45.02573],[0.75644,45.02468],[0.75611,45.02275],[0.75141,45.02328],[0.74839,45.02425],[0.74553,45.02402],[0.74327,45.02459],[0.74187,45.02535],[0.73798,45.02674],[0.73603,45.02634],[0.73432,45.0239],[0.73292,45.0214],[0.73237,45.01854],[0.73088,45.01629],[0.73143,45.01405],[0.73039,45.01227],[0.72721,45.01336],[0.72479,45.01306],[0.71919,45.01327],[0.71655,45.013],[0.71492,45.01338],[0.71177,45.01155],[0.70944,45.01099],[0.70801,45.01112],[0.70667,45.01224],[0.70456,45.01284],[0.70092,45.01321],[0.69635,45.01305],[0.69546,45.01375],[0.69392,45.01391],[0.69392,45.01577],[0.69119,45.01621],[0.68701,45.01594],[0.68647,45.0174],[0.68267,45.01705],[0.68251,45.01735],[0.67812,45.01707],[0.67562,45.01749],[0.67362,45.01707],[0.67156,45.01919],[0.67256,45.01986],[0.67117,45.02062],[0.66932,45.02513],[0.67028,45.02554],[0.67458,45.02907],[0.67451,45.03047],[0.67318,45.03147],[0.67452,45.03236],[0.67704,45.03652],[0.67703,45.03767],[0.67499,45.03795],[0.67104,45.04141],[0.66655,45.04351],[0.66784,45.04463],[0.67092,45.04587],[0.6737,45.04732],[0.67512,45.04672],[0.6767,45.04972],[0.67362,45.05336],[0.67269,45.05521],[0.67421,45.05664],[0.67858,45.05739],[0.68212,45.05689],[0.68465,45.05559],[0.68728,45.05577],[0.69136,45.05569],[0.69171,45.05697],[0.6917,45.06176],[0.69133,45.06557],[0.69137,45.06925],[0.69272,45.07346],[0.69405,45.07543],[0.69672,45.07546],[0.6994,45.07664],[0.70403,45.07748],[0.70677,45.07846],[0.70886,45.07868],[0.71057,45.07796],[0.71242,45.07645],[0.71706,45.07462],[0.71728,45.0754],[0.71877,45.0759]]]}},{"type":"Feature","id":"fr-commune-24572","properties":{"id":"fr-commune-24572","name":"Vergt-de-Biron","kind":"commune","center":[0.8513,44.6336],"code":"24572","department":"24"},"bbox":[0.81698,44.59831,0.88545,44.66898],"geometry":{"type":"Polygon","coordinates":[[[0.85774,44.59831],[0.85584,44.59866],[0.85248,44.60016],[0.84889,44.60084],[0.84466,44.60126],[0.84165,44.60136],[0.84092,44.60041],[0.8369,44.60093],[0.83416,44.60023],[0.83303,44.60076],[0.83279,44.60228],[0.83179,44.60387],[0.83478,44.60395],[0.83858,44.60611],[0.83868,44.60745],[0.83986,44.60886],[0.84002,44.61136],[0.83934,44.61375],[0.83819,44.6146],[0.83729,44.61632],[0.83578,44.61599],[0.8307,44.61417],[0.82922,44.6129],[0.82565,44.61563],[0.8252,44.61757],[0.82665,44.61979],[0.82644,44.62028],[0.82362,44.62232],[0.82245,44.62352],[0.81963,44.62388],[0.81785,44.62443],[0.81841,44.62595],[0.81698,44.62706],[0.82054,44.62947],[0.82657,44.63188],[0.82934,44.63376],[0.8328,44.63532],[0.83446,44.63553],[0.83844,44.6355],[0.83599,44.63749],[0.83338,44.63856],[0.83666,44.63984],[0.83746,44.64088],[0.83597,44.64527],[0.83694,44.64772],[0.83646,44.65106],[0.83492,44.65343],[0.83752,44.65453],[0.83944,44.65496],[0.84408,44.65448],[0.84468,44.65548],[0.84256,44.65623],[0.84174,44.65859],[0.84367,44.66087],[0.84369,44.66236],[0.84245,44.66465],[0.84233,44.66625],[0.84623,44.66669],[0.84916,44.66728],[0.85244,44.66898],[0.8546,44.6665],[0.85474,44.66564],[0.85712,44.66592],[0.85634,44.66458],[0.85818,44.66206],[0.85801,44.65985],[0.85843,44.65801],[0.85942,44.65704],[0.86185,44.65768],[0.8626,44.65841],[0.86605,44.65981],[0.87072,44.6592],[0.87046,44.65695],[0.87271,44.65516],[0.87286,44.65422],[0.87984,44.65297],[0.87968,44.65142],[0.87821,44.64926],[0.88005,44.64957],[0.88545,44.64887],[0.88514,44.64587],[0.88269,44.64271],[0.88165,44.64081],[0.88033,44.64059],[0.87706,44.63903],[0.87357,44.63887],[0.87045,44.64006],[0.86793,44.64046],[0.86571,44.63996],[0.86323,44.63987],[0.85702,44.63729],[0.85684,44.63679],[0.85942,44.63541],[0.86117,44.63297],[0.86128,44.63111],[0.85883,44.62958],[0.85837,44.62885],[0.85945,44.62487],[0.85731,44.62384],[0.85483,44.62407],[0.85364,44.62286],[0.85163,44.62156],[0.84954,44.62158],[0.84343,44.61998],[0.84453,44.61909],[0.84706,44.61518],[0.84987,44.61421],[0.85257,44.61373],[0.85227,44.61293],[0.85349,44.61145],[0.84925,44.60886],[0.84939,44.60762],[0.8518,44.60693],[0.85134,44.60445],[0.85254,44.60193],[0.85857,44.60067],[0.85774,44.59831]]]}},{"type":"Feature","id":"fr-commune-24573","properties":{"id":"fr-commune-24573","name":"Verteillac","kind":"commune","center":[0.3776,45.3492],"code":"24573","department":"24"},"bbox":[0.33765,45.32597,0.41751,45.37246],"geometry":{"type":"Polygon","coordinates":[[[0.41751,45.35098],[0.41711,45.34903],[0.41505,45.34729],[0.41268,45.3461],[0.41109,45.34364],[0.40983,45.34248],[0.40787,45.3432],[0.40399,45.34422],[0.40152,45.34365],[0.39969,45.34286],[0.39695,45.34225],[0.39365,45.34069],[0.3884,45.34197],[0.38585,45.34228],[0.38554,45.34176],[0.38709,45.33931],[0.38282,45.33988],[0.38036,45.338],[0.38015,45.3356],[0.37755,45.33469],[0.37656,45.3336],[0.37597,45.33137],[0.37359,45.32957],[0.37321,45.32694],[0.36771,45.32672],[0.36537,45.32681],[0.36413,45.32628],[0.36132,45.32687],[0.35812,45.32649],[0.35616,45.32597],[0.35293,45.32635],[0.35251,45.32676],[0.34799,45.32771],[0.34477,45.3282],[0.34303,45.32808],[0.34157,45.32974],[0.33881,45.33192],[0.33765,45.33246],[0.33906,45.33464],[0.3404,45.33581],[0.33957,45.33794],[0.34443,45.34249],[0.34481,45.34353],[0.34435,45.34454],[0.34552,45.34618],[0.34607,45.34794],[0.34763,45.3495],[0.3502,45.35049],[0.35239,45.35324],[0.35476,45.35524],[0.35265,45.35777],[0.35336,45.35927],[0.3563,45.36152],[0.35987,45.36343],[0.36215,45.36366],[0.36294,45.36441],[0.36229,45.36604],[0.36367,45.3672],[0.36339,45.36811],[0.36457,45.3685],[0.36766,45.37118],[0.36829,45.37152],[0.3732,45.37029],[0.37594,45.37015],[0.37784,45.3709],[0.38193,45.37103],[0.3839,45.37068],[0.38363,45.36977],[0.38479,45.36934],[0.38537,45.37172],[0.38792,45.37136],[0.39205,45.37207],[0.39329,45.37127],[0.39561,45.36868],[0.39672,45.36783],[0.39855,45.37051],[0.40076,45.37102],[0.40401,45.37246],[0.40541,45.3718],[0.40774,45.36943],[0.41042,45.36862],[0.41078,45.36743],[0.41065,45.36553],[0.40825,45.36415],[0.40668,45.36434],[0.40377,45.36538],[0.40517,45.36145],[0.40653,45.3589],[0.40651,45.35667],[0.40274,45.3563],[0.39818,45.35343],[0.4017,45.35226],[0.4044,45.35169],[0.40662,45.35205],[0.40868,45.35172],[0.41048,45.35188],[0.41751,45.35098]]]}},{"type":"Feature","id":"fr-commune-24574","properties":{"id":"fr-commune-24574","name":"Veyrignac","kind":"commune","center":[1.3261,44.8238],"code":"24574","department":"24"},"bbox":[1.29563,44.80559,1.35648,44.84207],"geometry":{"type":"Polygon","coordinates":[[[1.35648,44.81029],[1.35396,44.809],[1.35088,44.80835],[1.34535,44.80769],[1.34094,44.80646],[1.33907,44.80559],[1.33615,44.80638],[1.3305,44.80705],[1.32533,44.80599],[1.3244,44.80639],[1.32133,44.80888],[1.32057,44.81095],[1.32101,44.81308],[1.32034,44.81499],[1.3193,44.81581],[1.31885,44.8173],[1.31622,44.81838],[1.3136,44.82092],[1.31224,44.82157],[1.30228,44.82513],[1.29703,44.82637],[1.29563,44.82725],[1.29597,44.82968],[1.29697,44.83136],[1.29898,44.83366],[1.30011,44.83434],[1.30027,44.8358],[1.30797,44.84005],[1.31021,44.83923],[1.31272,44.83997],[1.31477,44.84171],[1.31526,44.84207],[1.31608,44.84147],[1.31602,44.83977],[1.31809,44.83851],[1.31992,44.83893],[1.3226,44.83721],[1.32547,44.83656],[1.3263,44.83715],[1.32863,44.83647],[1.33305,44.83703],[1.33578,44.83388],[1.33621,44.83176],[1.338,44.82966],[1.34017,44.82813],[1.34119,44.82802],[1.34192,44.82691],[1.3403,44.82425],[1.34055,44.82316],[1.34181,44.82275],[1.34362,44.82145],[1.3444,44.81992],[1.34727,44.81929],[1.34994,44.81792],[1.34942,44.81662],[1.35154,44.81479],[1.35472,44.8126],[1.35648,44.81029]]]}},{"type":"Feature","id":"fr-commune-24575","properties":{"id":"fr-commune-24575","name":"Veyrines-de-Domme","kind":"commune","center":[1.1035,44.8007],"code":"24575","department":"24"},"bbox":[1.07878,44.78009,1.1279,44.82129],"geometry":{"type":"Polygon","coordinates":[[[1.09549,44.78009],[1.09499,44.78265],[1.09503,44.78429],[1.09251,44.78703],[1.0922,44.78773],[1.08992,44.78815],[1.08843,44.78791],[1.08517,44.78969],[1.08265,44.79278],[1.08005,44.79338],[1.07878,44.79449],[1.07965,44.79554],[1.07975,44.79677],[1.08391,44.79678],[1.0853,44.79771],[1.08616,44.80024],[1.08419,44.80238],[1.08602,44.80254],[1.08659,44.80333],[1.09103,44.8061],[1.09196,44.80698],[1.09164,44.80878],[1.09339,44.81019],[1.09337,44.81122],[1.09453,44.81299],[1.09468,44.81546],[1.09585,44.81892],[1.09682,44.81921],[1.10029,44.81936],[1.1007,44.8199],[1.10284,44.81995],[1.10393,44.82087],[1.10589,44.82129],[1.10802,44.82102],[1.10876,44.82045],[1.11389,44.82009],[1.11573,44.82047],[1.11663,44.81965],[1.11967,44.81895],[1.12257,44.81604],[1.12409,44.81368],[1.12535,44.81072],[1.12474,44.80867],[1.12494,44.80795],[1.12182,44.80591],[1.12158,44.80404],[1.12285,44.80125],[1.12544,44.7992],[1.12715,44.79466],[1.12718,44.79217],[1.12654,44.79038],[1.12688,44.78908],[1.1279,44.78802],[1.12595,44.78713],[1.12411,44.78567],[1.12332,44.78579],[1.12132,44.78474],[1.11788,44.78444],[1.11156,44.78437],[1.1091,44.78305],[1.10557,44.78206],[1.09752,44.7812],[1.09549,44.78009]]]}},{"type":"Feature","id":"fr-commune-24576","properties":{"id":"fr-commune-24576","name":"Veyrines-de-Vergt","kind":"commune","center":[0.7734,44.9897],"code":"24576","department":"24"},"bbox":[0.74677,44.97167,0.80005,45.0078],"geometry":{"type":"Polygon","coordinates":[[[0.74981,44.97552],[0.75258,44.97902],[0.75508,44.98316],[0.75698,44.98678],[0.75818,44.98855],[0.75587,44.98966],[0.75538,44.99045],[0.75026,44.99237],[0.74878,44.99686],[0.74887,44.99839],[0.74808,44.99942],[0.74978,45.00232],[0.74736,45.00315],[0.74677,45.00375],[0.74739,45.00465],[0.75099,45.00586],[0.75465,45.0078],[0.75711,45.00676],[0.75831,45.0071],[0.76132,45.0072],[0.76473,45.00774],[0.76633,45.00754],[0.77193,45.00739],[0.77399,45.00584],[0.77697,45.00445],[0.78067,45.00378],[0.78643,45.00408],[0.78636,45.00507],[0.79159,45.00721],[0.79174,45.00667],[0.79104,45.00194],[0.79263,45.00035],[0.79815,44.99861],[0.79862,44.99813],[0.79881,44.99435],[0.79832,44.99288],[0.7989,44.9912],[0.79822,44.98927],[0.79608,44.98799],[0.79783,44.98541],[0.80005,44.98397],[0.79852,44.9814],[0.79701,44.98034],[0.79485,44.98029],[0.79121,44.97869],[0.78964,44.97749],[0.78888,44.97628],[0.78727,44.97569],[0.78309,44.97585],[0.77838,44.97462],[0.77768,44.97396],[0.77458,44.97271],[0.77325,44.97307],[0.76975,44.97167],[0.7676,44.97258],[0.76383,44.97264],[0.76214,44.97203],[0.75979,44.9732],[0.75893,44.97417],[0.75655,44.97492],[0.75354,44.9747],[0.75058,44.97499],[0.74981,44.97552]]]}},{"type":"Feature","id":"fr-commune-24577","properties":{"id":"fr-commune-24577","name":"Vézac","kind":"commune","center":[1.1764,44.8397],"code":"24577","department":"24"},"bbox":[1.14729,44.8146,1.20543,44.86474],"geometry":{"type":"Polygon","coordinates":[[[1.16148,44.81497],[1.15478,44.8146],[1.15274,44.81486],[1.15086,44.816],[1.14911,44.8188],[1.14729,44.82914],[1.14774,44.83371],[1.15246,44.83402],[1.15365,44.83512],[1.15695,44.83931],[1.1592,44.83935],[1.15984,44.8404],[1.15895,44.84367],[1.15898,44.8454],[1.1581,44.84765],[1.15804,44.8498],[1.15743,44.85283],[1.15655,44.855],[1.15464,44.85631],[1.15375,44.8579],[1.15318,44.86063],[1.15362,44.86109],[1.15401,44.86345],[1.15511,44.86474],[1.15792,44.86325],[1.15847,44.86266],[1.16029,44.86266],[1.16183,44.86063],[1.16466,44.85955],[1.16904,44.85981],[1.17201,44.85912],[1.17499,44.85954],[1.17741,44.85904],[1.18003,44.86033],[1.17908,44.86123],[1.17971,44.86189],[1.18163,44.86087],[1.18241,44.85844],[1.18559,44.85619],[1.18631,44.85574],[1.18672,44.85417],[1.18617,44.85219],[1.1873,44.85098],[1.19002,44.84969],[1.19299,44.85141],[1.1945,44.85292],[1.19585,44.85313],[1.19405,44.85635],[1.1949,44.85742],[1.19705,44.85749],[1.20392,44.85846],[1.20543,44.85512],[1.20359,44.84799],[1.20111,44.84696],[1.20041,44.84549],[1.20063,44.84344],[1.1999,44.84198],[1.19687,44.83927],[1.19249,44.83473],[1.1907,44.83451],[1.18829,44.83371],[1.18694,44.8328],[1.18404,44.83354],[1.18316,44.83277],[1.18011,44.8317],[1.17999,44.82958],[1.17888,44.82703],[1.17923,44.82645],[1.17792,44.82662],[1.1764,44.82615],[1.17562,44.82526],[1.16908,44.82095],[1.16637,44.817],[1.16372,44.81549],[1.16148,44.81497]]]}},{"type":"Feature","id":"fr-commune-24580","properties":{"id":"fr-commune-24580","name":"Villac","kind":"commune","center":[1.2511,45.1873],"code":"24580","department":"24"},"bbox":[1.21003,45.15759,1.2922,45.21703],"geometry":{"type":"Polygon","coordinates":[[[1.21086,45.17158],[1.21081,45.17327],[1.21216,45.17479],[1.21314,45.17686],[1.21158,45.17806],[1.21003,45.1804],[1.21276,45.18283],[1.21408,45.18543],[1.21518,45.18646],[1.21748,45.18708],[1.21828,45.18771],[1.22322,45.18973],[1.22125,45.19083],[1.2208,45.19289],[1.22111,45.19413],[1.2191,45.1951],[1.21807,45.19612],[1.21705,45.19921],[1.21931,45.20477],[1.21907,45.20669],[1.21926,45.21022],[1.22018,45.21267],[1.22031,45.21465],[1.22114,45.21703],[1.22581,45.21575],[1.22675,45.21512],[1.23054,45.21488],[1.23106,45.21455],[1.23065,45.21187],[1.22932,45.20848],[1.22769,45.20599],[1.22848,45.20311],[1.23076,45.20153],[1.23226,45.19769],[1.25656,45.19936],[1.26316,45.19848],[1.26782,45.20049],[1.26947,45.20072],[1.27217,45.20181],[1.2766,45.19805],[1.27861,45.19693],[1.27935,45.19579],[1.28956,45.1889],[1.28934,45.18726],[1.2922,45.18658],[1.29088,45.18405],[1.29134,45.18351],[1.28859,45.18213],[1.28801,45.17852],[1.2855,45.17697],[1.28529,45.17542],[1.28222,45.17497],[1.28147,45.17423],[1.28021,45.17318],[1.27833,45.17277],[1.27319,45.16728],[1.26884,45.16484],[1.26411,45.16545],[1.26121,45.16664],[1.25982,45.16638],[1.2578,45.16695],[1.25616,45.1665],[1.25479,45.16488],[1.25585,45.16388],[1.25631,45.1617],[1.25445,45.15874],[1.25265,45.15759],[1.25139,45.15815],[1.25178,45.15892],[1.24969,45.15932],[1.24861,45.16166],[1.24684,45.16158],[1.24444,45.1627],[1.24344,45.1644],[1.24176,45.16606],[1.24108,45.16728],[1.23909,45.16803],[1.23774,45.16914],[1.23562,45.16955],[1.233,45.17094],[1.23061,45.17155],[1.22707,45.17041],[1.22642,45.16943],[1.22466,45.16816],[1.22047,45.16704],[1.21861,45.16486],[1.21519,45.16776],[1.21417,45.16954],[1.21136,45.17083],[1.21086,45.17158]]]}},{"type":"Feature","id":"fr-commune-24581","properties":{"id":"fr-commune-24581","name":"Villamblard","kind":"commune","center":[0.5612,45.0304],"code":"24581","department":"24"},"bbox":[0.52059,45.00609,0.60176,45.05475],"geometry":{"type":"Polygon","coordinates":[[[0.52776,45.05163],[0.52903,45.05216],[0.53173,45.05475],[0.53414,45.05291],[0.53571,45.05396],[0.53929,45.05276],[0.54163,45.05059],[0.5425,45.05097],[0.54284,45.04845],[0.54263,45.04701],[0.5458,45.04629],[0.55026,45.04464],[0.55558,45.04128],[0.55729,45.0412],[0.56314,45.04273],[0.56755,45.04262],[0.56922,45.04293],[0.57608,45.04518],[0.5828,45.04604],[0.58589,45.04608],[0.58658,45.04555],[0.58769,45.04328],[0.58939,45.04196],[0.5913,45.04154],[0.59281,45.03993],[0.59518,45.03669],[0.59895,45.03258],[0.60176,45.03016],[0.59726,45.02874],[0.59403,45.02486],[0.59244,45.0238],[0.59105,45.02141],[0.58844,45.01804],[0.58429,45.01571],[0.57912,45.01395],[0.57816,45.01293],[0.57625,45.01226],[0.57244,45.01007],[0.56944,45.01008],[0.56565,45.00817],[0.56456,45.00657],[0.5614,45.00681],[0.55715,45.00786],[0.55515,45.00805],[0.5533,45.00852],[0.55188,45.00942],[0.54904,45.00874],[0.54492,45.00844],[0.54074,45.00775],[0.53882,45.00681],[0.53276,45.00609],[0.53049,45.00782],[0.53301,45.01113],[0.53205,45.01186],[0.527,45.0094],[0.52541,45.00896],[0.52554,45.01092],[0.52203,45.01356],[0.52059,45.01577],[0.52318,45.02082],[0.52397,45.02201],[0.5262,45.02429],[0.5278,45.02581],[0.53306,45.03151],[0.53192,45.03528],[0.53322,45.03806],[0.53205,45.0403],[0.53367,45.04106],[0.53375,45.04266],[0.53305,45.04307],[0.53265,45.0452],[0.52929,45.04509],[0.52843,45.04674],[0.5285,45.04836],[0.52776,45.05163]]]}},{"type":"Feature","id":"fr-commune-24582","properties":{"id":"fr-commune-24582","name":"Villars","kind":"commune","center":[0.7685,45.4234],"code":"24582","department":"24"},"bbox":[0.72142,45.39503,0.81554,45.45157],"geometry":{"type":"Polygon","coordinates":[[[0.74112,45.44358],[0.74135,45.44496],[0.74672,45.44912],[0.74926,45.44991],[0.75027,45.45074],[0.75175,45.45157],[0.75493,45.45062],[0.75543,45.45114],[0.75993,45.45005],[0.76438,45.44999],[0.76704,45.44964],[0.76931,45.44889],[0.77155,45.44871],[0.77148,45.44721],[0.77564,45.44688],[0.77616,45.44638],[0.77917,45.44521],[0.78517,45.4436],[0.78905,45.44199],[0.79065,45.44269],[0.79626,45.44329],[0.79861,45.44245],[0.79599,45.44161],[0.79713,45.44003],[0.79719,45.43872],[0.79484,45.43793],[0.79523,45.435],[0.79732,45.43232],[0.79965,45.43121],[0.8033,45.43026],[0.80626,45.42849],[0.8101,45.42737],[0.81554,45.42431],[0.81317,45.42329],[0.81125,45.42052],[0.81144,45.4192],[0.81026,45.41311],[0.80848,45.41171],[0.80751,45.40992],[0.79935,45.40754],[0.79667,45.40819],[0.79398,45.40696],[0.79193,45.40735],[0.78754,45.40601],[0.78569,45.40455],[0.78368,45.40331],[0.77882,45.40375],[0.77759,45.40237],[0.77375,45.40156],[0.77258,45.40055],[0.76925,45.3997],[0.76856,45.39815],[0.76704,45.39735],[0.76558,45.3973],[0.76254,45.39604],[0.75958,45.39583],[0.75611,45.39518],[0.75432,45.39567],[0.74815,45.39503],[0.74809,45.39732],[0.74534,45.39812],[0.74189,45.39975],[0.73915,45.4013],[0.73748,45.40176],[0.73475,45.40164],[0.73254,45.40268],[0.72845,45.40505],[0.72691,45.40759],[0.72651,45.41015],[0.72142,45.4117],[0.72618,45.41544],[0.72833,45.41807],[0.72877,45.41972],[0.72825,45.4229],[0.72863,45.42424],[0.7288,45.42822],[0.72984,45.42968],[0.73228,45.43168],[0.7343,45.43233],[0.7363,45.43254],[0.74027,45.43615],[0.74053,45.43774],[0.74208,45.44194],[0.74112,45.44358]]]}},{"type":"Feature","id":"fr-commune-24584","properties":{"id":"fr-commune-24584","name":"Villefranche-de-Lonchat","kind":"commune","center":[0.056,44.9568],"code":"24584","department":"24"},"bbox":[0.02865,44.92888,0.08324,44.98463],"geometry":{"type":"Polygon","coordinates":[[[0.07845,44.9795],[0.07946,44.97848],[0.07954,44.97521],[0.08136,44.97326],[0.08114,44.97032],[0.08214,44.96639],[0.08136,44.96413],[0.08218,44.9631],[0.08324,44.96022],[0.08303,44.95798],[0.08227,44.95686],[0.08159,44.9543],[0.0814,44.94835],[0.08075,44.94597],[0.07833,44.94454],[0.07691,44.94421],[0.07416,44.94427],[0.0725,44.94178],[0.07069,44.94027],[0.06861,44.93995],[0.06373,44.93937],[0.06184,44.93823],[0.06118,44.93713],[0.05999,44.93683],[0.05801,44.93562],[0.05334,44.93407],[0.05173,44.93397],[0.05064,44.93292],[0.04751,44.93221],[0.04603,44.93157],[0.04415,44.92888],[0.04209,44.93067],[0.04048,44.93062],[0.03814,44.93123],[0.03569,44.93228],[0.03292,44.93511],[0.03055,44.93676],[0.02935,44.93888],[0.02997,44.94144],[0.03197,44.94236],[0.0326,44.94309],[0.03217,44.94409],[0.03182,44.94691],[0.02966,44.94853],[0.02865,44.95067],[0.03013,44.95193],[0.03375,44.95259],[0.03423,44.95323],[0.03958,44.95143],[0.04053,44.95208],[0.04434,44.9528],[0.04177,44.955],[0.0408,44.95728],[0.04231,44.95871],[0.04505,44.9599],[0.04696,44.96216],[0.04813,44.96083],[0.05078,44.96242],[0.05286,44.96324],[0.05359,44.96434],[0.05575,44.96371],[0.05651,44.96532],[0.05431,44.96695],[0.05413,44.96927],[0.05362,44.97008],[0.05481,44.97123],[0.05459,44.97255],[0.05287,44.97459],[0.05258,44.97551],[0.05041,44.97634],[0.04986,44.9771],[0.05113,44.97986],[0.05333,44.98277],[0.0541,44.98316],[0.05671,44.98242],[0.0619,44.98151],[0.06352,44.97789],[0.06424,44.97821],[0.06708,44.98097],[0.0679,44.98238],[0.0707,44.98431],[0.07257,44.98463],[0.07537,44.98278],[0.07728,44.98262],[0.07583,44.98059],[0.07845,44.9795]]]}},{"type":"Feature","id":"fr-commune-24585","properties":{"id":"fr-commune-24585","name":"Villefranche-du-Périgord","kind":"commune","center":[1.1064,44.6292],"code":"24585","department":"24"},"bbox":[1.05908,44.60303,1.1538,44.65521],"geometry":{"type":"Polygon","coordinates":[[[1.12729,44.61678],[1.12448,44.61573],[1.1226,44.61423],[1.12073,44.6111],[1.11977,44.61021],[1.11685,44.60901],[1.11087,44.60711],[1.10748,44.60391],[1.10041,44.60303],[1.09982,44.60744],[1.09663,44.60902],[1.09409,44.6121],[1.08829,44.61446],[1.08739,44.61621],[1.08544,44.61789],[1.08456,44.61999],[1.08627,44.62162],[1.08587,44.62305],[1.08263,44.62489],[1.07939,44.62586],[1.07928,44.62664],[1.07567,44.62863],[1.0737,44.62888],[1.06968,44.6304],[1.06544,44.63121],[1.06461,44.63385],[1.06318,44.63482],[1.06098,44.63711],[1.05908,44.63745],[1.06018,44.63951],[1.05955,44.63977],[1.06161,44.64337],[1.06473,44.64548],[1.06548,44.64558],[1.06836,44.64762],[1.0697,44.64889],[1.07049,44.65061],[1.07236,44.65264],[1.07601,44.65329],[1.07839,44.65309],[1.08063,44.65372],[1.08259,44.65521],[1.08655,44.65412],[1.09108,44.65364],[1.09687,44.65088],[1.09971,44.64993],[1.10625,44.64895],[1.10714,44.65077],[1.10866,44.65163],[1.11017,44.65169],[1.11087,44.65261],[1.11637,44.65407],[1.11894,44.65425],[1.12017,44.65385],[1.12143,44.65275],[1.12347,44.6519],[1.12489,44.64887],[1.1263,44.6482],[1.13269,44.64793],[1.13487,44.64673],[1.1372,44.64608],[1.1401,44.64619],[1.14074,44.64767],[1.14199,44.64893],[1.14318,44.65135],[1.1465,44.65309],[1.14909,44.6516],[1.14788,44.65046],[1.14993,44.6481],[1.15005,44.64722],[1.15185,44.64521],[1.15147,44.64326],[1.15272,44.64251],[1.15183,44.64131],[1.1533,44.64106],[1.1538,44.63955],[1.15253,44.63602],[1.15079,44.63342],[1.15052,44.63297],[1.14813,44.63247],[1.14522,44.63032],[1.14255,44.628],[1.14211,44.62721],[1.13859,44.62524],[1.13666,44.62322],[1.13475,44.62183],[1.13289,44.62005],[1.13271,44.61926],[1.13116,44.61825],[1.12729,44.61678]]]}},{"type":"Feature","id":"fr-commune-24586","properties":{"id":"fr-commune-24586","name":"Villetoureix","kind":"commune","center":[0.3592,45.2736],"code":"24586","department":"24"},"bbox":[0.32562,45.25484,0.39284,45.29235],"geometry":{"type":"Polygon","coordinates":[[[0.38877,45.25694],[0.38615,45.25753],[0.38459,45.25836],[0.3816,45.2587],[0.37928,45.25931],[0.37903,45.26061],[0.37811,45.26115],[0.3758,45.26101],[0.37443,45.26029],[0.37197,45.25972],[0.37033,45.25811],[0.36891,45.25715],[0.366,45.25769],[0.36455,45.2584],[0.36244,45.25769],[0.36172,45.25705],[0.35891,45.25655],[0.35425,45.25484],[0.35115,45.25492],[0.34344,45.25613],[0.34123,45.25717],[0.3372,45.25762],[0.33478,45.25905],[0.33494,45.2613],[0.33244,45.26187],[0.3307,45.26309],[0.32837,45.26323],[0.3258,45.2638],[0.32601,45.26451],[0.32583,45.26866],[0.3282,45.26924],[0.32759,45.27096],[0.32816,45.27148],[0.33221,45.27228],[0.33125,45.27356],[0.33029,45.27582],[0.32966,45.27629],[0.32562,45.27738],[0.32944,45.28148],[0.33041,45.28218],[0.33131,45.28378],[0.33363,45.28651],[0.33423,45.28789],[0.33578,45.29006],[0.33676,45.29012],[0.33913,45.28933],[0.34073,45.2893],[0.3421,45.28853],[0.34384,45.28667],[0.34533,45.2866],[0.349,45.28473],[0.3499,45.28779],[0.35099,45.289],[0.35428,45.28846],[0.35322,45.28669],[0.357,45.28569],[0.35845,45.28697],[0.35818,45.28878],[0.36171,45.28871],[0.361,45.29143],[0.36132,45.29235],[0.36472,45.29194],[0.36764,45.2911],[0.37019,45.29216],[0.37399,45.29174],[0.37739,45.29159],[0.3788,45.29115],[0.37716,45.28809],[0.37947,45.28809],[0.38226,45.28766],[0.38161,45.28454],[0.38177,45.283],[0.38128,45.28234],[0.38082,45.27982],[0.38568,45.28048],[0.38797,45.27896],[0.3926,45.27848],[0.39227,45.27729],[0.39284,45.27631],[0.39179,45.27194],[0.39184,45.26952],[0.39281,45.26852],[0.39217,45.26705],[0.39181,45.26495],[0.39109,45.26329],[0.39237,45.26018],[0.39103,45.25935],[0.38965,45.25944],[0.38863,45.25833],[0.38877,45.25694]]]}},{"type":"Feature","id":"fr-commune-24587","properties":{"id":"fr-commune-24587","name":"Vitrac","kind":"commune","center":[1.2256,44.8453],"code":"24587","department":"24"},"bbox":[1.1915,44.82257,1.25979,44.86809],"geometry":{"type":"Polygon","coordinates":[[[1.2448,44.85327],[1.24642,44.85073],[1.24624,44.84723],[1.25213,44.84148],[1.25074,44.84054],[1.25021,44.83872],[1.2508,44.83607],[1.25239,44.83423],[1.25658,44.83198],[1.25759,44.83095],[1.25902,44.82856],[1.25979,44.82537],[1.25768,44.82366],[1.25646,44.82316],[1.25336,44.82257],[1.24925,44.8233],[1.24781,44.82328],[1.24084,44.82453],[1.23604,44.82616],[1.23111,44.82766],[1.22783,44.82788],[1.22637,44.82751],[1.22224,44.82557],[1.21957,44.82457],[1.21748,44.82324],[1.21539,44.82489],[1.21431,44.82612],[1.21302,44.82665],[1.21217,44.82774],[1.21031,44.82852],[1.20799,44.82875],[1.20412,44.82671],[1.20316,44.8255],[1.20065,44.82385],[1.19821,44.82288],[1.19689,44.82471],[1.19259,44.82934],[1.1915,44.83143],[1.19249,44.83473],[1.19687,44.83927],[1.1999,44.84198],[1.20063,44.84344],[1.20041,44.84549],[1.20111,44.84696],[1.20359,44.84799],[1.20543,44.85512],[1.20392,44.85846],[1.21381,44.85825],[1.21372,44.85938],[1.2145,44.85998],[1.21529,44.86223],[1.21663,44.86267],[1.21762,44.86374],[1.21975,44.86522],[1.22059,44.86674],[1.2231,44.86809],[1.2233,44.86713],[1.22262,44.86518],[1.22359,44.86341],[1.22412,44.86132],[1.22302,44.85791],[1.22405,44.85536],[1.22394,44.8543],[1.2259,44.85225],[1.22692,44.85062],[1.23128,44.85056],[1.23749,44.85281],[1.24266,44.8528],[1.2448,44.85327]]]}}]}
