{"type":"FeatureCollection","bbox":[163.5697,-22.8477,168.13366,-19.53941],"license":"ODbL-1.0","licenseUrl":"https://opendatacommons.org/licenses/odbl/1-0/","attribution":"Contours administratifs — data.gouv.fr / IGN et sources des collectivités d’outre-mer","sourceIds":["contours-france-50m"],"features":[{"type":"Feature","id":"fr-commune-98801","properties":{"id":"fr-commune-98801","name":"Belep","kind":"commune","center":[163.6412,-19.711],"code":"98801","department":"988"},"bbox":[163.5697,-19.90209,163.70879,-19.53941],"geometry":{"type":"MultiPolygon","coordinates":[[[[163.70653,-19.90209],[163.70661,-19.90148],[163.70587,-19.89706],[163.70766,-19.89583],[163.70717,-19.90058],[163.70653,-19.90209]]],[[[163.70796,-19.88982],[163.70879,-19.89056],[163.70807,-19.89276],[163.70709,-19.89089],[163.70796,-19.88982]]],[[[163.70201,-19.88039],[163.70099,-19.87902],[163.70212,-19.87724],[163.70313,-19.87703],[163.70308,-19.87827],[163.70355,-19.87957],[163.70293,-19.8807],[163.70201,-19.88039]]],[[[163.69776,-19.84664],[163.69668,-19.84499],[163.69741,-19.84459],[163.69836,-19.84235],[163.69791,-19.84022],[163.69736,-19.8396],[163.69779,-19.83851],[163.70023,-19.83857],[163.70078,-19.84017],[163.70044,-19.84188],[163.69924,-19.84336],[163.69958,-19.84489],[163.69852,-19.84674],[163.69776,-19.84664]]],[[[163.69558,-19.83391],[163.69537,-19.83333],[163.69621,-19.83108],[163.696,-19.82965],[163.69525,-19.82818],[163.69546,-19.82761],[163.69853,-19.8279],[163.69841,-19.82897],[163.69898,-19.83017],[163.69852,-19.83084],[163.69984,-19.83145],[163.70047,-19.83259],[163.70004,-19.83351],[163.69871,-19.83341],[163.69619,-19.8342],[163.69558,-19.83391]]],[[[163.67948,-19.81484],[163.68144,-19.81395],[163.68203,-19.81306],[163.68257,-19.81055],[163.68456,-19.80933],[163.68468,-19.81046],[163.68561,-19.81283],[163.68546,-19.81399],[163.68628,-19.81491],[163.68651,-19.8166],[163.6875,-19.81671],[163.68888,-19.81822],[163.68778,-19.81858],[163.68714,-19.82064],[163.68439,-19.82239],[163.68146,-19.8255],[163.67908,-19.82548],[163.67822,-19.82519],[163.6763,-19.82576],[163.67445,-19.82673],[163.67322,-19.82678],[163.67363,-19.82362],[163.67291,-19.82248],[163.67406,-19.82233],[163.67527,-19.82162],[163.67672,-19.82146],[163.67833,-19.82049],[163.67964,-19.81863],[163.67988,-19.81701],[163.67879,-19.81536],[163.67948,-19.81484]]],[[[163.70241,-19.76936],[163.70035,-19.76967],[163.69953,-19.77033],[163.6987,-19.76944],[163.69684,-19.76946],[163.69563,-19.77027],[163.69404,-19.76959],[163.69181,-19.76949],[163.69055,-19.7685],[163.69066,-19.76751],[163.68972,-19.76621],[163.68727,-19.76605],[163.68402,-19.76689],[163.68158,-19.76845],[163.67929,-19.77136],[163.67908,-19.77428],[163.67988,-19.77506],[163.68004,-19.77609],[163.67898,-19.77669],[163.67862,-19.77847],[163.67905,-19.77903],[163.67835,-19.78074],[163.67849,-19.78244],[163.67836,-19.78565],[163.67804,-19.78674],[163.67622,-19.78736],[163.67558,-19.78683],[163.67575,-19.78498],[163.67488,-19.78215],[163.67201,-19.77989],[163.67089,-19.77817],[163.67209,-19.77833],[163.67302,-19.77691],[163.67291,-19.77471],[163.6733,-19.77358],[163.67297,-19.77139],[163.67057,-19.76914],[163.66847,-19.76826],[163.66754,-19.76829],[163.66542,-19.76662],[163.66378,-19.76578],[163.66422,-19.76352],[163.66308,-19.76102],[163.66098,-19.75939],[163.66008,-19.75768],[163.65881,-19.75669],[163.65576,-19.75525],[163.65393,-19.75497],[163.65299,-19.75354],[163.65268,-19.75204],[163.65316,-19.75045],[163.65277,-19.74719],[163.65338,-19.74612],[163.65346,-19.74467],[163.65307,-19.73959],[163.65227,-19.73792],[163.65223,-19.73698],[163.65094,-19.73555],[163.64935,-19.73471],[163.64815,-19.73448],[163.64773,-19.73294],[163.64667,-19.73165],[163.64231,-19.72785],[163.64172,-19.72667],[163.64064,-19.72288],[163.64004,-19.72184],[163.641,-19.7207],[163.6428,-19.71944],[163.64379,-19.71755],[163.64621,-19.71501],[163.64593,-19.71355],[163.64467,-19.71169],[163.64241,-19.71097],[163.6412,-19.71101],[163.64052,-19.71036],[163.63856,-19.71017],[163.63789,-19.70966],[163.63502,-19.70967],[163.63413,-19.71049],[163.63284,-19.71052],[163.63324,-19.70917],[163.63476,-19.70894],[163.63545,-19.70753],[163.63543,-19.7052],[163.63287,-19.70038],[163.632,-19.69932],[163.63189,-19.69809],[163.63074,-19.6968],[163.63178,-19.69491],[163.63175,-19.69314],[163.63063,-19.69069],[163.62936,-19.68897],[163.63106,-19.68671],[163.63189,-19.68481],[163.63312,-19.68299],[163.63525,-19.68187],[163.63754,-19.67905],[163.63802,-19.67762],[163.63995,-19.6765],[163.64086,-19.67681],[163.64334,-19.67607],[163.64497,-19.67447],[163.64598,-19.67284],[163.64609,-19.67062],[163.64502,-19.67024],[163.64441,-19.66814],[163.64319,-19.66617],[163.64232,-19.6657],[163.64223,-19.66419],[163.64085,-19.66201],[163.64066,-19.65921],[163.6414,-19.65795],[163.64152,-19.65653],[163.64014,-19.65416],[163.64021,-19.65246],[163.63862,-19.6509],[163.63813,-19.64989],[163.63883,-19.64784],[163.63637,-19.64396],[163.63328,-19.64086],[163.63178,-19.63966],[163.62962,-19.63852],[163.62881,-19.63656],[163.6274,-19.63572],[163.62676,-19.63421],[163.62543,-19.63326],[163.62371,-19.63123],[163.62331,-19.62887],[163.62305,-19.62463],[163.62248,-19.62384],[163.62174,-19.62102],[163.62437,-19.62202],[163.6269,-19.6233],[163.63077,-19.62453],[163.63253,-19.62569],[163.63397,-19.627],[163.63598,-19.63015],[163.6373,-19.63306],[163.64025,-19.63841],[163.64184,-19.64096],[163.64335,-19.64292],[163.64467,-19.64535],[163.64482,-19.64658],[163.64571,-19.64798],[163.64761,-19.64913],[163.64853,-19.65012],[163.64966,-19.65248],[163.65072,-19.65331],[163.65338,-19.65618],[163.65463,-19.65895],[163.65547,-19.65921],[163.65726,-19.66255],[163.6591,-19.66525],[163.65906,-19.66717],[163.65978,-19.66818],[163.66264,-19.67001],[163.66362,-19.67135],[163.66411,-19.67288],[163.66556,-19.67581],[163.66744,-19.67782],[163.6685,-19.68076],[163.66993,-19.68077],[163.67018,-19.6823],[163.66993,-19.68338],[163.67085,-19.68357],[163.6724,-19.68556],[163.67357,-19.68923],[163.67351,-19.69008],[163.67461,-19.69347],[163.67431,-19.69437],[163.67326,-19.6948],[163.67392,-19.69592],[163.67406,-19.69805],[163.67453,-19.69935],[163.67436,-19.70071],[163.67466,-19.70277],[163.67535,-19.70432],[163.67482,-19.70584],[163.67452,-19.70825],[163.6752,-19.71017],[163.67439,-19.71135],[163.67475,-19.71335],[163.67578,-19.71646],[163.67532,-19.71825],[163.67402,-19.7194],[163.67281,-19.72211],[163.67307,-19.72382],[163.67524,-19.72659],[163.67617,-19.72826],[163.6773,-19.72936],[163.67915,-19.7297],[163.68037,-19.72854],[163.68162,-19.72913],[163.68432,-19.73176],[163.68421,-19.73272],[163.68465,-19.73456],[163.6877,-19.73794],[163.6893,-19.73912],[163.6912,-19.73992],[163.6945,-19.74067],[163.69653,-19.73932],[163.69911,-19.73833],[163.70012,-19.74061],[163.69959,-19.74124],[163.69977,-19.7442],[163.70044,-19.74614],[163.70156,-19.74774],[163.70471,-19.75554],[163.70511,-19.75955],[163.70449,-19.76037],[163.70442,-19.76275],[163.70504,-19.76458],[163.70416,-19.76678],[163.70365,-19.76915],[163.70241,-19.76936]]],[[[163.61212,-19.59844],[163.61246,-19.59817],[163.61524,-19.59817],[163.6129,-19.59922],[163.61212,-19.59844]]],[[[163.57398,-19.56344],[163.57309,-19.56283],[163.57203,-19.56069],[163.5721,-19.5588],[163.57077,-19.55702],[163.5697,-19.55511],[163.57043,-19.55477],[163.57108,-19.5535],[163.57153,-19.55132],[163.57297,-19.55133],[163.57512,-19.54993],[163.57586,-19.54789],[163.5758,-19.54621],[163.57521,-19.54514],[163.57349,-19.54404],[163.5721,-19.54355],[163.57269,-19.54161],[163.57361,-19.54146],[163.57465,-19.54034],[163.5769,-19.53941],[163.57874,-19.54034],[163.57959,-19.5436],[163.58088,-19.54416],[163.58152,-19.54742],[163.58295,-19.55104],[163.58363,-19.55104],[163.58477,-19.55317],[163.58559,-19.55367],[163.58728,-19.55547],[163.58723,-19.55771],[163.58776,-19.55941],[163.58952,-19.56204],[163.58935,-19.56266],[163.59171,-19.56424],[163.59424,-19.56549],[163.59567,-19.56662],[163.59751,-19.56875],[163.59759,-19.57087],[163.59799,-19.57239],[163.5975,-19.57299],[163.5985,-19.57561],[163.60077,-19.57652],[163.60142,-19.57774],[163.60246,-19.57852],[163.6036,-19.58023],[163.6058,-19.58091],[163.60503,-19.58226],[163.6056,-19.58393],[163.60669,-19.58414],[163.60743,-19.58623],[163.60879,-19.58654],[163.60974,-19.58901],[163.61216,-19.58961],[163.61307,-19.59023],[163.61521,-19.59091],[163.61569,-19.59059],[163.61726,-19.59172],[163.61752,-19.59259],[163.6161,-19.59424],[163.61516,-19.59459],[163.61457,-19.59561],[163.61346,-19.59601],[163.61314,-19.59707],[163.60869,-19.59825],[163.60784,-19.59888],[163.60637,-19.59896],[163.60482,-19.60005],[163.60272,-19.59911],[163.60166,-19.59959],[163.59756,-19.60356],[163.59601,-19.60439],[163.59404,-19.60385],[163.59357,-19.60215],[163.59218,-19.59991],[163.58939,-19.59748],[163.58816,-19.59612],[163.58473,-19.59498],[163.58401,-19.59299],[163.58543,-19.59157],[163.5852,-19.58954],[163.58442,-19.58906],[163.58383,-19.58784],[163.5847,-19.58667],[163.5847,-19.58574],[163.58378,-19.58376],[163.58215,-19.58213],[163.58211,-19.58115],[163.58405,-19.58064],[163.58498,-19.57934],[163.58608,-19.57928],[163.58755,-19.57988],[163.58887,-19.579],[163.5899,-19.57643],[163.58982,-19.57509],[163.59043,-19.57435],[163.58919,-19.57349],[163.58801,-19.57035],[163.5868,-19.56937],[163.58717,-19.56776],[163.58625,-19.56642],[163.58441,-19.56653],[163.58279,-19.56803],[163.5822,-19.56983],[163.58279,-19.57061],[163.58124,-19.57146],[163.57963,-19.57137],[163.57901,-19.56986],[163.57779,-19.56827],[163.57678,-19.5663],[163.57398,-19.56344]]]]}},{"type":"Feature","id":"fr-commune-98802","properties":{"id":"fr-commune-98802","name":"Bouloupari","kind":"commune","center":[166.1346,-21.8901],"code":"98802","department":"988"},"bbox":[165.87018,-22.07814,166.39903,-21.68627],"geometry":{"type":"MultiPolygon","coordinates":[[[[166.02739,-22.06202],[166.02754,-22.06315],[166.02593,-22.06332],[166.02517,-22.06212],[166.02565,-22.06057],[166.02769,-22.06132],[166.02739,-22.06202]]],[[[166.05358,-22.05582],[166.05521,-22.05543],[166.05532,-22.05715],[166.05358,-22.05582]]],[[[166.05491,-22.03732],[166.05499,-22.03799],[166.05263,-22.04051],[166.05293,-22.04237],[166.05291,-22.04458],[166.05533,-22.04726],[166.05614,-22.04906],[166.05573,-22.05002],[166.05454,-22.05049],[166.0546,-22.05221],[166.05354,-22.05181],[166.052,-22.05231],[166.04873,-22.05289],[166.0477,-22.05355],[166.04588,-22.05545],[166.04553,-22.05664],[166.0461,-22.05744],[166.04513,-22.05902],[166.04575,-22.05958],[166.04616,-22.06231],[166.04724,-22.06363],[166.04831,-22.06579],[166.04923,-22.06642],[166.05028,-22.06564],[166.05143,-22.06829],[166.05259,-22.06908],[166.05294,-22.0703],[166.05449,-22.07218],[166.05788,-22.07435],[166.06035,-22.07455],[166.06297,-22.07594],[166.06397,-22.07722],[166.06292,-22.07814],[166.06065,-22.07608],[166.05928,-22.07588],[166.05577,-22.0759],[166.0538,-22.07568],[166.05082,-22.07487],[166.04931,-22.07407],[166.04766,-22.07233],[166.04546,-22.07128],[166.04465,-22.07005],[166.04177,-22.06757],[166.0407,-22.066],[166.04016,-22.06385],[166.04014,-22.0618],[166.03933,-22.0595],[166.03771,-22.05761],[166.03828,-22.05642],[166.037,-22.05446],[166.03518,-22.05321],[166.03245,-22.05247],[166.03077,-22.05146],[166.02959,-22.05009],[166.0272,-22.04586],[166.02883,-22.04485],[166.02902,-22.04198],[166.03025,-22.04034],[166.03125,-22.04124],[166.03307,-22.04108],[166.03573,-22.03953],[166.03737,-22.03889],[166.04006,-22.03653],[166.04105,-22.03491],[166.04282,-22.03034],[166.04305,-22.02741],[166.04491,-22.02748],[166.04548,-22.02801],[166.04966,-22.02871],[166.05149,-22.03075],[166.05327,-22.03157],[166.05436,-22.03248],[166.05382,-22.0345],[166.05424,-22.03616],[166.05491,-22.03732]]],[[[165.93819,-22.00797],[165.9417,-22.00896],[165.94403,-22.00871],[165.9441,-22.00926],[165.93801,-22.01121],[165.93695,-22.01112],[165.93616,-22.00872],[165.93549,-22.00781],[165.93666,-22.007],[165.93819,-22.00797]]],[[[166.14087,-22.0006],[166.14257,-21.99869],[166.14397,-21.99883],[166.14484,-21.99831],[166.14647,-21.99846],[166.14375,-22.00013],[166.14091,-22.0012],[166.14087,-22.0006]]],[[[166.10406,-21.99673],[166.10559,-21.99811],[166.10648,-21.99837],[166.1084,-21.99982],[166.10895,-22.00062],[166.10803,-22.00166],[166.10782,-22.00406],[166.10649,-22.00366],[166.1049,-22.00447],[166.10376,-22.00116],[166.10219,-22.0004],[166.1031,-21.9992],[166.10406,-21.99673]]],[[[166.1429,-21.9967],[166.14368,-21.99598],[166.14504,-21.9969],[166.14432,-21.99844],[166.14227,-21.99829],[166.1429,-21.9967]]],[[[166.06085,-22.00544],[166.06199,-22.00612],[166.06209,-22.00744],[166.06278,-22.00857],[166.06243,-22.01101],[166.06673,-22.01327],[166.06686,-22.01456],[166.06377,-22.01318],[166.06224,-22.01074],[166.06081,-22.0095],[166.05905,-22.0089],[166.0582,-22.00771],[166.057,-22.0073],[166.05506,-22.006],[166.05394,-22.00583],[166.05211,-22.00729],[166.0526,-22.00852],[166.0522,-22.00976],[166.0533,-22.01107],[166.05256,-22.01254],[166.04854,-22.0123],[166.04742,-22.01157],[166.04641,-22.01209],[166.04624,-22.01375],[166.04664,-22.01432],[166.04671,-22.01705],[166.04634,-22.01876],[166.04531,-22.01938],[166.04513,-22.02235],[166.04371,-22.02256],[166.04164,-22.0236],[166.04031,-22.02327],[166.03894,-22.02368],[166.03662,-22.02623],[166.03387,-22.02682],[166.03134,-22.02687],[166.03053,-22.02753],[166.02909,-22.02521],[166.02883,-22.02369],[166.02912,-22.0221],[166.02852,-22.02047],[166.02586,-22.01746],[166.02498,-22.01525],[166.02504,-22.01373],[166.02421,-22.01167],[166.02308,-22.01027],[166.02338,-22.0081],[166.02415,-22.00714],[166.02386,-22.00459],[166.02511,-22.00353],[166.02539,-22.00276],[166.0247,-22.0009],[166.02575,-22.00033],[166.0251,-21.99776],[166.02418,-21.99614],[166.02309,-21.99339],[166.02218,-21.99019],[166.01992,-21.98832],[166.01929,-21.986],[166.01936,-21.9849],[166.02105,-21.98388],[166.02381,-21.98479],[166.02512,-21.98488],[166.02668,-21.98565],[166.03049,-21.98633],[166.03144,-21.98703],[166.03456,-21.98761],[166.03542,-21.98888],[166.03707,-21.98963],[166.04006,-21.98994],[166.04424,-21.99095],[166.04647,-21.99308],[166.04727,-21.99435],[166.0476,-21.99581],[166.04666,-21.99885],[166.04553,-22.00009],[166.04539,-22.00136],[166.04645,-22.0022],[166.04784,-22.00228],[166.04921,-22.00343],[166.05078,-22.00351],[166.05189,-22.00309],[166.05185,-22.00217],[166.05253,-21.99929],[166.05381,-21.99912],[166.05449,-21.99842],[166.05395,-21.9973],[166.05402,-21.9959],[166.05537,-21.99334],[166.05724,-21.99264],[166.05868,-21.99297],[166.0595,-21.99416],[166.06079,-21.9943],[166.06213,-21.99301],[166.06466,-21.99447],[166.06646,-21.99441],[166.06851,-21.99489],[166.06942,-21.99574],[166.06865,-21.99747],[166.06909,-21.99812],[166.06891,-21.99983],[166.07183,-22.00113],[166.07096,-22.00265],[166.07108,-22.00372],[166.06835,-22.00342],[166.06736,-22.00365],[166.0644,-22.0033],[166.06202,-22.00352],[166.06085,-22.00544]],[[166.02938,-22.01156],[166.03021,-22.01159],[166.0307,-22.01358],[166.03162,-22.01518],[166.03302,-22.013],[166.03453,-22.01315],[166.03614,-22.01428],[166.03701,-22.01368],[166.03634,-22.01233],[166.03648,-22.00986],[166.03213,-22.00789],[166.03157,-22.00934],[166.0298,-22.01041],[166.02938,-22.01156]]],[[[166.05392,-21.98495],[166.0539,-21.98309],[166.05481,-21.98364],[166.05502,-21.9846],[166.05392,-21.98495]]],[[[166.10167,-21.98331],[166.1014,-21.98459],[166.09809,-21.98689],[166.09747,-21.98476],[166.09668,-21.98339],[166.09455,-21.98298],[166.09462,-21.98119],[166.0961,-21.98194],[166.09757,-21.98164],[166.09938,-21.98237],[166.10109,-21.98236],[166.10167,-21.98331]]],[[[166.11134,-21.9812],[166.11199,-21.98328],[166.11081,-21.98379],[166.10988,-21.98516],[166.10865,-21.98546],[166.10911,-21.98268],[166.10803,-21.98176],[166.10633,-21.98144],[166.1053,-21.98061],[166.10607,-21.97929],[166.10689,-21.97973],[166.10877,-21.97976],[166.1091,-21.98045],[166.11134,-21.9812]]],[[[166.06636,-21.98083],[166.0641,-21.98115],[166.06354,-21.97768],[166.06528,-21.97709],[166.06693,-21.97774],[166.06782,-21.98017],[166.06636,-21.98083]]],[[[166.15713,-21.98369],[166.15603,-21.98382],[166.15423,-21.98278],[166.15428,-21.98155],[166.14767,-21.97675],[166.1441,-21.97605],[166.14387,-21.97518],[166.14606,-21.97492],[166.14768,-21.976],[166.14784,-21.97679],[166.15451,-21.98167],[166.15713,-21.98369]]],[[[166.01052,-21.97002],[166.00965,-21.96967],[166.00837,-21.96828],[166.00924,-21.9676],[166.0114,-21.96757],[166.01262,-21.96898],[166.01247,-21.97022],[166.01052,-21.97002]]],[[[165.96789,-21.9751],[165.96788,-21.9782],[165.96842,-21.97938],[165.96842,-21.98087],[165.96734,-21.98076],[165.96389,-21.98178],[165.96222,-21.9803],[165.96007,-21.97981],[165.9594,-21.97931],[165.95868,-21.97629],[165.95726,-21.97572],[165.95072,-21.97533],[165.94944,-21.97443],[165.9501,-21.97377],[165.94927,-21.97176],[165.94626,-21.96731],[165.94394,-21.96497],[165.94405,-21.96324],[165.94496,-21.96363],[165.94606,-21.96481],[165.94791,-21.96478],[165.94882,-21.96386],[165.95068,-21.96343],[165.9525,-21.96375],[165.95415,-21.96513],[165.955,-21.96477],[165.95656,-21.96598],[165.95749,-21.96622],[165.95915,-21.96549],[165.95964,-21.96467],[165.96137,-21.96409],[165.96399,-21.96462],[165.96687,-21.967],[165.96819,-21.97044],[165.968,-21.97189],[165.96835,-21.97389],[165.96789,-21.9751]]],[[[165.97209,-21.96644],[165.97109,-21.96506],[165.97232,-21.96232],[165.97435,-21.96253],[165.97676,-21.96223],[165.97936,-21.96269],[165.98047,-21.96232],[165.9813,-21.96387],[165.98279,-21.96502],[165.98492,-21.96533],[165.98619,-21.96604],[165.98788,-21.96648],[165.98976,-21.96605],[165.9926,-21.96699],[165.99478,-21.96645],[165.99651,-21.96745],[165.99716,-21.96819],[165.99745,-21.97107],[165.99959,-21.97136],[166.00155,-21.97245],[166.00304,-21.97261],[166.00301,-21.97176],[166.00806,-21.9737],[166.01134,-21.97618],[166.01311,-21.97809],[166.01471,-21.97829],[166.014,-21.97973],[166.01156,-21.97998],[166.01004,-21.98155],[166.00777,-21.98163],[166.00549,-21.98347],[166.00335,-21.98404],[166.00167,-21.98592],[166.0013,-21.98732],[166.00159,-21.98813],[165.99841,-21.98935],[165.99651,-21.98694],[165.99557,-21.98702],[165.9948,-21.98569],[165.99249,-21.98397],[165.98992,-21.98323],[165.98929,-21.98187],[165.98729,-21.98027],[165.98651,-21.98044],[165.9853,-21.9792],[165.98523,-21.97816],[165.98404,-21.97634],[165.98254,-21.9749],[165.98119,-21.97407],[165.97911,-21.9719],[165.97732,-21.97167],[165.9745,-21.96952],[165.9726,-21.9676],[165.97209,-21.96644]]],[[[166.08324,-21.9748],[166.08484,-21.97388],[166.08638,-21.97168],[166.08681,-21.97003],[166.08796,-21.96924],[166.08849,-21.96671],[166.08909,-21.9658],[166.09042,-21.96535],[166.09088,-21.96217],[166.09035,-21.96094],[166.08905,-21.95989],[166.08663,-21.96],[166.08491,-21.95904],[166.08334,-21.95938],[166.0833,-21.95801],[166.08514,-21.95848],[166.08816,-21.95812],[166.08952,-21.95857],[166.09041,-21.95814],[166.09103,-21.95634],[166.09057,-21.95546],[166.08943,-21.95537],[166.09005,-21.95393],[166.09275,-21.95384],[166.09386,-21.9555],[166.09376,-21.95647],[166.09282,-21.95826],[166.09307,-21.9598],[166.09521,-21.96069],[166.09664,-21.96233],[166.09863,-21.96267],[166.09941,-21.96387],[166.0979,-21.96454],[166.09414,-21.96756],[166.09371,-21.96906],[166.09452,-21.97049],[166.0937,-21.97376],[166.09437,-21.97456],[166.09301,-21.97647],[166.09302,-21.9779],[166.09412,-21.9785],[166.09254,-21.9793],[166.09184,-21.97924],[166.09011,-21.98011],[166.08617,-21.98109],[166.08356,-21.98267],[166.0836,-21.98513],[166.08326,-21.98581],[166.08154,-21.98512],[166.07983,-21.98542],[166.0783,-21.98731],[166.0764,-21.98711],[166.07623,-21.98541],[166.07548,-21.9837],[166.07449,-21.9833],[166.07474,-21.98128],[166.07585,-21.98004],[166.07689,-21.97794],[166.07682,-21.97591],[166.07901,-21.97628],[166.08013,-21.97615],[166.08324,-21.9748]]],[[[166.03393,-21.94909],[166.03393,-21.95278],[166.03459,-21.95362],[166.03343,-21.95426],[166.03175,-21.9539],[166.03022,-21.95526],[166.02837,-21.95528],[166.02786,-21.95581],[166.02665,-21.95479],[166.02799,-21.95325],[166.02869,-21.95116],[166.03228,-21.94953],[166.03393,-21.94909]]],[[[166.09849,-21.94586],[166.10076,-21.94554],[166.10192,-21.9466],[166.10172,-21.9474],[166.10064,-21.94796],[166.09926,-21.9477],[166.097,-21.94809],[166.09702,-21.94714],[166.09849,-21.94586]]],[[[166.06727,-21.94446],[166.06719,-21.94584],[166.06763,-21.94759],[166.06603,-21.94724],[166.06555,-21.94575],[166.06565,-21.94415],[166.06727,-21.94446]]],[[[166.10994,-21.94189],[166.10925,-21.94314],[166.10752,-21.94274],[166.10633,-21.94373],[166.10482,-21.94377],[166.10397,-21.94236],[166.107,-21.94243],[166.1089,-21.94183],[166.10994,-21.94189]]],[[[166.12375,-21.94278],[166.12495,-21.94326],[166.12478,-21.94491],[166.12546,-21.94564],[166.12448,-21.94657],[166.12375,-21.94278]]],[[[166.09259,-21.94505],[166.09106,-21.94594],[166.0901,-21.94538],[166.08884,-21.94368],[166.08804,-21.94318],[166.08832,-21.94208],[166.0911,-21.94229],[166.09143,-21.94468],[166.09259,-21.94505]]],[[[165.91968,-21.94581],[165.91845,-21.94559],[165.91817,-21.94462],[165.91573,-21.94216],[165.91549,-21.94038],[165.91577,-21.93942],[165.91707,-21.93763],[165.91893,-21.93871],[165.91931,-21.9396],[165.92115,-21.9412],[165.92253,-21.94417],[165.92254,-21.94522],[165.92389,-21.94635],[165.92401,-21.94765],[165.92333,-21.94826],[165.92094,-21.94615],[165.91968,-21.94581]]],[[[166.11656,-21.93844],[166.1177,-21.93823],[166.1187,-21.93905],[166.11783,-21.9401],[166.11639,-21.93885],[166.11507,-21.93825],[166.11569,-21.93748],[166.11656,-21.93844]]],[[[165.91305,-21.93356],[165.91504,-21.93556],[165.91485,-21.93616],[165.91247,-21.93627],[165.91096,-21.9359],[165.91051,-21.93489],[165.9108,-21.93292],[165.91305,-21.93356]]],[[[166.09273,-21.93452],[166.09238,-21.93367],[166.09054,-21.93414],[166.09001,-21.93197],[166.09142,-21.93243],[166.09301,-21.93385],[166.09273,-21.93452]]],[[[166.09442,-21.93083],[166.09478,-21.93019],[166.09623,-21.93067],[166.09641,-21.93146],[166.09388,-21.9325],[166.09442,-21.93083]]],[[[166.09023,-21.9315],[166.08948,-21.93085],[166.09172,-21.92962],[166.09276,-21.93052],[166.09298,-21.93265],[166.09023,-21.9315]]],[[[165.90742,-21.93032],[165.90854,-21.93073],[165.91,-21.93317],[165.90795,-21.93486],[165.90647,-21.93473],[165.90548,-21.93194],[165.90396,-21.93038],[165.89923,-21.92793],[165.8998,-21.9268],[165.90071,-21.92634],[165.90219,-21.92664],[165.90437,-21.92831],[165.90467,-21.92916],[165.90742,-21.93032]]],[[[165.9294,-21.91946],[165.92867,-21.9211],[165.9287,-21.92534],[165.92691,-21.92488],[165.92592,-21.92288],[165.92598,-21.92186],[165.92717,-21.92096],[165.928,-21.91978],[165.9294,-21.91946]]],[[[166.03178,-21.90842],[166.03112,-21.91011],[166.02998,-21.90993],[166.03178,-21.90842]]],[[[166.02749,-21.90764],[166.02891,-21.90747],[166.02829,-21.90871],[166.02749,-21.90764]]],[[[166.03464,-21.90315],[166.03757,-21.9035],[166.03503,-21.90471],[166.03394,-21.90468],[166.03464,-21.90315]]],[[[166.0362,-21.90119],[166.03595,-21.90044],[166.03702,-21.89904],[166.04011,-21.89917],[166.03913,-21.90027],[166.0362,-21.90119]]],[[[166.03519,-21.89391],[166.03569,-21.89329],[166.03759,-21.89239],[166.03831,-21.89308],[166.03519,-21.89391]]],[[[166.05591,-21.89103],[166.05641,-21.88955],[166.05702,-21.8894],[166.06022,-21.88972],[166.0624,-21.89033],[166.06193,-21.89192],[166.061,-21.89132],[166.05796,-21.89131],[166.05783,-21.89216],[166.05591,-21.89103]]],[[[166.04924,-21.88983],[166.05046,-21.88973],[166.05057,-21.89087],[166.0517,-21.89079],[166.05242,-21.89138],[166.05013,-21.89198],[166.04842,-21.89133],[166.04924,-21.88983]]],[[[166.03533,-21.88994],[166.03134,-21.8928],[166.03083,-21.89158],[166.03645,-21.88913],[166.03738,-21.8871],[166.03866,-21.88821],[166.03533,-21.88994]]],[[[165.87103,-21.86216],[165.87018,-21.85893],[165.87044,-21.85685],[165.87212,-21.85619],[165.87234,-21.85511],[165.8734,-21.8545],[165.87356,-21.85357],[165.87503,-21.85286],[165.87547,-21.85114],[165.87715,-21.85065],[165.87865,-21.85103],[165.87924,-21.85058],[165.87935,-21.84914],[165.88074,-21.84784],[165.88172,-21.84591],[165.88109,-21.84498],[165.8823,-21.84453],[165.8845,-21.84265],[165.88675,-21.84027],[165.88922,-21.83626],[165.89068,-21.83414],[165.89637,-21.82659],[165.89824,-21.82848],[165.89971,-21.82915],[165.90068,-21.82883],[165.90206,-21.82905],[165.90488,-21.82739],[165.90853,-21.82477],[165.90991,-21.82426],[165.91085,-21.82243],[165.9121,-21.82243],[165.9124,-21.81993],[165.91374,-21.81918],[165.91426,-21.81794],[165.91376,-21.81666],[165.91432,-21.8156],[165.91561,-21.81459],[165.91627,-21.81244],[165.91747,-21.81222],[165.9184,-21.81068],[165.91935,-21.81016],[165.92233,-21.80631],[165.92141,-21.80583],[165.92033,-21.80448],[165.91802,-21.80346],[165.91593,-21.80176],[165.91476,-21.79993],[165.9149,-21.79817],[165.91612,-21.79604],[165.91831,-21.79519],[165.91927,-21.79435],[165.9197,-21.79288],[165.92235,-21.79145],[165.92352,-21.79113],[165.92397,-21.78689],[165.92312,-21.78569],[165.92476,-21.78379],[165.92513,-21.78245],[165.92617,-21.78108],[165.9286,-21.78119],[165.93065,-21.78235],[165.93184,-21.78218],[165.93399,-21.78282],[165.93886,-21.78126],[165.93995,-21.77997],[165.94136,-21.77963],[165.94322,-21.78021],[165.94463,-21.7795],[165.9488,-21.77878],[165.9508,-21.77708],[165.95229,-21.77539],[165.9532,-21.77491],[165.95422,-21.77301],[165.95525,-21.77229],[165.95502,-21.77139],[165.95584,-21.77072],[165.95815,-21.76972],[165.96092,-21.76719],[165.96183,-21.76726],[165.96419,-21.76622],[165.96334,-21.76505],[165.96284,-21.76363],[165.96335,-21.76249],[165.9636,-21.75995],[165.96412,-21.7581],[165.9636,-21.75674],[165.96176,-21.75535],[165.96199,-21.75398],[165.96051,-21.75071],[165.95825,-21.749],[165.95734,-21.74735],[165.95526,-21.74458],[165.95571,-21.74339],[165.9544,-21.74237],[165.95396,-21.74042],[165.95532,-21.73662],[165.95734,-21.73483],[165.95948,-21.735],[165.96061,-21.73361],[165.96077,-21.73205],[165.96223,-21.73138],[165.96262,-21.73039],[165.96398,-21.72897],[165.96403,-21.72822],[165.96534,-21.72691],[165.96687,-21.72609],[165.96788,-21.72463],[165.96935,-21.72464],[165.9711,-21.72271],[165.97375,-21.7221],[165.97535,-21.72261],[165.97714,-21.72229],[165.97779,-21.72037],[165.97757,-21.71852],[165.97997,-21.71793],[165.98122,-21.71733],[165.98337,-21.71704],[165.98588,-21.71808],[165.98764,-21.71742],[165.98877,-21.71585],[165.98982,-21.71502],[165.99104,-21.71124],[165.99215,-21.71063],[165.99352,-21.70906],[165.99339,-21.70713],[165.99501,-21.70557],[165.99533,-21.70412],[165.99634,-21.70281],[165.99627,-21.7],[165.99554,-21.69803],[165.99652,-21.69504],[165.99735,-21.69399],[165.99815,-21.6918],[165.99926,-21.69048],[166.00014,-21.69035],[166.00297,-21.68899],[166.00513,-21.68863],[166.00617,-21.68899],[166.00766,-21.68793],[166.00857,-21.6878],[166.01098,-21.68639],[166.01511,-21.68627],[166.01541,-21.68822],[166.01489,-21.6898],[166.01614,-21.69102],[166.01768,-21.69148],[166.01876,-21.69267],[166.01822,-21.69396],[166.01917,-21.69492],[166.01927,-21.69675],[166.02064,-21.6981],[166.01964,-21.70094],[166.02004,-21.70298],[166.0189,-21.70659],[166.01936,-21.70767],[166.02277,-21.70745],[166.02444,-21.70845],[166.02549,-21.70792],[166.02723,-21.70785],[166.03018,-21.70622],[166.03111,-21.70736],[166.03236,-21.70798],[166.0341,-21.711],[166.03533,-21.71187],[166.03735,-21.71199],[166.03832,-21.71314],[166.03959,-21.71319],[166.04188,-21.7146],[166.04401,-21.71426],[166.04551,-21.71505],[166.04688,-21.71481],[166.04902,-21.71777],[166.04924,-21.71954],[166.05082,-21.72068],[166.05293,-21.72102],[166.05429,-21.72062],[166.05544,-21.72087],[166.05576,-21.71953],[166.05736,-21.71892],[166.05895,-21.71606],[166.06021,-21.71442],[166.06148,-21.71523],[166.06407,-21.71473],[166.06503,-21.71338],[166.06523,-21.71174],[166.06613,-21.70994],[166.06899,-21.70836],[166.06987,-21.70897],[166.0709,-21.70877],[166.07256,-21.70964],[166.07309,-21.71059],[166.07634,-21.71252],[166.07877,-21.71084],[166.08064,-21.70998],[166.0812,-21.70938],[166.08297,-21.70863],[166.0833,-21.70769],[166.08438,-21.70818],[166.08498,-21.70769],[166.08648,-21.70759],[166.08775,-21.70643],[166.09046,-21.70523],[166.09046,-21.71093],[166.08936,-21.71044],[166.08776,-21.71092],[166.0863,-21.71068],[166.08368,-21.71889],[166.08271,-21.72007],[166.07963,-21.73123],[166.08071,-21.7326],[166.08289,-21.7329],[166.08449,-21.73493],[166.08612,-21.73576],[166.08677,-21.73669],[166.08661,-21.73906],[166.08703,-21.74003],[166.08921,-21.74196],[166.0889,-21.74335],[166.08978,-21.74398],[166.09007,-21.74632],[166.09058,-21.74708],[166.08672,-21.74755],[166.08278,-21.74762],[166.08183,-21.74817],[166.0818,-21.7496],[166.08309,-21.75022],[166.0818,-21.75189],[166.0817,-21.75317],[166.08089,-21.75477],[166.08111,-21.75556],[166.07994,-21.75679],[166.07847,-21.75638],[166.07917,-21.75482],[166.07818,-21.75396],[166.0765,-21.75557],[166.0739,-21.75936],[166.0717,-21.75911],[166.07145,-21.76092],[166.06885,-21.76009],[166.06823,-21.76067],[166.06772,-21.76277],[166.06771,-21.76415],[166.06627,-21.76388],[166.0664,-21.76634],[166.06672,-21.76753],[166.06542,-21.7694],[166.06572,-21.77016],[166.06755,-21.77059],[166.06793,-21.77143],[166.06759,-21.77266],[166.0678,-21.77405],[166.06698,-21.77417],[166.06627,-21.77517],[166.06496,-21.77523],[166.06423,-21.77662],[166.06196,-21.77777],[166.06149,-21.77936],[166.06196,-21.78264],[166.06413,-21.78285],[166.06607,-21.78256],[166.06875,-21.78377],[166.06939,-21.78492],[166.07399,-21.78451],[166.07529,-21.78522],[166.07818,-21.7847],[166.07908,-21.78409],[166.08014,-21.7848],[166.08068,-21.78609],[166.08496,-21.78817],[166.08534,-21.79091],[166.08594,-21.79145],[166.08606,-21.79283],[166.08709,-21.79476],[166.08914,-21.79551],[166.09057,-21.7969],[166.09157,-21.79609],[166.09488,-21.7964],[166.0966,-21.79583],[166.09743,-21.79667],[166.0996,-21.79651],[166.10106,-21.7961],[166.10205,-21.79631],[166.10422,-21.79606],[166.1083,-21.79907],[166.1101,-21.79895],[166.11167,-21.79833],[166.1129,-21.79858],[166.11309,-21.79748],[166.11473,-21.79592],[166.11665,-21.79645],[166.11871,-21.79669],[166.1204,-21.79595],[166.12136,-21.79623],[166.12376,-21.79496],[166.1262,-21.79439],[166.12957,-21.79532],[166.13114,-21.79484],[166.13247,-21.79366],[166.13513,-21.79359],[166.13689,-21.79566],[166.13827,-21.7962],[166.13931,-21.79613],[166.14118,-21.79719],[166.14232,-21.7982],[166.14378,-21.7977],[166.14438,-21.79804],[166.14557,-21.79708],[166.14527,-21.79636],[166.14629,-21.79535],[166.14669,-21.79431],[166.1485,-21.7929],[166.15102,-21.79229],[166.1544,-21.79067],[166.15501,-21.78921],[166.15757,-21.78776],[166.15851,-21.78627],[166.15842,-21.78552],[166.1592,-21.7838],[166.16086,-21.78306],[166.16387,-21.78307],[166.16817,-21.78147],[166.16922,-21.78001],[166.17096,-21.77919],[166.17109,-21.77829],[166.17232,-21.77711],[166.1743,-21.77331],[166.17406,-21.77155],[166.17568,-21.77062],[166.1744,-21.76892],[166.17394,-21.76782],[166.17272,-21.7664],[166.17331,-21.76422],[166.17187,-21.76278],[166.1711,-21.76039],[166.24558,-21.80379],[166.24592,-21.80475],[166.24782,-21.80588],[166.2507,-21.80613],[166.25151,-21.80686],[166.2531,-21.8075],[166.25436,-21.80924],[166.25471,-21.81039],[166.25583,-21.81225],[166.2584,-21.81481],[166.25841,-21.81625],[166.259,-21.818],[166.25999,-21.81825],[166.26064,-21.81955],[166.26347,-21.8211],[166.26504,-21.82253],[166.2668,-21.82475],[166.26912,-21.82496],[166.27278,-21.824],[166.27454,-21.82411],[166.27678,-21.82372],[166.27729,-21.82397],[166.28041,-21.82425],[166.28106,-21.82399],[166.28414,-21.82489],[166.28579,-21.82619],[166.28748,-21.82624],[166.28991,-21.82684],[166.29115,-21.82804],[166.29294,-21.82798],[166.29458,-21.82874],[166.29658,-21.82909],[166.29813,-21.82894],[166.29873,-21.8283],[166.30114,-21.82855],[166.30352,-21.82782],[166.30513,-21.8289],[166.30677,-21.83097],[166.30682,-21.83173],[166.30847,-21.83412],[166.30989,-21.83512],[166.31086,-21.83695],[166.31212,-21.83784],[166.31281,-21.83922],[166.31562,-21.83977],[166.31708,-21.83972],[166.32006,-21.84047],[166.32078,-21.84091],[166.32338,-21.84374],[166.32412,-21.8452],[166.32598,-21.84611],[166.32714,-21.84738],[166.32884,-21.8478],[166.32934,-21.84889],[166.32859,-21.84988],[166.32901,-21.85096],[166.33059,-21.85223],[166.33108,-21.85316],[166.33294,-21.85423],[166.33442,-21.85635],[166.33538,-21.85667],[166.33685,-21.85846],[166.33858,-21.85791],[166.33978,-21.85685],[166.34207,-21.85674],[166.34418,-21.85592],[166.34661,-21.85596],[166.34774,-21.85563],[166.35012,-21.8555],[166.35182,-21.8557],[166.35277,-21.8549],[166.35461,-21.85404],[166.35594,-21.85297],[166.35721,-21.85268],[166.35898,-21.85289],[166.36143,-21.85128],[166.36447,-21.85112],[166.3657,-21.85068],[166.36742,-21.85114],[166.36835,-21.85186],[166.36936,-21.85177],[166.37042,-21.85268],[166.37172,-21.85296],[166.37319,-21.85443],[166.37389,-21.85656],[166.37371,-21.85787],[166.37455,-21.85918],[166.37593,-21.8602],[166.3798,-21.86129],[166.38058,-21.86109],[166.38251,-21.86277],[166.38163,-21.86344],[166.38178,-21.86446],[166.38088,-21.86601],[166.38173,-21.8691],[166.38436,-21.87076],[166.386,-21.87145],[166.38776,-21.87352],[166.38808,-21.87449],[166.39152,-21.87724],[166.39247,-21.87712],[166.39484,-21.87766],[166.3962,-21.87834],[166.39718,-21.88038],[166.39845,-21.88101],[166.39821,-21.88179],[166.39903,-21.88308],[166.39799,-21.88449],[166.39619,-21.88805],[166.39444,-21.88999],[166.39265,-21.89131],[166.39153,-21.89403],[166.39065,-21.89471],[166.39071,-21.89733],[166.39104,-21.89815],[166.39006,-21.89987],[166.38877,-21.90006],[166.38639,-21.8989],[166.38531,-21.89756],[166.38501,-21.89613],[166.382,-21.89288],[166.38148,-21.89167],[166.3787,-21.88898],[166.37691,-21.88853],[166.3756,-21.88731],[166.37417,-21.88819],[166.37277,-21.88843],[166.36781,-21.88783],[166.36736,-21.88831],[166.36461,-21.88899],[166.36329,-21.88807],[166.36126,-21.88878],[166.36074,-21.88952],[166.35962,-21.88836],[166.35843,-21.8887],[166.35594,-21.8877],[166.35486,-21.88838],[166.35437,-21.88751],[166.35206,-21.88711],[166.35094,-21.88732],[166.34913,-21.88665],[166.34848,-21.88709],[166.34716,-21.88647],[166.34506,-21.88732],[166.34203,-21.88733],[166.3403,-21.88804],[166.33961,-21.88965],[166.33755,-21.89042],[166.33545,-21.89208],[166.33531,-21.89282],[166.3363,-21.89499],[166.33631,-21.89621],[166.33383,-21.89775],[166.33276,-21.89949],[166.33159,-21.9024],[166.32993,-21.90334],[166.32961,-21.90413],[166.33157,-21.90572],[166.33377,-21.90694],[166.33373,-21.90775],[166.33212,-21.90923],[166.33216,-21.9109],[166.33177,-21.91264],[166.33254,-21.91393],[166.33386,-21.91471],[166.33573,-21.91733],[166.33593,-21.91828],[166.33485,-21.91949],[166.33319,-21.91981],[166.3319,-21.92085],[166.33172,-21.92203],[166.32859,-21.92241],[166.32763,-21.92321],[166.32565,-21.9268],[166.32394,-21.92739],[166.32012,-21.92828],[166.31753,-21.9278],[166.3165,-21.92829],[166.3155,-21.93097],[166.31345,-21.93216],[166.30999,-21.93353],[166.30623,-21.93525],[166.29961,-21.93884],[166.29821,-21.94035],[166.29735,-21.94228],[166.295,-21.94273],[166.29378,-21.9421],[166.29227,-21.94019],[166.29127,-21.93935],[166.28687,-21.93755],[166.28562,-21.93961],[166.28569,-21.94027],[166.28742,-21.94346],[166.29019,-21.94677],[166.29158,-21.94765],[166.29031,-21.94992],[166.28858,-21.9503],[166.28454,-21.95054],[166.28322,-21.95023],[166.27922,-21.95266],[166.27805,-21.95527],[166.27579,-21.95674],[166.27505,-21.95636],[166.27221,-21.9565],[166.27093,-21.95626],[166.26966,-21.95691],[166.26643,-21.95805],[166.26397,-21.96072],[166.261,-21.9612],[166.2591,-21.96217],[166.25798,-21.96388],[166.25607,-21.96549],[166.25383,-21.9663],[166.25306,-21.96697],[166.2508,-21.96654],[166.24948,-21.96408],[166.24943,-21.96296],[166.24632,-21.96154],[166.2445,-21.96169],[166.24286,-21.96258],[166.24067,-21.96423],[166.23951,-21.96568],[166.2354,-21.96721],[166.23335,-21.96846],[166.23095,-21.96929],[166.22824,-21.96921],[166.22656,-21.96864],[166.22319,-21.96898],[166.22186,-21.96936],[166.21782,-21.96807],[166.21502,-21.96621],[166.212,-21.9664],[166.21106,-21.96761],[166.21074,-21.96902],[166.20926,-21.9705],[166.20821,-21.97104],[166.20729,-21.97312],[166.20548,-21.9752],[166.20308,-21.97725],[166.19944,-21.979],[166.19861,-21.97972],[166.19677,-21.97865],[166.19543,-21.97604],[166.1941,-21.97403],[166.19252,-21.97314],[166.18927,-21.97385],[166.18728,-21.97362],[166.18505,-21.97409],[166.18371,-21.9748],[166.18209,-21.97648],[166.18101,-21.98034],[166.18047,-21.98145],[166.17936,-21.98243],[166.17504,-21.98383],[166.17375,-21.98482],[166.17027,-21.98646],[166.16763,-21.9879],[166.16538,-21.99073],[166.16334,-21.99276],[166.16189,-21.99372],[166.16127,-21.99271],[166.15967,-21.9936],[166.15564,-21.99489],[166.1538,-21.99579],[166.15221,-21.99602],[166.15056,-21.99737],[166.14888,-21.9978],[166.14698,-21.99764],[166.14564,-21.9967],[166.14491,-21.99461],[166.14625,-21.99416],[166.14644,-21.99547],[166.14712,-21.9967],[166.14863,-21.99705],[166.14947,-21.99588],[166.14957,-21.99491],[166.15224,-21.99198],[166.15361,-21.99151],[166.15505,-21.99246],[166.15637,-21.99165],[166.15308,-21.99132],[166.15205,-21.99155],[166.15095,-21.9925],[166.14938,-21.99489],[166.1486,-21.99671],[166.14797,-21.99638],[166.14935,-21.99262],[166.14824,-21.99204],[166.15087,-21.99043],[166.15031,-21.9887],[166.15105,-21.98758],[166.15185,-21.98746],[166.1526,-21.98844],[166.15475,-21.98837],[166.15603,-21.98877],[166.15627,-21.98771],[166.15717,-21.98714],[166.15841,-21.98798],[166.1599,-21.98742],[166.16039,-21.98625],[166.16036,-21.98429],[166.16224,-21.98517],[166.16304,-21.98489],[166.16318,-21.98343],[166.16391,-21.98228],[166.16403,-21.97984],[166.16362,-21.97713],[166.16376,-21.97501],[166.1643,-21.97406],[166.16635,-21.97447],[166.16796,-21.9753],[166.16916,-21.97418],[166.16866,-21.97334],[166.1674,-21.97254],[166.16847,-21.97172],[166.1689,-21.9706],[166.16761,-21.96953],[166.16592,-21.96889],[166.16535,-21.9679],[166.16361,-21.96806],[166.15929,-21.96602],[166.15615,-21.96601],[166.15438,-21.96544],[166.15426,-21.96493],[166.15243,-21.96441],[166.1516,-21.96208],[166.15029,-21.96105],[166.14804,-21.96128],[166.14818,-21.96257],[166.14576,-21.96154],[166.14318,-21.96184],[166.14245,-21.96095],[166.14142,-21.96095],[166.14073,-21.95987],[166.13932,-21.95904],[166.13966,-21.9574],[166.13915,-21.956],[166.13966,-21.95376],[166.13944,-21.95275],[166.13797,-21.95168],[166.13576,-21.95096],[166.13412,-21.9489],[166.13157,-21.94787],[166.12829,-21.94743],[166.12822,-21.94658],[166.13009,-21.94726],[166.13135,-21.94684],[166.13288,-21.94734],[166.13295,-21.946],[166.13109,-21.94581],[166.12999,-21.94534],[166.12839,-21.94589],[166.1264,-21.94514],[166.12537,-21.94378],[166.12521,-21.94146],[166.12291,-21.93972],[166.12193,-21.9393],[166.12004,-21.93925],[166.11992,-21.93823],[166.11854,-21.93784],[166.11703,-21.93657],[166.1156,-21.93315],[166.11325,-21.93341],[166.11428,-21.93429],[166.11461,-21.9367],[166.11327,-21.93676],[166.11078,-21.93744],[166.10923,-21.93577],[166.10727,-21.93611],[166.1081,-21.93751],[166.10576,-21.93737],[166.1054,-21.93908],[166.10625,-21.94007],[166.10614,-21.94166],[166.10458,-21.9422],[166.10297,-21.94077],[166.10432,-21.93801],[166.10468,-21.93571],[166.10585,-21.93361],[166.10716,-21.9325],[166.11,-21.93115],[166.11161,-21.93269],[166.11308,-21.93207],[166.11373,-21.93245],[166.11566,-21.93126],[166.11722,-21.93121],[166.11769,-21.9307],[166.1159,-21.92983],[166.11655,-21.92806],[166.11547,-21.92685],[166.11424,-21.92824],[166.11176,-21.93],[166.11145,-21.93174],[166.10975,-21.93101],[166.10649,-21.93246],[166.10466,-21.93453],[166.10392,-21.93584],[166.10377,-21.93852],[166.10238,-21.94047],[166.103,-21.94147],[166.10242,-21.94321],[166.10127,-21.94392],[166.1001,-21.94524],[166.09891,-21.94554],[166.09871,-21.94381],[166.10165,-21.94253],[166.10098,-21.94135],[166.10008,-21.94095],[166.09883,-21.93933],[166.10054,-21.93748],[166.09893,-21.93722],[166.09831,-21.93577],[166.09956,-21.93375],[166.10013,-21.93534],[166.10125,-21.93478],[166.10318,-21.93179],[166.10163,-21.93231],[166.10123,-21.93143],[166.10171,-21.92988],[166.10336,-21.93113],[166.10348,-21.92978],[166.10116,-21.92864],[166.1,-21.92972],[166.09944,-21.93159],[166.09797,-21.93072],[166.09852,-21.92814],[166.09714,-21.92959],[166.09647,-21.92894],[166.09503,-21.92872],[166.09242,-21.92979],[166.09149,-21.9292],[166.09061,-21.92961],[166.08929,-21.92906],[166.08829,-21.92736],[166.0897,-21.92604],[166.08906,-21.92452],[166.09022,-21.92344],[166.09098,-21.9203],[166.09161,-21.91902],[166.09068,-21.91702],[166.08974,-21.91667],[166.08896,-21.915],[166.09027,-21.91388],[166.09211,-21.91392],[166.09256,-21.9128],[166.09143,-21.91262],[166.09064,-21.9133],[166.08962,-21.91327],[166.08959,-21.91171],[166.08808,-21.9105],[166.08738,-21.90942],[166.08615,-21.90918],[166.0857,-21.91101],[166.08457,-21.91168],[166.08304,-21.91197],[166.08402,-21.91341],[166.08404,-21.91435],[166.08629,-21.91392],[166.08612,-21.91495],[166.08689,-21.916],[166.08623,-21.91724],[166.08829,-21.91678],[166.08911,-21.91764],[166.09149,-21.9188],[166.09042,-21.92168],[166.08993,-21.92362],[166.08883,-21.92472],[166.08941,-21.9261],[166.08797,-21.92725],[166.08852,-21.92926],[166.08749,-21.92888],[166.08752,-21.92614],[166.08672,-21.92545],[166.08482,-21.92667],[166.08457,-21.92828],[166.08699,-21.93032],[166.0882,-21.93247],[166.08923,-21.93312],[166.08888,-21.93401],[166.08742,-21.9347],[166.0868,-21.93683],[166.0853,-21.93694],[166.08341,-21.93645],[166.08154,-21.93637],[166.08076,-21.93674],[166.0799,-21.93829],[166.07854,-21.93902],[166.07818,-21.94042],[166.07673,-21.94048],[166.07464,-21.94138],[166.07377,-21.94302],[166.0746,-21.94488],[166.07285,-21.94484],[166.07191,-21.94363],[166.07251,-21.94166],[166.07226,-21.94044],[166.07109,-21.93861],[166.07018,-21.93793],[166.07098,-21.93696],[166.0714,-21.9353],[166.07049,-21.93379],[166.07096,-21.93306],[166.07107,-21.93029],[166.0731,-21.93152],[166.0732,-21.93198],[166.07552,-21.93289],[166.07602,-21.93356],[166.07794,-21.93429],[166.07675,-21.93509],[166.07656,-21.93628],[166.07705,-21.93712],[166.08037,-21.93658],[166.08105,-21.93538],[166.07969,-21.93421],[166.07965,-21.93268],[166.08022,-21.93199],[166.08289,-21.92988],[166.08319,-21.92845],[166.08287,-21.92731],[166.082,-21.92634],[166.08324,-21.92577],[166.0834,-21.92474],[166.08427,-21.9237],[166.08406,-21.92294],[166.08293,-21.92268],[166.08278,-21.92108],[166.08179,-21.92041],[166.08123,-21.91831],[166.0791,-21.91585],[166.07872,-21.91372],[166.07801,-21.91312],[166.07557,-21.91298],[166.07473,-21.91404],[166.07371,-21.91369],[166.07391,-21.9126],[166.07493,-21.91295],[166.0764,-21.91024],[166.07702,-21.90779],[166.07422,-21.90917],[166.07265,-21.91097],[166.07092,-21.9118],[166.07093,-21.91316],[166.06941,-21.91417],[166.06864,-21.91411],[166.06784,-21.91304],[166.06533,-21.91108],[166.06508,-21.90972],[166.06539,-21.90784],[166.06425,-21.9057],[166.06519,-21.9057],[166.06532,-21.90403],[166.06459,-21.90296],[166.06541,-21.90034],[166.06457,-21.89741],[166.06533,-21.89497],[166.06517,-21.89436],[166.06669,-21.89159],[166.06656,-21.88958],[166.06798,-21.8899],[166.06844,-21.88821],[166.06945,-21.88707],[166.06845,-21.88592],[166.06834,-21.88313],[166.06767,-21.88223],[166.06753,-21.88043],[166.06606,-21.88157],[166.06471,-21.8817],[166.06365,-21.88048],[166.06351,-21.87942],[166.06247,-21.87884],[166.0616,-21.87962],[166.06001,-21.87996],[166.0588,-21.87979],[166.05931,-21.87825],[166.05888,-21.87695],[166.05735,-21.87676],[166.05662,-21.87595],[166.05559,-21.87584],[166.05339,-21.87796],[166.05405,-21.87997],[166.05322,-21.88102],[166.05013,-21.88228],[166.04963,-21.88331],[166.04969,-21.88527],[166.04843,-21.88627],[166.047,-21.88539],[166.0473,-21.88503],[166.04714,-21.88474],[166.04612,-21.88402],[166.0455,-21.88387],[166.04519,-21.88298],[166.04594,-21.88187],[166.04512,-21.88065],[166.04428,-21.88107],[166.04528,-21.88382],[166.04634,-21.88427],[166.04715,-21.88482],[166.0468,-21.88532],[166.04711,-21.88588],[166.04626,-21.88733],[166.04502,-21.88696],[166.04092,-21.88816],[166.0408,-21.88751],[166.04305,-21.88736],[166.04504,-21.88687],[166.04554,-21.88568],[166.04447,-21.88445],[166.04335,-21.88408],[166.04216,-21.88461],[166.04099,-21.88433],[166.03975,-21.88524],[166.03935,-21.88359],[166.04086,-21.88249],[166.04051,-21.88143],[166.03885,-21.88111],[166.03665,-21.88181],[166.03514,-21.88088],[166.03293,-21.88133],[166.03345,-21.88281],[166.03291,-21.88338],[166.03261,-21.88546],[166.03061,-21.88659],[166.03158,-21.88744],[166.03172,-21.88886],[166.03092,-21.89002],[166.02947,-21.88997],[166.02803,-21.89146],[166.02581,-21.89227],[166.02483,-21.89171],[166.02414,-21.89062],[166.02337,-21.89081],[166.02384,-21.89224],[166.02573,-21.89332],[166.02707,-21.89324],[166.02741,-21.8926],[166.03077,-21.89393],[166.03127,-21.8951],[166.03321,-21.89442],[166.03406,-21.89522],[166.03513,-21.89511],[166.03639,-21.89614],[166.0357,-21.8971],[166.03354,-21.89788],[166.03566,-21.89876],[166.03568,-21.9],[166.03356,-21.89946],[166.03231,-21.89882],[166.03093,-21.89865],[166.02935,-21.89936],[166.02812,-21.89924],[166.02824,-21.90095],[166.02939,-21.90228],[166.03019,-21.90219],[166.03191,-21.90104],[166.03283,-21.90181],[166.02985,-21.90333],[166.03098,-21.90426],[166.0331,-21.90283],[166.03341,-21.90358],[166.0321,-21.90489],[166.03001,-21.90477],[166.02972,-21.90397],[166.02829,-21.90304],[166.02618,-21.90401],[166.02677,-21.90514],[166.02569,-21.90557],[166.02418,-21.90112],[166.02313,-21.90331],[166.0235,-21.90545],[166.02186,-21.90649],[166.0224,-21.90754],[166.0239,-21.90686],[166.02522,-21.90673],[166.02677,-21.9076],[166.02842,-21.91029],[166.02818,-21.91159],[166.02648,-21.91389],[166.02605,-21.91505],[166.02652,-21.91623],[166.02758,-21.91715],[166.02843,-21.91884],[166.02782,-21.91971],[166.02866,-21.92051],[166.02998,-21.9186],[166.03066,-21.91893],[166.03088,-21.92071],[166.03141,-21.92159],[166.03099,-21.92248],[166.03139,-21.92469],[166.0311,-21.92646],[166.03315,-21.92903],[166.03501,-21.92928],[166.03626,-21.93039],[166.03455,-21.93175],[166.0344,-21.9328],[166.03349,-21.93438],[166.03481,-21.93622],[166.03497,-21.93917],[166.03436,-21.9403],[166.03271,-21.94169],[166.03019,-21.94183],[166.02752,-21.94074],[166.02605,-21.93969],[166.02577,-21.93883],[166.02381,-21.93742],[166.02297,-21.93514],[166.02368,-21.93403],[166.02409,-21.93201],[166.02486,-21.93153],[166.02586,-21.92953],[166.02576,-21.92823],[166.02357,-21.92669],[166.02277,-21.92763],[166.02138,-21.92829],[166.01879,-21.92831],[166.01774,-21.92908],[166.01849,-21.93056],[166.01812,-21.93148],[166.01672,-21.93171],[166.01471,-21.93117],[166.01332,-21.93145],[166.01139,-21.93259],[166.00844,-21.93493],[166.00625,-21.93706],[166.00655,-21.93824],[166.00578,-21.94041],[166.00621,-21.9419],[166.00548,-21.94396],[166.00577,-21.94552],[166.00755,-21.94467],[166.0121,-21.94635],[166.01264,-21.94753],[166.01355,-21.9478],[166.01299,-21.94962],[166.01149,-21.95061],[166.00949,-21.95261],[166.00865,-21.95412],[166.00907,-21.95522],[166.00632,-21.95599],[166.00635,-21.95467],[166.00552,-21.95391],[166.00422,-21.95403],[166.00295,-21.95475],[166.00201,-21.95607],[166.00305,-21.95731],[166.00276,-21.95949],[166.00049,-21.95945],[165.99979,-21.96112],[166.00053,-21.9637],[166.00367,-21.9668],[166.00259,-21.96716],[166.0001,-21.96648],[165.99964,-21.96582],[165.99688,-21.96486],[165.9945,-21.96311],[165.99312,-21.96144],[165.99189,-21.96079],[165.99046,-21.95913],[165.99297,-21.9586],[165.9957,-21.95835],[165.99736,-21.95868],[165.99873,-21.95738],[166.00022,-21.95726],[166.00146,-21.95628],[166.00232,-21.95466],[166.00194,-21.95351],[166.00262,-21.95236],[166.00264,-21.95124],[166.00463,-21.95047],[166.0031,-21.94968],[166.00357,-21.94828],[166.00262,-21.94684],[166.00006,-21.94638],[165.99976,-21.94707],[165.99827,-21.94698],[165.99728,-21.94609],[165.99557,-21.94388],[165.99539,-21.94247],[165.99439,-21.94109],[165.99253,-21.94081],[165.99246,-21.94002],[165.99005,-21.93914],[165.98867,-21.93781],[165.98666,-21.93732],[165.98506,-21.93775],[165.98281,-21.93948],[165.98337,-21.94325],[165.98295,-21.94491],[165.98478,-21.94712],[165.98307,-21.94694],[165.98259,-21.94585],[165.98101,-21.94561],[165.97891,-21.94587],[165.97819,-21.94401],[165.97719,-21.94277],[165.97751,-21.94178],[165.9767,-21.9407],[165.97748,-21.93883],[165.97913,-21.94037],[165.9805,-21.94025],[165.98086,-21.93925],[165.98248,-21.93715],[165.98199,-21.93425],[165.98101,-21.93268],[165.98235,-21.93143],[165.98041,-21.92982],[165.97888,-21.92911],[165.97701,-21.92937],[165.97494,-21.93024],[165.97334,-21.92936],[165.97133,-21.92965],[165.96964,-21.92856],[165.96942,-21.92768],[165.96793,-21.92675],[165.96565,-21.92636],[165.9652,-21.92442],[165.96361,-21.92329],[165.96046,-21.92281],[165.95684,-21.92292],[165.95198,-21.92488],[165.95086,-21.92568],[165.94902,-21.92519],[165.94859,-21.92359],[165.94605,-21.92335],[165.9475,-21.92234],[165.94914,-21.92318],[165.94969,-21.92204],[165.94823,-21.92073],[165.94692,-21.91807],[165.9449,-21.91716],[165.94229,-21.91838],[165.94218,-21.91989],[165.94093,-21.91979],[165.94036,-21.91801],[165.93912,-21.91652],[165.93726,-21.9158],[165.93258,-21.91652],[165.93234,-21.9138],[165.93309,-21.91259],[165.93424,-21.91293],[165.93492,-21.91135],[165.93574,-21.91176],[165.93536,-21.91329],[165.93425,-21.91374],[165.93347,-21.9147],[165.93365,-21.91561],[165.93595,-21.9149],[165.93743,-21.9151],[165.9386,-21.91593],[165.94136,-21.91664],[165.94333,-21.91658],[165.94413,-21.91583],[165.9447,-21.91442],[165.94479,-21.91308],[165.94398,-21.9109],[165.94329,-21.90798],[165.94208,-21.90605],[165.93893,-21.90561],[165.93829,-21.9047],[165.93739,-21.90084],[165.93603,-21.90208],[165.9345,-21.89936],[165.9342,-21.89765],[165.93334,-21.89679],[165.93321,-21.89538],[165.93237,-21.89551],[165.93166,-21.89416],[165.93024,-21.89353],[165.92933,-21.89124],[165.9278,-21.88897],[165.92746,-21.88765],[165.92538,-21.88573],[165.92331,-21.88237],[165.92216,-21.88182],[165.92202,-21.88071],[165.9208,-21.8798],[165.91762,-21.87899],[165.91552,-21.87693],[165.91425,-21.87716],[165.91378,-21.87606],[165.91448,-21.87515],[165.91378,-21.8737],[165.91286,-21.87437],[165.90974,-21.87193],[165.90852,-21.87195],[165.90605,-21.87111],[165.90448,-21.86975],[165.90274,-21.86879],[165.90106,-21.86705],[165.89815,-21.86653],[165.89688,-21.86605],[165.89589,-21.86654],[165.89271,-21.8662],[165.89018,-21.86494],[165.88873,-21.86535],[165.88795,-21.86484],[165.88577,-21.86485],[165.8815,-21.86594],[165.87985,-21.86714],[165.87862,-21.86725],[165.8775,-21.86665],[165.87673,-21.86557],[165.87731,-21.86318],[165.87856,-21.86163],[165.87824,-21.86086],[165.87516,-21.8585],[165.87421,-21.8593],[165.87187,-21.85952],[165.87276,-21.86066],[165.87157,-21.86213],[165.87103,-21.86216]]]]}},{"type":"Feature","id":"fr-commune-98803","properties":{"id":"fr-commune-98803","name":"Bourail","kind":"commune","center":[165.4406,-21.5545],"code":"98803","department":"988"},"bbox":[165.23105,-21.69385,165.65018,-21.40668],"geometry":{"type":"MultiPolygon","coordinates":[[[[165.45817,-21.65961],[165.45675,-21.65907],[165.45748,-21.65759],[165.45869,-21.65712],[165.45974,-21.65828],[165.46125,-21.65875],[165.46068,-21.66007],[165.45817,-21.65961]]],[[[165.54168,-21.69265],[165.53983,-21.69361],[165.53764,-21.69385],[165.53512,-21.69314],[165.53509,-21.69234],[165.5333,-21.69142],[165.5319,-21.6895],[165.53085,-21.6892],[165.5302,-21.68812],[165.52847,-21.6871],[165.52836,-21.68624],[165.52525,-21.68389],[165.52552,-21.68291],[165.52477,-21.68241],[165.52295,-21.6836],[165.52035,-21.68489],[165.51935,-21.68626],[165.51457,-21.68315],[165.51437,-21.68275],[165.51092,-21.68069],[165.50516,-21.67682],[165.50239,-21.67509],[165.50223,-21.67474],[165.49955,-21.67382],[165.49834,-21.67396],[165.49679,-21.67275],[165.49531,-21.67064],[165.49425,-21.66822],[165.49328,-21.66753],[165.49267,-21.6654],[165.49153,-21.66483],[165.49022,-21.66305],[165.48823,-21.66332],[165.48532,-21.66253],[165.48467,-21.6619],[165.48342,-21.65967],[165.48216,-21.65844],[165.48068,-21.65805],[165.4804,-21.65728],[165.47866,-21.65505],[165.47874,-21.65447],[165.47681,-21.65388],[165.47362,-21.65228],[165.47132,-21.65],[165.47032,-21.65101],[165.46815,-21.64617],[165.46823,-21.64464],[165.46789,-21.64335],[165.46906,-21.64308],[165.46991,-21.64177],[165.47095,-21.64088],[165.47253,-21.64053],[165.47333,-21.63987],[165.47551,-21.63972],[165.47857,-21.64028],[165.47952,-21.64106],[165.48002,-21.64277],[165.48094,-21.64353],[165.48354,-21.64359],[165.48215,-21.64219],[165.48269,-21.64102],[165.4858,-21.63995],[165.48693,-21.63809],[165.48836,-21.63715],[165.49059,-21.6368],[165.49343,-21.63729],[165.49737,-21.64065],[165.49847,-21.64095],[165.50134,-21.64113],[165.50297,-21.63907],[165.50446,-21.63966],[165.50401,-21.64144],[165.50443,-21.64242],[165.5056,-21.64144],[165.50696,-21.64122],[165.50804,-21.64305],[165.50843,-21.64467],[165.50943,-21.64448],[165.50947,-21.6433],[165.51061,-21.64304],[165.50998,-21.64174],[165.51041,-21.64093],[165.50928,-21.63994],[165.51193,-21.63975],[165.51222,-21.64193],[165.51361,-21.64327],[165.5149,-21.64291],[165.51478,-21.64212],[165.51586,-21.64105],[165.514,-21.64047],[165.51389,-21.63893],[165.51494,-21.63915],[165.51507,-21.63812],[165.51187,-21.63636],[165.51057,-21.63623],[165.51062,-21.63496],[165.50939,-21.63524],[165.50828,-21.6343],[165.50801,-21.63297],[165.50646,-21.63329],[165.50593,-21.63167],[165.5042,-21.63015],[165.50331,-21.63027],[165.50072,-21.6287],[165.49939,-21.62871],[165.49795,-21.62925],[165.49742,-21.6285],[165.49629,-21.629],[165.49586,-21.62785],[165.49386,-21.62698],[165.49094,-21.62693],[165.48928,-21.62545],[165.48862,-21.6236],[165.48771,-21.62342],[165.48551,-21.62431],[165.4843,-21.624],[165.48292,-21.623],[165.48258,-21.62478],[165.48105,-21.62811],[165.47882,-21.62788],[165.47704,-21.62846],[165.47157,-21.63165],[165.47099,-21.63248],[165.46971,-21.63277],[165.46928,-21.63166],[165.46661,-21.63079],[165.46832,-21.62943],[165.46807,-21.62808],[165.46667,-21.62768],[165.46607,-21.62826],[165.46651,-21.62971],[165.46628,-21.63063],[165.46783,-21.63222],[165.46381,-21.63265],[165.4615,-21.63253],[165.46004,-21.63182],[165.4606,-21.62903],[165.46005,-21.62789],[165.46012,-21.62632],[165.45896,-21.62546],[165.45886,-21.62424],[165.45992,-21.62394],[165.46164,-21.6226],[165.46449,-21.62305],[165.46803,-21.62228],[165.46881,-21.62144],[165.47181,-21.62124],[165.47335,-21.62043],[165.47395,-21.61895],[165.47401,-21.61778],[165.47467,-21.61721],[165.47667,-21.6168],[165.47721,-21.61583],[165.4772,-21.61428],[165.47647,-21.61277],[165.47527,-21.61353],[165.47669,-21.61536],[165.47601,-21.61655],[165.47495,-21.61636],[165.47493,-21.61436],[165.47424,-21.61355],[165.47474,-21.60956],[165.47585,-21.60847],[165.47609,-21.60708],[165.47821,-21.60519],[165.47984,-21.60303],[165.48238,-21.60184],[165.48403,-21.60158],[165.48768,-21.60294],[165.48877,-21.60315],[165.4913,-21.60163],[165.49204,-21.60071],[165.49049,-21.6005],[165.48997,-21.6016],[165.48828,-21.60173],[165.48399,-21.60055],[165.48233,-21.6007],[165.47824,-21.60226],[165.47549,-21.60269],[165.4745,-21.60349],[165.47375,-21.60536],[165.4709,-21.6054],[165.46688,-21.60469],[165.46453,-21.60386],[165.46275,-21.60371],[165.46173,-21.60402],[165.46009,-21.60547],[165.45836,-21.60488],[165.4576,-21.6063],[165.45946,-21.60765],[165.46164,-21.60639],[165.46232,-21.60651],[165.46246,-21.6086],[165.46459,-21.60952],[165.46554,-21.61036],[165.4677,-21.61051],[165.46903,-21.6117],[165.46862,-21.61262],[165.46923,-21.61527],[165.47077,-21.6178],[165.47029,-21.61912],[165.4684,-21.61999],[165.46536,-21.62079],[165.4641,-21.62052],[165.46464,-21.61901],[165.4645,-21.616],[165.46351,-21.61323],[165.46103,-21.60985],[165.45881,-21.60738],[165.4575,-21.60672],[165.45701,-21.60823],[165.45562,-21.607],[165.45373,-21.60641],[165.45216,-21.6067],[165.45116,-21.60512],[165.44948,-21.60506],[165.44765,-21.60647],[165.44638,-21.60539],[165.44631,-21.60449],[165.44437,-21.60374],[165.44103,-21.6051],[165.4401,-21.60452],[165.43762,-21.60518],[165.43633,-21.60676],[165.43452,-21.60567],[165.43487,-21.60745],[165.43407,-21.6086],[165.4335,-21.61043],[165.43419,-21.61068],[165.43437,-21.61201],[165.43595,-21.61372],[165.43568,-21.61466],[165.43633,-21.61659],[165.43446,-21.61698],[165.43111,-21.619],[165.42855,-21.61985],[165.42591,-21.61972],[165.42316,-21.61853],[165.4202,-21.61799],[165.41698,-21.61808],[165.41631,-21.61707],[165.41525,-21.61717],[165.41406,-21.61656],[165.41073,-21.61625],[165.40965,-21.61554],[165.40673,-21.6146],[165.39913,-21.61299],[165.39687,-21.6129],[165.39302,-21.61234],[165.38841,-21.61085],[165.38188,-21.6089],[165.37761,-21.60718],[165.37444,-21.60531],[165.37554,-21.60486],[165.37715,-21.605],[165.37748,-21.60384],[165.37925,-21.60397],[165.37913,-21.60325],[165.37718,-21.60382],[165.37683,-21.60469],[165.37576,-21.60452],[165.37388,-21.60346],[165.37123,-21.60372],[165.36757,-21.60284],[165.36481,-21.60087],[165.36079,-21.59822],[165.35569,-21.59643],[165.3508,-21.5951],[165.34794,-21.59467],[165.34526,-21.59449],[165.34286,-21.59391],[165.34087,-21.59295],[165.33894,-21.59067],[165.33966,-21.59028],[165.33923,-21.58903],[165.33624,-21.58911],[165.33369,-21.58836],[165.32923,-21.58648],[165.32523,-21.58535],[165.31717,-21.5838],[165.31491,-21.58277],[165.31155,-21.58228],[165.30935,-21.58082],[165.30674,-21.57957],[165.3003,-21.57765],[165.29538,-21.57525],[165.29149,-21.57412],[165.29029,-21.57398],[165.28636,-21.57302],[165.28091,-21.5694],[165.27841,-21.56754],[165.27354,-21.56223],[165.27004,-21.55922],[165.26883,-21.5585],[165.26706,-21.55656],[165.26655,-21.55419],[165.2674,-21.55365],[165.26599,-21.55072],[165.26462,-21.54937],[165.26277,-21.54993],[165.26187,-21.5497],[165.26196,-21.54723],[165.26285,-21.54606],[165.26162,-21.54293],[165.26158,-21.53997],[165.26083,-21.53924],[165.26079,-21.53805],[165.25969,-21.53623],[165.25927,-21.53367],[165.25958,-21.53265],[165.26147,-21.53099],[165.26313,-21.52675],[165.26327,-21.52932],[165.26266,-21.53116],[165.26811,-21.53075],[165.27021,-21.5288],[165.27202,-21.52789],[165.27304,-21.52776],[165.27483,-21.52589],[165.27576,-21.52549],[165.27863,-21.52342],[165.27901,-21.52281],[165.28054,-21.52247],[165.28227,-21.52119],[165.28345,-21.5212],[165.28379,-21.51928],[165.28155,-21.51804],[165.28014,-21.51756],[165.27959,-21.51886],[165.27772,-21.51841],[165.27864,-21.51747],[165.28001,-21.51682],[165.27868,-21.51504],[165.27732,-21.51427],[165.27618,-21.51444],[165.27573,-21.51289],[165.27464,-21.5128],[165.27286,-21.51379],[165.27063,-21.51383],[165.26919,-21.51474],[165.26669,-21.5144],[165.26565,-21.51455],[165.2649,-21.51595],[165.26341,-21.51689],[165.26256,-21.51545],[165.26221,-21.51404],[165.26326,-21.51196],[165.26578,-21.50946],[165.26445,-21.50851],[165.26221,-21.50917],[165.26115,-21.50825],[165.25864,-21.50844],[165.25635,-21.50719],[165.25519,-21.50863],[165.25512,-21.50954],[165.25261,-21.50889],[165.25163,-21.50807],[165.2506,-21.50809],[165.2491,-21.50876],[165.24932,-21.50969],[165.2516,-21.51212],[165.25163,-21.51298],[165.25059,-21.51364],[165.24852,-21.51334],[165.24669,-21.51242],[165.24389,-21.51248],[165.24114,-21.51132],[165.23913,-21.51137],[165.23697,-21.51299],[165.23587,-21.51437],[165.23444,-21.51507],[165.23234,-21.51499],[165.23209,-21.51435],[165.23325,-21.51206],[165.23397,-21.51168],[165.23393,-21.50926],[165.23204,-21.50865],[165.23243,-21.5069],[165.23334,-21.50582],[165.23258,-21.5053],[165.23105,-21.50119],[165.23159,-21.49914],[165.23215,-21.49825],[165.2335,-21.4981],[165.2358,-21.49655],[165.23735,-21.49588],[165.23644,-21.49466],[165.23646,-21.49371],[165.23741,-21.49297],[165.23962,-21.49277],[165.24026,-21.49218],[165.24161,-21.49091],[165.24431,-21.49158],[165.24489,-21.49254],[165.24687,-21.49275],[165.24847,-21.494],[165.24866,-21.49282],[165.25044,-21.49239],[165.25147,-21.4915],[165.25252,-21.49258],[165.25454,-21.49305],[165.25473,-21.49193],[165.25773,-21.4911],[165.25873,-21.49183],[165.25956,-21.49055],[165.26121,-21.4901],[165.26239,-21.49136],[165.26341,-21.4896],[165.26504,-21.49003],[165.26623,-21.48974],[165.26631,-21.48817],[165.26694,-21.48748],[165.26877,-21.48744],[165.26916,-21.48618],[165.27054,-21.48548],[165.27199,-21.48321],[165.27184,-21.48203],[165.27312,-21.48111],[165.27382,-21.48139],[165.27492,-21.47824],[165.27772,-21.4787],[165.27846,-21.47858],[165.28045,-21.47952],[165.28198,-21.47947],[165.28324,-21.47854],[165.28437,-21.47908],[165.28611,-21.4783],[165.28896,-21.4784],[165.28946,-21.47689],[165.29084,-21.47507],[165.29166,-21.47312],[165.29053,-21.47087],[165.29033,-21.46992],[165.28884,-21.46999],[165.28837,-21.46913],[165.28647,-21.4686],[165.28551,-21.46724],[165.28361,-21.46662],[165.28319,-21.46592],[165.2848,-21.46235],[165.2862,-21.46345],[165.28797,-21.46348],[165.28757,-21.46093],[165.28805,-21.46014],[165.28912,-21.46037],[165.29186,-21.45991],[165.29266,-21.4594],[165.29086,-21.45695],[165.29133,-21.45644],[165.29314,-21.45642],[165.2946,-21.45581],[165.29707,-21.45603],[165.29792,-21.45442],[165.29955,-21.45641],[165.30134,-21.45632],[165.30286,-21.45426],[165.30203,-21.45327],[165.30242,-21.45172],[165.30357,-21.45093],[165.30427,-21.44955],[165.30451,-21.44767],[165.30523,-21.44711],[165.30618,-21.44745],[165.30681,-21.44663],[165.30814,-21.44611],[165.30848,-21.44417],[165.30934,-21.44356],[165.31054,-21.44102],[165.31174,-21.44065],[165.31291,-21.43943],[165.31379,-21.43705],[165.31626,-21.43571],[165.31751,-21.43211],[165.32031,-21.42946],[165.32089,-21.42708],[165.32241,-21.42672],[165.32351,-21.42595],[165.32545,-21.42397],[165.32511,-21.4219],[165.32654,-21.41895],[165.32772,-21.41757],[165.33001,-21.41638],[165.33223,-21.41571],[165.33486,-21.41555],[165.33561,-21.415],[165.3375,-21.41466],[165.33841,-21.41404],[165.34136,-21.41397],[165.34172,-21.41328],[165.343,-21.41276],[165.34399,-21.41299],[165.34624,-21.4127],[165.34746,-21.41356],[165.3496,-21.41424],[165.35189,-21.41467],[165.35382,-21.41444],[165.35879,-21.41676],[165.36105,-21.41677],[165.36392,-21.41787],[165.36509,-21.41673],[165.36796,-21.41545],[165.37008,-21.41517],[165.37127,-21.41415],[165.3713,-21.41332],[165.37304,-21.41179],[165.37451,-21.41179],[165.37799,-21.41263],[165.37996,-21.41448],[165.38049,-21.41648],[165.38359,-21.41813],[165.38557,-21.41821],[165.38615,-21.41865],[165.38856,-21.41896],[165.39056,-21.4196],[165.39261,-21.41901],[165.39717,-21.4188],[165.40068,-21.42184],[165.40431,-21.423],[165.40584,-21.42385],[165.40756,-21.4236],[165.4094,-21.42405],[165.41135,-21.42599],[165.41336,-21.42637],[165.41496,-21.42701],[165.41618,-21.42858],[165.4166,-21.43024],[165.41735,-21.43139],[165.41688,-21.43292],[165.41701,-21.43392],[165.41781,-21.43459],[165.41954,-21.43424],[165.42077,-21.43476],[165.42227,-21.43609],[165.42509,-21.43687],[165.4252,-21.43739],[165.42725,-21.43992],[165.42752,-21.44119],[165.42911,-21.44117],[165.43002,-21.44193],[165.43295,-21.44257],[165.43441,-21.44327],[165.43676,-21.4428],[165.43739,-21.44136],[165.43865,-21.4405],[165.43933,-21.43938],[165.44017,-21.43695],[165.44103,-21.43616],[165.44248,-21.43384],[165.44254,-21.43207],[165.44474,-21.43137],[165.44669,-21.4314],[165.44886,-21.43291],[165.45096,-21.4328],[165.45179,-21.43175],[165.45315,-21.4308],[165.45499,-21.43108],[165.45634,-21.43058],[165.45645,-21.42889],[165.45717,-21.42851],[165.45868,-21.42672],[165.46123,-21.42634],[165.46242,-21.42507],[165.46555,-21.42416],[165.46598,-21.42365],[165.46594,-21.4206],[165.4667,-21.41951],[165.46794,-21.41862],[165.47041,-21.41807],[165.47122,-21.4168],[165.47092,-21.41519],[165.47171,-21.41479],[165.47317,-21.41281],[165.47445,-21.41216],[165.47663,-21.40923],[165.47764,-21.40921],[165.4799,-21.40668],[165.48117,-21.4068],[165.48163,-21.40776],[165.48357,-21.40963],[165.48484,-21.4119],[165.48662,-21.41169],[165.48717,-21.41261],[165.48866,-21.41192],[165.48963,-21.41037],[165.49105,-21.41016],[165.49211,-21.41092],[165.49445,-21.412],[165.49653,-21.41216],[165.49758,-21.41268],[165.50006,-21.41293],[165.50114,-21.41465],[165.50066,-21.41562],[165.502,-21.41666],[165.50239,-21.41822],[165.50365,-21.41963],[165.50401,-21.422],[165.50537,-21.42242],[165.5067,-21.42433],[165.50822,-21.42547],[165.51033,-21.42576],[165.51149,-21.42706],[165.51357,-21.43022],[165.515,-21.42985],[165.51723,-21.4304],[165.51816,-21.42916],[165.51937,-21.42936],[165.52,-21.42857],[165.52186,-21.42819],[165.52189,-21.42735],[165.52271,-21.42597],[165.52299,-21.42318],[165.52514,-21.42244],[165.52631,-21.42097],[165.5283,-21.42111],[165.52928,-21.42065],[165.53099,-21.42051],[165.53218,-21.42146],[165.53289,-21.42019],[165.53437,-21.41952],[165.53628,-21.42025],[165.53763,-21.41947],[165.53886,-21.42018],[165.54022,-21.42036],[165.54023,-21.42181],[165.54179,-21.42185],[165.54351,-21.42284],[165.54405,-21.42406],[165.54561,-21.42304],[165.54587,-21.42433],[165.54765,-21.42484],[165.54844,-21.4263],[165.54925,-21.42692],[165.55036,-21.42681],[165.55462,-21.42732],[165.55648,-21.42816],[165.55742,-21.42953],[165.55726,-21.43161],[165.55604,-21.43255],[165.55761,-21.43294],[165.55899,-21.43367],[165.5604,-21.43367],[165.5609,-21.43484],[165.55986,-21.43659],[165.5599,-21.43805],[165.56037,-21.43909],[165.56035,-21.44187],[165.56193,-21.44329],[165.5623,-21.44436],[165.5634,-21.44401],[165.56508,-21.44198],[165.56587,-21.44154],[165.56688,-21.44215],[165.56852,-21.44221],[165.57158,-21.44411],[165.57196,-21.44556],[165.57333,-21.4468],[165.57315,-21.44923],[165.5728,-21.45031],[165.56976,-21.45261],[165.56917,-21.45371],[165.56753,-21.45485],[165.56659,-21.45846],[165.56485,-21.45779],[165.56297,-21.4609],[165.56325,-21.46247],[165.56294,-21.46337],[165.56414,-21.46469],[165.56425,-21.4654],[165.56581,-21.46711],[165.56857,-21.46703],[165.57066,-21.46951],[165.57098,-21.4716],[165.57147,-21.47233],[165.57342,-21.4727],[165.57454,-21.47245],[165.57552,-21.47116],[165.57835,-21.47217],[165.58223,-21.47444],[165.5831,-21.47451],[165.58562,-21.47367],[165.5873,-21.47378],[165.5888,-21.47211],[165.59087,-21.47045],[165.59245,-21.47144],[165.59455,-21.47196],[165.59683,-21.47177],[165.59878,-21.47188],[165.59823,-21.47392],[165.59944,-21.47593],[165.60158,-21.4776],[165.60308,-21.47785],[165.6037,-21.4788],[165.60461,-21.479],[165.60638,-21.48031],[165.60923,-21.48081],[165.61213,-21.48239],[165.61445,-21.48385],[165.61552,-21.48516],[165.61706,-21.48639],[165.61765,-21.48736],[165.61939,-21.48837],[165.62047,-21.4898],[165.62066,-21.49127],[165.6229,-21.49322],[165.62213,-21.49482],[165.62241,-21.49673],[165.62388,-21.49895],[165.6271,-21.49991],[165.62504,-21.50152],[165.62352,-21.50308],[165.62277,-21.50425],[165.62241,-21.50606],[165.62097,-21.50645],[165.61986,-21.50728],[165.61838,-21.50718],[165.61698,-21.50874],[165.61756,-21.50988],[165.61885,-21.51062],[165.61865,-21.51138],[165.61914,-21.51311],[165.62032,-21.51511],[165.61975,-21.51648],[165.62095,-21.51727],[165.62343,-21.52096],[165.62399,-21.52317],[165.62505,-21.52412],[165.62633,-21.52468],[165.62834,-21.52673],[165.62909,-21.52709],[165.63009,-21.5285],[165.63145,-21.52969],[165.63158,-21.53129],[165.63228,-21.53207],[165.63421,-21.5352],[165.63285,-21.53823],[165.63387,-21.54057],[165.63356,-21.54252],[165.63482,-21.54456],[165.63491,-21.54604],[165.63345,-21.54762],[165.63399,-21.54869],[165.63581,-21.54996],[165.63721,-21.55183],[165.63793,-21.55348],[165.63901,-21.55771],[165.64083,-21.56114],[165.6413,-21.56315],[165.64267,-21.56499],[165.64345,-21.56655],[165.64444,-21.57066],[165.64232,-21.57226],[165.64269,-21.57457],[165.64349,-21.575],[165.64329,-21.57614],[165.64358,-21.57786],[165.64428,-21.57888],[165.6437,-21.58043],[165.64359,-21.58323],[165.64398,-21.58376],[165.64356,-21.58784],[165.64269,-21.5895],[165.64297,-21.59091],[165.64371,-21.59223],[165.64494,-21.59314],[165.64688,-21.5934],[165.64783,-21.59391],[165.64863,-21.59539],[165.64956,-21.59803],[165.64858,-21.59908],[165.65007,-21.60205],[165.64942,-21.60349],[165.64915,-21.60579],[165.64951,-21.60741],[165.64866,-21.61014],[165.64883,-21.61132],[165.65018,-21.61207],[165.64962,-21.61461],[165.64916,-21.61541],[165.64663,-21.61692],[165.64615,-21.61801],[165.64445,-21.61895],[165.64351,-21.61836],[165.64167,-21.61896],[165.63996,-21.61899],[165.63867,-21.61761],[165.63685,-21.61779],[165.63532,-21.61884],[165.63414,-21.62038],[165.63085,-21.62111],[165.62882,-21.62263],[165.62746,-21.62261],[165.62644,-21.62308],[165.62466,-21.6228],[165.62371,-21.62329],[165.62037,-21.62411],[165.61969,-21.62558],[165.61883,-21.62625],[165.61517,-21.62697],[165.61408,-21.62836],[165.61228,-21.62843],[165.60985,-21.62735],[165.60788,-21.62702],[165.60574,-21.62705],[165.60345,-21.62744],[165.60087,-21.62382],[165.59983,-21.6239],[165.5979,-21.62331],[165.59742,-21.62406],[165.59354,-21.62395],[165.59224,-21.62258],[165.59092,-21.62259],[165.58943,-21.62469],[165.58625,-21.62589],[165.58507,-21.62787],[165.58231,-21.62823],[165.5854,-21.64543],[165.58541,-21.64704],[165.58763,-21.6483],[165.58895,-21.65111],[165.58989,-21.65163],[165.58939,-21.65279],[165.59012,-21.65404],[165.58958,-21.65633],[165.58781,-21.65674],[165.58841,-21.65819],[165.59,-21.65984],[165.59008,-21.66111],[165.59111,-21.66297],[165.59075,-21.66419],[165.59249,-21.66546],[165.59208,-21.66697],[165.59244,-21.66745],[165.59049,-21.66929],[165.5888,-21.6717],[165.58729,-21.6725],[165.58531,-21.67284],[165.5813,-21.67477],[165.58036,-21.67502],[165.57896,-21.67701],[165.57749,-21.67788],[165.57587,-21.67758],[165.57485,-21.67675],[165.57355,-21.67711],[165.57282,-21.67857],[165.57343,-21.67937],[165.57147,-21.68084],[165.57021,-21.6807],[165.56883,-21.67971],[165.56637,-21.67867],[165.5643,-21.67902],[165.56318,-21.67955],[165.56195,-21.67915],[165.55931,-21.67965],[165.5586,-21.67916],[165.55676,-21.67999],[165.55641,-21.6809],[165.55363,-21.68286],[165.55207,-21.68373],[165.55177,-21.68572],[165.55074,-21.68659],[165.55062,-21.68842],[165.54977,-21.68791],[165.54807,-21.68927],[165.54839,-21.6899],[165.54687,-21.69049],[165.54578,-21.69004],[165.54461,-21.69093],[165.54205,-21.692],[165.54168,-21.69265]]]]}},{"type":"Feature","id":"fr-commune-98804","properties":{"id":"fr-commune-98804","name":"Canala","kind":"commune","center":[166.05185956523715,-21.532459480630564],"code":"98804","department":"988"},"bbox":[165.83339,-21.64164,166.14842,-21.35414],"geometry":{"type":"MultiPolygon","coordinates":[[[[166.05082,-21.53442],[166.05154,-21.5334],[166.05152,-21.53162],[166.05037,-21.53088],[166.05233,-21.53007],[166.05276,-21.53073],[166.05246,-21.5321],[166.05265,-21.53424],[166.05146,-21.5351],[166.05082,-21.53442]]],[[[166.0774,-21.48956],[166.07541,-21.48963],[166.07369,-21.49111],[166.06974,-21.49132],[166.06999,-21.49021],[166.07298,-21.48604],[166.07577,-21.48338],[166.07794,-21.48416],[166.07873,-21.48385],[166.07923,-21.48737],[166.07974,-21.48906],[166.0774,-21.48956]]],[[[166.14842,-21.54209],[166.1451,-21.54355],[166.14216,-21.54346],[166.13957,-21.54484],[166.13902,-21.546],[166.13734,-21.54811],[166.13383,-21.54811],[166.13357,-21.54962],[166.13213,-21.5499],[166.13006,-21.54925],[166.12728,-21.55],[166.12688,-21.55038],[166.12426,-21.55074],[166.12326,-21.55158],[166.12183,-21.55174],[166.1205,-21.55128],[166.11969,-21.55184],[166.11765,-21.55218],[166.11621,-21.55175],[166.11374,-21.55261],[166.1124,-21.55272],[166.11063,-21.55464],[166.10861,-21.55543],[166.10825,-21.55762],[166.10652,-21.55938],[166.10441,-21.55858],[166.10325,-21.55936],[166.10403,-21.56198],[166.10477,-21.56293],[166.10475,-21.56405],[166.10385,-21.5652],[166.10329,-21.56678],[166.10082,-21.56819],[166.1001,-21.56926],[166.10017,-21.57117],[166.10066,-21.57162],[166.09949,-21.57396],[166.09704,-21.57478],[166.09504,-21.57435],[166.09348,-21.5746],[166.09114,-21.57614],[166.0902,-21.5762],[166.08865,-21.57719],[166.08738,-21.57863],[166.08527,-21.57834],[166.08421,-21.57912],[166.08336,-21.57911],[166.08219,-21.57998],[166.08011,-21.57961],[166.07686,-21.58095],[166.07587,-21.5805],[166.0753,-21.58193],[166.07324,-21.58215],[166.07049,-21.58184],[166.06878,-21.58132],[166.06662,-21.58025],[166.06533,-21.58273],[166.06304,-21.58281],[166.0629,-21.58413],[166.06111,-21.58436],[166.05856,-21.58825],[166.05711,-21.59076],[166.05646,-21.59288],[166.05509,-21.59469],[166.05316,-21.59679],[166.05295,-21.59756],[166.05366,-21.59908],[166.05339,-21.60314],[166.05369,-21.60478],[166.05291,-21.60683],[166.0527,-21.60826],[166.05372,-21.61114],[166.05339,-21.6143],[166.05439,-21.61664],[166.05527,-21.61782],[166.05467,-21.6201],[166.05518,-21.62165],[166.05485,-21.62278],[166.05518,-21.62487],[166.05374,-21.62544],[166.05286,-21.62707],[166.04914,-21.62948],[166.04637,-21.62958],[166.04546,-21.63024],[166.04413,-21.63038],[166.0432,-21.63247],[166.0417,-21.6323],[166.0388,-21.63463],[166.03763,-21.63785],[166.03363,-21.63988],[166.03306,-21.64046],[166.03021,-21.63997],[166.02898,-21.64038],[166.02777,-21.64164],[166.02522,-21.64084],[166.02397,-21.63999],[166.02238,-21.63995],[166.02074,-21.63895],[166.01907,-21.63744],[166.01635,-21.63659],[166.01487,-21.63665],[166.01211,-21.63421],[166.01173,-21.6332],[166.00986,-21.63253],[166.00808,-21.63143],[166.00515,-21.63143],[166.00317,-21.62945],[166.00209,-21.62868],[166.00099,-21.62881],[165.99927,-21.62722],[165.99844,-21.62703],[165.99613,-21.62789],[165.99472,-21.62619],[165.99238,-21.62459],[165.99183,-21.6226],[165.99105,-21.62224],[165.99071,-21.62091],[165.98933,-21.61986],[165.98867,-21.61827],[165.98876,-21.61688],[165.98765,-21.61538],[165.98517,-21.61473],[165.98302,-21.61549],[165.98122,-21.61503],[165.98043,-21.61531],[165.97877,-21.61367],[165.97464,-21.61223],[165.97414,-21.61144],[165.97409,-21.60998],[165.97294,-21.61007],[165.97187,-21.60926],[165.97139,-21.60682],[165.97002,-21.60648],[165.969,-21.60423],[165.96793,-21.60344],[165.96551,-21.60305],[165.96428,-21.60366],[165.96316,-21.60308],[165.96205,-21.60114],[165.96123,-21.60088],[165.9586,-21.60111],[165.95694,-21.5985],[165.95706,-21.59739],[165.95435,-21.59701],[165.95219,-21.59719],[165.9499,-21.59597],[165.94602,-21.59724],[165.94503,-21.59714],[165.94255,-21.59526],[165.93927,-21.59539],[165.93757,-21.59612],[165.93623,-21.59794],[165.93448,-21.59858],[165.93269,-21.60033],[165.93173,-21.60222],[165.92977,-21.60269],[165.92928,-21.60516],[165.92819,-21.60688],[165.92781,-21.60842],[165.92651,-21.6093],[165.92453,-21.60976],[165.92361,-21.6121],[165.92143,-21.61303],[165.9191,-21.61204],[165.91891,-21.61154],[165.91507,-21.61186],[165.91441,-21.61241],[165.91226,-21.61191],[165.9108,-21.61251],[165.90847,-21.61194],[165.90757,-21.6122],[165.90639,-21.61176],[165.90474,-21.61222],[165.90273,-21.61204],[165.90166,-21.61099],[165.90016,-21.61066],[165.89848,-21.61078],[165.89718,-21.61133],[165.89619,-21.61068],[165.89449,-21.61156],[165.89337,-21.6111],[165.89206,-21.60955],[165.89092,-21.60889],[165.88946,-21.60917],[165.88804,-21.60803],[165.88686,-21.60771],[165.87983,-21.60956],[165.87866,-21.60971],[165.87454,-21.6118],[165.87327,-21.61187],[165.87251,-21.61122],[165.87096,-21.60716],[165.86847,-21.60321],[165.86564,-21.60163],[165.86284,-21.60277],[165.86074,-21.60278],[165.85722,-21.60339],[165.85648,-21.60499],[165.85523,-21.60591],[165.85385,-21.60462],[165.85144,-21.60533],[165.84925,-21.60507],[165.84781,-21.60437],[165.84593,-21.60544],[165.84326,-21.60624],[165.84197,-21.606],[165.84142,-21.60476],[165.84029,-21.60353],[165.83966,-21.60098],[165.84002,-21.59963],[165.84145,-21.59908],[165.84251,-21.59714],[165.8421,-21.59659],[165.84288,-21.59472],[165.84343,-21.59187],[165.84324,-21.58807],[165.83339,-21.57556],[165.8557,-21.56371],[165.85572,-21.56136],[165.8566,-21.56004],[165.85615,-21.55799],[165.85404,-21.55511],[165.85228,-21.55522],[165.85145,-21.55486],[165.85054,-21.55289],[165.84989,-21.55036],[165.85033,-21.54949],[165.84966,-21.54763],[165.85477,-21.5386],[165.85358,-21.53725],[165.85319,-21.53551],[165.85218,-21.53302],[165.85183,-21.53055],[165.84926,-21.52419],[165.8476,-21.52416],[165.84657,-21.52313],[165.84689,-21.52214],[165.84645,-21.51991],[165.84549,-21.51985],[165.84395,-21.51875],[165.8439,-21.51669],[165.84266,-21.51633],[165.8597,-21.49933],[165.85899,-21.49769],[165.85981,-21.49712],[165.86201,-21.49399],[165.86493,-21.49317],[165.86724,-21.4913],[165.86783,-21.48975],[165.86988,-21.48857],[165.87199,-21.48863],[165.87112,-21.48745],[165.87137,-21.48606],[165.8706,-21.48517],[165.87107,-21.4832],[165.86994,-21.48159],[165.86752,-21.48108],[165.86687,-21.47941],[165.8662,-21.47912],[165.86366,-21.47898],[165.86324,-21.47813],[165.86349,-21.47707],[165.86256,-21.47557],[165.86345,-21.47263],[165.86416,-21.47264],[165.8653,-21.47162],[165.86523,-21.46975],[165.86654,-21.468],[165.86595,-21.46713],[165.86704,-21.46596],[165.86735,-21.46498],[165.86923,-21.46326],[165.86913,-21.46235],[165.87021,-21.46112],[165.8716,-21.46089],[165.87178,-21.45967],[165.87388,-21.45825],[165.87646,-21.45796],[165.87888,-21.45834],[165.88161,-21.4577],[165.8841,-21.45782],[165.8867,-21.45917],[165.88849,-21.45942],[165.89016,-21.45881],[165.8909,-21.45792],[165.89546,-21.45712],[165.89643,-21.45741],[165.89835,-21.4572],[165.89954,-21.45561],[165.89863,-21.45475],[165.89888,-21.45294],[165.89821,-21.45123],[165.89649,-21.44967],[165.89546,-21.44815],[165.89442,-21.4474],[165.89344,-21.44589],[165.89485,-21.44263],[165.89576,-21.44221],[165.89652,-21.44025],[165.89742,-21.43988],[165.89711,-21.43784],[165.89487,-21.43653],[165.89496,-21.43444],[165.89627,-21.43387],[165.89676,-21.43155],[165.89732,-21.43045],[165.89645,-21.42909],[165.89679,-21.42813],[165.89515,-21.42725],[165.89417,-21.42607],[165.89512,-21.42362],[165.89496,-21.4224],[165.89628,-21.41947],[165.89654,-21.4181],[165.89863,-21.41591],[165.89878,-21.41398],[165.89992,-21.41026],[165.89949,-21.4092],[165.90072,-21.40552],[165.89833,-21.40144],[165.89857,-21.40089],[165.89789,-21.39946],[165.89789,-21.39629],[165.8969,-21.39416],[165.895,-21.39343],[165.89536,-21.38988],[165.89583,-21.38807],[165.89453,-21.38726],[165.89329,-21.38458],[165.89293,-21.38319],[165.89133,-21.37917],[165.89129,-21.37749],[165.88989,-21.37595],[165.88912,-21.37363],[165.88837,-21.37313],[165.88913,-21.37189],[165.88849,-21.3698],[165.88757,-21.36892],[165.88751,-21.36797],[165.88613,-21.36751],[165.88531,-21.36596],[165.88331,-21.36111],[165.88194,-21.35985],[165.88185,-21.35826],[165.88068,-21.35757],[165.87843,-21.35748],[165.87677,-21.35649],[165.87484,-21.35602],[165.87388,-21.35542],[165.87289,-21.35561],[165.87193,-21.35507],[165.87355,-21.35414],[165.87554,-21.3548],[165.87671,-21.35458],[165.87829,-21.35485],[165.88165,-21.3546],[165.88374,-21.35609],[165.88453,-21.35635],[165.88509,-21.35761],[165.8853,-21.35968],[165.88694,-21.36234],[165.88981,-21.36492],[165.89154,-21.36581],[165.89261,-21.36733],[165.89336,-21.36901],[165.89356,-21.37074],[165.89588,-21.3727],[165.8964,-21.37502],[165.89739,-21.37664],[165.89718,-21.37855],[165.89744,-21.37935],[165.89891,-21.38091],[165.89956,-21.38226],[165.90114,-21.38304],[165.90334,-21.38553],[165.90448,-21.38762],[165.90654,-21.39039],[165.90828,-21.39378],[165.90905,-21.39563],[165.91203,-21.3978],[165.91429,-21.40046],[165.91555,-21.40405],[165.91554,-21.40478],[165.91327,-21.40844],[165.91272,-21.41092],[165.91333,-21.41189],[165.9146,-21.41277],[165.91568,-21.41299],[165.9167,-21.41256],[165.91814,-21.41302],[165.92088,-21.41449],[165.92221,-21.41462],[165.92736,-21.41898],[165.9293,-21.42119],[165.93031,-21.42377],[165.93286,-21.42523],[165.93311,-21.42684],[165.93486,-21.4285],[165.93638,-21.42895],[165.93804,-21.43042],[165.93823,-21.43151],[165.94008,-21.43471],[165.94223,-21.43613],[165.94347,-21.43633],[165.9448,-21.43782],[165.94502,-21.44041],[165.94637,-21.44262],[165.94853,-21.44353],[165.94875,-21.44422],[165.94784,-21.44595],[165.94891,-21.44846],[165.95,-21.44957],[165.95021,-21.45046],[165.9486,-21.45029],[165.94739,-21.45158],[165.94696,-21.4535],[165.94805,-21.4553],[165.94692,-21.45679],[165.94705,-21.45853],[165.94838,-21.46003],[165.94851,-21.46305],[165.94959,-21.46477],[165.94845,-21.46604],[165.94746,-21.46569],[165.94426,-21.46312],[165.94236,-21.46316],[165.94107,-21.46265],[165.93955,-21.46065],[165.93698,-21.459],[165.93582,-21.4579],[165.93482,-21.45812],[165.9343,-21.457],[165.93157,-21.4571],[165.93008,-21.4591],[165.92701,-21.45839],[165.92608,-21.45907],[165.92493,-21.45906],[165.92427,-21.46012],[165.92164,-21.45936],[165.92041,-21.46141],[165.91926,-21.46207],[165.91937,-21.46409],[165.92096,-21.46589],[165.92268,-21.46667],[165.92371,-21.46638],[165.92534,-21.46727],[165.92512,-21.46855],[165.92631,-21.46884],[165.92896,-21.46755],[165.93137,-21.4659],[165.93292,-21.46543],[165.93395,-21.4678],[165.9335,-21.47028],[165.93553,-21.4722],[165.93668,-21.47268],[165.93842,-21.4744],[165.9401,-21.47454],[165.94164,-21.47575],[165.9429,-21.47747],[165.9445,-21.4776],[165.94705,-21.47907],[165.9487,-21.47909],[165.94971,-21.48059],[165.95151,-21.48094],[165.95551,-21.48208],[165.95623,-21.48326],[165.95922,-21.4865],[165.96176,-21.48835],[165.96316,-21.48873],[165.96713,-21.48891],[165.96785,-21.48934],[165.96844,-21.49067],[165.96927,-21.49122],[165.96928,-21.49213],[165.97229,-21.49437],[165.97488,-21.49475],[165.97406,-21.49634],[165.97297,-21.49665],[165.97254,-21.49854],[165.9726,-21.4999],[165.9715,-21.50116],[165.96899,-21.50111],[165.96758,-21.50063],[165.96541,-21.49896],[165.96401,-21.49886],[165.96364,-21.49774],[165.96277,-21.49788],[165.96106,-21.49668],[165.95985,-21.49543],[165.95801,-21.4949],[165.95679,-21.49543],[165.9537,-21.49539],[165.95239,-21.49669],[165.9536,-21.49843],[165.95461,-21.49856],[165.95583,-21.50095],[165.95616,-21.50218],[165.95795,-21.50269],[165.95834,-21.50337],[165.95775,-21.50531],[165.95788,-21.5074],[165.9561,-21.5081],[165.95782,-21.50912],[165.95912,-21.50896],[165.96025,-21.50831],[165.96168,-21.50966],[165.96168,-21.51117],[165.96085,-21.51129],[165.9602,-21.51261],[165.96103,-21.51341],[165.96054,-21.5141],[165.96074,-21.51574],[165.96325,-21.51718],[165.9658,-21.51735],[165.96686,-21.51582],[165.9685,-21.5167],[165.96866,-21.51494],[165.96968,-21.51579],[165.96925,-21.51709],[165.96776,-21.51727],[165.97605,-21.52233],[165.97587,-21.52339],[165.97385,-21.52217],[165.97237,-21.52306],[165.97252,-21.52436],[165.97136,-21.52551],[165.97228,-21.52684],[165.97394,-21.52749],[165.97517,-21.52725],[165.97656,-21.52591],[165.9761,-21.52362],[165.97663,-21.5221],[165.97772,-21.52101],[165.97708,-21.51954],[165.97777,-21.51888],[165.97679,-21.51699],[165.977,-21.51552],[165.97607,-21.51483],[165.97613,-21.51344],[165.97993,-21.51107],[165.98084,-21.511],[165.9847,-21.51164],[165.98731,-21.51119],[165.98887,-21.51058],[165.99004,-21.50773],[165.98935,-21.50607],[165.9899,-21.5053],[165.99001,-21.50397],[165.9895,-21.50316],[165.99103,-21.50283],[165.99326,-21.50049],[165.99506,-21.49949],[165.99459,-21.49738],[165.99316,-21.49698],[165.99278,-21.49619],[165.99128,-21.49496],[165.98984,-21.4946],[165.98925,-21.49388],[165.98997,-21.4921],[165.98933,-21.49065],[165.98967,-21.48807],[165.99131,-21.48745],[165.99189,-21.48591],[165.9917,-21.48334],[165.99092,-21.48185],[165.98938,-21.48147],[165.98831,-21.48054],[165.98646,-21.48087],[165.98615,-21.48035],[165.98264,-21.47929],[165.98169,-21.47928],[165.97988,-21.47739],[165.97926,-21.47561],[165.97802,-21.47471],[165.97532,-21.47349],[165.97661,-21.4731],[165.97816,-21.47164],[165.97965,-21.47105],[165.9806,-21.46958],[165.98154,-21.47012],[165.98043,-21.47115],[165.98074,-21.47176],[165.98303,-21.47243],[165.984,-21.47157],[165.98689,-21.47058],[165.98793,-21.4685],[165.98796,-21.46696],[165.98629,-21.46555],[165.98382,-21.46405],[165.98191,-21.46405],[165.97973,-21.46226],[165.97534,-21.46181],[165.97429,-21.46256],[165.97392,-21.46447],[165.97284,-21.46544],[165.97103,-21.46443],[165.96948,-21.46446],[165.97175,-21.45982],[165.97333,-21.45831],[165.97293,-21.45647],[165.96759,-21.45514],[165.96607,-21.45494],[165.96391,-21.45529],[165.96297,-21.45467],[165.96495,-21.45309],[165.96523,-21.45221],[165.96654,-21.45076],[165.9671,-21.44926],[165.96685,-21.44855],[165.96801,-21.44633],[165.96709,-21.44482],[165.96749,-21.44285],[165.96759,-21.44065],[165.96729,-21.43964],[165.96574,-21.43839],[165.96532,-21.43559],[165.96244,-21.43341],[165.96211,-21.4325],[165.96271,-21.43135],[165.9625,-21.42966],[165.9629,-21.42878],[165.96153,-21.42739],[165.96019,-21.42702],[165.95944,-21.42762],[165.95734,-21.42749],[165.95764,-21.42614],[165.9572,-21.42363],[165.95582,-21.42186],[165.95498,-21.41968],[165.95413,-21.41843],[165.95414,-21.41679],[165.95321,-21.41392],[165.95413,-21.40875],[165.95552,-21.40846],[165.95719,-21.40717],[165.95751,-21.40516],[165.96029,-21.40464],[165.96335,-21.40592],[165.96765,-21.40905],[165.96974,-21.41],[165.97161,-21.41016],[165.97455,-21.41094],[165.97619,-21.41276],[165.97587,-21.41487],[165.97667,-21.41663],[165.97916,-21.41848],[165.98114,-21.42142],[165.98207,-21.42245],[165.98223,-21.42361],[165.98453,-21.42705],[165.98546,-21.42733],[165.98808,-21.42694],[165.98836,-21.42649],[165.99238,-21.42724],[165.99267,-21.42804],[165.99041,-21.43074],[165.99,-21.43271],[165.99065,-21.43478],[165.99252,-21.43602],[165.9946,-21.43611],[165.99556,-21.43864],[165.99762,-21.44119],[165.99979,-21.44199],[166.00099,-21.44205],[166.00363,-21.44087],[166.00648,-21.44039],[166.00711,-21.44201],[166.00614,-21.44461],[166.00665,-21.44724],[166.00905,-21.451],[166.01156,-21.45323],[166.01451,-21.45405],[166.01625,-21.45419],[166.01784,-21.4536],[166.01906,-21.45154],[166.0199,-21.45064],[166.02132,-21.45051],[166.02037,-21.45258],[166.02036,-21.45364],[166.01943,-21.45481],[166.01938,-21.45726],[166.01996,-21.45804],[166.02277,-21.45983],[166.0252,-21.4583],[166.02645,-21.45798],[166.02796,-21.45671],[166.02896,-21.45689],[166.02991,-21.46025],[166.03101,-21.46088],[166.03218,-21.46088],[166.0336,-21.46006],[166.03493,-21.45975],[166.03484,-21.4613],[166.0337,-21.46411],[166.03395,-21.46536],[166.03484,-21.46615],[166.03644,-21.46629],[166.03746,-21.46706],[166.03916,-21.4667],[166.04086,-21.46425],[166.04391,-21.46366],[166.04611,-21.46135],[166.04823,-21.4628],[166.0489,-21.46449],[166.04992,-21.46545],[166.0512,-21.46602],[166.05488,-21.46645],[166.0557,-21.46578],[166.05725,-21.46581],[166.05844,-21.46541],[166.05864,-21.4665],[166.05824,-21.46774],[166.05533,-21.47052],[166.05345,-21.47387],[166.05153,-21.47338],[166.04972,-21.47428],[166.0491,-21.47545],[166.04703,-21.47673],[166.0445,-21.4764],[166.04202,-21.4782],[166.04146,-21.47943],[166.04029,-21.48002],[166.03953,-21.48225],[166.0395,-21.48401],[166.04056,-21.48656],[166.04179,-21.4877],[166.0435,-21.48856],[166.04548,-21.48734],[166.04753,-21.48691],[166.04961,-21.48601],[166.0513,-21.48569],[166.05355,-21.48699],[166.05459,-21.48683],[166.05603,-21.48733],[166.05733,-21.48722],[166.05826,-21.48638],[166.05926,-21.48886],[166.0588,-21.49084],[166.05915,-21.49211],[166.06097,-21.49362],[166.06214,-21.49384],[166.06377,-21.49361],[166.06462,-21.49278],[166.06788,-21.49271],[166.06707,-21.49367],[166.06638,-21.49632],[166.06446,-21.49746],[166.06375,-21.49852],[166.06358,-21.50046],[166.06557,-21.50209],[166.06416,-21.50359],[166.06292,-21.50394],[166.06214,-21.50595],[166.0626,-21.50836],[166.06414,-21.5101],[166.06508,-21.50991],[166.06634,-21.51096],[166.06743,-21.51123],[166.06637,-21.51244],[166.06662,-21.51401],[166.0684,-21.51446],[166.07027,-21.51537],[166.0702,-21.51733],[166.07195,-21.51971],[166.07011,-21.52019],[166.06898,-21.52092],[166.06823,-21.52223],[166.06913,-21.52412],[166.07034,-21.52557],[166.06784,-21.52647],[166.06757,-21.52735],[166.0654,-21.5273],[166.06449,-21.52782],[166.06144,-21.52811],[166.05704,-21.5272],[166.05356,-21.52774],[166.05262,-21.5283],[166.05196,-21.52974],[166.05005,-21.52994],[166.04984,-21.53218],[166.0514,-21.53228],[166.05027,-21.53392],[166.04531,-21.5367],[166.04575,-21.53712],[166.04901,-21.53515],[166.05007,-21.53487],[166.05206,-21.53528],[166.05231,-21.53665],[166.05138,-21.53756],[166.04881,-21.53823],[166.04881,-21.53863],[166.05232,-21.53753],[166.05266,-21.53658],[166.053,-21.53266],[166.05368,-21.53046],[166.05529,-21.52857],[166.05666,-21.52826],[166.05953,-21.52908],[166.06193,-21.53093],[166.06328,-21.53125],[166.0654,-21.53089],[166.06665,-21.52893],[166.06727,-21.5285],[166.06817,-21.53092],[166.069,-21.53221],[166.07017,-21.53318],[166.0721,-21.53167],[166.07322,-21.53196],[166.07452,-21.53143],[166.07656,-21.53003],[166.07929,-21.53063],[166.08331,-21.53033],[166.0851,-21.52918],[166.08522,-21.52793],[166.08618,-21.52646],[166.08714,-21.52593],[166.08947,-21.52376],[166.08968,-21.52025],[166.09024,-21.5192],[166.08906,-21.51663],[166.08857,-21.51395],[166.0889,-21.51331],[166.09123,-21.51283],[166.09581,-21.51263],[166.09725,-21.513],[166.09915,-21.51502],[166.10033,-21.51581],[166.10304,-21.51648],[166.10583,-21.51681],[166.1071,-21.51629],[166.10938,-21.51612],[166.11434,-21.51416],[166.11801,-21.51433],[166.12005,-21.51506],[166.12274,-21.51797],[166.12327,-21.51917],[166.12598,-21.51991],[166.127,-21.5207],[166.12732,-21.52332],[166.12994,-21.5273],[166.13032,-21.52873],[166.13116,-21.53027],[166.13278,-21.53141],[166.13402,-21.53182],[166.13702,-21.53495],[166.13933,-21.53654],[166.14159,-21.53771],[166.14393,-21.54044],[166.14592,-21.54161],[166.14726,-21.54159],[166.14842,-21.54209]]]]}},{"type":"Feature","id":"fr-commune-98805","properties":{"id":"fr-commune-98805","name":"Dumbéa","kind":"commune","center":[166.497,-22.1337],"code":"98805","department":"988"},"bbox":[166.38778,-22.22763,166.60614,-22.03968],"geometry":{"type":"MultiPolygon","coordinates":[[[[166.4049,-22.21694],[166.40294,-22.21845],[166.40182,-22.21799],[166.39861,-22.21501],[166.3987,-22.21436],[166.39741,-22.21224],[166.39882,-22.21236],[166.39975,-22.21316],[166.40237,-22.21271],[166.40331,-22.21192],[166.40373,-22.21073],[166.40526,-22.21011],[166.4052,-22.21198],[166.40661,-22.21318],[166.40704,-22.21512],[166.40937,-22.21616],[166.40685,-22.21772],[166.40582,-22.21685],[166.4049,-22.21694]]],[[[166.3991,-22.17969],[166.39732,-22.17861],[166.39675,-22.17705],[166.39757,-22.17681],[166.3991,-22.17969]]],[[[166.42144,-22.17352],[166.42302,-22.17404],[166.42509,-22.17585],[166.42487,-22.17635],[166.42221,-22.17388],[166.42144,-22.17352]]],[[[166.38778,-22.1733],[166.38784,-22.17287],[166.39057,-22.17143],[166.39122,-22.1701],[166.39246,-22.1694],[166.39212,-22.16689],[166.39328,-22.16564],[166.39358,-22.16434],[166.39479,-22.16267],[166.39638,-22.16106],[166.39645,-22.15956],[166.39744,-22.15814],[166.3966,-22.15702],[166.39519,-22.15352],[166.39641,-22.15221],[166.39901,-22.1519],[166.4001,-22.15101],[166.40032,-22.14975],[166.40204,-22.1505],[166.40618,-22.14841],[166.40715,-22.14862],[166.40967,-22.15007],[166.41145,-22.15028],[166.41274,-22.15114],[166.41527,-22.152],[166.41684,-22.15187],[166.41784,-22.15073],[166.41797,-22.14923],[166.41723,-22.14784],[166.41631,-22.14521],[166.41794,-22.14423],[166.41849,-22.14258],[166.41833,-22.14077],[166.41989,-22.13886],[166.42016,-22.13742],[166.42181,-22.13706],[166.42246,-22.1361],[166.4222,-22.13434],[166.42121,-22.13377],[166.42088,-22.13238],[166.42003,-22.13122],[166.41888,-22.12834],[166.42072,-22.12651],[166.42293,-22.1254],[166.42289,-22.12356],[166.42023,-22.12202],[166.41942,-22.12326],[166.41824,-22.12241],[166.41636,-22.12167],[166.41568,-22.12054],[166.41445,-22.11982],[166.4134,-22.11998],[166.41246,-22.12195],[166.41033,-22.12245],[166.4089,-22.12191],[166.40736,-22.12056],[166.40512,-22.11923],[166.40362,-22.11802],[166.40277,-22.11815],[166.40157,-22.11679],[166.4001,-22.11604],[166.4006,-22.11466],[166.40213,-22.11387],[166.40288,-22.11281],[166.40453,-22.11332],[166.40599,-22.11093],[166.40763,-22.11006],[166.40942,-22.10965],[166.41065,-22.10738],[166.41023,-22.10519],[166.4094,-22.10355],[166.40953,-22.10227],[166.4105,-22.10109],[166.41121,-22.09792],[166.41188,-22.09724],[166.41283,-22.09751],[166.41316,-22.09614],[166.41393,-22.09542],[166.41363,-22.09323],[166.41481,-22.09053],[166.41441,-22.08749],[166.41397,-22.08664],[166.41531,-22.08316],[166.41718,-22.08057],[166.41872,-22.07775],[166.42036,-22.0725],[166.422,-22.07042],[166.42398,-22.07148],[166.42684,-22.07346],[166.42904,-22.07339],[166.43099,-22.07257],[166.4324,-22.07305],[166.43521,-22.07343],[166.43693,-22.07391],[166.43981,-22.07563],[166.44151,-22.0759],[166.44407,-22.07272],[166.44567,-22.07012],[166.44644,-22.06946],[166.44795,-22.06714],[166.44918,-22.06679],[166.44935,-22.06562],[166.44885,-22.06375],[166.44743,-22.06235],[166.44768,-22.06167],[166.44715,-22.05933],[166.44644,-22.05829],[166.44648,-22.05742],[166.44852,-22.05646],[166.44938,-22.05503],[166.45115,-22.05364],[166.45202,-22.05147],[166.45159,-22.05034],[166.45189,-22.04845],[166.4515,-22.04683],[166.45263,-22.04658],[166.45472,-22.04546],[166.45705,-22.04366],[166.45857,-22.04191],[166.46234,-22.04132],[166.46412,-22.04024],[166.46639,-22.03968],[166.46729,-22.04032],[166.46947,-22.04378],[166.47064,-22.04327],[166.472,-22.0434],[166.47353,-22.04302],[166.47558,-22.0421],[166.47824,-22.04257],[166.4805,-22.04379],[166.48247,-22.04547],[166.48417,-22.04538],[166.48577,-22.0448],[166.48705,-22.04483],[166.48849,-22.04542],[166.48957,-22.04513],[166.49038,-22.04561],[166.49349,-22.04555],[166.49497,-22.04604],[166.49777,-22.04592],[166.49952,-22.04659],[166.50004,-22.04745],[166.50136,-22.04788],[166.5026,-22.04942],[166.50386,-22.05039],[166.50455,-22.05143],[166.50555,-22.05444],[166.50645,-22.05589],[166.5083,-22.05597],[166.51137,-22.05539],[166.51269,-22.05465],[166.51485,-22.05568],[166.51671,-22.05561],[166.51847,-22.05598],[166.5201,-22.05727],[166.52132,-22.05707],[166.52337,-22.05791],[166.52501,-22.05828],[166.52639,-22.05998],[166.52752,-22.06323],[166.52781,-22.06464],[166.52968,-22.0659],[166.53022,-22.06705],[166.53097,-22.06707],[166.53253,-22.06893],[166.53371,-22.06931],[166.53443,-22.07083],[166.53578,-22.07103],[166.53918,-22.07078],[166.5423,-22.07159],[166.54524,-22.07126],[166.54747,-22.07635],[166.54928,-22.07769],[166.55,-22.07873],[166.55129,-22.07961],[166.55171,-22.08128],[166.55248,-22.08207],[166.55223,-22.08362],[166.55452,-22.08704],[166.55743,-22.08702],[166.55816,-22.0873],[166.56081,-22.08965],[166.56168,-22.08963],[166.56318,-22.09043],[166.5667,-22.08987],[166.56752,-22.08951],[166.57156,-22.08938],[166.57279,-22.08882],[166.57459,-22.08852],[166.57572,-22.08875],[166.57768,-22.09],[166.57912,-22.08978],[166.58207,-22.09006],[166.58309,-22.09079],[166.58586,-22.0909],[166.58817,-22.09329],[166.59019,-22.09443],[166.59242,-22.09763],[166.59353,-22.10083],[166.59474,-22.10155],[166.59624,-22.10168],[166.59829,-22.10296],[166.59932,-22.10296],[166.60143,-22.10455],[166.60358,-22.10497],[166.60382,-22.10583],[166.60501,-22.10658],[166.60466,-22.10742],[166.60518,-22.1091],[166.60522,-22.11061],[166.60471,-22.11234],[166.60545,-22.11422],[166.60334,-22.11637],[166.60312,-22.11874],[166.60341,-22.12025],[166.60437,-22.12149],[166.6047,-22.12261],[166.60389,-22.12333],[166.60413,-22.1241],[166.60385,-22.12691],[166.60441,-22.12853],[166.60534,-22.12911],[166.60412,-22.13114],[166.60538,-22.1328],[166.60534,-22.13485],[166.60614,-22.13562],[166.6051,-22.13623],[166.60359,-22.13571],[166.60126,-22.13641],[166.59969,-22.1376],[166.59785,-22.13815],[166.59734,-22.13956],[166.59464,-22.14261],[166.59281,-22.1435],[166.5944,-22.14465],[166.59479,-22.14601],[166.5943,-22.14704],[166.59582,-22.14773],[166.59682,-22.15081],[166.5966,-22.15174],[166.59578,-22.15241],[166.59438,-22.15262],[166.59233,-22.15406],[166.59166,-22.15501],[166.59166,-22.15668],[166.59096,-22.15865],[166.58996,-22.15974],[166.58489,-22.15929],[166.58289,-22.16011],[166.58236,-22.16103],[166.58012,-22.16214],[166.57876,-22.16224],[166.57582,-22.16549],[166.573,-22.16557],[166.56783,-22.1684],[166.5673,-22.16901],[166.56578,-22.16919],[166.5659,-22.17047],[166.56318,-22.1728],[166.56191,-22.1729],[166.56074,-22.17222],[166.55967,-22.17089],[166.55647,-22.17119],[166.55552,-22.17039],[166.55405,-22.17035],[166.55287,-22.17084],[166.5518,-22.17056],[166.55058,-22.16939],[166.54887,-22.16858],[166.54743,-22.1684],[166.54612,-22.16672],[166.54204,-22.1653],[166.54125,-22.16454],[166.54102,-22.16335],[166.53895,-22.1646],[166.53735,-22.16409],[166.53203,-22.16489],[166.53055,-22.16545],[166.52805,-22.16492],[166.52607,-22.16523],[166.52556,-22.16603],[166.52362,-22.16711],[166.52155,-22.1676],[166.51904,-22.16788],[166.51731,-22.16861],[166.51657,-22.1685],[166.51632,-22.17079],[166.51558,-22.17188],[166.51402,-22.17737],[166.51356,-22.17998],[166.51426,-22.18102],[166.51269,-22.18245],[166.51141,-22.18302],[166.50916,-22.1834],[166.5076,-22.18432],[166.507,-22.18551],[166.50541,-22.18677],[166.50332,-22.18969],[166.50165,-22.19031],[166.49817,-22.18963],[166.49727,-22.1901],[166.49611,-22.19193],[166.4948,-22.19196],[166.4928,-22.19112],[166.49009,-22.18937],[166.48876,-22.1893],[166.4887,-22.19082],[166.48746,-22.19357],[166.48676,-22.19451],[166.48622,-22.19642],[166.48674,-22.19955],[166.48625,-22.20101],[166.48532,-22.20165],[166.48241,-22.20196],[166.48124,-22.20285],[166.4801,-22.20305],[166.47991,-22.20439],[166.48028,-22.20528],[166.4805,-22.2076],[166.48281,-22.21398],[166.48355,-22.21444],[166.48435,-22.21673],[166.48376,-22.21718],[166.48163,-22.21741],[166.48178,-22.2188],[166.47941,-22.21926],[166.47899,-22.22013],[166.48005,-22.22081],[166.47813,-22.22317],[166.47832,-22.22434],[166.47695,-22.22564],[166.47512,-22.22544],[166.47331,-22.22628],[166.47173,-22.22739],[166.47062,-22.22656],[166.46937,-22.22653],[166.46812,-22.22763],[166.46725,-22.22701],[166.4635,-22.22604],[166.46209,-22.22631],[166.4593,-22.22431],[166.46138,-22.22439],[166.46188,-22.22324],[166.46328,-22.22236],[166.46369,-22.22353],[166.46663,-22.22326],[166.46692,-22.22238],[166.46547,-22.22081],[166.46585,-22.21927],[166.46733,-22.21953],[166.46835,-22.21826],[166.46607,-22.21768],[166.46104,-22.21823],[166.46113,-22.21774],[166.46396,-22.2175],[166.46326,-22.21531],[166.46183,-22.21332],[166.46043,-22.21265],[166.45909,-22.21347],[166.45706,-22.21418],[166.45676,-22.21517],[166.45542,-22.21472],[166.45587,-22.21317],[166.4574,-22.21211],[166.45717,-22.21064],[166.45545,-22.20963],[166.45423,-22.21139],[166.45116,-22.21178],[166.45083,-22.21046],[166.44937,-22.20771],[166.44725,-22.20668],[166.44805,-22.20876],[166.44698,-22.20986],[166.44741,-22.21043],[166.44433,-22.21114],[166.44484,-22.21012],[166.44405,-22.20923],[166.44136,-22.20869],[166.44034,-22.20814],[166.43992,-22.20952],[166.4408,-22.21205],[166.43936,-22.21207],[166.43856,-22.21071],[166.43777,-22.21034],[166.4362,-22.21045],[166.43509,-22.21004],[166.43315,-22.20798],[166.43103,-22.20722],[166.42989,-22.20569],[166.42863,-22.20505],[166.42677,-22.20336],[166.42477,-22.20338],[166.42444,-22.20267],[166.42205,-22.20055],[166.42226,-22.20003],[166.42472,-22.20085],[166.42586,-22.20022],[166.4284,-22.2013],[166.43052,-22.20047],[166.43202,-22.20059],[166.43333,-22.20144],[166.43367,-22.2022],[166.43512,-22.20316],[166.4372,-22.20519],[166.43779,-22.20477],[166.43714,-22.20283],[166.43796,-22.2029],[166.43952,-22.20397],[166.44087,-22.20357],[166.44037,-22.20189],[166.43897,-22.20166],[166.43882,-22.20091],[166.43986,-22.20006],[166.44002,-22.19893],[166.44123,-22.19898],[166.44144,-22.19766],[166.4394,-22.1976],[166.43786,-22.1984],[166.4371,-22.19959],[166.43544,-22.19934],[166.4357,-22.19797],[166.43533,-22.19708],[166.43584,-22.19577],[166.43428,-22.19576],[166.43309,-22.19683],[166.43062,-22.19593],[166.42916,-22.19636],[166.42771,-22.1956],[166.42637,-22.19585],[166.42506,-22.19435],[166.42372,-22.1941],[166.42582,-22.19162],[166.42804,-22.19189],[166.42758,-22.19334],[166.42847,-22.19468],[166.43085,-22.19401],[166.43279,-22.19281],[166.43434,-22.19274],[166.43551,-22.19191],[166.43638,-22.19269],[166.43811,-22.19225],[166.43942,-22.19368],[166.44017,-22.19303],[166.44205,-22.19248],[166.44156,-22.19163],[166.43998,-22.19088],[166.4394,-22.18941],[166.43809,-22.18967],[166.43737,-22.18833],[166.4353,-22.1873],[166.43456,-22.1852],[166.43072,-22.18257],[166.42803,-22.1822],[166.42679,-22.18288],[166.4258,-22.18182],[166.4256,-22.18089],[166.42729,-22.17782],[166.429,-22.17922],[166.43071,-22.18154],[166.43285,-22.18157],[166.43401,-22.1809],[166.43313,-22.17982],[166.4354,-22.17821],[166.436,-22.17877],[166.43634,-22.18087],[166.43736,-22.18211],[166.43916,-22.18233],[166.44019,-22.18195],[166.44396,-22.18181],[166.44513,-22.18042],[166.44692,-22.17972],[166.44699,-22.17907],[166.44583,-22.17651],[166.4419,-22.17709],[166.44073,-22.17614],[166.4433,-22.17584],[166.44515,-22.1741],[166.44624,-22.17091],[166.4448,-22.17168],[166.44485,-22.1702],[166.44543,-22.16874],[166.44595,-22.16415],[166.44585,-22.16227],[166.44627,-22.16089],[166.44761,-22.16023],[166.44964,-22.16029],[166.44944,-22.15865],[166.4478,-22.15827],[166.44483,-22.15902],[166.44468,-22.15803],[166.44558,-22.1573],[166.44938,-22.15643],[166.45104,-22.15524],[166.45301,-22.15434],[166.45388,-22.15314],[166.45304,-22.1528],[166.45137,-22.15357],[166.45001,-22.15544],[166.44594,-22.15637],[166.44453,-22.15727],[166.44275,-22.15948],[166.44445,-22.16062],[166.44518,-22.16187],[166.44404,-22.16547],[166.44365,-22.16803],[166.44254,-22.17003],[166.44328,-22.17134],[166.4434,-22.17358],[166.4422,-22.17529],[166.44082,-22.17472],[166.44061,-22.17281],[166.43898,-22.17238],[166.43815,-22.17269],[166.43779,-22.17243],[166.43619,-22.173],[166.43503,-22.1741],[166.4344,-22.1734],[166.43535,-22.17151],[166.43468,-22.17116],[166.43176,-22.1672],[166.43288,-22.16746],[166.43406,-22.16906],[166.43502,-22.16937],[166.43559,-22.17052],[166.43709,-22.17113],[166.43836,-22.17258],[166.44014,-22.17139],[166.44096,-22.17014],[166.4397,-22.16735],[166.43819,-22.16763],[166.43532,-22.16755],[166.43336,-22.16654],[166.43145,-22.16519],[166.43138,-22.16338],[166.43099,-22.16256],[166.42933,-22.1624],[166.42843,-22.16271],[166.42692,-22.16248],[166.42595,-22.16372],[166.426,-22.16591],[166.42448,-22.16683],[166.4202,-22.17067],[166.41978,-22.17345],[166.42002,-22.17535],[166.41925,-22.17549],[166.41872,-22.17324],[166.41668,-22.17327],[166.41578,-22.17519],[166.41672,-22.17657],[166.41517,-22.17758],[166.41612,-22.17857],[166.41547,-22.1799],[166.41647,-22.18151],[166.41615,-22.18248],[166.4152,-22.18269],[166.41366,-22.18381],[166.41281,-22.18212],[166.41353,-22.18129],[166.41347,-22.17997],[166.41292,-22.179],[166.40916,-22.17678],[166.40868,-22.17377],[166.40666,-22.17294],[166.40501,-22.1739],[166.39902,-22.17383],[166.39701,-22.17418],[166.396,-22.17375],[166.39578,-22.17267],[166.39277,-22.1715],[166.39141,-22.17168],[166.38966,-22.17237],[166.38895,-22.17331],[166.38778,-22.1733]]]]}},{"type":"Feature","id":"fr-commune-98806","properties":{"id":"fr-commune-98806","name":"Farino","kind":"commune","center":[165.7568,-21.648],"code":"98806","department":"988"},"bbox":[165.71398,-21.69471,165.79961,-21.60136],"geometry":{"type":"Polygon","coordinates":[[[165.77512,-21.60136],[165.77735,-21.60314],[165.78173,-21.60608],[165.78261,-21.60723],[165.78559,-21.60673],[165.78689,-21.60705],[165.78732,-21.60902],[165.78872,-21.60959],[165.79161,-21.61175],[165.79199,-21.61324],[165.79333,-21.61347],[165.79402,-21.61453],[165.7957,-21.61472],[165.7965,-21.61644],[165.79808,-21.61758],[165.79961,-21.61794],[165.79918,-21.61967],[165.79744,-21.6203],[165.79484,-21.6205],[165.79408,-21.6212],[165.79205,-21.62184],[165.79084,-21.62291],[165.79058,-21.62418],[165.78952,-21.62554],[165.78963,-21.62639],[165.78826,-21.62881],[165.78675,-21.63055],[165.78644,-21.63167],[165.78834,-21.634],[165.78887,-21.63593],[165.78859,-21.63803],[165.78914,-21.641],[165.78775,-21.64191],[165.78798,-21.64406],[165.78846,-21.64468],[165.7879,-21.64662],[165.7867,-21.64762],[165.78593,-21.64943],[165.78492,-21.65024],[165.78491,-21.65218],[165.78355,-21.65285],[165.78311,-21.65361],[165.7832,-21.65656],[165.78175,-21.65859],[165.78211,-21.66071],[165.78142,-21.66433],[165.78379,-21.66701],[165.78417,-21.66805],[165.78667,-21.66927],[165.78783,-21.6703],[165.78827,-21.67147],[165.78924,-21.6757],[165.78812,-21.67768],[165.78825,-21.68002],[165.78887,-21.68263],[165.79044,-21.68277],[165.7934,-21.68433],[165.79161,-21.68361],[165.79007,-21.68351],[165.78862,-21.68467],[165.78815,-21.68602],[165.78821,-21.68771],[165.78684,-21.69402],[165.78562,-21.69316],[165.7825,-21.69295],[165.77595,-21.69366],[165.77229,-21.69471],[165.77071,-21.69438],[165.77006,-21.69296],[165.76782,-21.69094],[165.76774,-21.69004],[165.7685,-21.68921],[165.76775,-21.6883],[165.76665,-21.68801],[165.76524,-21.68633],[165.76523,-21.68548],[165.76426,-21.6836],[165.76194,-21.68175],[165.76211,-21.68106],[165.7604,-21.6792],[165.76072,-21.67856],[165.76033,-21.67695],[165.76095,-21.67569],[165.75959,-21.67452],[165.75904,-21.6722],[165.75926,-21.67104],[165.75853,-21.66978],[165.75723,-21.66947],[165.7561,-21.66846],[165.75398,-21.66738],[165.75181,-21.66734],[165.75046,-21.66787],[165.74952,-21.66872],[165.74748,-21.66813],[165.7461,-21.66699],[165.74511,-21.66687],[165.74384,-21.66743],[165.74336,-21.66846],[165.74182,-21.6685],[165.74036,-21.66995],[165.73773,-21.67027],[165.73575,-21.67198],[165.73394,-21.67278],[165.73293,-21.67266],[165.73184,-21.67406],[165.73021,-21.67327],[165.72829,-21.6735],[165.72765,-21.67453],[165.72585,-21.67565],[165.72558,-21.67659],[165.72304,-21.67668],[165.72218,-21.67856],[165.72081,-21.67917],[165.72029,-21.67791],[165.71782,-21.67443],[165.71767,-21.67245],[165.71686,-21.67176],[165.71674,-21.67079],[165.71567,-21.66909],[165.71797,-21.66931],[165.71957,-21.66795],[165.72182,-21.66796],[165.72306,-21.66701],[165.72121,-21.66408],[165.72115,-21.66246],[165.72024,-21.66171],[165.7196,-21.6596],[165.7184,-21.65746],[165.71704,-21.65712],[165.71607,-21.656],[165.7155,-21.65416],[165.71445,-21.65305],[165.71472,-21.65163],[165.7164,-21.64949],[165.71776,-21.64918],[165.71902,-21.64796],[165.71684,-21.64778],[165.71573,-21.64699],[165.71487,-21.64579],[165.71398,-21.64333],[165.71466,-21.64177],[165.7156,-21.64182],[165.71665,-21.64113],[165.71685,-21.64027],[165.71574,-21.63851],[165.71585,-21.63724],[165.71666,-21.63563],[165.7177,-21.6348],[165.71882,-21.63658],[165.72103,-21.63508],[165.72308,-21.63321],[165.72428,-21.63316],[165.72467,-21.63385],[165.72326,-21.63539],[165.72358,-21.63635],[165.72478,-21.63649],[165.72536,-21.63492],[165.72748,-21.63594],[165.72874,-21.6341],[165.72978,-21.63402],[165.73106,-21.63467],[165.73299,-21.63219],[165.73511,-21.63191],[165.73551,-21.63021],[165.73805,-21.63037],[165.74036,-21.62912],[165.74012,-21.62804],[165.74145,-21.62796],[165.74103,-21.62678],[165.74219,-21.62546],[165.74293,-21.62517],[165.74434,-21.62551],[165.74571,-21.62385],[165.74783,-21.62235],[165.74854,-21.62093],[165.75099,-21.62096],[165.75078,-21.61974],[165.75256,-21.6181],[165.75593,-21.61929],[165.75691,-21.61859],[165.75784,-21.61728],[165.75868,-21.61529],[165.76058,-21.61436],[165.76254,-21.61281],[165.76417,-21.61204],[165.76525,-21.61202],[165.76666,-21.61111],[165.76977,-21.61018],[165.77187,-21.60871],[165.77186,-21.60665],[165.77153,-21.60573],[165.77307,-21.60435],[165.77406,-21.60396],[165.77408,-21.60294],[165.77512,-21.60136]]]}},{"type":"Feature","id":"fr-commune-98807","properties":{"id":"fr-commune-98807","name":"Hienghène","kind":"commune","center":[164.8356,-20.7333],"code":"98807","department":"988"},"bbox":[164.60654,-20.95959,165.06465,-20.50703],"geometry":{"type":"MultiPolygon","coordinates":[[[[165.02986,-20.71859],[165.02963,-20.71865],[165.02908,-20.71864],[165.02872,-20.71858],[165.0282,-20.71844],[165.02793,-20.71835],[165.02691,-20.71796],[165.02663,-20.71792],[165.02626,-20.71802],[165.02627,-20.71833],[165.02559,-20.71878],[165.02622,-20.71834],[165.02606,-20.71816],[165.02629,-20.71794],[165.02673,-20.71791],[165.02695,-20.71797],[165.02801,-20.71837],[165.02851,-20.71852],[165.02903,-20.71862],[165.02986,-20.71859]]],[[[164.96157,-20.67878],[164.96249,-20.67975],[164.96003,-20.68074],[164.96009,-20.67954],[164.96157,-20.67878]]],[[[164.94431,-20.67196],[164.94659,-20.67289],[164.94701,-20.67483],[164.9453,-20.67481],[164.94341,-20.67533],[164.94249,-20.67509],[164.94169,-20.67411],[164.94026,-20.67387],[164.94214,-20.67213],[164.94431,-20.67196]]],[[[165.05146,-20.66452],[165.04984,-20.66333],[165.04966,-20.66178],[165.05089,-20.66184],[165.05434,-20.66326],[165.0538,-20.66425],[165.05146,-20.66452]]],[[[164.98967,-20.64712],[164.98845,-20.64812],[164.98612,-20.64693],[164.98451,-20.64386],[164.98445,-20.6426],[164.98691,-20.64347],[164.98844,-20.64486],[164.98967,-20.64712]]],[[[164.91664,-20.62638],[164.9165,-20.62564],[164.91749,-20.62442],[164.91851,-20.62442],[164.91869,-20.62619],[164.91664,-20.62638]]],[[[164.93609,-20.62319],[164.93923,-20.62254],[164.94085,-20.62185],[164.9406,-20.62399],[164.93944,-20.62553],[164.93667,-20.62654],[164.93536,-20.62646],[164.93448,-20.62495],[164.93516,-20.62368],[164.93609,-20.62319]]],[[[164.77582,-20.52364],[164.77613,-20.52436],[164.77899,-20.52606],[164.78107,-20.52757],[164.78261,-20.52943],[164.78605,-20.53209],[164.78832,-20.53414],[164.7908,-20.53714],[164.79159,-20.53688],[164.79368,-20.5378],[164.79465,-20.53875],[164.79435,-20.53979],[164.79567,-20.54192],[164.79647,-20.54409],[164.79765,-20.54478],[164.79935,-20.54857],[164.79977,-20.55211],[164.80152,-20.55366],[164.80172,-20.55492],[164.80281,-20.55449],[164.80506,-20.55586],[164.80658,-20.5578],[164.80748,-20.55753],[164.80995,-20.55784],[164.81424,-20.55914],[164.81699,-20.56037],[164.81845,-20.56162],[164.82099,-20.56587],[164.82241,-20.5673],[164.82282,-20.56937],[164.82368,-20.57139],[164.82381,-20.57336],[164.82525,-20.5747],[164.82574,-20.57725],[164.82725,-20.57833],[164.82801,-20.58012],[164.82966,-20.58267],[164.82921,-20.58461],[164.83016,-20.58491],[164.83113,-20.58603],[164.8326,-20.5869],[164.83395,-20.58854],[164.83619,-20.59203],[164.83784,-20.59502],[164.83901,-20.59633],[164.8404,-20.59918],[164.8418,-20.60026],[164.8421,-20.60122],[164.84518,-20.60464],[164.8463,-20.60638],[164.84707,-20.60844],[164.84661,-20.61012],[164.84835,-20.61255],[164.85015,-20.61334],[164.85123,-20.61553],[164.85393,-20.61788],[164.85508,-20.61983],[164.8579,-20.6223],[164.85734,-20.62261],[164.85402,-20.61994],[164.85189,-20.62184],[164.85089,-20.62351],[164.84916,-20.62577],[164.84792,-20.62808],[164.84583,-20.62934],[164.84399,-20.6298],[164.84232,-20.63061],[164.8411,-20.63059],[164.8387,-20.6319],[164.83714,-20.63199],[164.83412,-20.63285],[164.83522,-20.63336],[164.83701,-20.63332],[164.84153,-20.63201],[164.84383,-20.63148],[164.84637,-20.63054],[164.84759,-20.62955],[164.84934,-20.6287],[164.8509,-20.6265],[164.85303,-20.62543],[164.85422,-20.62451],[164.85624,-20.624],[164.8588,-20.62525],[164.86013,-20.62512],[164.86159,-20.62559],[164.86308,-20.62782],[164.86547,-20.62983],[164.86655,-20.63029],[164.86862,-20.63014],[164.87201,-20.6289],[164.87399,-20.62656],[164.875,-20.6264],[164.87671,-20.62767],[164.87881,-20.62778],[164.88058,-20.62919],[164.88173,-20.6296],[164.88436,-20.63145],[164.887,-20.63356],[164.89116,-20.63418],[164.89287,-20.63488],[164.89384,-20.63582],[164.89565,-20.63566],[164.89863,-20.63877],[164.90006,-20.63961],[164.90133,-20.64104],[164.90258,-20.64169],[164.90478,-20.64231],[164.90741,-20.64462],[164.91034,-20.6451],[164.91135,-20.6459],[164.91346,-20.64559],[164.9153,-20.64904],[164.91672,-20.65021],[164.91845,-20.65104],[164.91924,-20.65178],[164.9212,-20.65247],[164.92282,-20.65383],[164.92347,-20.65393],[164.92518,-20.65758],[164.92811,-20.66125],[164.92867,-20.66226],[164.93009,-20.66302],[164.9328,-20.66518],[164.93393,-20.66547],[164.93568,-20.66842],[164.93757,-20.66877],[164.93937,-20.66975],[164.93921,-20.67101],[164.93771,-20.67236],[164.93706,-20.6725],[164.93511,-20.67554],[164.93398,-20.67662],[164.93372,-20.6776],[164.93048,-20.67737],[164.92659,-20.67822],[164.92225,-20.6775],[164.91954,-20.6777],[164.91858,-20.67835],[164.91731,-20.67604],[164.91622,-20.67484],[164.91427,-20.67421],[164.91344,-20.67478],[164.91159,-20.67513],[164.91012,-20.67575],[164.90954,-20.67672],[164.90709,-20.67393],[164.90554,-20.67373],[164.9061,-20.67532],[164.90813,-20.67593],[164.90921,-20.67762],[164.91556,-20.6754],[164.91624,-20.67699],[164.91533,-20.67716],[164.91614,-20.67955],[164.91763,-20.68033],[164.9205,-20.67983],[164.92304,-20.68062],[164.9264,-20.68031],[164.92841,-20.67964],[164.93048,-20.67965],[164.93317,-20.67876],[164.93426,-20.68063],[164.93516,-20.68098],[164.93913,-20.6807],[164.94096,-20.68098],[164.94397,-20.68187],[164.94512,-20.68345],[164.94514,-20.68534],[164.94612,-20.687],[164.94792,-20.68805],[164.94987,-20.68819],[164.94903,-20.68947],[164.94716,-20.68933],[164.94485,-20.68985],[164.9437,-20.69044],[164.9428,-20.69225],[164.94303,-20.69371],[164.94286,-20.69537],[164.94425,-20.69592],[164.94451,-20.69717],[164.94392,-20.69796],[164.94048,-20.69872],[164.93826,-20.6988],[164.93517,-20.69805],[164.9342,-20.69811],[164.93238,-20.70035],[164.93359,-20.70173],[164.93492,-20.70269],[164.93708,-20.70365],[164.93962,-20.70434],[164.94022,-20.70358],[164.9374,-20.70228],[164.93628,-20.7006],[164.94261,-20.70045],[164.94537,-20.6997],[164.94605,-20.69884],[164.94589,-20.69692],[164.94454,-20.69439],[164.94463,-20.69246],[164.94587,-20.69104],[164.94654,-20.6912],[164.94913,-20.69087],[164.9497,-20.69177],[164.95066,-20.69175],[164.95476,-20.69069],[164.95532,-20.69013],[164.95605,-20.68772],[164.95577,-20.68644],[164.95412,-20.68421],[164.95982,-20.68258],[164.96188,-20.68286],[164.96334,-20.68177],[164.96463,-20.68137],[164.96431,-20.68046],[164.9657,-20.67955],[164.96823,-20.67956],[164.97129,-20.67981],[164.97394,-20.68035],[164.97594,-20.68119],[164.97819,-20.68256],[164.97953,-20.68399],[164.9794,-20.68492],[164.98018,-20.68612],[164.98068,-20.68859],[164.98146,-20.68933],[164.98058,-20.69035],[164.97874,-20.68939],[164.97834,-20.688],[164.97598,-20.68692],[164.97307,-20.68639],[164.97163,-20.6858],[164.96988,-20.68558],[164.96945,-20.68414],[164.9668,-20.68382],[164.96723,-20.6848],[164.96886,-20.6863],[164.97039,-20.68723],[164.9719,-20.6875],[164.97391,-20.68716],[164.9749,-20.68929],[164.97835,-20.69104],[164.97986,-20.69151],[164.97961,-20.69336],[164.98275,-20.69526],[164.98241,-20.69714],[164.98297,-20.69825],[164.98477,-20.69733],[164.98659,-20.69772],[164.98738,-20.69733],[164.98886,-20.69794],[164.98967,-20.69763],[164.99073,-20.69929],[164.99219,-20.69948],[164.99395,-20.701],[164.99486,-20.69989],[164.99485,-20.69885],[164.9935,-20.69678],[164.98918,-20.69528],[164.98758,-20.69596],[164.98678,-20.69531],[164.98746,-20.69447],[164.98738,-20.69344],[164.98488,-20.69305],[164.9845,-20.69172],[164.98297,-20.69098],[164.98291,-20.68931],[164.98127,-20.68779],[164.982,-20.68667],[164.98507,-20.68696],[164.98736,-20.68848],[164.9916,-20.69096],[164.99218,-20.69162],[164.99609,-20.69388],[165.00038,-20.69711],[165.00443,-20.69981],[165.00625,-20.70049],[165.00869,-20.70229],[165.01024,-20.70374],[165.01221,-20.70508],[165.01411,-20.70592],[165.01587,-20.70751],[165.01653,-20.70856],[165.01882,-20.70995],[165.02142,-20.71054],[165.0241,-20.71185],[165.0283,-20.71457],[165.03015,-20.71521],[165.02985,-20.71644],[165.02764,-20.71672],[165.02582,-20.71654],[165.02339,-20.71587],[165.0225,-20.71657],[165.02198,-20.71822],[165.02314,-20.72164],[165.0218,-20.72152],[165.02199,-20.72038],[165.02137,-20.71928],[165.02154,-20.71802],[165.0209,-20.71758],[165.01981,-20.71852],[165.01894,-20.71838],[165.01817,-20.71937],[165.02029,-20.72168],[165.02184,-20.72442],[165.02183,-20.72581],[165.02296,-20.72588],[165.02363,-20.72306],[165.02551,-20.7224],[165.02444,-20.72117],[165.02461,-20.71985],[165.02526,-20.71913],[165.02466,-20.7199],[165.02527,-20.72107],[165.02792,-20.72287],[165.02938,-20.72448],[165.0301,-20.72588],[165.03134,-20.72605],[165.03505,-20.72882],[165.03938,-20.73783],[165.03769,-20.73995],[165.03454,-20.74237],[165.03431,-20.74328],[165.03182,-20.74577],[165.02892,-20.74617],[165.02585,-20.74695],[165.02619,-20.74826],[165.02552,-20.74992],[165.02585,-20.75094],[165.02825,-20.75409],[165.03065,-20.75586],[165.03214,-20.75774],[165.03362,-20.75895],[165.03718,-20.76045],[165.03949,-20.7619],[165.0418,-20.76301],[165.04365,-20.7644],[165.0462,-20.76487],[165.04731,-20.76473],[165.0487,-20.76538],[165.05133,-20.76566],[165.05393,-20.76642],[165.05478,-20.76702],[165.0581,-20.77192],[165.05956,-20.77306],[165.06028,-20.77317],[165.06117,-20.77467],[165.06218,-20.77709],[165.061,-20.77986],[165.0615,-20.78141],[165.06344,-20.78263],[165.06465,-20.7837],[165.06449,-20.78614],[165.06221,-20.78819],[165.05791,-20.79116],[165.05602,-20.79042],[165.05374,-20.79052],[165.05273,-20.78989],[165.05173,-20.79056],[165.05009,-20.79064],[165.04977,-20.79176],[165.05034,-20.79222],[165.05168,-20.79449],[165.05202,-20.79685],[165.05096,-20.79756],[165.05108,-20.80065],[165.0491,-20.80393],[165.04889,-20.80567],[165.04734,-20.80609],[165.04611,-20.80694],[165.04415,-20.8108],[165.04326,-20.81198],[165.04459,-20.81422],[165.04565,-20.81782],[165.04348,-20.82151],[165.04142,-20.82275],[165.03958,-20.82503],[165.03884,-20.82484],[165.03814,-20.82684],[165.03559,-20.82867],[165.03477,-20.82857],[165.03307,-20.82943],[165.03144,-20.82925],[165.02935,-20.82999],[165.02844,-20.83076],[165.02712,-20.83077],[165.02539,-20.83133],[165.02063,-20.8295],[165.01922,-20.82969],[165.01852,-20.83041],[165.01646,-20.83092],[165.0153,-20.83075],[165.01407,-20.8314],[165.0111,-20.83211],[165.00797,-20.83235],[165.00637,-20.83198],[165.00533,-20.83272],[165.00431,-20.83408],[165.00212,-20.83421],[165.00145,-20.83486],[164.99926,-20.8346],[164.99784,-20.83513],[164.99652,-20.83693],[164.9936,-20.83816],[164.99308,-20.83946],[164.99486,-20.84171],[164.99566,-20.84351],[164.99563,-20.84488],[164.99358,-20.8473],[164.99306,-20.84834],[164.99458,-20.84937],[164.99529,-20.8508],[164.99497,-20.85347],[164.99573,-20.85383],[164.99706,-20.85611],[164.99757,-20.85904],[164.9983,-20.85987],[164.99833,-20.86088],[165.00004,-20.86219],[165.00029,-20.86466],[165.0007,-20.86527],[164.99894,-20.86766],[164.99872,-20.87052],[165.0001,-20.87157],[165.00104,-20.87342],[165.00385,-20.87363],[165.00425,-20.87425],[165.00267,-20.87778],[165.00342,-20.87931],[165.00197,-20.88215],[165.00119,-20.88219],[165.00064,-20.88325],[165.00083,-20.88587],[165.0003,-20.88758],[165.00146,-20.88867],[165.00154,-20.88973],[164.99957,-20.89121],[164.99901,-20.89234],[164.9986,-20.89531],[164.9997,-20.89721],[165.00185,-20.89876],[165.00191,-20.89994],[164.99875,-20.90104],[164.99547,-20.90024],[164.99386,-20.90127],[164.99182,-20.90156],[164.99039,-20.9014],[164.9885,-20.90181],[164.98814,-20.90264],[164.98644,-20.90307],[164.98519,-20.90281],[164.98309,-20.90299],[164.9805,-20.90387],[164.97821,-20.90367],[164.97726,-20.90452],[164.97665,-20.90583],[164.97516,-20.90696],[164.97482,-20.90855],[164.97489,-20.91008],[164.97364,-20.91157],[164.97455,-20.91626],[164.97344,-20.91797],[164.9724,-20.91883],[164.9721,-20.92027],[164.9696,-20.92381],[164.9704,-20.92586],[164.97028,-20.92681],[164.96921,-20.92841],[164.96928,-20.92944],[164.97078,-20.93139],[164.97194,-20.93389],[164.97107,-20.93686],[164.97111,-20.93773],[164.97213,-20.93964],[164.97341,-20.94081],[164.97319,-20.9416],[164.97377,-20.94297],[164.97345,-20.94386],[164.97468,-20.94581],[164.97466,-20.9467],[164.97602,-20.9477],[164.97606,-20.9502],[164.97636,-20.95278],[164.97788,-20.95543],[164.97618,-20.95616],[164.97404,-20.95599],[164.97127,-20.95853],[164.97048,-20.95861],[164.96824,-20.95707],[164.96615,-20.95717],[164.96298,-20.95619],[164.96058,-20.95666],[164.95866,-20.9574],[164.95838,-20.95821],[164.95711,-20.95872],[164.95475,-20.9584],[164.95442,-20.95959],[164.9522,-20.95899],[164.94853,-20.959],[164.948,-20.9585],[164.94495,-20.9589],[164.94376,-20.95841],[164.94241,-20.95904],[164.94089,-20.95805],[164.93794,-20.95806],[164.93681,-20.95711],[164.93502,-20.95898],[164.93113,-20.95641],[164.93073,-20.95541],[164.92881,-20.95482],[164.92856,-20.95408],[164.92655,-20.95293],[164.92428,-20.95015],[164.92381,-20.94843],[164.92312,-20.94739],[164.92388,-20.94555],[164.92167,-20.94263],[164.92145,-20.94048],[164.921,-20.93944],[164.92125,-20.93626],[164.92172,-20.93547],[164.92109,-20.93442],[164.92011,-20.93158],[164.91889,-20.93047],[164.91918,-20.9285],[164.91834,-20.92807],[164.91768,-20.92672],[164.91613,-20.92614],[164.91413,-20.92671],[164.91384,-20.92513],[164.91311,-20.92472],[164.91256,-20.92346],[164.91351,-20.92147],[164.91359,-20.91936],[164.91276,-20.91728],[164.91357,-20.9153],[164.91258,-20.91437],[164.91353,-20.91319],[164.91374,-20.91159],[164.91316,-20.91084],[164.91091,-20.90998],[164.90721,-20.9112],[164.90591,-20.91218],[164.90447,-20.91375],[164.90334,-20.91304],[164.90165,-20.91125],[164.89899,-20.90979],[164.89717,-20.90916],[164.89555,-20.90736],[164.89358,-20.90645],[164.8914,-20.90634],[164.89056,-20.90599],[164.88905,-20.90458],[164.88747,-20.90466],[164.88709,-20.90333],[164.88474,-20.90254],[164.88325,-20.89946],[164.88223,-20.89882],[164.88037,-20.89831],[164.87953,-20.89652],[164.8783,-20.89569],[164.87576,-20.89555],[164.87222,-20.89341],[164.8714,-20.89061],[164.86871,-20.88811],[164.8675,-20.88646],[164.86697,-20.88305],[164.86756,-20.88096],[164.86679,-20.878],[164.86709,-20.87673],[164.86684,-20.8754],[164.86737,-20.8734],[164.86736,-20.87184],[164.86673,-20.87051],[164.86555,-20.8692],[164.86395,-20.86823],[164.86262,-20.86656],[164.86012,-20.86617],[164.8591,-20.86675],[164.85503,-20.86593],[164.85369,-20.86695],[164.85119,-20.86626],[164.85023,-20.86561],[164.8515,-20.86314],[164.8518,-20.86086],[164.85147,-20.85838],[164.84989,-20.85676],[164.85089,-20.85341],[164.85072,-20.85204],[164.85144,-20.85078],[164.85145,-20.84761],[164.85096,-20.84644],[164.85131,-20.84525],[164.85104,-20.84384],[164.85174,-20.8429],[164.85527,-20.84053],[164.85629,-20.84037],[164.85816,-20.83937],[164.85911,-20.83847],[164.8616,-20.83762],[164.86289,-20.83743],[164.86421,-20.83645],[164.86426,-20.83518],[164.86513,-20.83389],[164.8657,-20.83217],[164.8674,-20.82967],[164.8671,-20.82588],[164.86597,-20.82551],[164.86465,-20.82408],[164.86477,-20.82296],[164.86311,-20.82093],[164.86308,-20.81982],[164.8611,-20.81786],[164.85988,-20.81616],[164.85892,-20.8134],[164.8586,-20.81133],[164.85804,-20.81014],[164.85656,-20.80818],[164.85778,-20.80714],[164.85819,-20.80556],[164.85764,-20.80456],[164.85772,-20.80336],[164.85716,-20.80189],[164.85926,-20.80123],[164.85973,-20.79908],[164.86151,-20.79781],[164.86035,-20.79478],[164.86244,-20.79103],[164.86269,-20.78819],[164.86229,-20.78686],[164.8611,-20.7867],[164.85986,-20.78548],[164.85976,-20.78422],[164.86021,-20.78228],[164.8563,-20.78204],[164.85515,-20.78096],[164.8538,-20.78065],[164.85295,-20.781],[164.85119,-20.78063],[164.85075,-20.77966],[164.84977,-20.77926],[164.84768,-20.77604],[164.8476,-20.77458],[164.84632,-20.7729],[164.84368,-20.77262],[164.84157,-20.77183],[164.83881,-20.77181],[164.83475,-20.77108],[164.83254,-20.77111],[164.83106,-20.76933],[164.82893,-20.76585],[164.82673,-20.76464],[164.82521,-20.76467],[164.82403,-20.76349],[164.82283,-20.76128],[164.82375,-20.75806],[164.82321,-20.75727],[164.82173,-20.7537],[164.81909,-20.75363],[164.8181,-20.75241],[164.81498,-20.75102],[164.81412,-20.75154],[164.81255,-20.75336],[164.81065,-20.7546],[164.80853,-20.75532],[164.80705,-20.75389],[164.80349,-20.75136],[164.80227,-20.74985],[164.80015,-20.74934],[164.79885,-20.7487],[164.79789,-20.74744],[164.79558,-20.74606],[164.79301,-20.74572],[164.79155,-20.74499],[164.7882,-20.74443],[164.78641,-20.74393],[164.78498,-20.74267],[164.78227,-20.74197],[164.77925,-20.73967],[164.77534,-20.7397],[164.77305,-20.73936],[164.77045,-20.73795],[164.76722,-20.73797],[164.76593,-20.73749],[164.76454,-20.73793],[164.76271,-20.73778],[164.76157,-20.73877],[164.75961,-20.73944],[164.75739,-20.7387],[164.75475,-20.73834],[164.75361,-20.73505],[164.75391,-20.7344],[164.75311,-20.73315],[164.74934,-20.73036],[164.74867,-20.72902],[164.74781,-20.72883],[164.74617,-20.72923],[164.74472,-20.72733],[164.74294,-20.72872],[164.74164,-20.72887],[164.74051,-20.72808],[164.73612,-20.72754],[164.73475,-20.72794],[164.73259,-20.72683],[164.73056,-20.72647],[164.72766,-20.72636],[164.72697,-20.72555],[164.725,-20.72487],[164.72365,-20.72506],[164.72239,-20.726],[164.72068,-20.72633],[164.71891,-20.72573],[164.71859,-20.72479],[164.71708,-20.72421],[164.71668,-20.72183],[164.71487,-20.71969],[164.71398,-20.71998],[164.71299,-20.71897],[164.71087,-20.71793],[164.71004,-20.71812],[164.70795,-20.71767],[164.7069,-20.71605],[164.707,-20.71396],[164.70614,-20.71319],[164.70554,-20.71158],[164.7035,-20.71126],[164.70128,-20.71001],[164.69984,-20.7102],[164.69891,-20.70966],[164.69849,-20.70849],[164.69761,-20.70798],[164.69586,-20.70837],[164.69308,-20.70777],[164.69009,-20.70776],[164.68715,-20.7075],[164.68414,-20.70809],[164.68297,-20.70864],[164.67815,-20.70578],[164.67583,-20.70546],[164.67438,-20.70578],[164.67319,-20.70547],[164.6721,-20.70578],[164.66959,-20.70427],[164.66584,-20.70333],[164.66471,-20.70317],[164.66142,-20.70355],[164.65983,-20.70432],[164.65814,-20.70442],[164.65618,-20.7027],[164.65582,-20.70183],[164.65442,-20.70159],[164.6534,-20.70208],[164.65114,-20.70024],[164.64885,-20.69927],[164.64824,-20.69739],[164.64715,-20.69599],[164.64562,-20.69601],[164.64369,-20.69535],[164.64278,-20.69539],[164.638,-20.69302],[164.63628,-20.69286],[164.63458,-20.69145],[164.63405,-20.69051],[164.63186,-20.68997],[164.62759,-20.69099],[164.62602,-20.68974],[164.62498,-20.68844],[164.6253,-20.68759],[164.6252,-20.68548],[164.62462,-20.68485],[164.62448,-20.68274],[164.62495,-20.68128],[164.62417,-20.67801],[164.6243,-20.67684],[164.62336,-20.67592],[164.62328,-20.67375],[164.62367,-20.67176],[164.62336,-20.67114],[164.62388,-20.66952],[164.6211,-20.66762],[164.61989,-20.66722],[164.61852,-20.66742],[164.61562,-20.66602],[164.61287,-20.66517],[164.61326,-20.66389],[164.6128,-20.66271],[164.61143,-20.6615],[164.61265,-20.65934],[164.61288,-20.65808],[164.61639,-20.65538],[164.61756,-20.65383],[164.61819,-20.65225],[164.61936,-20.65115],[164.61962,-20.64889],[164.62215,-20.64848],[164.6238,-20.6463],[164.62563,-20.64536],[164.62577,-20.64403],[164.62769,-20.64161],[164.62797,-20.64045],[164.62883,-20.63919],[164.62635,-20.63706],[164.6247,-20.6367],[164.62224,-20.63693],[164.62026,-20.63541],[164.61716,-20.63441],[164.61643,-20.63338],[164.61519,-20.63332],[164.61464,-20.6326],[164.61226,-20.6314],[164.61059,-20.63117],[164.60936,-20.62997],[164.60837,-20.62792],[164.60841,-20.62685],[164.60692,-20.62506],[164.60654,-20.62306],[164.60797,-20.62082],[164.60786,-20.61979],[164.60959,-20.61847],[164.61078,-20.61862],[164.61218,-20.61743],[164.61348,-20.61723],[164.61717,-20.6177],[164.6179,-20.61721],[164.62034,-20.61814],[164.62246,-20.61774],[164.6239,-20.6181],[164.62659,-20.61941],[164.62762,-20.61961],[164.63029,-20.61954],[164.63184,-20.61999],[164.63283,-20.62127],[164.63486,-20.62158],[164.63628,-20.62144],[164.63792,-20.6192],[164.63905,-20.61883],[164.63924,-20.61778],[164.64055,-20.61692],[164.64162,-20.61544],[164.64167,-20.61326],[164.64293,-20.61327],[164.64477,-20.61472],[164.64609,-20.61507],[164.6467,-20.61298],[164.64871,-20.61292],[164.65021,-20.61369],[164.65332,-20.61347],[164.65974,-20.60755],[164.67585,-20.60269],[164.6766,-20.59875],[164.67547,-20.59794],[164.67258,-20.59771],[164.67096,-20.59841],[164.66918,-20.59831],[164.66689,-20.59681],[164.66697,-20.59589],[164.66983,-20.59468],[164.67031,-20.59277],[164.67263,-20.59166],[164.67311,-20.58948],[164.67079,-20.5879],[164.6702,-20.58666],[164.66919,-20.58599],[164.66871,-20.58454],[164.66755,-20.58367],[164.66662,-20.58171],[164.66551,-20.58104],[164.66401,-20.57947],[164.66252,-20.57832],[164.66087,-20.57546],[164.66352,-20.57397],[164.66597,-20.57085],[164.666,-20.56841],[164.66708,-20.56655],[164.6668,-20.56568],[164.66775,-20.56424],[164.66741,-20.56103],[164.668,-20.56006],[164.66734,-20.55803],[164.66668,-20.5571],[164.66691,-20.55476],[164.66741,-20.55336],[164.66537,-20.55134],[164.66504,-20.55005],[164.66344,-20.54942],[164.66277,-20.54782],[164.66233,-20.54738],[164.66112,-20.54437],[164.66028,-20.54318],[164.66009,-20.54189],[164.66118,-20.54055],[164.66045,-20.5387],[164.6603,-20.53689],[164.65935,-20.53511],[164.65962,-20.5336],[164.66043,-20.53278],[164.66022,-20.53139],[164.66073,-20.52983],[164.6622,-20.52883],[164.66421,-20.5292],[164.66513,-20.52981],[164.66655,-20.5286],[164.6679,-20.52841],[164.66856,-20.52764],[164.67143,-20.52594],[164.67304,-20.52408],[164.67329,-20.52096],[164.6741,-20.51872],[164.67536,-20.51747],[164.67734,-20.51655],[164.67841,-20.51688],[164.68006,-20.51612],[164.68148,-20.51606],[164.68388,-20.51477],[164.68465,-20.51324],[164.68637,-20.51248],[164.68849,-20.51232],[164.69033,-20.51081],[164.69181,-20.5086],[164.69253,-20.50797],[164.69581,-20.50703],[164.69926,-20.5091],[164.70222,-20.51136],[164.70246,-20.51362],[164.70761,-20.51472],[164.70843,-20.51503],[164.7121,-20.51467],[164.71349,-20.51524],[164.71617,-20.51584],[164.71697,-20.51665],[164.71889,-20.51696],[164.72029,-20.51757],[164.72051,-20.51825],[164.72468,-20.51972],[164.7248,-20.5208],[164.72777,-20.52303],[164.7277,-20.5243],[164.73019,-20.52753],[164.73079,-20.5289],[164.73083,-20.53107],[164.73116,-20.53138],[164.73455,-20.53054],[164.7358,-20.53062],[164.73702,-20.53158],[164.73775,-20.53138],[164.73923,-20.53303],[164.73987,-20.53493],[164.74208,-20.53687],[164.74321,-20.53675],[164.74403,-20.53787],[164.74662,-20.53977],[164.74964,-20.54127],[164.75087,-20.54287],[164.75286,-20.54432],[164.75318,-20.54627],[164.75422,-20.54722],[164.75536,-20.54673],[164.75629,-20.5457],[164.75777,-20.54486],[164.7588,-20.54212],[164.75977,-20.54046],[164.76034,-20.53837],[164.76121,-20.53679],[164.76287,-20.53466],[164.76503,-20.53276],[164.76931,-20.53138],[164.76952,-20.52999],[164.77172,-20.52738],[164.77255,-20.5255],[164.7737,-20.52441],[164.77582,-20.52364]]]]}},{"type":"Feature","id":"fr-commune-98808","properties":{"id":"fr-commune-98808","name":"Houaïlou","kind":"commune","center":[165.5605,-21.3189],"code":"98808","department":"988"},"bbox":[165.33165,-21.50056,165.78929,-21.13731],"geometry":{"type":"MultiPolygon","coordinates":[[[[165.78097,-21.33205],[165.78452,-21.33161],[165.7839,-21.33476],[165.78312,-21.33454],[165.7836,-21.33324],[165.78301,-21.33255],[165.78097,-21.33205]]],[[[165.64088,-21.28493],[165.64197,-21.28552],[165.64219,-21.28672],[165.64149,-21.28708],[165.64023,-21.28524],[165.63897,-21.28458],[165.63895,-21.28321],[165.64008,-21.28306],[165.64088,-21.28493]]],[[[165.63346,-21.27185],[165.63378,-21.27443],[165.63232,-21.27344],[165.63346,-21.27185]]],[[[165.63854,-21.27262],[165.63781,-21.27342],[165.63753,-21.27504],[165.63568,-21.27538],[165.63496,-21.27495],[165.63401,-21.27299],[165.63427,-21.27216],[165.63609,-21.27123],[165.63844,-21.27176],[165.63854,-21.27262]]],[[[165.62382,-21.27129],[165.62331,-21.27235],[165.62471,-21.27264],[165.62535,-21.27194],[165.62546,-21.27078],[165.62733,-21.26856],[165.62835,-21.2712],[165.62995,-21.27098],[165.63102,-21.27192],[165.62985,-21.27414],[165.6271,-21.27493],[165.62375,-21.27484],[165.62011,-21.27367],[165.62081,-21.27143],[165.62179,-21.2709],[165.62382,-21.27129]]],[[[165.63265,-21.26767],[165.63502,-21.26917],[165.63506,-21.2696],[165.6318,-21.27068],[165.63057,-21.26837],[165.63096,-21.26603],[165.63265,-21.26767]]],[[[165.62548,-21.262],[165.6298,-21.26515],[165.62894,-21.26576],[165.62921,-21.26742],[165.62823,-21.26751],[165.62754,-21.26556],[165.62603,-21.26333],[165.62548,-21.262]]],[[[165.5488,-21.18662],[165.55087,-21.18758],[165.54994,-21.18806],[165.5488,-21.18662]]],[[[165.54841,-21.13917],[165.54881,-21.1398],[165.54724,-21.1405],[165.5457,-21.14173],[165.54446,-21.14385],[165.54335,-21.14388],[165.54218,-21.14515],[165.54014,-21.14604],[165.53947,-21.14599],[165.53782,-21.14806],[165.53634,-21.14865],[165.53577,-21.15008],[165.53647,-21.15177],[165.53804,-21.15312],[165.54022,-21.15429],[165.54174,-21.15439],[165.54372,-21.15368],[165.54553,-21.15091],[165.54763,-21.14944],[165.54857,-21.14991],[165.5514,-21.14961],[165.55368,-21.14888],[165.55455,-21.14827],[165.55576,-21.14664],[165.55731,-21.14632],[165.56094,-21.14796],[165.5632,-21.15023],[165.56503,-21.15178],[165.56876,-21.15627],[165.57481,-21.16198],[165.57557,-21.16308],[165.57872,-21.16631],[165.57946,-21.16659],[165.58235,-21.16878],[165.58385,-21.16966],[165.58454,-21.17055],[165.58943,-21.17282],[165.59292,-21.17381],[165.59448,-21.17499],[165.59611,-21.17553],[165.59707,-21.17652],[165.59863,-21.17719],[165.60097,-21.17722],[165.60294,-21.178],[165.60512,-21.17945],[165.60984,-21.18131],[165.61076,-21.18309],[165.61127,-21.18724],[165.61175,-21.18879],[165.61218,-21.19156],[165.61377,-21.1932],[165.61439,-21.19342],[165.61635,-21.19621],[165.61664,-21.19745],[165.61741,-21.1983],[165.6181,-21.20114],[165.61808,-21.20256],[165.61898,-21.20427],[165.61455,-21.20668],[165.61318,-21.20696],[165.61164,-21.20802],[165.61022,-21.20847],[165.60831,-21.20787],[165.60722,-21.20803],[165.60534,-21.20745],[165.60345,-21.20721],[165.6027,-21.20654],[165.5996,-21.20722],[165.59858,-21.20557],[165.59642,-21.2037],[165.59369,-21.20324],[165.59342,-21.20203],[165.59108,-21.20149],[165.58962,-21.20178],[165.58837,-21.20106],[165.58676,-21.1991],[165.5827,-21.19818],[165.58192,-21.1961],[165.58073,-21.19571],[165.57894,-21.19584],[165.5769,-21.19519],[165.57483,-21.19376],[165.57241,-21.19369],[165.57218,-21.19263],[165.57039,-21.19244],[165.56888,-21.19322],[165.56787,-21.19288],[165.56759,-21.19101],[165.56701,-21.18941],[165.56578,-21.18869],[165.56422,-21.18715],[165.56296,-21.18506],[165.56036,-21.18387],[165.55987,-21.18298],[165.55889,-21.18289],[165.55715,-21.18344],[165.55626,-21.18215],[165.55473,-21.18161],[165.5518,-21.18129],[165.5497,-21.18315],[165.54836,-21.18628],[165.54762,-21.18674],[165.54727,-21.18876],[165.54801,-21.18959],[165.54957,-21.18962],[165.55086,-21.19069],[165.55066,-21.19196],[165.55113,-21.1926],[165.5531,-21.19396],[165.55672,-21.19475],[165.557,-21.19542],[165.55874,-21.19436],[165.55933,-21.19444],[165.55958,-21.19609],[165.56093,-21.19666],[165.56561,-21.20021],[165.56696,-21.20085],[165.56869,-21.20222],[165.5692,-21.20162],[165.57067,-21.20173],[165.57333,-21.20486],[165.57458,-21.20549],[165.57601,-21.20685],[165.57707,-21.20831],[165.58007,-21.20959],[165.58134,-21.21049],[165.58257,-21.21268],[165.58384,-21.21351],[165.58746,-21.21478],[165.59091,-21.217],[165.59255,-21.21837],[165.5946,-21.21875],[165.59876,-21.22215],[165.60021,-21.22403],[165.60125,-21.22479],[165.6018,-21.22731],[165.60335,-21.23257],[165.6052,-21.23647],[165.60799,-21.24012],[165.61261,-21.24456],[165.61466,-21.24571],[165.61463,-21.24644],[165.61276,-21.2478],[165.61255,-21.24927],[165.61327,-21.25076],[165.61472,-21.24927],[165.61544,-21.24922],[165.61605,-21.25163],[165.61787,-21.25523],[165.61987,-21.25758],[165.62208,-21.25934],[165.62462,-21.2609],[165.62388,-21.26179],[165.62476,-21.26494],[165.62571,-21.26567],[165.62673,-21.26552],[165.62743,-21.26653],[165.62428,-21.27087],[165.62228,-21.27038],[165.61989,-21.2712],[165.61931,-21.27276],[165.61865,-21.2734],[165.61818,-21.27501],[165.62005,-21.27503],[165.62294,-21.27587],[165.62314,-21.27695],[165.62463,-21.27611],[165.62558,-21.27631],[165.63049,-21.27519],[165.63219,-21.27339],[165.63332,-21.27481],[165.63402,-21.27456],[165.63473,-21.27573],[165.63721,-21.27529],[165.63646,-21.27797],[165.63678,-21.27933],[165.63751,-21.2805],[165.63937,-21.28237],[165.63839,-21.28361],[165.63857,-21.28446],[165.64054,-21.28577],[165.64159,-21.28723],[165.6424,-21.28667],[165.64246,-21.28537],[165.64117,-21.28465],[165.64068,-21.28303],[165.63945,-21.28184],[165.63748,-21.27943],[165.6372,-21.2778],[165.63799,-21.27536],[165.63978,-21.27482],[165.6408,-21.27327],[165.63961,-21.27135],[165.63942,-21.27023],[165.64013,-21.26968],[165.64154,-21.2702],[165.64299,-21.2714],[165.64487,-21.2719],[165.64665,-21.27349],[165.64743,-21.27532],[165.64864,-21.27665],[165.64989,-21.2772],[165.65037,-21.27827],[165.65143,-21.27873],[165.65432,-21.27828],[165.6555,-21.27864],[165.65809,-21.27883],[165.65999,-21.28031],[165.66113,-21.28153],[165.66287,-21.28263],[165.66446,-21.28315],[165.6664,-21.2831],[165.66804,-21.28493],[165.66976,-21.28543],[165.67083,-21.28536],[165.67288,-21.2865],[165.67427,-21.28669],[165.67612,-21.28615],[165.68111,-21.28682],[165.6829,-21.28638],[165.68551,-21.2869],[165.6885,-21.28533],[165.69084,-21.28485],[165.69244,-21.28483],[165.69492,-21.28607],[165.69701,-21.28677],[165.69832,-21.28801],[165.70147,-21.28998],[165.70348,-21.29044],[165.70468,-21.29198],[165.70693,-21.29404],[165.70945,-21.29793],[165.71017,-21.29957],[165.7122,-21.30169],[165.71221,-21.30214],[165.71476,-21.30377],[165.71696,-21.30382],[165.71886,-21.30324],[165.72137,-21.30321],[165.7223,-21.30167],[165.72387,-21.30074],[165.72467,-21.30106],[165.72788,-21.30035],[165.73059,-21.2993],[165.73232,-21.29825],[165.73343,-21.29828],[165.73494,-21.29764],[165.73661,-21.2975],[165.73882,-21.29585],[165.73949,-21.29421],[165.74038,-21.29507],[165.74114,-21.29676],[165.74316,-21.29848],[165.74585,-21.29838],[165.74851,-21.29795],[165.75136,-21.29894],[165.75313,-21.29839],[165.75683,-21.29869],[165.75756,-21.29848],[165.75994,-21.29934],[165.76017,-21.30094],[165.76202,-21.30231],[165.76374,-21.30463],[165.76445,-21.30489],[165.76589,-21.30679],[165.76738,-21.30748],[165.76988,-21.31036],[165.77161,-21.31165],[165.77243,-21.31307],[165.77334,-21.31336],[165.77394,-21.31458],[165.77523,-21.31543],[165.77613,-21.31718],[165.77785,-21.31867],[165.77974,-21.31959],[165.78049,-21.32058],[165.78169,-21.32133],[165.78106,-21.32364],[165.78174,-21.32493],[165.785,-21.32859],[165.78383,-21.32995],[165.78167,-21.33086],[165.7803,-21.3311],[165.78024,-21.33308],[165.78307,-21.33292],[165.78277,-21.33455],[165.78417,-21.33498],[165.78479,-21.33418],[165.78485,-21.33214],[165.78564,-21.33206],[165.78643,-21.33099],[165.78725,-21.33569],[165.78828,-21.33954],[165.78929,-21.34132],[165.78783,-21.34191],[165.78664,-21.34433],[165.78539,-21.34509],[165.78375,-21.3483],[165.78291,-21.34891],[165.77953,-21.3495],[165.77962,-21.35137],[165.77858,-21.35195],[165.77682,-21.35368],[165.77488,-21.35372],[165.77232,-21.35593],[165.77042,-21.35589],[165.76968,-21.35475],[165.76754,-21.35433],[165.76673,-21.35511],[165.76519,-21.35451],[165.76262,-21.35622],[165.76064,-21.35691],[165.75939,-21.35664],[165.75877,-21.35741],[165.75709,-21.35765],[165.75468,-21.3588],[165.75371,-21.35887],[165.75073,-21.36047],[165.7499,-21.36002],[165.74594,-21.36211],[165.74418,-21.36202],[165.74096,-21.36289],[165.73988,-21.36266],[165.73848,-21.36432],[165.73885,-21.36552],[165.74017,-21.36614],[165.741,-21.36796],[165.74181,-21.36888],[165.74198,-21.37027],[165.74122,-21.37173],[165.74111,-21.37364],[165.74261,-21.37503],[165.74446,-21.3755],[165.74617,-21.37736],[165.74709,-21.37892],[165.74631,-21.38025],[165.74547,-21.38309],[165.74576,-21.38486],[165.74521,-21.38634],[165.74367,-21.38692],[165.74232,-21.38676],[165.7404,-21.38832],[165.73634,-21.38875],[165.73471,-21.38923],[165.73339,-21.39229],[165.73255,-21.39345],[165.73075,-21.39483],[165.72916,-21.39533],[165.7265,-21.39659],[165.72592,-21.3981],[165.72462,-21.39835],[165.72324,-21.40169],[165.72255,-21.40251],[165.72052,-21.40334],[165.71836,-21.40571],[165.71688,-21.40828],[165.71532,-21.40886],[165.71406,-21.41116],[165.71105,-21.4128],[165.70964,-21.41236],[165.70871,-21.41365],[165.70738,-21.41377],[165.70673,-21.41489],[165.70722,-21.41721],[165.70654,-21.41975],[165.7052,-21.42104],[165.7032,-21.42203],[165.7036,-21.42415],[165.70288,-21.42457],[165.70255,-21.42598],[165.70297,-21.42679],[165.70406,-21.42725],[165.70373,-21.42893],[165.70277,-21.43028],[165.70323,-21.43196],[165.70269,-21.43451],[165.70297,-21.43603],[165.70482,-21.43724],[165.705,-21.43776],[165.70403,-21.43964],[165.70303,-21.43989],[165.7023,-21.4418],[165.70125,-21.44245],[165.70154,-21.44375],[165.69992,-21.4453],[165.69901,-21.44882],[165.69812,-21.45062],[165.69662,-21.45218],[165.69623,-21.4536],[165.69437,-21.45515],[165.69383,-21.45659],[165.69305,-21.45721],[165.69036,-21.45774],[165.68957,-21.45738],[165.68773,-21.45885],[165.68592,-21.4588],[165.68285,-21.46076],[165.68188,-21.45996],[165.68002,-21.45958],[165.6792,-21.46001],[165.67754,-21.45886],[165.67508,-21.45918],[165.67224,-21.46102],[165.67016,-21.46151],[165.66733,-21.46123],[165.66551,-21.46055],[165.66292,-21.46093],[165.66201,-21.46082],[165.65943,-21.46216],[165.65871,-21.46365],[165.65752,-21.46443],[165.65773,-21.46554],[165.65577,-21.46636],[165.6555,-21.46785],[165.65318,-21.46913],[165.65335,-21.47038],[165.65219,-21.47092],[165.65016,-21.47066],[165.64898,-21.47205],[165.64724,-21.47241],[165.64654,-21.47396],[165.64491,-21.47615],[165.6426,-21.47608],[165.64187,-21.47671],[165.6402,-21.47688],[165.6388,-21.47966],[165.63693,-21.4804],[165.63676,-21.4816],[165.63748,-21.48359],[165.6372,-21.48407],[165.63932,-21.48892],[165.63888,-21.48977],[165.63753,-21.4906],[165.63681,-21.49222],[165.63572,-21.49303],[165.63368,-21.49558],[165.63337,-21.49699],[165.63212,-21.4995],[165.63157,-21.49992],[165.62913,-21.50056],[165.6271,-21.49991],[165.62388,-21.49895],[165.62241,-21.49673],[165.62213,-21.49482],[165.6229,-21.49322],[165.62066,-21.49127],[165.62047,-21.4898],[165.61939,-21.48837],[165.61765,-21.48736],[165.61706,-21.48639],[165.61552,-21.48516],[165.61445,-21.48385],[165.61213,-21.48239],[165.60923,-21.48081],[165.60638,-21.48031],[165.60461,-21.479],[165.6037,-21.4788],[165.60308,-21.47785],[165.60158,-21.4776],[165.59944,-21.47593],[165.59823,-21.47392],[165.59878,-21.47188],[165.59683,-21.47177],[165.59455,-21.47196],[165.59245,-21.47144],[165.59087,-21.47045],[165.5888,-21.47211],[165.5873,-21.47378],[165.58562,-21.47367],[165.5831,-21.47451],[165.58223,-21.47444],[165.57835,-21.47217],[165.57552,-21.47116],[165.57454,-21.47245],[165.57342,-21.4727],[165.57147,-21.47233],[165.57098,-21.4716],[165.57066,-21.46951],[165.56857,-21.46703],[165.56581,-21.46711],[165.56425,-21.4654],[165.56414,-21.46469],[165.56294,-21.46337],[165.56325,-21.46247],[165.56297,-21.4609],[165.56485,-21.45779],[165.56659,-21.45846],[165.56753,-21.45485],[165.56917,-21.45371],[165.56976,-21.45261],[165.5728,-21.45031],[165.57315,-21.44923],[165.57333,-21.4468],[165.57196,-21.44556],[165.57158,-21.44411],[165.56852,-21.44221],[165.56688,-21.44215],[165.56587,-21.44154],[165.56508,-21.44198],[165.5634,-21.44401],[165.5623,-21.44436],[165.56193,-21.44329],[165.56035,-21.44187],[165.56037,-21.43909],[165.5599,-21.43805],[165.55986,-21.43659],[165.5609,-21.43484],[165.5604,-21.43367],[165.55899,-21.43367],[165.55761,-21.43294],[165.55604,-21.43255],[165.55726,-21.43161],[165.55742,-21.42953],[165.55648,-21.42816],[165.55462,-21.42732],[165.55036,-21.42681],[165.54925,-21.42692],[165.54844,-21.4263],[165.54765,-21.42484],[165.54587,-21.42433],[165.54561,-21.42304],[165.54405,-21.42406],[165.54351,-21.42284],[165.54179,-21.42185],[165.54023,-21.42181],[165.54022,-21.42036],[165.53886,-21.42018],[165.53763,-21.41947],[165.53628,-21.42025],[165.53437,-21.41952],[165.53289,-21.42019],[165.53218,-21.42146],[165.53099,-21.42051],[165.52928,-21.42065],[165.5283,-21.42111],[165.52631,-21.42097],[165.52514,-21.42244],[165.52299,-21.42318],[165.52271,-21.42597],[165.52189,-21.42735],[165.52186,-21.42819],[165.52,-21.42857],[165.51937,-21.42936],[165.51816,-21.42916],[165.51723,-21.4304],[165.515,-21.42985],[165.51357,-21.43022],[165.51149,-21.42706],[165.51033,-21.42576],[165.50822,-21.42547],[165.5067,-21.42433],[165.50537,-21.42242],[165.50401,-21.422],[165.50365,-21.41963],[165.50239,-21.41822],[165.502,-21.41666],[165.50066,-21.41562],[165.50114,-21.41465],[165.50006,-21.41293],[165.49758,-21.41268],[165.49653,-21.41216],[165.49445,-21.412],[165.49211,-21.41092],[165.49105,-21.41016],[165.48963,-21.41037],[165.48866,-21.41192],[165.48717,-21.41261],[165.48662,-21.41169],[165.48484,-21.4119],[165.48357,-21.40963],[165.48163,-21.40776],[165.48117,-21.4068],[165.4799,-21.40668],[165.47764,-21.40921],[165.47663,-21.40923],[165.47445,-21.41216],[165.47317,-21.41281],[165.47171,-21.41479],[165.47092,-21.41519],[165.47122,-21.4168],[165.47041,-21.41807],[165.46794,-21.41862],[165.4667,-21.41951],[165.46594,-21.4206],[165.46598,-21.42365],[165.46555,-21.42416],[165.46242,-21.42507],[165.46123,-21.42634],[165.45868,-21.42672],[165.45717,-21.42851],[165.45645,-21.42889],[165.45634,-21.43058],[165.45499,-21.43108],[165.45315,-21.4308],[165.45179,-21.43175],[165.45096,-21.4328],[165.44886,-21.43291],[165.44669,-21.4314],[165.44474,-21.43137],[165.44254,-21.43207],[165.44248,-21.43384],[165.44103,-21.43616],[165.44017,-21.43695],[165.43933,-21.43938],[165.43865,-21.4405],[165.43739,-21.44136],[165.43676,-21.4428],[165.43441,-21.44327],[165.43295,-21.44257],[165.43002,-21.44193],[165.42911,-21.44117],[165.42752,-21.44119],[165.42725,-21.43992],[165.4252,-21.43739],[165.42509,-21.43687],[165.42227,-21.43609],[165.42077,-21.43476],[165.41954,-21.43424],[165.41781,-21.43459],[165.41701,-21.43392],[165.41688,-21.43292],[165.41735,-21.43139],[165.4166,-21.43024],[165.41618,-21.42858],[165.41496,-21.42701],[165.41336,-21.42637],[165.41135,-21.42599],[165.4094,-21.42405],[165.40756,-21.4236],[165.40584,-21.42385],[165.40431,-21.423],[165.40068,-21.42184],[165.39717,-21.4188],[165.39261,-21.41901],[165.39056,-21.4196],[165.38856,-21.41896],[165.38615,-21.41865],[165.38557,-21.41821],[165.38359,-21.41813],[165.38049,-21.41648],[165.37996,-21.41448],[165.37799,-21.41263],[165.37451,-21.41179],[165.3741,-21.40712],[165.37349,-21.4059],[165.37307,-21.40202],[165.37408,-21.40103],[165.37477,-21.39911],[165.37424,-21.39725],[165.37337,-21.3963],[165.37402,-21.39343],[165.37237,-21.39174],[165.37164,-21.39032],[165.37187,-21.38871],[165.37156,-21.38751],[165.37073,-21.38727],[165.37078,-21.38519],[165.3701,-21.3842],[165.37038,-21.38259],[165.36774,-21.38131],[165.36601,-21.37936],[165.36495,-21.37859],[165.36391,-21.37701],[165.36342,-21.37516],[165.36356,-21.37294],[165.36305,-21.37163],[165.36333,-21.37041],[165.36173,-21.37],[165.36072,-21.36867],[165.36106,-21.36748],[165.36073,-21.36605],[165.35937,-21.36489],[165.35859,-21.36523],[165.35673,-21.36344],[165.35567,-21.36276],[165.35261,-21.36407],[165.35198,-21.36297],[165.35224,-21.36201],[165.35521,-21.36028],[165.35629,-21.35829],[165.35934,-21.3562],[165.36119,-21.35444],[165.3622,-21.35266],[165.36589,-21.35],[165.36748,-21.34725],[165.36824,-21.34662],[165.36862,-21.34509],[165.36712,-21.34243],[165.3683,-21.34118],[165.352,-21.33908],[165.35279,-21.33636],[165.34276,-21.3283],[165.33997,-21.3235],[165.33648,-21.31553],[165.33611,-21.31424],[165.33499,-21.31338],[165.33165,-21.31148],[165.34358,-21.30471],[165.35052,-21.30798],[165.34895,-21.31637],[165.35069,-21.31709],[165.35329,-21.31765],[165.3539,-21.31807],[165.35799,-21.31978],[165.36029,-21.31938],[165.36375,-21.3312],[165.37002,-21.33191],[165.36993,-21.33086],[165.37115,-21.32938],[165.37098,-21.32852],[165.36896,-21.32681],[165.37013,-21.32492],[165.37003,-21.32352],[165.37074,-21.32256],[165.37061,-21.32081],[165.36847,-21.31999],[165.36774,-21.3203],[165.36801,-21.318],[165.36788,-21.31569],[165.36637,-21.31452],[165.36764,-21.31393],[165.36702,-21.31199],[165.36738,-21.31069],[165.36826,-21.31024],[165.36892,-21.30817],[165.36982,-21.30693],[165.36967,-21.30526],[165.36855,-21.30331],[165.36723,-21.30243],[165.36727,-21.3009],[165.3666,-21.29974],[165.36821,-21.2971],[165.36697,-21.29581],[165.36685,-21.29449],[165.36761,-21.2931],[165.36608,-21.29216],[165.36466,-21.29065],[165.36472,-21.28963],[165.36365,-21.28808],[165.36285,-21.28784],[165.36041,-21.28519],[165.35812,-21.28455],[165.35761,-21.28134],[165.35787,-21.28034],[165.35669,-21.27864],[165.35661,-21.27771],[165.35535,-21.27703],[165.35359,-21.2755],[165.35222,-21.27509],[165.35043,-21.27519],[165.34925,-21.27327],[165.34929,-21.27268],[165.34778,-21.27046],[165.34581,-21.26907],[165.34534,-21.2681],[165.34421,-21.26728],[165.34484,-21.26634],[165.34683,-21.26519],[165.34875,-21.26497],[165.35107,-21.2651],[165.35204,-21.26549],[165.35465,-21.26576],[165.35574,-21.26538],[165.35606,-21.26413],[165.3571,-21.26222],[165.3567,-21.25905],[165.35591,-21.25735],[165.35596,-21.25511],[165.35513,-21.25385],[165.35525,-21.25211],[165.35586,-21.25102],[165.35571,-21.24851],[165.35735,-21.24756],[165.35557,-21.24476],[165.35666,-21.24345],[165.35616,-21.24151],[165.35411,-21.23867],[165.35373,-21.23709],[165.35498,-21.23405],[165.35485,-21.23334],[165.35554,-21.23201],[165.35538,-21.23094],[165.35675,-21.22917],[165.35713,-21.22759],[165.3581,-21.22641],[165.36033,-21.22613],[165.36186,-21.22643],[165.36312,-21.22727],[165.36345,-21.22531],[165.36442,-21.22475],[165.36535,-21.2231],[165.36783,-21.22197],[165.37125,-21.22153],[165.37232,-21.22108],[165.37518,-21.22229],[165.37727,-21.2229],[165.37847,-21.22224],[165.3814,-21.22416],[165.3838,-21.22462],[165.38589,-21.22566],[165.3873,-21.22599],[165.38886,-21.22704],[165.39011,-21.22865],[165.39137,-21.22917],[165.39274,-21.2303],[165.39421,-21.2325],[165.39497,-21.23489],[165.39462,-21.23618],[165.39583,-21.23781],[165.39857,-21.23842],[165.40279,-21.24079],[165.4041,-21.24],[165.40614,-21.24022],[165.40758,-21.24121],[165.40895,-21.24275],[165.41337,-21.24492],[165.41473,-21.24507],[165.41663,-21.24357],[165.42079,-21.24323],[165.42259,-21.24417],[165.42457,-21.24471],[165.42829,-21.24635],[165.43044,-21.24692],[165.43147,-21.24622],[165.43437,-21.24699],[165.43493,-21.24466],[165.43778,-21.24258],[165.43805,-21.24157],[165.43913,-21.24117],[165.44083,-21.23955],[165.44425,-21.23823],[165.44517,-21.23755],[165.44661,-21.23813],[165.44778,-21.2393],[165.44915,-21.2394],[165.45166,-21.24112],[165.45268,-21.24148],[165.45414,-21.24275],[165.45574,-21.24245],[165.45733,-21.24297],[165.46064,-21.24305],[165.46129,-21.24347],[165.46517,-21.24158],[165.46679,-21.24173],[165.46869,-21.24089],[165.46989,-21.23873],[165.47093,-21.23839],[165.47203,-21.23909],[165.4743,-21.23844],[165.47589,-21.23828],[165.47955,-21.23501],[165.48129,-21.23024],[165.48185,-21.22968],[165.4831,-21.22685],[165.48081,-21.22482],[165.47974,-21.22315],[165.47847,-21.22219],[165.47706,-21.22044],[165.47634,-21.22041],[165.47333,-21.21721],[165.47209,-21.21567],[165.47081,-21.21511],[165.47274,-21.21309],[165.47387,-21.21096],[165.47449,-21.21079],[165.47701,-21.21116],[165.47825,-21.20963],[165.47984,-21.20873],[165.48142,-21.20864],[165.48276,-21.20785],[165.48274,-21.20686],[165.48357,-21.20562],[165.48229,-21.2024],[165.48278,-21.20072],[165.48005,-21.19757],[165.48157,-21.19717],[165.48151,-21.19569],[165.48217,-21.19377],[165.48281,-21.19291],[165.48225,-21.19112],[165.48472,-21.19119],[165.48991,-21.1929],[165.49221,-21.19322],[165.49269,-21.19177],[165.49216,-21.19053],[165.49247,-21.18949],[165.49332,-21.18891],[165.49628,-21.18933],[165.49775,-21.18872],[165.49838,-21.18715],[165.49769,-21.18549],[165.49848,-21.18384],[165.5017,-21.18532],[165.50381,-21.1865],[165.50531,-21.18697],[165.50811,-21.18691],[165.51022,-21.18614],[165.51145,-21.18292],[165.51155,-21.18127],[165.51235,-21.17976],[165.51218,-21.17839],[165.51316,-21.1766],[165.51401,-21.1757],[165.51507,-21.17572],[165.51556,-21.1747],[165.51682,-21.17377],[165.51658,-21.17314],[165.51745,-21.17203],[165.51997,-21.1715],[165.52132,-21.17168],[165.52128,-21.16979],[165.5228,-21.16806],[165.52128,-21.16712],[165.52092,-21.16587],[165.52129,-21.16246],[165.51941,-21.16081],[165.51836,-21.16063],[165.51747,-21.15983],[165.51751,-21.15838],[165.51655,-21.15695],[165.51668,-21.15564],[165.51758,-21.15427],[165.51825,-21.15426],[165.51818,-21.15263],[165.52044,-21.15047],[165.52071,-21.14965],[165.52025,-21.14791],[165.52064,-21.14665],[165.52218,-21.14618],[165.52326,-21.14481],[165.52608,-21.14372],[165.52591,-21.14322],[165.52811,-21.14259],[165.52913,-21.14279],[165.53153,-21.14244],[165.53323,-21.14345],[165.5345,-21.14368],[165.53475,-21.14291],[165.53703,-21.142],[165.53843,-21.13961],[165.54002,-21.13817],[165.54356,-21.13731],[165.54478,-21.13759],[165.54841,-21.13917]]]]}},{"type":"Feature","id":"fr-commune-98809","properties":{"id":"fr-commune-98809","name":"L'Île-des-Pins","kind":"commune","center":[167.4757,-22.6132],"code":"98809","department":"988"},"bbox":[167.39312,-22.7115,167.55777,-22.51488],"geometry":{"type":"MultiPolygon","coordinates":[[[[167.45392,-22.70725],[167.4565,-22.70684],[167.45803,-22.70717],[167.45978,-22.70621],[167.4607,-22.70512],[167.46276,-22.70442],[167.46505,-22.70547],[167.46611,-22.70556],[167.46705,-22.70499],[167.46679,-22.70747],[167.46447,-22.70862],[167.46387,-22.70991],[167.46104,-22.7115],[167.45706,-22.71108],[167.45528,-22.71139],[167.45426,-22.71006],[167.45441,-22.70904],[167.45392,-22.70725]]],[[[167.4566,-22.67286],[167.45738,-22.67223],[167.46011,-22.67269],[167.45972,-22.67402],[167.45673,-22.67369],[167.4566,-22.67286]]],[[[167.42018,-22.67065],[167.42175,-22.6704],[167.42245,-22.6695],[167.42355,-22.66902],[167.42613,-22.67018],[167.42639,-22.67152],[167.42429,-22.67319],[167.42149,-22.67272],[167.42026,-22.6715],[167.42018,-22.67065]]],[[[167.39312,-22.65073],[167.3934,-22.64991],[167.39552,-22.64901],[167.39567,-22.65005],[167.39696,-22.65141],[167.39541,-22.65164],[167.39491,-22.65271],[167.3932,-22.65149],[167.39312,-22.65073]]],[[[167.50512,-22.68858],[167.50659,-22.68707],[167.50878,-22.68694],[167.5112,-22.68611],[167.51263,-22.68368],[167.51439,-22.68466],[167.51531,-22.68477],[167.5165,-22.68405],[167.51783,-22.68561],[167.51934,-22.68612],[167.52129,-22.68595],[167.52228,-22.68643],[167.52523,-22.68625],[167.52642,-22.68648],[167.53003,-22.68773],[167.53199,-22.6877],[167.53312,-22.68702],[167.53442,-22.68466],[167.53441,-22.68315],[167.53593,-22.6821],[167.53808,-22.68124],[167.53946,-22.68006],[167.54133,-22.67986],[167.54285,-22.67928],[167.54482,-22.67928],[167.54631,-22.67805],[167.54721,-22.6765],[167.54898,-22.67627],[167.55051,-22.67555],[167.5523,-22.6743],[167.55219,-22.67194],[167.55138,-22.66968],[167.55057,-22.66825],[167.5482,-22.66561],[167.54638,-22.66438],[167.54459,-22.66413],[167.54325,-22.6651],[167.54006,-22.66562],[167.53814,-22.66644],[167.53511,-22.66916],[167.534,-22.66979],[167.53353,-22.67081],[167.5324,-22.67054],[167.53023,-22.67182],[167.52833,-22.67209],[167.52557,-22.67309],[167.52447,-22.67396],[167.52257,-22.67732],[167.52274,-22.67925],[167.5208,-22.67747],[167.51771,-22.67717],[167.51681,-22.67459],[167.51591,-22.673],[167.51429,-22.67114],[167.51293,-22.66997],[167.51161,-22.66967],[167.51141,-22.66773],[167.51228,-22.66684],[167.51181,-22.66493],[167.51405,-22.66526],[167.51626,-22.6663],[167.51461,-22.66681],[167.51508,-22.66838],[167.51832,-22.66975],[167.51764,-22.66813],[167.51615,-22.66767],[167.51717,-22.66615],[167.51856,-22.66542],[167.51899,-22.66473],[167.51928,-22.66138],[167.52005,-22.65977],[167.51967,-22.65839],[167.51997,-22.65687],[167.521,-22.65567],[167.52195,-22.65545],[167.52448,-22.65246],[167.52539,-22.64997],[167.52648,-22.64778],[167.52662,-22.64469],[167.52785,-22.64318],[167.52954,-22.64318],[167.53113,-22.64413],[167.53047,-22.64557],[167.53106,-22.64674],[167.53402,-22.64962],[167.53559,-22.65051],[167.53715,-22.65093],[167.53856,-22.65074],[167.54176,-22.65234],[167.54158,-22.65354],[167.54233,-22.65406],[167.5454,-22.65282],[167.54642,-22.65431],[167.54961,-22.65503],[167.55048,-22.65728],[167.55123,-22.65828],[167.55286,-22.65916],[167.55484,-22.66107],[167.55567,-22.66341],[167.55527,-22.66507],[167.55652,-22.66613],[167.55734,-22.66741],[167.55708,-22.67033],[167.5573,-22.67095],[167.55654,-22.67222],[167.55553,-22.67307],[167.55443,-22.67589],[167.55274,-22.67855],[167.55223,-22.6803],[167.55094,-22.6811],[167.5503,-22.68262],[167.55047,-22.68592],[167.54918,-22.68957],[167.54869,-22.69147],[167.54722,-22.69248],[167.54604,-22.69502],[167.54294,-22.69482],[167.54223,-22.69416],[167.54076,-22.69449],[167.53858,-22.69401],[167.53205,-22.69292],[167.52679,-22.69266],[167.52357,-22.69171],[167.52107,-22.69165],[167.51747,-22.69118],[167.51499,-22.69133],[167.512,-22.69202],[167.50775,-22.69213],[167.50603,-22.69116],[167.50512,-22.68858]]],[[[167.41205,-22.63867],[167.41465,-22.63949],[167.41575,-22.64107],[167.41462,-22.64344],[167.41367,-22.64324],[167.41316,-22.6421],[167.41433,-22.6407],[167.41273,-22.6401],[167.41205,-22.63867]]],[[[167.40936,-22.64032],[167.4101,-22.63834],[167.41127,-22.63915],[167.41027,-22.64017],[167.40936,-22.64032]]],[[[167.53297,-22.64535],[167.53353,-22.64478],[167.53338,-22.64335],[167.53396,-22.64203],[167.53396,-22.64017],[167.5343,-22.63761],[167.53523,-22.63601],[167.53661,-22.63651],[167.53746,-22.63633],[167.53777,-22.63853],[167.53863,-22.64059],[167.53682,-22.64138],[167.53715,-22.64266],[167.53859,-22.64279],[167.53879,-22.64356],[167.53777,-22.64544],[167.53677,-22.64613],[167.5339,-22.64641],[167.53297,-22.64535]]],[[[167.41573,-22.61702],[167.4179,-22.61691],[167.41748,-22.61811],[167.41663,-22.61835],[167.41573,-22.61702]]],[[[167.40773,-22.62244],[167.40798,-22.62182],[167.40945,-22.62161],[167.40973,-22.61967],[167.40894,-22.61699],[167.41003,-22.61656],[167.41051,-22.61519],[167.41119,-22.61532],[167.41116,-22.61685],[167.41323,-22.61834],[167.41532,-22.61803],[167.41282,-22.62153],[167.41081,-22.62363],[167.40811,-22.62381],[167.40773,-22.62244]]],[[[167.52093,-22.58125],[167.52003,-22.58048],[167.51865,-22.58057],[167.51742,-22.57815],[167.51895,-22.57781],[167.51965,-22.57699],[167.52166,-22.57764],[167.52405,-22.57765],[167.52367,-22.57841],[167.52417,-22.5793],[167.52426,-22.58087],[167.52501,-22.5823],[167.52673,-22.58326],[167.52577,-22.58443],[167.52211,-22.58289],[167.52093,-22.58125]]],[[[167.52392,-22.57824],[167.52519,-22.57727],[167.52521,-22.57473],[167.52739,-22.57603],[167.52911,-22.57926],[167.52942,-22.58117],[167.52991,-22.58228],[167.52936,-22.58354],[167.52831,-22.58359],[167.52574,-22.58252],[167.52451,-22.58129],[167.52434,-22.57929],[167.52392,-22.57824]]],[[[167.51222,-22.56826],[167.5131,-22.56697],[167.51442,-22.56776],[167.5149,-22.5689],[167.51599,-22.56926],[167.51661,-22.56869],[167.51835,-22.56999],[167.51748,-22.57067],[167.5153,-22.57093],[167.51419,-22.56931],[167.51222,-22.56826]]],[[[167.51434,-22.5627],[167.51578,-22.56279],[167.51738,-22.56127],[167.5196,-22.56201],[167.51943,-22.56275],[167.51995,-22.56575],[167.51898,-22.5673],[167.51596,-22.56713],[167.5145,-22.56504],[167.51495,-22.56386],[167.51434,-22.5627]]],[[[167.44185,-22.541],[167.44258,-22.54014],[167.44461,-22.54196],[167.44262,-22.54251],[167.44185,-22.541]]],[[[167.42033,-22.64031],[167.41905,-22.6391],[167.41742,-22.63913],[167.41766,-22.63748],[167.41867,-22.63567],[167.41973,-22.63512],[167.42118,-22.63514],[167.42535,-22.63332],[167.42742,-22.63361],[167.42828,-22.63278],[167.42907,-22.63064],[167.42849,-22.62803],[167.42766,-22.62652],[167.42648,-22.62542],[167.42484,-22.62523],[167.42441,-22.62609],[167.42203,-22.62576],[167.42104,-22.62493],[167.42096,-22.62346],[167.42323,-22.62227],[167.42426,-22.62249],[167.42527,-22.62141],[167.42519,-22.61961],[167.42375,-22.61672],[167.42415,-22.61544],[167.42268,-22.61427],[167.4218,-22.61272],[167.42062,-22.61255],[167.41925,-22.61309],[167.41728,-22.61276],[167.41764,-22.61164],[167.41874,-22.61114],[167.42007,-22.60991],[167.41988,-22.60782],[167.41923,-22.60645],[167.41673,-22.60604],[167.41516,-22.60676],[167.41404,-22.60604],[167.41325,-22.60481],[167.4133,-22.60404],[167.41556,-22.60302],[167.41726,-22.60138],[167.41984,-22.60051],[167.42136,-22.59881],[167.42257,-22.59804],[167.42398,-22.59596],[167.42462,-22.59389],[167.42491,-22.58846],[167.42349,-22.58555],[167.42244,-22.58474],[167.42195,-22.58333],[167.42131,-22.58319],[167.42096,-22.58172],[167.42022,-22.58123],[167.41928,-22.57922],[167.41897,-22.57682],[167.41809,-22.57543],[167.41787,-22.57154],[167.41651,-22.57096],[167.41628,-22.57024],[167.41709,-22.56802],[167.41685,-22.56686],[167.41583,-22.56538],[167.41569,-22.56425],[167.41615,-22.56311],[167.41619,-22.56085],[167.41661,-22.55978],[167.41634,-22.55835],[167.41677,-22.55587],[167.41768,-22.55559],[167.41817,-22.5541],[167.42013,-22.55178],[167.4218,-22.55142],[167.42335,-22.54956],[167.42452,-22.54942],[167.4264,-22.54855],[167.42766,-22.54913],[167.42965,-22.54847],[167.43103,-22.54655],[167.43044,-22.54543],[167.43064,-22.54312],[167.42937,-22.53985],[167.42922,-22.53836],[167.43044,-22.53731],[167.43121,-22.53805],[167.43233,-22.53785],[167.43348,-22.53877],[167.43475,-22.53882],[167.43425,-22.54073],[167.43533,-22.54161],[167.43689,-22.54128],[167.43772,-22.54198],[167.43829,-22.54327],[167.43956,-22.54379],[167.44076,-22.54477],[167.44236,-22.54474],[167.44374,-22.54723],[167.44473,-22.54788],[167.44523,-22.54631],[167.4447,-22.54486],[167.44377,-22.54454],[167.44328,-22.54332],[167.44501,-22.54251],[167.44494,-22.5404],[167.44344,-22.53833],[167.44395,-22.53766],[167.4439,-22.53554],[167.44437,-22.5351],[167.44874,-22.53873],[167.44948,-22.53824],[167.45363,-22.53943],[167.45893,-22.54192],[167.46067,-22.5422],[167.46254,-22.54185],[167.4657,-22.54223],[167.46709,-22.54307],[167.46895,-22.5451],[167.47069,-22.54571],[167.47363,-22.54823],[167.47505,-22.54897],[167.47708,-22.54876],[167.4785,-22.54903],[167.48134,-22.55127],[167.48245,-22.5532],[167.48354,-22.55392],[167.48683,-22.55506],[167.48878,-22.55453],[167.48951,-22.55651],[167.49161,-22.55794],[167.49506,-22.55951],[167.49701,-22.55899],[167.49883,-22.55905],[167.50029,-22.55851],[167.50244,-22.55833],[167.5046,-22.55782],[167.50696,-22.55681],[167.50908,-22.55694],[167.51052,-22.55748],[167.51094,-22.55966],[167.50984,-22.5601],[167.50966,-22.56155],[167.51099,-22.56443],[167.51089,-22.56737],[167.51063,-22.56878],[167.51405,-22.57262],[167.51644,-22.57409],[167.5167,-22.57735],[167.51764,-22.57944],[167.51825,-22.58148],[167.51965,-22.58106],[167.52075,-22.58211],[167.52069,-22.58314],[167.52567,-22.58475],[167.52699,-22.58435],[167.52949,-22.58408],[167.53096,-22.58487],[167.53345,-22.58785],[167.53664,-22.5902],[167.53667,-22.59088],[167.53863,-22.59055],[167.54102,-22.59193],[167.54426,-22.59341],[167.54591,-22.59533],[167.54692,-22.59599],[167.5475,-22.59797],[167.54688,-22.59939],[167.54675,-22.60097],[167.54761,-22.60251],[167.54864,-22.60314],[167.55053,-22.60333],[167.55204,-22.6052],[167.55259,-22.60757],[167.55394,-22.60957],[167.55474,-22.61026],[167.5562,-22.61377],[167.55761,-22.61529],[167.55761,-22.61734],[167.55655,-22.61849],[167.55714,-22.61986],[167.55722,-22.62207],[167.55598,-22.62553],[167.55622,-22.62669],[167.55734,-22.62887],[167.55777,-22.6304],[167.55536,-22.63107],[167.55466,-22.63246],[167.55168,-22.63675],[167.55046,-22.64036],[167.55066,-22.64134],[167.54981,-22.64182],[167.55095,-22.643],[167.55236,-22.6421],[167.55299,-22.64347],[167.5528,-22.64537],[167.55022,-22.64512],[167.54782,-22.64639],[167.54637,-22.64659],[167.54604,-22.64717],[167.5433,-22.64776],[167.5418,-22.64735],[167.54134,-22.64604],[167.54257,-22.64383],[167.54402,-22.64202],[167.54442,-22.64022],[167.5455,-22.63894],[167.54625,-22.637],[167.54687,-22.63652],[167.54628,-22.63384],[167.54542,-22.63316],[167.54489,-22.63123],[167.5437,-22.62948],[167.54156,-22.62947],[167.54065,-22.62981],[167.53943,-22.63175],[167.53816,-22.63196],[167.53694,-22.63146],[167.53639,-22.6294],[167.53665,-22.62663],[167.53785,-22.62743],[167.53914,-22.62725],[167.53959,-22.62567],[167.53868,-22.62469],[167.53527,-22.62418],[167.53426,-22.62323],[167.53231,-22.62276],[167.52987,-22.62371],[167.52913,-22.62312],[167.52913,-22.62076],[167.52833,-22.61959],[167.52875,-22.61779],[167.52945,-22.61691],[167.52942,-22.6148],[167.52971,-22.61388],[167.53119,-22.61337],[167.53256,-22.61066],[167.53273,-22.6091],[167.53352,-22.60762],[167.53347,-22.60566],[167.53396,-22.6035],[167.53364,-22.60148],[167.53264,-22.6003],[167.53101,-22.59943],[167.52973,-22.59917],[167.52761,-22.60017],[167.52653,-22.60141],[167.52551,-22.60189],[167.52441,-22.60346],[167.52354,-22.60528],[167.52131,-22.60653],[167.52035,-22.60807],[167.51991,-22.60978],[167.51838,-22.61322],[167.51807,-22.6148],[167.51682,-22.61861],[167.51601,-22.62373],[167.51576,-22.62768],[167.51602,-22.62952],[167.51572,-22.63135],[167.51485,-22.63402],[167.51481,-22.63508],[167.51535,-22.63666],[167.51654,-22.63768],[167.51833,-22.63734],[167.52075,-22.63773],[167.52192,-22.63961],[167.52171,-22.64091],[167.52091,-22.64219],[167.52128,-22.64349],[167.52278,-22.64379],[167.52325,-22.64437],[167.52275,-22.64668],[167.52344,-22.6482],[167.52353,-22.64943],[167.52294,-22.6511],[167.52136,-22.65352],[167.52002,-22.65439],[167.51968,-22.65549],[167.51679,-22.65598],[167.51442,-22.65748],[167.51268,-22.65729],[167.51078,-22.65751],[167.5081,-22.65899],[167.50558,-22.66191],[167.50356,-22.6655],[167.50325,-22.66699],[167.50388,-22.67015],[167.50293,-22.67059],[167.50047,-22.67029],[167.49794,-22.67139],[167.4972,-22.67229],[167.49507,-22.67291],[167.49334,-22.67507],[167.49232,-22.67492],[167.48816,-22.675],[167.48646,-22.67463],[167.48253,-22.6748],[167.47861,-22.67372],[167.4756,-22.67274],[167.47398,-22.67271],[167.47152,-22.67168],[167.46857,-22.66991],[167.46545,-22.66897],[167.46451,-22.66794],[167.46285,-22.66789],[167.46177,-22.66715],[167.46013,-22.66754],[167.458,-22.66734],[167.45521,-22.66612],[167.45227,-22.66569],[167.4509,-22.66604],[167.4504,-22.66728],[167.44942,-22.66762],[167.44914,-22.66937],[167.4486,-22.66977],[167.44737,-22.66908],[167.44748,-22.66613],[167.44676,-22.6643],[167.44815,-22.66384],[167.44797,-22.66265],[167.44729,-22.66199],[167.44549,-22.66159],[167.44394,-22.66173],[167.44179,-22.66272],[167.44128,-22.6646],[167.44183,-22.66616],[167.44144,-22.66947],[167.43901,-22.66845],[167.43661,-22.66631],[167.43669,-22.66499],[167.43458,-22.66359],[167.4354,-22.66194],[167.43611,-22.66153],[167.4401,-22.6622],[167.44082,-22.66274],[167.44231,-22.6614],[167.44319,-22.65966],[167.44343,-22.65753],[167.4432,-22.6561],[167.4421,-22.65391],[167.4406,-22.65301],[167.43914,-22.65297],[167.43734,-22.65478],[167.43584,-22.65488],[167.43353,-22.65324],[167.43353,-22.65178],[167.43206,-22.65046],[167.42967,-22.64885],[167.42785,-22.64833],[167.42546,-22.64853],[167.42467,-22.64922],[167.42516,-22.65092],[167.42447,-22.651],[167.42088,-22.65256],[167.41978,-22.65235],[167.41981,-22.65087],[167.42111,-22.64989],[167.42155,-22.64853],[167.42161,-22.64663],[167.42112,-22.64491],[167.41902,-22.64494],[167.41959,-22.64401],[167.41929,-22.64258],[167.42073,-22.64244],[167.42033,-22.64031]]],[[[167.40884,-22.54045],[167.40976,-22.53901],[167.41042,-22.53703],[167.41192,-22.5354],[167.41521,-22.53549],[167.41585,-22.53602],[167.41514,-22.53736],[167.41383,-22.53798],[167.41193,-22.53989],[167.41061,-22.54061],[167.40884,-22.54045]]],[[[167.4246,-22.53615],[167.42525,-22.53451],[167.42604,-22.53449],[167.42653,-22.53597],[167.42557,-22.53682],[167.4246,-22.53615]]],[[[167.43844,-22.53707],[167.43971,-22.53625],[167.43944,-22.53556],[167.44024,-22.53429],[167.44176,-22.53581],[167.44032,-22.53709],[167.43957,-22.53846],[167.43844,-22.53707]]],[[[167.41655,-22.53386],[167.41735,-22.53195],[167.41859,-22.53205],[167.41952,-22.53529],[167.41698,-22.53514],[167.41655,-22.53386]]],[[[167.41266,-22.53181],[167.41531,-22.52983],[167.41662,-22.53028],[167.41545,-22.53153],[167.41266,-22.53181]]],[[[167.42898,-22.528],[167.42901,-22.52675],[167.43046,-22.52658],[167.43143,-22.52703],[167.43105,-22.52919],[167.43139,-22.53082],[167.42972,-22.53125],[167.42952,-22.52919],[167.42898,-22.528]]],[[[167.42557,-22.52788],[167.42566,-22.52662],[167.42688,-22.52611],[167.42812,-22.52724],[167.4282,-22.53073],[167.42593,-22.52942],[167.42557,-22.52788]]],[[[167.41819,-22.52525],[167.4192,-22.52395],[167.42068,-22.52467],[167.42287,-22.52489],[167.42354,-22.52583],[167.42066,-22.52886],[167.41926,-22.52896],[167.41829,-22.52783],[167.41866,-22.52636],[167.41819,-22.52525]]],[[[167.41068,-22.51626],[167.41139,-22.51488],[167.41226,-22.51529],[167.41336,-22.51657],[167.41286,-22.51824],[167.41142,-22.51773],[167.41068,-22.51626]]]]}},{"type":"Feature","id":"fr-commune-98810","properties":{"id":"fr-commune-98810","name":"Kaala-Gomen","kind":"commune","center":[164.5001,-20.7203],"code":"98810","department":"988"},"bbox":[164.31867,-20.89643,164.68161,-20.54416],"geometry":{"type":"MultiPolygon","coordinates":[[[[164.32597,-20.7679],[164.32442,-20.76861],[164.3245,-20.76737],[164.3264,-20.76663],[164.32597,-20.7679]]],[[[164.39016,-20.7148],[164.39253,-20.71355],[164.39273,-20.71392],[164.39016,-20.7148]]],[[[164.3963,-20.71551],[164.39524,-20.71423],[164.39692,-20.71422],[164.398,-20.71535],[164.39955,-20.71451],[164.40146,-20.71514],[164.40339,-20.71523],[164.40289,-20.71646],[164.40019,-20.71577],[164.3963,-20.71551]]],[[[164.38393,-20.71095],[164.38484,-20.71145],[164.38597,-20.71126],[164.38787,-20.71248],[164.3876,-20.71293],[164.38593,-20.71269],[164.38393,-20.71095]]],[[[164.39619,-20.70212],[164.39672,-20.70135],[164.3993,-20.70135],[164.39901,-20.70245],[164.39619,-20.70212]]],[[[164.40379,-20.70185],[164.40624,-20.69985],[164.40692,-20.70115],[164.40635,-20.70254],[164.40529,-20.704],[164.40331,-20.70399],[164.40161,-20.70336],[164.40297,-20.70206],[164.40379,-20.70185]]],[[[164.36518,-20.70354],[164.36411,-20.70163],[164.36265,-20.69989],[164.36273,-20.69923],[164.36381,-20.69883],[164.3634,-20.70042],[164.36574,-20.70326],[164.36699,-20.70368],[164.36786,-20.70274],[164.36951,-20.70279],[164.36985,-20.70181],[164.36873,-20.70082],[164.3695,-20.69962],[164.37156,-20.70201],[164.37061,-20.70346],[164.37057,-20.70435],[164.369,-20.70495],[164.36641,-20.70355],[164.36629,-20.70465],[164.36819,-20.70638],[164.36921,-20.70687],[164.37023,-20.70669],[164.3742,-20.70679],[164.3742,-20.7077],[164.37301,-20.70788],[164.37072,-20.70763],[164.36753,-20.70629],[164.36518,-20.70354]]],[[[164.365,-20.68928],[164.36499,-20.69035],[164.36629,-20.69322],[164.36686,-20.6924],[164.36584,-20.69054],[164.36895,-20.69081],[164.37035,-20.6901],[164.37142,-20.68857],[164.37491,-20.6873],[164.37792,-20.68866],[164.37771,-20.69045],[164.37617,-20.6908],[164.37335,-20.69262],[164.37281,-20.69375],[164.37322,-20.69609],[164.37433,-20.69819],[164.37234,-20.6979],[164.37115,-20.69683],[164.36853,-20.69561],[164.36809,-20.69633],[164.36602,-20.69493],[164.36623,-20.69354],[164.36594,-20.6925],[164.3646,-20.69029],[164.365,-20.68928]]],[[[164.37646,-20.68762],[164.37751,-20.68696],[164.37819,-20.68787],[164.37773,-20.6885],[164.37646,-20.68762]]],[[[164.3421,-20.65915],[164.34309,-20.65976],[164.34319,-20.66064],[164.34552,-20.6638],[164.34696,-20.66632],[164.34572,-20.66613],[164.34557,-20.66503],[164.3421,-20.65915]]],[[[164.33886,-20.65312],[164.34117,-20.65715],[164.34089,-20.6574],[164.33886,-20.65312]]],[[[164.54454,-20.89643],[164.54343,-20.89489],[164.54485,-20.89319],[164.54474,-20.8908],[164.54616,-20.88914],[164.54513,-20.88855],[164.54307,-20.89096],[164.54184,-20.89115],[164.53937,-20.89068],[164.53834,-20.89083],[164.53326,-20.88928],[164.53215,-20.8909],[164.53062,-20.89022],[164.53004,-20.89105],[164.52854,-20.89045],[164.52891,-20.88891],[164.52781,-20.88854],[164.52777,-20.88697],[164.52656,-20.88714],[164.52536,-20.8845],[164.52405,-20.88468],[164.52293,-20.88586],[164.5211,-20.88648],[164.52094,-20.88572],[164.52277,-20.88336],[164.52234,-20.88273],[164.52535,-20.88079],[164.52292,-20.87961],[164.52116,-20.88033],[164.52015,-20.88184],[164.51917,-20.88143],[164.52029,-20.87859],[164.52166,-20.87831],[164.52111,-20.87725],[164.52127,-20.8749],[164.52199,-20.87346],[164.52057,-20.87275],[164.51948,-20.87599],[164.5185,-20.87649],[164.51818,-20.87786],[164.51578,-20.8776],[164.51307,-20.87443],[164.51397,-20.87337],[164.51022,-20.87364],[164.5094,-20.87231],[164.50896,-20.86994],[164.5101,-20.86839],[164.51128,-20.86409],[164.51203,-20.86251],[164.51131,-20.86139],[164.51095,-20.85893],[164.50974,-20.85891],[164.50777,-20.85963],[164.50596,-20.85811],[164.50426,-20.85742],[164.50045,-20.85742],[164.49992,-20.85661],[164.4988,-20.85614],[164.49582,-20.85746],[164.49418,-20.85771],[164.49403,-20.85838],[164.4925,-20.85818],[164.49169,-20.85646],[164.49148,-20.85492],[164.48732,-20.85412],[164.48614,-20.85451],[164.48571,-20.85313],[164.48444,-20.8512],[164.48328,-20.8508],[164.48267,-20.84991],[164.48061,-20.84956],[164.48052,-20.84875],[164.47852,-20.84857],[164.47707,-20.84942],[164.47589,-20.84892],[164.47365,-20.84889],[164.47089,-20.8504],[164.4687,-20.85035],[164.46578,-20.84803],[164.46434,-20.84786],[164.46323,-20.84823],[164.46147,-20.84742],[164.45995,-20.84535],[164.46037,-20.84446],[164.46187,-20.84341],[164.46072,-20.84183],[164.46112,-20.83989],[164.46214,-20.84011],[164.46445,-20.83658],[164.46493,-20.83412],[164.46472,-20.83273],[164.46291,-20.82988],[164.46347,-20.82944],[164.46301,-20.82682],[164.46101,-20.82582],[164.45971,-20.82605],[164.45753,-20.82561],[164.45569,-20.82485],[164.4549,-20.82416],[164.45309,-20.82533],[164.45232,-20.82643],[164.45162,-20.82628],[164.45226,-20.82456],[164.45043,-20.82374],[164.44983,-20.82215],[164.44708,-20.82133],[164.44465,-20.82142],[164.44379,-20.82197],[164.44202,-20.82171],[164.44305,-20.82083],[164.44096,-20.82065],[164.43912,-20.81964],[164.43787,-20.81981],[164.43756,-20.81826],[164.43632,-20.81695],[164.43613,-20.81577],[164.43482,-20.81459],[164.43161,-20.81326],[164.43226,-20.80984],[164.4317,-20.80871],[164.43015,-20.80742],[164.4302,-20.80655],[164.43119,-20.80535],[164.43043,-20.80455],[164.43032,-20.8033],[164.42775,-20.80326],[164.4263,-20.80116],[164.426,-20.80026],[164.42423,-20.80031],[164.42467,-20.79923],[164.42435,-20.79715],[164.42501,-20.79558],[164.42515,-20.79417],[164.42354,-20.7932],[164.42207,-20.79168],[164.41915,-20.78983],[164.41773,-20.79168],[164.41767,-20.78991],[164.4167,-20.7882],[164.41814,-20.78735],[164.41784,-20.78557],[164.41684,-20.78411],[164.41579,-20.78341],[164.41366,-20.7809],[164.41093,-20.77919],[164.40903,-20.77835],[164.40843,-20.77932],[164.40719,-20.77879],[164.4064,-20.77699],[164.40401,-20.77526],[164.40202,-20.77459],[164.40155,-20.77383],[164.39942,-20.77215],[164.39875,-20.76918],[164.3975,-20.77],[164.39644,-20.76964],[164.39568,-20.7703],[164.39819,-20.77079],[164.39789,-20.77168],[164.39669,-20.77169],[164.39416,-20.7726],[164.39184,-20.77294],[164.38497,-20.77315],[164.38384,-20.77335],[164.38323,-20.77255],[164.38073,-20.77218],[164.37887,-20.76916],[164.37892,-20.76858],[164.37776,-20.76757],[164.3758,-20.76686],[164.37453,-20.76459],[164.37446,-20.76331],[164.37384,-20.76223],[164.37042,-20.75811],[164.3692,-20.7556],[164.36935,-20.75412],[164.37115,-20.7533],[164.37233,-20.75345],[164.37602,-20.75321],[164.37809,-20.75526],[164.38025,-20.75653],[164.38225,-20.75844],[164.38375,-20.75919],[164.38767,-20.76042],[164.39121,-20.76087],[164.39618,-20.75933],[164.39754,-20.75915],[164.39916,-20.76017],[164.40225,-20.75788],[164.40401,-20.75838],[164.40666,-20.75634],[164.4069,-20.75513],[164.40765,-20.75492],[164.40981,-20.75572],[164.4124,-20.75526],[164.41479,-20.75264],[164.41551,-20.75112],[164.41524,-20.74815],[164.41575,-20.74472],[164.4151,-20.74423],[164.41525,-20.74175],[164.41602,-20.74086],[164.41698,-20.73843],[164.41844,-20.73708],[164.42073,-20.73636],[164.42126,-20.73497],[164.42154,-20.73211],[164.42157,-20.72893],[164.42076,-20.72659],[164.42192,-20.72645],[164.42315,-20.72705],[164.42392,-20.72596],[164.42305,-20.72485],[164.41982,-20.7236],[164.41816,-20.72068],[164.41659,-20.71926],[164.41484,-20.71851],[164.412,-20.71845],[164.41033,-20.71876],[164.40991,-20.7194],[164.40814,-20.71995],[164.40657,-20.72136],[164.40564,-20.72117],[164.40652,-20.71969],[164.40551,-20.71793],[164.40403,-20.71706],[164.40464,-20.71513],[164.40579,-20.71464],[164.40623,-20.71362],[164.40764,-20.71352],[164.40797,-20.71238],[164.40564,-20.70959],[164.40346,-20.70821],[164.40385,-20.7069],[164.40489,-20.70593],[164.40608,-20.7061],[164.40743,-20.70483],[164.4091,-20.70409],[164.41079,-20.70202],[164.41151,-20.70177],[164.41173,-20.69958],[164.41263,-20.69881],[164.41082,-20.69821],[164.40968,-20.69917],[164.41035,-20.70088],[164.40787,-20.69991],[164.40804,-20.69865],[164.40702,-20.69727],[164.40517,-20.69733],[164.40532,-20.69856],[164.40321,-20.69706],[164.40356,-20.69858],[164.4034,-20.69974],[164.40253,-20.7004],[164.39997,-20.70125],[164.39995,-20.69996],[164.3984,-20.69938],[164.39569,-20.6964],[164.39407,-20.69646],[164.39256,-20.69608],[164.3922,-20.69448],[164.39326,-20.69456],[164.39373,-20.69369],[164.39311,-20.69306],[164.39136,-20.69435],[164.39158,-20.69615],[164.39394,-20.69706],[164.39564,-20.6969],[164.39596,-20.69914],[164.3975,-20.69987],[164.39448,-20.70115],[164.39433,-20.69993],[164.39249,-20.69953],[164.39075,-20.70018],[164.39088,-20.69839],[164.38978,-20.69642],[164.38893,-20.69604],[164.38945,-20.69418],[164.38962,-20.69133],[164.38793,-20.69311],[164.38759,-20.69189],[164.38896,-20.69133],[164.38819,-20.69034],[164.38712,-20.69176],[164.38696,-20.69258],[164.38497,-20.69223],[164.38594,-20.68956],[164.38696,-20.68799],[164.38657,-20.68678],[164.38399,-20.68664],[164.38214,-20.68705],[164.37949,-20.68945],[164.37907,-20.69015],[164.37969,-20.69112],[164.37849,-20.69189],[164.37859,-20.68833],[164.37956,-20.68769],[164.37892,-20.68597],[164.37733,-20.68406],[164.37526,-20.68553],[164.37208,-20.68585],[164.37085,-20.68515],[164.37068,-20.68364],[164.37015,-20.68342],[164.36673,-20.68579],[164.36659,-20.68637],[164.36491,-20.68698],[164.36458,-20.68828],[164.3636,-20.68806],[164.36169,-20.68637],[164.36109,-20.68475],[164.36402,-20.68755],[164.36481,-20.68677],[164.36458,-20.68526],[164.36643,-20.6859],[164.37003,-20.68336],[164.3694,-20.68091],[164.36945,-20.67921],[164.36859,-20.67767],[164.36809,-20.67567],[164.36653,-20.67386],[164.36375,-20.67385],[164.36256,-20.67237],[164.36192,-20.67304],[164.35855,-20.67394],[164.35759,-20.67395],[164.35565,-20.67324],[164.35454,-20.67417],[164.35342,-20.67324],[164.35109,-20.67244],[164.34995,-20.67127],[164.34919,-20.66983],[164.34743,-20.66792],[164.34747,-20.66544],[164.34617,-20.66429],[164.34589,-20.66284],[164.346,-20.66069],[164.34478,-20.65942],[164.34372,-20.65883],[164.34175,-20.65699],[164.34126,-20.65575],[164.34155,-20.65495],[164.34014,-20.65334],[164.34011,-20.6517],[164.33933,-20.65179],[164.33787,-20.6494],[164.33505,-20.64767],[164.33404,-20.64827],[164.33281,-20.64736],[164.33172,-20.64562],[164.33328,-20.64516],[164.33236,-20.64388],[164.33228,-20.64302],[164.33064,-20.64227],[164.32887,-20.64047],[164.32752,-20.63997],[164.32656,-20.64076],[164.32448,-20.63934],[164.32342,-20.63748],[164.32054,-20.63484],[164.32025,-20.63394],[164.31896,-20.63302],[164.31867,-20.63175],[164.32111,-20.63368],[164.32269,-20.63407],[164.32492,-20.63369],[164.33011,-20.63062],[164.33221,-20.63009],[164.33826,-20.62922],[164.34143,-20.62768],[164.34275,-20.62767],[164.34611,-20.6269],[164.35048,-20.62716],[164.35258,-20.62772],[164.35381,-20.62853],[164.35528,-20.62809],[164.36518,-20.63013],[164.36582,-20.62981],[164.36667,-20.62792],[164.36745,-20.62751],[164.36922,-20.6279],[164.37077,-20.62737],[164.37417,-20.62527],[164.37674,-20.62402],[164.37922,-20.6236],[164.3795,-20.62123],[164.37895,-20.62014],[164.37903,-20.61834],[164.38176,-20.61711],[164.38367,-20.61589],[164.3841,-20.61504],[164.38587,-20.61339],[164.38587,-20.61179],[164.385,-20.61076],[164.38572,-20.60774],[164.38518,-20.60576],[164.38506,-20.6036],[164.38275,-20.60103],[164.38369,-20.59905],[164.38368,-20.59792],[164.38426,-20.59569],[164.38502,-20.59395],[164.38304,-20.58978],[164.38421,-20.58831],[164.38666,-20.58792],[164.38858,-20.58616],[164.39022,-20.58603],[164.39133,-20.58541],[164.39137,-20.58448],[164.39011,-20.583],[164.38843,-20.58161],[164.38767,-20.58054],[164.38811,-20.57988],[164.38931,-20.57973],[164.39018,-20.57868],[164.39319,-20.57863],[164.39338,-20.57758],[164.39531,-20.57599],[164.39609,-20.57402],[164.39465,-20.57189],[164.39507,-20.57039],[164.39819,-20.57024],[164.40305,-20.56966],[164.40515,-20.57027],[164.4068,-20.57036],[164.40788,-20.56969],[164.40898,-20.56964],[164.41048,-20.57128],[164.41262,-20.57274],[164.41404,-20.57336],[164.41433,-20.57488],[164.414,-20.57632],[164.41533,-20.57652],[164.41746,-20.57809],[164.41913,-20.57841],[164.42039,-20.57788],[164.42192,-20.5794],[164.4242,-20.58028],[164.42602,-20.57972],[164.42698,-20.57998],[164.4286,-20.58116],[164.42857,-20.5825],[164.43018,-20.58289],[164.43116,-20.58351],[164.43159,-20.58454],[164.43298,-20.58405],[164.43417,-20.58295],[164.43823,-20.58015],[164.43992,-20.5787],[164.44105,-20.57856],[164.44202,-20.57932],[164.44309,-20.57838],[164.44475,-20.57832],[164.44677,-20.57785],[164.44867,-20.57635],[164.45124,-20.57791],[164.45195,-20.57954],[164.4529,-20.57996],[164.45332,-20.58097],[164.45498,-20.58116],[164.4565,-20.58284],[164.45841,-20.58355],[164.46044,-20.58583],[164.46517,-20.58421],[164.46579,-20.58523],[164.4672,-20.58653],[164.46834,-20.58889],[164.46812,-20.5899],[164.46938,-20.59065],[164.47034,-20.59062],[164.47071,-20.5915],[164.47341,-20.59188],[164.47459,-20.59309],[164.47502,-20.59433],[164.47729,-20.59539],[164.47791,-20.5974],[164.47914,-20.59738],[164.48055,-20.59805],[164.48337,-20.59836],[164.485,-20.5965],[164.4863,-20.59549],[164.48768,-20.59593],[164.48807,-20.59686],[164.48928,-20.59694],[164.49119,-20.59769],[164.49305,-20.59745],[164.49492,-20.59526],[164.49619,-20.59483],[164.4973,-20.59354],[164.49846,-20.5931],[164.50042,-20.59157],[164.50085,-20.59164],[164.50312,-20.59027],[164.50509,-20.59032],[164.50856,-20.58877],[164.51003,-20.58884],[164.51069,-20.58975],[164.51451,-20.58949],[164.51623,-20.58833],[164.51798,-20.58768],[164.51972,-20.58751],[164.52138,-20.58556],[164.52177,-20.58381],[164.52133,-20.58245],[164.52256,-20.58144],[164.52382,-20.57856],[164.52377,-20.57738],[164.52239,-20.57607],[164.52209,-20.57526],[164.52049,-20.57343],[164.51872,-20.57263],[164.51821,-20.57183],[164.51601,-20.57025],[164.51542,-20.56828],[164.51683,-20.56698],[164.51728,-20.56581],[164.51909,-20.56526],[164.51985,-20.56365],[164.5213,-20.56254],[164.52349,-20.56289],[164.52407,-20.56364],[164.52609,-20.56375],[164.52675,-20.56479],[164.52863,-20.56612],[164.53,-20.56568],[164.53084,-20.56462],[164.53197,-20.56415],[164.53506,-20.5646],[164.53834,-20.56412],[164.53944,-20.56458],[164.54023,-20.5642],[164.54211,-20.56554],[164.5438,-20.56611],[164.54499,-20.56697],[164.54703,-20.5703],[164.54774,-20.57015],[164.54882,-20.57108],[164.55031,-20.57141],[164.55237,-20.57031],[164.55342,-20.56991],[164.55387,-20.5709],[164.55575,-20.57152],[164.55664,-20.57141],[164.55874,-20.5736],[164.56039,-20.57574],[164.56325,-20.57558],[164.56443,-20.57608],[164.56624,-20.57568],[164.56746,-20.5762],[164.5699,-20.57641],[164.57222,-20.57599],[164.57922,-20.57776],[164.5799,-20.57733],[164.58251,-20.57749],[164.58371,-20.57657],[164.58544,-20.57672],[164.5858,-20.57542],[164.58671,-20.57395],[164.58766,-20.5741],[164.5896,-20.57544],[164.59083,-20.57541],[164.59313,-20.57631],[164.5942,-20.57748],[164.59443,-20.57913],[164.59975,-20.58138],[164.60093,-20.58302],[164.60251,-20.58465],[164.60503,-20.58578],[164.60581,-20.58713],[164.60783,-20.58759],[164.60818,-20.58825],[164.60958,-20.58829],[164.61296,-20.58753],[164.61633,-20.5863],[164.61671,-20.58591],[164.61988,-20.58656],[164.62067,-20.5862],[164.62239,-20.58677],[164.62523,-20.58458],[164.62654,-20.58278],[164.63742,-20.56975],[164.63818,-20.56741],[164.63906,-20.56673],[164.63952,-20.56505],[164.63887,-20.56172],[164.63901,-20.56107],[164.6407,-20.55843],[164.64054,-20.55679],[164.63977,-20.55575],[164.6394,-20.5542],[164.64004,-20.55303],[164.63997,-20.55189],[164.64046,-20.55078],[164.64189,-20.54891],[164.64473,-20.54644],[164.64881,-20.54604],[164.64978,-20.54497],[164.65121,-20.54416],[164.65252,-20.54424],[164.6538,-20.54482],[164.6554,-20.54615],[164.65599,-20.54606],[164.65829,-20.54744],[164.65922,-20.54768],[164.66155,-20.54735],[164.66277,-20.54782],[164.66344,-20.54942],[164.66504,-20.55005],[164.66537,-20.55134],[164.66741,-20.55336],[164.66691,-20.55476],[164.66668,-20.5571],[164.66734,-20.55803],[164.668,-20.56006],[164.66741,-20.56103],[164.66775,-20.56424],[164.6668,-20.56568],[164.66708,-20.56655],[164.666,-20.56841],[164.66597,-20.57085],[164.66352,-20.57397],[164.66087,-20.57546],[164.66252,-20.57832],[164.66401,-20.57947],[164.66551,-20.58104],[164.66662,-20.58171],[164.66755,-20.58367],[164.66871,-20.58454],[164.66919,-20.58599],[164.6702,-20.58666],[164.67079,-20.5879],[164.67311,-20.58948],[164.67263,-20.59166],[164.67031,-20.59277],[164.66983,-20.59468],[164.66697,-20.59589],[164.66689,-20.59681],[164.66918,-20.59831],[164.67096,-20.59841],[164.67258,-20.59771],[164.67547,-20.59794],[164.6766,-20.59875],[164.67585,-20.60269],[164.65974,-20.60755],[164.65332,-20.61347],[164.65021,-20.61369],[164.64871,-20.61292],[164.6467,-20.61298],[164.64609,-20.61507],[164.64477,-20.61472],[164.64293,-20.61327],[164.64167,-20.61326],[164.64162,-20.61544],[164.64055,-20.61692],[164.63924,-20.61778],[164.63905,-20.61883],[164.63792,-20.6192],[164.63628,-20.62144],[164.63486,-20.62158],[164.63283,-20.62127],[164.63184,-20.61999],[164.63029,-20.61954],[164.62762,-20.61961],[164.62659,-20.61941],[164.6239,-20.6181],[164.62246,-20.61774],[164.62034,-20.61814],[164.6179,-20.61721],[164.61717,-20.6177],[164.61348,-20.61723],[164.61218,-20.61743],[164.61078,-20.61862],[164.60959,-20.61847],[164.60786,-20.61979],[164.60797,-20.62082],[164.60654,-20.62306],[164.60692,-20.62506],[164.60841,-20.62685],[164.60837,-20.62792],[164.60936,-20.62997],[164.61059,-20.63117],[164.61226,-20.6314],[164.61464,-20.6326],[164.61519,-20.63332],[164.61643,-20.63338],[164.61716,-20.63441],[164.62026,-20.63541],[164.62224,-20.63693],[164.6247,-20.6367],[164.62635,-20.63706],[164.62883,-20.63919],[164.62797,-20.64045],[164.62769,-20.64161],[164.62577,-20.64403],[164.62563,-20.64536],[164.6238,-20.6463],[164.62215,-20.64848],[164.61962,-20.64889],[164.61936,-20.65115],[164.61819,-20.65225],[164.61756,-20.65383],[164.61639,-20.65538],[164.61288,-20.65808],[164.61265,-20.65934],[164.61143,-20.6615],[164.6128,-20.66271],[164.61326,-20.66389],[164.61287,-20.66517],[164.61562,-20.66602],[164.61852,-20.66742],[164.61989,-20.66722],[164.6211,-20.66762],[164.62388,-20.66952],[164.62336,-20.67114],[164.62367,-20.67176],[164.62328,-20.67375],[164.62336,-20.67592],[164.6243,-20.67684],[164.62417,-20.67801],[164.62495,-20.68128],[164.62448,-20.68274],[164.62462,-20.68485],[164.6252,-20.68548],[164.6253,-20.68759],[164.62498,-20.68844],[164.62602,-20.68974],[164.62759,-20.69099],[164.63186,-20.68997],[164.63405,-20.69051],[164.63458,-20.69145],[164.63628,-20.69286],[164.638,-20.69302],[164.64278,-20.69539],[164.64369,-20.69535],[164.64562,-20.69601],[164.64715,-20.69599],[164.64824,-20.69739],[164.64885,-20.69927],[164.65114,-20.70024],[164.6534,-20.70208],[164.65442,-20.70159],[164.65582,-20.70183],[164.65618,-20.7027],[164.65814,-20.70442],[164.65983,-20.70432],[164.66142,-20.70355],[164.66471,-20.70317],[164.66584,-20.70333],[164.66604,-20.70386],[164.66427,-20.7061],[164.66402,-20.70745],[164.66445,-20.70924],[164.66523,-20.71091],[164.66594,-20.71157],[164.66667,-20.71364],[164.6676,-20.71426],[164.66902,-20.71631],[164.66863,-20.71705],[164.6691,-20.71816],[164.66961,-20.72106],[164.67073,-20.72423],[164.67066,-20.72613],[164.6699,-20.72824],[164.67071,-20.73139],[164.67004,-20.7326],[164.67008,-20.73349],[164.66945,-20.73577],[164.67043,-20.73804],[164.671,-20.73862],[164.67354,-20.74],[164.67481,-20.73983],[164.67641,-20.74133],[164.67697,-20.74251],[164.67992,-20.74394],[164.68067,-20.74587],[164.68161,-20.74686],[164.68037,-20.74768],[164.67963,-20.75002],[164.67761,-20.74991],[164.67574,-20.7503],[164.67382,-20.74981],[164.67283,-20.75123],[164.67065,-20.75286],[164.67079,-20.75427],[164.66986,-20.75557],[164.66877,-20.75632],[164.6687,-20.75772],[164.66668,-20.75855],[164.66611,-20.75788],[164.66457,-20.75485],[164.66319,-20.75511],[164.66126,-20.75722],[164.65886,-20.75707],[164.65789,-20.75786],[164.65527,-20.75852],[164.65336,-20.75977],[164.65058,-20.75993],[164.64798,-20.75837],[164.64696,-20.75846],[164.64429,-20.75985],[164.64169,-20.75983],[164.63969,-20.76043],[164.63748,-20.76052],[164.63477,-20.7591],[164.63163,-20.7595],[164.62957,-20.76001],[164.62623,-20.75873],[164.62489,-20.75919],[164.62304,-20.75794],[164.62166,-20.75912],[164.61988,-20.75868],[164.61808,-20.75871],[164.61671,-20.75798],[164.61575,-20.75829],[164.61407,-20.75971],[164.6125,-20.75894],[164.61095,-20.75737],[164.6071,-20.75621],[164.6039,-20.75567],[164.60109,-20.75708],[164.59968,-20.75686],[164.59834,-20.75718],[164.594,-20.76039],[164.59154,-20.76046],[164.59018,-20.76083],[164.58939,-20.76267],[164.58827,-20.76431],[164.58662,-20.7657],[164.58724,-20.76609],[164.58795,-20.76907],[164.58779,-20.77149],[164.58865,-20.77238],[164.58917,-20.77543],[164.589,-20.7775],[164.58955,-20.77826],[164.58864,-20.78012],[164.58723,-20.78143],[164.58623,-20.78175],[164.58534,-20.78277],[164.5848,-20.78441],[164.58512,-20.78532],[164.58503,-20.78706],[164.5858,-20.78878],[164.58548,-20.79005],[164.58462,-20.79071],[164.58496,-20.79166],[164.58477,-20.79367],[164.58518,-20.79433],[164.58612,-20.79764],[164.58553,-20.79962],[164.58641,-20.80296],[164.59086,-20.80716],[164.59144,-20.80933],[164.59382,-20.80991],[164.59522,-20.81076],[164.59605,-20.81232],[164.59598,-20.81299],[164.59473,-20.81386],[164.59182,-20.81426],[164.5894,-20.81594],[164.58862,-20.81718],[164.58795,-20.82031],[164.58838,-20.82345],[164.58655,-20.82467],[164.58541,-20.82617],[164.58411,-20.82856],[164.58299,-20.82988],[164.58301,-20.83149],[164.58164,-20.83215],[164.58087,-20.83176],[164.57985,-20.83286],[164.57828,-20.83305],[164.57603,-20.83557],[164.57523,-20.8354],[164.57377,-20.83626],[164.5719,-20.8364],[164.57116,-20.83826],[164.57034,-20.83933],[164.57103,-20.84013],[164.57054,-20.84109],[164.57099,-20.84255],[164.56948,-20.84333],[164.56799,-20.84357],[164.56707,-20.84427],[164.56612,-20.84388],[164.56478,-20.8445],[164.56321,-20.84312],[164.56226,-20.84341],[164.56133,-20.84295],[164.5593,-20.8432],[164.56015,-20.84509],[164.55913,-20.84764],[164.55769,-20.84799],[164.5564,-20.84765],[164.55517,-20.84789],[164.55508,-20.84958],[164.5546,-20.85153],[164.55331,-20.85308],[164.55308,-20.85583],[164.55239,-20.85704],[164.5525,-20.85927],[164.55286,-20.86117],[164.55381,-20.86209],[164.55458,-20.86585],[164.55287,-20.86613],[164.55241,-20.86972],[164.55292,-20.87104],[164.5518,-20.87467],[164.55054,-20.87654],[164.54959,-20.87909],[164.54886,-20.88005],[164.54856,-20.8826],[164.54971,-20.88499],[164.55066,-20.88794],[164.55011,-20.88911],[164.54674,-20.89096],[164.54677,-20.89221],[164.54597,-20.89433],[164.54617,-20.89584],[164.54454,-20.89643]]]]}},{"type":"Feature","id":"fr-commune-98811","properties":{"id":"fr-commune-98811","name":"Koné","kind":"commune","center":[164.9024,-21.0276],"code":"98811","department":"988"},"bbox":[164.71373,-21.11544,165.09102,-20.93897],"geometry":{"type":"MultiPolygon","coordinates":[[[[164.83613,-21.07291],[164.83542,-21.07207],[164.83606,-21.07106],[164.83723,-21.07144],[164.83706,-21.07328],[164.83613,-21.07291]]],[[[164.83324,-21.07332],[164.83466,-21.07375],[164.83496,-21.07447],[164.83167,-21.07639],[164.83168,-21.07581],[164.83318,-21.07513],[164.83324,-21.07332]]],[[[164.83381,-21.07118],[164.83271,-21.07066],[164.8334,-21.06944],[164.83453,-21.06914],[164.83524,-21.07026],[164.83514,-21.07221],[164.83587,-21.07381],[164.83534,-21.07428],[164.83381,-21.07118]]],[[[164.93502,-20.95898],[164.93681,-20.95711],[164.93794,-20.95806],[164.94089,-20.95805],[164.94241,-20.95904],[164.94376,-20.95841],[164.94495,-20.9589],[164.948,-20.9585],[164.94853,-20.959],[164.9522,-20.95899],[164.95442,-20.95959],[164.95475,-20.9584],[164.95711,-20.95872],[164.95838,-20.95821],[164.95866,-20.9574],[164.96058,-20.95666],[164.96298,-20.95619],[164.96615,-20.95717],[164.96824,-20.95707],[164.97048,-20.95861],[164.97127,-20.95853],[164.97404,-20.95599],[164.97618,-20.95616],[164.97788,-20.95543],[164.97975,-20.95568],[164.98118,-20.95641],[164.98298,-20.95687],[164.98563,-20.95809],[164.98988,-20.95894],[164.99163,-20.9603],[164.99312,-20.96039],[164.99406,-20.96107],[164.99595,-20.96137],[164.99867,-20.96282],[165.00038,-20.96328],[165.00428,-20.96211],[165.00587,-20.96254],[165.00564,-20.96354],[165.0063,-20.96535],[165.00511,-20.96676],[165.00625,-20.96889],[165.00631,-20.97285],[165.00577,-20.97312],[165.00629,-20.97523],[165.00752,-20.97715],[165.00717,-20.97856],[165.00618,-20.98045],[165.00734,-20.98255],[165.00634,-20.98353],[165.00758,-20.98495],[165.00711,-20.9873],[165.00839,-20.98847],[165.00962,-20.98826],[165.01253,-20.98827],[165.0135,-20.98792],[165.01443,-20.98675],[165.01595,-20.98665],[165.01871,-20.9869],[165.01886,-20.98776],[165.02002,-20.98763],[165.02124,-20.98654],[165.02258,-20.98483],[165.02387,-20.9843],[165.02472,-20.98456],[165.02677,-20.98428],[165.02756,-20.98356],[165.03004,-20.98385],[165.03181,-20.98231],[165.03341,-20.98155],[165.0347,-20.98209],[165.03657,-20.98053],[165.0377,-20.98067],[165.04003,-20.98215],[165.04179,-20.98264],[165.04304,-20.9819],[165.04456,-20.98265],[165.04666,-20.98311],[165.04739,-20.98259],[165.05073,-20.98256],[165.05222,-20.98211],[165.05488,-20.98283],[165.05575,-20.98226],[165.05721,-20.98234],[165.0597,-20.98185],[165.06084,-20.98241],[165.06159,-20.98336],[165.06242,-20.98228],[165.06522,-20.9826],[165.06647,-20.9814],[165.0689,-20.98175],[165.06978,-20.98101],[165.07087,-20.98169],[165.0731,-20.98181],[165.07401,-20.98316],[165.076,-20.98428],[165.07656,-20.98607],[165.07788,-20.98758],[165.07811,-20.98867],[165.08109,-20.98949],[165.08264,-20.98949],[165.08392,-20.98999],[165.08493,-20.99092],[165.08714,-20.99202],[165.0872,-20.99314],[165.08661,-20.99569],[165.08893,-20.99827],[165.08966,-21.00009],[165.0893,-21.00208],[165.08969,-21.00323],[165.0898,-21.00512],[165.08913,-21.00584],[165.08873,-21.00822],[165.08963,-21.00937],[165.09102,-21.01181],[165.09034,-21.01239],[165.08929,-21.0142],[165.0885,-21.01884],[165.08927,-21.02081],[165.0889,-21.022],[165.08739,-21.0236],[165.08584,-21.02425],[165.0845,-21.02706],[165.08338,-21.02817],[165.0829,-21.02943],[165.08025,-21.03134],[165.08004,-21.03294],[165.07802,-21.03347],[165.07706,-21.03377],[165.07565,-21.03193],[165.07494,-21.02978],[165.07372,-21.02737],[165.0735,-21.02615],[165.07206,-21.02538],[165.06985,-21.02485],[165.06517,-21.02483],[165.06397,-21.02447],[165.06293,-21.02539],[165.06063,-21.02653],[165.0602,-21.026],[165.0584,-21.02643],[165.05691,-21.02747],[165.05523,-21.02721],[165.0541,-21.02765],[165.05263,-21.02752],[165.05122,-21.02693],[165.04909,-21.02765],[165.04869,-21.02955],[165.04806,-21.03035],[165.04602,-21.03017],[165.0435,-21.03095],[165.04261,-21.03037],[165.04078,-21.03],[165.03835,-21.03042],[165.03653,-21.03135],[165.03647,-21.03279],[165.03764,-21.03345],[165.03731,-21.03584],[165.03904,-21.03893],[165.03892,-21.04019],[165.03789,-21.04143],[165.03523,-21.04099],[165.02549,-21.04095],[165.02523,-21.03448],[165.01288,-21.03444],[165.01355,-21.03488],[165.01488,-21.03882],[165.0138,-21.04711],[165.01225,-21.04758],[165.00924,-21.04993],[165.00986,-21.05067],[165.00918,-21.05172],[164.99377,-21.0479],[164.9911,-21.05169],[164.99015,-21.05124],[164.98834,-21.05111],[164.98712,-21.05005],[164.98498,-21.04936],[164.98428,-21.04883],[164.9816,-21.04848],[164.98108,-21.04884],[164.97947,-21.04772],[164.97845,-21.04765],[164.97718,-21.04842],[164.9761,-21.0518],[164.97719,-21.05248],[164.98071,-21.05528],[164.98188,-21.05579],[164.98402,-21.05739],[164.98458,-21.05994],[164.98564,-21.06297],[164.98727,-21.06501],[164.98837,-21.06565],[164.98866,-21.06714],[164.98826,-21.06836],[164.98501,-21.06866],[164.98352,-21.06914],[164.98346,-21.07016],[164.98256,-21.07192],[164.98329,-21.07303],[164.9827,-21.07524],[164.98041,-21.07644],[164.97965,-21.07713],[164.97439,-21.0758],[164.96974,-21.076],[164.96954,-21.07438],[164.96852,-21.07258],[164.96719,-21.07306],[164.9655,-21.07535],[164.96409,-21.07571],[164.96346,-21.07646],[164.961,-21.07593],[164.95992,-21.07643],[164.95798,-21.07647],[164.95636,-21.07613],[164.95397,-21.07614],[164.95351,-21.07738],[164.95222,-21.07794],[164.95026,-21.07629],[164.94876,-21.07594],[164.94845,-21.07663],[164.94628,-21.07817],[164.94457,-21.07724],[164.94349,-21.07773],[164.94198,-21.07733],[164.94021,-21.0784],[164.93919,-21.07816],[164.93907,-21.07726],[164.93813,-21.07685],[164.93782,-21.07521],[164.93681,-21.07533],[164.93602,-21.0745],[164.9329,-21.09873],[164.91905,-21.10256],[164.90647,-21.10652],[164.891,-21.10754],[164.88479,-21.10904],[164.87976,-21.1101],[164.87711,-21.11107],[164.87598,-21.10188],[164.8727,-21.10253],[164.87202,-21.103],[164.87017,-21.10337],[164.86808,-21.10516],[164.86567,-21.10538],[164.86525,-21.1048],[164.86199,-21.10385],[164.86061,-21.10405],[164.85901,-21.10287],[164.85847,-21.10173],[164.85607,-21.10101],[164.85626,-21.10231],[164.85569,-21.10371],[164.85205,-21.10578],[164.85117,-21.10564],[164.85031,-21.10459],[164.84894,-21.10441],[164.84818,-21.10535],[164.8466,-21.10616],[164.84292,-21.10574],[164.84299,-21.10814],[164.84192,-21.10878],[164.83831,-21.10852],[164.83755,-21.10781],[164.83648,-21.10984],[164.83699,-21.11085],[164.83716,-21.11315],[164.8369,-21.11544],[164.83517,-21.11542],[164.83332,-21.11458],[164.83214,-21.1145],[164.83163,-21.11253],[164.83256,-21.108],[164.83163,-21.10568],[164.83074,-21.10581],[164.82946,-21.10477],[164.82888,-21.10327],[164.828,-21.10209],[164.82578,-21.10085],[164.82312,-21.0998],[164.82083,-21.09913],[164.81784,-21.09879],[164.81589,-21.10058],[164.81299,-21.10056],[164.80983,-21.10134],[164.80774,-21.1026],[164.80507,-21.10458],[164.80462,-21.107],[164.80343,-21.10817],[164.80195,-21.10692],[164.80186,-21.10627],[164.80292,-21.10529],[164.80283,-21.10325],[164.80196,-21.10093],[164.80223,-21.09916],[164.80123,-21.0977],[164.79951,-21.09662],[164.80022,-21.0938],[164.80257,-21.09324],[164.8057,-21.09212],[164.80632,-21.09255],[164.80689,-21.09458],[164.80782,-21.09485],[164.81036,-21.09428],[164.8118,-21.09485],[164.81354,-21.09413],[164.81451,-21.09599],[164.81716,-21.09742],[164.81797,-21.09824],[164.8209,-21.09884],[164.82217,-21.09794],[164.82332,-21.09555],[164.82493,-21.0934],[164.82745,-21.09141],[164.82915,-21.09096],[164.82821,-21.08952],[164.82806,-21.08863],[164.82869,-21.08709],[164.83204,-21.08656],[164.83476,-21.08854],[164.83338,-21.09056],[164.83419,-21.09123],[164.83781,-21.09085],[164.83938,-21.09109],[164.84023,-21.08835],[164.84144,-21.08723],[164.84016,-21.08551],[164.83847,-21.08445],[164.84075,-21.08179],[164.84195,-21.08122],[164.84292,-21.08183],[164.84511,-21.08253],[164.84638,-21.08265],[164.84436,-21.08026],[164.84408,-21.07849],[164.84099,-21.07796],[164.84051,-21.0766],[164.8391,-21.07685],[164.83931,-21.07818],[164.83773,-21.0781],[164.83687,-21.07749],[164.83556,-21.07756],[164.83528,-21.07635],[164.83325,-21.07807],[164.83238,-21.07719],[164.83328,-21.07625],[164.83461,-21.07609],[164.83762,-21.07518],[164.8394,-21.07292],[164.84173,-21.07389],[164.84065,-21.07227],[164.84065,-21.07137],[164.8385,-21.07161],[164.83834,-21.06972],[164.83717,-21.07112],[164.83617,-21.07065],[164.8363,-21.06978],[164.8375,-21.06881],[164.83949,-21.06785],[164.84011,-21.06683],[164.837,-21.06807],[164.83594,-21.06889],[164.83362,-21.06866],[164.83268,-21.06936],[164.83176,-21.06912],[164.83223,-21.06796],[164.83084,-21.06794],[164.82963,-21.06682],[164.82996,-21.06547],[164.83104,-21.06527],[164.83204,-21.06375],[164.83148,-21.06228],[164.83254,-21.06145],[164.83414,-21.06174],[164.83485,-21.06301],[164.83654,-21.06327],[164.83713,-21.06402],[164.83634,-21.06521],[164.83777,-21.06619],[164.83857,-21.06601],[164.83899,-21.06336],[164.83989,-21.06211],[164.8386,-21.06172],[164.83677,-21.06012],[164.83672,-21.05869],[164.83569,-21.05876],[164.83589,-21.05737],[164.83517,-21.05628],[164.8309,-21.05572],[164.82994,-21.05481],[164.82804,-21.05561],[164.82726,-21.05644],[164.82533,-21.05724],[164.82382,-21.05719],[164.82231,-21.05606],[164.82063,-21.05553],[164.81994,-21.05429],[164.81746,-21.05295],[164.81428,-21.05272],[164.81288,-21.05186],[164.81158,-21.05152],[164.80895,-21.05175],[164.80673,-21.05091],[164.8061,-21.04981],[164.80453,-21.04826],[164.80363,-21.0494],[164.80453,-21.04997],[164.80533,-21.05129],[164.80419,-21.05153],[164.80336,-21.05304],[164.80369,-21.05405],[164.80271,-21.05527],[164.80006,-21.05497],[164.79734,-21.05571],[164.79367,-21.05564],[164.79389,-21.0539],[164.79145,-21.05355],[164.79065,-21.05411],[164.78868,-21.05369],[164.78953,-21.05522],[164.78871,-21.0562],[164.78621,-21.05713],[164.78416,-21.05711],[164.78307,-21.05647],[164.78253,-21.05916],[164.78195,-21.05983],[164.7843,-21.06125],[164.7841,-21.06175],[164.78171,-21.06205],[164.78011,-21.06143],[164.77695,-21.06122],[164.77583,-21.06314],[164.77474,-21.06272],[164.77598,-21.06052],[164.77528,-21.05924],[164.77474,-21.05709],[164.77379,-21.05777],[164.77273,-21.05737],[164.77141,-21.05595],[164.77067,-21.05611],[164.77191,-21.05852],[164.77313,-21.05907],[164.77371,-21.06003],[164.77274,-21.06197],[164.77409,-21.06254],[164.77416,-21.06383],[164.77531,-21.06421],[164.77658,-21.06612],[164.77669,-21.06721],[164.77741,-21.06814],[164.77773,-21.06948],[164.77768,-21.07121],[164.77836,-21.07312],[164.77765,-21.07393],[164.77798,-21.07627],[164.77667,-21.0777],[164.77449,-21.07882],[164.77246,-21.08106],[164.77193,-21.08211],[164.77019,-21.08315],[164.76862,-21.08496],[164.76644,-21.08558],[164.76148,-21.08525],[164.76008,-21.08384],[164.75863,-21.08321],[164.75851,-21.08262],[164.75697,-21.08128],[164.75599,-21.08097],[164.75536,-21.08004],[164.75317,-21.07905],[164.7515,-21.0765],[164.75107,-21.07449],[164.75015,-21.07234],[164.75086,-21.072],[164.7504,-21.07061],[164.75055,-21.06857],[164.75242,-21.06597],[164.75388,-21.06463],[164.75364,-21.0642],[164.7551,-21.06297],[164.75521,-21.06147],[164.75761,-21.06058],[164.75789,-21.05939],[164.75571,-21.05978],[164.75466,-21.05939],[164.75362,-21.05822],[164.75346,-21.05673],[164.75643,-21.05516],[164.75362,-21.0543],[164.7512,-21.05454],[164.75005,-21.05415],[164.74865,-21.05308],[164.748,-21.05192],[164.74665,-21.05092],[164.74684,-21.04849],[164.74605,-21.04769],[164.74491,-21.04956],[164.74458,-21.05094],[164.74378,-21.05117],[164.74224,-21.05073],[164.74086,-21.05145],[164.73987,-21.05029],[164.73873,-21.05],[164.73588,-21.05016],[164.73547,-21.05133],[164.73378,-21.05181],[164.72968,-21.05448],[164.72765,-21.05431],[164.7251,-21.05499],[164.71996,-21.05526],[164.71807,-21.05511],[164.71373,-21.05426],[164.71385,-21.05408],[164.71391,-21.05399],[164.7139,-21.05231],[164.71545,-21.05195],[164.7176,-21.05277],[164.71928,-21.05311],[164.71993,-21.05213],[164.7199,-21.04946],[164.72044,-21.04856],[164.72253,-21.04748],[164.72262,-21.0464],[164.72505,-21.04483],[164.72788,-21.04177],[164.72861,-21.04144],[164.73172,-21.04151],[164.73294,-21.0411],[164.73385,-21.04026],[164.73413,-21.03917],[164.73341,-21.0378],[164.73316,-21.03561],[164.7333,-21.03402],[164.7343,-21.03106],[164.73582,-21.02919],[164.73835,-21.02735],[164.73942,-21.02537],[164.74117,-21.02492],[164.74346,-21.02246],[164.74395,-21.02247],[164.74683,-21.01952],[164.74878,-21.01803],[164.7491,-21.01438],[164.74953,-21.0129],[164.74954,-21.01126],[164.75084,-21.00951],[164.75173,-21.00908],[164.75443,-21.00929],[164.75675,-21.00895],[164.75925,-21.0082],[164.76184,-21.00716],[164.76413,-21.00787],[164.76628,-21.00731],[164.76846,-21.00609],[164.77036,-21.00326],[164.77184,-21.00235],[164.7779,-21.00193],[164.77932,-21.00134],[164.7812,-21.00163],[164.78317,-21.0024],[164.78389,-21.0031],[164.78509,-21.003],[164.78596,-21.00202],[164.78685,-20.99973],[164.78779,-20.99875],[164.78736,-20.9977],[164.78869,-20.99729],[164.78979,-20.99556],[164.79065,-20.99562],[164.79246,-20.99411],[164.7946,-20.99344],[164.79555,-20.99207],[164.79639,-20.99196],[164.79656,-20.99081],[164.79843,-20.98856],[164.80041,-20.98754],[164.80152,-20.98799],[164.80444,-20.98736],[164.8062,-20.98757],[164.80765,-20.98705],[164.80962,-20.98715],[164.80974,-20.98834],[164.81154,-20.98907],[164.81219,-20.98878],[164.81358,-20.98949],[164.81569,-20.98824],[164.81771,-20.98965],[164.81905,-20.99137],[164.81913,-20.99251],[164.82044,-20.9932],[164.82016,-20.99422],[164.82114,-20.99534],[164.82206,-20.99537],[164.8257,-20.99718],[164.82896,-20.99647],[164.83002,-20.99511],[164.83073,-20.99579],[164.83309,-20.99656],[164.83417,-20.99848],[164.83632,-20.99967],[164.83655,-20.99804],[164.83631,-20.99636],[164.83676,-20.99539],[164.83664,-20.99333],[164.83789,-20.99151],[164.83976,-20.99009],[164.8396,-20.98778],[164.83926,-20.98733],[164.83992,-20.98527],[164.84184,-20.98267],[164.84351,-20.98205],[164.8458,-20.98065],[164.84685,-20.9788],[164.84802,-20.97802],[164.85162,-20.97736],[164.85281,-20.97685],[164.85411,-20.97401],[164.85613,-20.97263],[164.85884,-20.97172],[164.86081,-20.97053],[164.86407,-20.97065],[164.86662,-20.97195],[164.86908,-20.97355],[164.87002,-20.97459],[164.87091,-20.97417],[164.87137,-20.97533],[164.87371,-20.9782],[164.87716,-20.98007],[164.87934,-20.98065],[164.87993,-20.97904],[164.87963,-20.97797],[164.88102,-20.97676],[164.88216,-20.97691],[164.88333,-20.97599],[164.88626,-20.97454],[164.87716,-20.97299],[164.87628,-20.97224],[164.87503,-20.97232],[164.8732,-20.9702],[164.87205,-20.96789],[164.87168,-20.9665],[164.87193,-20.96548],[164.88585,-20.95723],[164.88748,-20.95433],[164.88861,-20.95443],[164.89855,-20.94676],[164.90024,-20.94353],[164.90108,-20.94298],[164.90221,-20.94133],[164.91066,-20.93897],[164.91117,-20.94296],[164.91492,-20.95059],[164.91784,-20.95883],[164.92567,-20.9711],[164.92777,-20.97073],[164.9286,-20.96987],[164.93048,-20.96937],[164.93211,-20.96979],[164.93443,-20.96887],[164.93478,-20.96745],[164.93613,-20.96602],[164.93586,-20.96515],[164.93636,-20.96353],[164.9361,-20.9616],[164.93502,-20.96042],[164.93502,-20.95898]],[[164.72547,-21.05371],[164.72216,-21.05406],[164.72036,-21.05507],[164.72506,-21.05479],[164.72547,-21.05371]],[[164.84684,-21.07701],[164.84676,-21.07795],[164.84755,-21.07899],[164.84537,-21.08106],[164.84648,-21.0825],[164.84705,-21.08128],[164.84952,-21.0816],[164.84901,-21.08002],[164.84835,-21.07967],[164.84684,-21.07701]],[[164.83141,-21.10096],[164.8306,-21.1003],[164.82883,-21.10118],[164.82909,-21.10186],[164.83122,-21.10271],[164.83252,-21.1028],[164.83205,-21.101],[164.83141,-21.10096]],[[164.81421,-21.09965],[164.81453,-21.0988],[164.81269,-21.09795],[164.81146,-21.10035],[164.81346,-21.09955],[164.81421,-21.09965]]]]}},{"type":"Feature","id":"fr-commune-98812","properties":{"id":"fr-commune-98812","name":"Koumac","kind":"commune","center":[164.2925,-20.5133],"code":"98812","department":"988"},"bbox":[164.03268,-20.63407,164.55244,-20.35869],"geometry":{"type":"MultiPolygon","coordinates":[[[[164.18761,-20.56004],[164.18592,-20.55999],[164.18509,-20.55909],[164.18356,-20.55853],[164.18247,-20.55678],[164.18307,-20.55602],[164.18424,-20.55619],[164.18574,-20.55765],[164.18761,-20.56004]]],[[[164.24091,-20.55216],[164.24189,-20.5521],[164.24425,-20.55444],[164.24261,-20.55421],[164.24091,-20.55216]]],[[[164.22302,-20.55373],[164.22256,-20.55284],[164.22323,-20.55132],[164.22544,-20.55043],[164.22454,-20.55259],[164.22302,-20.55373]]],[[[164.11884,-20.51092],[164.11804,-20.51048],[164.11844,-20.50928],[164.11937,-20.50893],[164.1193,-20.51065],[164.11884,-20.51092]]],[[[164.12733,-20.47067],[164.1267,-20.47081],[164.12731,-20.46799],[164.12786,-20.46698],[164.12899,-20.46619],[164.13002,-20.46671],[164.12903,-20.46842],[164.1274,-20.47005],[164.12733,-20.47067]]],[[[164.07898,-20.45773],[164.07793,-20.4572],[164.07751,-20.45592],[164.07794,-20.45533],[164.07924,-20.45526],[164.07958,-20.4567],[164.07898,-20.45773]]],[[[164.03995,-20.4069],[164.03799,-20.407],[164.03506,-20.40671],[164.03268,-20.40558],[164.03391,-20.40438],[164.0362,-20.40404],[164.03863,-20.40511],[164.03995,-20.4069]]],[[[164.18369,-20.38744],[164.18609,-20.38729],[164.1878,-20.388],[164.18807,-20.3891],[164.19094,-20.38977],[164.19174,-20.3917],[164.19272,-20.39237],[164.19491,-20.39477],[164.19705,-20.39577],[164.19782,-20.39727],[164.19885,-20.39755],[164.19931,-20.39977],[164.20053,-20.40111],[164.20182,-20.40177],[164.20212,-20.40334],[164.20307,-20.40319],[164.20512,-20.40363],[164.20724,-20.40472],[164.20829,-20.40604],[164.20945,-20.4069],[164.21153,-20.40761],[164.21197,-20.4092],[164.21327,-20.40977],[164.21223,-20.41214],[164.21368,-20.4134],[164.21704,-20.41452],[164.21766,-20.41523],[164.21771,-20.41684],[164.21823,-20.41745],[164.22031,-20.41786],[164.22226,-20.41632],[164.22355,-20.41726],[164.22381,-20.41807],[164.22496,-20.41912],[164.22512,-20.42013],[164.22596,-20.42136],[164.22742,-20.42265],[164.22845,-20.42256],[164.23078,-20.42368],[164.23228,-20.42331],[164.23387,-20.42518],[164.23378,-20.42592],[164.23457,-20.42695],[164.23651,-20.42662],[164.23729,-20.42527],[164.23858,-20.42534],[164.24017,-20.4264],[164.24217,-20.42679],[164.24399,-20.42818],[164.24508,-20.4277],[164.24728,-20.42935],[164.24827,-20.4287],[164.24917,-20.42976],[164.2505,-20.42984],[164.25284,-20.43213],[164.25595,-20.43158],[164.25685,-20.4317],[164.25905,-20.43102],[164.26032,-20.43025],[164.26264,-20.4315],[164.26343,-20.43154],[164.26652,-20.43278],[164.26846,-20.43233],[164.26862,-20.43127],[164.26965,-20.43081],[164.27046,-20.42965],[164.27229,-20.42882],[164.27434,-20.42599],[164.27635,-20.42467],[164.27644,-20.4236],[164.27426,-20.42123],[164.27558,-20.41996],[164.27686,-20.41964],[164.27767,-20.41769],[164.28046,-20.41538],[164.28285,-20.41479],[164.28345,-20.41396],[164.28468,-20.41341],[164.28503,-20.41268],[164.28411,-20.41021],[164.28466,-20.40949],[164.28415,-20.40811],[164.28686,-20.40569],[164.28702,-20.40318],[164.28564,-20.402],[164.28553,-20.40072],[164.28444,-20.40033],[164.28377,-20.3994],[164.28195,-20.39938],[164.2812,-20.39751],[164.27999,-20.39751],[164.27875,-20.39627],[164.27707,-20.39615],[164.27786,-20.39347],[164.27608,-20.39211],[164.27621,-20.39107],[164.27377,-20.39023],[164.27368,-20.38871],[164.27312,-20.38687],[164.27335,-20.38408],[164.27531,-20.38167],[164.27674,-20.38138],[164.27743,-20.3805],[164.27882,-20.38089],[164.28065,-20.38049],[164.28159,-20.37911],[164.28319,-20.37763],[164.28417,-20.37591],[164.28514,-20.37563],[164.28732,-20.37667],[164.28828,-20.37662],[164.28978,-20.37785],[164.29259,-20.37839],[164.29397,-20.37922],[164.2956,-20.37904],[164.29691,-20.37945],[164.29819,-20.37925],[164.30006,-20.3795],[164.30083,-20.38042],[164.30397,-20.38097],[164.30523,-20.38209],[164.30606,-20.38356],[164.3078,-20.3845],[164.30783,-20.38564],[164.31227,-20.38263],[164.31433,-20.38234],[164.31495,-20.38373],[164.31715,-20.3852],[164.3191,-20.38486],[164.32023,-20.38527],[164.32237,-20.38521],[164.32311,-20.38617],[164.3229,-20.3884],[164.32367,-20.38913],[164.32369,-20.3922],[164.32436,-20.39256],[164.32434,-20.39414],[164.32501,-20.39426],[164.32678,-20.39572],[164.32861,-20.39615],[164.32966,-20.39706],[164.3307,-20.39682],[164.33173,-20.39539],[164.33343,-20.39527],[164.33445,-20.39458],[164.33757,-20.39698],[164.33863,-20.39676],[164.33943,-20.39827],[164.34109,-20.39863],[164.3423,-20.39989],[164.34268,-20.40118],[164.34249,-20.40302],[164.34532,-20.40647],[164.34629,-20.40886],[164.34629,-20.4097],[164.34712,-20.41071],[164.34841,-20.41104],[164.34915,-20.41245],[164.35133,-20.41199],[164.353,-20.41333],[164.35394,-20.41512],[164.35555,-20.41659],[164.35571,-20.4173],[164.35733,-20.41802],[164.35738,-20.41918],[164.3586,-20.42045],[164.36002,-20.42277],[164.36106,-20.42574],[164.36179,-20.42899],[164.36323,-20.42981],[164.36401,-20.43082],[164.3656,-20.43046],[164.36981,-20.43263],[164.37152,-20.43213],[164.37279,-20.43277],[164.3737,-20.43384],[164.37511,-20.43396],[164.37843,-20.43549],[164.37833,-20.43623],[164.3793,-20.43706],[164.37931,-20.43801],[164.38135,-20.43808],[164.38342,-20.43853],[164.38477,-20.43826],[164.38539,-20.43967],[164.3864,-20.44008],[164.38637,-20.44119],[164.38901,-20.44315],[164.38864,-20.44406],[164.39104,-20.44563],[164.39094,-20.44742],[164.39252,-20.44969],[164.3926,-20.45143],[164.39607,-20.4519],[164.39744,-20.45307],[164.39729,-20.4546],[164.39842,-20.45617],[164.40069,-20.45836],[164.40276,-20.45941],[164.4037,-20.46048],[164.404,-20.46168],[164.40472,-20.46219],[164.40219,-20.46537],[164.40304,-20.46689],[164.40358,-20.46858],[164.40287,-20.47007],[164.40381,-20.47256],[164.40526,-20.47287],[164.40557,-20.47495],[164.40712,-20.47534],[164.40727,-20.476],[164.4098,-20.47619],[164.41087,-20.47785],[164.41149,-20.47803],[164.41284,-20.4797],[164.41387,-20.47998],[164.41381,-20.48141],[164.41507,-20.48429],[164.4152,-20.48577],[164.41611,-20.48808],[164.41822,-20.48865],[164.41914,-20.49031],[164.41952,-20.49227],[164.42134,-20.4956],[164.42196,-20.49727],[164.42365,-20.49758],[164.42356,-20.49844],[164.42605,-20.49999],[164.42779,-20.50035],[164.42856,-20.50099],[164.4297,-20.50037],[164.43178,-20.49983],[164.43359,-20.49694],[164.43495,-20.49622],[164.43515,-20.49333],[164.43636,-20.49234],[164.43925,-20.49174],[164.43973,-20.49045],[164.44098,-20.4904],[164.44272,-20.48868],[164.44439,-20.48836],[164.44493,-20.4873],[164.44733,-20.48619],[164.44856,-20.48657],[164.4491,-20.48794],[164.45016,-20.48902],[164.45236,-20.48855],[164.45479,-20.48931],[164.45545,-20.48985],[164.45536,-20.49158],[164.4591,-20.49205],[164.46048,-20.4929],[164.46052,-20.4955],[164.46149,-20.49686],[164.46322,-20.49867],[164.46479,-20.49902],[164.46651,-20.50003],[164.46658,-20.50276],[164.46691,-20.50573],[164.46912,-20.50682],[164.4695,-20.50763],[164.46913,-20.50928],[164.47096,-20.51053],[164.47397,-20.51133],[164.47535,-20.51416],[164.47737,-20.51521],[164.47834,-20.51624],[164.47918,-20.51639],[164.48053,-20.51745],[164.48118,-20.51862],[164.4827,-20.51947],[164.48291,-20.52037],[164.4842,-20.52258],[164.48571,-20.52401],[164.48681,-20.52424],[164.48742,-20.52529],[164.48927,-20.52622],[164.49169,-20.52616],[164.49221,-20.5258],[164.49572,-20.52747],[164.4971,-20.52916],[164.49831,-20.53003],[164.49792,-20.53167],[164.49791,-20.535],[164.49953,-20.53622],[164.50059,-20.53547],[164.50373,-20.53617],[164.5047,-20.53751],[164.50715,-20.53932],[164.50855,-20.53956],[164.51021,-20.54036],[164.50967,-20.54192],[164.51204,-20.54393],[164.51236,-20.54459],[164.51464,-20.54549],[164.51807,-20.54561],[164.51989,-20.54604],[164.52157,-20.54545],[164.52172,-20.54685],[164.52269,-20.54692],[164.52564,-20.54891],[164.52683,-20.55092],[164.52835,-20.55151],[164.53061,-20.551],[164.53268,-20.55216],[164.5337,-20.55191],[164.53565,-20.55269],[164.53663,-20.55194],[164.54003,-20.55054],[164.54191,-20.55183],[164.54218,-20.55489],[164.54405,-20.55795],[164.5457,-20.55894],[164.54605,-20.5606],[164.54687,-20.56044],[164.54723,-20.56201],[164.54937,-20.56425],[164.551,-20.56654],[164.55185,-20.56651],[164.55244,-20.56757],[164.55206,-20.56934],[164.55237,-20.57031],[164.55031,-20.57141],[164.54882,-20.57108],[164.54774,-20.57015],[164.54703,-20.5703],[164.54499,-20.56697],[164.5438,-20.56611],[164.54211,-20.56554],[164.54023,-20.5642],[164.53944,-20.56458],[164.53834,-20.56412],[164.53506,-20.5646],[164.53197,-20.56415],[164.53084,-20.56462],[164.53,-20.56568],[164.52863,-20.56612],[164.52675,-20.56479],[164.52609,-20.56375],[164.52407,-20.56364],[164.52349,-20.56289],[164.5213,-20.56254],[164.51985,-20.56365],[164.51909,-20.56526],[164.51728,-20.56581],[164.51683,-20.56698],[164.51542,-20.56828],[164.51601,-20.57025],[164.51821,-20.57183],[164.51872,-20.57263],[164.52049,-20.57343],[164.52209,-20.57526],[164.52239,-20.57607],[164.52377,-20.57738],[164.52382,-20.57856],[164.52256,-20.58144],[164.52133,-20.58245],[164.52177,-20.58381],[164.52138,-20.58556],[164.51972,-20.58751],[164.51798,-20.58768],[164.51623,-20.58833],[164.51451,-20.58949],[164.51069,-20.58975],[164.51003,-20.58884],[164.50856,-20.58877],[164.50509,-20.59032],[164.50312,-20.59027],[164.50085,-20.59164],[164.50042,-20.59157],[164.49846,-20.5931],[164.4973,-20.59354],[164.49619,-20.59483],[164.49492,-20.59526],[164.49305,-20.59745],[164.49119,-20.59769],[164.48928,-20.59694],[164.48807,-20.59686],[164.48768,-20.59593],[164.4863,-20.59549],[164.485,-20.5965],[164.48337,-20.59836],[164.48055,-20.59805],[164.47914,-20.59738],[164.47791,-20.5974],[164.47729,-20.59539],[164.47502,-20.59433],[164.47459,-20.59309],[164.47341,-20.59188],[164.47071,-20.5915],[164.47034,-20.59062],[164.46938,-20.59065],[164.46812,-20.5899],[164.46834,-20.58889],[164.4672,-20.58653],[164.46579,-20.58523],[164.46517,-20.58421],[164.46044,-20.58583],[164.45841,-20.58355],[164.4565,-20.58284],[164.45498,-20.58116],[164.45332,-20.58097],[164.4529,-20.57996],[164.45195,-20.57954],[164.45124,-20.57791],[164.44867,-20.57635],[164.44677,-20.57785],[164.44475,-20.57832],[164.44309,-20.57838],[164.44202,-20.57932],[164.44105,-20.57856],[164.43992,-20.5787],[164.43823,-20.58015],[164.43417,-20.58295],[164.43298,-20.58405],[164.43159,-20.58454],[164.43116,-20.58351],[164.43018,-20.58289],[164.42857,-20.5825],[164.4286,-20.58116],[164.42698,-20.57998],[164.42602,-20.57972],[164.4242,-20.58028],[164.42192,-20.5794],[164.42039,-20.57788],[164.41913,-20.57841],[164.41746,-20.57809],[164.41533,-20.57652],[164.414,-20.57632],[164.41433,-20.57488],[164.41404,-20.57336],[164.41262,-20.57274],[164.41048,-20.57128],[164.40898,-20.56964],[164.40788,-20.56969],[164.4068,-20.57036],[164.40515,-20.57027],[164.40305,-20.56966],[164.39819,-20.57024],[164.39507,-20.57039],[164.39465,-20.57189],[164.39609,-20.57402],[164.39531,-20.57599],[164.39338,-20.57758],[164.39319,-20.57863],[164.39018,-20.57868],[164.38931,-20.57973],[164.38811,-20.57988],[164.38767,-20.58054],[164.38843,-20.58161],[164.39011,-20.583],[164.39137,-20.58448],[164.39133,-20.58541],[164.39022,-20.58603],[164.38858,-20.58616],[164.38666,-20.58792],[164.38421,-20.58831],[164.38304,-20.58978],[164.38502,-20.59395],[164.38426,-20.59569],[164.38368,-20.59792],[164.38369,-20.59905],[164.38275,-20.60103],[164.38506,-20.6036],[164.38518,-20.60576],[164.38572,-20.60774],[164.385,-20.61076],[164.38587,-20.61179],[164.38587,-20.61339],[164.3841,-20.61504],[164.38367,-20.61589],[164.38176,-20.61711],[164.37903,-20.61834],[164.37895,-20.62014],[164.3795,-20.62123],[164.37922,-20.6236],[164.37674,-20.62402],[164.37417,-20.62527],[164.37077,-20.62737],[164.36922,-20.6279],[164.36745,-20.62751],[164.36667,-20.62792],[164.36582,-20.62981],[164.36518,-20.63013],[164.35528,-20.62809],[164.35381,-20.62853],[164.35258,-20.62772],[164.35048,-20.62716],[164.34611,-20.6269],[164.34275,-20.62767],[164.34143,-20.62768],[164.33826,-20.62922],[164.33221,-20.63009],[164.33011,-20.63062],[164.32492,-20.63369],[164.32269,-20.63407],[164.32111,-20.63368],[164.31867,-20.63175],[164.3197,-20.62838],[164.32087,-20.62584],[164.32074,-20.62326],[164.32002,-20.62145],[164.32043,-20.62072],[164.31877,-20.61782],[164.31993,-20.61808],[164.32041,-20.61933],[164.32139,-20.6187],[164.32107,-20.61778],[164.3196,-20.61729],[164.31865,-20.6147],[164.31893,-20.61399],[164.3202,-20.61356],[164.31966,-20.61198],[164.31731,-20.6078],[164.31381,-20.60695],[164.3125,-20.60602],[164.31195,-20.60284],[164.31127,-20.60257],[164.31063,-20.60123],[164.30927,-20.59999],[164.30824,-20.59825],[164.30725,-20.59717],[164.30544,-20.59591],[164.30456,-20.59402],[164.30523,-20.59356],[164.3049,-20.59249],[164.30395,-20.59221],[164.30537,-20.5891],[164.30458,-20.58863],[164.30425,-20.58705],[164.30308,-20.58592],[164.30267,-20.58379],[164.2992,-20.58028],[164.2983,-20.57839],[164.29575,-20.57764],[164.29474,-20.5779],[164.29236,-20.57661],[164.29161,-20.57578],[164.28958,-20.57442],[164.28702,-20.57324],[164.28587,-20.57307],[164.28257,-20.57514],[164.28265,-20.57667],[164.28164,-20.57769],[164.2809,-20.57964],[164.27793,-20.58096],[164.27519,-20.58318],[164.27404,-20.58168],[164.275,-20.58075],[164.27325,-20.57869],[164.27467,-20.57857],[164.27566,-20.57776],[164.27622,-20.5751],[164.27604,-20.57369],[164.27541,-20.57308],[164.27543,-20.57199],[164.27679,-20.57054],[164.27835,-20.57007],[164.27793,-20.56538],[164.27527,-20.56431],[164.2744,-20.5645],[164.27318,-20.5635],[164.27418,-20.56255],[164.27353,-20.56152],[164.27236,-20.56247],[164.27147,-20.56264],[164.26921,-20.56137],[164.2689,-20.56205],[164.26981,-20.56346],[164.27183,-20.56302],[164.27261,-20.56467],[164.27347,-20.56474],[164.27472,-20.5658],[164.27464,-20.56697],[164.27201,-20.56591],[164.27005,-20.56611],[164.26878,-20.56694],[164.26741,-20.56417],[164.26788,-20.56332],[164.26795,-20.56155],[164.26722,-20.56084],[164.266,-20.56141],[164.2652,-20.55994],[164.26329,-20.56012],[164.26222,-20.56112],[164.26036,-20.561],[164.26077,-20.55938],[164.26022,-20.55843],[164.26124,-20.55794],[164.26048,-20.55659],[164.25733,-20.55798],[164.25673,-20.5577],[164.25679,-20.55545],[164.25576,-20.55498],[164.25361,-20.55501],[164.25293,-20.55558],[164.25019,-20.55362],[164.24831,-20.55315],[164.24611,-20.55302],[164.24483,-20.55087],[164.2466,-20.55021],[164.24685,-20.54885],[164.24743,-20.54847],[164.24714,-20.54639],[164.24839,-20.54512],[164.24814,-20.54354],[164.24589,-20.54423],[164.2447,-20.54492],[164.24458,-20.54708],[164.24492,-20.5484],[164.24337,-20.54944],[164.24215,-20.54687],[164.24022,-20.54744],[164.24058,-20.54871],[164.23878,-20.55003],[164.23838,-20.55094],[164.23742,-20.55069],[164.23854,-20.54774],[164.23839,-20.54637],[164.23706,-20.54431],[164.23661,-20.54087],[164.23614,-20.54006],[164.23705,-20.53914],[164.23793,-20.53725],[164.23662,-20.53499],[164.23475,-20.53455],[164.23663,-20.53654],[164.23714,-20.53803],[164.23601,-20.53796],[164.23491,-20.53729],[164.23305,-20.53719],[164.2322,-20.53516],[164.23061,-20.53483],[164.22897,-20.53369],[164.22665,-20.53285],[164.22243,-20.53063],[164.21842,-20.52889],[164.2141,-20.52526],[164.21306,-20.52385],[164.21163,-20.52059],[164.21053,-20.51896],[164.2087,-20.51709],[164.20744,-20.51459],[164.20688,-20.51264],[164.20801,-20.51212],[164.20951,-20.51478],[164.20932,-20.51556],[164.20991,-20.51681],[164.21206,-20.5174],[164.21303,-20.51902],[164.21403,-20.51943],[164.21413,-20.52096],[164.21506,-20.52117],[164.21447,-20.51896],[164.21353,-20.51816],[164.21243,-20.51588],[164.21093,-20.51518],[164.21022,-20.51431],[164.21022,-20.51284],[164.20952,-20.51195],[164.20745,-20.51032],[164.20368,-20.50828],[164.20133,-20.50573],[164.19958,-20.50456],[164.19821,-20.50259],[164.19856,-20.50187],[164.19711,-20.50085],[164.19471,-20.49985],[164.19447,-20.5006],[164.19228,-20.49979],[164.19234,-20.50068],[164.19077,-20.50052],[164.19057,-20.4993],[164.18971,-20.49936],[164.18878,-20.49819],[164.18752,-20.49732],[164.18729,-20.49545],[164.18651,-20.49405],[164.18381,-20.4924],[164.18182,-20.49226],[164.18294,-20.49093],[164.18274,-20.48988],[164.18162,-20.48839],[164.18036,-20.48764],[164.1792,-20.48745],[164.17634,-20.48791],[164.17525,-20.48916],[164.17342,-20.4878],[164.17443,-20.48611],[164.17623,-20.48575],[164.17647,-20.48417],[164.17829,-20.4808],[164.1785,-20.47966],[164.17816,-20.47548],[164.17644,-20.47237],[164.17611,-20.47084],[164.17395,-20.46729],[164.17369,-20.46632],[164.17367,-20.46269],[164.1719,-20.45867],[164.17231,-20.45804],[164.17231,-20.45545],[164.17194,-20.45454],[164.17263,-20.45213],[164.1718,-20.45026],[164.1711,-20.44944],[164.17149,-20.44832],[164.17119,-20.4469],[164.16963,-20.44531],[164.1675,-20.44232],[164.16807,-20.44166],[164.16805,-20.44041],[164.16725,-20.43843],[164.16625,-20.43845],[164.1645,-20.4373],[164.16437,-20.43461],[164.163,-20.43235],[164.16348,-20.43066],[164.16187,-20.42857],[164.16139,-20.42631],[164.16082,-20.42525],[164.15821,-20.42264],[164.15619,-20.42032],[164.15328,-20.41879],[164.15263,-20.41805],[164.14931,-20.41717],[164.14684,-20.41681],[164.14445,-20.41615],[164.13979,-20.41529],[164.13897,-20.41548],[164.13751,-20.4139],[164.13818,-20.41246],[164.13791,-20.41039],[164.13657,-20.40808],[164.13555,-20.40711],[164.13283,-20.40539],[164.12922,-20.40363],[164.12592,-20.40235],[164.1255,-20.40085],[164.12595,-20.39954],[164.12554,-20.39798],[164.12576,-20.395],[164.12611,-20.39417],[164.12645,-20.3914],[164.12589,-20.39009],[164.12439,-20.38852],[164.12258,-20.38587],[164.12223,-20.38245],[164.12069,-20.38143],[164.11951,-20.37671],[164.11809,-20.37455],[164.11734,-20.37235],[164.11664,-20.37148],[164.11851,-20.36966],[164.11884,-20.37206],[164.12025,-20.37393],[164.12044,-20.37628],[164.12124,-20.37933],[164.12344,-20.38185],[164.12561,-20.38338],[164.12842,-20.38429],[164.13074,-20.38433],[164.13365,-20.3856],[164.13639,-20.38608],[164.1382,-20.38706],[164.14035,-20.38764],[164.14104,-20.38703],[164.14335,-20.38744],[164.14373,-20.38568],[164.145,-20.3834],[164.14654,-20.38625],[164.14776,-20.38908],[164.14976,-20.39076],[164.15302,-20.39262],[164.15486,-20.395],[164.15661,-20.395],[164.15756,-20.39597],[164.15986,-20.3975],[164.1618,-20.39796],[164.16348,-20.39651],[164.16524,-20.39739],[164.16773,-20.39696],[164.171,-20.39561],[164.1733,-20.39551],[164.1746,-20.39609],[164.17607,-20.39496],[164.17781,-20.39433],[164.18055,-20.39454],[164.18165,-20.39622],[164.18272,-20.39554],[164.18097,-20.39422],[164.18078,-20.39361],[164.18204,-20.39246],[164.18241,-20.39096],[164.18044,-20.39022],[164.18027,-20.38888],[164.18204,-20.38909],[164.18282,-20.38838],[164.18354,-20.38753],[164.18369,-20.38744]],[[164.28339,-20.56436],[164.28061,-20.56646],[164.28012,-20.56543],[164.27822,-20.56552],[164.27839,-20.56722],[164.28024,-20.56742],[164.28148,-20.56882],[164.28497,-20.57039],[164.28588,-20.5699],[164.28758,-20.56978],[164.28999,-20.57017],[164.28954,-20.56906],[164.28865,-20.56915],[164.28706,-20.56807],[164.28792,-20.56653],[164.2901,-20.56525],[164.2897,-20.56456],[164.28611,-20.56476],[164.28487,-20.56562],[164.28357,-20.5654],[164.28339,-20.56436]]],[[[164.08223,-20.36944],[164.08174,-20.36896],[164.08204,-20.36744],[164.0835,-20.36548],[164.08506,-20.3656],[164.08453,-20.36719],[164.08465,-20.36832],[164.0839,-20.36906],[164.08223,-20.36944]]],[[[164.10569,-20.35943],[164.10634,-20.36041],[164.10496,-20.3611],[164.10332,-20.36275],[164.10273,-20.36176],[164.10253,-20.35962],[164.10429,-20.35869],[164.10569,-20.35943]]]]}},{"type":"Feature","id":"fr-commune-98813","properties":{"id":"fr-commune-98813","name":"La Foa","kind":"commune","center":[165.8716,-21.7474],"code":"98813","department":"988"},"bbox":[165.72081,-21.89946,166.02238,-21.59526],"geometry":{"type":"MultiPolygon","coordinates":[[[[165.85151,-21.897],[165.84715,-21.8949],[165.84363,-21.89552],[165.84245,-21.89502],[165.84328,-21.89292],[165.84555,-21.89133],[165.8468,-21.89229],[165.84798,-21.89259],[165.85051,-21.895],[165.85249,-21.89555],[165.85513,-21.89702],[165.85595,-21.89811],[165.856,-21.89946],[165.85388,-21.89887],[165.85151,-21.897]]],[[[165.78171,-21.86858],[165.78047,-21.86927],[165.77957,-21.86866],[165.78159,-21.8678],[165.78171,-21.86858]]],[[[165.76421,-21.81138],[165.76391,-21.81265],[165.76423,-21.81378],[165.76237,-21.81445],[165.76119,-21.81423],[165.76338,-21.8127],[165.76421,-21.81138]]],[[[165.75752,-21.81119],[165.75937,-21.81287],[165.75899,-21.81451],[165.75941,-21.816],[165.76066,-21.81664],[165.76264,-21.81609],[165.76323,-21.8167],[165.76304,-21.81915],[165.76349,-21.82059],[165.76448,-21.81878],[165.76474,-21.81737],[165.76606,-21.8166],[165.76598,-21.81871],[165.76707,-21.8195],[165.76584,-21.82217],[165.76581,-21.82382],[165.76182,-21.82734],[165.75874,-21.82406],[165.75748,-21.82292],[165.75576,-21.82205],[165.75427,-21.8222],[165.75222,-21.82032],[165.75186,-21.81767],[165.75266,-21.81739],[165.75479,-21.8158],[165.75409,-21.81402],[165.75417,-21.81312],[165.75499,-21.81218],[165.7556,-21.81012],[165.75752,-21.81119]]],[[[165.7916,-21.81105],[165.79102,-21.80998],[165.79243,-21.80868],[165.79439,-21.80856],[165.79429,-21.8095],[165.79262,-21.8112],[165.7916,-21.81105]]],[[[165.76759,-21.80773],[165.76813,-21.80902],[165.76732,-21.81099],[165.76599,-21.81333],[165.76573,-21.81169],[165.7666,-21.81025],[165.76656,-21.80793],[165.76759,-21.80773]]],[[[165.77124,-21.73968],[165.77192,-21.73898],[165.77351,-21.73953],[165.77445,-21.74065],[165.77124,-21.73968]]],[[[165.77515,-21.7408],[165.77616,-21.74022],[165.778,-21.73988],[165.77828,-21.7389],[165.78047,-21.73769],[165.78071,-21.73967],[165.77979,-21.74085],[165.77914,-21.74016],[165.77744,-21.74066],[165.77515,-21.7408]]],[[[165.76147,-21.73663],[165.76028,-21.73582],[165.75911,-21.73565],[165.75913,-21.73447],[165.76176,-21.73557],[165.76147,-21.73663]]],[[[165.72402,-21.70301],[165.72442,-21.7014],[165.72479,-21.69779],[165.72454,-21.69648],[165.72656,-21.69553],[165.72781,-21.69458],[165.72951,-21.69429],[165.73037,-21.69377],[165.73008,-21.6918],[165.73061,-21.68958],[165.7294,-21.6886],[165.72765,-21.68852],[165.72783,-21.68573],[165.72654,-21.68415],[165.72619,-21.68309],[165.72505,-21.6826],[165.7238,-21.68122],[165.72258,-21.68069],[165.72081,-21.67917],[165.72218,-21.67856],[165.72304,-21.67668],[165.72558,-21.67659],[165.72585,-21.67565],[165.72765,-21.67453],[165.72829,-21.6735],[165.73021,-21.67327],[165.73184,-21.67406],[165.73293,-21.67266],[165.73394,-21.67278],[165.73575,-21.67198],[165.73773,-21.67027],[165.74036,-21.66995],[165.74182,-21.6685],[165.74336,-21.66846],[165.74384,-21.66743],[165.74511,-21.66687],[165.7461,-21.66699],[165.74748,-21.66813],[165.74952,-21.66872],[165.75046,-21.66787],[165.75181,-21.66734],[165.75398,-21.66738],[165.7561,-21.66846],[165.75723,-21.66947],[165.75853,-21.66978],[165.75926,-21.67104],[165.75904,-21.6722],[165.75959,-21.67452],[165.76095,-21.67569],[165.76033,-21.67695],[165.76072,-21.67856],[165.7604,-21.6792],[165.76211,-21.68106],[165.76194,-21.68175],[165.76426,-21.6836],[165.76523,-21.68548],[165.76524,-21.68633],[165.76665,-21.68801],[165.76775,-21.6883],[165.7685,-21.68921],[165.76774,-21.69004],[165.76782,-21.69094],[165.77006,-21.69296],[165.77071,-21.69438],[165.77229,-21.69471],[165.77595,-21.69366],[165.7825,-21.69295],[165.78562,-21.69316],[165.78684,-21.69402],[165.78821,-21.68771],[165.78815,-21.68602],[165.78862,-21.68467],[165.79007,-21.68351],[165.79161,-21.68361],[165.7934,-21.68433],[165.79703,-21.68574],[165.79743,-21.68557],[165.8006,-21.68967],[165.80241,-21.68953],[165.80353,-21.68807],[165.80525,-21.68744],[165.80594,-21.6862],[165.80869,-21.68609],[165.81147,-21.68722],[165.81288,-21.68585],[165.81371,-21.68633],[165.81804,-21.69309],[165.8188,-21.69377],[165.81796,-21.69509],[165.81898,-21.69637],[165.8232,-21.69844],[165.82512,-21.69863],[165.82948,-21.69553],[165.82921,-21.69473],[165.83061,-21.69235],[165.83408,-21.69006],[165.83565,-21.6895],[165.83627,-21.68824],[165.83653,-21.6854],[165.83581,-21.68229],[165.8351,-21.68185],[165.83503,-21.68078],[165.83292,-21.67802],[165.83331,-21.67682],[165.83442,-21.67526],[165.83661,-21.67387],[165.83712,-21.672],[165.84025,-21.66683],[165.84345,-21.66494],[165.84446,-21.66484],[165.8448,-21.66373],[165.84688,-21.661],[165.84763,-21.65732],[165.8498,-21.65769],[165.85172,-21.65737],[165.85239,-21.65648],[165.85348,-21.65663],[165.85428,-21.658],[165.85723,-21.65973],[165.85803,-21.65989],[165.85924,-21.661],[165.86107,-21.66101],[165.86169,-21.66035],[165.863,-21.65771],[165.86314,-21.65669],[165.86411,-21.65517],[165.86516,-21.6542],[165.86509,-21.65258],[165.86552,-21.65033],[165.8652,-21.64867],[165.86582,-21.64712],[165.86546,-21.64511],[165.8646,-21.64426],[165.86575,-21.64326],[165.86803,-21.64315],[165.86926,-21.64198],[165.87109,-21.64082],[165.87099,-21.64008],[165.87234,-21.63923],[165.87441,-21.63924],[165.87591,-21.6382],[165.87771,-21.6364],[165.87937,-21.63433],[165.88237,-21.63356],[165.88333,-21.63257],[165.88415,-21.63092],[165.88368,-21.62917],[165.88229,-21.62756],[165.88112,-21.62704],[165.8809,-21.62631],[165.87871,-21.62422],[165.87815,-21.62227],[165.87696,-21.62174],[165.8762,-21.62011],[165.8753,-21.61941],[165.87565,-21.61745],[165.87504,-21.61487],[165.87416,-21.61388],[165.87327,-21.61187],[165.87454,-21.6118],[165.87866,-21.60971],[165.87983,-21.60956],[165.88686,-21.60771],[165.88804,-21.60803],[165.88946,-21.60917],[165.89092,-21.60889],[165.89206,-21.60955],[165.89337,-21.6111],[165.89449,-21.61156],[165.89619,-21.61068],[165.89718,-21.61133],[165.89848,-21.61078],[165.90016,-21.61066],[165.90166,-21.61099],[165.90273,-21.61204],[165.90474,-21.61222],[165.90639,-21.61176],[165.90757,-21.6122],[165.90847,-21.61194],[165.9108,-21.61251],[165.91226,-21.61191],[165.91441,-21.61241],[165.91507,-21.61186],[165.91891,-21.61154],[165.9191,-21.61204],[165.92143,-21.61303],[165.92361,-21.6121],[165.92453,-21.60976],[165.92651,-21.6093],[165.92781,-21.60842],[165.92819,-21.60688],[165.92928,-21.60516],[165.92977,-21.60269],[165.93173,-21.60222],[165.93269,-21.60033],[165.93448,-21.59858],[165.93623,-21.59794],[165.93757,-21.59612],[165.93927,-21.59539],[165.94255,-21.59526],[165.94503,-21.59714],[165.94602,-21.59724],[165.9499,-21.59597],[165.95219,-21.59719],[165.95435,-21.59701],[165.95706,-21.59739],[165.95694,-21.5985],[165.9586,-21.60111],[165.96123,-21.60088],[165.96205,-21.60114],[165.96316,-21.60308],[165.96428,-21.60366],[165.96551,-21.60305],[165.96793,-21.60344],[165.969,-21.60423],[165.97002,-21.60648],[165.97139,-21.60682],[165.97187,-21.60926],[165.97294,-21.61007],[165.97409,-21.60998],[165.97414,-21.61144],[165.97464,-21.61223],[165.97877,-21.61367],[165.98043,-21.61531],[165.98122,-21.61503],[165.98302,-21.61549],[165.98517,-21.61473],[165.98765,-21.61538],[165.98876,-21.61688],[165.98867,-21.61827],[165.98933,-21.61986],[165.99071,-21.62091],[165.99105,-21.62224],[165.99183,-21.6226],[165.99238,-21.62459],[165.99472,-21.62619],[165.99613,-21.62789],[165.99844,-21.62703],[165.99927,-21.62722],[166.00099,-21.62881],[166.00209,-21.62868],[166.00317,-21.62945],[166.00515,-21.63143],[166.00808,-21.63143],[166.00986,-21.63253],[166.01173,-21.6332],[166.01211,-21.63421],[166.01487,-21.63665],[166.01635,-21.63659],[166.01907,-21.63744],[166.02074,-21.63895],[166.02238,-21.63995],[166.02236,-21.64186],[166.02167,-21.64398],[166.02072,-21.64423],[166.01964,-21.64523],[166.0196,-21.64662],[166.01807,-21.64813],[166.01802,-21.64969],[166.01935,-21.65134],[166.01774,-21.65369],[166.01787,-21.65631],[166.01558,-21.65694],[166.0154,-21.65799],[166.01437,-21.65912],[166.01411,-21.66023],[166.01264,-21.66196],[166.01236,-21.6631],[166.0109,-21.6655],[166.01109,-21.66702],[166.01239,-21.66951],[166.01271,-21.67227],[166.01428,-21.67514],[166.01493,-21.67573],[166.01507,-21.67883],[166.01581,-21.67977],[166.0156,-21.68077],[166.01589,-21.68289],[166.01523,-21.68367],[166.01511,-21.68627],[166.01098,-21.68639],[166.00857,-21.6878],[166.00766,-21.68793],[166.00617,-21.68899],[166.00513,-21.68863],[166.00297,-21.68899],[166.00014,-21.69035],[165.99926,-21.69048],[165.99815,-21.6918],[165.99735,-21.69399],[165.99652,-21.69504],[165.99554,-21.69803],[165.99627,-21.7],[165.99634,-21.70281],[165.99533,-21.70412],[165.99501,-21.70557],[165.99339,-21.70713],[165.99352,-21.70906],[165.99215,-21.71063],[165.99104,-21.71124],[165.98982,-21.71502],[165.98877,-21.71585],[165.98764,-21.71742],[165.98588,-21.71808],[165.98337,-21.71704],[165.98122,-21.71733],[165.97997,-21.71793],[165.97757,-21.71852],[165.97779,-21.72037],[165.97714,-21.72229],[165.97535,-21.72261],[165.97375,-21.7221],[165.9711,-21.72271],[165.96935,-21.72464],[165.96788,-21.72463],[165.96687,-21.72609],[165.96534,-21.72691],[165.96403,-21.72822],[165.96398,-21.72897],[165.96262,-21.73039],[165.96223,-21.73138],[165.96077,-21.73205],[165.96061,-21.73361],[165.95948,-21.735],[165.95734,-21.73483],[165.95532,-21.73662],[165.95396,-21.74042],[165.9544,-21.74237],[165.95571,-21.74339],[165.95526,-21.74458],[165.95734,-21.74735],[165.95825,-21.749],[165.96051,-21.75071],[165.96199,-21.75398],[165.96176,-21.75535],[165.9636,-21.75674],[165.96412,-21.7581],[165.9636,-21.75995],[165.96335,-21.76249],[165.96284,-21.76363],[165.96334,-21.76505],[165.96419,-21.76622],[165.96183,-21.76726],[165.96092,-21.76719],[165.95815,-21.76972],[165.95584,-21.77072],[165.95502,-21.77139],[165.95525,-21.77229],[165.95422,-21.77301],[165.9532,-21.77491],[165.95229,-21.77539],[165.9508,-21.77708],[165.9488,-21.77878],[165.94463,-21.7795],[165.94322,-21.78021],[165.94136,-21.77963],[165.93995,-21.77997],[165.93886,-21.78126],[165.93399,-21.78282],[165.93184,-21.78218],[165.93065,-21.78235],[165.9286,-21.78119],[165.92617,-21.78108],[165.92513,-21.78245],[165.92476,-21.78379],[165.92312,-21.78569],[165.92397,-21.78689],[165.92352,-21.79113],[165.92235,-21.79145],[165.9197,-21.79288],[165.91927,-21.79435],[165.91831,-21.79519],[165.91612,-21.79604],[165.9149,-21.79817],[165.91476,-21.79993],[165.91593,-21.80176],[165.91802,-21.80346],[165.92033,-21.80448],[165.92141,-21.80583],[165.92233,-21.80631],[165.91935,-21.81016],[165.9184,-21.81068],[165.91747,-21.81222],[165.91627,-21.81244],[165.91561,-21.81459],[165.91432,-21.8156],[165.91376,-21.81666],[165.91426,-21.81794],[165.91374,-21.81918],[165.9124,-21.81993],[165.9121,-21.82243],[165.91085,-21.82243],[165.90991,-21.82426],[165.90853,-21.82477],[165.90488,-21.82739],[165.90206,-21.82905],[165.90068,-21.82883],[165.89971,-21.82915],[165.89824,-21.82848],[165.89637,-21.82659],[165.89068,-21.83414],[165.88922,-21.83626],[165.88675,-21.84027],[165.8845,-21.84265],[165.8823,-21.84453],[165.88109,-21.84498],[165.88172,-21.84591],[165.88074,-21.84784],[165.87935,-21.84914],[165.87924,-21.85058],[165.87865,-21.85103],[165.87715,-21.85065],[165.87547,-21.85114],[165.87503,-21.85286],[165.87356,-21.85357],[165.8734,-21.8545],[165.87234,-21.85511],[165.87212,-21.85619],[165.87044,-21.85685],[165.87018,-21.85893],[165.87103,-21.86216],[165.86928,-21.86138],[165.86862,-21.8591],[165.86886,-21.85613],[165.86771,-21.85519],[165.86563,-21.8563],[165.86569,-21.85762],[165.86457,-21.85866],[165.86386,-21.86024],[165.8631,-21.86038],[165.86233,-21.85844],[165.8601,-21.8582],[165.85677,-21.85711],[165.85471,-21.85808],[165.85468,-21.85685],[165.85332,-21.85689],[165.85247,-21.85791],[165.85075,-21.85879],[165.85111,-21.86012],[165.85008,-21.86157],[165.84914,-21.86189],[165.84806,-21.86303],[165.84711,-21.86528],[165.84633,-21.86544],[165.84497,-21.86435],[165.84219,-21.86458],[165.83968,-21.86568],[165.83896,-21.86515],[165.8377,-21.86552],[165.83618,-21.86512],[165.83347,-21.86568],[165.8315,-21.86658],[165.82888,-21.8681],[165.82601,-21.87023],[165.82427,-21.87042],[165.82399,-21.87087],[165.82113,-21.87251],[165.81984,-21.87295],[165.81861,-21.87052],[165.81876,-21.8694],[165.81985,-21.86757],[165.81964,-21.8645],[165.81905,-21.86357],[165.81747,-21.86251],[165.81605,-21.862],[165.81456,-21.86191],[165.81359,-21.86125],[165.81206,-21.86088],[165.81083,-21.8594],[165.80969,-21.85884],[165.8089,-21.85763],[165.80791,-21.85723],[165.80851,-21.85615],[165.80842,-21.85403],[165.80938,-21.85259],[165.8106,-21.84867],[165.81002,-21.84655],[165.80858,-21.84466],[165.80848,-21.84302],[165.80964,-21.84367],[165.81409,-21.84795],[165.81253,-21.8486],[165.81182,-21.84938],[165.81146,-21.8521],[165.81282,-21.85122],[165.81356,-21.85204],[165.81663,-21.85157],[165.81862,-21.85205],[165.81946,-21.85172],[165.8206,-21.85034],[165.82345,-21.85064],[165.8236,-21.85124],[165.82524,-21.85109],[165.82582,-21.85317],[165.82801,-21.8536],[165.82915,-21.85421],[165.83032,-21.85386],[165.83305,-21.85405],[165.83589,-21.85379],[165.83792,-21.85279],[165.83846,-21.8504],[165.83854,-21.8479],[165.83976,-21.84693],[165.84008,-21.84535],[165.83819,-21.84601],[165.83708,-21.84525],[165.83591,-21.84536],[165.83475,-21.84474],[165.83442,-21.84388],[165.8347,-21.84156],[165.83297,-21.83788],[165.83437,-21.83713],[165.83364,-21.83526],[165.83382,-21.83377],[165.83176,-21.83426],[165.8299,-21.83326],[165.83146,-21.8322],[165.83149,-21.83119],[165.83021,-21.82958],[165.8317,-21.82876],[165.83193,-21.8276],[165.82978,-21.82375],[165.82855,-21.82375],[165.82866,-21.82226],[165.82808,-21.82029],[165.82891,-21.8192],[165.83032,-21.8191],[165.8309,-21.81821],[165.82856,-21.81728],[165.8277,-21.81757],[165.82661,-21.81663],[165.82628,-21.81502],[165.82505,-21.81376],[165.825,-21.81258],[165.82604,-21.81232],[165.82535,-21.81107],[165.82279,-21.81043],[165.82199,-21.81246],[165.81972,-21.8124],[165.81983,-21.81409],[165.81953,-21.81601],[165.81897,-21.81664],[165.82045,-21.81781],[165.82085,-21.81863],[165.82076,-21.82003],[165.82022,-21.82058],[165.81891,-21.82035],[165.8179,-21.81923],[165.81597,-21.81793],[165.81375,-21.81703],[165.81367,-21.81539],[165.81536,-21.81429],[165.81488,-21.81342],[165.81356,-21.81351],[165.81193,-21.81281],[165.81042,-21.81477],[165.80974,-21.81457],[165.80884,-21.81182],[165.80824,-21.81073],[165.80828,-21.80823],[165.807,-21.80681],[165.80328,-21.80833],[165.80322,-21.80895],[165.80139,-21.81058],[165.7978,-21.81076],[165.79674,-21.81124],[165.79508,-21.81054],[165.79536,-21.80948],[165.79651,-21.80972],[165.79677,-21.80825],[165.79862,-21.80652],[165.80009,-21.8045],[165.79618,-21.80289],[165.79424,-21.80284],[165.79495,-21.80148],[165.7963,-21.80293],[165.79893,-21.804],[165.80064,-21.80406],[165.80137,-21.8032],[165.80131,-21.80223],[165.79985,-21.80055],[165.80038,-21.79876],[165.80194,-21.79861],[165.80276,-21.79746],[165.80171,-21.7953],[165.80267,-21.79457],[165.80411,-21.79542],[165.80459,-21.79451],[165.80731,-21.7937],[165.80682,-21.79297],[165.80887,-21.79232],[165.80981,-21.79337],[165.8109,-21.79213],[165.80855,-21.79168],[165.80729,-21.79253],[165.80677,-21.79163],[165.80438,-21.79163],[165.80288,-21.7907],[165.80261,-21.78932],[165.80081,-21.79036],[165.79925,-21.79062],[165.79748,-21.78959],[165.79757,-21.78907],[165.79525,-21.78861],[165.79555,-21.78986],[165.79392,-21.78976],[165.79301,-21.78885],[165.7926,-21.78683],[165.79163,-21.78449],[165.79055,-21.78473],[165.79005,-21.78642],[165.78883,-21.78718],[165.78812,-21.78882],[165.78867,-21.79054],[165.78771,-21.79041],[165.78744,-21.78943],[165.78616,-21.78864],[165.78382,-21.78911],[165.78141,-21.78893],[165.7808,-21.79012],[165.78171,-21.79189],[165.78044,-21.79174],[165.77902,-21.79003],[165.7781,-21.79],[165.77844,-21.7918],[165.77762,-21.79302],[165.77807,-21.79476],[165.77865,-21.79559],[165.77839,-21.79669],[165.77948,-21.79726],[165.78056,-21.79879],[165.7807,-21.80027],[165.77937,-21.80169],[165.78127,-21.80194],[165.78248,-21.80139],[165.7831,-21.80198],[165.78265,-21.80351],[165.78348,-21.80378],[165.78305,-21.80493],[165.78121,-21.80541],[165.77951,-21.80432],[165.77841,-21.80469],[165.77779,-21.80894],[165.77801,-21.80973],[165.78019,-21.8116],[165.77949,-21.81315],[165.78171,-21.81495],[165.78168,-21.81621],[165.77861,-21.81371],[165.77841,-21.81251],[165.77913,-21.81185],[165.77832,-21.81026],[165.77701,-21.81012],[165.77597,-21.8112],[165.77402,-21.81072],[165.77146,-21.80933],[165.76999,-21.80908],[165.76898,-21.80615],[165.76921,-21.8047],[165.76827,-21.80351],[165.76559,-21.8027],[165.76534,-21.80395],[165.764,-21.8028],[165.76333,-21.80104],[165.76192,-21.79921],[165.76176,-21.7974],[165.76201,-21.79577],[165.76282,-21.79474],[165.76235,-21.79311],[165.76274,-21.79243],[165.76158,-21.79013],[165.76061,-21.78878],[165.75936,-21.78799],[165.75759,-21.78787],[165.75357,-21.784],[165.75341,-21.78319],[165.75573,-21.78236],[165.75682,-21.78131],[165.75743,-21.78195],[165.75724,-21.78293],[165.75926,-21.78313],[165.76012,-21.78369],[165.76121,-21.78317],[165.75954,-21.78179],[165.7601,-21.78099],[165.76241,-21.78106],[165.76348,-21.7798],[165.76489,-21.78106],[165.76581,-21.7814],[165.76784,-21.78018],[165.76951,-21.77966],[165.77011,-21.77871],[165.77078,-21.77575],[165.77202,-21.77404],[165.77352,-21.77143],[165.77545,-21.77065],[165.7775,-21.7702],[165.77876,-21.76824],[165.77359,-21.76967],[165.77426,-21.76713],[165.77525,-21.76576],[165.77458,-21.76462],[165.77355,-21.76433],[165.77276,-21.76601],[165.77138,-21.76698],[165.77131,-21.76777],[165.76711,-21.76612],[165.76456,-21.76536],[165.7624,-21.76371],[165.76143,-21.76351],[165.75983,-21.76185],[165.75718,-21.76034],[165.75605,-21.76015],[165.7554,-21.76101],[165.75446,-21.76042],[165.75316,-21.75818],[165.75169,-21.75725],[165.75002,-21.75697],[165.7492,-21.75631],[165.74879,-21.7549],[165.74757,-21.75422],[165.74583,-21.75431],[165.74493,-21.7553],[165.74288,-21.75384],[165.74077,-21.7533],[165.73897,-21.75247],[165.73644,-21.75236],[165.73392,-21.75126],[165.73291,-21.74997],[165.73243,-21.74853],[165.73068,-21.74754],[165.72942,-21.74592],[165.7277,-21.74482],[165.72672,-21.74275],[165.72793,-21.74229],[165.72862,-21.74077],[165.72787,-21.73934],[165.72926,-21.73863],[165.73288,-21.74036],[165.73376,-21.74031],[165.73456,-21.74118],[165.7367,-21.74077],[165.73928,-21.7412],[165.74204,-21.74243],[165.74337,-21.74467],[165.74469,-21.74539],[165.74512,-21.74436],[165.74507,-21.74208],[165.74534,-21.74047],[165.74594,-21.73925],[165.74914,-21.73818],[165.74865,-21.73644],[165.74588,-21.73362],[165.74485,-21.73326],[165.74329,-21.7309],[165.74346,-21.73011],[165.74461,-21.72976],[165.74571,-21.73001],[165.74716,-21.73143],[165.74892,-21.73251],[165.74993,-21.73522],[165.7514,-21.73607],[165.75179,-21.73776],[165.75313,-21.73813],[165.75413,-21.73997],[165.75559,-21.74114],[165.75767,-21.74138],[165.75903,-21.74018],[165.75828,-21.73896],[165.75992,-21.73842],[165.76098,-21.73897],[165.76119,-21.73758],[165.76176,-21.73683],[165.76375,-21.73635],[165.76579,-21.73706],[165.76694,-21.73709],[165.76836,-21.73978],[165.769,-21.74165],[165.7703,-21.74281],[165.76927,-21.74474],[165.77047,-21.74565],[165.77098,-21.74688],[165.77284,-21.7456],[165.77346,-21.74405],[165.77562,-21.74452],[165.77638,-21.74405],[165.77748,-21.74254],[165.77895,-21.74341],[165.78094,-21.74142],[165.78225,-21.74138],[165.78415,-21.74065],[165.78594,-21.73892],[165.78704,-21.73969],[165.78794,-21.7397],[165.7887,-21.73835],[165.79067,-21.73768],[165.79256,-21.73762],[165.79424,-21.73662],[165.79356,-21.73544],[165.79561,-21.73358],[165.79351,-21.73233],[165.79257,-21.73126],[165.79284,-21.72961],[165.7935,-21.72905],[165.79625,-21.72877],[165.79768,-21.72805],[165.79809,-21.72685],[165.79598,-21.72626],[165.79446,-21.7255],[165.79447,-21.7244],[165.79536,-21.72384],[165.79724,-21.72345],[165.79815,-21.72382],[165.79938,-21.72502],[165.80019,-21.7247],[165.79979,-21.72215],[165.79844,-21.72221],[165.79599,-21.72322],[165.79497,-21.72321],[165.79376,-21.72463],[165.79299,-21.72494],[165.79247,-21.72359],[165.795,-21.72189],[165.7941,-21.72075],[165.79269,-21.72091],[165.79204,-21.72015],[165.78974,-21.72043],[165.78904,-21.72159],[165.78769,-21.72127],[165.78774,-21.72351],[165.78834,-21.72385],[165.78793,-21.72543],[165.78872,-21.72881],[165.78774,-21.72974],[165.78507,-21.73163],[165.78409,-21.73106],[165.78424,-21.73006],[165.7861,-21.7289],[165.78714,-21.72626],[165.78647,-21.72525],[165.78547,-21.72501],[165.7838,-21.72594],[165.78286,-21.72576],[165.78226,-21.72676],[165.78356,-21.72987],[165.78342,-21.73186],[165.78127,-21.73463],[165.77796,-21.73711],[165.77695,-21.73637],[165.77818,-21.73546],[165.78066,-21.7346],[165.78188,-21.73295],[165.77958,-21.73147],[165.77849,-21.72946],[165.77902,-21.72643],[165.77775,-21.72569],[165.77795,-21.72438],[165.77954,-21.72446],[165.77983,-21.7236],[165.78117,-21.72336],[165.78108,-21.72219],[165.77864,-21.72062],[165.77796,-21.71907],[165.77804,-21.71828],[165.77711,-21.71676],[165.7762,-21.71654],[165.77561,-21.71765],[165.77403,-21.71872],[165.77344,-21.71955],[165.77323,-21.72153],[165.77206,-21.72209],[165.77107,-21.72185],[165.76924,-21.72049],[165.76731,-21.72073],[165.76678,-21.71983],[165.765,-21.71951],[165.76371,-21.71883],[165.76304,-21.71907],[165.76174,-21.71767],[165.75938,-21.71592],[165.75748,-21.71536],[165.75588,-21.71422],[165.75503,-21.71269],[165.75313,-21.71176],[165.75291,-21.7112],[165.74999,-21.71051],[165.74871,-21.70864],[165.74828,-21.70752],[165.74898,-21.70583],[165.74999,-21.70459],[165.75018,-21.70287],[165.7523,-21.70245],[165.75375,-21.70295],[165.75602,-21.70235],[165.75423,-21.7004],[165.75303,-21.70052],[165.75127,-21.70157],[165.75032,-21.69993],[165.7475,-21.69778],[165.74586,-21.69705],[165.74504,-21.69623],[165.74202,-21.69593],[165.74173,-21.69718],[165.74393,-21.69716],[165.7448,-21.69861],[165.74629,-21.69959],[165.74751,-21.702],[165.74685,-21.70276],[165.7465,-21.7053],[165.74495,-21.70778],[165.74329,-21.70859],[165.74192,-21.70975],[165.74173,-21.71059],[165.7365,-21.70833],[165.73632,-21.7073],[165.73447,-21.70592],[165.73287,-21.70565],[165.73126,-21.70609],[165.73025,-21.70494],[165.72971,-21.70324],[165.72858,-21.70298],[165.72691,-21.70372],[165.72537,-21.70357],[165.72402,-21.70301]],[[165.80875,-21.84446],[165.81101,-21.84656],[165.81233,-21.84663],[165.80985,-21.84411],[165.80875,-21.84446]],[[165.82264,-21.86561],[165.82234,-21.86401],[165.82111,-21.86452],[165.8205,-21.86543],[165.82189,-21.86609],[165.82264,-21.86561]],[[165.8227,-21.86828],[165.82441,-21.868],[165.82584,-21.8671],[165.82635,-21.86628],[165.82528,-21.86577],[165.82317,-21.86542],[165.82263,-21.86645],[165.82151,-21.86731],[165.8227,-21.86828]]]]}},{"type":"Feature","id":"fr-commune-98814","properties":{"id":"fr-commune-98814","name":"Lifou","kind":"commune","center":[167.3788,-20.9581],"code":"98814","department":"988"},"bbox":[167.01102,-21.18654,167.83975,-20.67914],"geometry":{"type":"MultiPolygon","coordinates":[[[[167.81609,-21.08795],[167.81903,-21.08999],[167.82108,-21.09206],[167.82219,-21.09472],[167.82299,-21.0958],[167.82467,-21.0996],[167.82596,-21.10128],[167.82612,-21.10202],[167.82764,-21.10417],[167.82783,-21.10511],[167.82895,-21.10652],[167.83206,-21.11156],[167.8345,-21.11414],[167.83603,-21.11547],[167.83826,-21.11698],[167.83975,-21.11883],[167.83679,-21.12221],[167.83492,-21.12476],[167.8327,-21.12566],[167.8283,-21.12664],[167.82587,-21.12746],[167.82293,-21.12881],[167.82139,-21.12865],[167.81957,-21.12466],[167.81898,-21.12252],[167.81705,-21.11947],[167.81455,-21.11654],[167.8134,-21.11544],[167.8099,-21.11303],[167.80703,-21.11069],[167.80419,-21.10748],[167.80106,-21.10479],[167.79991,-21.10302],[167.79946,-21.10157],[167.79836,-21.10028],[167.79765,-21.09795],[167.79569,-21.09523],[167.79389,-21.09193],[167.79386,-21.0913],[167.79671,-21.09028],[167.79679,-21.08846],[167.79724,-21.08761],[167.79858,-21.08685],[167.79895,-21.0861],[167.80152,-21.08568],[167.80311,-21.08488],[167.80478,-21.08504],[167.80668,-21.08457],[167.8114,-21.08533],[167.81299,-21.08595],[167.81609,-21.08795]]],[[[167.14071,-21.0794],[167.13707,-21.07809],[167.13526,-21.07717],[167.13071,-21.07234],[167.1272,-21.07041],[167.12589,-21.06886],[167.12504,-21.06648],[167.124,-21.06521],[167.12296,-21.06307],[167.12205,-21.062],[167.12049,-21.05909],[167.11856,-21.05682],[167.11665,-21.05567],[167.11534,-21.05437],[167.11464,-21.05273],[167.11213,-21.05007],[167.11087,-21.04933],[167.10762,-21.0487],[167.10661,-21.04822],[167.10535,-21.047],[167.10241,-21.04504],[167.09745,-21.04353],[167.09502,-21.0413],[167.09381,-21.03919],[167.09142,-21.03579],[167.09076,-21.03364],[167.09098,-21.03207],[167.09013,-21.0265],[167.0896,-21.02563],[167.08897,-21.02196],[167.08844,-21.02113],[167.08892,-21.01888],[167.08814,-21.0167],[167.08701,-21.01439],[167.08606,-21.01317],[167.08411,-21.01174],[167.08225,-21.01077],[167.08071,-21.00821],[167.07796,-21.00602],[167.07513,-21.00242],[167.0724,-21.00083],[167.06823,-20.99959],[167.06694,-20.99885],[167.06489,-20.99409],[167.06316,-20.99208],[167.06178,-20.9909],[167.05997,-20.9898],[167.05739,-20.98903],[167.05457,-20.98788],[167.05431,-20.98731],[167.05455,-20.98457],[167.05504,-20.9837],[167.05711,-20.98324],[167.05791,-20.98239],[167.05802,-20.98017],[167.06006,-20.97994],[167.06175,-20.97774],[167.0626,-20.97612],[167.06282,-20.97332],[167.06365,-20.97112],[167.06365,-20.96877],[167.06286,-20.96687],[167.06123,-20.96383],[167.05935,-20.96123],[167.05837,-20.9609],[167.05787,-20.95955],[167.05646,-20.95868],[167.05726,-20.95763],[167.05778,-20.95582],[167.05587,-20.95225],[167.05484,-20.95198],[167.0521,-20.94835],[167.04845,-20.94699],[167.04666,-20.94666],[167.04427,-20.94568],[167.0429,-20.94574],[167.04186,-20.94526],[167.03911,-20.94591],[167.03549,-20.9444],[167.0317,-20.9435],[167.02782,-20.94176],[167.02664,-20.94093],[167.02398,-20.93785],[167.0195,-20.93399],[167.01832,-20.93137],[167.01774,-20.92831],[167.01707,-20.92613],[167.01506,-20.92304],[167.01291,-20.92156],[167.01102,-20.91845],[167.01156,-20.91644],[167.01253,-20.91545],[167.01445,-20.91437],[167.01753,-20.91366],[167.01893,-20.91453],[167.01963,-20.91351],[167.02073,-20.91417],[167.02249,-20.91454],[167.02363,-20.91414],[167.02498,-20.91488],[167.02681,-20.91502],[167.02766,-20.91459],[167.02888,-20.91515],[167.02973,-20.9143],[167.03395,-20.91406],[167.03508,-20.91336],[167.03706,-20.913],[167.0391,-20.91307],[167.0404,-20.91368],[167.04143,-20.91175],[167.04334,-20.91237],[167.0457,-20.91249],[167.04641,-20.91346],[167.04648,-20.91501],[167.04623,-20.91805],[167.04854,-20.92028],[167.05166,-20.92186],[167.0543,-20.92364],[167.05598,-20.92446],[167.06029,-20.92593],[167.06163,-20.92704],[167.06516,-20.92822],[167.06715,-20.92839],[167.06837,-20.9293],[167.07269,-20.92936],[167.07556,-20.92879],[167.07818,-20.92775],[167.08075,-20.92751],[167.08253,-20.92689],[167.08641,-20.92519],[167.08778,-20.92406],[167.08896,-20.92253],[167.08964,-20.91941],[167.09065,-20.91813],[167.09249,-20.91677],[167.09557,-20.91577],[167.09819,-20.91606],[167.09877,-20.91584],[167.10128,-20.91649],[167.1032,-20.91596],[167.10357,-20.91646],[167.10508,-20.91615],[167.1063,-20.91504],[167.10801,-20.91295],[167.10948,-20.91253],[167.11314,-20.91032],[167.11502,-20.90973],[167.11637,-20.90979],[167.11704,-20.91035],[167.1189,-20.91053],[167.12143,-20.909],[167.12236,-20.90763],[167.12405,-20.90665],[167.12577,-20.90423],[167.12643,-20.90251],[167.12746,-20.90131],[167.12821,-20.89943],[167.12817,-20.89818],[167.12913,-20.8966],[167.13081,-20.8965],[167.13228,-20.89516],[167.13414,-20.89281],[167.13522,-20.89005],[167.13615,-20.88866],[167.13798,-20.88516],[167.13809,-20.88411],[167.13923,-20.88053],[167.13927,-20.87601],[167.1407,-20.87506],[167.14099,-20.87288],[167.14318,-20.87134],[167.14568,-20.87015],[167.14783,-20.8698],[167.15028,-20.86787],[167.15271,-20.86632],[167.15366,-20.86439],[167.15481,-20.86352],[167.15786,-20.86048],[167.15932,-20.85969],[167.16153,-20.85941],[167.16282,-20.85866],[167.16419,-20.85698],[167.16522,-20.85405],[167.16546,-20.85182],[167.16515,-20.85019],[167.16349,-20.84811],[167.16336,-20.84744],[167.16449,-20.84538],[167.16548,-20.84235],[167.16708,-20.84008],[167.16927,-20.83908],[167.17068,-20.83892],[167.17351,-20.83744],[167.17571,-20.83551],[167.17705,-20.83366],[167.178,-20.83172],[167.17841,-20.83019],[167.17857,-20.82711],[167.17823,-20.82301],[167.17777,-20.82146],[167.17936,-20.8185],[167.18019,-20.81485],[167.17985,-20.81219],[167.17786,-20.8075],[167.17695,-20.80628],[167.17692,-20.80539],[167.17589,-20.80407],[167.17599,-20.80341],[167.175,-20.79901],[167.17248,-20.7963],[167.17225,-20.79532],[167.17053,-20.79293],[167.16853,-20.79222],[167.16502,-20.79248],[167.16178,-20.79346],[167.15937,-20.79379],[167.15775,-20.79438],[167.15563,-20.7933],[167.15414,-20.79042],[167.15311,-20.78737],[167.15134,-20.78542],[167.15071,-20.78537],[167.14847,-20.78368],[167.1469,-20.78321],[167.14565,-20.78224],[167.14356,-20.78203],[167.14034,-20.78088],[167.13681,-20.78052],[167.13587,-20.78016],[167.13256,-20.78021],[167.12888,-20.7813],[167.12643,-20.78291],[167.1254,-20.78395],[167.12404,-20.78662],[167.12418,-20.7892],[167.12351,-20.79069],[167.12228,-20.79071],[167.12163,-20.78911],[167.12205,-20.78743],[167.12115,-20.78622],[167.11958,-20.78527],[167.11754,-20.78568],[167.11676,-20.78533],[167.11831,-20.78287],[167.1179,-20.7811],[167.11707,-20.78021],[167.11692,-20.77909],[167.11602,-20.7773],[167.11503,-20.77673],[167.11481,-20.77561],[167.1137,-20.77403],[167.11301,-20.774],[167.11257,-20.77237],[167.11171,-20.77124],[167.10993,-20.7699],[167.10787,-20.76885],[167.10657,-20.76885],[167.10481,-20.76813],[167.10345,-20.76635],[167.10184,-20.76538],[167.09945,-20.76492],[167.09744,-20.76482],[167.09585,-20.76572],[167.09302,-20.76624],[167.0917,-20.76706],[167.09061,-20.76823],[167.0878,-20.76807],[167.08554,-20.76891],[167.08345,-20.76881],[167.08168,-20.7697],[167.07749,-20.7705],[167.07426,-20.7713],[167.07154,-20.77153],[167.06977,-20.77146],[167.06627,-20.77166],[167.06004,-20.77231],[167.05788,-20.77295],[167.05632,-20.77309],[167.05351,-20.77383],[167.04997,-20.775],[167.04816,-20.77626],[167.04707,-20.77637],[167.04607,-20.77729],[167.04296,-20.77861],[167.04247,-20.77995],[167.04007,-20.77958],[167.03873,-20.78054],[167.03748,-20.77993],[167.03634,-20.78008],[167.03426,-20.77866],[167.03382,-20.77755],[167.03331,-20.77359],[167.03252,-20.77136],[167.0315,-20.76958],[167.02939,-20.76753],[167.02976,-20.76624],[167.02877,-20.76453],[167.0292,-20.76272],[167.03004,-20.76274],[167.03091,-20.76188],[167.03361,-20.76136],[167.03436,-20.75911],[167.03499,-20.75881],[167.03594,-20.75677],[167.03691,-20.75662],[167.03781,-20.75314],[167.03937,-20.75156],[167.03929,-20.74947],[167.03875,-20.74849],[167.03938,-20.74665],[167.03906,-20.74519],[167.04006,-20.74458],[167.03873,-20.7396],[167.03897,-20.73869],[167.03812,-20.73826],[167.03815,-20.73565],[167.03913,-20.73309],[167.04127,-20.73122],[167.043,-20.73007],[167.04355,-20.72924],[167.04632,-20.72811],[167.04774,-20.7271],[167.04751,-20.72536],[167.04997,-20.72452],[167.05211,-20.72453],[167.05259,-20.72331],[167.05329,-20.72324],[167.0558,-20.72048],[167.0564,-20.72054],[167.05807,-20.71953],[167.05935,-20.71823],[167.0618,-20.71675],[167.06494,-20.71552],[167.06686,-20.71526],[167.07103,-20.71368],[167.07175,-20.71303],[167.07291,-20.7129],[167.07601,-20.71194],[167.07952,-20.71189],[167.08211,-20.71316],[167.08277,-20.71386],[167.08631,-20.71502],[167.08828,-20.71485],[167.08942,-20.71512],[167.09269,-20.71416],[167.0936,-20.71456],[167.09501,-20.71411],[167.09628,-20.71255],[167.09751,-20.71169],[167.09909,-20.70969],[167.1005,-20.71055],[167.10479,-20.71103],[167.10605,-20.71201],[167.11003,-20.71449],[167.11133,-20.71506],[167.1133,-20.71529],[167.11658,-20.71695],[167.1183,-20.71737],[167.12334,-20.71978],[167.12547,-20.72036],[167.12788,-20.72189],[167.12955,-20.72199],[167.13005,-20.72279],[167.13205,-20.72345],[167.13402,-20.72358],[167.13621,-20.72473],[167.14041,-20.72378],[167.1427,-20.72356],[167.14667,-20.7237],[167.14875,-20.72342],[167.14971,-20.72253],[167.15158,-20.72172],[167.15499,-20.71899],[167.15785,-20.71749],[167.16052,-20.71525],[167.16211,-20.71352],[167.16305,-20.71179],[167.16313,-20.70907],[167.16362,-20.7062],[167.16309,-20.70537],[167.1633,-20.70427],[167.16272,-20.70318],[167.16226,-20.70087],[167.1615,-20.70025],[167.16208,-20.69853],[167.161,-20.69539],[167.16035,-20.69459],[167.16109,-20.69359],[167.1611,-20.69209],[167.16162,-20.68996],[167.16339,-20.68872],[167.16886,-20.68723],[167.17269,-20.68576],[167.17486,-20.68477],[167.1769,-20.68264],[167.17901,-20.68155],[167.17935,-20.68088],[167.18174,-20.68038],[167.18353,-20.67936],[167.18537,-20.67988],[167.18829,-20.67943],[167.19245,-20.67914],[167.1977,-20.68047],[167.20103,-20.6798],[167.20253,-20.68006],[167.20472,-20.67942],[167.20578,-20.6798],[167.20867,-20.67953],[167.20982,-20.68007],[167.21109,-20.67982],[167.21205,-20.68045],[167.21801,-20.68181],[167.22064,-20.68198],[167.22296,-20.683],[167.22533,-20.68343],[167.2262,-20.68473],[167.22714,-20.68525],[167.22877,-20.68689],[167.22915,-20.68773],[167.23168,-20.68888],[167.23634,-20.6907],[167.23702,-20.69064],[167.23914,-20.69138],[167.24063,-20.69267],[167.24227,-20.69354],[167.24535,-20.69458],[167.24805,-20.6957],[167.24949,-20.698],[167.25132,-20.69948],[167.2549,-20.70357],[167.25591,-20.70426],[167.25721,-20.70672],[167.25868,-20.70861],[167.26121,-20.71055],[167.26294,-20.71114],[167.26446,-20.71224],[167.26732,-20.71309],[167.26875,-20.71393],[167.26857,-20.71488],[167.26902,-20.71831],[167.26888,-20.71895],[167.26984,-20.72143],[167.27235,-20.7246],[167.27444,-20.72635],[167.27612,-20.72721],[167.28056,-20.72808],[167.28171,-20.72867],[167.28468,-20.72952],[167.28594,-20.72954],[167.28873,-20.72888],[167.29047,-20.7279],[167.2927,-20.72768],[167.29606,-20.72674],[167.29874,-20.72721],[167.30047,-20.72965],[167.3012,-20.73133],[167.30175,-20.73566],[167.30147,-20.73971],[167.3019,-20.74246],[167.30067,-20.74654],[167.29973,-20.74804],[167.29874,-20.74883],[167.29738,-20.75097],[167.29525,-20.75353],[167.29256,-20.75595],[167.29161,-20.7556],[167.2902,-20.75601],[167.287,-20.75639],[167.285,-20.75718],[167.28292,-20.75742],[167.28134,-20.75862],[167.27865,-20.75946],[167.27938,-20.76053],[167.27667,-20.76311],[167.27594,-20.76453],[167.27603,-20.76744],[167.27547,-20.76884],[167.27577,-20.77009],[167.27489,-20.77359],[167.27557,-20.77459],[167.27524,-20.7759],[167.27495,-20.7807],[167.27468,-20.78296],[167.27515,-20.78412],[167.27457,-20.78498],[167.27477,-20.78779],[167.2753,-20.78953],[167.27612,-20.79079],[167.27548,-20.79164],[167.27602,-20.79301],[167.2759,-20.79399],[167.27634,-20.79556],[167.27593,-20.80188],[167.27639,-20.80299],[167.27589,-20.80452],[167.27477,-20.80557],[167.27427,-20.8066],[167.27282,-20.81222],[167.27323,-20.81301],[167.27256,-20.815],[167.27257,-20.81845],[167.27212,-20.82078],[167.27311,-20.82447],[167.27368,-20.82792],[167.27495,-20.83143],[167.2756,-20.83383],[167.27541,-20.83461],[167.27616,-20.83573],[167.27741,-20.83894],[167.27909,-20.84175],[167.28259,-20.84624],[167.28366,-20.84815],[167.28387,-20.84969],[167.28385,-20.85311],[167.28688,-20.86191],[167.28893,-20.86567],[167.29033,-20.87149],[167.29046,-20.87291],[167.29013,-20.87602],[167.28947,-20.87856],[167.28821,-20.88001],[167.28656,-20.88072],[167.28436,-20.8821],[167.28341,-20.88232],[167.2818,-20.88338],[167.2785,-20.88685],[167.27767,-20.88821],[167.27629,-20.88949],[167.27349,-20.89099],[167.27279,-20.89233],[167.26941,-20.89547],[167.26826,-20.89556],[167.26703,-20.8971],[167.26681,-20.89801],[167.26449,-20.89831],[167.26378,-20.89902],[167.2607,-20.89996],[167.25913,-20.90093],[167.25763,-20.90277],[167.25724,-20.90449],[167.2573,-20.90745],[167.25784,-20.90893],[167.25993,-20.9121],[167.2618,-20.91388],[167.26411,-20.91547],[167.26739,-20.91733],[167.26978,-20.91758],[167.27357,-20.91956],[167.27546,-20.91999],[167.27581,-20.91939],[167.27761,-20.91953],[167.27888,-20.91927],[167.27887,-20.91854],[167.28019,-20.91837],[167.28452,-20.91583],[167.28477,-20.91509],[167.28687,-20.9142],[167.28862,-20.91391],[167.29376,-20.91531],[167.29826,-20.91761],[167.29923,-20.91758],[167.30181,-20.91915],[167.30244,-20.92092],[167.30228,-20.92193],[167.30306,-20.92416],[167.30399,-20.92504],[167.30397,-20.92614],[167.30511,-20.92653],[167.30614,-20.92775],[167.30633,-20.9292],[167.30766,-20.92937],[167.30881,-20.93038],[167.30967,-20.93035],[167.31198,-20.93174],[167.31334,-20.93388],[167.31636,-20.93524],[167.31652,-20.93593],[167.31901,-20.93658],[167.32013,-20.93743],[167.32273,-20.93765],[167.32703,-20.93833],[167.33048,-20.93941],[167.33342,-20.94076],[167.33855,-20.94128],[167.34027,-20.94116],[167.34097,-20.94159],[167.34222,-20.9413],[167.34447,-20.9396],[167.34731,-20.93954],[167.34983,-20.93896],[167.35363,-20.94066],[167.35375,-20.94127],[167.35571,-20.94221],[167.35681,-20.94228],[167.35869,-20.94353],[167.36174,-20.94484],[167.36365,-20.94616],[167.36452,-20.94635],[167.3658,-20.94752],[167.36785,-20.94849],[167.36927,-20.94861],[167.37185,-20.9513],[167.37327,-20.95228],[167.37462,-20.95373],[167.3776,-20.95609],[167.3788,-20.95808],[167.37892,-20.95906],[167.38114,-20.96344],[167.38134,-20.9644],[167.38284,-20.96706],[167.38377,-20.97181],[167.38369,-20.97405],[167.38498,-20.97983],[167.3848,-20.98236],[167.38417,-20.98534],[167.38266,-20.99046],[167.38187,-20.99173],[167.38169,-20.99317],[167.37964,-20.99402],[167.37856,-20.99601],[167.3781,-20.99898],[167.37859,-21.0002],[167.37784,-21.00278],[167.37791,-21.0036],[167.37977,-21.00981],[167.38061,-21.01155],[167.38115,-21.01459],[167.38185,-21.01552],[167.38351,-21.01576],[167.38443,-21.01703],[167.38776,-21.01795],[167.3893,-21.01923],[167.39214,-21.02082],[167.39538,-21.02371],[167.39704,-21.02436],[167.39783,-21.02547],[167.39796,-21.02693],[167.3993,-21.02695],[167.40085,-21.02646],[167.40212,-21.02797],[167.40357,-21.02871],[167.40473,-21.03013],[167.40611,-21.03067],[167.40783,-21.03304],[167.40933,-21.03423],[167.4122,-21.03539],[167.41781,-21.03578],[167.41967,-21.03556],[167.42179,-21.03349],[167.4221,-21.03267],[167.42403,-21.0323],[167.42663,-21.03303],[167.42902,-21.03421],[167.43218,-21.03614],[167.43414,-21.03812],[167.43658,-21.04318],[167.43725,-21.04591],[167.4385,-21.04822],[167.43884,-21.05158],[167.43821,-21.05388],[167.43923,-21.05462],[167.4404,-21.05473],[167.44142,-21.05295],[167.44247,-21.05319],[167.44292,-21.05101],[167.44482,-21.0497],[167.44694,-21.04918],[167.44743,-21.0495],[167.44956,-21.04903],[167.45121,-21.04916],[167.45224,-21.04977],[167.45399,-21.05017],[167.45434,-21.05086],[167.45667,-21.05198],[167.45775,-21.05322],[167.45869,-21.05528],[167.45916,-21.0555],[167.4597,-21.05788],[167.46025,-21.05911],[167.4603,-21.06067],[167.45863,-21.06621],[167.45682,-21.06809],[167.45595,-21.06938],[167.45295,-21.07138],[167.45135,-21.07195],[167.44536,-21.07286],[167.44314,-21.07369],[167.44232,-21.07356],[167.44102,-21.07418],[167.43707,-21.07721],[167.43261,-21.07982],[167.42846,-21.08317],[167.42785,-21.08302],[167.42631,-21.08382],[167.42249,-21.08658],[167.42064,-21.08856],[167.41798,-21.09104],[167.41508,-21.0926],[167.41362,-21.09432],[167.41138,-21.09497],[167.41087,-21.09391],[167.40956,-21.09443],[167.40905,-21.09631],[167.41034,-21.09783],[167.40975,-21.09851],[167.40755,-21.09861],[167.40698,-21.10062],[167.40848,-21.10139],[167.40805,-21.10194],[167.40725,-21.1055],[167.40619,-21.10641],[167.40569,-21.10765],[167.40559,-21.10937],[167.40668,-21.11018],[167.40711,-21.11339],[167.40754,-21.11506],[167.40753,-21.11669],[167.40808,-21.11748],[167.40866,-21.11967],[167.4096,-21.12105],[167.40962,-21.12201],[167.41043,-21.12283],[167.41147,-21.12473],[167.41203,-21.12675],[167.41387,-21.13003],[167.4139,-21.13154],[167.41336,-21.1346],[167.41245,-21.1366],[167.41266,-21.13812],[167.41186,-21.14022],[167.41214,-21.14246],[167.41334,-21.14413],[167.41395,-21.14573],[167.41538,-21.1464],[167.4155,-21.14954],[167.41479,-21.15242],[167.41392,-21.15401],[167.4136,-21.15542],[167.41376,-21.15789],[167.41342,-21.15959],[167.41445,-21.16279],[167.41442,-21.164],[167.41191,-21.1654],[167.41,-21.16547],[167.40797,-21.1665],[167.40647,-21.16679],[167.40261,-21.1688],[167.40181,-21.16969],[167.39832,-21.1703],[167.39521,-21.17193],[167.39375,-21.17315],[167.39293,-21.1745],[167.39218,-21.17667],[167.39146,-21.1779],[167.39156,-21.17929],[167.39124,-21.18113],[167.39071,-21.18164],[167.38776,-21.183],[167.38375,-21.18365],[167.38228,-21.18346],[167.38041,-21.18179],[167.37983,-21.18063],[167.37811,-21.17868],[167.37665,-21.17745],[167.37516,-21.17664],[167.37236,-21.17576],[167.36983,-21.17562],[167.36695,-21.17601],[167.3643,-21.17763],[167.3631,-21.17865],[167.36188,-21.18058],[167.36013,-21.18506],[167.35941,-21.18627],[167.35727,-21.18654],[167.35544,-21.18601],[167.3523,-21.18614],[167.34832,-21.18533],[167.34723,-21.18464],[167.34252,-21.18313],[167.3398,-21.18315],[167.33877,-21.18261],[167.33526,-21.17868],[167.33354,-21.17755],[167.33125,-21.17643],[167.33078,-21.17423],[167.33017,-21.17284],[167.32828,-21.16992],[167.32504,-21.16735],[167.32268,-21.16626],[167.3201,-21.16107],[167.31814,-21.1585],[167.31659,-21.1576],[167.31411,-21.15267],[167.31396,-21.15174],[167.31441,-21.15013],[167.31524,-21.1493],[167.31601,-21.14684],[167.31572,-21.14225],[167.31528,-21.14185],[167.31449,-21.13959],[167.31215,-21.13703],[167.30986,-21.13561],[167.30642,-21.13442],[167.30347,-21.13421],[167.30222,-21.13477],[167.29924,-21.13367],[167.29758,-21.13238],[167.29522,-21.13174],[167.29196,-21.1313],[167.28876,-21.13157],[167.28796,-21.13114],[167.28612,-21.12869],[167.28477,-21.12739],[167.28166,-21.12596],[167.27951,-21.12543],[167.27738,-21.12545],[167.27553,-21.1259],[167.27316,-21.12751],[167.27067,-21.12753],[167.26902,-21.12638],[167.26772,-21.12305],[167.26647,-21.12138],[167.26635,-21.12023],[167.26758,-21.11892],[167.26889,-21.11307],[167.26829,-21.11065],[167.27045,-21.10724],[167.27086,-21.10618],[167.27027,-21.10238],[167.26963,-21.10207],[167.26909,-21.09896],[167.26798,-21.098],[167.26796,-21.09674],[167.26577,-21.09373],[167.26337,-21.0918],[167.26187,-21.09112],[167.25865,-21.09046],[167.25469,-21.09018],[167.25155,-21.09065],[167.24773,-21.09054],[167.24558,-21.09019],[167.24273,-21.09026],[167.23988,-21.09065],[167.23335,-21.08873],[167.23034,-21.08809],[167.22683,-21.0884],[167.22131,-21.09056],[167.21969,-21.09049],[167.21581,-21.0914],[167.21397,-21.09115],[167.21315,-21.0907],[167.20686,-21.089],[167.2055,-21.08903],[167.20242,-21.08864],[167.19795,-21.08897],[167.19497,-21.08759],[167.19211,-21.08777],[167.18951,-21.08656],[167.18689,-21.086],[167.18456,-21.08592],[167.1834,-21.08524],[167.18042,-21.08414],[167.17758,-21.08342],[167.17224,-21.08396],[167.16915,-21.08341],[167.16624,-21.08353],[167.16289,-21.08423],[167.16157,-21.08492],[167.15929,-21.0868],[167.15683,-21.0865],[167.15263,-21.08359],[167.14889,-21.08221],[167.14813,-21.08217],[167.14286,-21.08033],[167.14071,-21.0794]]]]}},{"type":"Feature","id":"fr-commune-98815","properties":{"id":"fr-commune-98815","name":"Maré","kind":"commune","center":[167.8386,-21.3952],"code":"98815","department":"988"},"bbox":[167.54359,-21.66091,168.13366,-21.12957],"geometry":{"type":"MultiPolygon","coordinates":[[[[167.97268,-21.42578],[167.97541,-21.4297],[167.9765,-21.43229],[167.97989,-21.43695],[167.9807,-21.43864],[167.98293,-21.44052],[167.98467,-21.44162],[167.98746,-21.4443],[167.98969,-21.44701],[167.99214,-21.44905],[167.99554,-21.45335],[167.99667,-21.4543],[167.99789,-21.45666],[167.99915,-21.45795],[168.0026,-21.45958],[168.00437,-21.46016],[168.00535,-21.46011],[168.00803,-21.46081],[168.01291,-21.46135],[168.01582,-21.46119],[168.01854,-21.46234],[168.02119,-21.46319],[168.02407,-21.46334],[168.02489,-21.46445],[168.02762,-21.46609],[168.02917,-21.46668],[168.03108,-21.46615],[168.03132,-21.46558],[168.03443,-21.46482],[168.03694,-21.46332],[168.03873,-21.46339],[168.04211,-21.46211],[168.04666,-21.4588],[168.04957,-21.45787],[168.05329,-21.45478],[168.05669,-21.45445],[168.06002,-21.45504],[168.06298,-21.4546],[168.0669,-21.45504],[168.07238,-21.45503],[168.07594,-21.45457],[168.07717,-21.45465],[168.07838,-21.45565],[168.08329,-21.45509],[168.0839,-21.45464],[168.08715,-21.45378],[168.08841,-21.45313],[168.0894,-21.45202],[168.09094,-21.45129],[168.09152,-21.45044],[168.09334,-21.44959],[168.09485,-21.44991],[168.09787,-21.44753],[168.10038,-21.44666],[168.10182,-21.4455],[168.10236,-21.44436],[168.1045,-21.44288],[168.10555,-21.44173],[168.10781,-21.44039],[168.11146,-21.43747],[168.11255,-21.43738],[168.11495,-21.43596],[168.11706,-21.43529],[168.11903,-21.43638],[168.12156,-21.43918],[168.12357,-21.44098],[168.12905,-21.44412],[168.13114,-21.44481],[168.13262,-21.44575],[168.13366,-21.4473],[168.13357,-21.44869],[168.13283,-21.45048],[168.13307,-21.45177],[168.1322,-21.45389],[168.13092,-21.45549],[168.12993,-21.45575],[168.12653,-21.45743],[168.1262,-21.45888],[168.12366,-21.46094],[168.1223,-21.46328],[168.12057,-21.46521],[168.12119,-21.46702],[168.11993,-21.46991],[168.12003,-21.4716],[168.11823,-21.47611],[168.11798,-21.48002],[168.11717,-21.48247],[168.11695,-21.48452],[168.11759,-21.48755],[168.11813,-21.48876],[168.12086,-21.49124],[168.12292,-21.49341],[168.12407,-21.49568],[168.12409,-21.49886],[168.1237,-21.50126],[168.12352,-21.50403],[168.12268,-21.50527],[168.12082,-21.50633],[168.11763,-21.50751],[168.11659,-21.50836],[168.11431,-21.51173],[168.11308,-21.51421],[168.11263,-21.51639],[168.11189,-21.51829],[168.11158,-21.52044],[168.11157,-21.52279],[168.11112,-21.52488],[168.112,-21.5277],[168.11285,-21.52914],[168.11373,-21.53215],[168.11352,-21.5348],[168.11317,-21.53545],[168.11311,-21.53895],[168.11404,-21.54363],[168.1131,-21.5475],[168.11244,-21.54825],[168.11206,-21.5497],[168.11079,-21.55138],[168.11018,-21.55283],[168.11027,-21.55494],[168.10894,-21.55732],[168.10965,-21.55807],[168.10985,-21.55953],[168.10725,-21.56507],[168.107,-21.56804],[168.10699,-21.57199],[168.10766,-21.5768],[168.10725,-21.58322],[168.10745,-21.58572],[168.10744,-21.58943],[168.10867,-21.59277],[168.10913,-21.5966],[168.11011,-21.59878],[168.11094,-21.60161],[168.11204,-21.60277],[168.11217,-21.60455],[168.11358,-21.6081],[168.11377,-21.60975],[168.11535,-21.61584],[168.11637,-21.61746],[168.11575,-21.62211],[168.11567,-21.62541],[168.11635,-21.6262],[168.11577,-21.62738],[168.11384,-21.6288],[168.11208,-21.62968],[168.11021,-21.63014],[168.10364,-21.63099],[168.10244,-21.63103],[168.09683,-21.63053],[168.09289,-21.6306],[168.09136,-21.63039],[168.08905,-21.6309],[168.08708,-21.63098],[168.08436,-21.63264],[168.0796,-21.63393],[168.07779,-21.63393],[168.0759,-21.63484],[168.07556,-21.63568],[168.07384,-21.63677],[168.07344,-21.63789],[168.07243,-21.63919],[168.07182,-21.64135],[168.06967,-21.64285],[168.06688,-21.6437],[168.0648,-21.64347],[168.0637,-21.64367],[168.06186,-21.64325],[168.06019,-21.64209],[168.05951,-21.64217],[168.05787,-21.64093],[168.0535,-21.63994],[168.05157,-21.64121],[168.04951,-21.64195],[168.04781,-21.64204],[168.04639,-21.64459],[168.04484,-21.64638],[168.04307,-21.64792],[168.04222,-21.6506],[168.04272,-21.65094],[168.04221,-21.65235],[168.04209,-21.65407],[168.04155,-21.65514],[168.04147,-21.65647],[168.03938,-21.65873],[168.03739,-21.65929],[168.03675,-21.65904],[168.03392,-21.659],[168.03021,-21.65928],[168.02905,-21.65905],[168.02801,-21.65963],[168.02554,-21.66032],[168.02482,-21.66025],[168.0229,-21.65908],[168.02149,-21.65891],[168.0208,-21.65816],[168.01606,-21.65829],[168.01535,-21.65949],[168.01402,-21.659],[168.01186,-21.65892],[168.01106,-21.65941],[168.00745,-21.65892],[168.00597,-21.65893],[168.00493,-21.65749],[168.00309,-21.65681],[168.00256,-21.65589],[168.00039,-21.65498],[167.99771,-21.65484],[167.99682,-21.65503],[167.994,-21.65656],[167.98841,-21.65699],[167.98629,-21.65736],[167.98528,-21.65712],[167.98341,-21.65765],[167.98178,-21.65955],[167.97977,-21.66091],[167.97791,-21.66032],[167.97707,-21.65819],[167.97686,-21.6562],[167.97513,-21.65385],[167.97343,-21.65259],[167.97102,-21.65151],[167.96997,-21.65142],[167.96737,-21.65052],[167.96632,-21.65086],[167.96407,-21.6504],[167.96135,-21.65067],[167.95995,-21.65031],[167.95823,-21.64922],[167.95736,-21.64719],[167.95724,-21.64368],[167.95487,-21.63875],[167.95401,-21.638],[167.95353,-21.63681],[167.95218,-21.6361],[167.95046,-21.63595],[167.9469,-21.63512],[167.94629,-21.63465],[167.94541,-21.63249],[167.94527,-21.63084],[167.94736,-21.62719],[167.94701,-21.6265],[167.9486,-21.62527],[167.94889,-21.62359],[167.95015,-21.62205],[167.95026,-21.62014],[167.95082,-21.6201],[167.95255,-21.61725],[167.95141,-21.61625],[167.95111,-21.61441],[167.95049,-21.61276],[167.94924,-21.61105],[167.94782,-21.60987],[167.94766,-21.60793],[167.94712,-21.60584],[167.94597,-21.60462],[167.94537,-21.60201],[167.94446,-21.60171],[167.94257,-21.60236],[167.9413,-21.60409],[167.94023,-21.60476],[167.93855,-21.60402],[167.93567,-21.60491],[167.93418,-21.60463],[167.93322,-21.60397],[167.92903,-21.60327],[167.92775,-21.6025],[167.92331,-21.60227],[167.92197,-21.60158],[167.91987,-21.60126],[167.91731,-21.6024],[167.91539,-21.60264],[167.91407,-21.60188],[167.91156,-21.59896],[167.90805,-21.59701],[167.90243,-21.59682],[167.90108,-21.59729],[167.90033,-21.59803],[167.89868,-21.59868],[167.89709,-21.59863],[167.8926,-21.59968],[167.89098,-21.59985],[167.88989,-21.60039],[167.88704,-21.59945],[167.88446,-21.60023],[167.88418,-21.60065],[167.87759,-21.60052],[167.87686,-21.59962],[167.87415,-21.59981],[167.87307,-21.59881],[167.86511,-21.59864],[167.86364,-21.59832],[167.86256,-21.60004],[167.86106,-21.60119],[167.85853,-21.60192],[167.85509,-21.60171],[167.85246,-21.60194],[167.84947,-21.60161],[167.84639,-21.60106],[167.84551,-21.5999],[167.8449,-21.59779],[167.84654,-21.59564],[167.84853,-21.59351],[167.85156,-21.59123],[167.85299,-21.59056],[167.85522,-21.59077],[167.85587,-21.59014],[167.85771,-21.59055],[167.85892,-21.59038],[167.86047,-21.58809],[167.86064,-21.58513],[167.86185,-21.58314],[167.86213,-21.57912],[167.86308,-21.57716],[167.86441,-21.57545],[167.86723,-21.57515],[167.86922,-21.57462],[167.8707,-21.57309],[167.87212,-21.57271],[167.8738,-21.57163],[167.87368,-21.56938],[167.87411,-21.56785],[167.87594,-21.56671],[167.87685,-21.56359],[167.87638,-21.56251],[167.87527,-21.56163],[167.87674,-21.56105],[167.87764,-21.55969],[167.87778,-21.55794],[167.87753,-21.55555],[167.87822,-21.55441],[167.87818,-21.5527],[167.87887,-21.55115],[167.87864,-21.5499],[167.87734,-21.54798],[167.87697,-21.54561],[167.87547,-21.5435],[167.87405,-21.54381],[167.87191,-21.5433],[167.8709,-21.54437],[167.86904,-21.54212],[167.86814,-21.53906],[167.86627,-21.53517],[167.86413,-21.53234],[167.86048,-21.53005],[167.85858,-21.52931],[167.85635,-21.52887],[167.85409,-21.52717],[167.8531,-21.52537],[167.85322,-21.52439],[167.85188,-21.52152],[167.85201,-21.51958],[167.84891,-21.51796],[167.84881,-21.51647],[167.8502,-21.51587],[167.84907,-21.51424],[167.84747,-21.51482],[167.84595,-21.51217],[167.846,-21.51009],[167.84538,-21.50929],[167.84513,-21.50751],[167.84434,-21.50692],[167.84604,-21.5055],[167.84437,-21.50369],[167.84357,-21.50242],[167.84221,-21.49935],[167.84075,-21.49874],[167.84064,-21.49727],[167.83959,-21.49602],[167.83868,-21.49597],[167.83783,-21.49457],[167.83849,-21.4933],[167.83639,-21.49318],[167.83575,-21.49218],[167.83501,-21.48994],[167.83321,-21.48646],[167.83281,-21.48261],[167.83234,-21.48145],[167.83361,-21.4806],[167.83375,-21.47937],[167.83493,-21.47858],[167.83456,-21.47758],[167.83488,-21.47565],[167.83556,-21.47453],[167.83511,-21.47313],[167.83545,-21.47251],[167.83517,-21.4703],[167.83566,-21.46963],[167.8357,-21.46764],[167.83694,-21.46468],[167.83851,-21.46154],[167.83843,-21.46],[167.83897,-21.45864],[167.8393,-21.45461],[167.83877,-21.45251],[167.83742,-21.44989],[167.83762,-21.44801],[167.83587,-21.44606],[167.83606,-21.44547],[167.83527,-21.44414],[167.8352,-21.44249],[167.83564,-21.44213],[167.83492,-21.44017],[167.83479,-21.43742],[167.83404,-21.43641],[167.83337,-21.43411],[167.83243,-21.4325],[167.83183,-21.43015],[167.83061,-21.42841],[167.82893,-21.42515],[167.8256,-21.42053],[167.8242,-21.41982],[167.81986,-21.4157],[167.81698,-21.41273],[167.81345,-21.41053],[167.81165,-21.40965],[167.80905,-21.40786],[167.80726,-21.40631],[167.80666,-21.40509],[167.80656,-21.40117],[167.80517,-21.39733],[167.80513,-21.39495],[167.80545,-21.39415],[167.80468,-21.39349],[167.80495,-21.39231],[167.80376,-21.38841],[167.80185,-21.38562],[167.79995,-21.38327],[167.80031,-21.38192],[167.80195,-21.38156],[167.80598,-21.38022],[167.8074,-21.38019],[167.80892,-21.37967],[167.81103,-21.3798],[167.81192,-21.37809],[167.8141,-21.37737],[167.81445,-21.37652],[167.81588,-21.37678],[167.81713,-21.37554],[167.81823,-21.37575],[167.81916,-21.37442],[167.81983,-21.37506],[167.82127,-21.37445],[167.82193,-21.3735],[167.82284,-21.37406],[167.82598,-21.37444],[167.82752,-21.37432],[167.83016,-21.37509],[167.83179,-21.37481],[167.83654,-21.37585],[167.83696,-21.37555],[167.84056,-21.37617],[167.84424,-21.3782],[167.84432,-21.37916],[167.8462,-21.37995],[167.84877,-21.38232],[167.84996,-21.38275],[167.85437,-21.38607],[167.85578,-21.38801],[167.85723,-21.38891],[167.85768,-21.38984],[167.86211,-21.39073],[167.86547,-21.39238],[167.86634,-21.39368],[167.86589,-21.39553],[167.86656,-21.39601],[167.86849,-21.39623],[167.86876,-21.39677],[167.87185,-21.39883],[167.87318,-21.40025],[167.88152,-21.4017],[167.88593,-21.40352],[167.89185,-21.40256],[167.89279,-21.40118],[167.89425,-21.40039],[167.89465,-21.39971],[167.89625,-21.39897],[167.89691,-21.39717],[167.89889,-21.39311],[167.89841,-21.38993],[167.89819,-21.38626],[167.89834,-21.38477],[167.89898,-21.38375],[167.89879,-21.38293],[167.90087,-21.38099],[167.90292,-21.38016],[167.90445,-21.38033],[167.90622,-21.37975],[167.90749,-21.3797],[167.90976,-21.38081],[167.91392,-21.38072],[167.91629,-21.38236],[167.91881,-21.38236],[167.92026,-21.38198],[167.92111,-21.38095],[167.92264,-21.37827],[167.92375,-21.37769],[167.92534,-21.37513],[167.92624,-21.37454],[167.92804,-21.37516],[167.93001,-21.3739],[167.93327,-21.37375],[167.9337,-21.37316],[167.93692,-21.37205],[167.93853,-21.37185],[167.93893,-21.37097],[167.94116,-21.37012],[167.9434,-21.3688],[167.94506,-21.3685],[167.94596,-21.36791],[167.95062,-21.36769],[167.95278,-21.36779],[167.95493,-21.36918],[167.95672,-21.36879],[167.95799,-21.36786],[167.95851,-21.36677],[167.95775,-21.36543],[167.95795,-21.36387],[167.96001,-21.3633],[167.96121,-21.36045],[167.96263,-21.35807],[167.96594,-21.3549],[167.96628,-21.35409],[167.969,-21.35005],[167.9704,-21.34893],[167.97228,-21.34826],[167.97423,-21.34835],[167.97617,-21.34903],[167.97745,-21.35014],[167.97882,-21.35351],[167.97914,-21.35539],[167.97883,-21.35772],[167.97821,-21.35899],[167.97597,-21.36119],[167.97287,-21.36326],[167.96862,-21.36497],[167.96624,-21.36649],[167.9639,-21.36845],[167.9626,-21.37018],[167.96177,-21.37044],[167.95933,-21.3729],[167.95716,-21.37607],[167.95641,-21.37805],[167.95595,-21.38134],[167.9552,-21.3825],[167.95383,-21.38585],[167.95263,-21.38796],[167.95297,-21.39084],[167.9536,-21.39269],[167.95353,-21.39379],[167.95525,-21.3975],[167.95667,-21.39991],[167.95774,-21.40306],[167.95866,-21.40478],[167.96104,-21.40665],[167.96419,-21.40868],[167.96555,-21.41057],[167.96645,-21.41374],[167.96963,-21.41892],[167.97045,-21.42134],[167.97268,-21.42578]]],[[[167.73741,-21.37923],[167.73476,-21.37804],[167.73459,-21.37719],[167.73362,-21.37633],[167.7328,-21.3746],[167.73371,-21.37285],[167.73357,-21.37173],[167.73437,-21.37021],[167.73408,-21.36878],[167.73497,-21.36759],[167.7342,-21.36684],[167.73381,-21.36516],[167.73408,-21.36397],[167.73359,-21.36268],[167.73285,-21.36207],[167.73157,-21.35959],[167.73228,-21.35907],[167.73147,-21.35796],[167.73134,-21.35631],[167.73178,-21.35547],[167.73151,-21.35416],[167.73302,-21.35125],[167.73249,-21.35012],[167.73369,-21.34798],[167.73369,-21.34714],[167.73497,-21.34614],[167.73572,-21.34502],[167.73813,-21.34326],[167.74074,-21.34236],[167.74174,-21.34295],[167.74325,-21.34561],[167.74341,-21.34713],[167.7443,-21.34898],[167.7443,-21.35056],[167.74352,-21.35261],[167.74235,-21.35326],[167.74213,-21.35397],[167.73991,-21.35528],[167.7386,-21.35675],[167.73757,-21.35726],[167.73622,-21.35935],[167.73697,-21.36316],[167.73675,-21.36482],[167.73748,-21.36676],[167.73726,-21.36801],[167.73756,-21.36953],[167.73864,-21.3709],[167.73831,-21.37193],[167.73889,-21.37354],[167.73854,-21.3758],[167.73882,-21.37768],[167.73859,-21.3787],[167.73741,-21.37923]]],[[[167.56871,-21.31764],[167.56748,-21.31555],[167.56816,-21.31347],[167.57057,-21.31175],[167.57195,-21.31025],[167.57412,-21.30946],[167.57607,-21.31035],[167.57663,-21.31189],[167.57618,-21.31444],[167.57668,-21.3152],[167.57538,-21.31718],[167.57444,-21.31761],[167.57314,-21.3189],[167.57206,-21.31936],[167.57115,-21.32033],[167.56871,-21.31764]]],[[[167.5943,-21.26635],[167.59291,-21.26506],[167.59053,-21.26165],[167.5888,-21.2607],[167.58621,-21.25798],[167.58671,-21.25591],[167.58847,-21.25479],[167.59098,-21.25459],[167.593,-21.25507],[167.59544,-21.25796],[167.59645,-21.25961],[167.59724,-21.26223],[167.59749,-21.2645],[167.59692,-21.26503],[167.59636,-21.26682],[167.59468,-21.26695],[167.5943,-21.26635]]],[[[167.54819,-21.13459],[167.5443,-21.13253],[167.54359,-21.13025],[167.54535,-21.12957],[167.54701,-21.12979],[167.5495,-21.12957],[167.55033,-21.13044],[167.5517,-21.13018],[167.55396,-21.13108],[167.55438,-21.13181],[167.55829,-21.13514],[167.56151,-21.13848],[167.56186,-21.13935],[167.56534,-21.14213],[167.5664,-21.14243],[167.56782,-21.14462],[167.56827,-21.14723],[167.56696,-21.14909],[167.56544,-21.1491],[167.56326,-21.14831],[167.5616,-21.14687],[167.56105,-21.14575],[167.5587,-21.14328],[167.55746,-21.14334],[167.55664,-21.14175],[167.55473,-21.14033],[167.5542,-21.13937],[167.55203,-21.13677],[167.54965,-21.13559],[167.54819,-21.13459]]]]}},{"type":"Feature","id":"fr-commune-98816","properties":{"id":"fr-commune-98816","name":"Moindou","kind":"commune","center":[165.6568,-21.6466],"code":"98816","department":"988"},"bbox":[165.53714,-21.79308,165.77655,-21.49991],"geometry":{"type":"MultiPolygon","coordinates":[[[[165.69812,-21.79308],[165.69805,-21.7917],[165.69902,-21.78949],[165.69907,-21.78828],[165.70004,-21.78732],[165.70041,-21.78937],[165.69915,-21.79127],[165.6991,-21.79279],[165.69812,-21.79308]]],[[[165.71961,-21.78296],[165.72043,-21.78287],[165.72225,-21.78345],[165.7215,-21.78449],[165.7196,-21.78335],[165.71961,-21.78296]]],[[[165.68433,-21.77723],[165.68288,-21.77784],[165.68138,-21.77908],[165.67963,-21.77812],[165.67809,-21.77766],[165.67822,-21.77652],[165.68013,-21.77594],[165.68293,-21.77464],[165.68323,-21.77632],[165.68563,-21.77468],[165.68726,-21.77495],[165.68763,-21.77363],[165.68841,-21.77276],[165.68808,-21.77127],[165.6852,-21.77125],[165.6847,-21.77082],[165.6846,-21.76848],[165.68698,-21.76714],[165.68949,-21.76633],[165.6912,-21.76802],[165.69082,-21.76913],[165.68948,-21.77095],[165.68996,-21.77285],[165.6893,-21.77341],[165.68888,-21.77535],[165.68916,-21.77623],[165.68836,-21.77776],[165.68857,-21.77918],[165.68758,-21.77901],[165.68755,-21.77735],[165.686,-21.77689],[165.68433,-21.77723]]],[[[165.65057,-21.72685],[165.65134,-21.72696],[165.65138,-21.72837],[165.65255,-21.72934],[165.65251,-21.73059],[165.65165,-21.73164],[165.65081,-21.73187],[165.64986,-21.7303],[165.65044,-21.72874],[165.65057,-21.72685]]],[[[165.72402,-21.70301],[165.72289,-21.70449],[165.72329,-21.70512],[165.72188,-21.70664],[165.72162,-21.70744],[165.71823,-21.70572],[165.71686,-21.70644],[165.71585,-21.70564],[165.71471,-21.70637],[165.71276,-21.7059],[165.71303,-21.70734],[165.7119,-21.70896],[165.71075,-21.70988],[165.70877,-21.70974],[165.70842,-21.7087],[165.70707,-21.70784],[165.70796,-21.7114],[165.71242,-21.71084],[165.71456,-21.71119],[165.71597,-21.71193],[165.71695,-21.71306],[165.71772,-21.71308],[165.7187,-21.7146],[165.71784,-21.71629],[165.71681,-21.71723],[165.71472,-21.71807],[165.71417,-21.72101],[165.71272,-21.72147],[165.71051,-21.72128],[165.71065,-21.72233],[165.71172,-21.72302],[165.7139,-21.72334],[165.71447,-21.72429],[165.71317,-21.72562],[165.71407,-21.72609],[165.71676,-21.72522],[165.72025,-21.72569],[165.72121,-21.72631],[165.72222,-21.72543],[165.72024,-21.72356],[165.72165,-21.72255],[165.72146,-21.72148],[165.72225,-21.71979],[165.72376,-21.71944],[165.72441,-21.71977],[165.72484,-21.72105],[165.72355,-21.72299],[165.72376,-21.72443],[165.72473,-21.72463],[165.72557,-21.72386],[165.72717,-21.72402],[165.72685,-21.72585],[165.72475,-21.72536],[165.72331,-21.72577],[165.72305,-21.7272],[165.71965,-21.72708],[165.71814,-21.72934],[165.71876,-21.73043],[165.71868,-21.73193],[165.71798,-21.7331],[165.7181,-21.73395],[165.71621,-21.73556],[165.71488,-21.73512],[165.71362,-21.7355],[165.71257,-21.73659],[165.71242,-21.73786],[165.70976,-21.73942],[165.70803,-21.73852],[165.70652,-21.73898],[165.70447,-21.74016],[165.70345,-21.74113],[165.7029,-21.74294],[165.70281,-21.74443],[165.70083,-21.74817],[165.70054,-21.74962],[165.70154,-21.75137],[165.70325,-21.75156],[165.7049,-21.75285],[165.70779,-21.75232],[165.70929,-21.75447],[165.70782,-21.75545],[165.70716,-21.75535],[165.70005,-21.76065],[165.69699,-21.75843],[165.69415,-21.75801],[165.69245,-21.75577],[165.69219,-21.75415],[165.69339,-21.75447],[165.69576,-21.75264],[165.69608,-21.7515],[165.69594,-21.74976],[165.69451,-21.74673],[165.69523,-21.74608],[165.69701,-21.74681],[165.69729,-21.74574],[165.69678,-21.74359],[165.69533,-21.74149],[165.69381,-21.74091],[165.69026,-21.74216],[165.68899,-21.74392],[165.68637,-21.74368],[165.68357,-21.74389],[165.68273,-21.74363],[165.67939,-21.74387],[165.67851,-21.7437],[165.67658,-21.74498],[165.67484,-21.74512],[165.67353,-21.74374],[165.6746,-21.73919],[165.67532,-21.73769],[165.67781,-21.73594],[165.67811,-21.73518],[165.6794,-21.73492],[165.67741,-21.7337],[165.67639,-21.73233],[165.67541,-21.7319],[165.67545,-21.73087],[165.67677,-21.73054],[165.67865,-21.73135],[165.67899,-21.73102],[165.68297,-21.73029],[165.68372,-21.72926],[165.68477,-21.72913],[165.68749,-21.7299],[165.68863,-21.72877],[165.68912,-21.72721],[165.68766,-21.72649],[165.68731,-21.72563],[165.68498,-21.72389],[165.68301,-21.72455],[165.68192,-21.72393],[165.68172,-21.7227],[165.67797,-21.72364],[165.67659,-21.72346],[165.67605,-21.72275],[165.67407,-21.72219],[165.6723,-21.72262],[165.67059,-21.72235],[165.67089,-21.72078],[165.67185,-21.72014],[165.67411,-21.72027],[165.67506,-21.72165],[165.67646,-21.7208],[165.679,-21.72092],[165.67985,-21.72066],[165.68076,-21.71899],[165.68328,-21.71669],[165.68425,-21.71622],[165.68443,-21.71476],[165.68257,-21.71507],[165.68092,-21.71492],[165.67942,-21.71589],[165.6792,-21.7166],[165.67641,-21.71703],[165.67591,-21.71548],[165.6761,-21.71402],[165.67693,-21.71325],[165.67589,-21.71189],[165.67448,-21.71129],[165.67529,-21.71048],[165.67636,-21.7076],[165.67536,-21.70733],[165.67382,-21.70976],[165.67316,-21.7091],[165.67461,-21.70749],[165.67457,-21.70527],[165.67262,-21.7058],[165.67154,-21.70669],[165.67052,-21.70826],[165.66982,-21.70708],[165.67081,-21.70642],[165.67122,-21.70527],[165.66987,-21.70492],[165.66908,-21.70554],[165.66928,-21.70672],[165.66817,-21.70718],[165.66688,-21.70683],[165.66568,-21.70746],[165.6652,-21.70355],[165.66394,-21.70198],[165.66337,-21.70361],[165.66209,-21.70277],[165.66156,-21.70173],[165.66056,-21.70244],[165.66062,-21.70373],[165.65907,-21.70372],[165.66012,-21.70602],[165.66157,-21.70573],[165.66346,-21.70492],[165.66351,-21.70677],[165.66234,-21.70709],[165.66316,-21.70992],[165.66277,-21.71126],[165.66344,-21.713],[165.66232,-21.71413],[165.66116,-21.71368],[165.65989,-21.7118],[165.65851,-21.71207],[165.65879,-21.71417],[165.65578,-21.71559],[165.65587,-21.71335],[165.65517,-21.71349],[165.65422,-21.71213],[165.6532,-21.71389],[165.65403,-21.71488],[165.65376,-21.71569],[165.65247,-21.7163],[165.65427,-21.71763],[165.65487,-21.71862],[165.65673,-21.71933],[165.65773,-21.72027],[165.65676,-21.72074],[165.65313,-21.7191],[165.65067,-21.71999],[165.64566,-21.72312],[165.64392,-21.72457],[165.64352,-21.72593],[165.64215,-21.72761],[165.64099,-21.7266],[165.64057,-21.72503],[165.63939,-21.72483],[165.63847,-21.72586],[165.63703,-21.72587],[165.6361,-21.72473],[165.63685,-21.72301],[165.63644,-21.72215],[165.63393,-21.72332],[165.63279,-21.72413],[165.63346,-21.72642],[165.63313,-21.7289],[165.63156,-21.72892],[165.63107,-21.73048],[165.63159,-21.73137],[165.63032,-21.73315],[165.62767,-21.73478],[165.626,-21.73404],[165.62371,-21.73427],[165.62266,-21.73397],[165.6235,-21.73275],[165.62436,-21.73019],[165.62686,-21.72766],[165.62712,-21.72681],[165.62509,-21.72207],[165.62418,-21.72124],[165.62371,-21.71995],[165.62467,-21.71893],[165.62435,-21.71705],[165.62479,-21.71504],[165.6266,-21.71456],[165.62619,-21.71313],[165.62541,-21.71267],[165.62612,-21.70978],[165.62582,-21.70854],[165.623,-21.71151],[165.61979,-21.71359],[165.61869,-21.71387],[165.61643,-21.71503],[165.61618,-21.71614],[165.61533,-21.71699],[165.61583,-21.71802],[165.61444,-21.71931],[165.61403,-21.72038],[165.61238,-21.72097],[165.61201,-21.72167],[165.60963,-21.72253],[165.6086,-21.72173],[165.61062,-21.71955],[165.61271,-21.71777],[165.61284,-21.71707],[165.61162,-21.71538],[165.61125,-21.7128],[165.61177,-21.71037],[165.61341,-21.70896],[165.6149,-21.70653],[165.61386,-21.70603],[165.61262,-21.70419],[165.61117,-21.70462],[165.60953,-21.70579],[165.60831,-21.70716],[165.60718,-21.70749],[165.60565,-21.70919],[165.60444,-21.71155],[165.60279,-21.713],[165.60179,-21.71269],[165.60053,-21.71077],[165.59973,-21.71041],[165.59757,-21.71059],[165.59602,-21.71152],[165.59395,-21.71012],[165.58978,-21.71112],[165.58854,-21.71297],[165.5879,-21.71495],[165.58539,-21.71626],[165.58405,-21.71545],[165.58333,-21.71443],[165.58342,-21.71348],[165.58225,-21.71133],[165.57944,-21.71166],[165.57967,-21.70834],[165.57815,-21.70687],[165.57645,-21.70577],[165.57378,-21.70721],[165.5736,-21.70478],[165.57167,-21.7034],[165.571,-21.70334],[165.56921,-21.70191],[165.56686,-21.70428],[165.56482,-21.70591],[165.56413,-21.70745],[165.56243,-21.7075],[165.56011,-21.70801],[165.55761,-21.70754],[165.55733,-21.70664],[165.56003,-21.70351],[165.56026,-21.70196],[165.55961,-21.70104],[165.55772,-21.6995],[165.55624,-21.70023],[165.55439,-21.70312],[165.55317,-21.70372],[165.55166,-21.70241],[165.54973,-21.70332],[165.54873,-21.70333],[165.54505,-21.70214],[165.54318,-21.7026],[165.54249,-21.70214],[165.54118,-21.69994],[165.5385,-21.69822],[165.5376,-21.69729],[165.53714,-21.69449],[165.53726,-21.69433],[165.54008,-21.69415],[165.54141,-21.69359],[165.54168,-21.69265],[165.54205,-21.692],[165.54461,-21.69093],[165.54578,-21.69004],[165.54687,-21.69049],[165.54839,-21.6899],[165.54807,-21.68927],[165.54977,-21.68791],[165.55062,-21.68842],[165.55074,-21.68659],[165.55177,-21.68572],[165.55207,-21.68373],[165.55363,-21.68286],[165.55641,-21.6809],[165.55676,-21.67999],[165.5586,-21.67916],[165.55931,-21.67965],[165.56195,-21.67915],[165.56318,-21.67955],[165.5643,-21.67902],[165.56637,-21.67867],[165.56883,-21.67971],[165.57021,-21.6807],[165.57147,-21.68084],[165.57343,-21.67937],[165.57282,-21.67857],[165.57355,-21.67711],[165.57485,-21.67675],[165.57587,-21.67758],[165.57749,-21.67788],[165.57896,-21.67701],[165.58036,-21.67502],[165.5813,-21.67477],[165.58531,-21.67284],[165.58729,-21.6725],[165.5888,-21.6717],[165.59049,-21.66929],[165.59244,-21.66745],[165.59208,-21.66697],[165.59249,-21.66546],[165.59075,-21.66419],[165.59111,-21.66297],[165.59008,-21.66111],[165.59,-21.65984],[165.58841,-21.65819],[165.58781,-21.65674],[165.58958,-21.65633],[165.59012,-21.65404],[165.58939,-21.65279],[165.58989,-21.65163],[165.58895,-21.65111],[165.58763,-21.6483],[165.58541,-21.64704],[165.5854,-21.64543],[165.58231,-21.62823],[165.58507,-21.62787],[165.58625,-21.62589],[165.58943,-21.62469],[165.59092,-21.62259],[165.59224,-21.62258],[165.59354,-21.62395],[165.59742,-21.62406],[165.5979,-21.62331],[165.59983,-21.6239],[165.60087,-21.62382],[165.60345,-21.62744],[165.60574,-21.62705],[165.60788,-21.62702],[165.60985,-21.62735],[165.61228,-21.62843],[165.61408,-21.62836],[165.61517,-21.62697],[165.61883,-21.62625],[165.61969,-21.62558],[165.62037,-21.62411],[165.62371,-21.62329],[165.62466,-21.6228],[165.62644,-21.62308],[165.62746,-21.62261],[165.62882,-21.62263],[165.63085,-21.62111],[165.63414,-21.62038],[165.63532,-21.61884],[165.63685,-21.61779],[165.63867,-21.61761],[165.63996,-21.61899],[165.64167,-21.61896],[165.64351,-21.61836],[165.64445,-21.61895],[165.64615,-21.61801],[165.64663,-21.61692],[165.64916,-21.61541],[165.64962,-21.61461],[165.65018,-21.61207],[165.64883,-21.61132],[165.64866,-21.61014],[165.64951,-21.60741],[165.64915,-21.60579],[165.64942,-21.60349],[165.65007,-21.60205],[165.64858,-21.59908],[165.64956,-21.59803],[165.64863,-21.59539],[165.64783,-21.59391],[165.64688,-21.5934],[165.64494,-21.59314],[165.64371,-21.59223],[165.64297,-21.59091],[165.64269,-21.5895],[165.64356,-21.58784],[165.64398,-21.58376],[165.64359,-21.58323],[165.6437,-21.58043],[165.64428,-21.57888],[165.64358,-21.57786],[165.64329,-21.57614],[165.64349,-21.575],[165.64269,-21.57457],[165.64232,-21.57226],[165.64444,-21.57066],[165.64345,-21.56655],[165.64267,-21.56499],[165.6413,-21.56315],[165.64083,-21.56114],[165.63901,-21.55771],[165.63793,-21.55348],[165.63721,-21.55183],[165.63581,-21.54996],[165.63399,-21.54869],[165.63345,-21.54762],[165.63491,-21.54604],[165.63482,-21.54456],[165.63356,-21.54252],[165.63387,-21.54057],[165.63285,-21.53823],[165.63421,-21.5352],[165.63228,-21.53207],[165.63158,-21.53129],[165.63145,-21.52969],[165.63009,-21.5285],[165.62909,-21.52709],[165.62834,-21.52673],[165.62633,-21.52468],[165.62505,-21.52412],[165.62399,-21.52317],[165.62343,-21.52096],[165.62095,-21.51727],[165.61975,-21.51648],[165.62032,-21.51511],[165.61914,-21.51311],[165.61865,-21.51138],[165.61885,-21.51062],[165.61756,-21.50988],[165.61698,-21.50874],[165.61838,-21.50718],[165.61986,-21.50728],[165.62097,-21.50645],[165.62241,-21.50606],[165.62277,-21.50425],[165.62352,-21.50308],[165.62504,-21.50152],[165.6271,-21.49991],[165.62913,-21.50056],[165.63157,-21.49992],[165.63363,-21.5009],[165.63671,-21.50198],[165.63836,-21.50451],[165.63852,-21.50661],[165.63934,-21.50766],[165.64068,-21.50844],[165.64278,-21.51025],[165.64408,-21.51057],[165.64818,-21.5131],[165.6509,-21.51355],[165.65231,-21.51407],[165.65355,-21.51517],[165.65392,-21.51705],[165.65475,-21.51773],[165.6563,-21.51794],[165.65765,-21.52],[165.65951,-21.52075],[165.66125,-21.52285],[165.66155,-21.52375],[165.66383,-21.52319],[165.66541,-21.52195],[165.66568,-21.52106],[165.66795,-21.51811],[165.66918,-21.51784],[165.67053,-21.51639],[165.67309,-21.51549],[165.67457,-21.51422],[165.67566,-21.5145],[165.67745,-21.51602],[165.67869,-21.5179],[165.67993,-21.51874],[165.68393,-21.51954],[165.68512,-21.52108],[165.68721,-21.51983],[165.68864,-21.52014],[165.68999,-21.51954],[165.69145,-21.51958],[165.69353,-21.51887],[165.69461,-21.51927],[165.69513,-21.51856],[165.69833,-21.51869],[165.6994,-21.51806],[165.70063,-21.5159],[165.70267,-21.51634],[165.70249,-21.51821],[165.7039,-21.519],[165.70522,-21.5203],[165.70583,-21.52021],[165.70778,-21.5211],[165.70923,-21.51997],[165.71103,-21.52018],[165.71314,-21.52109],[165.71556,-21.52052],[165.7169,-21.52204],[165.71818,-21.52288],[165.72224,-21.52737],[165.72431,-21.52853],[165.72668,-21.52851],[165.73136,-21.53319],[165.73265,-21.5337],[165.73449,-21.53334],[165.73671,-21.53512],[165.73894,-21.53592],[165.74073,-21.53552],[165.7435,-21.53555],[165.74625,-21.53482],[165.74735,-21.535],[165.75177,-21.53481],[165.75163,-21.53328],[165.75278,-21.53316],[165.75479,-21.53417],[165.75675,-21.53337],[165.76113,-21.53373],[165.76335,-21.53541],[165.76424,-21.53663],[165.76522,-21.53712],[165.76599,-21.53817],[165.76782,-21.53791],[165.77083,-21.53848],[165.77257,-21.54007],[165.77276,-21.54163],[165.77393,-21.54263],[165.77644,-21.54389],[165.77655,-21.54607],[165.77594,-21.54721],[165.77618,-21.54799],[165.776,-21.54863],[165.77349,-21.55078],[165.77364,-21.55237],[165.7726,-21.55433],[165.77175,-21.55497],[165.7713,-21.55669],[165.77331,-21.5615],[165.77334,-21.56379],[165.77189,-21.56454],[165.77076,-21.56559],[165.77102,-21.56726],[165.7706,-21.56871],[165.77165,-21.57195],[165.77122,-21.57289],[165.77228,-21.57387],[165.77145,-21.57667],[165.77114,-21.57975],[165.77085,-21.58025],[165.77275,-21.58129],[165.77184,-21.58315],[165.77211,-21.5839],[165.77424,-21.58459],[165.77464,-21.58724],[165.7757,-21.58897],[165.77606,-21.59018],[165.77373,-21.59301],[165.77385,-21.59461],[165.77543,-21.59678],[165.77627,-21.59716],[165.7755,-21.59831],[165.77576,-21.59895],[165.77512,-21.60136],[165.77408,-21.60294],[165.77406,-21.60396],[165.77307,-21.60435],[165.77153,-21.60573],[165.77186,-21.60665],[165.77187,-21.60871],[165.76977,-21.61018],[165.76666,-21.61111],[165.76525,-21.61202],[165.76417,-21.61204],[165.76254,-21.61281],[165.76058,-21.61436],[165.75868,-21.61529],[165.75784,-21.61728],[165.75691,-21.61859],[165.75593,-21.61929],[165.75256,-21.6181],[165.75078,-21.61974],[165.75099,-21.62096],[165.74854,-21.62093],[165.74783,-21.62235],[165.74571,-21.62385],[165.74434,-21.62551],[165.74293,-21.62517],[165.74219,-21.62546],[165.74103,-21.62678],[165.74145,-21.62796],[165.74012,-21.62804],[165.74036,-21.62912],[165.73805,-21.63037],[165.73551,-21.63021],[165.73511,-21.63191],[165.73299,-21.63219],[165.73106,-21.63467],[165.72978,-21.63402],[165.72874,-21.6341],[165.72748,-21.63594],[165.72536,-21.63492],[165.72478,-21.63649],[165.72358,-21.63635],[165.72326,-21.63539],[165.72467,-21.63385],[165.72428,-21.63316],[165.72308,-21.63321],[165.72103,-21.63508],[165.71882,-21.63658],[165.7177,-21.6348],[165.71666,-21.63563],[165.71585,-21.63724],[165.71574,-21.63851],[165.71685,-21.64027],[165.71665,-21.64113],[165.7156,-21.64182],[165.71466,-21.64177],[165.71398,-21.64333],[165.71487,-21.64579],[165.71573,-21.64699],[165.71684,-21.64778],[165.71902,-21.64796],[165.71776,-21.64918],[165.7164,-21.64949],[165.71472,-21.65163],[165.71445,-21.65305],[165.7155,-21.65416],[165.71607,-21.656],[165.71704,-21.65712],[165.7184,-21.65746],[165.7196,-21.6596],[165.72024,-21.66171],[165.72115,-21.66246],[165.72121,-21.66408],[165.72306,-21.66701],[165.72182,-21.66796],[165.71957,-21.66795],[165.71797,-21.66931],[165.71567,-21.66909],[165.71674,-21.67079],[165.71686,-21.67176],[165.71767,-21.67245],[165.71782,-21.67443],[165.72029,-21.67791],[165.72081,-21.67917],[165.72258,-21.68069],[165.7238,-21.68122],[165.72505,-21.6826],[165.72619,-21.68309],[165.72654,-21.68415],[165.72783,-21.68573],[165.72765,-21.68852],[165.7294,-21.6886],[165.73061,-21.68958],[165.73008,-21.6918],[165.73037,-21.69377],[165.72951,-21.69429],[165.72781,-21.69458],[165.72656,-21.69553],[165.72454,-21.69648],[165.72479,-21.69779],[165.72442,-21.7014],[165.72402,-21.70301]],[[165.69766,-21.74589],[165.70068,-21.74614],[165.70019,-21.7453],[165.69912,-21.74501],[165.69766,-21.74589]]]]}},{"type":"Feature","id":"fr-commune-98817","properties":{"id":"fr-commune-98817","name":"Le Mont-Dore","kind":"commune","center":[166.8779398882872,-22.84663016520074],"code":"98817","department":"988"},"bbox":[166.47991,-22.8477,166.97492,-22.15174],"geometry":{"type":"MultiPolygon","coordinates":[[[[166.87676,-22.8473],[166.87734,-22.84541],[166.87869,-22.84576],[166.87907,-22.84731],[166.87835,-22.8477],[166.87676,-22.8473]]],[[[166.79964,-22.77541],[166.80233,-22.77621],[166.80269,-22.77772],[166.8015,-22.77811],[166.79964,-22.77541]]],[[[166.91644,-22.72379],[166.91646,-22.72259],[166.91772,-22.72217],[166.91804,-22.72299],[166.91644,-22.72379]]],[[[166.85251,-22.72387],[166.85025,-22.72378],[166.8499,-22.72271],[166.85112,-22.72047],[166.85247,-22.72266],[166.85251,-22.72387]]],[[[166.79748,-22.71036],[166.79604,-22.71157],[166.79424,-22.71105],[166.79477,-22.70951],[166.79748,-22.71036]]],[[[166.80977,-22.70888],[166.81236,-22.70725],[166.8132,-22.70781],[166.81209,-22.70943],[166.81108,-22.70954],[166.80977,-22.70888]]],[[[166.85121,-22.69426],[166.85031,-22.69493],[166.84966,-22.69386],[166.84987,-22.69269],[166.85062,-22.69197],[166.85168,-22.69286],[166.85121,-22.69426]]],[[[166.97169,-22.6832],[166.97078,-22.68397],[166.96745,-22.68474],[166.9682,-22.68322],[166.97115,-22.68344],[166.97169,-22.6832]]],[[[166.81093,-22.67734],[166.81243,-22.67843],[166.81285,-22.67981],[166.8122,-22.6804],[166.81041,-22.67945],[166.80997,-22.67753],[166.81093,-22.67734]]],[[[166.82655,-22.60494],[166.82612,-22.60315],[166.82795,-22.60203],[166.82819,-22.60324],[166.82717,-22.60507],[166.82655,-22.60494]]],[[[166.74932,-22.57751],[166.74853,-22.57785],[166.74618,-22.57748],[166.7453,-22.57616],[166.74703,-22.57589],[166.74804,-22.57625],[166.74932,-22.57751]]],[[[166.79082,-22.55162],[166.79164,-22.54948],[166.79244,-22.54913],[166.79347,-22.5496],[166.79249,-22.55119],[166.79082,-22.55162]]],[[[166.82226,-22.54052],[166.82123,-22.53991],[166.82239,-22.53843],[166.82333,-22.53932],[166.82226,-22.54052]]],[[[166.8287,-22.53164],[166.83031,-22.53128],[166.83209,-22.53174],[166.83131,-22.53282],[166.82953,-22.53347],[166.82833,-22.53286],[166.8287,-22.53164]]],[[[166.76827,-22.51772],[166.76923,-22.51619],[166.77009,-22.51622],[166.7701,-22.51758],[166.76939,-22.51891],[166.76827,-22.51772]]],[[[166.60936,-22.51638],[166.61017,-22.51441],[166.61097,-22.51389],[166.61234,-22.51466],[166.6124,-22.51682],[166.61116,-22.5172],[166.60957,-22.517],[166.60936,-22.51638]]],[[[166.75915,-22.41388],[166.76038,-22.41322],[166.76207,-22.4141],[166.76087,-22.41466],[166.75915,-22.41388]]],[[[166.77902,-22.46033],[166.77646,-22.46014],[166.77714,-22.45892],[166.77818,-22.45928],[166.77927,-22.45859],[166.78016,-22.459],[166.78141,-22.4579],[166.78163,-22.45517],[166.77962,-22.45365],[166.77896,-22.45358],[166.77758,-22.45085],[166.77659,-22.44832],[166.77568,-22.44779],[166.77506,-22.44479],[166.77436,-22.44391],[166.77313,-22.44326],[166.77194,-22.44202],[166.7719,-22.44139],[166.77545,-22.43822],[166.77639,-22.43764],[166.77927,-22.43686],[166.78227,-22.43558],[166.78492,-22.434],[166.78578,-22.43148],[166.78593,-22.42817],[166.78464,-22.42265],[166.78505,-22.42192],[166.78522,-22.42005],[166.78472,-22.41782],[166.78262,-22.41511],[166.78053,-22.41427],[166.77994,-22.4135],[166.77879,-22.41312],[166.77744,-22.4117],[166.77674,-22.40892],[166.77671,-22.40761],[166.77862,-22.40507],[166.78137,-22.40445],[166.7836,-22.40276],[166.78439,-22.40042],[166.78611,-22.39857],[166.78991,-22.4015],[166.79291,-22.40323],[166.795,-22.40404],[166.79775,-22.40726],[166.80147,-22.40818],[166.80427,-22.40764],[166.80522,-22.40638],[166.80623,-22.4041],[166.80641,-22.4028],[166.80465,-22.39965],[166.80458,-22.39886],[166.80603,-22.39847],[166.80767,-22.39673],[166.80838,-22.39513],[166.8094,-22.39464],[166.81401,-22.39328],[166.81543,-22.3935],[166.81747,-22.39305],[166.81834,-22.39335],[166.81872,-22.3949],[166.8196,-22.39658],[166.82076,-22.39752],[166.8224,-22.39716],[166.82468,-22.39477],[166.82529,-22.39447],[166.82747,-22.39488],[166.82993,-22.39723],[166.83142,-22.3982],[166.83245,-22.39813],[166.83418,-22.39665],[166.8359,-22.39694],[166.8381,-22.3978],[166.83926,-22.39785],[166.84061,-22.39997],[166.84205,-22.40075],[166.84412,-22.40465],[166.84412,-22.4052],[166.84289,-22.40685],[166.8441,-22.4087],[166.84567,-22.41195],[166.84708,-22.41359],[166.84758,-22.41547],[166.84702,-22.418],[166.84583,-22.41903],[166.8424,-22.42065],[166.84156,-22.42172],[166.84105,-22.42346],[166.84144,-22.4251],[166.84328,-22.42588],[166.84253,-22.42816],[166.84306,-22.43002],[166.84251,-22.4318],[166.8412,-22.43203],[166.83842,-22.43153],[166.83637,-22.43196],[166.8356,-22.43116],[166.83145,-22.42867],[166.83057,-22.42844],[166.82909,-22.42913],[166.82779,-22.42871],[166.82467,-22.43],[166.82308,-22.43166],[166.82274,-22.43289],[166.82172,-22.43408],[166.82153,-22.4358],[166.82011,-22.43889],[166.81791,-22.43999],[166.81656,-22.43976],[166.81456,-22.43887],[166.81261,-22.43719],[166.8104,-22.43666],[166.80909,-22.43688],[166.80771,-22.43626],[166.80613,-22.4361],[166.80489,-22.43513],[166.80332,-22.4354],[166.80177,-22.43649],[166.8006,-22.43818],[166.80017,-22.43978],[166.79939,-22.43996],[166.80153,-22.44264],[166.80287,-22.44359],[166.80443,-22.44396],[166.80548,-22.446],[166.8086,-22.44846],[166.80965,-22.44833],[166.81098,-22.44949],[166.81345,-22.45],[166.81576,-22.44897],[166.81625,-22.44778],[166.81637,-22.44622],[166.81814,-22.44602],[166.81914,-22.44653],[166.82063,-22.44574],[166.82331,-22.44669],[166.82551,-22.44677],[166.8279,-22.44569],[166.83034,-22.44653],[166.83261,-22.44592],[166.83212,-22.44723],[166.83249,-22.44811],[166.83293,-22.45131],[166.83169,-22.45228],[166.83035,-22.45261],[166.82898,-22.45406],[166.82818,-22.45548],[166.82688,-22.457],[166.82433,-22.45776],[166.82306,-22.45884],[166.82144,-22.46101],[166.81997,-22.46243],[166.81816,-22.46595],[166.81642,-22.46709],[166.81469,-22.46701],[166.81325,-22.46765],[166.81062,-22.4679],[166.80931,-22.46772],[166.80772,-22.46506],[166.80756,-22.46418],[166.80498,-22.46157],[166.80306,-22.46125],[166.80004,-22.46231],[166.79905,-22.46219],[166.79645,-22.46332],[166.79562,-22.46248],[166.79433,-22.46253],[166.79345,-22.46313],[166.79262,-22.46252],[166.79064,-22.46206],[166.78842,-22.46246],[166.78742,-22.46196],[166.78582,-22.46206],[166.78335,-22.4614],[166.78157,-22.46192],[166.78018,-22.46135],[166.77902,-22.46033]]],[[[166.84366,-22.37859],[166.84714,-22.37837],[166.8492,-22.37918],[166.85101,-22.37958],[166.85269,-22.37822],[166.85523,-22.37766],[166.85585,-22.37838],[166.85462,-22.38172],[166.85278,-22.38141],[166.85082,-22.38145],[166.84911,-22.38037],[166.84477,-22.37945],[166.84366,-22.37859]]],[[[166.84629,-22.35602],[166.8451,-22.35765],[166.84441,-22.35941],[166.84359,-22.35915],[166.84339,-22.35679],[166.84261,-22.35567],[166.8394,-22.35419],[166.8392,-22.35364],[166.84014,-22.35197],[166.84149,-22.3515],[166.84317,-22.35183],[166.84499,-22.35155],[166.8465,-22.35256],[166.84615,-22.35419],[166.84694,-22.35566],[166.84629,-22.35602]]],[[[166.56823,-22.3265],[166.56968,-22.32486],[166.5706,-22.32621],[166.56952,-22.32788],[166.56866,-22.32753],[166.56823,-22.3265]]],[[[166.56817,-22.31046],[166.56903,-22.31161],[166.56762,-22.31194],[166.56676,-22.31088],[166.56462,-22.30914],[166.56521,-22.30872],[166.56692,-22.30906],[166.56817,-22.31046]]],[[[166.59748,-22.30276],[166.59632,-22.30295],[166.59534,-22.3019],[166.59538,-22.30105],[166.59465,-22.2999],[166.59454,-22.29873],[166.59521,-22.29762],[166.59654,-22.29788],[166.59801,-22.2997],[166.59808,-22.30202],[166.59748,-22.30276]]],[[[166.58234,-22.30511],[166.58076,-22.30554],[166.58022,-22.30463],[166.57842,-22.30429],[166.57633,-22.30492],[166.57617,-22.30277],[166.575,-22.29973],[166.57657,-22.29896],[166.57734,-22.2995],[166.57789,-22.30079],[166.57884,-22.30156],[166.58324,-22.30292],[166.58549,-22.30277],[166.58508,-22.30421],[166.58234,-22.30511]]],[[[166.55387,-22.23779],[166.55573,-22.23806],[166.55687,-22.23866],[166.55685,-22.2396],[166.55387,-22.23779]]],[[[166.48977,-22.22249],[166.48903,-22.22207],[166.4876,-22.22268],[166.4869,-22.22096],[166.4854,-22.22257],[166.4845,-22.22287],[166.48452,-22.22072],[166.48522,-22.22031],[166.48488,-22.21905],[166.48728,-22.21969],[166.48655,-22.21666],[166.48435,-22.21673],[166.48355,-22.21444],[166.48281,-22.21398],[166.4805,-22.2076],[166.48028,-22.20528],[166.47991,-22.20439],[166.4801,-22.20305],[166.48124,-22.20285],[166.48241,-22.20196],[166.48532,-22.20165],[166.48625,-22.20101],[166.48674,-22.19955],[166.48622,-22.19642],[166.48676,-22.19451],[166.48746,-22.19357],[166.4887,-22.19082],[166.48876,-22.1893],[166.49009,-22.18937],[166.4928,-22.19112],[166.4948,-22.19196],[166.49611,-22.19193],[166.49727,-22.1901],[166.49817,-22.18963],[166.50165,-22.19031],[166.50332,-22.18969],[166.50541,-22.18677],[166.507,-22.18551],[166.5076,-22.18432],[166.50916,-22.1834],[166.51141,-22.18302],[166.51269,-22.18245],[166.51426,-22.18102],[166.51356,-22.17998],[166.51402,-22.17737],[166.51558,-22.17188],[166.51632,-22.17079],[166.51657,-22.1685],[166.51731,-22.16861],[166.51904,-22.16788],[166.52155,-22.1676],[166.52362,-22.16711],[166.52556,-22.16603],[166.52607,-22.16523],[166.52805,-22.16492],[166.53055,-22.16545],[166.53203,-22.16489],[166.53735,-22.16409],[166.53895,-22.1646],[166.54102,-22.16335],[166.54125,-22.16454],[166.54204,-22.1653],[166.54612,-22.16672],[166.54743,-22.1684],[166.54887,-22.16858],[166.55058,-22.16939],[166.5518,-22.17056],[166.55287,-22.17084],[166.55405,-22.17035],[166.55552,-22.17039],[166.55647,-22.17119],[166.55967,-22.17089],[166.56074,-22.17222],[166.56191,-22.1729],[166.56318,-22.1728],[166.5659,-22.17047],[166.56578,-22.16919],[166.5673,-22.16901],[166.56783,-22.1684],[166.573,-22.16557],[166.57582,-22.16549],[166.57876,-22.16224],[166.58012,-22.16214],[166.58236,-22.16103],[166.58289,-22.16011],[166.58489,-22.15929],[166.58996,-22.15974],[166.59096,-22.15865],[166.59166,-22.15668],[166.59166,-22.15501],[166.59233,-22.15406],[166.59438,-22.15262],[166.59578,-22.15241],[166.5966,-22.15174],[166.6002,-22.15293],[166.60127,-22.15263],[166.60229,-22.15364],[166.60246,-22.15519],[166.60406,-22.1556],[166.60791,-22.15909],[166.61017,-22.15973],[166.61087,-22.16026],[166.61342,-22.15948],[166.61701,-22.16073],[166.6194,-22.16051],[166.62079,-22.16175],[166.62293,-22.16124],[166.62491,-22.16134],[166.6261,-22.16078],[166.62864,-22.16143],[166.63077,-22.16289],[166.63298,-22.16361],[166.6366,-22.16581],[166.63926,-22.16713],[166.64107,-22.16875],[166.64252,-22.17074],[166.64431,-22.17193],[166.64479,-22.17368],[166.64444,-22.17479],[166.64458,-22.17626],[166.64583,-22.17795],[166.64603,-22.18012],[166.6452,-22.18104],[166.64654,-22.18249],[166.64895,-22.18314],[166.65102,-22.18471],[166.65321,-22.18715],[166.65421,-22.18753],[166.6565,-22.19021],[166.65769,-22.19014],[166.66078,-22.19164],[166.66151,-22.193],[166.66282,-22.19391],[166.6654,-22.19377],[166.66594,-22.19329],[166.66753,-22.19328],[166.66763,-22.18984],[166.66972,-22.1876],[166.67013,-22.18675],[166.67268,-22.18503],[166.67269,-22.18322],[166.67321,-22.18154],[166.67464,-22.18155],[166.6779,-22.18045],[166.68025,-22.17824],[166.67947,-22.17597],[166.68041,-22.1751],[166.67998,-22.1728],[166.68044,-22.17072],[166.68129,-22.17012],[166.68253,-22.16836],[166.68318,-22.16603],[166.68307,-22.16486],[166.68493,-22.16433],[166.68658,-22.16431],[166.68614,-22.16199],[166.68712,-22.16137],[166.68836,-22.15844],[166.69042,-22.15768],[166.69217,-22.15854],[166.69549,-22.15887],[166.69729,-22.1594],[166.69827,-22.16021],[166.69866,-22.16159],[166.69929,-22.16213],[166.70062,-22.16205],[166.702,-22.16135],[166.70336,-22.16138],[166.7042,-22.16239],[166.70562,-22.16291],[166.70845,-22.16243],[166.70976,-22.16263],[166.71176,-22.16349],[166.71384,-22.16255],[166.71587,-22.16237],[166.71836,-22.16287],[166.72038,-22.16421],[166.72115,-22.16439],[166.72235,-22.16595],[166.72404,-22.1663],[166.7239,-22.16483],[166.72494,-22.16435],[166.72579,-22.16188],[166.72768,-22.16142],[166.72911,-22.1589],[166.73026,-22.15755],[166.73194,-22.1579],[166.73365,-22.15869],[166.73371,-22.15948],[166.7358,-22.1603],[166.73658,-22.16135],[166.73927,-22.16252],[166.74169,-22.16502],[166.7431,-22.16541],[166.7443,-22.16511],[166.74646,-22.16687],[166.74817,-22.16759],[166.7525,-22.16652],[166.75406,-22.16597],[166.75621,-22.1662],[166.75821,-22.16522],[166.75905,-22.16331],[166.76044,-22.16292],[166.76267,-22.16337],[166.76397,-22.16429],[166.76629,-22.16521],[166.76633,-22.16659],[166.76684,-22.16733],[166.76913,-22.16855],[166.77035,-22.17062],[166.77145,-22.17122],[166.77336,-22.17372],[166.775,-22.17485],[166.77527,-22.17603],[166.77609,-22.1764],[166.77683,-22.17797],[166.77682,-22.17956],[166.7776,-22.18026],[166.77835,-22.1822],[166.77751,-22.18384],[166.77773,-22.18458],[166.77626,-22.18525],[166.77475,-22.18735],[166.77395,-22.18978],[166.77367,-22.19194],[166.77294,-22.19311],[166.77378,-22.19444],[166.77238,-22.19509],[166.77317,-22.19622],[166.77209,-22.19726],[166.77137,-22.19882],[166.77069,-22.20135],[166.76901,-22.20342],[166.76781,-22.20411],[166.76776,-22.20525],[166.76661,-22.20785],[166.76851,-22.20986],[166.76906,-22.21108],[166.76869,-22.21311],[166.7681,-22.21386],[166.77083,-22.21542],[166.77044,-22.21694],[166.77096,-22.21819],[166.77194,-22.21844],[166.77396,-22.2204],[166.77564,-22.22126],[166.77776,-22.22066],[166.77908,-22.22207],[166.78009,-22.22232],[166.77987,-22.22545],[166.78167,-22.22631],[166.78201,-22.22778],[166.78188,-22.23065],[166.78244,-22.23143],[166.78218,-22.23301],[166.78085,-22.23495],[166.78228,-22.23692],[166.78195,-22.23748],[166.78263,-22.24],[166.78338,-22.24148],[166.78625,-22.24292],[166.78696,-22.24446],[166.78909,-22.24591],[166.79259,-22.24705],[166.79395,-22.24634],[166.79587,-22.24677],[166.79699,-22.24635],[166.79904,-22.24436],[166.80129,-22.24522],[166.80348,-22.24441],[166.80568,-22.2445],[166.8068,-22.24494],[166.80888,-22.24635],[166.81062,-22.24576],[166.81306,-22.24606],[166.81547,-22.24521],[166.81701,-22.24559],[166.81843,-22.2475],[166.81867,-22.2483],[166.81981,-22.2489],[166.82089,-22.25043],[166.8218,-22.25056],[166.82409,-22.25188],[166.82464,-22.25369],[166.82657,-22.25466],[166.82674,-22.25549],[166.82938,-22.25708],[166.83101,-22.25706],[166.83176,-22.25823],[166.83179,-22.25934],[166.82727,-22.26175],[166.8244,-22.26433],[166.82365,-22.26875],[166.82464,-22.27017],[166.82623,-22.2706],[166.82897,-22.26917],[166.82989,-22.26909],[166.83179,-22.26973],[166.83366,-22.26958],[166.83606,-22.27129],[166.83685,-22.27046],[166.83989,-22.27125],[166.84097,-22.27071],[166.84276,-22.27174],[166.84581,-22.27067],[166.84667,-22.26993],[166.84877,-22.26898],[166.8507,-22.26878],[166.85415,-22.26676],[166.85464,-22.26575],[166.85594,-22.26465],[166.85747,-22.26393],[166.85931,-22.26428],[166.86297,-22.2637],[166.86413,-22.26268],[166.86511,-22.26285],[166.86575,-22.26411],[166.86753,-22.26625],[166.86944,-22.26715],[166.87026,-22.26903],[166.87259,-22.27003],[166.87517,-22.26881],[166.87597,-22.26884],[166.8786,-22.26989],[166.87926,-22.27071],[166.88248,-22.27294],[166.88242,-22.27456],[166.88513,-22.27501],[166.88738,-22.27638],[166.88897,-22.27658],[166.89327,-22.27632],[166.89443,-22.2768],[166.89691,-22.27692],[166.90042,-22.27918],[166.90082,-22.28051],[166.90081,-22.28287],[166.9005,-22.285],[166.90193,-22.28561],[166.90313,-22.28724],[166.9031,-22.28801],[166.90391,-22.28956],[166.90579,-22.28991],[166.9074,-22.29166],[166.90812,-22.29355],[166.91001,-22.29427],[166.91093,-22.29564],[166.91,-22.29646],[166.90971,-22.2984],[166.91106,-22.30096],[166.91058,-22.30129],[166.91066,-22.30332],[166.91156,-22.30403],[166.91068,-22.30505],[166.91109,-22.30618],[166.90996,-22.30804],[166.91044,-22.31019],[166.90996,-22.31187],[166.91052,-22.31323],[166.9121,-22.3145],[166.91273,-22.31641],[166.91349,-22.3169],[166.91607,-22.31726],[166.91716,-22.31883],[166.91837,-22.31961],[166.91996,-22.31971],[166.92074,-22.32019],[166.92221,-22.31714],[166.92414,-22.31637],[166.9262,-22.31485],[166.9266,-22.31368],[166.92747,-22.31288],[166.92912,-22.31339],[166.93017,-22.31332],[166.9318,-22.31421],[166.9353,-22.31304],[166.93722,-22.31205],[166.9377,-22.31078],[166.9385,-22.31068],[166.94129,-22.31132],[166.94328,-22.31262],[166.9468,-22.31039],[166.94809,-22.30916],[166.94943,-22.3089],[166.95015,-22.30776],[166.95378,-22.30675],[166.95754,-22.30697],[166.95507,-22.31018],[166.96589,-22.31998],[166.97492,-22.3411],[166.97418,-22.34544],[166.97403,-22.3531],[166.97287,-22.35257],[166.97277,-22.35105],[166.9709,-22.34974],[166.96828,-22.34882],[166.96656,-22.34862],[166.96388,-22.34765],[166.96324,-22.34558],[166.96123,-22.34322],[166.96191,-22.34137],[166.962,-22.33948],[166.95933,-22.34074],[166.95819,-22.34074],[166.95572,-22.34223],[166.95679,-22.34283],[166.95778,-22.34445],[166.95721,-22.34708],[166.95633,-22.34809],[166.95483,-22.34781],[166.95418,-22.34856],[166.95231,-22.35166],[166.95186,-22.35492],[166.95278,-22.35512],[166.95427,-22.35642],[166.95617,-22.35713],[166.95694,-22.35842],[166.9592,-22.35855],[166.96051,-22.35955],[166.96119,-22.36067],[166.9617,-22.3627],[166.96071,-22.36357],[166.95856,-22.36358],[166.95572,-22.36517],[166.95473,-22.365],[166.95472,-22.36633],[166.95371,-22.36659],[166.9514,-22.36913],[166.95095,-22.37065],[166.94842,-22.371],[166.94586,-22.37307],[166.94492,-22.37458],[166.94328,-22.37574],[166.94179,-22.37596],[166.9413,-22.37732],[166.94067,-22.37758],[166.93943,-22.3809],[166.93823,-22.38125],[166.93713,-22.38259],[166.93609,-22.38462],[166.93547,-22.38506],[166.93547,-22.38624],[166.93482,-22.38688],[166.93292,-22.38705],[166.93149,-22.38816],[166.93135,-22.38881],[166.92959,-22.38996],[166.92777,-22.39237],[166.92669,-22.39308],[166.92622,-22.39431],[166.92529,-22.39512],[166.9238,-22.39554],[166.91963,-22.39438],[166.91723,-22.39485],[166.91213,-22.39419],[166.91141,-22.39461],[166.90994,-22.39391],[166.90922,-22.39449],[166.90758,-22.39356],[166.90655,-22.39456],[166.9049,-22.39401],[166.90401,-22.39294],[166.9028,-22.39334],[166.90072,-22.39196],[166.89703,-22.39164],[166.89678,-22.39024],[166.8957,-22.38946],[166.89432,-22.38946],[166.89084,-22.39053],[166.8913,-22.38951],[166.89239,-22.38863],[166.89338,-22.38565],[166.89497,-22.38543],[166.89724,-22.38656],[166.89893,-22.38576],[166.89935,-22.38484],[166.90124,-22.38369],[166.90375,-22.38499],[166.90356,-22.3858],[166.90478,-22.38607],[166.90662,-22.38571],[166.90766,-22.38681],[166.90857,-22.38652],[166.90878,-22.38534],[166.90765,-22.38419],[166.90866,-22.38195],[166.91092,-22.38182],[166.91282,-22.38316],[166.9143,-22.38301],[166.91564,-22.38404],[166.91634,-22.38382],[166.91606,-22.38229],[166.91476,-22.38054],[166.91339,-22.37918],[166.91456,-22.37775],[166.91612,-22.3776],[166.92089,-22.37872],[166.92129,-22.37712],[166.91961,-22.3758],[166.91931,-22.37408],[166.9184,-22.3735],[166.91591,-22.37413],[166.91596,-22.37315],[166.91524,-22.37204],[166.91289,-22.37087],[166.91156,-22.37169],[166.91176,-22.37245],[166.91096,-22.37319],[166.91055,-22.37452],[166.90945,-22.37394],[166.90742,-22.37399],[166.90587,-22.3733],[166.9033,-22.3737],[166.90242,-22.37306],[166.90117,-22.37288],[166.89747,-22.37381],[166.89621,-22.37272],[166.89444,-22.37367],[166.89304,-22.37374],[166.89069,-22.37504],[166.8883,-22.37493],[166.888,-22.37156],[166.88749,-22.37091],[166.8886,-22.36992],[166.89025,-22.3676],[166.89152,-22.36722],[166.89359,-22.3648],[166.89662,-22.36452],[166.90037,-22.36518],[166.90141,-22.36449],[166.90206,-22.36287],[166.90117,-22.36166],[166.90085,-22.35995],[166.8992,-22.35888],[166.8979,-22.35891],[166.89671,-22.35802],[166.8975,-22.35653],[166.89706,-22.35568],[166.89569,-22.35474],[166.89469,-22.35495],[166.89273,-22.35416],[166.89125,-22.35306],[166.89105,-22.35116],[166.8899,-22.34944],[166.88956,-22.34747],[166.8887,-22.34672],[166.88561,-22.34529],[166.88438,-22.34426],[166.88269,-22.34162],[166.88169,-22.34116],[166.87843,-22.34078],[166.87698,-22.33807],[166.87786,-22.33681],[166.87759,-22.33563],[166.87926,-22.33443],[166.87923,-22.33278],[166.87819,-22.33146],[166.87666,-22.33054],[166.87802,-22.3297],[166.87792,-22.32856],[166.8764,-22.32678],[166.87678,-22.3259],[166.87714,-22.32029],[166.87591,-22.3209],[166.87388,-22.32047],[166.87234,-22.32147],[166.87174,-22.32277],[166.87083,-22.32308],[166.86978,-22.32528],[166.86841,-22.32557],[166.86546,-22.32488],[166.86483,-22.32423],[166.86422,-22.32211],[166.86217,-22.32084],[166.85903,-22.32191],[166.85837,-22.32272],[166.85871,-22.32447],[166.85864,-22.32599],[166.85791,-22.32783],[166.85793,-22.32897],[166.85571,-22.33262],[166.85562,-22.33389],[166.85693,-22.33459],[166.85693,-22.33595],[166.85767,-22.33609],[166.85977,-22.33844],[166.86126,-22.33937],[166.86254,-22.34064],[166.86264,-22.3421],[166.86367,-22.34334],[166.86568,-22.34459],[166.8658,-22.34594],[166.86537,-22.34733],[166.86319,-22.34773],[166.86084,-22.34847],[166.85991,-22.34826],[166.85711,-22.3487],[166.85392,-22.35039],[166.8522,-22.3504],[166.85188,-22.34906],[166.85212,-22.3474],[166.8514,-22.3464],[166.85148,-22.34536],[166.85065,-22.34412],[166.85059,-22.34217],[166.85101,-22.34062],[166.8502,-22.33912],[166.85043,-22.33813],[166.85254,-22.33615],[166.85137,-22.33404],[166.84965,-22.33354],[166.8474,-22.3338],[166.84666,-22.33338],[166.84679,-22.33186],[166.84477,-22.33232],[166.84394,-22.33172],[166.84399,-22.33039],[166.84206,-22.32905],[166.84117,-22.32889],[166.84056,-22.32795],[166.84168,-22.32763],[166.84259,-22.32676],[166.84131,-22.32541],[166.84142,-22.32372],[166.84055,-22.32287],[166.84054,-22.3213],[166.84145,-22.32052],[166.84175,-22.31937],[166.8413,-22.31864],[166.84188,-22.31754],[166.84112,-22.31678],[166.83988,-22.31425],[166.84161,-22.31379],[166.84385,-22.31479],[166.84605,-22.31454],[166.84671,-22.31406],[166.84852,-22.31406],[166.84922,-22.31329],[166.84946,-22.31191],[166.85049,-22.31084],[166.84987,-22.30962],[166.85108,-22.30845],[166.85301,-22.30784],[166.85529,-22.30503],[166.85749,-22.30364],[166.8594,-22.30385],[166.86127,-22.30323],[166.86251,-22.30212],[166.86277,-22.30104],[166.86162,-22.29955],[166.86055,-22.29917],[166.86083,-22.30085],[166.86023,-22.30164],[166.85749,-22.30137],[166.85441,-22.30069],[166.85378,-22.30103],[166.85332,-22.30244],[166.85217,-22.30405],[166.85029,-22.30484],[166.84785,-22.30343],[166.84659,-22.30352],[166.84537,-22.30413],[166.84418,-22.30216],[166.84201,-22.30139],[166.84092,-22.30159],[166.83999,-22.30243],[166.83924,-22.30392],[166.83799,-22.30312],[166.83736,-22.30425],[166.83881,-22.30641],[166.84056,-22.3062],[166.84134,-22.30484],[166.84229,-22.30399],[166.84274,-22.30553],[166.84365,-22.30665],[166.84546,-22.30696],[166.84735,-22.30651],[166.84647,-22.30816],[166.84677,-22.30888],[166.84532,-22.31052],[166.84395,-22.31069],[166.84002,-22.30952],[166.83934,-22.309],[166.83743,-22.30903],[166.83587,-22.31024],[166.83491,-22.31253],[166.8356,-22.31384],[166.83356,-22.31515],[166.83352,-22.31639],[166.83269,-22.31656],[166.83142,-22.31787],[166.82999,-22.3182],[166.82963,-22.31891],[166.8279,-22.31974],[166.82581,-22.31972],[166.82532,-22.32061],[166.82589,-22.32196],[166.82729,-22.3224],[166.82772,-22.32426],[166.8274,-22.32495],[166.82604,-22.32556],[166.82366,-22.32603],[166.8226,-22.32824],[166.82135,-22.32824],[166.82078,-22.32881],[166.82071,-22.33126],[166.82025,-22.33227],[166.82066,-22.33338],[166.82309,-22.33363],[166.82436,-22.33443],[166.82694,-22.33415],[166.82756,-22.33542],[166.82527,-22.33746],[166.82542,-22.33952],[166.82331,-22.34148],[166.82168,-22.34354],[166.82132,-22.34484],[166.82049,-22.3458],[166.81848,-22.34483],[166.81557,-22.34486],[166.8142,-22.34425],[166.81299,-22.34433],[166.81111,-22.34704],[166.81127,-22.34789],[166.81272,-22.34841],[166.81361,-22.34923],[166.81351,-22.35007],[166.81427,-22.35097],[166.8157,-22.35108],[166.81685,-22.35295],[166.81696,-22.3543],[166.81419,-22.35709],[166.81296,-22.3574],[166.81119,-22.35667],[166.81,-22.3574],[166.80923,-22.35852],[166.80946,-22.35968],[166.81062,-22.361],[166.81169,-22.36043],[166.81261,-22.36123],[166.81452,-22.36103],[166.81633,-22.36172],[166.81838,-22.36096],[166.82003,-22.36138],[166.82032,-22.36014],[166.82157,-22.35903],[166.82303,-22.36065],[166.82411,-22.36121],[166.82678,-22.36079],[166.82959,-22.3631],[166.83195,-22.3627],[166.83301,-22.36359],[166.83223,-22.3646],[166.83269,-22.36554],[166.83078,-22.36568],[166.83016,-22.36673],[166.8309,-22.36757],[166.83093,-22.36924],[166.83316,-22.3701],[166.83186,-22.37148],[166.83256,-22.37316],[166.83402,-22.37289],[166.83422,-22.37441],[166.83638,-22.37487],[166.83701,-22.37589],[166.83834,-22.37582],[166.83906,-22.3767],[166.84089,-22.37785],[166.84191,-22.37907],[166.84178,-22.38133],[166.84266,-22.38237],[166.84282,-22.3835],[166.84375,-22.38504],[166.84325,-22.38658],[166.84241,-22.38741],[166.83988,-22.38774],[166.83817,-22.38742],[166.83426,-22.38789],[166.83332,-22.38715],[166.83196,-22.38715],[166.83028,-22.38579],[166.83117,-22.38465],[166.83071,-22.38335],[166.82883,-22.38244],[166.82682,-22.38229],[166.82715,-22.37996],[166.82625,-22.37884],[166.82468,-22.37804],[166.8228,-22.37616],[166.82101,-22.37585],[166.81779,-22.37492],[166.81632,-22.37342],[166.81477,-22.37265],[166.8124,-22.37274],[166.81137,-22.37245],[166.80829,-22.37271],[166.80658,-22.37366],[166.80415,-22.37464],[166.80255,-22.37568],[166.80118,-22.3773],[166.79889,-22.37604],[166.79802,-22.37654],[166.79757,-22.3776],[166.79809,-22.379],[166.79784,-22.3807],[166.79813,-22.38275],[166.79685,-22.38318],[166.79479,-22.38493],[166.79277,-22.38581],[166.79058,-22.38608],[166.78862,-22.38686],[166.78613,-22.38942],[166.78186,-22.39085],[166.77952,-22.39066],[166.77729,-22.39092],[166.77277,-22.39065],[166.77166,-22.391],[166.76921,-22.38707],[166.76669,-22.38569],[166.76265,-22.38542],[166.75987,-22.38431],[166.75684,-22.38339],[166.75576,-22.3834],[166.753,-22.3825],[166.75061,-22.38212],[166.74891,-22.38263],[166.74602,-22.38277],[166.74283,-22.38232],[166.7412,-22.38124],[166.73703,-22.37948],[166.73619,-22.37889],[166.7334,-22.37608],[166.73181,-22.37493],[166.73088,-22.37466],[166.72932,-22.37259],[166.73033,-22.37039],[166.7306,-22.36806],[166.73031,-22.36393],[166.73149,-22.363],[166.73289,-22.36112],[166.73435,-22.35979],[166.73724,-22.35821],[166.7381,-22.35736],[166.73905,-22.35555],[166.74187,-22.35433],[166.74273,-22.35254],[166.74433,-22.35088],[166.74457,-22.34991],[166.74628,-22.34879],[166.74792,-22.34958],[166.75098,-22.34806],[166.75261,-22.34851],[166.75547,-22.3482],[166.7568,-22.34868],[166.758,-22.3479],[166.75871,-22.34591],[166.7581,-22.34278],[166.75621,-22.34088],[166.75509,-22.34244],[166.75404,-22.34257],[166.75287,-22.34123],[166.75171,-22.34059],[166.75035,-22.34058],[166.74811,-22.33984],[166.74652,-22.34046],[166.74522,-22.34047],[166.74024,-22.34168],[166.73875,-22.34156],[166.7374,-22.34255],[166.73598,-22.34262],[166.73348,-22.3438],[166.73271,-22.34443],[166.72925,-22.34422],[166.72842,-22.34463],[166.72651,-22.34458],[166.72516,-22.34403],[166.72378,-22.34397],[166.72128,-22.3421],[166.71833,-22.34139],[166.71539,-22.34099],[166.71289,-22.33993],[166.71094,-22.33963],[166.70789,-22.33877],[166.70679,-22.33761],[166.70488,-22.33707],[166.70079,-22.33523],[166.70037,-22.33406],[166.70093,-22.3325],[166.70169,-22.33167],[166.7025,-22.32892],[166.70304,-22.32813],[166.70295,-22.32702],[166.70385,-22.32583],[166.70378,-22.32371],[166.70421,-22.32201],[166.70381,-22.31996],[166.70496,-22.31811],[166.70499,-22.31685],[166.70566,-22.31592],[166.70651,-22.31279],[166.70718,-22.31151],[166.70522,-22.31008],[166.70286,-22.30941],[166.70029,-22.31046],[166.69971,-22.31172],[166.69835,-22.31322],[166.69828,-22.31476],[166.69747,-22.31569],[166.69747,-22.31688],[166.69646,-22.31882],[166.69555,-22.32118],[166.69655,-22.32209],[166.69592,-22.32376],[166.69465,-22.32444],[166.69369,-22.32411],[166.69052,-22.32381],[166.68737,-22.32255],[166.68445,-22.32252],[166.68372,-22.32094],[166.68277,-22.32009],[166.6797,-22.31895],[166.68079,-22.31846],[166.68226,-22.31841],[166.68332,-22.31693],[166.68348,-22.31539],[166.68424,-22.31284],[166.68376,-22.31116],[166.68434,-22.3103],[166.68461,-22.30726],[166.68332,-22.30697],[166.68294,-22.30838],[166.68058,-22.30666],[166.67679,-22.30714],[166.67164,-22.30572],[166.67044,-22.30601],[166.66966,-22.30401],[166.66847,-22.30257],[166.66773,-22.30113],[166.66605,-22.29877],[166.66424,-22.29728],[166.66256,-22.2971],[166.65894,-22.29614],[166.65434,-22.29598],[166.65294,-22.2965],[166.65026,-22.2946],[166.64893,-22.29448],[166.65004,-22.29297],[166.64953,-22.29177],[166.64826,-22.291],[166.64811,-22.28925],[166.64662,-22.28824],[166.64679,-22.2867],[166.64533,-22.28506],[166.64368,-22.28406],[166.64182,-22.28354],[166.64027,-22.28254],[166.63971,-22.28087],[166.63832,-22.27855],[166.63743,-22.27797],[166.63573,-22.27775],[166.63411,-22.27705],[166.63364,-22.2757],[166.63256,-22.27472],[166.63001,-22.27413],[166.62821,-22.2743],[166.62531,-22.27516],[166.62436,-22.2763],[166.62325,-22.2769],[166.6228,-22.27956],[166.62325,-22.28171],[166.62283,-22.28414],[166.61841,-22.28711],[166.61666,-22.28749],[166.61431,-22.28848],[166.61249,-22.28886],[166.60972,-22.29051],[166.60831,-22.29014],[166.60695,-22.29042],[166.60522,-22.29138],[166.60386,-22.29147],[166.5996,-22.29279],[166.59894,-22.29208],[166.59579,-22.29216],[166.59275,-22.29276],[166.59068,-22.29252],[166.58951,-22.29167],[166.58768,-22.28951],[166.58747,-22.28784],[166.58667,-22.28615],[166.58559,-22.28513],[166.58289,-22.28395],[166.58179,-22.28296],[166.57949,-22.28186],[166.57851,-22.28166],[166.57599,-22.27962],[166.57512,-22.27859],[166.57325,-22.27812],[166.57154,-22.27575],[166.57208,-22.27482],[166.57158,-22.27366],[166.56889,-22.2721],[166.56595,-22.27098],[166.5641,-22.27063],[166.56062,-22.27096],[166.55586,-22.27111],[166.55565,-22.27029],[166.55707,-22.26949],[166.55742,-22.26827],[166.55876,-22.26902],[166.55961,-22.26821],[166.55743,-22.26799],[166.55721,-22.2647],[166.55923,-22.26448],[166.55952,-22.26534],[166.56124,-22.26649],[166.56241,-22.26687],[166.56352,-22.26606],[166.56364,-22.26529],[166.56226,-22.26458],[166.56106,-22.26474],[166.56044,-22.264],[166.5621,-22.26345],[166.56204,-22.2624],[166.55954,-22.26176],[166.55799,-22.26296],[166.55688,-22.26188],[166.55722,-22.26062],[166.55466,-22.25691],[166.55591,-22.25585],[166.55723,-22.25571],[166.55855,-22.25641],[166.55922,-22.25616],[166.55944,-22.25888],[166.56102,-22.2591],[166.56183,-22.25782],[166.56112,-22.25566],[166.56208,-22.25356],[166.56308,-22.25278],[166.56514,-22.25197],[166.56566,-22.25073],[166.56711,-22.24974],[166.56648,-22.24846],[166.56673,-22.24682],[166.56729,-22.24595],[166.56839,-22.24614],[166.56882,-22.24402],[166.57077,-22.2445],[166.57297,-22.24357],[166.57367,-22.24128],[166.57146,-22.24108],[166.57189,-22.23967],[166.57288,-22.23839],[166.57362,-22.23676],[166.57051,-22.23778],[166.56906,-22.23779],[166.56927,-22.23912],[166.56714,-22.24182],[166.56621,-22.24219],[166.56497,-22.24046],[166.56289,-22.23973],[166.56338,-22.2389],[166.56518,-22.23834],[166.56665,-22.23832],[166.5675,-22.23749],[166.56853,-22.23779],[166.56914,-22.23689],[166.57429,-22.23511],[166.57355,-22.23475],[166.5687,-22.23607],[166.56716,-22.23557],[166.5659,-22.23618],[166.56379,-22.2359],[166.56113,-22.23492],[166.5616,-22.2341],[166.56375,-22.23431],[166.56447,-22.23373],[166.56286,-22.23149],[166.5602,-22.23139],[166.55906,-22.23055],[166.55782,-22.23069],[166.55814,-22.2324],[166.55741,-22.23275],[166.55693,-22.23398],[166.55529,-22.2344],[166.55329,-22.23418],[166.55261,-22.23374],[166.55298,-22.23222],[166.55037,-22.23257],[166.54957,-22.23372],[166.55168,-22.23432],[166.55035,-22.23538],[166.55008,-22.23659],[166.54674,-22.23792],[166.54653,-22.24],[166.54522,-22.24162],[166.54326,-22.24184],[166.54258,-22.24252],[166.54154,-22.2417],[166.54231,-22.24057],[166.54386,-22.23958],[166.54518,-22.23963],[166.54553,-22.23743],[166.54605,-22.23632],[166.54579,-22.23527],[166.54443,-22.23429],[166.54327,-22.23541],[166.54305,-22.23633],[166.54185,-22.23742],[166.54003,-22.23657],[166.53873,-22.23683],[166.54108,-22.23886],[166.54011,-22.23968],[166.53869,-22.23825],[166.53584,-22.23748],[166.53429,-22.23747],[166.53126,-22.23844],[166.53223,-22.23708],[166.53289,-22.23495],[166.53455,-22.23356],[166.53669,-22.23458],[166.5365,-22.23344],[166.53476,-22.23334],[166.53688,-22.23139],[166.53611,-22.22982],[166.53336,-22.23235],[166.53297,-22.23064],[166.5312,-22.23016],[166.52949,-22.23154],[166.53169,-22.23356],[166.53084,-22.23488],[166.53074,-22.23634],[166.52928,-22.23988],[166.52859,-22.23913],[166.52861,-22.23801],[166.52775,-22.23695],[166.52671,-22.23664],[166.52597,-22.23455],[166.52623,-22.23393],[166.52402,-22.23284],[166.52429,-22.2308],[166.52268,-22.23013],[166.52212,-22.22893],[166.52116,-22.22892],[166.52061,-22.23049],[166.51913,-22.2289],[166.51799,-22.22952],[166.51557,-22.22831],[166.51334,-22.22816],[166.51171,-22.22894],[166.51175,-22.23023],[166.51036,-22.23081],[166.50977,-22.23153],[166.51018,-22.23284],[166.50819,-22.23332],[166.50692,-22.23304],[166.50577,-22.23228],[166.50565,-22.2292],[166.50611,-22.22835],[166.50724,-22.22772],[166.5074,-22.22623],[166.50684,-22.22557],[166.50574,-22.22665],[166.50462,-22.2271],[166.50374,-22.22838],[166.50291,-22.22853],[166.49663,-22.22593],[166.49737,-22.22583],[166.49722,-22.22418],[166.49575,-22.22322],[166.49352,-22.22323],[166.49213,-22.22257],[166.49218,-22.22178],[166.49089,-22.22165],[166.48977,-22.22249]]]]}},{"type":"Feature","id":"fr-commune-98818","properties":{"id":"fr-commune-98818","name":"Nouméa","kind":"commune","center":[166.46793167054275,-22.47733146663162],"code":"98818","department":"988"},"bbox":[166.29161,-22.47875,166.50464,-22.21666],"geometry":{"type":"MultiPolygon","coordinates":[[[[166.46624,-22.4777],[166.46824,-22.47605],[166.4697,-22.4767],[166.46756,-22.47875],[166.46624,-22.4777]]],[[[166.4101,-22.33434],[166.40899,-22.33683],[166.40768,-22.33587],[166.40946,-22.33392],[166.41125,-22.33112],[166.41198,-22.33119],[166.4101,-22.33434]]],[[[166.4363,-22.31352],[166.43489,-22.31229],[166.43548,-22.31171],[166.4363,-22.31352]]],[[[166.47233,-22.31428],[166.47152,-22.31284],[166.47396,-22.31143],[166.47398,-22.31314],[166.47453,-22.31426],[166.47543,-22.31489],[166.47683,-22.31493],[166.47809,-22.31429],[166.47916,-22.31297],[166.48069,-22.31403],[166.48091,-22.31504],[166.47918,-22.31553],[166.47832,-22.31495],[166.47548,-22.31532],[166.47466,-22.31582],[166.47283,-22.31602],[166.47233,-22.31428]]],[[[166.29161,-22.29619],[166.29225,-22.29435],[166.29436,-22.29435],[166.29426,-22.29793],[166.29374,-22.29891],[166.29187,-22.2985],[166.29161,-22.29619]]],[[[166.43037,-22.29361],[166.42828,-22.29376],[166.42603,-22.29228],[166.42455,-22.28806],[166.42629,-22.28763],[166.42851,-22.28949],[166.42789,-22.29096],[166.42802,-22.29225],[166.42932,-22.29344],[166.43037,-22.29361]]],[[[166.48055,-22.28888],[166.4835,-22.28806],[166.48336,-22.29074],[166.48381,-22.29165],[166.4862,-22.2924],[166.48624,-22.29405],[166.48536,-22.29537],[166.48591,-22.29706],[166.48819,-22.29744],[166.48834,-22.29876],[166.48706,-22.30031],[166.48637,-22.30248],[166.48459,-22.3052],[166.48353,-22.30777],[166.48346,-22.30858],[166.48251,-22.30997],[166.4814,-22.31087],[166.48007,-22.31086],[166.47762,-22.31013],[166.4779,-22.30836],[166.4766,-22.30664],[166.47842,-22.30614],[166.48076,-22.30428],[166.48189,-22.30445],[166.4828,-22.30336],[166.48325,-22.30192],[166.48344,-22.29977],[166.48273,-22.29605],[166.48138,-22.29358],[166.48116,-22.29133],[166.48144,-22.29019],[166.48055,-22.28888]]],[[[166.46119,-22.28119],[166.46341,-22.28123],[166.46372,-22.28223],[166.46255,-22.28271],[166.46088,-22.28219],[166.46119,-22.28119]]],[[[166.50462,-22.27478],[166.50366,-22.27523],[166.50265,-22.27485],[166.50362,-22.2732],[166.50464,-22.27324],[166.50462,-22.27478]]],[[[166.49731,-22.25749],[166.49877,-22.25731],[166.49818,-22.25541],[166.49814,-22.25371],[166.49926,-22.2539],[166.49884,-22.25563],[166.49907,-22.25706],[166.50016,-22.25775],[166.50097,-22.25888],[166.50217,-22.25902],[166.50193,-22.25997],[166.49938,-22.25896],[166.4985,-22.25975],[166.49701,-22.25846],[166.49731,-22.25749]]],[[[166.41096,-22.27237],[166.40839,-22.271],[166.40351,-22.27142],[166.40125,-22.27104],[166.39853,-22.27017],[166.39776,-22.26863],[166.39628,-22.26714],[166.39392,-22.26569],[166.39278,-22.26564],[166.39223,-22.26446],[166.39,-22.26365],[166.38792,-22.26042],[166.38993,-22.26044],[166.39107,-22.25965],[166.39143,-22.2582],[166.39013,-22.25638],[166.38763,-22.25505],[166.38574,-22.25255],[166.38635,-22.25131],[166.38708,-22.24855],[166.38842,-22.24782],[166.39037,-22.2473],[166.39207,-22.2473],[166.39235,-22.24887],[166.39477,-22.25036],[166.397,-22.25287],[166.39818,-22.25487],[166.40066,-22.25836],[166.40278,-22.25817],[166.40324,-22.25853],[166.40323,-22.26031],[166.40393,-22.26138],[166.40516,-22.26121],[166.40605,-22.2619],[166.40834,-22.26179],[166.40971,-22.26215],[166.4115,-22.26516],[166.41358,-22.26689],[166.41447,-22.26678],[166.41627,-22.26405],[166.42163,-22.26637],[166.42602,-22.26785],[166.42685,-22.26857],[166.42724,-22.27066],[166.42834,-22.27151],[166.42818,-22.27364],[166.42704,-22.27511],[166.42642,-22.27722],[166.42625,-22.27913],[166.42731,-22.28043],[166.42668,-22.28274],[166.42524,-22.28234],[166.42415,-22.28078],[166.42448,-22.27815],[166.42572,-22.2764],[166.42576,-22.27428],[166.4249,-22.2729],[166.42377,-22.27185],[166.42213,-22.271],[166.42053,-22.27136],[166.41976,-22.27064],[166.41736,-22.27075],[166.41628,-22.27215],[166.41507,-22.27109],[166.41495,-22.26951],[166.41278,-22.26902],[166.41042,-22.27094],[166.41096,-22.27237]]],[[[166.38927,-22.22457],[166.38925,-22.22714],[166.38765,-22.22729],[166.38696,-22.22485],[166.3885,-22.22416],[166.38927,-22.22457]]],[[[166.48977,-22.22249],[166.49071,-22.22313],[166.49224,-22.22309],[166.4939,-22.2237],[166.49287,-22.22503],[166.49231,-22.2267],[166.4944,-22.22699],[166.49413,-22.2297],[166.49246,-22.23069],[166.49293,-22.23174],[166.49437,-22.23268],[166.49563,-22.2329],[166.49683,-22.23364],[166.4985,-22.2358],[166.50141,-22.23832],[166.50325,-22.23881],[166.50396,-22.24018],[166.50395,-22.24113],[166.50223,-22.24109],[166.50026,-22.24034],[166.49826,-22.23919],[166.49658,-22.23878],[166.49272,-22.24037],[166.49028,-22.23911],[166.49081,-22.23741],[166.48778,-22.23522],[166.48594,-22.23753],[166.48855,-22.23795],[166.48913,-22.23924],[166.48588,-22.23915],[166.4869,-22.24033],[166.48573,-22.24112],[166.48411,-22.24032],[166.48363,-22.23907],[166.48251,-22.2409],[166.48324,-22.24102],[166.48449,-22.24236],[166.48621,-22.24317],[166.48765,-22.24293],[166.48959,-22.24188],[166.49031,-22.24272],[166.4883,-22.24452],[166.48896,-22.24494],[166.49016,-22.24459],[166.49033,-22.2455],[166.4918,-22.24655],[166.49276,-22.24623],[166.49318,-22.24854],[166.49449,-22.2493],[166.49548,-22.24934],[166.49609,-22.25052],[166.49511,-22.2508],[166.4942,-22.25013],[166.49286,-22.25024],[166.49164,-22.24753],[166.48915,-22.2459],[166.48661,-22.24626],[166.48548,-22.24717],[166.48651,-22.24783],[166.48801,-22.24761],[166.48913,-22.24812],[166.48895,-22.24899],[166.49066,-22.24972],[166.4905,-22.25083],[166.48961,-22.25206],[166.49321,-22.25246],[166.49386,-22.25422],[166.49171,-22.25455],[166.49031,-22.25426],[166.49032,-22.25538],[166.49348,-22.25681],[166.49245,-22.25781],[166.4915,-22.25801],[166.49059,-22.2598],[166.4887,-22.25978],[166.48961,-22.25768],[166.4889,-22.25675],[166.488,-22.25466],[166.48797,-22.25388],[166.48667,-22.25208],[166.48409,-22.25214],[166.48433,-22.25311],[166.48579,-22.25322],[166.48649,-22.25509],[166.48573,-22.2568],[166.4861,-22.25821],[166.48396,-22.25833],[166.4825,-22.25696],[166.48053,-22.25773],[166.48014,-22.25714],[166.48106,-22.25562],[166.48251,-22.2555],[166.4831,-22.25446],[166.48074,-22.25268],[166.47809,-22.25341],[166.4786,-22.25567],[166.47741,-22.25539],[166.47708,-22.25656],[166.47881,-22.25741],[166.47603,-22.2589],[166.47561,-22.25773],[166.47484,-22.25711],[166.4749,-22.25607],[166.47419,-22.25536],[166.47502,-22.25442],[166.4766,-22.25375],[166.47725,-22.25241],[166.47694,-22.25177],[166.47519,-22.25165],[166.4757,-22.25042],[166.47526,-22.24977],[166.47289,-22.25065],[166.4734,-22.25109],[166.47348,-22.25607],[166.47586,-22.25902],[166.47398,-22.2616],[166.47398,-22.26431],[166.47255,-22.26468],[166.47191,-22.26649],[166.47201,-22.2674],[166.47377,-22.26892],[166.47544,-22.26866],[166.47601,-22.2702],[166.47561,-22.2711],[166.47745,-22.27215],[166.47887,-22.27405],[166.47928,-22.2756],[166.48076,-22.27704],[166.47946,-22.2771],[166.47838,-22.27796],[166.47824,-22.27945],[166.47932,-22.27974],[166.48134,-22.28337],[166.47974,-22.28381],[166.4788,-22.28339],[166.47935,-22.28062],[166.47731,-22.27987],[166.4761,-22.28116],[166.47438,-22.28235],[166.47412,-22.28328],[166.47155,-22.28362],[166.47107,-22.2842],[166.46928,-22.28499],[166.46834,-22.28616],[166.46751,-22.28563],[166.46619,-22.28577],[166.46638,-22.28273],[166.46746,-22.282],[166.46891,-22.28167],[166.46928,-22.28271],[166.47048,-22.28251],[166.47189,-22.28069],[166.4731,-22.28094],[166.47464,-22.27964],[166.47425,-22.27791],[166.4734,-22.27847],[166.47182,-22.27826],[166.473,-22.27625],[166.47428,-22.27598],[166.47424,-22.27478],[166.47294,-22.27507],[166.47304,-22.27324],[166.47204,-22.27196],[166.47091,-22.27289],[166.46993,-22.27141],[166.46967,-22.27357],[166.47064,-22.27377],[166.47035,-22.27488],[166.46916,-22.2765],[166.46921,-22.27971],[166.46822,-22.28087],[166.46589,-22.28055],[166.46261,-22.27931],[166.46094,-22.27928],[166.45958,-22.27989],[166.45823,-22.28174],[166.45916,-22.2846],[166.45759,-22.28635],[166.45771,-22.28771],[166.45925,-22.28898],[166.45951,-22.29228],[166.45852,-22.29552],[166.45921,-22.29675],[166.45905,-22.298],[166.45751,-22.30101],[166.45809,-22.30326],[166.46205,-22.30673],[166.46092,-22.30703],[166.45845,-22.31067],[166.45762,-22.31034],[166.45605,-22.31181],[166.45465,-22.31199],[166.45327,-22.31141],[166.4513,-22.31119],[166.44892,-22.31149],[166.44847,-22.30845],[166.4477,-22.30702],[166.44723,-22.30459],[166.44561,-22.30344],[166.44398,-22.30296],[166.441,-22.30268],[166.43816,-22.30332],[166.43461,-22.30363],[166.43434,-22.30285],[166.43516,-22.30178],[166.43714,-22.30158],[166.43813,-22.30013],[166.43831,-22.29899],[166.43802,-22.29701],[166.4375,-22.29592],[166.4355,-22.29473],[166.43452,-22.29512],[166.43236,-22.29461],[166.43137,-22.29374],[166.43235,-22.29295],[166.43496,-22.29298],[166.43598,-22.29239],[166.43792,-22.29413],[166.43884,-22.29254],[166.43774,-22.29176],[166.43685,-22.28999],[166.43925,-22.28997],[166.44061,-22.28894],[166.44173,-22.28887],[166.44266,-22.2896],[166.44407,-22.28824],[166.44442,-22.28585],[166.44408,-22.28432],[166.44299,-22.28468],[166.44068,-22.2845],[166.43989,-22.28372],[166.43813,-22.28371],[166.43668,-22.28279],[166.43549,-22.28276],[166.43392,-22.28401],[166.43257,-22.28387],[166.43251,-22.28277],[166.43398,-22.28088],[166.43505,-22.28066],[166.43505,-22.27978],[166.43644,-22.27891],[166.43822,-22.27875],[166.44104,-22.27717],[166.44089,-22.27558],[166.43763,-22.27585],[166.43804,-22.2746],[166.43721,-22.27311],[166.43694,-22.26837],[166.42722,-22.26837],[166.42638,-22.26785],[166.42475,-22.26593],[166.42558,-22.26364],[166.42708,-22.26327],[166.42762,-22.26376],[166.42895,-22.26337],[166.43755,-22.26544],[166.43914,-22.26556],[166.44137,-22.2646],[166.44329,-22.26182],[166.44165,-22.25963],[166.44068,-22.25937],[166.4399,-22.25995],[166.44009,-22.26108],[166.4386,-22.26181],[166.4367,-22.25974],[166.43444,-22.2569],[166.43373,-22.25524],[166.43291,-22.25462],[166.42861,-22.25374],[166.42611,-22.2525],[166.42653,-22.25042],[166.42787,-22.24803],[166.42929,-22.24611],[166.43169,-22.24467],[166.44077,-22.2478],[166.44264,-22.24781],[166.44658,-22.24952],[166.44918,-22.24915],[166.44919,-22.24875],[166.44618,-22.24868],[166.44512,-22.2471],[166.44408,-22.24719],[166.44174,-22.24544],[166.44119,-22.2443],[166.43856,-22.243],[166.43749,-22.24299],[166.43535,-22.24474],[166.4345,-22.24282],[166.43034,-22.24207],[166.42916,-22.24039],[166.42689,-22.24113],[166.42626,-22.24081],[166.42445,-22.24122],[166.42392,-22.24257],[166.4247,-22.2435],[166.42477,-22.24464],[166.4268,-22.24643],[166.42554,-22.24802],[166.4243,-22.24885],[166.42405,-22.24766],[166.42162,-22.24711],[166.42161,-22.24647],[166.41923,-22.24371],[166.41781,-22.24393],[166.41682,-22.24477],[166.41652,-22.24678],[166.41474,-22.24781],[166.41475,-22.24618],[166.41558,-22.24532],[166.41554,-22.24389],[166.41643,-22.24108],[166.41608,-22.23928],[166.4131,-22.23946],[166.41154,-22.24259],[166.41065,-22.2433],[166.4097,-22.24213],[166.40875,-22.24185],[166.4078,-22.24075],[166.40669,-22.24033],[166.40803,-22.23799],[166.40894,-22.23704],[166.40844,-22.23543],[166.40715,-22.2343],[166.40591,-22.23429],[166.40439,-22.23568],[166.4024,-22.23521],[166.40149,-22.23536],[166.40016,-22.23477],[166.39913,-22.23508],[166.39782,-22.23337],[166.39599,-22.2324],[166.39405,-22.23068],[166.39452,-22.22944],[166.39552,-22.22929],[166.39706,-22.23046],[166.39895,-22.23059],[166.39995,-22.23004],[166.40138,-22.22816],[166.40262,-22.2274],[166.40399,-22.22816],[166.40661,-22.23133],[166.4074,-22.23265],[166.40889,-22.23337],[166.41067,-22.23278],[166.41394,-22.22991],[166.41521,-22.22839],[166.41849,-22.22782],[166.41996,-22.22803],[166.42025,-22.22954],[166.42097,-22.22992],[166.42349,-22.22871],[166.42443,-22.23063],[166.42573,-22.23145],[166.42813,-22.2317],[166.42966,-22.23127],[166.42994,-22.22996],[166.42939,-22.22756],[166.42864,-22.22743],[166.42929,-22.22538],[166.42847,-22.22305],[166.42972,-22.2224],[166.43021,-22.22465],[166.43169,-22.2242],[166.43295,-22.22434],[166.43515,-22.22549],[166.43488,-22.22669],[166.43316,-22.22765],[166.43267,-22.22916],[166.43348,-22.23017],[166.43646,-22.23077],[166.43774,-22.23239],[166.4384,-22.23238],[166.43918,-22.23065],[166.43892,-22.22944],[166.43794,-22.22796],[166.43879,-22.22455],[166.43885,-22.22286],[166.4394,-22.22184],[166.44518,-22.22158],[166.45256,-22.22474],[166.45382,-22.22512],[166.45413,-22.22887],[166.4569,-22.23452],[166.45646,-22.24077],[166.45541,-22.24195],[166.45546,-22.2445],[166.45451,-22.24657],[166.45761,-22.24575],[166.45817,-22.24434],[166.46157,-22.24443],[166.46356,-22.2454],[166.46404,-22.24773],[166.4664,-22.2471],[166.46506,-22.24547],[166.46637,-22.2447],[166.46698,-22.24299],[166.4673,-22.23948],[166.46836,-22.23827],[166.46978,-22.23753],[166.46932,-22.23588],[166.46844,-22.23606],[166.46728,-22.23794],[166.46595,-22.23762],[166.46727,-22.23541],[166.46648,-22.23485],[166.46577,-22.23839],[166.46235,-22.24412],[166.45879,-22.24399],[166.45734,-22.24363],[166.45681,-22.24239],[166.45706,-22.24164],[166.45733,-22.23448],[166.45652,-22.23334],[166.45592,-22.23117],[166.45718,-22.23038],[166.45747,-22.22955],[166.45889,-22.22773],[166.46062,-22.22627],[166.4593,-22.22431],[166.46209,-22.22631],[166.4635,-22.22604],[166.46725,-22.22701],[166.46812,-22.22763],[166.46937,-22.22653],[166.47062,-22.22656],[166.47173,-22.22739],[166.47331,-22.22628],[166.47512,-22.22544],[166.47695,-22.22564],[166.47832,-22.22434],[166.47813,-22.22317],[166.48005,-22.22081],[166.47899,-22.22013],[166.47941,-22.21926],[166.48178,-22.2188],[166.48163,-22.21741],[166.48376,-22.21718],[166.48435,-22.21673],[166.48655,-22.21666],[166.48728,-22.21969],[166.48488,-22.21905],[166.48522,-22.22031],[166.48452,-22.22072],[166.4845,-22.22287],[166.4854,-22.22257],[166.4869,-22.22096],[166.4876,-22.22268],[166.48903,-22.22207],[166.48977,-22.22249]]]]}},{"type":"Feature","id":"fr-commune-98819","properties":{"id":"fr-commune-98819","name":"Ouégoa","kind":"commune","center":[164.426,-20.3177],"code":"98819","department":"988"},"bbox":[164.15612,-20.58829,164.69581,-20.0473],"geometry":{"type":"MultiPolygon","coordinates":[[[[164.31927,-20.30717],[164.32273,-20.30607],[164.32175,-20.30725],[164.32234,-20.3081],[164.32217,-20.30899],[164.32229,-20.31238],[164.32216,-20.31406],[164.32161,-20.31625],[164.32056,-20.31654],[164.32082,-20.31283],[164.32009,-20.30946],[164.31927,-20.30717]]],[[[164.31242,-20.3044],[164.31317,-20.30457],[164.31522,-20.30303],[164.31519,-20.30236],[164.31714,-20.3021],[164.32182,-20.30304],[164.3225,-20.30484],[164.32081,-20.30606],[164.31914,-20.30644],[164.31708,-20.30646],[164.31438,-20.30566],[164.31242,-20.3044]]],[[[164.37701,-20.25664],[164.37536,-20.25613],[164.37656,-20.25397],[164.37701,-20.25664]]],[[[164.42061,-20.27652],[164.41869,-20.2765],[164.41869,-20.27776],[164.41693,-20.28008],[164.41614,-20.28078],[164.41598,-20.28426],[164.41347,-20.28619],[164.41503,-20.28646],[164.41392,-20.28783],[164.41512,-20.29078],[164.41637,-20.29158],[164.41754,-20.2932],[164.41752,-20.29431],[164.41819,-20.29583],[164.41697,-20.29632],[164.41706,-20.29727],[164.41828,-20.29774],[164.41894,-20.29902],[164.42025,-20.30013],[164.42147,-20.29953],[164.42256,-20.30094],[164.42492,-20.30069],[164.42748,-20.29949],[164.42914,-20.29804],[164.4307,-20.29878],[164.43225,-20.29879],[164.43508,-20.3],[164.4352,-20.30081],[164.43656,-20.30202],[164.43826,-20.302],[164.4402,-20.30312],[164.441,-20.3032],[164.44253,-20.30599],[164.44409,-20.3074],[164.4453,-20.30685],[164.44634,-20.30752],[164.44803,-20.30781],[164.45188,-20.30981],[164.45208,-20.31167],[164.45164,-20.31245],[164.45332,-20.31332],[164.4538,-20.31479],[164.45457,-20.3143],[164.45587,-20.31557],[164.45864,-20.31663],[164.4593,-20.31766],[164.46104,-20.31815],[164.4615,-20.31946],[164.46289,-20.32016],[164.4653,-20.32253],[164.46595,-20.32279],[164.46771,-20.32573],[164.469,-20.32617],[164.47183,-20.32876],[164.4725,-20.32865],[164.47379,-20.33015],[164.47468,-20.33246],[164.4759,-20.33247],[164.47738,-20.33309],[164.47861,-20.33602],[164.47832,-20.33719],[164.47925,-20.33829],[164.48169,-20.3391],[164.48383,-20.34027],[164.48477,-20.34144],[164.48453,-20.34271],[164.48617,-20.34645],[164.48828,-20.34772],[164.48812,-20.34868],[164.4889,-20.34917],[164.48944,-20.35126],[164.49004,-20.35236],[164.4914,-20.35325],[164.49304,-20.35375],[164.49465,-20.35223],[164.49689,-20.35161],[164.49774,-20.35184],[164.49954,-20.35113],[164.50165,-20.34976],[164.5049,-20.34951],[164.50664,-20.34919],[164.50798,-20.34936],[164.51219,-20.34859],[164.51316,-20.34796],[164.5139,-20.3492],[164.51323,-20.34982],[164.51482,-20.35062],[164.51466,-20.35157],[164.51738,-20.35463],[164.51742,-20.35554],[164.51833,-20.35657],[164.52069,-20.35749],[164.52115,-20.35909],[164.52338,-20.36039],[164.52417,-20.36148],[164.52522,-20.36187],[164.52649,-20.36308],[164.52607,-20.36459],[164.52639,-20.36562],[164.52572,-20.36656],[164.52611,-20.36948],[164.52679,-20.37218],[164.52488,-20.37512],[164.52398,-20.37577],[164.52375,-20.37698],[164.52285,-20.37834],[164.52338,-20.38101],[164.52459,-20.38422],[164.52553,-20.38537],[164.52536,-20.38615],[164.5262,-20.38778],[164.52626,-20.38955],[164.52829,-20.39213],[164.52988,-20.39322],[164.53207,-20.39644],[164.53204,-20.39742],[164.53343,-20.39865],[164.53397,-20.39963],[164.53564,-20.39974],[164.5365,-20.40025],[164.5395,-20.40134],[164.54004,-20.40246],[164.54078,-20.40243],[164.54173,-20.4038],[164.54275,-20.40432],[164.54294,-20.40572],[164.5441,-20.40624],[164.54409,-20.40698],[164.54557,-20.40789],[164.54612,-20.41006],[164.54711,-20.4117],[164.5486,-20.4129],[164.5492,-20.41471],[164.54934,-20.41656],[164.54878,-20.41722],[164.54898,-20.41975],[164.54789,-20.4243],[164.54863,-20.42509],[164.54892,-20.42671],[164.54847,-20.42807],[164.54895,-20.43141],[164.54938,-20.43191],[164.54987,-20.43621],[164.55037,-20.43901],[164.54999,-20.43952],[164.55087,-20.44082],[164.55071,-20.44179],[164.55242,-20.44261],[164.55202,-20.44415],[164.55306,-20.44611],[164.55545,-20.44683],[164.55593,-20.44629],[164.55965,-20.44525],[164.56095,-20.44375],[164.56202,-20.4433],[164.56447,-20.44321],[164.56619,-20.4436],[164.57056,-20.44243],[164.57218,-20.44173],[164.57317,-20.44194],[164.57479,-20.44317],[164.57528,-20.44463],[164.57619,-20.44594],[164.57712,-20.44636],[164.57728,-20.44778],[164.57815,-20.44903],[164.57984,-20.44995],[164.58498,-20.451],[164.58659,-20.45208],[164.58677,-20.45305],[164.5877,-20.45428],[164.58897,-20.45525],[164.59143,-20.4551],[164.59193,-20.45562],[164.59384,-20.45627],[164.59503,-20.45827],[164.59598,-20.45925],[164.60167,-20.45971],[164.60223,-20.46003],[164.60293,-20.46233],[164.60272,-20.46286],[164.60558,-20.46426],[164.60615,-20.46492],[164.61176,-20.46545],[164.61471,-20.46588],[164.61642,-20.46539],[164.61703,-20.46628],[164.6188,-20.46632],[164.61926,-20.46769],[164.62134,-20.46836],[164.62341,-20.46996],[164.62567,-20.4704],[164.62606,-20.47131],[164.62779,-20.4725],[164.62921,-20.47289],[164.63222,-20.47252],[164.63378,-20.4729],[164.6351,-20.47277],[164.63687,-20.4748],[164.63852,-20.47544],[164.64012,-20.4766],[164.64115,-20.47682],[164.64327,-20.47837],[164.64475,-20.47841],[164.64847,-20.47973],[164.65213,-20.47997],[164.65461,-20.4798],[164.6563,-20.48074],[164.65827,-20.48086],[164.66145,-20.48238],[164.66324,-20.4822],[164.6637,-20.48169],[164.66875,-20.48247],[164.67124,-20.48421],[164.67244,-20.4845],[164.67542,-20.4857],[164.67816,-20.48844],[164.68016,-20.48991],[164.68121,-20.49143],[164.68102,-20.49246],[164.6801,-20.493],[164.68166,-20.49526],[164.68331,-20.49638],[164.68555,-20.49696],[164.69104,-20.50019],[164.6927,-20.50063],[164.69427,-20.50333],[164.69545,-20.50679],[164.69581,-20.50703],[164.69253,-20.50797],[164.69181,-20.5086],[164.69033,-20.51081],[164.68849,-20.51232],[164.68637,-20.51248],[164.68465,-20.51324],[164.68388,-20.51477],[164.68148,-20.51606],[164.68006,-20.51612],[164.67841,-20.51688],[164.67734,-20.51655],[164.67536,-20.51747],[164.6741,-20.51872],[164.67329,-20.52096],[164.67304,-20.52408],[164.67143,-20.52594],[164.66856,-20.52764],[164.6679,-20.52841],[164.66655,-20.5286],[164.66513,-20.52981],[164.66421,-20.5292],[164.6622,-20.52883],[164.66073,-20.52983],[164.66022,-20.53139],[164.66043,-20.53278],[164.65962,-20.5336],[164.65935,-20.53511],[164.6603,-20.53689],[164.66045,-20.5387],[164.66118,-20.54055],[164.66009,-20.54189],[164.66028,-20.54318],[164.66112,-20.54437],[164.66233,-20.54738],[164.66277,-20.54782],[164.66155,-20.54735],[164.65922,-20.54768],[164.65829,-20.54744],[164.65599,-20.54606],[164.6554,-20.54615],[164.6538,-20.54482],[164.65252,-20.54424],[164.65121,-20.54416],[164.64978,-20.54497],[164.64881,-20.54604],[164.64473,-20.54644],[164.64189,-20.54891],[164.64046,-20.55078],[164.63997,-20.55189],[164.64004,-20.55303],[164.6394,-20.5542],[164.63977,-20.55575],[164.64054,-20.55679],[164.6407,-20.55843],[164.63901,-20.56107],[164.63887,-20.56172],[164.63952,-20.56505],[164.63906,-20.56673],[164.63818,-20.56741],[164.63742,-20.56975],[164.62654,-20.58278],[164.62523,-20.58458],[164.62239,-20.58677],[164.62067,-20.5862],[164.61988,-20.58656],[164.61671,-20.58591],[164.61633,-20.5863],[164.61296,-20.58753],[164.60958,-20.58829],[164.60818,-20.58825],[164.60783,-20.58759],[164.60581,-20.58713],[164.60503,-20.58578],[164.60251,-20.58465],[164.60093,-20.58302],[164.59975,-20.58138],[164.59443,-20.57913],[164.5942,-20.57748],[164.59313,-20.57631],[164.59083,-20.57541],[164.5896,-20.57544],[164.58766,-20.5741],[164.58671,-20.57395],[164.5858,-20.57542],[164.58544,-20.57672],[164.58371,-20.57657],[164.58251,-20.57749],[164.5799,-20.57733],[164.57922,-20.57776],[164.57222,-20.57599],[164.5699,-20.57641],[164.56746,-20.5762],[164.56624,-20.57568],[164.56443,-20.57608],[164.56325,-20.57558],[164.56039,-20.57574],[164.55874,-20.5736],[164.55664,-20.57141],[164.55575,-20.57152],[164.55387,-20.5709],[164.55342,-20.56991],[164.55237,-20.57031],[164.55206,-20.56934],[164.55244,-20.56757],[164.55185,-20.56651],[164.551,-20.56654],[164.54937,-20.56425],[164.54723,-20.56201],[164.54687,-20.56044],[164.54605,-20.5606],[164.5457,-20.55894],[164.54405,-20.55795],[164.54218,-20.55489],[164.54191,-20.55183],[164.54003,-20.55054],[164.53663,-20.55194],[164.53565,-20.55269],[164.5337,-20.55191],[164.53268,-20.55216],[164.53061,-20.551],[164.52835,-20.55151],[164.52683,-20.55092],[164.52564,-20.54891],[164.52269,-20.54692],[164.52172,-20.54685],[164.52157,-20.54545],[164.51989,-20.54604],[164.51807,-20.54561],[164.51464,-20.54549],[164.51236,-20.54459],[164.51204,-20.54393],[164.50967,-20.54192],[164.51021,-20.54036],[164.50855,-20.53956],[164.50715,-20.53932],[164.5047,-20.53751],[164.50373,-20.53617],[164.50059,-20.53547],[164.49953,-20.53622],[164.49791,-20.535],[164.49792,-20.53167],[164.49831,-20.53003],[164.4971,-20.52916],[164.49572,-20.52747],[164.49221,-20.5258],[164.49169,-20.52616],[164.48927,-20.52622],[164.48742,-20.52529],[164.48681,-20.52424],[164.48571,-20.52401],[164.4842,-20.52258],[164.48291,-20.52037],[164.4827,-20.51947],[164.48118,-20.51862],[164.48053,-20.51745],[164.47918,-20.51639],[164.47834,-20.51624],[164.47737,-20.51521],[164.47535,-20.51416],[164.47397,-20.51133],[164.47096,-20.51053],[164.46913,-20.50928],[164.4695,-20.50763],[164.46912,-20.50682],[164.46691,-20.50573],[164.46658,-20.50276],[164.46651,-20.50003],[164.46479,-20.49902],[164.46322,-20.49867],[164.46149,-20.49686],[164.46052,-20.4955],[164.46048,-20.4929],[164.4591,-20.49205],[164.45536,-20.49158],[164.45545,-20.48985],[164.45479,-20.48931],[164.45236,-20.48855],[164.45016,-20.48902],[164.4491,-20.48794],[164.44856,-20.48657],[164.44733,-20.48619],[164.44493,-20.4873],[164.44439,-20.48836],[164.44272,-20.48868],[164.44098,-20.4904],[164.43973,-20.49045],[164.43925,-20.49174],[164.43636,-20.49234],[164.43515,-20.49333],[164.43495,-20.49622],[164.43359,-20.49694],[164.43178,-20.49983],[164.4297,-20.50037],[164.42856,-20.50099],[164.42779,-20.50035],[164.42605,-20.49999],[164.42356,-20.49844],[164.42365,-20.49758],[164.42196,-20.49727],[164.42134,-20.4956],[164.41952,-20.49227],[164.41914,-20.49031],[164.41822,-20.48865],[164.41611,-20.48808],[164.4152,-20.48577],[164.41507,-20.48429],[164.41381,-20.48141],[164.41387,-20.47998],[164.41284,-20.4797],[164.41149,-20.47803],[164.41087,-20.47785],[164.4098,-20.47619],[164.40727,-20.476],[164.40712,-20.47534],[164.40557,-20.47495],[164.40526,-20.47287],[164.40381,-20.47256],[164.40287,-20.47007],[164.40358,-20.46858],[164.40304,-20.46689],[164.40219,-20.46537],[164.40472,-20.46219],[164.404,-20.46168],[164.4037,-20.46048],[164.40276,-20.45941],[164.40069,-20.45836],[164.39842,-20.45617],[164.39729,-20.4546],[164.39744,-20.45307],[164.39607,-20.4519],[164.3926,-20.45143],[164.39252,-20.44969],[164.39094,-20.44742],[164.39104,-20.44563],[164.38864,-20.44406],[164.38901,-20.44315],[164.38637,-20.44119],[164.3864,-20.44008],[164.38539,-20.43967],[164.38477,-20.43826],[164.38342,-20.43853],[164.38135,-20.43808],[164.37931,-20.43801],[164.3793,-20.43706],[164.37833,-20.43623],[164.37843,-20.43549],[164.37511,-20.43396],[164.3737,-20.43384],[164.37279,-20.43277],[164.37152,-20.43213],[164.36981,-20.43263],[164.3656,-20.43046],[164.36401,-20.43082],[164.36323,-20.42981],[164.36179,-20.42899],[164.36106,-20.42574],[164.36002,-20.42277],[164.3586,-20.42045],[164.35738,-20.41918],[164.35733,-20.41802],[164.35571,-20.4173],[164.35555,-20.41659],[164.35394,-20.41512],[164.353,-20.41333],[164.35133,-20.41199],[164.34915,-20.41245],[164.34841,-20.41104],[164.34712,-20.41071],[164.34629,-20.4097],[164.34629,-20.40886],[164.34532,-20.40647],[164.34249,-20.40302],[164.34268,-20.40118],[164.3423,-20.39989],[164.34109,-20.39863],[164.33943,-20.39827],[164.33863,-20.39676],[164.33757,-20.39698],[164.33445,-20.39458],[164.33343,-20.39527],[164.33173,-20.39539],[164.3307,-20.39682],[164.32966,-20.39706],[164.32861,-20.39615],[164.32678,-20.39572],[164.32501,-20.39426],[164.32434,-20.39414],[164.32436,-20.39256],[164.32369,-20.3922],[164.32367,-20.38913],[164.3229,-20.3884],[164.32311,-20.38617],[164.32237,-20.38521],[164.32023,-20.38527],[164.3191,-20.38486],[164.31715,-20.3852],[164.31495,-20.38373],[164.31433,-20.38234],[164.31227,-20.38263],[164.34172,-20.36266],[164.34296,-20.36108],[164.34474,-20.36074],[164.34656,-20.35825],[164.34757,-20.35747],[164.34858,-20.3575],[164.34897,-20.35654],[164.35027,-20.35524],[164.35121,-20.35547],[164.35286,-20.3545],[164.3547,-20.35458],[164.35547,-20.35341],[164.35714,-20.35243],[164.35795,-20.35264],[164.35683,-20.35333],[164.35536,-20.35525],[164.35713,-20.35651],[164.35723,-20.35758],[164.35841,-20.35793],[164.35845,-20.3566],[164.35719,-20.35541],[164.35711,-20.3545],[164.36007,-20.35408],[164.3592,-20.35342],[164.3597,-20.35197],[164.36065,-20.35093],[164.36132,-20.35165],[164.36299,-20.35131],[164.36511,-20.35437],[164.36643,-20.35374],[164.36681,-20.35458],[164.36782,-20.35454],[164.3684,-20.35255],[164.36686,-20.35292],[164.36542,-20.35114],[164.36373,-20.35036],[164.36248,-20.34896],[164.36274,-20.34764],[164.36172,-20.34661],[164.3609,-20.34666],[164.35986,-20.34397],[164.36019,-20.34254],[164.35877,-20.33979],[164.35442,-20.34086],[164.35451,-20.34006],[164.3558,-20.33955],[164.35626,-20.33825],[164.35508,-20.33697],[164.35748,-20.33752],[164.35872,-20.33836],[164.36009,-20.34007],[164.36186,-20.34499],[164.36491,-20.35065],[164.36563,-20.35116],[164.36812,-20.35192],[164.37036,-20.35164],[164.37312,-20.35168],[164.37698,-20.35115],[164.37742,-20.35135],[164.37779,-20.35325],[164.37873,-20.35423],[164.37888,-20.35678],[164.38018,-20.35612],[164.38088,-20.35713],[164.38019,-20.35832],[164.38073,-20.36076],[164.38049,-20.3615],[164.38211,-20.36277],[164.3826,-20.36183],[164.38206,-20.36055],[164.3834,-20.35906],[164.38379,-20.35718],[164.38444,-20.35719],[164.38461,-20.35886],[164.38645,-20.3583],[164.38704,-20.35881],[164.38695,-20.35998],[164.38767,-20.36063],[164.38804,-20.35824],[164.38619,-20.35633],[164.38473,-20.35336],[164.38363,-20.35379],[164.38248,-20.35271],[164.38165,-20.35518],[164.38071,-20.35473],[164.3798,-20.35537],[164.37765,-20.35235],[164.37772,-20.35113],[164.37923,-20.35086],[164.37846,-20.34839],[164.37673,-20.34897],[164.37288,-20.3499],[164.3708,-20.34936],[164.37086,-20.34869],[164.36896,-20.34796],[164.36719,-20.3466],[164.36602,-20.34523],[164.36505,-20.34309],[164.36721,-20.34372],[164.36889,-20.34342],[164.37113,-20.34416],[164.3725,-20.34509],[164.37367,-20.34536],[164.37551,-20.34522],[164.37885,-20.34251],[164.38019,-20.34185],[164.38274,-20.34115],[164.38387,-20.33955],[164.38443,-20.3376],[164.38361,-20.33647],[164.38178,-20.33603],[164.37987,-20.33736],[164.37952,-20.3385],[164.37853,-20.33851],[164.37815,-20.33713],[164.37894,-20.33605],[164.37741,-20.33531],[164.37689,-20.33653],[164.37723,-20.33814],[164.37687,-20.33916],[164.37791,-20.34168],[164.37787,-20.34261],[164.37643,-20.34347],[164.37504,-20.34478],[164.37278,-20.34473],[164.37155,-20.34381],[164.36956,-20.34308],[164.36737,-20.34322],[164.36506,-20.34216],[164.36336,-20.34059],[164.36186,-20.33772],[164.36368,-20.3385],[164.36472,-20.34012],[164.36774,-20.34024],[164.36852,-20.34083],[164.37135,-20.3421],[164.37262,-20.34137],[164.37132,-20.34064],[164.37147,-20.33918],[164.37056,-20.33905],[164.36953,-20.34013],[164.36952,-20.34088],[164.36751,-20.33994],[164.3665,-20.33904],[164.3687,-20.33725],[164.36837,-20.33552],[164.36685,-20.33617],[164.36672,-20.33495],[164.36735,-20.3343],[164.36618,-20.33358],[164.36609,-20.33494],[164.36504,-20.33499],[164.3655,-20.33265],[164.36684,-20.33157],[164.36446,-20.33003],[164.3647,-20.3311],[164.36548,-20.33165],[164.36388,-20.3342],[164.36273,-20.33369],[164.36327,-20.33283],[164.36191,-20.33083],[164.3634,-20.32951],[164.36339,-20.32779],[164.36232,-20.32601],[164.36165,-20.32866],[164.3602,-20.33154],[164.35936,-20.33206],[164.35916,-20.33334],[164.35725,-20.33389],[164.35924,-20.33594],[164.35753,-20.3362],[164.35599,-20.33572],[164.35347,-20.33442],[164.35108,-20.33365],[164.34811,-20.33404],[164.34544,-20.33495],[164.34431,-20.33498],[164.3439,-20.33365],[164.34494,-20.33303],[164.34615,-20.33431],[164.34677,-20.33326],[164.347,-20.3318],[164.34798,-20.33129],[164.35247,-20.33359],[164.35475,-20.33421],[164.356,-20.33394],[164.35494,-20.33281],[164.35334,-20.33317],[164.35179,-20.33266],[164.35073,-20.33191],[164.35079,-20.33072],[164.35225,-20.32944],[164.35133,-20.32918],[164.34923,-20.32943],[164.34891,-20.32819],[164.34804,-20.32712],[164.34695,-20.32827],[164.34613,-20.32851],[164.34345,-20.3275],[164.34092,-20.3268],[164.33929,-20.32592],[164.34027,-20.32449],[164.34027,-20.32341],[164.33862,-20.32459],[164.33749,-20.32467],[164.33717,-20.32284],[164.33609,-20.32354],[164.33525,-20.32329],[164.33422,-20.32466],[164.32809,-20.32369],[164.32506,-20.32335],[164.3222,-20.32267],[164.32133,-20.32191],[164.32035,-20.31918],[164.32256,-20.32092],[164.32385,-20.32091],[164.3249,-20.3222],[164.32608,-20.32273],[164.32674,-20.32235],[164.32453,-20.32005],[164.32766,-20.3204],[164.32865,-20.32019],[164.33,-20.32116],[164.33122,-20.32113],[164.33318,-20.31967],[164.33261,-20.31773],[164.3331,-20.31714],[164.33245,-20.31607],[164.33265,-20.31374],[164.33235,-20.31292],[164.33288,-20.31189],[164.33433,-20.31066],[164.333,-20.3094],[164.33524,-20.30555],[164.33459,-20.30481],[164.3332,-20.30469],[164.33317,-20.30359],[164.33173,-20.30219],[164.3305,-20.29971],[164.3291,-20.29814],[164.32804,-20.29747],[164.32625,-20.29733],[164.32483,-20.29528],[164.32477,-20.29343],[164.32156,-20.2922],[164.32125,-20.29098],[164.32149,-20.28925],[164.32039,-20.28855],[164.31837,-20.28856],[164.31855,-20.28774],[164.31734,-20.2863],[164.31766,-20.28435],[164.31715,-20.28394],[164.31354,-20.27611],[164.31276,-20.27589],[164.31246,-20.27473],[164.3134,-20.27377],[164.31161,-20.27239],[164.31244,-20.26993],[164.31136,-20.26868],[164.31175,-20.2671],[164.30964,-20.26452],[164.30903,-20.2643],[164.30698,-20.25897],[164.30543,-20.25798],[164.30498,-20.25578],[164.30582,-20.25361],[164.30705,-20.25158],[164.30598,-20.2493],[164.30746,-20.24796],[164.3076,-20.24674],[164.30592,-20.24477],[164.30703,-20.24367],[164.30618,-20.24267],[164.30504,-20.24319],[164.30428,-20.24199],[164.30425,-20.2386],[164.30569,-20.23775],[164.30558,-20.23674],[164.30657,-20.23587],[164.3057,-20.23531],[164.30475,-20.23384],[164.30423,-20.23448],[164.30302,-20.2342],[164.30192,-20.23469],[164.30115,-20.23369],[164.30183,-20.23053],[164.30381,-20.23085],[164.30584,-20.23087],[164.30775,-20.23205],[164.31001,-20.23188],[164.31191,-20.23236],[164.31291,-20.2331],[164.31588,-20.23249],[164.31718,-20.23129],[164.31808,-20.23115],[164.32124,-20.2319],[164.3236,-20.2321],[164.32493,-20.23273],[164.32697,-20.2327],[164.32913,-20.23364],[164.33235,-20.23675],[164.33468,-20.23757],[164.33612,-20.23736],[164.33938,-20.23899],[164.34133,-20.23934],[164.34171,-20.2404],[164.34394,-20.24169],[164.34472,-20.24289],[164.34642,-20.24345],[164.34754,-20.24326],[164.34958,-20.24353],[164.35035,-20.24284],[164.35013,-20.24079],[164.35164,-20.24029],[164.35554,-20.24212],[164.35823,-20.24143],[164.36015,-20.24276],[164.35967,-20.24382],[164.35818,-20.24465],[164.35926,-20.24739],[164.36145,-20.24837],[164.36324,-20.25101],[164.36466,-20.25162],[164.36582,-20.25403],[164.36574,-20.25578],[164.36751,-20.25568],[164.36927,-20.25625],[164.37107,-20.25597],[164.37148,-20.25393],[164.37314,-20.25477],[164.37441,-20.25358],[164.37527,-20.25704],[164.37816,-20.2578],[164.38063,-20.25749],[164.38319,-20.25883],[164.3869,-20.25969],[164.38853,-20.25946],[164.39059,-20.26124],[164.3918,-20.26055],[164.39353,-20.26025],[164.39568,-20.26047],[164.39693,-20.25973],[164.39916,-20.26028],[164.40323,-20.25995],[164.40392,-20.25942],[164.40599,-20.26006],[164.40864,-20.26057],[164.40936,-20.26039],[164.4103,-20.2613],[164.41255,-20.26191],[164.41331,-20.26136],[164.41449,-20.26165],[164.41685,-20.26369],[164.41789,-20.26518],[164.41937,-20.26597],[164.42217,-20.26881],[164.42296,-20.2707],[164.42414,-20.2724],[164.4251,-20.27314],[164.42241,-20.27522],[164.4217,-20.27624],[164.42061,-20.27652]]],[[[164.29849,-20.25256],[164.2989,-20.25357],[164.29904,-20.25645],[164.30001,-20.25993],[164.29973,-20.26065],[164.29777,-20.26182],[164.29728,-20.26248],[164.29581,-20.26222],[164.2961,-20.26596],[164.29528,-20.26592],[164.29332,-20.26324],[164.29079,-20.26146],[164.2901,-20.2607],[164.28983,-20.25836],[164.28881,-20.25705],[164.28944,-20.25481],[164.28869,-20.25403],[164.28726,-20.25041],[164.28696,-20.24829],[164.28586,-20.24709],[164.28371,-20.24584],[164.2828,-20.24111],[164.2829,-20.23803],[164.28317,-20.23656],[164.28191,-20.23452],[164.28084,-20.23448],[164.27954,-20.23362],[164.278,-20.23136],[164.27786,-20.22853],[164.27879,-20.22621],[164.27935,-20.22547],[164.28115,-20.22473],[164.28119,-20.22375],[164.27981,-20.22205],[164.28123,-20.22075],[164.28125,-20.21965],[164.28313,-20.21953],[164.28607,-20.22139],[164.28701,-20.22147],[164.28807,-20.22291],[164.28714,-20.22486],[164.28744,-20.22833],[164.28991,-20.23281],[164.28982,-20.2343],[164.29138,-20.23817],[164.29308,-20.23944],[164.29477,-20.24033],[164.29361,-20.24156],[164.29414,-20.24302],[164.29497,-20.24317],[164.29492,-20.24481],[164.29383,-20.24583],[164.29364,-20.24852],[164.29543,-20.24873],[164.29551,-20.24957],[164.29685,-20.25008],[164.29849,-20.25256]]],[[[164.24615,-20.16588],[164.24481,-20.1644],[164.24631,-20.163],[164.24837,-20.16248],[164.24852,-20.16425],[164.24917,-20.16517],[164.24854,-20.16647],[164.24718,-20.16673],[164.24615,-20.16588]]],[[[164.18578,-20.12835],[164.18734,-20.12787],[164.18759,-20.1292],[164.18578,-20.12835]]],[[[164.16672,-20.08761],[164.16818,-20.08838],[164.16787,-20.08982],[164.16672,-20.08761]]],[[[164.1976,-20.08727],[164.199,-20.08713],[164.19981,-20.08816],[164.19815,-20.08851],[164.1976,-20.08727]]],[[[164.18198,-20.07832],[164.18298,-20.0807],[164.18449,-20.08112],[164.18701,-20.08273],[164.1877,-20.08404],[164.1889,-20.08442],[164.1892,-20.08513],[164.19089,-20.08674],[164.1918,-20.0867],[164.19444,-20.08921],[164.195,-20.09115],[164.19491,-20.09258],[164.19762,-20.09513],[164.19947,-20.09586],[164.19962,-20.09655],[164.20195,-20.09808],[164.20348,-20.09841],[164.20618,-20.09974],[164.20812,-20.10037],[164.20935,-20.10192],[164.21083,-20.10258],[164.21202,-20.10513],[164.21303,-20.10536],[164.21304,-20.10733],[164.21461,-20.10796],[164.21619,-20.10956],[164.21657,-20.1111],[164.21598,-20.11277],[164.21327,-20.11206],[164.21519,-20.11481],[164.21828,-20.11624],[164.21941,-20.11743],[164.21988,-20.11877],[164.21902,-20.12225],[164.21906,-20.12355],[164.22025,-20.12489],[164.22199,-20.12501],[164.22539,-20.12874],[164.22568,-20.13013],[164.2273,-20.13251],[164.22715,-20.13444],[164.22771,-20.13566],[164.22984,-20.13763],[164.23113,-20.1385],[164.23082,-20.14081],[164.23208,-20.14324],[164.23427,-20.14433],[164.23493,-20.14503],[164.23514,-20.14631],[164.2368,-20.14759],[164.23673,-20.1491],[164.23708,-20.15165],[164.23565,-20.15459],[164.23485,-20.15503],[164.2334,-20.15448],[164.23177,-20.15151],[164.23078,-20.15068],[164.22951,-20.14889],[164.22703,-20.14652],[164.22332,-20.14481],[164.22104,-20.14281],[164.21706,-20.14156],[164.21447,-20.14103],[164.21241,-20.1417],[164.21077,-20.14123],[164.21257,-20.13982],[164.21363,-20.13948],[164.21288,-20.13809],[164.21171,-20.13763],[164.20919,-20.1374],[164.20827,-20.1377],[164.20736,-20.13886],[164.20803,-20.13926],[164.20807,-20.14199],[164.2089,-20.14189],[164.2096,-20.14299],[164.20825,-20.14426],[164.20728,-20.14335],[164.20486,-20.14201],[164.20449,-20.14045],[164.20338,-20.14002],[164.20227,-20.1384],[164.20015,-20.13793],[164.20089,-20.13704],[164.19942,-20.13601],[164.19666,-20.13624],[164.19452,-20.1346],[164.19407,-20.13387],[164.19219,-20.13229],[164.19164,-20.13134],[164.19343,-20.13032],[164.1929,-20.12944],[164.19062,-20.13019],[164.18992,-20.12911],[164.1901,-20.12787],[164.18825,-20.12731],[164.18703,-20.12735],[164.18367,-20.12567],[164.18138,-20.12408],[164.18015,-20.1227],[164.18008,-20.12189],[164.17877,-20.11987],[164.17864,-20.1191],[164.17699,-20.11786],[164.17613,-20.11382],[164.17574,-20.11315],[164.17657,-20.11193],[164.17644,-20.11088],[164.17488,-20.11045],[164.1738,-20.11067],[164.17537,-20.11476],[164.17437,-20.11467],[164.17288,-20.11139],[164.17259,-20.10986],[164.17019,-20.10721],[164.17153,-20.10737],[164.17152,-20.10421],[164.1704,-20.10427],[164.1707,-20.10255],[164.16983,-20.10053],[164.16866,-20.09956],[164.16887,-20.09819],[164.16869,-20.09608],[164.16807,-20.0941],[164.16855,-20.09357],[164.16954,-20.09614],[164.17024,-20.09609],[164.16872,-20.09321],[164.16784,-20.09354],[164.16688,-20.09284],[164.16558,-20.08956],[164.16398,-20.08821],[164.16474,-20.08751],[164.16665,-20.08829],[164.16787,-20.09018],[164.17001,-20.08916],[164.16803,-20.08646],[164.16831,-20.08514],[164.1672,-20.08347],[164.16837,-20.08177],[164.16819,-20.07958],[164.16642,-20.07855],[164.1671,-20.07639],[164.16733,-20.07448],[164.16691,-20.07286],[164.16524,-20.07202],[164.16578,-20.07401],[164.1653,-20.07778],[164.16563,-20.08001],[164.16352,-20.08234],[164.1656,-20.08226],[164.165,-20.0846],[164.16311,-20.08437],[164.16264,-20.08531],[164.16085,-20.08551],[164.16062,-20.08756],[164.15763,-20.08729],[164.15646,-20.08743],[164.15612,-20.08529],[164.15784,-20.08468],[164.15989,-20.08329],[164.16208,-20.0823],[164.16345,-20.08059],[164.16435,-20.07752],[164.16536,-20.07502],[164.16542,-20.07366],[164.16429,-20.07141],[164.16197,-20.0707],[164.16159,-20.06995],[164.16273,-20.06918],[164.16452,-20.06732],[164.16456,-20.0652],[164.16351,-20.06392],[164.16258,-20.06414],[164.16212,-20.06313],[164.16242,-20.0619],[164.1632,-20.06125],[164.16355,-20.05999],[164.16475,-20.05815],[164.1641,-20.05622],[164.16391,-20.05455],[164.16438,-20.05349],[164.1643,-20.05188],[164.16495,-20.05063],[164.16673,-20.05029],[164.16685,-20.05165],[164.16886,-20.05258],[164.17027,-20.05616],[164.16965,-20.05824],[164.17014,-20.06114],[164.17179,-20.0644],[164.17465,-20.06729],[164.17706,-20.06905],[164.17507,-20.06893],[164.17452,-20.0695],[164.17287,-20.06807],[164.17146,-20.06842],[164.17107,-20.0698],[164.17161,-20.07066],[164.17284,-20.07118],[164.1748,-20.07123],[164.17564,-20.07081],[164.17673,-20.07116],[164.17949,-20.07079],[164.17923,-20.07022],[164.18008,-20.06781],[164.18086,-20.06854],[164.18284,-20.06957],[164.18241,-20.07165],[164.18256,-20.07329],[164.182,-20.07612],[164.18198,-20.07832]]],[[[164.16586,-20.04828],[164.16401,-20.04804],[164.16397,-20.0473],[164.16594,-20.04756],[164.16586,-20.04828]]]]}},{"type":"Feature","id":"fr-commune-98820","properties":{"id":"fr-commune-98820","name":"Ouvéa","kind":"commune","center":[166.4690833694012,-20.70956551243055],"code":"98820","department":"988"},"bbox":[166.1353,-20.73497,166.66738,-20.38961],"geometry":{"type":"MultiPolygon","coordinates":[[[[166.466,-20.70767],[166.46693,-20.70593],[166.46813,-20.70506],[166.46976,-20.70548],[166.47202,-20.7077],[166.47487,-20.70804],[166.47543,-20.70927],[166.47467,-20.71061],[166.4716,-20.71172],[166.46568,-20.71333],[166.46288,-20.71329],[166.46362,-20.71253],[166.466,-20.70767]]],[[[166.40581,-20.7289],[166.40418,-20.72787],[166.40273,-20.72574],[166.40118,-20.7245],[166.39787,-20.72307],[166.39554,-20.72172],[166.39384,-20.72143],[166.39193,-20.72148],[166.39104,-20.72189],[166.38925,-20.72163],[166.38937,-20.71913],[166.39065,-20.71764],[166.39169,-20.71586],[166.39388,-20.71533],[166.39487,-20.71591],[166.39816,-20.71678],[166.4009,-20.71821],[166.40433,-20.71971],[166.40829,-20.72099],[166.411,-20.72216],[166.41514,-20.72248],[166.41967,-20.7219],[166.42687,-20.72063],[166.43355,-20.71902],[166.4404,-20.7167],[166.44935,-20.71305],[166.45307,-20.71138],[166.45903,-20.70813],[166.46246,-20.70584],[166.46561,-20.70338],[166.46747,-20.70077],[166.46854,-20.69976],[166.47024,-20.70095],[166.46864,-20.7022],[166.4664,-20.70357],[166.46362,-20.70598],[166.46383,-20.70752],[166.46219,-20.70998],[166.46031,-20.71182],[166.45898,-20.71272],[166.45856,-20.71396],[166.45372,-20.71594],[166.45176,-20.71775],[166.45119,-20.71871],[166.45009,-20.71943],[166.44779,-20.72191],[166.4467,-20.72463],[166.44505,-20.72671],[166.44203,-20.72808],[166.44085,-20.72765],[166.43512,-20.72691],[166.43069,-20.72742],[166.42968,-20.72794],[166.42853,-20.72782],[166.4268,-20.72848],[166.42442,-20.73002],[166.42306,-20.73064],[166.42041,-20.73265],[166.41847,-20.73441],[166.41721,-20.73497],[166.41593,-20.73438],[166.41245,-20.73121],[166.41015,-20.72991],[166.40692,-20.72852],[166.40581,-20.7289]]],[[[166.37352,-20.6855],[166.37534,-20.68182],[166.3761,-20.68239],[166.37814,-20.68501],[166.37923,-20.68677],[166.38048,-20.68962],[166.3798,-20.69117],[166.37839,-20.6898],[166.37395,-20.68667],[166.37352,-20.6855]]],[[[166.37304,-20.67304],[166.3714,-20.67218],[166.3712,-20.67029],[166.36968,-20.66954],[166.36914,-20.66834],[166.37161,-20.66749],[166.37221,-20.66689],[166.37312,-20.67003],[166.37364,-20.67093],[166.37478,-20.67128],[166.37411,-20.67286],[166.37304,-20.67304]]],[[[166.33763,-20.6379],[166.33602,-20.63615],[166.33352,-20.63498],[166.33445,-20.63382],[166.33703,-20.63413],[166.33787,-20.6352],[166.33733,-20.6368],[166.33763,-20.6379]]],[[[166.29151,-20.63009],[166.28897,-20.62826],[166.28836,-20.627],[166.29171,-20.62744],[166.29358,-20.62798],[166.29157,-20.62921],[166.29151,-20.63009]]],[[[166.30557,-20.62812],[166.3037,-20.62684],[166.3049,-20.62612],[166.30555,-20.62491],[166.30572,-20.62356],[166.30668,-20.62361],[166.30655,-20.62521],[166.30557,-20.62812]]],[[[166.27059,-20.61966],[166.27203,-20.61911],[166.2726,-20.6182],[166.2742,-20.61768],[166.27595,-20.6184],[166.27792,-20.61878],[166.28006,-20.62027],[166.28264,-20.62248],[166.28407,-20.62411],[166.28072,-20.62533],[166.27768,-20.62548],[166.27539,-20.62438],[166.27219,-20.62159],[166.27059,-20.61966]]],[[[166.27797,-20.59837],[166.27701,-20.59719],[166.27756,-20.59436],[166.27849,-20.59448],[166.27874,-20.59587],[166.27797,-20.59837]]],[[[166.22531,-20.50377],[166.22604,-20.50158],[166.22596,-20.49981],[166.22684,-20.49958],[166.22858,-20.50249],[166.22785,-20.50401],[166.2268,-20.50481],[166.22568,-20.50479],[166.22531,-20.50377]]],[[[166.32503,-20.48756],[166.32446,-20.48661],[166.32578,-20.48631],[166.32764,-20.48539],[166.32848,-20.48674],[166.32689,-20.48736],[166.32503,-20.48756]]],[[[166.65483,-20.47913],[166.65573,-20.47825],[166.65765,-20.47777],[166.65867,-20.47814],[166.6585,-20.47969],[166.65724,-20.48117],[166.65694,-20.48243],[166.6558,-20.48191],[166.65348,-20.48342],[166.65145,-20.48332],[166.64968,-20.48164],[166.64978,-20.48089],[166.65325,-20.48186],[166.65503,-20.48175],[166.65663,-20.4809],[166.65483,-20.47913]]],[[[166.39958,-20.45326],[166.40031,-20.45404],[166.40147,-20.45421],[166.40401,-20.45286],[166.40377,-20.45378],[166.40125,-20.45495],[166.3981,-20.45564],[166.39715,-20.45607],[166.39542,-20.45576],[166.39348,-20.45446],[166.39351,-20.45315],[166.39506,-20.45212],[166.39644,-20.45282],[166.3972,-20.45261],[166.39958,-20.45326]]],[[[166.43312,-20.45386],[166.4334,-20.45263],[166.43455,-20.45292],[166.43542,-20.45237],[166.43731,-20.45199],[166.43832,-20.45221],[166.4394,-20.45147],[166.44064,-20.45185],[166.44167,-20.45136],[166.44253,-20.45251],[166.44184,-20.45291],[166.44185,-20.45402],[166.43942,-20.45404],[166.43849,-20.4548],[166.43852,-20.45602],[166.43606,-20.45647],[166.43416,-20.45585],[166.43312,-20.45386]]],[[[166.41957,-20.45178],[166.42169,-20.45115],[166.42232,-20.45255],[166.41957,-20.45178]]],[[[166.40891,-20.44857],[166.41134,-20.44874],[166.4103,-20.44961],[166.40891,-20.44857]]],[[[166.45132,-20.45108],[166.45243,-20.44891],[166.45391,-20.44847],[166.45462,-20.44925],[166.4547,-20.45061],[166.45349,-20.4521],[166.45132,-20.45108]]],[[[166.39818,-20.45046],[166.39735,-20.44987],[166.39776,-20.44852],[166.39871,-20.44791],[166.39951,-20.44844],[166.40099,-20.44756],[166.404,-20.44761],[166.40504,-20.44715],[166.4084,-20.44817],[166.40793,-20.44918],[166.40656,-20.44882],[166.40358,-20.44869],[166.40216,-20.4505],[166.40276,-20.45155],[166.4018,-20.45234],[166.4005,-20.45187],[166.39818,-20.45046]]],[[[166.47047,-20.44244],[166.47088,-20.44361],[166.46943,-20.4442],[166.46883,-20.44259],[166.46799,-20.4427],[166.4675,-20.4441],[166.46803,-20.44612],[166.46891,-20.4482],[166.46584,-20.44846],[166.46439,-20.44732],[166.4634,-20.44708],[166.46277,-20.44595],[166.46329,-20.44468],[166.46547,-20.44349],[166.46606,-20.44271],[166.46806,-20.44139],[166.47078,-20.4407],[166.47199,-20.44234],[166.47047,-20.44244]]],[[[166.47269,-20.44077],[166.47085,-20.44031],[166.47197,-20.43939],[166.4726,-20.43807],[166.47413,-20.4371],[166.474,-20.43844],[166.4747,-20.43908],[166.47631,-20.43864],[166.4764,-20.43943],[166.47297,-20.44183],[166.47269,-20.44077]]],[[[166.47501,-20.4364],[166.47477,-20.43528],[166.47552,-20.4338],[166.4775,-20.43209],[166.4791,-20.43141],[166.4794,-20.43264],[166.47843,-20.43391],[166.47837,-20.43517],[166.47972,-20.43645],[166.47956,-20.43742],[166.47788,-20.43839],[166.47722,-20.43809],[166.47668,-20.43638],[166.47501,-20.4364]]],[[[166.48092,-20.43056],[166.48095,-20.42964],[166.4819,-20.42796],[166.48262,-20.42771],[166.48319,-20.42907],[166.48172,-20.4297],[166.48092,-20.43056]]],[[[166.48816,-20.42419],[166.48834,-20.4229],[166.48928,-20.42209],[166.49084,-20.42243],[166.49147,-20.42341],[166.4915,-20.42522],[166.4905,-20.42542],[166.48816,-20.42419]]],[[[166.54676,-20.41692],[166.54835,-20.4163],[166.54853,-20.41761],[166.54676,-20.41692]]],[[[166.57734,-20.41504],[166.57936,-20.41472],[166.57985,-20.41585],[166.57867,-20.41669],[166.57776,-20.41631],[166.57734,-20.41504]]],[[[166.49717,-20.41528],[166.49842,-20.41563],[166.49969,-20.41527],[166.50057,-20.41684],[166.50075,-20.41909],[166.49935,-20.41794],[166.49705,-20.41714],[166.49483,-20.41607],[166.49463,-20.41465],[166.49578,-20.4144],[166.49717,-20.41528]]],[[[166.49585,-20.41402],[166.49638,-20.41289],[166.49852,-20.4115],[166.49932,-20.41276],[166.49819,-20.41337],[166.49847,-20.41423],[166.49651,-20.41381],[166.49585,-20.41402]]],[[[166.14699,-20.40882],[166.14385,-20.41051],[166.14,-20.41235],[166.13847,-20.41273],[166.13578,-20.41259],[166.1353,-20.41172],[166.13588,-20.41074],[166.13592,-20.40943],[166.13551,-20.40763],[166.13816,-20.40745],[166.1398,-20.40818],[166.14162,-20.40843],[166.14554,-20.40765],[166.14878,-20.40725],[166.14699,-20.40882]]],[[[166.51615,-20.40325],[166.51721,-20.40442],[166.51842,-20.40503],[166.5181,-20.40597],[166.51697,-20.40642],[166.51643,-20.40542],[166.51615,-20.40325]]],[[[166.52249,-20.40167],[166.5237,-20.40097],[166.52739,-20.40049],[166.52728,-20.40176],[166.52612,-20.40145],[166.52594,-20.40506],[166.52485,-20.40575],[166.52403,-20.40719],[166.526,-20.40888],[166.52796,-20.40847],[166.53003,-20.40855],[166.53098,-20.41019],[166.5332,-20.41064],[166.53425,-20.41131],[166.53509,-20.4103],[166.53255,-20.40926],[166.53207,-20.40802],[166.53318,-20.40593],[166.53418,-20.40576],[166.53388,-20.40383],[166.53292,-20.40261],[166.53207,-20.40295],[166.53171,-20.40451],[166.53199,-20.40603],[166.5315,-20.40664],[166.52916,-20.40744],[166.52915,-20.40645],[166.53002,-20.40517],[166.52912,-20.40016],[166.53124,-20.39933],[166.53446,-20.40026],[166.53852,-20.40169],[166.53971,-20.40272],[166.54128,-20.4029],[166.54325,-20.40371],[166.54443,-20.40641],[166.54527,-20.40635],[166.54582,-20.40474],[166.54733,-20.40477],[166.54817,-20.40614],[166.54871,-20.40823],[166.5482,-20.41057],[166.54841,-20.4118],[166.54692,-20.41457],[166.54589,-20.4152],[166.54616,-20.41686],[166.54199,-20.41617],[166.53665,-20.41605],[166.53407,-20.41575],[166.53075,-20.41561],[166.52718,-20.4157],[166.52467,-20.415],[166.52521,-20.41196],[166.52514,-20.41049],[166.52461,-20.40884],[166.52261,-20.40544],[166.52251,-20.4035],[166.52142,-20.40279],[166.52249,-20.40167]],[[166.53972,-20.40915],[166.53995,-20.41043],[166.54084,-20.41076],[166.5426,-20.41041],[166.5406,-20.40878],[166.53972,-20.40915]]],[[[166.66598,-20.4671],[166.66423,-20.4681],[166.66063,-20.47141],[166.65965,-20.47277],[166.6574,-20.47516],[166.65455,-20.47757],[166.65235,-20.4786],[166.65031,-20.47781],[166.65039,-20.47683],[166.64955,-20.47434],[166.64692,-20.46993],[166.64537,-20.46844],[166.64321,-20.46709],[166.64025,-20.46643],[166.63709,-20.46633],[166.63391,-20.46658],[166.62973,-20.4671],[166.62803,-20.46777],[166.62587,-20.46911],[166.62312,-20.46997],[166.61928,-20.47155],[166.61472,-20.47148],[166.61336,-20.47116],[166.60989,-20.47142],[166.60714,-20.47274],[166.60528,-20.47485],[166.60422,-20.47648],[166.603,-20.4796],[166.60302,-20.48212],[166.60361,-20.48348],[166.60464,-20.48409],[166.60434,-20.48574],[166.60304,-20.48788],[166.60002,-20.49044],[166.59738,-20.49191],[166.59511,-20.49387],[166.59308,-20.49675],[166.59021,-20.49929],[166.58935,-20.50046],[166.58835,-20.5027],[166.58465,-20.50626],[166.58192,-20.51007],[166.58092,-20.51109],[166.57869,-20.51536],[166.57769,-20.51874],[166.57642,-20.52046],[166.57572,-20.52192],[166.57575,-20.52426],[166.57619,-20.52599],[166.57774,-20.52768],[166.57873,-20.52788],[166.57969,-20.52874],[166.57953,-20.52947],[166.58071,-20.53013],[166.58094,-20.53125],[166.58029,-20.53224],[166.58186,-20.53324],[166.58168,-20.53403],[166.58009,-20.53451],[166.58103,-20.53586],[166.58195,-20.53634],[166.58178,-20.53756],[166.58056,-20.53771],[166.5807,-20.53875],[166.57771,-20.54051],[166.57694,-20.54014],[166.57468,-20.54169],[166.57317,-20.54426],[166.5719,-20.54584],[166.57101,-20.54952],[166.57135,-20.5515],[166.57342,-20.55215],[166.57381,-20.55462],[166.57349,-20.55584],[166.5738,-20.55703],[166.57306,-20.55856],[166.57528,-20.56309],[166.574,-20.56435],[166.57549,-20.56491],[166.57596,-20.56586],[166.57566,-20.56683],[166.576,-20.56783],[166.57576,-20.56959],[166.57414,-20.57179],[166.57427,-20.57232],[166.57306,-20.57407],[166.57065,-20.57673],[166.57062,-20.57785],[166.56974,-20.57951],[166.56924,-20.58318],[166.56978,-20.58667],[166.56933,-20.588],[166.57159,-20.59177],[166.57145,-20.59341],[166.57257,-20.59408],[166.57243,-20.59585],[166.57296,-20.59715],[166.57419,-20.59866],[166.575,-20.59914],[166.57588,-20.6007],[166.57738,-20.60225],[166.57885,-20.60321],[166.58208,-20.60417],[166.58356,-20.6041],[166.58459,-20.60454],[166.58846,-20.60427],[166.59105,-20.60323],[166.5928,-20.60325],[166.59696,-20.60198],[166.59973,-20.60091],[166.60074,-20.5996],[166.6041,-20.59878],[166.60678,-20.59841],[166.60767,-20.59773],[166.60835,-20.59843],[166.61,-20.59845],[166.6124,-20.59802],[166.61411,-20.5968],[166.61546,-20.59632],[166.61718,-20.59491],[166.61834,-20.59579],[166.61816,-20.59712],[166.61585,-20.60286],[166.61171,-20.60679],[166.61049,-20.60873],[166.60969,-20.61078],[166.60911,-20.61405],[166.6093,-20.61491],[166.60865,-20.61721],[166.60726,-20.61877],[166.60631,-20.61881],[166.60488,-20.62025],[166.60108,-20.62279],[166.59931,-20.62525],[166.5978,-20.62676],[166.59461,-20.63238],[166.59459,-20.63399],[166.59394,-20.63608],[166.5942,-20.63743],[166.59384,-20.63995],[166.59396,-20.6413],[166.59241,-20.64567],[166.58914,-20.65219],[166.5869,-20.65447],[166.58633,-20.65575],[166.58413,-20.65687],[166.58166,-20.65947],[166.57896,-20.66363],[166.57817,-20.66719],[166.57743,-20.67147],[166.57575,-20.67518],[166.57307,-20.67922],[166.57131,-20.6829],[166.57001,-20.68487],[166.56894,-20.68599],[166.56779,-20.68847],[166.56412,-20.68964],[166.56265,-20.6899],[166.56075,-20.68977],[166.55911,-20.69011],[166.55727,-20.69105],[166.55545,-20.69091],[166.55403,-20.69132],[166.5526,-20.69108],[166.55095,-20.69234],[166.5493,-20.69322],[166.54795,-20.69335],[166.54479,-20.6949],[166.54413,-20.69581],[166.54272,-20.69659],[166.53964,-20.69782],[166.53785,-20.69956],[166.53603,-20.69977],[166.5357,-20.69924],[166.53109,-20.69769],[166.52914,-20.6973],[166.52701,-20.69757],[166.52643,-20.69829],[166.52517,-20.69848],[166.52392,-20.69959],[166.5222,-20.69969],[166.51944,-20.70098],[166.5175,-20.70215],[166.51123,-20.70386],[166.50918,-20.70504],[166.50732,-20.70549],[166.50583,-20.70618],[166.50345,-20.7068],[166.50103,-20.70689],[166.50005,-20.70646],[166.49658,-20.70568],[166.49255,-20.70542],[166.48785,-20.70593],[166.48387,-20.7069],[166.48053,-20.70789],[166.47927,-20.70844],[166.47845,-20.70818],[166.47909,-20.70645],[166.48148,-20.70584],[166.48368,-20.70485],[166.48662,-20.70413],[166.48854,-20.70338],[166.49266,-20.70291],[166.49773,-20.7015],[166.49904,-20.70143],[166.5017,-20.70002],[166.50389,-20.69856],[166.50424,-20.69639],[166.50627,-20.6949],[166.50683,-20.69396],[166.50547,-20.69338],[166.50507,-20.69234],[166.50697,-20.69103],[166.50807,-20.69104],[166.50852,-20.6927],[166.50945,-20.69238],[166.51118,-20.69096],[166.51095,-20.68988],[166.50978,-20.68916],[166.50871,-20.6891],[166.50692,-20.68968],[166.50567,-20.68933],[166.50497,-20.69024],[166.5035,-20.69071],[166.50231,-20.6906],[166.50133,-20.69214],[166.49839,-20.69487],[166.49548,-20.69725],[166.49243,-20.70096],[166.49104,-20.70161],[166.49037,-20.70103],[166.48875,-20.70092],[166.48652,-20.70173],[166.48616,-20.70251],[166.48436,-20.70357],[166.48291,-20.70384],[166.47981,-20.70004],[166.47712,-20.69911],[166.47568,-20.69931],[166.47352,-20.70036],[166.47261,-20.70004],[166.4715,-20.70039],[166.47137,-20.69933],[166.47317,-20.69835],[166.47514,-20.6979],[166.47753,-20.69778],[166.4797,-20.6972],[166.48541,-20.69443],[166.48901,-20.69234],[166.49767,-20.68627],[166.50189,-20.68304],[166.5126,-20.67418],[166.51519,-20.67194],[166.51875,-20.66845],[166.52195,-20.66513],[166.52448,-20.66277],[166.52953,-20.65738],[166.53259,-20.65384],[166.53475,-20.65104],[166.54155,-20.64163],[166.54498,-20.63639],[166.54688,-20.63329],[166.55057,-20.62635],[166.55264,-20.62205],[166.55444,-20.61885],[166.55674,-20.61288],[166.55772,-20.60915],[166.55732,-20.60453],[166.55962,-20.59877],[166.5596,-20.59712],[166.56047,-20.59472],[166.55981,-20.59231],[166.56036,-20.59123],[166.56101,-20.58838],[166.56119,-20.58648],[166.5607,-20.5856],[166.56084,-20.57969],[166.56123,-20.57446],[166.56061,-20.57375],[166.56104,-20.57041],[166.56007,-20.56735],[166.56067,-20.56591],[166.56048,-20.56402],[166.56083,-20.56287],[166.56066,-20.56157],[166.56096,-20.5581],[166.56143,-20.5552],[166.56189,-20.55438],[166.56223,-20.55202],[166.56326,-20.55091],[166.56472,-20.54597],[166.56505,-20.54542],[166.56638,-20.54059],[166.56722,-20.53636],[166.56837,-20.53194],[166.57092,-20.52328],[166.57194,-20.52097],[166.57194,-20.52037],[166.57349,-20.51733],[166.5742,-20.51424],[166.57483,-20.51389],[166.57633,-20.51011],[166.57843,-20.50583],[166.58016,-20.50364],[166.58365,-20.49763],[166.58881,-20.49283],[166.59019,-20.48987],[166.59157,-20.48792],[166.59265,-20.48467],[166.59357,-20.48031],[166.59395,-20.47769],[166.59412,-20.47396],[166.59373,-20.46659],[166.59416,-20.46411],[166.59471,-20.46287],[166.59526,-20.46043],[166.5953,-20.45624],[166.59508,-20.45256],[166.59388,-20.44704],[166.5925,-20.44323],[166.59139,-20.44087],[166.59013,-20.43874],[166.5882,-20.43606],[166.58401,-20.43164],[166.58004,-20.42819],[166.5769,-20.42597],[166.57405,-20.42431],[166.57204,-20.4234],[166.56736,-20.42174],[166.56436,-20.42115],[166.56274,-20.42058],[166.56382,-20.41839],[166.56534,-20.4175],[166.56676,-20.41834],[166.56979,-20.41928],[166.57129,-20.4182],[166.57352,-20.42005],[166.57692,-20.42038],[166.57745,-20.42188],[166.57845,-20.42075],[166.57723,-20.42004],[166.57706,-20.41935],[166.5731,-20.41826],[166.57084,-20.41675],[166.57005,-20.41684],[166.56754,-20.4157],[166.56871,-20.41488],[166.57176,-20.4144],[166.57232,-20.41367],[166.5741,-20.41404],[166.57461,-20.41551],[166.5742,-20.41726],[166.57728,-20.41673],[166.57788,-20.41791],[166.57973,-20.41729],[166.58153,-20.41548],[166.57986,-20.41525],[166.57934,-20.41427],[166.57781,-20.41383],[166.5779,-20.41204],[166.579,-20.41176],[166.5807,-20.41233],[166.58319,-20.41163],[166.58157,-20.41046],[166.57937,-20.41006],[166.57887,-20.41074],[166.57767,-20.41077],[166.57754,-20.40978],[166.57827,-20.40878],[166.57648,-20.40818],[166.5775,-20.40677],[166.58006,-20.40588],[166.58087,-20.40327],[166.58361,-20.40173],[166.58455,-20.40354],[166.58566,-20.40351],[166.58733,-20.40405],[166.58805,-20.40355],[166.58958,-20.40107],[166.58885,-20.39961],[166.58811,-20.4022],[166.58716,-20.40297],[166.58675,-20.40181],[166.58764,-20.40107],[166.5866,-20.39937],[166.58467,-20.39811],[166.58453,-20.39905],[166.58336,-20.39995],[166.58157,-20.40051],[166.58107,-20.40008],[166.57998,-20.40111],[166.57843,-20.4015],[166.57903,-20.40376],[166.57871,-20.40478],[166.57729,-20.40624],[166.57491,-20.40802],[166.57356,-20.41007],[166.57283,-20.40963],[166.5745,-20.40784],[166.57446,-20.40643],[166.57316,-20.40747],[166.57308,-20.40614],[166.57064,-20.40565],[166.56966,-20.4072],[166.56946,-20.41002],[166.56903,-20.41162],[166.56788,-20.41224],[166.56734,-20.41082],[166.56778,-20.40962],[166.56599,-20.4061],[166.56515,-20.4051],[166.5642,-20.40506],[166.56427,-20.40648],[166.56502,-20.40745],[166.5654,-20.40916],[166.56513,-20.41131],[166.56552,-20.41206],[166.56358,-20.41493],[166.56243,-20.41736],[166.56153,-20.41672],[166.56213,-20.41578],[166.56353,-20.4147],[166.56405,-20.41274],[166.56189,-20.41235],[166.56328,-20.41111],[166.56217,-20.41017],[166.5619,-20.41208],[166.56109,-20.41202],[166.56112,-20.40942],[166.56184,-20.40934],[166.56011,-20.40721],[166.55887,-20.40391],[166.55814,-20.40398],[166.5582,-20.40533],[166.55921,-20.40889],[166.56037,-20.41168],[166.55966,-20.41322],[166.55693,-20.41358],[166.55741,-20.41494],[166.5592,-20.41577],[166.55952,-20.41698],[166.5606,-20.41673],[166.56052,-20.41795],[166.55924,-20.42001],[166.56139,-20.42017],[166.56069,-20.4212],[166.55896,-20.42097],[166.55405,-20.41929],[166.55185,-20.41834],[166.55238,-20.41519],[166.55247,-20.41335],[166.55188,-20.41052],[166.55261,-20.40893],[166.55206,-20.40758],[166.55033,-20.40565],[166.55067,-20.40449],[166.55355,-20.40371],[166.55416,-20.40302],[166.55601,-20.40314],[166.55674,-20.40245],[166.56134,-20.4019],[166.56318,-20.40112],[166.56494,-20.40151],[166.56808,-20.40089],[166.57199,-20.4011],[166.57289,-20.40162],[166.57485,-20.40086],[166.57868,-20.40043],[166.57894,-20.39921],[166.58043,-20.39857],[166.58175,-20.39955],[166.58285,-20.39813],[166.58486,-20.39681],[166.58506,-20.39579],[166.58788,-20.39317],[166.58941,-20.39149],[166.59136,-20.39088],[166.59204,-20.39017],[166.59411,-20.38961],[166.59643,-20.38964],[166.60056,-20.39016],[166.60301,-20.39127],[166.60553,-20.39289],[166.60818,-20.39542],[166.61002,-20.39951],[166.61058,-20.40032],[166.61107,-20.40235],[166.61296,-20.40462],[166.61548,-20.40859],[166.61636,-20.41095],[166.61716,-20.41181],[166.61799,-20.41423],[166.62012,-20.41826],[166.6205,-20.41989],[166.62123,-20.42079],[166.62294,-20.42416],[166.6232,-20.42549],[166.62509,-20.42864],[166.63071,-20.43418],[166.63369,-20.43639],[166.64026,-20.44166],[166.64315,-20.44294],[166.64878,-20.44651],[166.65231,-20.44805],[166.65523,-20.45015],[166.65681,-20.45076],[166.65907,-20.45291],[166.66199,-20.45494],[166.66236,-20.45576],[166.66432,-20.45744],[166.66649,-20.46016],[166.66644,-20.46213],[166.66738,-20.46375],[166.66671,-20.46511],[166.66673,-20.46645],[166.66598,-20.4671]],[[166.58533,-20.42999],[166.58616,-20.43206],[166.58877,-20.43491],[166.59016,-20.43782],[166.59178,-20.44035],[166.59307,-20.44296],[166.59392,-20.44346],[166.59524,-20.44571],[166.59764,-20.44782],[166.5978,-20.44604],[166.59728,-20.4452],[166.59734,-20.44373],[166.59672,-20.44187],[166.5956,-20.44091],[166.59522,-20.43941],[166.59438,-20.43799],[166.59416,-20.43687],[166.5909,-20.43303],[166.58899,-20.43111],[166.58867,-20.43034],[166.58702,-20.42938],[166.58611,-20.4284],[166.58533,-20.42999]]],[[[166.58923,-20.43525],[166.59047,-20.43544],[166.59292,-20.43769],[166.59383,-20.43918],[166.59488,-20.44165],[166.59324,-20.44238],[166.59268,-20.4406],[166.59043,-20.43773],[166.59108,-20.43682],[166.58923,-20.43525]]]]}},{"type":"Feature","id":"fr-commune-98821","properties":{"id":"fr-commune-98821","name":"Païta","kind":"commune","center":[166.277,-22.0651],"code":"98821","department":"988"},"bbox":[166.08101,-22.2453,166.47303,-21.87904],"geometry":{"type":"MultiPolygon","coordinates":[[[[166.22713,-22.24125],[166.2277,-22.24204],[166.22766,-22.24314],[166.22673,-22.2453],[166.22493,-22.2449],[166.22379,-22.24376],[166.2241,-22.24196],[166.22713,-22.24125]]],[[[166.19959,-22.21348],[166.20066,-22.21344],[166.20271,-22.21466],[166.20531,-22.21758],[166.20622,-22.21991],[166.20507,-22.22042],[166.20219,-22.21943],[166.20129,-22.2188],[166.20081,-22.21754],[166.19987,-22.21651],[166.1986,-22.21399],[166.19959,-22.21348]]],[[[166.23841,-22.19762],[166.23965,-22.19681],[166.24067,-22.19686],[166.24174,-22.19762],[166.24135,-22.19865],[166.23982,-22.1986],[166.23841,-22.19762]]],[[[166.26228,-22.17803],[166.26055,-22.17782],[166.26112,-22.17695],[166.26288,-22.17653],[166.26356,-22.17769],[166.26228,-22.17803]]],[[[166.28876,-22.18593],[166.28709,-22.18357],[166.28674,-22.18219],[166.28479,-22.18115],[166.28314,-22.17753],[166.2823,-22.17634],[166.28308,-22.17581],[166.28445,-22.17309],[166.28477,-22.17092],[166.28561,-22.17138],[166.28506,-22.17249],[166.28477,-22.17463],[166.28668,-22.17709],[166.28673,-22.17833],[166.28819,-22.1792],[166.28909,-22.18208],[166.29079,-22.18363],[166.2909,-22.18462],[166.28991,-22.18554],[166.28876,-22.18593]]],[[[166.15992,-22.11897],[166.16044,-22.11815],[166.16158,-22.1177],[166.16373,-22.11925],[166.16322,-22.12046],[166.16051,-22.11993],[166.15992,-22.11897]]],[[[166.14958,-22.11401],[166.15215,-22.11371],[166.15431,-22.11547],[166.15531,-22.1181],[166.15356,-22.11783],[166.14969,-22.11663],[166.1474,-22.11544],[166.14687,-22.11481],[166.1481,-22.11381],[166.14958,-22.11401]]],[[[166.13569,-22.11078],[166.13777,-22.11038],[166.13903,-22.11076],[166.13792,-22.11183],[166.13615,-22.11139],[166.13569,-22.11078]]],[[[166.11631,-22.10237],[166.11818,-22.10234],[166.11885,-22.10095],[166.11854,-22.09946],[166.11735,-22.09748],[166.11887,-22.09625],[166.12008,-22.0957],[166.12122,-22.09856],[166.12109,-22.10093],[166.12049,-22.10234],[166.121,-22.10424],[166.12064,-22.10521],[166.11904,-22.10584],[166.11825,-22.10473],[166.11692,-22.10433],[166.11705,-22.1036],[166.11631,-22.10237]]],[[[166.10816,-22.07955],[166.1105,-22.07921],[166.11197,-22.07986],[166.11412,-22.08006],[166.1128,-22.0817],[166.11124,-22.08233],[166.11009,-22.08328],[166.10988,-22.08694],[166.10692,-22.08943],[166.10567,-22.09235],[166.10421,-22.09369],[166.10285,-22.09288],[166.10075,-22.0931],[166.09894,-22.09174],[166.0967,-22.09183],[166.09222,-22.09167],[166.09066,-22.09085],[166.09022,-22.09002],[166.09066,-22.08742],[166.09133,-22.08689],[166.09379,-22.08653],[166.09746,-22.08679],[166.09975,-22.08615],[166.10165,-22.08476],[166.10328,-22.08408],[166.10477,-22.08264],[166.10631,-22.08233],[166.1074,-22.08146],[166.10816,-22.07955]]],[[[166.0977,-22.05465],[166.09835,-22.0533],[166.09828,-22.05149],[166.09784,-22.05088],[166.09987,-22.04994],[166.10169,-22.05109],[166.10286,-22.05119],[166.10544,-22.0503],[166.10759,-22.05102],[166.10897,-22.0507],[166.10969,-22.05114],[166.10764,-22.05218],[166.10602,-22.05248],[166.10484,-22.05123],[166.10411,-22.05118],[166.10238,-22.05204],[166.10167,-22.05152],[166.09953,-22.05226],[166.09875,-22.05432],[166.0977,-22.05465]]],[[[166.08101,-22.05312],[166.08134,-22.05189],[166.08419,-22.05016],[166.08722,-22.04732],[166.08975,-22.04577],[166.09077,-22.04583],[166.09205,-22.04654],[166.08995,-22.05036],[166.08986,-22.05132],[166.08772,-22.05523],[166.08613,-22.05616],[166.08511,-22.05871],[166.08459,-22.0562],[166.08467,-22.05421],[166.08386,-22.05371],[166.08101,-22.05312]]],[[[166.18905,-22.0366],[166.18944,-22.03602],[166.19128,-22.03574],[166.19302,-22.03712],[166.1933,-22.03911],[166.19258,-22.04023],[166.1903,-22.03834],[166.18905,-22.0366]]],[[[166.19904,-22.03429],[166.20055,-22.03299],[166.20143,-22.03336],[166.20258,-22.03266],[166.20399,-22.03413],[166.20403,-22.03576],[166.20201,-22.03553],[166.19962,-22.03478],[166.19904,-22.03429]]],[[[166.15355,-22.03198],[166.15443,-22.03087],[166.15569,-22.03125],[166.15577,-22.03247],[166.15375,-22.03262],[166.15355,-22.03198]]],[[[166.19503,-22.02999],[166.19582,-22.02862],[166.19788,-22.02754],[166.19906,-22.02731],[166.19847,-22.02921],[166.19978,-22.0311],[166.1967,-22.03068],[166.19503,-22.02999]]],[[[166.14554,-22.02521],[166.14738,-22.02601],[166.14495,-22.02746],[166.14351,-22.0268],[166.14139,-22.02687],[166.14448,-22.02413],[166.14554,-22.02521]]],[[[166.15246,-21.99857],[166.15431,-21.99771],[166.15458,-21.99837],[166.15237,-21.99953],[166.15246,-21.99857]]],[[[166.38778,-22.1733],[166.38747,-22.17267],[166.38851,-22.17179],[166.38975,-22.17152],[166.39069,-22.17055],[166.38899,-22.17038],[166.38693,-22.16897],[166.38601,-22.16788],[166.387,-22.16688],[166.38486,-22.16665],[166.38492,-22.16816],[166.38351,-22.16842],[166.38294,-22.16724],[166.38024,-22.16617],[166.37975,-22.16516],[166.37808,-22.16308],[166.3763,-22.16403],[166.37805,-22.16537],[166.37888,-22.16644],[166.37994,-22.16884],[166.37935,-22.16967],[166.37805,-22.17009],[166.37701,-22.16992],[166.37548,-22.1682],[166.37434,-22.16811],[166.37381,-22.16901],[166.37262,-22.16946],[166.37048,-22.16849],[166.36891,-22.16732],[166.36731,-22.16782],[166.3668,-22.1691],[166.36728,-22.1702],[166.36701,-22.17157],[166.36892,-22.17269],[166.36901,-22.1736],[166.36772,-22.17361],[166.36774,-22.17501],[166.36819,-22.17675],[166.36941,-22.17642],[166.37015,-22.17769],[166.37029,-22.17905],[166.37232,-22.17959],[166.37401,-22.18113],[166.37497,-22.18381],[166.37728,-22.18655],[166.37889,-22.1899],[166.38003,-22.19075],[166.37873,-22.19188],[166.37755,-22.19418],[166.3776,-22.19517],[166.37861,-22.19613],[166.37785,-22.19697],[166.37796,-22.19881],[166.37568,-22.19948],[166.37389,-22.20075],[166.3734,-22.20168],[166.37374,-22.20286],[166.37227,-22.20643],[166.3717,-22.20701],[166.37003,-22.20532],[166.3684,-22.2052],[166.3669,-22.20326],[166.36653,-22.20227],[166.36895,-22.1995],[166.36965,-22.19945],[166.37096,-22.19815],[166.37115,-22.19706],[166.37197,-22.1963],[166.37361,-22.19621],[166.37507,-22.1956],[166.37576,-22.19332],[166.37472,-22.19172],[166.37556,-22.19117],[166.3753,-22.18938],[166.37421,-22.187],[166.37357,-22.1871],[166.37308,-22.18893],[166.37226,-22.18838],[166.37019,-22.18836],[166.36961,-22.18961],[166.36798,-22.19088],[166.36684,-22.19128],[166.36601,-22.19263],[166.36589,-22.194],[166.36717,-22.19436],[166.3664,-22.19594],[166.36287,-22.19826],[166.36186,-22.19975],[166.35779,-22.19979],[166.35572,-22.20073],[166.35394,-22.20204],[166.35308,-22.20349],[166.35301,-22.20471],[166.35493,-22.20578],[166.35619,-22.20752],[166.3569,-22.21047],[166.35644,-22.21206],[166.35652,-22.21384],[166.35573,-22.21677],[166.35507,-22.21839],[166.35427,-22.2189],[166.35332,-22.21818],[166.34981,-22.21859],[166.34602,-22.2208],[166.34378,-22.22448],[166.3447,-22.22648],[166.34315,-22.2265],[166.34162,-22.22465],[166.34155,-22.22396],[166.33919,-22.22282],[166.33834,-22.2229],[166.33606,-22.22205],[166.33506,-22.22214],[166.33463,-22.22129],[166.3358,-22.22076],[166.33519,-22.21943],[166.33324,-22.21826],[166.33337,-22.21713],[166.33133,-22.21574],[166.33197,-22.21393],[166.33313,-22.21285],[166.33424,-22.21238],[166.33661,-22.21319],[166.33798,-22.21226],[166.33977,-22.21296],[166.34051,-22.21359],[166.34194,-22.21327],[166.34315,-22.21214],[166.3445,-22.21033],[166.34591,-22.20918],[166.34754,-22.20647],[166.34744,-22.20307],[166.34661,-22.20185],[166.34644,-22.20008],[166.34759,-22.19923],[166.34816,-22.1976],[166.34726,-22.19486],[166.34559,-22.19332],[166.34299,-22.19301],[166.3405,-22.19389],[166.33945,-22.19524],[166.33886,-22.19665],[166.33412,-22.19695],[166.33371,-22.19758],[166.33207,-22.19623],[166.33245,-22.19468],[166.33246,-22.19272],[166.3314,-22.19135],[166.32987,-22.19008],[166.32829,-22.18919],[166.3259,-22.18824],[166.32221,-22.18717],[166.32061,-22.18542],[166.32106,-22.18408],[166.32212,-22.18392],[166.32311,-22.18315],[166.32419,-22.18329],[166.32617,-22.18416],[166.32781,-22.18389],[166.3287,-22.18242],[166.32888,-22.18035],[166.32821,-22.17907],[166.32669,-22.17875],[166.32674,-22.17771],[166.32557,-22.17632],[166.32541,-22.17523],[166.32467,-22.17453],[166.32251,-22.17401],[166.32026,-22.17419],[166.32007,-22.17329],[166.31889,-22.17266],[166.31728,-22.17246],[166.31577,-22.17281],[166.31489,-22.17357],[166.31492,-22.1746],[166.314,-22.17525],[166.31326,-22.17445],[166.31224,-22.17224],[166.31041,-22.1715],[166.30856,-22.17155],[166.30616,-22.17041],[166.30688,-22.16722],[166.30949,-22.16698],[166.31012,-22.1681],[166.31531,-22.16861],[166.31721,-22.16911],[166.31891,-22.17013],[166.32189,-22.16982],[166.3233,-22.16859],[166.32471,-22.16619],[166.32371,-22.16485],[166.32379,-22.16345],[166.32272,-22.16215],[166.32149,-22.16132],[166.32044,-22.15987],[166.32152,-22.15914],[166.32539,-22.1603],[166.32809,-22.15883],[166.32975,-22.15815],[166.3312,-22.15813],[166.33182,-22.15706],[166.33158,-22.15454],[166.33211,-22.15373],[166.33338,-22.15395],[166.33359,-22.15523],[166.33363,-22.15855],[166.33604,-22.15985],[166.33745,-22.15982],[166.33823,-22.16106],[166.34035,-22.16102],[166.34137,-22.16035],[166.34542,-22.16197],[166.34693,-22.16411],[166.34848,-22.16404],[166.35063,-22.16486],[166.35521,-22.16552],[166.35937,-22.16639],[166.362,-22.16585],[166.3634,-22.16409],[166.3634,-22.16305],[166.36226,-22.16056],[166.3628,-22.15889],[166.36386,-22.16003],[166.36575,-22.16045],[166.36417,-22.15866],[166.36313,-22.15862],[166.36228,-22.15672],[166.36101,-22.15737],[166.36022,-22.15563],[166.35903,-22.15614],[166.3589,-22.15503],[166.3562,-22.15617],[166.35439,-22.15643],[166.35364,-22.15825],[166.35214,-22.15841],[166.3507,-22.15758],[166.34997,-22.15653],[166.3497,-22.15519],[166.34833,-22.15498],[166.34702,-22.1543],[166.34892,-22.153],[166.34834,-22.15195],[166.34737,-22.15217],[166.3467,-22.15115],[166.34807,-22.15096],[166.3488,-22.14962],[166.3459,-22.14963],[166.34482,-22.14896],[166.34563,-22.14814],[166.34633,-22.14632],[166.34755,-22.14565],[166.34934,-22.14618],[166.34889,-22.14451],[166.34946,-22.14265],[166.34982,-22.14041],[166.34978,-22.1384],[166.35093,-22.13779],[166.3517,-22.13658],[166.35182,-22.13556],[166.35032,-22.13596],[166.35059,-22.13466],[166.35271,-22.1339],[166.35277,-22.13288],[166.35153,-22.13198],[166.35067,-22.13288],[166.349,-22.13364],[166.34866,-22.13211],[166.34746,-22.13189],[166.34721,-22.13322],[166.34579,-22.13704],[166.34438,-22.13753],[166.3442,-22.13663],[166.34271,-22.13684],[166.34134,-22.13615],[166.33965,-22.13711],[166.33962,-22.13951],[166.34013,-22.14064],[166.33911,-22.14096],[166.33871,-22.14279],[166.33913,-22.14375],[166.34093,-22.14383],[166.33999,-22.14507],[166.33841,-22.14496],[166.3374,-22.14386],[166.33699,-22.14277],[166.33531,-22.14213],[166.33526,-22.14102],[166.33679,-22.13997],[166.33784,-22.13819],[166.33838,-22.13659],[166.33827,-22.13432],[166.33742,-22.13512],[166.33564,-22.13484],[166.33411,-22.13556],[166.33361,-22.13661],[166.33203,-22.13817],[166.33136,-22.13959],[166.33025,-22.13894],[166.32807,-22.14042],[166.32577,-22.14083],[166.32656,-22.14229],[166.32814,-22.1422],[166.32786,-22.14362],[166.32694,-22.14303],[166.32575,-22.14386],[166.32643,-22.14502],[166.32412,-22.14496],[166.32432,-22.14641],[166.32694,-22.14781],[166.32637,-22.14854],[166.32506,-22.1485],[166.32414,-22.14917],[166.3235,-22.15264],[166.32153,-22.15189],[166.31935,-22.15226],[166.31691,-22.15219],[166.31568,-22.15273],[166.31338,-22.15424],[166.31168,-22.15276],[166.30934,-22.15135],[166.30819,-22.15147],[166.30648,-22.15269],[166.3062,-22.15505],[166.30679,-22.15626],[166.30494,-22.1598],[166.30304,-22.16024],[166.30099,-22.16117],[166.29974,-22.15943],[166.29886,-22.15891],[166.29792,-22.15758],[166.29775,-22.15619],[166.29812,-22.15503],[166.29693,-22.1537],[166.29729,-22.15332],[166.29628,-22.15193],[166.29441,-22.15159],[166.29462,-22.14997],[166.29433,-22.14869],[166.29289,-22.14532],[166.2907,-22.14563],[166.28884,-22.14491],[166.28641,-22.14315],[166.28575,-22.1423],[166.28421,-22.14268],[166.28471,-22.14387],[166.28431,-22.14475],[166.28554,-22.14512],[166.28458,-22.14626],[166.28252,-22.14628],[166.28341,-22.14854],[166.28455,-22.14961],[166.28563,-22.15152],[166.28723,-22.15196],[166.28765,-22.15284],[166.28774,-22.15496],[166.28923,-22.15591],[166.2906,-22.15842],[166.28888,-22.16059],[166.2893,-22.16292],[166.29062,-22.16445],[166.29331,-22.16695],[166.29137,-22.16637],[166.29094,-22.16555],[166.28942,-22.16474],[166.28696,-22.16549],[166.28523,-22.16686],[166.2851,-22.16798],[166.28394,-22.16795],[166.28305,-22.16621],[166.28133,-22.1655],[166.27872,-22.16578],[166.27894,-22.16432],[166.28092,-22.16399],[166.28102,-22.16274],[166.27986,-22.16272],[166.27933,-22.16377],[166.27805,-22.16395],[166.27721,-22.16526],[166.27833,-22.16588],[166.27696,-22.16662],[166.27642,-22.16814],[166.27533,-22.16883],[166.2745,-22.16803],[166.27226,-22.16847],[166.26906,-22.17001],[166.26846,-22.1688],[166.26676,-22.1675],[166.26631,-22.16644],[166.26427,-22.16327],[166.26214,-22.16207],[166.25865,-22.16112],[166.25716,-22.15992],[166.25567,-22.15938],[166.25514,-22.15852],[166.25393,-22.15926],[166.25197,-22.1599],[166.24586,-22.16383],[166.24554,-22.16231],[166.24597,-22.16195],[166.24558,-22.15897],[166.24642,-22.15861],[166.24736,-22.15562],[166.24678,-22.15366],[166.24481,-22.15063],[166.24313,-22.14915],[166.24139,-22.14826],[166.23948,-22.14791],[166.23614,-22.14792],[166.23454,-22.14769],[166.23397,-22.14672],[166.23218,-22.14564],[166.22995,-22.14468],[166.22754,-22.14423],[166.2233,-22.1439],[166.22016,-22.14412],[166.21878,-22.14341],[166.21975,-22.14264],[166.22158,-22.1405],[166.22212,-22.13913],[166.2219,-22.13727],[166.22226,-22.13646],[166.22141,-22.13389],[166.22232,-22.13267],[166.22373,-22.13365],[166.22484,-22.13326],[166.22488,-22.13212],[166.22323,-22.13187],[166.22213,-22.13095],[166.22152,-22.12884],[166.22017,-22.1275],[166.21983,-22.12645],[166.21768,-22.12441],[166.21549,-22.1229],[166.21349,-22.12192],[166.21107,-22.12007],[166.20909,-22.11811],[166.20465,-22.11548],[166.20246,-22.11464],[166.20252,-22.11326],[166.2012,-22.11209],[166.19559,-22.10948],[166.19306,-22.10877],[166.18915,-22.10822],[166.1868,-22.1082],[166.18476,-22.10769],[166.18449,-22.10647],[166.18351,-22.10567],[166.18087,-22.10499],[166.17661,-22.10492],[166.17397,-22.10453],[166.17185,-22.10475],[166.1693,-22.10278],[166.17008,-22.10176],[166.17041,-22.10016],[166.17047,-22.09726],[166.17127,-22.09724],[166.17146,-22.09879],[166.17111,-22.10067],[166.17134,-22.1025],[166.17222,-22.10296],[166.17399,-22.10308],[166.17519,-22.102],[166.17391,-22.09985],[166.17525,-22.0975],[166.17207,-22.09561],[166.17063,-22.09631],[166.16865,-22.09425],[166.1682,-22.09299],[166.16689,-22.09215],[166.16603,-22.09084],[166.16659,-22.08944],[166.16616,-22.08821],[166.16364,-22.08628],[166.16335,-22.08508],[166.16194,-22.08426],[166.15935,-22.08414],[166.15672,-22.08458],[166.15547,-22.08402],[166.15545,-22.08321],[166.15445,-22.08267],[166.15068,-22.08272],[166.14658,-22.08494],[166.14026,-22.08954],[166.14017,-22.09119],[166.13874,-22.09326],[166.13934,-22.09575],[166.13829,-22.09781],[166.13656,-22.09834],[166.13412,-22.09784],[166.13192,-22.09957],[166.13075,-22.0992],[166.12909,-22.0994],[166.12703,-22.10017],[166.12505,-22.09904],[166.12509,-22.09788],[166.12589,-22.09602],[166.12543,-22.09365],[166.12349,-22.09188],[166.12463,-22.09177],[166.12548,-22.09094],[166.12417,-22.09049],[166.12303,-22.09102],[166.12202,-22.09052],[166.11921,-22.09058],[166.11849,-22.08972],[166.11483,-22.08849],[166.11571,-22.08632],[166.11701,-22.08588],[166.11983,-22.08421],[166.12177,-22.08234],[166.12233,-22.08131],[166.12407,-22.07982],[166.12554,-22.07907],[166.1263,-22.07673],[166.12625,-22.07393],[166.12529,-22.07294],[166.12565,-22.0706],[166.12476,-22.06958],[166.12277,-22.0693],[166.12215,-22.06784],[166.1209,-22.06699],[166.12147,-22.06549],[166.12144,-22.0636],[166.1207,-22.06325],[166.11931,-22.06354],[166.11692,-22.06233],[166.11408,-22.06289],[166.11199,-22.06272],[166.11238,-22.06199],[166.11398,-22.06101],[166.11718,-22.05957],[166.11815,-22.06011],[166.12043,-22.05972],[166.12231,-22.06078],[166.12351,-22.06026],[166.12403,-22.06163],[166.12515,-22.06218],[166.12951,-22.06207],[166.13094,-22.06348],[166.12984,-22.06542],[166.12943,-22.06681],[166.12855,-22.06807],[166.12835,-22.06954],[166.12995,-22.07091],[166.13189,-22.07093],[166.13323,-22.07153],[166.13591,-22.07043],[166.13684,-22.06886],[166.13758,-22.06873],[166.14298,-22.07239],[166.14157,-22.07334],[166.1422,-22.07522],[166.14529,-22.07526],[166.14667,-22.07594],[166.14751,-22.07586],[166.14719,-22.07865],[166.15015,-22.07808],[166.14868,-22.07594],[166.14833,-22.07377],[166.15079,-22.07381],[166.15444,-22.07489],[166.15553,-22.07587],[166.15762,-22.07666],[166.16108,-22.07496],[166.16272,-22.07673],[166.16372,-22.07707],[166.1635,-22.07839],[166.16381,-22.07954],[166.16304,-22.08096],[166.16385,-22.08149],[166.16382,-22.08269],[166.16522,-22.08316],[166.16571,-22.08453],[166.16538,-22.08608],[166.16683,-22.08743],[166.16754,-22.08596],[166.16923,-22.08609],[166.17119,-22.08748],[166.17239,-22.08789],[166.17288,-22.0871],[166.17049,-22.08587],[166.17064,-22.08398],[166.16967,-22.08281],[166.17043,-22.08132],[166.17161,-22.08062],[166.17243,-22.07928],[166.17007,-22.08019],[166.16918,-22.07979],[166.16748,-22.07668],[166.16829,-22.07519],[166.16756,-22.07419],[166.16862,-22.07282],[166.1672,-22.07123],[166.16532,-22.07137],[166.16372,-22.07058],[166.16373,-22.06763],[166.16309,-22.06618],[166.16165,-22.06557],[166.16068,-22.06411],[166.16117,-22.0625],[166.16124,-22.06092],[166.15995,-22.05913],[166.15677,-22.05792],[166.15614,-22.05647],[166.15745,-22.05567],[166.15991,-22.05579],[166.16111,-22.05468],[166.16177,-22.05485],[166.16357,-22.05328],[166.16327,-22.05262],[166.16396,-22.05066],[166.16343,-22.04702],[166.16255,-22.04556],[166.15987,-22.04342],[166.15802,-22.04295],[166.15739,-22.04219],[166.1557,-22.04152],[166.1544,-22.04154],[166.15292,-22.0421],[166.15042,-22.04079],[166.14588,-22.04177],[166.14459,-22.04075],[166.14628,-22.03842],[166.14538,-22.03683],[166.14374,-22.03753],[166.14211,-22.03717],[166.14042,-22.03785],[166.13715,-22.03756],[166.13546,-22.03802],[166.13215,-22.03991],[166.13094,-22.04025],[166.12832,-22.03811],[166.12685,-22.03761],[166.12474,-22.03835],[166.12265,-22.03782],[166.12201,-22.03688],[166.11993,-22.03674],[166.11868,-22.03632],[166.11533,-22.03295],[166.11485,-22.03186],[166.11563,-22.03076],[166.11743,-22.0308],[166.11797,-22.02991],[166.11732,-22.02783],[166.116,-22.02735],[166.11711,-22.02508],[166.11866,-22.02623],[166.11981,-22.02809],[166.12129,-22.02902],[166.1227,-22.02923],[166.12361,-22.03036],[166.12636,-22.03107],[166.12777,-22.03092],[166.13066,-22.03247],[166.13157,-22.03426],[166.13337,-22.03567],[166.13424,-22.03594],[166.13613,-22.03737],[166.13805,-22.03753],[166.13992,-22.03712],[166.14109,-22.03647],[166.14348,-22.03433],[166.14528,-22.03132],[166.14618,-22.03201],[166.14644,-22.03304],[166.14782,-22.03375],[166.14932,-22.0333],[166.15207,-22.03317],[166.15344,-22.03488],[166.15546,-22.03564],[166.1581,-22.03845],[166.15931,-22.03945],[166.16097,-22.03844],[166.16268,-22.03894],[166.16551,-22.0383],[166.16558,-22.03641],[166.16743,-22.0351],[166.16952,-22.0361],[166.17094,-22.03746],[166.17166,-22.0392],[166.17244,-22.03987],[166.17386,-22.0392],[166.17342,-22.03771],[166.17227,-22.03616],[166.17061,-22.03481],[166.17046,-22.03358],[166.17157,-22.0334],[166.17368,-22.03532],[166.1757,-22.03609],[166.17674,-22.03877],[166.17619,-22.04027],[166.17703,-22.04134],[166.17939,-22.04096],[166.18019,-22.04033],[166.18195,-22.04033],[166.18334,-22.04089],[166.18471,-22.04087],[166.1853,-22.04003],[166.1862,-22.04012],[166.18863,-22.0412],[166.1895,-22.04238],[166.19096,-22.04152],[166.19281,-22.04233],[166.19325,-22.04403],[166.19648,-22.04679],[166.19655,-22.04564],[166.19561,-22.04458],[166.19617,-22.04408],[166.19783,-22.04534],[166.19892,-22.04426],[166.19781,-22.04335],[166.19943,-22.04221],[166.19944,-22.04059],[166.19871,-22.03953],[166.20065,-22.03792],[166.20211,-22.03769],[166.20221,-22.03696],[166.2034,-22.03658],[166.20455,-22.03761],[166.2053,-22.03752],[166.20738,-22.03865],[166.20757,-22.03808],[166.20525,-22.03707],[166.20525,-22.03588],[166.2058,-22.03498],[166.20729,-22.03454],[166.20795,-22.03249],[166.20966,-22.03338],[166.21024,-22.03429],[166.21513,-22.03472],[166.21678,-22.03418],[166.21593,-22.03271],[166.21389,-22.03289],[166.2125,-22.03351],[166.21204,-22.03246],[166.21074,-22.03329],[166.20939,-22.03258],[166.20988,-22.03161],[166.20935,-22.03074],[166.21057,-22.0281],[166.20826,-22.02642],[166.20782,-22.02826],[166.20847,-22.02898],[166.20838,-22.03019],[166.20713,-22.02975],[166.20378,-22.03003],[166.20321,-22.02848],[166.20209,-22.02802],[166.20243,-22.02604],[166.19995,-22.02514],[166.19918,-22.02622],[166.19841,-22.02492],[166.19881,-22.02402],[166.19799,-22.02268],[166.19939,-22.02225],[166.20042,-22.02132],[166.2011,-22.02146],[166.2027,-22.01992],[166.20368,-22.01994],[166.20474,-22.02083],[166.20538,-22.01966],[166.20755,-22.01963],[166.20715,-22.01829],[166.20738,-22.01691],[166.20407,-22.01451],[166.20248,-22.0106],[166.19904,-22.00945],[166.19713,-22.01006],[166.19776,-22.01074],[166.19785,-22.01237],[166.19867,-22.01542],[166.20051,-22.01715],[166.2015,-22.01698],[166.20022,-22.01463],[166.20019,-22.01345],[166.20106,-22.01296],[166.20175,-22.01392],[166.20314,-22.01445],[166.20213,-22.01578],[166.20257,-22.01818],[166.20338,-22.01939],[166.20142,-22.01976],[166.20094,-22.02083],[166.19993,-22.02086],[166.19891,-22.02163],[166.19786,-22.02153],[166.19747,-22.02247],[166.19801,-22.02403],[166.19666,-22.02367],[166.19622,-22.02081],[166.19573,-22.02061],[166.19592,-22.02395],[166.19681,-22.02653],[166.19607,-22.02784],[166.19496,-22.02753],[166.19238,-22.02805],[166.19243,-22.03013],[166.19169,-22.03006],[166.19079,-22.02847],[166.18921,-22.0269],[166.18776,-22.02851],[166.18652,-22.02872],[166.18574,-22.02943],[166.18449,-22.02947],[166.18509,-22.02788],[166.1845,-22.02685],[166.18476,-22.02591],[166.18667,-22.02472],[166.18652,-22.02328],[166.1845,-22.02427],[166.18389,-22.02379],[166.18525,-22.02285],[166.18478,-22.02144],[166.18449,-22.01785],[166.18272,-22.01639],[166.17921,-22.01755],[166.17745,-22.01778],[166.17709,-22.01928],[166.17505,-22.02003],[166.17378,-22.02119],[166.17241,-22.02061],[166.17131,-22.01624],[166.17183,-22.01497],[166.17037,-22.01452],[166.16972,-22.01533],[166.16686,-22.01592],[166.16551,-22.01645],[166.16527,-22.0193],[166.16384,-22.01961],[166.16225,-22.01883],[166.16157,-22.018],[166.16058,-22.01586],[166.16201,-22.01578],[166.16397,-22.01493],[166.16536,-22.01514],[166.16595,-22.01308],[166.16576,-22.01016],[166.16406,-22.01065],[166.16283,-22.01015],[166.1615,-22.01042],[166.15905,-22.0103],[166.1591,-22.00946],[166.1581,-22.00873],[166.15638,-22.00955],[166.15676,-22.01044],[166.15583,-22.01305],[166.1531,-22.01544],[166.15164,-22.01644],[166.14943,-22.01675],[166.14869,-22.01615],[166.14953,-22.0144],[166.14965,-22.01315],[166.14922,-22.0116],[166.14932,-22.00995],[166.15041,-22.00913],[166.15098,-22.00768],[166.15034,-22.00561],[166.14885,-22.00464],[166.14654,-22.00432],[166.14663,-22.00278],[166.1474,-22.00184],[166.14882,-22.00165],[166.14946,-22.00034],[166.15096,-22.00016],[166.15202,-22.00055],[166.1536,-21.99987],[166.15584,-21.99814],[166.15857,-21.99571],[166.16056,-21.99478],[166.16249,-21.9947],[166.16189,-21.99372],[166.16334,-21.99276],[166.16538,-21.99073],[166.16763,-21.9879],[166.17027,-21.98646],[166.17375,-21.98482],[166.17504,-21.98383],[166.17936,-21.98243],[166.18047,-21.98145],[166.18101,-21.98034],[166.18209,-21.97648],[166.18371,-21.9748],[166.18505,-21.97409],[166.18728,-21.97362],[166.18927,-21.97385],[166.19252,-21.97314],[166.1941,-21.97403],[166.19543,-21.97604],[166.19677,-21.97865],[166.19861,-21.97972],[166.19944,-21.979],[166.20308,-21.97725],[166.20548,-21.9752],[166.20729,-21.97312],[166.20821,-21.97104],[166.20926,-21.9705],[166.21074,-21.96902],[166.21106,-21.96761],[166.212,-21.9664],[166.21502,-21.96621],[166.21782,-21.96807],[166.22186,-21.96936],[166.22319,-21.96898],[166.22656,-21.96864],[166.22824,-21.96921],[166.23095,-21.96929],[166.23335,-21.96846],[166.2354,-21.96721],[166.23951,-21.96568],[166.24067,-21.96423],[166.24286,-21.96258],[166.2445,-21.96169],[166.24632,-21.96154],[166.24943,-21.96296],[166.24948,-21.96408],[166.2508,-21.96654],[166.25306,-21.96697],[166.25383,-21.9663],[166.25607,-21.96549],[166.25798,-21.96388],[166.2591,-21.96217],[166.261,-21.9612],[166.26397,-21.96072],[166.26643,-21.95805],[166.26966,-21.95691],[166.27093,-21.95626],[166.27221,-21.9565],[166.27505,-21.95636],[166.27579,-21.95674],[166.27805,-21.95527],[166.27922,-21.95266],[166.28322,-21.95023],[166.28454,-21.95054],[166.28858,-21.9503],[166.29031,-21.94992],[166.29158,-21.94765],[166.29019,-21.94677],[166.28742,-21.94346],[166.28569,-21.94027],[166.28562,-21.93961],[166.28687,-21.93755],[166.29127,-21.93935],[166.29227,-21.94019],[166.29378,-21.9421],[166.295,-21.94273],[166.29735,-21.94228],[166.29821,-21.94035],[166.29961,-21.93884],[166.30623,-21.93525],[166.30999,-21.93353],[166.31345,-21.93216],[166.3155,-21.93097],[166.3165,-21.92829],[166.31753,-21.9278],[166.32012,-21.92828],[166.32394,-21.92739],[166.32565,-21.9268],[166.32763,-21.92321],[166.32859,-21.92241],[166.33172,-21.92203],[166.3319,-21.92085],[166.33319,-21.91981],[166.33485,-21.91949],[166.33593,-21.91828],[166.33573,-21.91733],[166.33386,-21.91471],[166.33254,-21.91393],[166.33177,-21.91264],[166.33216,-21.9109],[166.33212,-21.90923],[166.33373,-21.90775],[166.33377,-21.90694],[166.33157,-21.90572],[166.32961,-21.90413],[166.32993,-21.90334],[166.33159,-21.9024],[166.33276,-21.89949],[166.33383,-21.89775],[166.33631,-21.89621],[166.3363,-21.89499],[166.33531,-21.89282],[166.33545,-21.89208],[166.33755,-21.89042],[166.33961,-21.88965],[166.3403,-21.88804],[166.34203,-21.88733],[166.34506,-21.88732],[166.34716,-21.88647],[166.34848,-21.88709],[166.34913,-21.88665],[166.35094,-21.88732],[166.35206,-21.88711],[166.35437,-21.88751],[166.35486,-21.88838],[166.35594,-21.8877],[166.35843,-21.8887],[166.35962,-21.88836],[166.36074,-21.88952],[166.36126,-21.88878],[166.36329,-21.88807],[166.36461,-21.88899],[166.36736,-21.88831],[166.36781,-21.88783],[166.37277,-21.88843],[166.37417,-21.88819],[166.3756,-21.88731],[166.37691,-21.88853],[166.3787,-21.88898],[166.38148,-21.89167],[166.382,-21.89288],[166.38501,-21.89613],[166.38531,-21.89756],[166.38639,-21.8989],[166.38877,-21.90006],[166.39006,-21.89987],[166.39104,-21.89815],[166.39071,-21.89733],[166.39065,-21.89471],[166.39153,-21.89403],[166.39265,-21.89131],[166.39444,-21.88999],[166.39619,-21.88805],[166.39799,-21.88449],[166.39903,-21.88308],[166.39821,-21.88179],[166.39845,-21.88101],[166.39966,-21.88198],[166.40123,-21.8824],[166.40362,-21.88244],[166.40568,-21.88099],[166.40909,-21.88048],[166.4104,-21.88073],[166.41234,-21.88166],[166.41263,-21.8827],[166.41464,-21.88271],[166.41624,-21.88237],[166.41598,-21.88139],[166.41698,-21.88064],[166.4194,-21.88067],[166.42089,-21.87904],[166.42255,-21.88023],[166.42215,-21.88105],[166.4221,-21.88279],[166.421,-21.88474],[166.42205,-21.88751],[166.42255,-21.88808],[166.4233,-21.89049],[166.42335,-21.89353],[166.42435,-21.8944],[166.42385,-21.89646],[166.42484,-21.89774],[166.426,-21.89786],[166.42645,-21.89898],[166.42557,-21.89895],[166.42444,-21.90037],[166.42376,-21.90193],[166.42305,-21.90252],[166.42327,-21.90383],[166.42237,-21.90509],[166.42113,-21.90953],[166.4222,-21.91109],[166.42434,-21.916],[166.42502,-21.91694],[166.42546,-21.91988],[166.42597,-21.92126],[166.42783,-21.92273],[166.42651,-21.92693],[166.42579,-21.92794],[166.42599,-21.92913],[166.42559,-21.93036],[166.42585,-21.93216],[166.42455,-21.93351],[166.42508,-21.93502],[166.42494,-21.93604],[166.42534,-21.9389],[166.42601,-21.93978],[166.42685,-21.94183],[166.42789,-21.94334],[166.4259,-21.94526],[166.42565,-21.94633],[166.42655,-21.94699],[166.42688,-21.94813],[166.42798,-21.94964],[166.42962,-21.95073],[166.4309,-21.95212],[166.43261,-21.95299],[166.43354,-21.95434],[166.43565,-21.95564],[166.43592,-21.95718],[166.43724,-21.95864],[166.43858,-21.95948],[166.43967,-21.96122],[166.43896,-21.96328],[166.43955,-21.96636],[166.43903,-21.96808],[166.43808,-21.96857],[166.43807,-21.96953],[166.43733,-21.97257],[166.44214,-21.97479],[166.44472,-21.97579],[166.4455,-21.97659],[166.44705,-21.97715],[166.44756,-21.97782],[166.44777,-21.98013],[166.44906,-21.98241],[166.44918,-21.98369],[166.45085,-21.98495],[166.45209,-21.98551],[166.45435,-21.98777],[166.45401,-21.99002],[166.45312,-21.99171],[166.45452,-21.99388],[166.45515,-21.9965],[166.45552,-21.99967],[166.45626,-21.99973],[166.45695,-22.00098],[166.45712,-22.00227],[166.45916,-22.00432],[166.45972,-22.00585],[166.46139,-22.00758],[166.46356,-22.00922],[166.46453,-22.00944],[166.46589,-22.01074],[166.46722,-22.01143],[166.46752,-22.01295],[166.46927,-22.01419],[166.47137,-22.01622],[166.47237,-22.01645],[166.47273,-22.01822],[166.47303,-22.02326],[166.47228,-22.02505],[166.47241,-22.02649],[166.4704,-22.02808],[166.46908,-22.03014],[166.46732,-22.03049],[166.46712,-22.03292],[166.46761,-22.03445],[166.46595,-22.03773],[166.46639,-22.03968],[166.46412,-22.04024],[166.46234,-22.04132],[166.45857,-22.04191],[166.45705,-22.04366],[166.45472,-22.04546],[166.45263,-22.04658],[166.4515,-22.04683],[166.45189,-22.04845],[166.45159,-22.05034],[166.45202,-22.05147],[166.45115,-22.05364],[166.44938,-22.05503],[166.44852,-22.05646],[166.44648,-22.05742],[166.44644,-22.05829],[166.44715,-22.05933],[166.44768,-22.06167],[166.44743,-22.06235],[166.44885,-22.06375],[166.44935,-22.06562],[166.44918,-22.06679],[166.44795,-22.06714],[166.44644,-22.06946],[166.44567,-22.07012],[166.44407,-22.07272],[166.44151,-22.0759],[166.43981,-22.07563],[166.43693,-22.07391],[166.43521,-22.07343],[166.4324,-22.07305],[166.43099,-22.07257],[166.42904,-22.07339],[166.42684,-22.07346],[166.42398,-22.07148],[166.422,-22.07042],[166.42036,-22.0725],[166.41872,-22.07775],[166.41718,-22.08057],[166.41531,-22.08316],[166.41397,-22.08664],[166.41441,-22.08749],[166.41481,-22.09053],[166.41363,-22.09323],[166.41393,-22.09542],[166.41316,-22.09614],[166.41283,-22.09751],[166.41188,-22.09724],[166.41121,-22.09792],[166.4105,-22.10109],[166.40953,-22.10227],[166.4094,-22.10355],[166.41023,-22.10519],[166.41065,-22.10738],[166.40942,-22.10965],[166.40763,-22.11006],[166.40599,-22.11093],[166.40453,-22.11332],[166.40288,-22.11281],[166.40213,-22.11387],[166.4006,-22.11466],[166.4001,-22.11604],[166.40157,-22.11679],[166.40277,-22.11815],[166.40362,-22.11802],[166.40512,-22.11923],[166.40736,-22.12056],[166.4089,-22.12191],[166.41033,-22.12245],[166.41246,-22.12195],[166.4134,-22.11998],[166.41445,-22.11982],[166.41568,-22.12054],[166.41636,-22.12167],[166.41824,-22.12241],[166.41942,-22.12326],[166.42023,-22.12202],[166.42289,-22.12356],[166.42293,-22.1254],[166.42072,-22.12651],[166.41888,-22.12834],[166.42003,-22.13122],[166.42088,-22.13238],[166.42121,-22.13377],[166.4222,-22.13434],[166.42246,-22.1361],[166.42181,-22.13706],[166.42016,-22.13742],[166.41989,-22.13886],[166.41833,-22.14077],[166.41849,-22.14258],[166.41794,-22.14423],[166.41631,-22.14521],[166.41723,-22.14784],[166.41797,-22.14923],[166.41784,-22.15073],[166.41684,-22.15187],[166.41527,-22.152],[166.41274,-22.15114],[166.41145,-22.15028],[166.40967,-22.15007],[166.40715,-22.14862],[166.40618,-22.14841],[166.40204,-22.1505],[166.40032,-22.14975],[166.4001,-22.15101],[166.39901,-22.1519],[166.39641,-22.15221],[166.39519,-22.15352],[166.3966,-22.15702],[166.39744,-22.15814],[166.39645,-22.15956],[166.39638,-22.16106],[166.39479,-22.16267],[166.39358,-22.16434],[166.39328,-22.16564],[166.39212,-22.16689],[166.39246,-22.1694],[166.39122,-22.1701],[166.39057,-22.17143],[166.38784,-22.17287],[166.38778,-22.1733]],[[166.19124,-22.01696],[166.19284,-22.0174],[166.19378,-22.01702],[166.19298,-22.01512],[166.19239,-22.01479],[166.19124,-22.01696]],[[166.12617,-22.09223],[166.12679,-22.09583],[166.12899,-22.09588],[166.12942,-22.09542],[166.1292,-22.09343],[166.13055,-22.09313],[166.12902,-22.09151],[166.13002,-22.08901],[166.1311,-22.08832],[166.12997,-22.08765],[166.12669,-22.09004],[166.1254,-22.0906],[166.12617,-22.09223]]]]}},{"type":"Feature","id":"fr-commune-98822","properties":{"id":"fr-commune-98822","name":"Poindimié","kind":"commune","center":[165.1927,-20.9337],"code":"98822","department":"988"},"bbox":[164.96921,-21.04959,165.41642,-20.81782],"geometry":{"type":"MultiPolygon","coordinates":[[[[165.37084,-20.92088],[165.37048,-20.91989],[165.37149,-20.9195],[165.37212,-20.92011],[165.37196,-20.92112],[165.37084,-20.92088]]],[[[165.28277,-20.8893],[165.28339,-20.88638],[165.28218,-20.8856],[165.2804,-20.88741],[165.2789,-20.88672],[165.27961,-20.88405],[165.28012,-20.88394],[165.28374,-20.88604],[165.28349,-20.88735],[165.28384,-20.88845],[165.28277,-20.8893]]],[[[165.24566,-20.88288],[165.24623,-20.88281],[165.24657,-20.88012],[165.24756,-20.87834],[165.24755,-20.87576],[165.24874,-20.87011],[165.24962,-20.86937],[165.25181,-20.86954],[165.25257,-20.86876],[165.25777,-20.86929],[165.26047,-20.86905],[165.26152,-20.86831],[165.26272,-20.86944],[165.26357,-20.86923],[165.26275,-20.86769],[165.26402,-20.86702],[165.26566,-20.86909],[165.26894,-20.87122],[165.27032,-20.87134],[165.2719,-20.87255],[165.27256,-20.87354],[165.27321,-20.87625],[165.27414,-20.87727],[165.27629,-20.87719],[165.27803,-20.87804],[165.27984,-20.87997],[165.27956,-20.88146],[165.27836,-20.88004],[165.27735,-20.87976],[165.27515,-20.87978],[165.27329,-20.88052],[165.27383,-20.88184],[165.27621,-20.88282],[165.27696,-20.88449],[165.27687,-20.88695],[165.27787,-20.88683],[165.27845,-20.88977],[165.28122,-20.89073],[165.28318,-20.8908],[165.28474,-20.89049],[165.28666,-20.8906],[165.28882,-20.89141],[165.2911,-20.89122],[165.29201,-20.89266],[165.29525,-20.89465],[165.297,-20.89594],[165.29907,-20.89587],[165.29853,-20.89482],[165.29771,-20.89532],[165.29647,-20.8938],[165.29811,-20.89398],[165.29977,-20.89564],[165.30031,-20.89776],[165.29996,-20.90062],[165.29981,-20.90415],[165.30093,-20.90445],[165.30247,-20.9072],[165.30557,-20.90997],[165.30992,-20.91436],[165.31164,-20.91505],[165.31503,-20.91801],[165.3163,-20.92216],[165.31718,-20.92368],[165.3184,-20.92667],[165.3212,-20.92877],[165.32325,-20.92972],[165.32407,-20.93053],[165.32532,-20.93074],[165.32885,-20.93235],[165.32886,-20.93305],[165.33034,-20.93439],[165.33263,-20.9343],[165.33435,-20.93523],[165.3353,-20.93695],[165.33649,-20.93718],[165.33742,-20.93641],[165.33975,-20.93537],[165.34101,-20.93574],[165.34266,-20.93541],[165.34577,-20.93604],[165.34886,-20.93508],[165.35098,-20.93548],[165.35362,-20.93645],[165.35496,-20.93742],[165.3574,-20.9365],[165.35884,-20.93664],[165.36098,-20.93732],[165.36322,-20.93709],[165.364,-20.93655],[165.36711,-20.93651],[165.3712,-20.93551],[165.37265,-20.93476],[165.37539,-20.93484],[165.37761,-20.93579],[165.38076,-20.93591],[165.38772,-20.93588],[165.38934,-20.9361],[165.39151,-20.93689],[165.39322,-20.937],[165.39393,-20.93808],[165.3954,-20.93934],[165.3969,-20.9379],[165.39962,-20.93815],[165.40113,-20.93926],[165.40454,-20.94054],[165.4051,-20.94215],[165.40779,-20.94389],[165.40907,-20.94302],[165.41135,-20.94427],[165.41263,-20.94532],[165.41362,-20.94564],[165.41467,-20.94707],[165.41573,-20.94928],[165.41642,-20.95393],[165.41584,-20.95612],[165.41389,-20.95935],[165.41215,-20.9608],[165.40914,-20.96399],[165.40914,-20.96596],[165.40953,-20.96745],[165.40934,-20.96917],[165.40798,-20.97194],[165.40677,-20.97551],[165.4052,-20.97699],[165.40303,-20.97811],[165.40157,-20.9795],[165.40205,-20.9816],[165.40167,-20.98354],[165.40237,-20.98451],[165.40123,-20.98618],[165.40094,-20.98737],[165.40005,-20.98871],[165.40047,-20.99214],[165.40224,-20.99605],[165.40309,-20.99673],[165.40288,-20.99839],[165.40499,-21.00147],[165.4049,-21.0034],[165.40528,-21.00428],[165.40678,-21.00479],[165.40629,-21.00656],[165.40531,-21.00778],[165.40463,-21.00933],[165.4018,-21.0104],[165.40021,-21.01003],[165.39733,-21.01176],[165.39503,-21.01136],[165.39192,-21.01107],[165.39007,-21.01123],[165.38916,-21.01179],[165.38562,-21.01184],[165.38427,-21.01138],[165.38083,-21.01187],[165.38053,-21.01048],[165.37897,-21.00887],[165.37723,-21.00826],[165.37481,-21.00879],[165.37289,-21.00847],[165.37067,-21.00899],[165.37067,-21.01114],[165.36883,-21.01192],[165.36708,-21.01176],[165.36596,-21.01108],[165.36435,-21.01081],[165.36378,-21.01169],[165.36271,-21.01205],[165.36365,-21.01367],[165.36608,-21.01462],[165.36637,-21.01606],[165.36378,-21.0168],[165.36258,-21.01685],[165.36261,-21.01784],[165.36155,-21.01848],[165.35943,-21.0181],[165.3545,-21.01881],[165.35113,-21.01975],[165.35152,-21.02218],[165.35233,-21.02475],[165.35287,-21.02559],[165.35236,-21.02722],[165.34988,-21.02887],[165.34933,-21.03126],[165.34685,-21.03298],[165.33822,-21.03286],[165.33668,-21.03208],[165.33561,-21.03402],[165.33561,-21.03554],[165.33431,-21.03551],[165.33281,-21.03618],[165.3317,-21.03825],[165.33049,-21.03866],[165.32872,-21.03823],[165.32469,-21.03635],[165.32235,-21.03655],[165.3219,-21.03759],[165.32331,-21.03899],[165.3239,-21.0406],[165.3251,-21.04153],[165.3254,-21.0428],[165.32501,-21.04361],[165.32241,-21.04328],[165.32003,-21.04232],[165.31879,-21.04137],[165.31749,-21.04088],[165.316,-21.04103],[165.31365,-21.04035],[165.31253,-21.04096],[165.3106,-21.04101],[165.3095,-21.04003],[165.30867,-21.04149],[165.3072,-21.04227],[165.30437,-21.04144],[165.30341,-21.04138],[165.30267,-21.0421],[165.30177,-21.04196],[165.30117,-21.03975],[165.3028,-21.0393],[165.29978,-21.03289],[165.29937,-21.03178],[165.29787,-21.0318],[165.29629,-21.02922],[165.29514,-21.02826],[165.29313,-21.0285],[165.29135,-21.02698],[165.28997,-21.02658],[165.28909,-21.02563],[165.28898,-21.02469],[165.28744,-21.02362],[165.28674,-21.02367],[165.28506,-21.02228],[165.28217,-21.02084],[165.27958,-21.02111],[165.27492,-21.02197],[165.27319,-21.02168],[165.27104,-21.02169],[165.2684,-21.02392],[165.26825,-21.02517],[165.26558,-21.02586],[165.26339,-21.02689],[165.26272,-21.02779],[165.26109,-21.02708],[165.25648,-21.02828],[165.25573,-21.02952],[165.25408,-21.03111],[165.25388,-21.03248],[165.25088,-21.03364],[165.24925,-21.03323],[165.24648,-21.03564],[165.24561,-21.03686],[165.24363,-21.03841],[165.24262,-21.04093],[165.23862,-21.04147],[165.23855,-21.04228],[165.23649,-21.04343],[165.23575,-21.0426],[165.2364,-21.04159],[165.23733,-21.03833],[165.23712,-21.03727],[165.23492,-21.03577],[165.23365,-21.03442],[165.23339,-21.03333],[165.23254,-21.03314],[165.2313,-21.03402],[165.22943,-21.03394],[165.22544,-21.03421],[165.22424,-21.03544],[165.22265,-21.03499],[165.22045,-21.03513],[165.21869,-21.03447],[165.21882,-21.03347],[165.2179,-21.03267],[165.21681,-21.03476],[165.21787,-21.03552],[165.21466,-21.03559],[165.21365,-21.03498],[165.212,-21.03586],[165.20962,-21.03649],[165.2076,-21.03755],[165.20598,-21.03789],[165.20249,-21.0374],[165.20146,-21.03772],[165.20024,-21.0366],[165.19632,-21.03552],[165.19373,-21.03605],[165.19188,-21.03579],[165.18958,-21.03585],[165.18844,-21.0377],[165.18724,-21.038],[165.18548,-21.03935],[165.18441,-21.04101],[165.18236,-21.03978],[165.18079,-21.03917],[165.17965,-21.0392],[165.17914,-21.03806],[165.17645,-21.0391],[165.17535,-21.03873],[165.17372,-21.03883],[165.17346,-21.03985],[165.17237,-21.04118],[165.17206,-21.04285],[165.17102,-21.04282],[165.16896,-21.04473],[165.16692,-21.04529],[165.1658,-21.04741],[165.16323,-21.04951],[165.16166,-21.04959],[165.1586,-21.04923],[165.15615,-21.04809],[165.1548,-21.04654],[165.15257,-21.04516],[165.14863,-21.04584],[165.14747,-21.0451],[165.14634,-21.04262],[165.14617,-21.04148],[165.14507,-21.04044],[165.14402,-21.04004],[165.13997,-21.04195],[165.1366,-21.04143],[165.13505,-21.04295],[165.13397,-21.04309],[165.13351,-21.04387],[165.12962,-21.04476],[165.12901,-21.04541],[165.12546,-21.04485],[165.12408,-21.04551],[165.12362,-21.04484],[165.122,-21.04447],[165.12098,-21.04502],[165.11906,-21.04468],[165.11823,-21.04597],[165.11645,-21.04676],[165.11566,-21.04793],[165.11391,-21.04764],[165.11285,-21.04564],[165.11145,-21.04439],[165.10984,-21.04369],[165.10855,-21.04201],[165.10739,-21.04121],[165.10669,-21.04147],[165.10616,-21.04014],[165.10494,-21.04009],[165.10353,-21.03918],[165.10311,-21.03839],[165.10138,-21.03687],[165.10013,-21.03666],[165.09785,-21.03465],[165.0969,-21.03349],[165.09333,-21.03395],[165.09199,-21.03459],[165.0891,-21.03703],[165.08724,-21.03618],[165.08595,-21.03621],[165.08481,-21.03569],[165.08414,-21.03614],[165.08046,-21.03636],[165.07879,-21.03488],[165.07802,-21.03347],[165.08004,-21.03294],[165.08025,-21.03134],[165.0829,-21.02943],[165.08338,-21.02817],[165.0845,-21.02706],[165.08584,-21.02425],[165.08739,-21.0236],[165.0889,-21.022],[165.08927,-21.02081],[165.0885,-21.01884],[165.08929,-21.0142],[165.09034,-21.01239],[165.09102,-21.01181],[165.08963,-21.00937],[165.08873,-21.00822],[165.08913,-21.00584],[165.0898,-21.00512],[165.08969,-21.00323],[165.0893,-21.00208],[165.08966,-21.00009],[165.08893,-20.99827],[165.08661,-20.99569],[165.0872,-20.99314],[165.08714,-20.99202],[165.08493,-20.99092],[165.08392,-20.98999],[165.08264,-20.98949],[165.08109,-20.98949],[165.07811,-20.98867],[165.07788,-20.98758],[165.07656,-20.98607],[165.076,-20.98428],[165.07401,-20.98316],[165.0731,-20.98181],[165.07087,-20.98169],[165.06978,-20.98101],[165.0689,-20.98175],[165.06647,-20.9814],[165.06522,-20.9826],[165.06242,-20.98228],[165.06159,-20.98336],[165.06084,-20.98241],[165.0597,-20.98185],[165.05721,-20.98234],[165.05575,-20.98226],[165.05488,-20.98283],[165.05222,-20.98211],[165.05073,-20.98256],[165.04739,-20.98259],[165.04666,-20.98311],[165.04456,-20.98265],[165.04304,-20.9819],[165.04179,-20.98264],[165.04003,-20.98215],[165.0377,-20.98067],[165.03657,-20.98053],[165.0347,-20.98209],[165.03341,-20.98155],[165.03181,-20.98231],[165.03004,-20.98385],[165.02756,-20.98356],[165.02677,-20.98428],[165.02472,-20.98456],[165.02387,-20.9843],[165.02258,-20.98483],[165.02124,-20.98654],[165.02002,-20.98763],[165.01886,-20.98776],[165.01871,-20.9869],[165.01595,-20.98665],[165.01443,-20.98675],[165.0135,-20.98792],[165.01253,-20.98827],[165.00962,-20.98826],[165.00839,-20.98847],[165.00711,-20.9873],[165.00758,-20.98495],[165.00634,-20.98353],[165.00734,-20.98255],[165.00618,-20.98045],[165.00717,-20.97856],[165.00752,-20.97715],[165.00629,-20.97523],[165.00577,-20.97312],[165.00631,-20.97285],[165.00625,-20.96889],[165.00511,-20.96676],[165.0063,-20.96535],[165.00564,-20.96354],[165.00587,-20.96254],[165.00428,-20.96211],[165.00038,-20.96328],[164.99867,-20.96282],[164.99595,-20.96137],[164.99406,-20.96107],[164.99312,-20.96039],[164.99163,-20.9603],[164.98988,-20.95894],[164.98563,-20.95809],[164.98298,-20.95687],[164.98118,-20.95641],[164.97975,-20.95568],[164.97788,-20.95543],[164.97636,-20.95278],[164.97606,-20.9502],[164.97602,-20.9477],[164.97466,-20.9467],[164.97468,-20.94581],[164.97345,-20.94386],[164.97377,-20.94297],[164.97319,-20.9416],[164.97341,-20.94081],[164.97213,-20.93964],[164.97111,-20.93773],[164.97107,-20.93686],[164.97194,-20.93389],[164.97078,-20.93139],[164.96928,-20.92944],[164.96921,-20.92841],[164.97028,-20.92681],[164.9704,-20.92586],[164.9696,-20.92381],[164.9721,-20.92027],[164.9724,-20.91883],[164.97344,-20.91797],[164.97455,-20.91626],[164.97364,-20.91157],[164.97489,-20.91008],[164.97482,-20.90855],[164.97516,-20.90696],[164.97665,-20.90583],[164.97726,-20.90452],[164.97821,-20.90367],[164.9805,-20.90387],[164.98309,-20.90299],[164.98519,-20.90281],[164.98644,-20.90307],[164.98814,-20.90264],[164.9885,-20.90181],[164.99039,-20.9014],[164.99182,-20.90156],[164.99386,-20.90127],[164.99547,-20.90024],[164.99875,-20.90104],[165.00191,-20.89994],[165.00185,-20.89876],[164.9997,-20.89721],[164.9986,-20.89531],[164.99901,-20.89234],[164.99957,-20.89121],[165.00154,-20.88973],[165.00146,-20.88867],[165.0003,-20.88758],[165.00083,-20.88587],[165.00064,-20.88325],[165.00119,-20.88219],[165.00197,-20.88215],[165.00342,-20.87931],[165.00267,-20.87778],[165.00425,-20.87425],[165.00385,-20.87363],[165.00104,-20.87342],[165.0001,-20.87157],[164.99872,-20.87052],[164.99894,-20.86766],[165.0007,-20.86527],[165.00029,-20.86466],[165.00004,-20.86219],[164.99833,-20.86088],[164.9983,-20.85987],[164.99757,-20.85904],[164.99706,-20.85611],[164.99573,-20.85383],[164.99497,-20.85347],[164.99529,-20.8508],[164.99458,-20.84937],[164.99306,-20.84834],[164.99358,-20.8473],[164.99563,-20.84488],[164.99566,-20.84351],[164.99486,-20.84171],[164.99308,-20.83946],[164.9936,-20.83816],[164.99652,-20.83693],[164.99784,-20.83513],[164.99926,-20.8346],[165.00145,-20.83486],[165.00212,-20.83421],[165.00431,-20.83408],[165.00533,-20.83272],[165.00637,-20.83198],[165.00797,-20.83235],[165.0111,-20.83211],[165.01407,-20.8314],[165.0153,-20.83075],[165.01646,-20.83092],[165.01852,-20.83041],[165.01922,-20.82969],[165.02063,-20.8295],[165.02539,-20.83133],[165.02712,-20.83077],[165.02844,-20.83076],[165.02935,-20.82999],[165.03144,-20.82925],[165.03307,-20.82943],[165.03477,-20.82857],[165.03559,-20.82867],[165.03814,-20.82684],[165.03884,-20.82484],[165.03958,-20.82503],[165.04142,-20.82275],[165.04348,-20.82151],[165.04565,-20.81782],[165.04869,-20.81903],[165.05072,-20.81874],[165.05145,-20.81932],[165.05327,-20.81932],[165.05429,-20.82115],[165.05622,-20.82194],[165.05663,-20.82325],[165.05748,-20.82424],[165.05887,-20.82478],[165.0615,-20.82495],[165.06274,-20.82597],[165.06393,-20.82622],[165.06605,-20.82831],[165.06779,-20.82814],[165.06949,-20.82837],[165.07086,-20.82748],[165.07341,-20.82731],[165.07627,-20.82765],[165.07884,-20.82881],[165.08147,-20.82933],[165.08324,-20.83012],[165.08482,-20.83132],[165.08584,-20.83163],[165.08684,-20.83292],[165.08795,-20.83318],[165.08908,-20.83428],[165.09199,-20.8346],[165.0935,-20.83573],[165.09516,-20.83531],[165.09576,-20.83572],[165.09836,-20.83565],[165.1016,-20.83486],[165.10271,-20.83528],[165.10352,-20.83486],[165.11029,-20.83445],[165.11254,-20.83542],[165.11222,-20.83722],[165.11352,-20.83884],[165.11326,-20.84064],[165.11414,-20.84233],[165.11623,-20.84395],[165.11589,-20.84472],[165.11628,-20.84643],[165.11623,-20.84848],[165.1157,-20.85162],[165.11825,-20.85393],[165.11896,-20.85534],[165.11818,-20.85681],[165.11849,-20.85756],[165.1183,-20.85964],[165.11765,-20.86053],[165.11771,-20.86244],[165.11571,-20.8646],[165.11521,-20.8661],[165.11611,-20.86738],[165.11694,-20.86928],[165.11832,-20.87008],[165.12001,-20.87167],[165.1209,-20.8734],[165.12198,-20.8742],[165.12296,-20.87712],[165.12428,-20.87794],[165.1263,-20.87841],[165.12757,-20.87901],[165.13027,-20.87951],[165.13269,-20.87922],[165.13547,-20.87934],[165.13866,-20.88063],[165.14048,-20.88073],[165.14417,-20.88019],[165.14472,-20.87963],[165.14634,-20.87932],[165.14758,-20.87967],[165.14829,-20.87921],[165.1516,-20.87943],[165.1545,-20.88076],[165.15482,-20.88239],[165.15468,-20.88386],[165.15623,-20.88763],[165.15718,-20.88919],[165.15964,-20.88918],[165.16021,-20.88817],[165.1632,-20.88604],[165.16467,-20.88547],[165.16556,-20.88564],[165.16876,-20.88525],[165.17182,-20.88578],[165.17195,-20.88656],[165.17085,-20.88767],[165.16988,-20.8894],[165.16917,-20.89146],[165.16918,-20.893],[165.16722,-20.89461],[165.16626,-20.8948],[165.16352,-20.89735],[165.15997,-20.89775],[165.15938,-20.89885],[165.15965,-20.89973],[165.15937,-20.90134],[165.15716,-20.90168],[165.15483,-20.90086],[165.15268,-20.9026],[165.15073,-20.90227],[165.1492,-20.90401],[165.14681,-20.90537],[165.14439,-20.90455],[165.14381,-20.90643],[165.14651,-20.90952],[165.14807,-20.91055],[165.14774,-20.91441],[165.14847,-20.91565],[165.14846,-20.91695],[165.14954,-20.91736],[165.15053,-20.917],[165.1529,-20.91751],[165.15331,-20.91599],[165.15578,-20.91544],[165.15724,-20.91467],[165.15766,-20.91307],[165.15887,-20.91373],[165.16195,-20.91216],[165.16293,-20.91112],[165.16394,-20.91092],[165.16466,-20.9125],[165.17579,-20.90357],[165.19242,-20.89629],[165.19557,-20.898],[165.20226,-20.9022],[165.21129,-20.91352],[165.21589,-20.91564],[165.21616,-20.91375],[165.21699,-20.91306],[165.2191,-20.9121],[165.2196,-20.9105],[165.22209,-20.90859],[165.22224,-20.90753],[165.22325,-20.90678],[165.22361,-20.90484],[165.22468,-20.90349],[165.2246,-20.90205],[165.22383,-20.89819],[165.22425,-20.89651],[165.22102,-20.89365],[165.22179,-20.89199],[165.22282,-20.89099],[165.22533,-20.89049],[165.22761,-20.89135],[165.22971,-20.89364],[165.23102,-20.89365],[165.23288,-20.89249],[165.24006,-20.88984],[165.24241,-20.88963],[165.24323,-20.89083],[165.24506,-20.89164],[165.24682,-20.89129],[165.2476,-20.89029],[165.24683,-20.88823],[165.24586,-20.88469],[165.24566,-20.88288]]]]}},{"type":"Feature","id":"fr-commune-98823","properties":{"id":"fr-commune-98823","name":"Ponérihouen","kind":"commune","center":[165.3366,-21.1297],"code":"98823","department":"988"},"bbox":[165.12501,-21.24699,165.54841,-21.01245],"geometry":{"type":"MultiPolygon","coordinates":[[[[165.48759,-21.14389],[165.48883,-21.14275],[165.48945,-21.14355],[165.48835,-21.14416],[165.48759,-21.14389]]],[[[165.49456,-21.13026],[165.49541,-21.13168],[165.49552,-21.13303],[165.49323,-21.13294],[165.49068,-21.13123],[165.49057,-21.1322],[165.49293,-21.13316],[165.49329,-21.13408],[165.49067,-21.13407],[165.4896,-21.1345],[165.48816,-21.13578],[165.48772,-21.13663],[165.48673,-21.13637],[165.48522,-21.1343],[165.48467,-21.13209],[165.4853,-21.13133],[165.48744,-21.12973],[165.48848,-21.12864],[165.48958,-21.12812],[165.49048,-21.12706],[165.49218,-21.12725],[165.49312,-21.12894],[165.49456,-21.13026]]],[[[165.54841,-21.13917],[165.54478,-21.13759],[165.54356,-21.13731],[165.54002,-21.13817],[165.53843,-21.13961],[165.53703,-21.142],[165.53475,-21.14291],[165.5345,-21.14368],[165.53323,-21.14345],[165.53153,-21.14244],[165.52913,-21.14279],[165.52811,-21.14259],[165.52591,-21.14322],[165.52608,-21.14372],[165.52326,-21.14481],[165.52218,-21.14618],[165.52064,-21.14665],[165.52025,-21.14791],[165.52071,-21.14965],[165.52044,-21.15047],[165.51818,-21.15263],[165.51825,-21.15426],[165.51758,-21.15427],[165.51668,-21.15564],[165.51655,-21.15695],[165.51751,-21.15838],[165.51747,-21.15983],[165.51836,-21.16063],[165.51941,-21.16081],[165.52129,-21.16246],[165.52092,-21.16587],[165.52128,-21.16712],[165.5228,-21.16806],[165.52128,-21.16979],[165.52132,-21.17168],[165.51997,-21.1715],[165.51745,-21.17203],[165.51658,-21.17314],[165.51682,-21.17377],[165.51556,-21.1747],[165.51507,-21.17572],[165.51401,-21.1757],[165.51316,-21.1766],[165.51218,-21.17839],[165.51235,-21.17976],[165.51155,-21.18127],[165.51145,-21.18292],[165.51022,-21.18614],[165.50811,-21.18691],[165.50531,-21.18697],[165.50381,-21.1865],[165.5017,-21.18532],[165.49848,-21.18384],[165.49769,-21.18549],[165.49838,-21.18715],[165.49775,-21.18872],[165.49628,-21.18933],[165.49332,-21.18891],[165.49247,-21.18949],[165.49216,-21.19053],[165.49269,-21.19177],[165.49221,-21.19322],[165.48991,-21.1929],[165.48472,-21.19119],[165.48225,-21.19112],[165.48281,-21.19291],[165.48217,-21.19377],[165.48151,-21.19569],[165.48157,-21.19717],[165.48005,-21.19757],[165.48278,-21.20072],[165.48229,-21.2024],[165.48357,-21.20562],[165.48274,-21.20686],[165.48276,-21.20785],[165.48142,-21.20864],[165.47984,-21.20873],[165.47825,-21.20963],[165.47701,-21.21116],[165.47449,-21.21079],[165.47387,-21.21096],[165.47274,-21.21309],[165.47081,-21.21511],[165.47209,-21.21567],[165.47333,-21.21721],[165.47634,-21.22041],[165.47706,-21.22044],[165.47847,-21.22219],[165.47974,-21.22315],[165.48081,-21.22482],[165.4831,-21.22685],[165.48185,-21.22968],[165.48129,-21.23024],[165.47955,-21.23501],[165.47589,-21.23828],[165.4743,-21.23844],[165.47203,-21.23909],[165.47093,-21.23839],[165.46989,-21.23873],[165.46869,-21.24089],[165.46679,-21.24173],[165.46517,-21.24158],[165.46129,-21.24347],[165.46064,-21.24305],[165.45733,-21.24297],[165.45574,-21.24245],[165.45414,-21.24275],[165.45268,-21.24148],[165.45166,-21.24112],[165.44915,-21.2394],[165.44778,-21.2393],[165.44661,-21.23813],[165.44517,-21.23755],[165.44425,-21.23823],[165.44083,-21.23955],[165.43913,-21.24117],[165.43805,-21.24157],[165.43778,-21.24258],[165.43493,-21.24466],[165.43437,-21.24699],[165.43147,-21.24622],[165.43044,-21.24692],[165.42829,-21.24635],[165.42457,-21.24471],[165.42259,-21.24417],[165.42079,-21.24323],[165.41663,-21.24357],[165.41473,-21.24507],[165.41337,-21.24492],[165.40895,-21.24275],[165.40758,-21.24121],[165.40614,-21.24022],[165.4041,-21.24],[165.40279,-21.24079],[165.39857,-21.23842],[165.39583,-21.23781],[165.39462,-21.23618],[165.39497,-21.23489],[165.39421,-21.2325],[165.39274,-21.2303],[165.39137,-21.22917],[165.39011,-21.22865],[165.38886,-21.22704],[165.3873,-21.22599],[165.38589,-21.22566],[165.3838,-21.22462],[165.3814,-21.22416],[165.37847,-21.22224],[165.37727,-21.2229],[165.37518,-21.22229],[165.37232,-21.22108],[165.37125,-21.22153],[165.36783,-21.22197],[165.36535,-21.2231],[165.36442,-21.22475],[165.36345,-21.22531],[165.36312,-21.22727],[165.36186,-21.22643],[165.36033,-21.22613],[165.3581,-21.22641],[165.35773,-21.22524],[165.35558,-21.22415],[165.35408,-21.22394],[165.35352,-21.22312],[165.351,-21.22153],[165.34985,-21.21978],[165.3481,-21.21898],[165.34736,-21.21789],[165.34375,-21.21768],[165.3425,-21.21718],[165.3408,-21.21717],[165.33916,-21.2176],[165.33848,-21.21913],[165.33697,-21.2197],[165.33551,-21.22122],[165.33397,-21.22091],[165.33181,-21.22168],[165.32904,-21.22186],[165.32492,-21.22241],[165.32401,-21.22326],[165.32317,-21.22063],[165.32182,-21.21977],[165.32089,-21.21776],[165.31935,-21.21674],[165.31788,-21.2165],[165.31629,-21.21301],[165.31391,-21.21165],[165.31214,-21.21012],[165.31081,-21.21001],[165.30821,-21.20883],[165.30777,-21.208],[165.30623,-21.20717],[165.30626,-21.20659],[165.304,-21.20571],[165.30398,-21.2036],[165.3022,-21.201],[165.30251,-21.20007],[165.30217,-21.19836],[165.30091,-21.19705],[165.30067,-21.19625],[165.29947,-21.19542],[165.29915,-21.19436],[165.30018,-21.19341],[165.29994,-21.19077],[165.29907,-21.18947],[165.29917,-21.18876],[165.29808,-21.18681],[165.29635,-21.18594],[165.29556,-21.18474],[165.29549,-21.18356],[165.29333,-21.1835],[165.29224,-21.18279],[165.29045,-21.18286],[165.28873,-21.18224],[165.28446,-21.17797],[165.28326,-21.17806],[165.28122,-21.17671],[165.27913,-21.17751],[165.27856,-21.17874],[165.27666,-21.17846],[165.276,-21.17895],[165.27268,-21.17892],[165.27192,-21.17911],[165.26959,-21.17765],[165.26775,-21.17685],[165.26699,-21.176],[165.26488,-21.17664],[165.26265,-21.17643],[165.2613,-21.17537],[165.26121,-21.17443],[165.25741,-21.17208],[165.25689,-21.17264],[165.25613,-21.1748],[165.25547,-21.17786],[165.25616,-21.18059],[165.25591,-21.18148],[165.25454,-21.18245],[165.2528,-21.18319],[165.25054,-21.18457],[165.24896,-21.18623],[165.24897,-21.18744],[165.24953,-21.18911],[165.24924,-21.19213],[165.24715,-21.19143],[165.24576,-21.19041],[165.24288,-21.18918],[165.24089,-21.19012],[165.24012,-21.18992],[165.23707,-21.1908],[165.23589,-21.19088],[165.23456,-21.19248],[165.23261,-21.19317],[165.23066,-21.19538],[165.23082,-21.19655],[165.23296,-21.19906],[165.23301,-21.20061],[165.23255,-21.20231],[165.23315,-21.2035],[165.23236,-21.20464],[165.23292,-21.20599],[165.23272,-21.20936],[165.23213,-21.21128],[165.23083,-21.2133],[165.22887,-21.21193],[165.2265,-21.21276],[165.22354,-21.21082],[165.22209,-21.20902],[165.22052,-21.20752],[165.21938,-21.20743],[165.21795,-21.2063],[165.2169,-21.20597],[165.21526,-21.20391],[165.21393,-21.20273],[165.2113,-21.20408],[165.20843,-21.20312],[165.20717,-21.20433],[165.20591,-21.20451],[165.20527,-21.20515],[165.20282,-21.20424],[165.20198,-21.20235],[165.19998,-21.20272],[165.19756,-21.20115],[165.19707,-21.19927],[165.19597,-21.19877],[165.19509,-21.20039],[165.19396,-21.20086],[165.19182,-21.20087],[165.19061,-21.20165],[165.18958,-21.20418],[165.18819,-21.20408],[165.18692,-21.20523],[165.18408,-21.20465],[165.18317,-21.20555],[165.18333,-21.2072],[165.18119,-21.20956],[165.18006,-21.21025],[165.17888,-21.21185],[165.17846,-21.21321],[165.17763,-21.21424],[165.17744,-21.21569],[165.17651,-21.21648],[165.17462,-21.21618],[165.17415,-21.2168],[165.17133,-21.218],[165.16986,-21.21925],[165.1687,-21.2238],[165.16984,-21.22352],[165.16981,-21.22465],[165.16892,-21.2259],[165.16746,-21.22577],[165.16571,-21.22628],[165.16467,-21.22717],[165.15832,-21.22766],[165.15763,-21.22706],[165.15589,-21.22783],[165.15604,-21.22934],[165.15435,-21.22834],[165.15215,-21.22862],[165.15132,-21.22731],[165.14792,-21.23082],[165.14648,-21.23054],[165.14473,-21.23081],[165.14396,-21.23042],[165.14359,-21.22903],[165.1425,-21.22865],[165.14205,-21.22675],[165.14302,-21.22577],[165.14291,-21.22326],[165.14192,-21.22198],[165.14087,-21.22179],[165.14027,-21.22079],[165.13769,-21.21898],[165.13778,-21.21769],[165.13671,-21.21749],[165.13687,-21.21615],[165.13765,-21.2147],[165.13773,-21.21289],[165.13667,-21.21209],[165.13665,-21.21107],[165.13786,-21.20999],[165.13912,-21.20813],[165.13857,-21.2037],[165.13973,-21.20058],[165.14026,-21.19977],[165.14231,-21.19794],[165.14264,-21.19713],[165.14262,-21.19356],[165.14318,-21.19306],[165.14293,-21.1906],[165.14097,-21.19051],[165.13944,-21.1893],[165.13928,-21.18804],[165.13847,-21.18641],[165.13874,-21.18473],[165.1401,-21.18198],[165.13979,-21.18073],[165.13809,-21.18052],[165.13696,-21.17837],[165.1372,-21.17778],[165.13592,-21.17612],[165.13453,-21.17562],[165.13415,-21.17434],[165.13492,-21.17303],[165.13336,-21.17118],[165.13327,-21.1705],[165.13544,-21.16684],[165.13633,-21.16649],[165.13726,-21.16505],[165.13508,-21.163],[165.13411,-21.16069],[165.13266,-21.1596],[165.13138,-21.15945],[165.13086,-21.15866],[165.12926,-21.15818],[165.12805,-21.15873],[165.12556,-21.15792],[165.12501,-21.15699],[165.12615,-21.15655],[165.12767,-21.15492],[165.12846,-21.15468],[165.12853,-21.15338],[165.12919,-21.15158],[165.12995,-21.15107],[165.13229,-21.15106],[165.13411,-21.14906],[165.13545,-21.14697],[165.13777,-21.14552],[165.13981,-21.14485],[165.14061,-21.14491],[165.13982,-21.141],[165.13876,-21.13696],[165.13717,-21.13621],[165.13695,-21.13384],[165.13723,-21.13172],[165.13651,-21.12754],[165.13597,-21.12609],[165.13483,-21.12519],[165.13318,-21.12472],[165.13259,-21.12356],[165.13264,-21.12208],[165.13354,-21.12119],[165.13359,-21.11889],[165.13304,-21.11869],[165.13238,-21.11645],[165.13282,-21.11561],[165.13125,-21.11461],[165.13032,-21.11317],[165.1307,-21.10975],[165.1314,-21.10938],[165.13178,-21.10751],[165.13256,-21.10689],[165.13256,-21.10561],[165.13199,-21.10455],[165.13226,-21.10128],[165.13211,-21.09964],[165.13282,-21.09715],[165.13642,-21.09621],[165.13876,-21.09609],[165.13898,-21.09427],[165.14033,-21.09201],[165.14012,-21.09059],[165.13932,-21.08801],[165.13826,-21.08633],[165.13877,-21.08408],[165.13836,-21.08324],[165.13926,-21.08222],[165.1394,-21.08047],[165.14046,-21.07782],[165.14145,-21.07701],[165.14134,-21.07563],[165.14073,-21.07526],[165.1402,-21.07375],[165.14143,-21.07087],[165.1411,-21.0689],[165.14145,-21.06538],[165.1426,-21.06413],[165.14277,-21.06304],[165.14418,-21.06095],[165.14504,-21.06067],[165.1451,-21.05929],[165.14469,-21.05803],[165.14593,-21.05459],[165.14644,-21.05239],[165.14793,-21.05169],[165.14932,-21.04921],[165.14949,-21.04824],[165.14863,-21.04584],[165.15257,-21.04516],[165.1548,-21.04654],[165.15615,-21.04809],[165.1586,-21.04923],[165.16166,-21.04959],[165.16323,-21.04951],[165.1658,-21.04741],[165.16692,-21.04529],[165.16896,-21.04473],[165.17102,-21.04282],[165.17206,-21.04285],[165.17237,-21.04118],[165.17346,-21.03985],[165.17372,-21.03883],[165.17535,-21.03873],[165.17645,-21.0391],[165.17914,-21.03806],[165.17965,-21.0392],[165.18079,-21.03917],[165.18236,-21.03978],[165.18441,-21.04101],[165.18548,-21.03935],[165.18724,-21.038],[165.18844,-21.0377],[165.18958,-21.03585],[165.19188,-21.03579],[165.19373,-21.03605],[165.19632,-21.03552],[165.20024,-21.0366],[165.20146,-21.03772],[165.20249,-21.0374],[165.20598,-21.03789],[165.2076,-21.03755],[165.20962,-21.03649],[165.212,-21.03586],[165.21365,-21.03498],[165.21466,-21.03559],[165.21787,-21.03552],[165.21681,-21.03476],[165.2179,-21.03267],[165.21882,-21.03347],[165.21869,-21.03447],[165.22045,-21.03513],[165.22265,-21.03499],[165.22424,-21.03544],[165.22544,-21.03421],[165.22943,-21.03394],[165.2313,-21.03402],[165.23254,-21.03314],[165.23339,-21.03333],[165.23365,-21.03442],[165.23492,-21.03577],[165.23712,-21.03727],[165.23733,-21.03833],[165.2364,-21.04159],[165.23575,-21.0426],[165.23649,-21.04343],[165.23855,-21.04228],[165.23862,-21.04147],[165.24262,-21.04093],[165.24363,-21.03841],[165.24561,-21.03686],[165.24648,-21.03564],[165.24925,-21.03323],[165.25088,-21.03364],[165.25388,-21.03248],[165.25408,-21.03111],[165.25573,-21.02952],[165.25648,-21.02828],[165.26109,-21.02708],[165.26272,-21.02779],[165.26339,-21.02689],[165.26558,-21.02586],[165.26825,-21.02517],[165.2684,-21.02392],[165.27104,-21.02169],[165.27319,-21.02168],[165.27492,-21.02197],[165.27958,-21.02111],[165.28217,-21.02084],[165.28506,-21.02228],[165.28674,-21.02367],[165.28744,-21.02362],[165.28898,-21.02469],[165.28909,-21.02563],[165.28997,-21.02658],[165.29135,-21.02698],[165.29313,-21.0285],[165.29514,-21.02826],[165.29629,-21.02922],[165.29787,-21.0318],[165.29937,-21.03178],[165.29978,-21.03289],[165.3028,-21.0393],[165.30117,-21.03975],[165.30177,-21.04196],[165.30267,-21.0421],[165.30341,-21.04138],[165.30437,-21.04144],[165.3072,-21.04227],[165.30867,-21.04149],[165.3095,-21.04003],[165.3106,-21.04101],[165.31253,-21.04096],[165.31365,-21.04035],[165.316,-21.04103],[165.31749,-21.04088],[165.31879,-21.04137],[165.32003,-21.04232],[165.32241,-21.04328],[165.32501,-21.04361],[165.3254,-21.0428],[165.3251,-21.04153],[165.3239,-21.0406],[165.32331,-21.03899],[165.3219,-21.03759],[165.32235,-21.03655],[165.32469,-21.03635],[165.32872,-21.03823],[165.33049,-21.03866],[165.3317,-21.03825],[165.33281,-21.03618],[165.33431,-21.03551],[165.33561,-21.03554],[165.33561,-21.03402],[165.33668,-21.03208],[165.33822,-21.03286],[165.34685,-21.03298],[165.34933,-21.03126],[165.34988,-21.02887],[165.35236,-21.02722],[165.35287,-21.02559],[165.35233,-21.02475],[165.35152,-21.02218],[165.35113,-21.01975],[165.3545,-21.01881],[165.35943,-21.0181],[165.36155,-21.01848],[165.36261,-21.01784],[165.36263,-21.01882],[165.36382,-21.01925],[165.36444,-21.02099],[165.36715,-21.02087],[165.36885,-21.02046],[165.36973,-21.01963],[165.37018,-21.01841],[165.37137,-21.01757],[165.3711,-21.01682],[165.37361,-21.01614],[165.37536,-21.01512],[165.37798,-21.01303],[165.37956,-21.01293],[165.38061,-21.01426],[165.38319,-21.0158],[165.38274,-21.01648],[165.38405,-21.01781],[165.38463,-21.01947],[165.38379,-21.02059],[165.38238,-21.02177],[165.38083,-21.02164],[165.38083,-21.02253],[165.38212,-21.02399],[165.38388,-21.02258],[165.3855,-21.0209],[165.3866,-21.01892],[165.38665,-21.01793],[165.38555,-21.01688],[165.38524,-21.01532],[165.38729,-21.0156],[165.38904,-21.01515],[165.39042,-21.01531],[165.39215,-21.01507],[165.39404,-21.01429],[165.39452,-21.01332],[165.39619,-21.01245],[165.3968,-21.01284],[165.39646,-21.01726],[165.39668,-21.01914],[165.39721,-21.02062],[165.39899,-21.02253],[165.40052,-21.02237],[165.40174,-21.02348],[165.4026,-21.02491],[165.40287,-21.02765],[165.40445,-21.03038],[165.40446,-21.03129],[165.40374,-21.03271],[165.4034,-21.0351],[165.40392,-21.03947],[165.40356,-21.04311],[165.40411,-21.0473],[165.40511,-21.05199],[165.40526,-21.05361],[165.40619,-21.05682],[165.40762,-21.05947],[165.4071,-21.06076],[165.40839,-21.06075],[165.41089,-21.06146],[165.41276,-21.06165],[165.41426,-21.06302],[165.41476,-21.06434],[165.41617,-21.06589],[165.4165,-21.06688],[165.41761,-21.06747],[165.41764,-21.06846],[165.41859,-21.06909],[165.41829,-21.07004],[165.41894,-21.07342],[165.41989,-21.07474],[165.42217,-21.07652],[165.42404,-21.07733],[165.42625,-21.08011],[165.42839,-21.08171],[165.4303,-21.08262],[165.43308,-21.0851],[165.43421,-21.0854],[165.43578,-21.08645],[165.43871,-21.08943],[165.43854,-21.09091],[165.43665,-21.0915],[165.43511,-21.09237],[165.43183,-21.09333],[165.43222,-21.09406],[165.43829,-21.0924],[165.4397,-21.09285],[165.4419,-21.09406],[165.44326,-21.09385],[165.44447,-21.09475],[165.44562,-21.09744],[165.4494,-21.10211],[165.45176,-21.10211],[165.45403,-21.10308],[165.45564,-21.10346],[165.45923,-21.10498],[165.46145,-21.10471],[165.46259,-21.10495],[165.4664,-21.10714],[165.46844,-21.10748],[165.46987,-21.10824],[165.47253,-21.10868],[165.47473,-21.10993],[165.47634,-21.11028],[165.47823,-21.11121],[165.47949,-21.11107],[165.48183,-21.11329],[165.48354,-21.11604],[165.48431,-21.11678],[165.48536,-21.11905],[165.48678,-21.12133],[165.48771,-21.12343],[165.49024,-21.12561],[165.4877,-21.12706],[165.48627,-21.12966],[165.48434,-21.13152],[165.48405,-21.13334],[165.48443,-21.13504],[165.48535,-21.1373],[165.48677,-21.13886],[165.48685,-21.14014],[165.48748,-21.14038],[165.48818,-21.14268],[165.48649,-21.14398],[165.48585,-21.14504],[165.48277,-21.14602],[165.48503,-21.14633],[165.48531,-21.14734],[165.48617,-21.1477],[165.48689,-21.14678],[165.48655,-21.145],[165.48967,-21.144],[165.49011,-21.14314],[165.49224,-21.14412],[165.49261,-21.14345],[165.491,-21.14293],[165.48925,-21.14097],[165.48854,-21.13886],[165.48869,-21.13699],[165.48922,-21.13618],[165.49099,-21.13533],[165.49215,-21.13575],[165.4904,-21.13709],[165.4917,-21.13795],[165.49077,-21.14032],[165.49151,-21.14021],[165.49219,-21.13704],[165.4931,-21.13577],[165.49783,-21.13553],[165.49798,-21.13416],[165.5006,-21.13521],[165.50287,-21.13549],[165.50576,-21.13475],[165.50685,-21.13369],[165.50936,-21.13238],[165.51155,-21.13193],[165.51272,-21.13263],[165.51491,-21.13294],[165.51608,-21.13274],[165.51833,-21.13145],[165.51946,-21.13186],[165.52118,-21.13185],[165.52355,-21.13142],[165.52459,-21.13066],[165.52662,-21.13027],[165.52777,-21.1314],[165.53038,-21.13259],[165.53424,-21.13258],[165.53665,-21.13291],[165.53809,-21.1341],[165.53921,-21.13437],[165.5401,-21.13544],[165.54268,-21.13663],[165.54695,-21.13765],[165.54841,-21.13917]]]]}},{"type":"Feature","id":"fr-commune-98824","properties":{"id":"fr-commune-98824","name":"Pouébo","kind":"commune","center":[164.5946,-20.4103],"code":"98824","department":"988"},"bbox":[164.41347,-20.54722,164.77582,-20.27333],"geometry":{"type":"MultiPolygon","coordinates":[[[[164.64349,-20.42409],[164.64498,-20.42392],[164.64669,-20.42454],[164.64774,-20.4253],[164.64806,-20.42629],[164.64543,-20.42605],[164.64471,-20.42477],[164.64349,-20.42409]]],[[[164.60113,-20.40695],[164.60172,-20.40654],[164.60311,-20.40744],[164.60195,-20.40798],[164.60113,-20.40695]]],[[[164.77582,-20.52364],[164.7737,-20.52441],[164.77255,-20.5255],[164.77172,-20.52738],[164.76952,-20.52999],[164.76931,-20.53138],[164.76503,-20.53276],[164.76287,-20.53466],[164.76121,-20.53679],[164.76034,-20.53837],[164.75977,-20.54046],[164.7588,-20.54212],[164.75777,-20.54486],[164.75629,-20.5457],[164.75536,-20.54673],[164.75422,-20.54722],[164.75318,-20.54627],[164.75286,-20.54432],[164.75087,-20.54287],[164.74964,-20.54127],[164.74662,-20.53977],[164.74403,-20.53787],[164.74321,-20.53675],[164.74208,-20.53687],[164.73987,-20.53493],[164.73923,-20.53303],[164.73775,-20.53138],[164.73702,-20.53158],[164.7358,-20.53062],[164.73455,-20.53054],[164.73116,-20.53138],[164.73083,-20.53107],[164.73079,-20.5289],[164.73019,-20.52753],[164.7277,-20.5243],[164.72777,-20.52303],[164.7248,-20.5208],[164.72468,-20.51972],[164.72051,-20.51825],[164.72029,-20.51757],[164.71889,-20.51696],[164.71697,-20.51665],[164.71617,-20.51584],[164.71349,-20.51524],[164.7121,-20.51467],[164.70843,-20.51503],[164.70761,-20.51472],[164.70246,-20.51362],[164.70222,-20.51136],[164.69926,-20.5091],[164.69581,-20.50703],[164.69545,-20.50679],[164.69427,-20.50333],[164.6927,-20.50063],[164.69104,-20.50019],[164.68555,-20.49696],[164.68331,-20.49638],[164.68166,-20.49526],[164.6801,-20.493],[164.68102,-20.49246],[164.68121,-20.49143],[164.68016,-20.48991],[164.67816,-20.48844],[164.67542,-20.4857],[164.67244,-20.4845],[164.67124,-20.48421],[164.66875,-20.48247],[164.6637,-20.48169],[164.66324,-20.4822],[164.66145,-20.48238],[164.65827,-20.48086],[164.6563,-20.48074],[164.65461,-20.4798],[164.65213,-20.47997],[164.64847,-20.47973],[164.64475,-20.47841],[164.64327,-20.47837],[164.64115,-20.47682],[164.64012,-20.4766],[164.63852,-20.47544],[164.63687,-20.4748],[164.6351,-20.47277],[164.63378,-20.4729],[164.63222,-20.47252],[164.62921,-20.47289],[164.62779,-20.4725],[164.62606,-20.47131],[164.62567,-20.4704],[164.62341,-20.46996],[164.62134,-20.46836],[164.61926,-20.46769],[164.6188,-20.46632],[164.61703,-20.46628],[164.61642,-20.46539],[164.61471,-20.46588],[164.61176,-20.46545],[164.60615,-20.46492],[164.60558,-20.46426],[164.60272,-20.46286],[164.60293,-20.46233],[164.60223,-20.46003],[164.60167,-20.45971],[164.59598,-20.45925],[164.59503,-20.45827],[164.59384,-20.45627],[164.59193,-20.45562],[164.59143,-20.4551],[164.58897,-20.45525],[164.5877,-20.45428],[164.58677,-20.45305],[164.58659,-20.45208],[164.58498,-20.451],[164.57984,-20.44995],[164.57815,-20.44903],[164.57728,-20.44778],[164.57712,-20.44636],[164.57619,-20.44594],[164.57528,-20.44463],[164.57479,-20.44317],[164.57317,-20.44194],[164.57218,-20.44173],[164.57056,-20.44243],[164.56619,-20.4436],[164.56447,-20.44321],[164.56202,-20.4433],[164.56095,-20.44375],[164.55965,-20.44525],[164.55593,-20.44629],[164.55545,-20.44683],[164.55306,-20.44611],[164.55202,-20.44415],[164.55242,-20.44261],[164.55071,-20.44179],[164.55087,-20.44082],[164.54999,-20.43952],[164.55037,-20.43901],[164.54987,-20.43621],[164.54938,-20.43191],[164.54895,-20.43141],[164.54847,-20.42807],[164.54892,-20.42671],[164.54863,-20.42509],[164.54789,-20.4243],[164.54898,-20.41975],[164.54878,-20.41722],[164.54934,-20.41656],[164.5492,-20.41471],[164.5486,-20.4129],[164.54711,-20.4117],[164.54612,-20.41006],[164.54557,-20.40789],[164.54409,-20.40698],[164.5441,-20.40624],[164.54294,-20.40572],[164.54275,-20.40432],[164.54173,-20.4038],[164.54078,-20.40243],[164.54004,-20.40246],[164.5395,-20.40134],[164.5365,-20.40025],[164.53564,-20.39974],[164.53397,-20.39963],[164.53343,-20.39865],[164.53204,-20.39742],[164.53207,-20.39644],[164.52988,-20.39322],[164.52829,-20.39213],[164.52626,-20.38955],[164.5262,-20.38778],[164.52536,-20.38615],[164.52553,-20.38537],[164.52459,-20.38422],[164.52338,-20.38101],[164.52285,-20.37834],[164.52375,-20.37698],[164.52398,-20.37577],[164.52488,-20.37512],[164.52679,-20.37218],[164.52611,-20.36948],[164.52572,-20.36656],[164.52639,-20.36562],[164.52607,-20.36459],[164.52649,-20.36308],[164.52522,-20.36187],[164.52417,-20.36148],[164.52338,-20.36039],[164.52115,-20.35909],[164.52069,-20.35749],[164.51833,-20.35657],[164.51742,-20.35554],[164.51738,-20.35463],[164.51466,-20.35157],[164.51482,-20.35062],[164.51323,-20.34982],[164.5139,-20.3492],[164.51316,-20.34796],[164.51219,-20.34859],[164.50798,-20.34936],[164.50664,-20.34919],[164.5049,-20.34951],[164.50165,-20.34976],[164.49954,-20.35113],[164.49774,-20.35184],[164.49689,-20.35161],[164.49465,-20.35223],[164.49304,-20.35375],[164.4914,-20.35325],[164.49004,-20.35236],[164.48944,-20.35126],[164.4889,-20.34917],[164.48812,-20.34868],[164.48828,-20.34772],[164.48617,-20.34645],[164.48453,-20.34271],[164.48477,-20.34144],[164.48383,-20.34027],[164.48169,-20.3391],[164.47925,-20.33829],[164.47832,-20.33719],[164.47861,-20.33602],[164.47738,-20.33309],[164.4759,-20.33247],[164.47468,-20.33246],[164.47379,-20.33015],[164.4725,-20.32865],[164.47183,-20.32876],[164.469,-20.32617],[164.46771,-20.32573],[164.46595,-20.32279],[164.4653,-20.32253],[164.46289,-20.32016],[164.4615,-20.31946],[164.46104,-20.31815],[164.4593,-20.31766],[164.45864,-20.31663],[164.45587,-20.31557],[164.45457,-20.3143],[164.4538,-20.31479],[164.45332,-20.31332],[164.45164,-20.31245],[164.45208,-20.31167],[164.45188,-20.30981],[164.44803,-20.30781],[164.44634,-20.30752],[164.4453,-20.30685],[164.44409,-20.3074],[164.44253,-20.30599],[164.441,-20.3032],[164.4402,-20.30312],[164.43826,-20.302],[164.43656,-20.30202],[164.4352,-20.30081],[164.43508,-20.3],[164.43225,-20.29879],[164.4307,-20.29878],[164.42914,-20.29804],[164.42748,-20.29949],[164.42492,-20.30069],[164.42256,-20.30094],[164.42147,-20.29953],[164.42025,-20.30013],[164.41894,-20.29902],[164.41828,-20.29774],[164.41706,-20.29727],[164.41697,-20.29632],[164.41819,-20.29583],[164.41752,-20.29431],[164.41754,-20.2932],[164.41637,-20.29158],[164.41512,-20.29078],[164.41392,-20.28783],[164.41503,-20.28646],[164.41347,-20.28619],[164.41598,-20.28426],[164.41614,-20.28078],[164.41693,-20.28008],[164.41869,-20.27776],[164.41869,-20.2765],[164.42061,-20.27652],[164.42169,-20.27652],[164.4233,-20.27506],[164.42542,-20.27358],[164.42632,-20.27391],[164.42825,-20.27333],[164.43099,-20.27445],[164.43187,-20.27415],[164.43482,-20.27494],[164.43995,-20.27546],[164.44258,-20.27698],[164.44458,-20.27869],[164.44595,-20.27856],[164.44728,-20.27921],[164.45186,-20.27977],[164.45333,-20.28014],[164.45474,-20.2813],[164.45588,-20.28163],[164.45728,-20.28265],[164.45935,-20.28518],[164.46078,-20.28599],[164.46237,-20.28775],[164.46231,-20.28863],[164.46361,-20.28949],[164.46387,-20.28853],[164.46532,-20.28924],[164.46805,-20.29192],[164.46966,-20.29217],[164.47174,-20.29363],[164.47408,-20.29385],[164.47607,-20.29519],[164.47725,-20.29552],[164.48105,-20.29515],[164.48358,-20.29351],[164.48482,-20.29339],[164.48638,-20.29489],[164.48828,-20.29535],[164.48676,-20.2975],[164.48675,-20.29856],[164.48737,-20.30192],[164.48862,-20.30165],[164.48924,-20.30039],[164.49062,-20.30082],[164.49175,-20.30046],[164.49168,-20.30171],[164.4927,-20.30357],[164.49462,-20.30378],[164.49645,-20.30566],[164.49845,-20.30539],[164.49941,-20.30689],[164.50125,-20.30491],[164.50117,-20.30681],[164.50183,-20.3082],[164.50392,-20.3093],[164.50702,-20.30943],[164.50748,-20.31109],[164.50926,-20.31233],[164.51051,-20.31259],[164.5106,-20.31369],[164.51254,-20.31469],[164.513,-20.31441],[164.51445,-20.31523],[164.51594,-20.31703],[164.51893,-20.31746],[164.51984,-20.31788],[164.52071,-20.3191],[164.52153,-20.31833],[164.52289,-20.31821],[164.52508,-20.32015],[164.52382,-20.32171],[164.52386,-20.32343],[164.52454,-20.32338],[164.52591,-20.32593],[164.52743,-20.32651],[164.52887,-20.32606],[164.53047,-20.32701],[164.53098,-20.32888],[164.53173,-20.32915],[164.533,-20.32861],[164.5335,-20.32982],[164.53436,-20.33033],[164.53501,-20.33176],[164.53675,-20.33036],[164.53663,-20.33285],[164.53611,-20.33416],[164.53703,-20.33485],[164.53774,-20.33679],[164.53888,-20.33754],[164.54113,-20.33741],[164.54121,-20.338],[164.54355,-20.33816],[164.54381,-20.33915],[164.54322,-20.34123],[164.54411,-20.34272],[164.5483,-20.34445],[164.55179,-20.34393],[164.55158,-20.34516],[164.55224,-20.34677],[164.55174,-20.34833],[164.55312,-20.34978],[164.55468,-20.34928],[164.55559,-20.34957],[164.55715,-20.35112],[164.55748,-20.35226],[164.56066,-20.35572],[164.55895,-20.35636],[164.55953,-20.35746],[164.56101,-20.35619],[164.56291,-20.35644],[164.56424,-20.35713],[164.56382,-20.35801],[164.56561,-20.35929],[164.56684,-20.35959],[164.56758,-20.36234],[164.56692,-20.36347],[164.56756,-20.36414],[164.56879,-20.36418],[164.56917,-20.36499],[164.57042,-20.36519],[164.57245,-20.3662],[164.57311,-20.36716],[164.57337,-20.36873],[164.5743,-20.36914],[164.57488,-20.37031],[164.57701,-20.37054],[164.577,-20.37277],[164.57784,-20.37325],[164.57791,-20.37458],[164.57626,-20.37483],[164.5773,-20.37581],[164.57815,-20.37562],[164.57911,-20.37458],[164.58134,-20.37411],[164.58181,-20.37341],[164.58334,-20.3733],[164.58325,-20.37736],[164.58247,-20.37635],[164.5828,-20.37461],[164.5823,-20.37404],[164.57905,-20.37472],[164.57783,-20.37612],[164.57828,-20.37781],[164.57684,-20.37814],[164.57782,-20.3792],[164.57628,-20.3799],[164.57668,-20.3811],[164.57551,-20.38239],[164.57629,-20.38401],[164.57673,-20.38661],[164.57882,-20.38566],[164.58078,-20.38567],[164.58187,-20.38753],[164.58147,-20.38822],[164.58023,-20.38806],[164.58133,-20.3902],[164.58292,-20.39158],[164.58679,-20.39149],[164.58754,-20.39184],[164.58704,-20.39396],[164.58592,-20.39493],[164.58814,-20.39559],[164.58956,-20.39871],[164.59068,-20.39985],[164.5921,-20.40187],[164.59224,-20.40311],[164.5933,-20.4033],[164.59293,-20.40451],[164.59412,-20.4051],[164.59529,-20.40466],[164.5979,-20.40461],[164.59834,-20.4065],[164.60015,-20.40983],[164.60202,-20.41175],[164.60317,-20.41108],[164.60509,-20.41077],[164.60466,-20.40892],[164.60515,-20.40774],[164.60618,-20.40864],[164.60583,-20.41004],[164.60662,-20.41021],[164.6064,-20.40833],[164.60704,-20.40797],[164.60929,-20.40903],[164.60801,-20.41051],[164.6083,-20.41178],[164.61038,-20.40945],[164.61286,-20.40977],[164.61414,-20.4104],[164.61603,-20.40964],[164.61798,-20.41115],[164.61781,-20.41227],[164.61878,-20.41386],[164.61797,-20.41495],[164.61691,-20.41325],[164.61636,-20.41422],[164.61773,-20.41541],[164.6188,-20.41589],[164.61783,-20.41687],[164.61907,-20.41811],[164.62157,-20.41866],[164.62269,-20.42017],[164.62403,-20.42048],[164.62636,-20.42171],[164.62844,-20.42162],[164.62921,-20.4211],[164.63041,-20.42187],[164.63211,-20.42226],[164.63271,-20.42181],[164.63432,-20.4229],[164.6382,-20.42412],[164.64049,-20.42509],[164.64108,-20.42638],[164.64359,-20.42588],[164.64511,-20.42601],[164.6467,-20.42665],[164.64774,-20.42792],[164.64959,-20.42913],[164.6504,-20.42889],[164.65095,-20.42985],[164.65274,-20.43072],[164.65604,-20.43508],[164.65811,-20.4364],[164.66075,-20.43693],[164.66126,-20.43804],[164.6621,-20.43785],[164.66277,-20.43918],[164.66432,-20.44095],[164.66558,-20.44119],[164.66785,-20.44491],[164.66737,-20.44561],[164.66841,-20.44782],[164.6697,-20.4488],[164.67085,-20.45065],[164.67332,-20.45261],[164.67499,-20.45291],[164.67662,-20.45421],[164.67826,-20.45488],[164.68123,-20.45554],[164.68386,-20.45785],[164.68505,-20.45823],[164.68747,-20.45985],[164.68886,-20.46015],[164.69105,-20.45958],[164.69363,-20.46119],[164.69573,-20.46299],[164.69699,-20.46504],[164.69933,-20.46798],[164.70183,-20.46903],[164.70315,-20.46884],[164.70503,-20.46988],[164.70853,-20.47031],[164.70964,-20.46995],[164.71239,-20.47152],[164.71412,-20.47192],[164.71817,-20.47369],[164.7198,-20.47356],[164.72472,-20.47453],[164.72705,-20.47437],[164.72771,-20.47505],[164.73008,-20.47535],[164.7312,-20.47606],[164.73329,-20.47792],[164.73442,-20.47822],[164.7364,-20.47953],[164.7381,-20.47981],[164.74003,-20.48151],[164.7417,-20.48207],[164.74347,-20.48416],[164.74513,-20.48689],[164.74959,-20.4903],[164.75006,-20.49098],[164.75234,-20.4923],[164.75547,-20.49315],[164.75719,-20.49477],[164.75757,-20.4959],[164.75984,-20.49823],[164.76041,-20.49976],[164.76142,-20.5014],[164.76101,-20.50306],[164.76156,-20.50513],[164.76233,-20.50571],[164.76336,-20.50891],[164.76457,-20.51105],[164.7667,-20.51327],[164.76728,-20.5149],[164.77131,-20.51642],[164.77372,-20.51873],[164.77427,-20.52063],[164.7752,-20.52162],[164.77582,-20.52364]]]]}},{"type":"Feature","id":"fr-commune-98825","properties":{"id":"fr-commune-98825","name":"Pouembout","kind":"commune","center":[164.9818,-21.1913],"code":"98825","department":"988"},"bbox":[164.81421,-21.35808,165.14949,-21.02447],"geometry":{"type":"MultiPolygon","coordinates":[[[[164.86247,-21.20633],[164.86148,-21.20691],[164.86083,-21.20568],[164.86151,-21.20509],[164.86247,-21.20633]]],[[[164.86469,-21.20697],[164.86375,-21.20738],[164.86272,-21.20556],[164.86126,-21.20403],[164.86179,-21.2036],[164.86385,-21.20526],[164.86469,-21.20697]]],[[[164.82599,-21.15711],[164.82593,-21.15775],[164.82473,-21.15852],[164.82128,-21.15903],[164.81738,-21.15901],[164.81469,-21.15976],[164.81421,-21.15904],[164.81575,-21.15815],[164.81791,-21.15751],[164.81962,-21.15496],[164.81963,-21.15343],[164.81862,-21.15125],[164.81851,-21.14905],[164.81966,-21.14897],[164.82152,-21.15095],[164.82419,-21.15182],[164.82589,-21.15173],[164.82675,-21.15236],[164.82694,-21.15356],[164.82624,-21.15465],[164.82599,-21.15711]]],[[[164.97811,-21.30718],[164.97759,-21.30872],[164.97658,-21.31033],[164.97583,-21.31274],[164.97577,-21.31508],[164.97476,-21.31727],[164.97366,-21.31881],[164.97302,-21.32029],[164.97014,-21.3231],[164.9703,-21.32464],[164.97153,-21.32619],[164.97308,-21.32942],[164.97319,-21.33031],[164.97443,-21.33221],[164.97498,-21.33361],[164.9766,-21.33484],[164.97734,-21.33608],[164.97938,-21.33707],[164.97973,-21.33803],[164.97927,-21.33895],[164.97798,-21.33967],[164.97635,-21.34133],[164.97502,-21.34145],[164.9737,-21.34077],[164.97351,-21.33936],[164.97158,-21.3397],[164.97114,-21.34161],[164.97258,-21.34342],[164.97271,-21.34726],[164.97235,-21.34965],[164.97183,-21.35105],[164.97066,-21.3522],[164.96966,-21.35245],[164.96852,-21.35135],[164.96759,-21.35118],[164.96415,-21.35256],[164.9623,-21.35187],[164.95972,-21.35311],[164.9571,-21.35461],[164.95344,-21.35733],[164.95232,-21.35801],[164.94935,-21.35808],[164.94728,-21.35707],[164.94636,-21.35581],[164.94515,-21.3549],[164.94363,-21.35227],[164.94278,-21.34974],[164.943,-21.34893],[164.94213,-21.34727],[164.9402,-21.34571],[164.93967,-21.34438],[164.93764,-21.34305],[164.93697,-21.34209],[164.93575,-21.34152],[164.93599,-21.33998],[164.93713,-21.33908],[164.93787,-21.33774],[164.93879,-21.3371],[164.93982,-21.33749],[164.94108,-21.33727],[164.94552,-21.33549],[164.94696,-21.33388],[164.94765,-21.3314],[164.94738,-21.32937],[164.94885,-21.32912],[164.94972,-21.32988],[164.95184,-21.32837],[164.9541,-21.32732],[164.95383,-21.32666],[164.95229,-21.32639],[164.9506,-21.32843],[164.94865,-21.32854],[164.94812,-21.32732],[164.94633,-21.32548],[164.9457,-21.32649],[164.94318,-21.32675],[164.94097,-21.32582],[164.93926,-21.32619],[164.93814,-21.32552],[164.93781,-21.32444],[164.93574,-21.32377],[164.93614,-21.32273],[164.93813,-21.32081],[164.93929,-21.32022],[164.94018,-21.31909],[164.94148,-21.31843],[164.94272,-21.31732],[164.94423,-21.31443],[164.94577,-21.31035],[164.94599,-21.30751],[164.94556,-21.30474],[164.94601,-21.30389],[164.94706,-21.30357],[164.94897,-21.30165],[164.95008,-21.30097],[164.95037,-21.29948],[164.94995,-21.29703],[164.9493,-21.29513],[164.94902,-21.29304],[164.94634,-21.29154],[164.94325,-21.29136],[164.94048,-21.2904],[164.93771,-21.29069],[164.93573,-21.29],[164.93492,-21.29004],[164.93332,-21.28688],[164.93251,-21.28642],[164.93098,-21.2867],[164.92872,-21.2855],[164.92739,-21.28429],[164.92575,-21.28374],[164.9252,-21.28313],[164.9224,-21.28207],[164.92046,-21.2825],[164.91884,-21.28389],[164.91824,-21.28365],[164.91844,-21.28211],[164.91779,-21.2814],[164.91627,-21.28123],[164.91551,-21.28053],[164.91344,-21.27974],[164.91252,-21.27772],[164.91147,-21.27799],[164.91038,-21.27665],[164.90944,-21.27622],[164.90977,-21.27519],[164.90938,-21.27397],[164.91019,-21.27351],[164.91109,-21.27105],[164.90886,-21.26871],[164.90647,-21.26673],[164.90488,-21.26604],[164.90281,-21.26452],[164.90116,-21.26378],[164.90099,-21.26208],[164.90138,-21.26065],[164.90026,-21.257],[164.89946,-21.25688],[164.89796,-21.25486],[164.89811,-21.25331],[164.8954,-21.24978],[164.89496,-21.24755],[164.89512,-21.24637],[164.89398,-21.24392],[164.88998,-21.24201],[164.8891,-21.23952],[164.88785,-21.23782],[164.88622,-21.2369],[164.88587,-21.23534],[164.88507,-21.23383],[164.88453,-21.23559],[164.88305,-21.23459],[164.8829,-21.2337],[164.88198,-21.23282],[164.87678,-21.2307],[164.87282,-21.22973],[164.87194,-21.22912],[164.8686,-21.22815],[164.86749,-21.22741],[164.86711,-21.22605],[164.86537,-21.2234],[164.86609,-21.22228],[164.86581,-21.22068],[164.86221,-21.21546],[164.86238,-21.2145],[164.86369,-21.2147],[164.86489,-21.21355],[164.86548,-21.21526],[164.86628,-21.21447],[164.866,-21.21251],[164.86467,-21.21084],[164.86357,-21.21316],[164.86196,-21.21267],[164.86199,-21.21118],[164.8614,-21.2102],[164.86213,-21.20784],[164.86534,-21.20839],[164.86581,-21.20946],[164.86801,-21.20684],[164.86609,-21.20677],[164.86476,-21.20595],[164.86235,-21.20325],[164.86134,-21.20271],[164.85817,-21.20264],[164.85802,-21.20217],[164.85599,-21.20159],[164.85427,-21.20069],[164.84878,-21.1955],[164.84885,-21.1948],[164.85026,-21.19467],[164.84931,-21.19316],[164.84854,-21.19435],[164.84741,-21.19444],[164.84405,-21.19228],[164.84287,-21.18961],[164.83955,-21.18473],[164.83932,-21.18323],[164.84042,-21.18204],[164.84187,-21.18108],[164.84196,-21.1793],[164.84267,-21.17675],[164.84317,-21.1734],[164.84483,-21.17463],[164.84642,-21.17309],[164.84571,-21.17215],[164.84417,-21.17249],[164.84357,-21.17167],[164.84415,-21.16955],[164.84351,-21.16888],[164.84251,-21.16989],[164.84161,-21.16787],[164.83992,-21.16969],[164.8408,-21.1708],[164.84081,-21.17172],[164.83876,-21.17363],[164.83679,-21.17397],[164.83626,-21.17445],[164.8347,-21.17428],[164.83389,-21.17548],[164.832,-21.17612],[164.82937,-21.1746],[164.83007,-21.174],[164.82989,-21.17144],[164.83034,-21.16926],[164.82982,-21.16654],[164.83057,-21.16649],[164.83079,-21.16787],[164.8331,-21.16611],[164.83402,-21.16385],[164.83362,-21.16063],[164.83362,-21.15875],[164.8328,-21.1579],[164.83294,-21.157],[164.83427,-21.15639],[164.83666,-21.15436],[164.83705,-21.15238],[164.8392,-21.14972],[164.84069,-21.14835],[164.8423,-21.14866],[164.84424,-21.14778],[164.84608,-21.14758],[164.8483,-21.14605],[164.8494,-21.14465],[164.85003,-21.14654],[164.85139,-21.14776],[164.85234,-21.14683],[164.85375,-21.14673],[164.85458,-21.1457],[164.85494,-21.14441],[164.85619,-21.14391],[164.8565,-21.14282],[164.85857,-21.14276],[164.85873,-21.1436],[164.85974,-21.14442],[164.8616,-21.14492],[164.86179,-21.14407],[164.86118,-21.14266],[164.86154,-21.14095],[164.86116,-21.13876],[164.86215,-21.13706],[164.86161,-21.13473],[164.85839,-21.13304],[164.85744,-21.13233],[164.85991,-21.13103],[164.86245,-21.13086],[164.86166,-21.12989],[164.8604,-21.13054],[164.85847,-21.13099],[164.85744,-21.1306],[164.85786,-21.12956],[164.85921,-21.13018],[164.8602,-21.12938],[164.85928,-21.12736],[164.85988,-21.126],[164.86091,-21.12539],[164.86226,-21.12541],[164.86284,-21.12443],[164.86404,-21.12474],[164.8653,-21.12429],[164.86713,-21.12256],[164.86531,-21.11996],[164.86419,-21.11906],[164.86186,-21.11845],[164.86098,-21.11777],[164.85942,-21.11878],[164.85768,-21.11936],[164.85558,-21.11871],[164.85457,-21.11725],[164.85468,-21.11617],[164.85672,-21.11151],[164.8574,-21.11095],[164.85845,-21.11147],[164.86026,-21.11014],[164.86259,-21.11007],[164.86449,-21.10938],[164.86543,-21.10848],[164.86432,-21.10701],[164.86567,-21.10538],[164.86808,-21.10516],[164.87017,-21.10337],[164.87202,-21.103],[164.8727,-21.10253],[164.87598,-21.10188],[164.87711,-21.11107],[164.87976,-21.1101],[164.88479,-21.10904],[164.891,-21.10754],[164.90647,-21.10652],[164.91905,-21.10256],[164.9329,-21.09873],[164.93602,-21.0745],[164.93681,-21.07533],[164.93782,-21.07521],[164.93813,-21.07685],[164.93907,-21.07726],[164.93919,-21.07816],[164.94021,-21.0784],[164.94198,-21.07733],[164.94349,-21.07773],[164.94457,-21.07724],[164.94628,-21.07817],[164.94845,-21.07663],[164.94876,-21.07594],[164.95026,-21.07629],[164.95222,-21.07794],[164.95351,-21.07738],[164.95397,-21.07614],[164.95636,-21.07613],[164.95798,-21.07647],[164.95992,-21.07643],[164.961,-21.07593],[164.96346,-21.07646],[164.96409,-21.07571],[164.9655,-21.07535],[164.96719,-21.07306],[164.96852,-21.07258],[164.96954,-21.07438],[164.96974,-21.076],[164.97439,-21.0758],[164.97965,-21.07713],[164.98041,-21.07644],[164.9827,-21.07524],[164.98329,-21.07303],[164.98256,-21.07192],[164.98346,-21.07016],[164.98352,-21.06914],[164.98501,-21.06866],[164.98826,-21.06836],[164.98866,-21.06714],[164.98837,-21.06565],[164.98727,-21.06501],[164.98564,-21.06297],[164.98458,-21.05994],[164.98402,-21.05739],[164.98188,-21.05579],[164.98071,-21.05528],[164.97719,-21.05248],[164.9761,-21.0518],[164.97718,-21.04842],[164.97845,-21.04765],[164.97947,-21.04772],[164.98108,-21.04884],[164.9816,-21.04848],[164.98428,-21.04883],[164.98498,-21.04936],[164.98712,-21.05005],[164.98834,-21.05111],[164.99015,-21.05124],[164.9911,-21.05169],[164.99377,-21.0479],[165.00918,-21.05172],[165.00986,-21.05067],[165.00924,-21.04993],[165.01225,-21.04758],[165.0138,-21.04711],[165.01488,-21.03882],[165.01355,-21.03488],[165.01288,-21.03444],[165.02523,-21.03448],[165.02549,-21.04095],[165.03523,-21.04099],[165.03789,-21.04143],[165.03892,-21.04019],[165.03904,-21.03893],[165.03731,-21.03584],[165.03764,-21.03345],[165.03647,-21.03279],[165.03653,-21.03135],[165.03835,-21.03042],[165.04078,-21.03],[165.04261,-21.03037],[165.0435,-21.03095],[165.04602,-21.03017],[165.04806,-21.03035],[165.04869,-21.02955],[165.04909,-21.02765],[165.05122,-21.02693],[165.05263,-21.02752],[165.0541,-21.02765],[165.05523,-21.02721],[165.05691,-21.02747],[165.0584,-21.02643],[165.0602,-21.026],[165.06063,-21.02653],[165.06293,-21.02539],[165.06397,-21.02447],[165.06517,-21.02483],[165.06985,-21.02485],[165.07206,-21.02538],[165.0735,-21.02615],[165.07372,-21.02737],[165.07494,-21.02978],[165.07565,-21.03193],[165.07706,-21.03377],[165.07802,-21.03347],[165.07879,-21.03488],[165.08046,-21.03636],[165.08414,-21.03614],[165.08481,-21.03569],[165.08595,-21.03621],[165.08724,-21.03618],[165.0891,-21.03703],[165.09199,-21.03459],[165.09333,-21.03395],[165.0969,-21.03349],[165.09785,-21.03465],[165.10013,-21.03666],[165.10138,-21.03687],[165.10311,-21.03839],[165.10353,-21.03918],[165.10494,-21.04009],[165.10616,-21.04014],[165.10669,-21.04147],[165.10739,-21.04121],[165.10855,-21.04201],[165.10984,-21.04369],[165.11145,-21.04439],[165.11285,-21.04564],[165.11391,-21.04764],[165.11566,-21.04793],[165.11645,-21.04676],[165.11823,-21.04597],[165.11906,-21.04468],[165.12098,-21.04502],[165.122,-21.04447],[165.12362,-21.04484],[165.12408,-21.04551],[165.12546,-21.04485],[165.12901,-21.04541],[165.12962,-21.04476],[165.13351,-21.04387],[165.13397,-21.04309],[165.13505,-21.04295],[165.1366,-21.04143],[165.13997,-21.04195],[165.14402,-21.04004],[165.14507,-21.04044],[165.14617,-21.04148],[165.14634,-21.04262],[165.14747,-21.0451],[165.14863,-21.04584],[165.14949,-21.04824],[165.14932,-21.04921],[165.14793,-21.05169],[165.14644,-21.05239],[165.14593,-21.05459],[165.14469,-21.05803],[165.1451,-21.05929],[165.14504,-21.06067],[165.14418,-21.06095],[165.14277,-21.06304],[165.1426,-21.06413],[165.14145,-21.06538],[165.1411,-21.0689],[165.14143,-21.07087],[165.1402,-21.07375],[165.14073,-21.07526],[165.14134,-21.07563],[165.14145,-21.07701],[165.14046,-21.07782],[165.1394,-21.08047],[165.13926,-21.08222],[165.13836,-21.08324],[165.13877,-21.08408],[165.13826,-21.08633],[165.13932,-21.08801],[165.14012,-21.09059],[165.14033,-21.09201],[165.13898,-21.09427],[165.13876,-21.09609],[165.13642,-21.09621],[165.13282,-21.09715],[165.13211,-21.09964],[165.13226,-21.10128],[165.13199,-21.10455],[165.13256,-21.10561],[165.13256,-21.10689],[165.13178,-21.10751],[165.1314,-21.10938],[165.1307,-21.10975],[165.13032,-21.11317],[165.13125,-21.11461],[165.13282,-21.11561],[165.13238,-21.11645],[165.13304,-21.11869],[165.13359,-21.11889],[165.13354,-21.12119],[165.13264,-21.12208],[165.13259,-21.12356],[165.13318,-21.12472],[165.13483,-21.12519],[165.13597,-21.12609],[165.13651,-21.12754],[165.13723,-21.13172],[165.13695,-21.13384],[165.13717,-21.13621],[165.13876,-21.13696],[165.13982,-21.141],[165.14061,-21.14491],[165.13981,-21.14485],[165.13777,-21.14552],[165.13545,-21.14697],[165.13411,-21.14906],[165.13229,-21.15106],[165.12995,-21.15107],[165.12919,-21.15158],[165.12853,-21.15338],[165.12846,-21.15468],[165.12767,-21.15492],[165.12615,-21.15655],[165.12501,-21.15699],[165.12556,-21.15792],[165.12805,-21.15873],[165.12926,-21.15818],[165.13086,-21.15866],[165.13138,-21.15945],[165.13266,-21.1596],[165.13411,-21.16069],[165.13508,-21.163],[165.13726,-21.16505],[165.13633,-21.16649],[165.13544,-21.16684],[165.13327,-21.1705],[165.13336,-21.17118],[165.13492,-21.17303],[165.13415,-21.17434],[165.13453,-21.17562],[165.13592,-21.17612],[165.1372,-21.17778],[165.13696,-21.17837],[165.13809,-21.18052],[165.13979,-21.18073],[165.1401,-21.18198],[165.13874,-21.18473],[165.13847,-21.18641],[165.13928,-21.18804],[165.13944,-21.1893],[165.14097,-21.19051],[165.14293,-21.1906],[165.14318,-21.19306],[165.14262,-21.19356],[165.14264,-21.19713],[165.14231,-21.19794],[165.14026,-21.19977],[165.13973,-21.20058],[165.13857,-21.2037],[165.13912,-21.20813],[165.13786,-21.20999],[165.13665,-21.21107],[165.13667,-21.21209],[165.13773,-21.21289],[165.13765,-21.2147],[165.13687,-21.21615],[165.1355,-21.21531],[165.13337,-21.21454],[165.1315,-21.2132],[165.12938,-21.21381],[165.12792,-21.21283],[165.12636,-21.21234],[165.1237,-21.21288],[165.12292,-21.21359],[165.12182,-21.21347],[165.12106,-21.21447],[165.11919,-21.21441],[165.11788,-21.21533],[165.11685,-21.21512],[165.11601,-21.21577],[165.11562,-21.21807],[165.11376,-21.22003],[165.11083,-21.22213],[165.10766,-21.22299],[165.10714,-21.22464],[165.10446,-21.22518],[165.10212,-21.227],[165.10178,-21.22852],[165.10066,-21.22947],[165.09985,-21.23091],[165.09794,-21.23194],[165.09603,-21.23395],[165.09557,-21.23479],[165.09121,-21.23664],[165.09188,-21.23819],[165.09055,-21.23838],[165.08632,-21.24125],[165.08493,-21.24057],[165.08292,-21.24029],[165.08035,-21.24137],[165.07718,-21.24161],[165.07593,-21.24351],[165.07246,-21.24401],[165.07021,-21.24308],[165.0684,-21.24267],[165.0671,-21.24297],[165.06543,-21.2426],[165.06536,-21.24383],[165.06187,-21.24595],[165.06058,-21.2463],[165.05845,-21.24782],[165.05565,-21.25079],[165.05427,-21.25112],[165.05172,-21.25288],[165.05184,-21.25479],[165.05445,-21.25807],[165.0542,-21.26003],[165.05347,-21.26125],[165.05259,-21.26129],[165.04871,-21.26248],[165.04761,-21.26248],[165.04615,-21.2647],[165.04416,-21.26656],[165.03889,-21.26726],[165.0371,-21.27046],[165.03745,-21.27179],[165.03585,-21.27335],[165.03579,-21.27436],[165.0343,-21.27638],[165.03363,-21.27679],[165.03107,-21.27673],[165.02981,-21.2788],[165.02902,-21.27901],[165.02711,-21.28108],[165.02727,-21.28202],[165.02583,-21.28351],[165.0241,-21.28405],[165.02357,-21.28527],[165.0221,-21.28661],[165.02017,-21.28753],[165.01971,-21.28808],[165.0189,-21.29103],[165.01756,-21.292],[165.01682,-21.29198],[165.01596,-21.29097],[165.01462,-21.29035],[165.01207,-21.29001],[165.00871,-21.28825],[165.00572,-21.28567],[165.00387,-21.28494],[165.00361,-21.28567],[165.00173,-21.28641],[165.00074,-21.28643],[165.00005,-21.28794],[165,-21.28903],[164.99859,-21.2892],[164.99631,-21.29147],[164.99491,-21.2912],[164.99457,-21.29281],[164.99305,-21.29192],[164.99191,-21.29302],[164.99055,-21.29368],[164.98962,-21.29248],[164.98823,-21.29405],[164.98714,-21.29382],[164.98774,-21.2966],[164.98656,-21.29836],[164.98535,-21.29921],[164.98388,-21.30137],[164.98143,-21.30305],[164.97811,-21.30718]],[[164.86155,-21.14028],[164.86312,-21.14074],[164.86259,-21.13938],[164.863,-21.13789],[164.86476,-21.1352],[164.86319,-21.13481],[164.86232,-21.13546],[164.86246,-21.13846],[164.86134,-21.13914],[164.86155,-21.14028]]]]}},{"type":"Feature","id":"fr-commune-98826","properties":{"id":"fr-commune-98826","name":"Poum","kind":"commune","center":[164.074,-20.2029],"code":"98826","department":"988"},"bbox":[163.78932,-20.43278,164.35615,-19.97311],"geometry":{"type":"MultiPolygon","coordinates":[[[[164.18113,-20.37265],[164.18331,-20.37279],[164.18493,-20.37492],[164.18584,-20.37516],[164.18627,-20.37673],[164.18555,-20.37718],[164.18326,-20.37742],[164.18173,-20.37638],[164.17955,-20.37688],[164.17864,-20.37681],[164.17871,-20.37552],[164.17795,-20.37426],[164.17873,-20.37303],[164.18113,-20.37265]]],[[[164.17147,-20.35723],[164.17292,-20.35579],[164.17646,-20.35747],[164.17806,-20.35713],[164.18018,-20.36068],[164.1775,-20.36055],[164.17677,-20.36164],[164.17492,-20.36329],[164.17407,-20.36323],[164.17209,-20.36212],[164.17092,-20.36035],[164.17001,-20.35718],[164.17147,-20.35723]]],[[[164.02683,-20.34693],[164.02592,-20.34723],[164.02445,-20.34691],[164.02527,-20.34585],[164.02683,-20.34693]]],[[[164.10306,-20.34149],[164.10461,-20.34195],[164.10704,-20.34405],[164.10811,-20.34523],[164.10701,-20.3457],[164.10507,-20.34458],[164.10265,-20.34275],[164.10306,-20.34149]]],[[[164.16336,-20.33271],[164.16479,-20.33412],[164.16451,-20.335],[164.16304,-20.33553],[164.1627,-20.3365],[164.16123,-20.33625],[164.16104,-20.33414],[164.16174,-20.33327],[164.16336,-20.33271]]],[[[164.07759,-20.3149],[164.07822,-20.31673],[164.0801,-20.31804],[164.08188,-20.31811],[164.08195,-20.31911],[164.08029,-20.31942],[164.07824,-20.32034],[164.07506,-20.32034],[164.07337,-20.32089],[164.07096,-20.32089],[164.06883,-20.31965],[164.06718,-20.31829],[164.0661,-20.31585],[164.06792,-20.31615],[164.06896,-20.31558],[164.07019,-20.31723],[164.07102,-20.31626],[164.07226,-20.31591],[164.07368,-20.31644],[164.07386,-20.31514],[164.0748,-20.31443],[164.07608,-20.31489],[164.07759,-20.3149]]],[[[164.29597,-20.31665],[164.29683,-20.31745],[164.29476,-20.3181],[164.29412,-20.31756],[164.29597,-20.31665]]],[[[164.06498,-20.31229],[164.06556,-20.31291],[164.06476,-20.31394],[164.06412,-20.31265],[164.06498,-20.31229]]],[[[164.09377,-20.3043],[164.09401,-20.30684],[164.0949,-20.30787],[164.09701,-20.30923],[164.0983,-20.30954],[164.0996,-20.31171],[164.0999,-20.31401],[164.09728,-20.31639],[164.09626,-20.31798],[164.09573,-20.3197],[164.09592,-20.32209],[164.09703,-20.32402],[164.09858,-20.32502],[164.09908,-20.3272],[164.0984,-20.32792],[164.09642,-20.32861],[164.09264,-20.33029],[164.08993,-20.32922],[164.08703,-20.32888],[164.08564,-20.32913],[164.08509,-20.32798],[164.0858,-20.32694],[164.0859,-20.32591],[164.08533,-20.32325],[164.0858,-20.32266],[164.08526,-20.31817],[164.08703,-20.3191],[164.08917,-20.31775],[164.0898,-20.31889],[164.09076,-20.31928],[164.09158,-20.32077],[164.09172,-20.32321],[164.09397,-20.32536],[164.09399,-20.32429],[164.09258,-20.32272],[164.09285,-20.32068],[164.09272,-20.31936],[164.09402,-20.31843],[164.0944,-20.31763],[164.09272,-20.31738],[164.09318,-20.31581],[164.09517,-20.31755],[164.09498,-20.31445],[164.09298,-20.31231],[164.09392,-20.31169],[164.09511,-20.31239],[164.09553,-20.31111],[164.09499,-20.31041],[164.09272,-20.31111],[164.0917,-20.30985],[164.08965,-20.3091],[164.08834,-20.30814],[164.08979,-20.30602],[164.09044,-20.30602],[164.09146,-20.30453],[164.0931,-20.30376],[164.09377,-20.3043]]],[[[164.08247,-20.27752],[164.0835,-20.27859],[164.08309,-20.27923],[164.08187,-20.27908],[164.08114,-20.27769],[164.08247,-20.27752]]],[[[164.17112,-20.23457],[164.17153,-20.23456],[164.17272,-20.23653],[164.17479,-20.23723],[164.17495,-20.23784],[164.17135,-20.23725],[164.17112,-20.23457]]],[[[164.04723,-20.21776],[164.04498,-20.2178],[164.04477,-20.21655],[164.04578,-20.21631],[164.04723,-20.21776]]],[[[164.0686,-20.21223],[164.06889,-20.21293],[164.06764,-20.2139],[164.06819,-20.21479],[164.06928,-20.21533],[164.06818,-20.21633],[164.06741,-20.215],[164.06619,-20.21475],[164.06593,-20.21407],[164.06708,-20.21328],[164.06754,-20.21186],[164.0686,-20.21223]]],[[[164.00511,-20.21017],[164.00636,-20.21099],[164.00932,-20.21368],[164.01066,-20.21418],[164.01333,-20.2139],[164.01572,-20.21453],[164.01896,-20.2165],[164.02088,-20.21715],[164.02297,-20.21751],[164.0213,-20.22265],[164.01732,-20.22309],[164.01557,-20.22275],[164.01282,-20.22038],[164.01187,-20.22062],[164.01108,-20.21916],[164.0093,-20.21676],[164.00643,-20.21337],[164.00387,-20.2109],[164.00511,-20.21017]]],[[[164.02563,-20.20395],[164.0251,-20.20507],[164.02371,-20.2064],[164.02264,-20.20423],[164.02423,-20.2026],[164.0255,-20.20236],[164.02627,-20.20309],[164.02563,-20.20395]]],[[[163.98609,-20.19593],[163.98655,-20.19654],[163.98573,-20.1996],[163.98572,-20.20116],[163.98461,-20.20165],[163.98303,-20.20126],[163.98205,-20.19984],[163.98272,-20.19903],[163.98376,-20.19883],[163.98527,-20.19589],[163.98609,-20.19593]]],[[[164.06153,-20.17881],[164.06117,-20.18115],[164.06224,-20.18169],[164.06135,-20.18372],[164.06015,-20.18131],[164.06093,-20.18078],[164.06153,-20.17881]]],[[[164.04649,-20.17663],[164.04764,-20.17645],[164.04773,-20.17806],[164.04468,-20.17781],[164.04169,-20.17877],[164.04174,-20.17437],[164.04216,-20.17297],[164.04283,-20.17283],[164.04524,-20.17597],[164.04649,-20.17663]]],[[[164.01869,-20.16005],[164.01907,-20.15997],[164.02125,-20.16165],[164.02314,-20.16112],[164.02367,-20.16494],[164.02267,-20.16656],[164.02169,-20.17021],[164.01959,-20.16988],[164.01988,-20.16814],[164.01912,-20.16631],[164.01938,-20.16492],[164.01783,-20.16166],[164.01766,-20.16035],[164.01869,-20.16005]]],[[[164.00139,-20.14755],[164.00217,-20.14969],[164.00246,-20.15204],[163.99835,-20.15297],[163.99807,-20.15329],[163.99408,-20.15319],[163.99403,-20.15069],[163.99498,-20.14858],[163.99597,-20.14788],[163.99754,-20.14753],[164.00139,-20.14755]]],[[[163.92115,-20.14324],[163.92189,-20.14405],[163.92567,-20.14629],[163.92875,-20.14694],[163.92986,-20.14812],[163.9326,-20.15467],[163.93431,-20.15722],[163.936,-20.15872],[163.93808,-20.15941],[163.93965,-20.16082],[163.94119,-20.16173],[163.94434,-20.16588],[163.94617,-20.16777],[163.94678,-20.16803],[163.94716,-20.16988],[163.94681,-20.17057],[163.94499,-20.17065],[163.94132,-20.16742],[163.93827,-20.16635],[163.93431,-20.16611],[163.93122,-20.16641],[163.92788,-20.16712],[163.92675,-20.16622],[163.92543,-20.16433],[163.92582,-20.16344],[163.92695,-20.16359],[163.92858,-20.16194],[163.929,-20.16042],[163.92843,-20.15773],[163.92725,-20.15705],[163.92682,-20.15624],[163.92707,-20.15432],[163.92514,-20.15186],[163.92301,-20.15059],[163.92217,-20.14932],[163.91908,-20.14796],[163.91808,-20.14644],[163.91548,-20.14532],[163.91265,-20.14457],[163.91104,-20.14353],[163.91037,-20.14267],[163.91017,-20.14136],[163.91155,-20.13597],[163.91165,-20.1347],[163.91228,-20.13326],[163.91364,-20.13214],[163.91478,-20.13202],[163.91586,-20.13367],[163.91661,-20.13749],[163.92115,-20.14324]]],[[[164.02387,-20.11428],[164.02391,-20.11564],[164.02207,-20.11543],[164.02323,-20.1141],[164.02387,-20.11428]]],[[[163.99292,-20.10836],[163.99164,-20.11005],[163.99013,-20.11155],[163.9888,-20.11406],[163.98741,-20.11606],[163.98491,-20.1173],[163.98471,-20.11795],[163.9831,-20.11728],[163.97889,-20.11465],[163.98058,-20.11475],[163.98328,-20.11381],[163.98413,-20.11402],[163.98727,-20.11102],[163.98929,-20.10935],[163.98989,-20.10814],[163.99077,-20.10839],[163.99201,-20.10751],[163.99292,-20.10836]]],[[[164.10935,-20.10791],[164.1082,-20.10707],[164.10816,-20.10527],[164.10922,-20.10605],[164.10935,-20.10791]]],[[[163.97185,-20.0854],[163.97243,-20.08501],[163.97484,-20.08545],[163.97627,-20.08434],[163.97604,-20.08602],[163.97506,-20.08864],[163.97493,-20.09012],[163.97572,-20.092],[163.97724,-20.09382],[163.97781,-20.09527],[163.97793,-20.09702],[163.97508,-20.09668],[163.97444,-20.09498],[163.97305,-20.09442],[163.96819,-20.09351],[163.96478,-20.09345],[163.96409,-20.0945],[163.96306,-20.09416],[163.96225,-20.09273],[163.96173,-20.09077],[163.96183,-20.08934],[163.96242,-20.08893],[163.96339,-20.0863],[163.9653,-20.08622],[163.96583,-20.08696],[163.96716,-20.08656],[163.97051,-20.08329],[163.97199,-20.08465],[163.97185,-20.0854]]],[[[164.35286,-20.3545],[164.35121,-20.35547],[164.35027,-20.35524],[164.34897,-20.35654],[164.34858,-20.3575],[164.34757,-20.35747],[164.34656,-20.35825],[164.34474,-20.36074],[164.34296,-20.36108],[164.34172,-20.36266],[164.31227,-20.38263],[164.30783,-20.38564],[164.3078,-20.3845],[164.30606,-20.38356],[164.30523,-20.38209],[164.30397,-20.38097],[164.30083,-20.38042],[164.30006,-20.3795],[164.29819,-20.37925],[164.29691,-20.37945],[164.2956,-20.37904],[164.29397,-20.37922],[164.29259,-20.37839],[164.28978,-20.37785],[164.28828,-20.37662],[164.28732,-20.37667],[164.28514,-20.37563],[164.28417,-20.37591],[164.28319,-20.37763],[164.28159,-20.37911],[164.28065,-20.38049],[164.27882,-20.38089],[164.27743,-20.3805],[164.27674,-20.38138],[164.27531,-20.38167],[164.27335,-20.38408],[164.27312,-20.38687],[164.27368,-20.38871],[164.27377,-20.39023],[164.27621,-20.39107],[164.27608,-20.39211],[164.27786,-20.39347],[164.27707,-20.39615],[164.27875,-20.39627],[164.27999,-20.39751],[164.2812,-20.39751],[164.28195,-20.39938],[164.28377,-20.3994],[164.28444,-20.40033],[164.28553,-20.40072],[164.28564,-20.402],[164.28702,-20.40318],[164.28686,-20.40569],[164.28415,-20.40811],[164.28466,-20.40949],[164.28411,-20.41021],[164.28503,-20.41268],[164.28468,-20.41341],[164.28345,-20.41396],[164.28285,-20.41479],[164.28046,-20.41538],[164.27767,-20.41769],[164.27686,-20.41964],[164.27558,-20.41996],[164.27426,-20.42123],[164.27644,-20.4236],[164.27635,-20.42467],[164.27434,-20.42599],[164.27229,-20.42882],[164.27046,-20.42965],[164.26965,-20.43081],[164.26862,-20.43127],[164.26846,-20.43233],[164.26652,-20.43278],[164.26343,-20.43154],[164.26264,-20.4315],[164.26032,-20.43025],[164.25905,-20.43102],[164.25685,-20.4317],[164.25595,-20.43158],[164.25284,-20.43213],[164.2505,-20.42984],[164.24917,-20.42976],[164.24827,-20.4287],[164.24728,-20.42935],[164.24508,-20.4277],[164.24399,-20.42818],[164.24217,-20.42679],[164.24017,-20.4264],[164.23858,-20.42534],[164.23729,-20.42527],[164.23651,-20.42662],[164.23457,-20.42695],[164.23378,-20.42592],[164.23387,-20.42518],[164.23228,-20.42331],[164.23078,-20.42368],[164.22845,-20.42256],[164.22742,-20.42265],[164.22596,-20.42136],[164.22512,-20.42013],[164.22496,-20.41912],[164.22381,-20.41807],[164.22355,-20.41726],[164.22226,-20.41632],[164.22031,-20.41786],[164.21823,-20.41745],[164.21771,-20.41684],[164.21766,-20.41523],[164.21704,-20.41452],[164.21368,-20.4134],[164.21223,-20.41214],[164.21327,-20.40977],[164.21197,-20.4092],[164.21153,-20.40761],[164.20945,-20.4069],[164.20829,-20.40604],[164.20724,-20.40472],[164.20512,-20.40363],[164.20307,-20.40319],[164.20212,-20.40334],[164.20182,-20.40177],[164.20053,-20.40111],[164.19931,-20.39977],[164.19885,-20.39755],[164.19782,-20.39727],[164.19705,-20.39577],[164.19491,-20.39477],[164.19272,-20.39237],[164.19174,-20.3917],[164.19094,-20.38977],[164.18807,-20.3891],[164.1878,-20.388],[164.18609,-20.38729],[164.18369,-20.38744],[164.1832,-20.38736],[164.18254,-20.38822],[164.1836,-20.3853],[164.1811,-20.38472],[164.18101,-20.3829],[164.18249,-20.38188],[164.18387,-20.38195],[164.18536,-20.38254],[164.18724,-20.38188],[164.18725,-20.38259],[164.18877,-20.38339],[164.19061,-20.38337],[164.19224,-20.38451],[164.1927,-20.38344],[164.19154,-20.38294],[164.1889,-20.3828],[164.18883,-20.38168],[164.18819,-20.38034],[164.18902,-20.37969],[164.18774,-20.37775],[164.18831,-20.37391],[164.19023,-20.37249],[164.18848,-20.37133],[164.18674,-20.3712],[164.18626,-20.37072],[164.18581,-20.36867],[164.18431,-20.36717],[164.18239,-20.36465],[164.18128,-20.36375],[164.18103,-20.36199],[164.18291,-20.36081],[164.1849,-20.35916],[164.18416,-20.35836],[164.18494,-20.35714],[164.18397,-20.35612],[164.18363,-20.35481],[164.18228,-20.35459],[164.18098,-20.35312],[164.17932,-20.35215],[164.17948,-20.35136],[164.1785,-20.34792],[164.17987,-20.34674],[164.17934,-20.34495],[164.18236,-20.34306],[164.18443,-20.34275],[164.18678,-20.34299],[164.18889,-20.34404],[164.18925,-20.34248],[164.19125,-20.34246],[164.18995,-20.34122],[164.18685,-20.33963],[164.18543,-20.34022],[164.18574,-20.33828],[164.18747,-20.33793],[164.18917,-20.33532],[164.19005,-20.33452],[164.18897,-20.33398],[164.18682,-20.33541],[164.18517,-20.33523],[164.18432,-20.33395],[164.18496,-20.3323],[164.18426,-20.33048],[164.18259,-20.3316],[164.18244,-20.33304],[164.18428,-20.33577],[164.18344,-20.33728],[164.18258,-20.33789],[164.1814,-20.33713],[164.18038,-20.33714],[164.17959,-20.33588],[164.18159,-20.33378],[164.18041,-20.33184],[164.18027,-20.32894],[164.17881,-20.32878],[164.17922,-20.33109],[164.17882,-20.33269],[164.18015,-20.33354],[164.17838,-20.3351],[164.17632,-20.33507],[164.17559,-20.33623],[164.17613,-20.33765],[164.17562,-20.33904],[164.17415,-20.33828],[164.17509,-20.3365],[164.17499,-20.33482],[164.17375,-20.33286],[164.17266,-20.33198],[164.17237,-20.33088],[164.17249,-20.32864],[164.17175,-20.3282],[164.1704,-20.32943],[164.16906,-20.32879],[164.16939,-20.32782],[164.16688,-20.32796],[164.16763,-20.32604],[164.16835,-20.32535],[164.16771,-20.32391],[164.16838,-20.32157],[164.16751,-20.32175],[164.16585,-20.32401],[164.16486,-20.32313],[164.166,-20.32218],[164.16535,-20.31989],[164.16374,-20.32049],[164.16354,-20.31901],[164.16284,-20.31809],[164.16129,-20.31768],[164.16033,-20.31864],[164.15891,-20.31779],[164.15916,-20.31649],[164.16015,-20.31641],[164.16124,-20.31516],[164.16324,-20.31457],[164.16364,-20.31336],[164.1618,-20.31348],[164.16117,-20.31232],[164.15992,-20.31151],[164.15869,-20.3118],[164.15805,-20.31258],[164.15723,-20.31188],[164.15531,-20.31214],[164.15511,-20.3113],[164.154,-20.31051],[164.15151,-20.30996],[164.15187,-20.30902],[164.15023,-20.30759],[164.15062,-20.30694],[164.15202,-20.30642],[164.15248,-20.30562],[164.15191,-20.30426],[164.15067,-20.30395],[164.1502,-20.30254],[164.14743,-20.30096],[164.14627,-20.30151],[164.14498,-20.29989],[164.14259,-20.29907],[164.14069,-20.29883],[164.13893,-20.29909],[164.13765,-20.29805],[164.13862,-20.29763],[164.13719,-20.29662],[164.13517,-20.2975],[164.13455,-20.29813],[164.13525,-20.30003],[164.13548,-20.3021],[164.13399,-20.30269],[164.13329,-20.30073],[164.13344,-20.29864],[164.13141,-20.29665],[164.12924,-20.29553],[164.12652,-20.29467],[164.12498,-20.29506],[164.12449,-20.29595],[164.12232,-20.295],[164.12014,-20.29501],[164.11883,-20.29398],[164.11515,-20.29344],[164.11134,-20.29363],[164.11066,-20.29222],[164.10718,-20.29201],[164.10342,-20.29303],[164.1009,-20.29178],[164.0999,-20.29304],[164.10089,-20.29326],[164.10222,-20.29557],[164.09995,-20.29619],[164.09837,-20.29765],[164.09805,-20.29852],[164.09881,-20.30021],[164.09994,-20.30159],[164.09753,-20.3024],[164.09659,-20.3008],[164.09561,-20.29834],[164.09287,-20.29832],[164.09182,-20.29863],[164.08991,-20.29978],[164.08919,-20.30073],[164.08754,-20.30059],[164.0868,-20.30153],[164.0859,-20.30083],[164.08695,-20.29826],[164.08668,-20.29757],[164.08526,-20.29816],[164.08296,-20.2985],[164.08214,-20.29999],[164.07987,-20.30079],[164.08184,-20.29864],[164.08275,-20.29831],[164.08352,-20.29732],[164.08465,-20.29696],[164.08524,-20.29611],[164.08535,-20.2947],[164.08504,-20.29327],[164.08344,-20.292],[164.08349,-20.29102],[164.0858,-20.2893],[164.08669,-20.28735],[164.08826,-20.28594],[164.08742,-20.28326],[164.0866,-20.28162],[164.0885,-20.28146],[164.08782,-20.28258],[164.08867,-20.28403],[164.09049,-20.28389],[164.0909,-20.28489],[164.09242,-20.28522],[164.09286,-20.286],[164.09455,-20.28705],[164.09476,-20.28766],[164.09645,-20.28759],[164.09429,-20.28591],[164.09475,-20.28494],[164.09873,-20.28789],[164.09962,-20.28751],[164.09967,-20.28645],[164.09865,-20.28569],[164.09933,-20.28438],[164.09819,-20.28415],[164.09787,-20.2834],[164.09873,-20.28198],[164.09677,-20.28074],[164.09331,-20.27888],[164.09211,-20.27734],[164.09164,-20.27605],[164.09157,-20.2739],[164.09032,-20.27172],[164.09253,-20.27089],[164.09347,-20.27129],[164.09536,-20.27094],[164.09571,-20.26942],[164.09714,-20.26852],[164.09787,-20.26898],[164.09842,-20.2705],[164.0998,-20.2706],[164.10208,-20.26946],[164.09992,-20.26878],[164.09933,-20.26793],[164.09781,-20.26794],[164.09708,-20.26613],[164.09541,-20.26642],[164.09316,-20.26569],[164.09191,-20.26458],[164.09113,-20.26333],[164.08879,-20.26186],[164.08925,-20.26041],[164.09018,-20.2596],[164.08932,-20.25823],[164.08766,-20.26004],[164.08684,-20.26009],[164.08593,-20.2615],[164.08463,-20.2617],[164.08457,-20.25995],[164.08412,-20.25825],[164.08199,-20.25714],[164.08051,-20.25504],[164.0782,-20.25379],[164.0747,-20.25323],[164.07326,-20.25269],[164.07181,-20.25271],[164.07047,-20.25141],[164.06924,-20.25175],[164.06813,-20.2532],[164.06583,-20.25342],[164.06591,-20.25454],[164.06664,-20.25509],[164.06542,-20.25646],[164.06538,-20.25743],[164.06442,-20.25851],[164.06474,-20.25916],[164.06612,-20.259],[164.06705,-20.26023],[164.06869,-20.26117],[164.06955,-20.26368],[164.06833,-20.26578],[164.06742,-20.26489],[164.06603,-20.26495],[164.06556,-20.26383],[164.06462,-20.26331],[164.06342,-20.26634],[164.06199,-20.26702],[164.06348,-20.26871],[164.06369,-20.27053],[164.06465,-20.27166],[164.06568,-20.27216],[164.06551,-20.27312],[164.06656,-20.27404],[164.06683,-20.27268],[164.06866,-20.27384],[164.07049,-20.27652],[164.07157,-20.27753],[164.07254,-20.27768],[164.073,-20.27866],[164.07212,-20.27936],[164.0705,-20.28206],[164.06898,-20.28318],[164.06701,-20.28552],[164.0654,-20.28696],[164.06462,-20.28809],[164.0635,-20.28856],[164.05965,-20.29111],[164.05883,-20.29215],[164.05689,-20.29233],[164.05286,-20.29333],[164.05045,-20.29458],[164.04961,-20.29474],[164.04603,-20.29648],[164.04308,-20.29887],[164.04214,-20.29884],[164.04016,-20.30117],[164.03883,-20.30053],[164.03735,-20.30096],[164.03737,-20.29981],[164.03576,-20.29863],[164.03464,-20.29825],[164.03486,-20.29731],[164.03369,-20.29643],[164.0312,-20.29585],[164.0302,-20.2962],[164.0292,-20.29393],[164.02941,-20.29245],[164.02895,-20.29109],[164.02803,-20.29055],[164.02786,-20.2888],[164.02866,-20.28837],[164.03047,-20.28611],[164.03395,-20.28563],[164.03511,-20.28496],[164.03714,-20.28288],[164.03727,-20.28109],[164.03704,-20.27919],[164.03616,-20.27745],[164.03452,-20.27564],[164.03279,-20.27415],[164.03094,-20.27326],[164.02902,-20.2732],[164.02825,-20.27474],[164.02678,-20.2736],[164.02685,-20.2727],[164.02621,-20.27152],[164.02461,-20.26968],[164.02301,-20.26855],[164.02242,-20.26698],[164.02023,-20.26527],[164.01471,-20.26233],[164.01309,-20.26241],[164.01235,-20.25978],[164.01103,-20.25819],[164.0093,-20.25686],[164.00604,-20.25481],[164.00623,-20.25348],[164.00559,-20.25189],[164.00386,-20.25035],[164.00206,-20.24929],[164.00034,-20.24881],[163.99991,-20.24818],[164.00125,-20.24595],[164.00116,-20.2442],[164.0031,-20.24354],[164.0041,-20.24148],[164.00529,-20.24025],[164.00685,-20.23574],[164.00894,-20.23664],[164.01133,-20.23647],[164.01504,-20.23469],[164.01962,-20.23281],[164.02115,-20.23283],[164.02327,-20.23166],[164.02409,-20.23018],[164.02509,-20.23024],[164.02819,-20.22927],[164.02994,-20.22933],[164.03131,-20.22812],[164.03228,-20.22573],[164.03297,-20.22654],[164.03483,-20.22712],[164.03673,-20.22804],[164.03851,-20.22942],[164.04181,-20.22989],[164.04497,-20.23008],[164.0445,-20.23152],[164.04492,-20.23266],[164.04609,-20.23386],[164.04697,-20.23543],[164.04853,-20.23638],[164.04983,-20.23648],[164.05104,-20.23541],[164.05313,-20.2349],[164.05367,-20.23547],[164.05552,-20.23522],[164.05651,-20.23579],[164.05702,-20.23866],[164.05692,-20.24199],[164.05759,-20.24347],[164.05909,-20.24481],[164.06169,-20.24548],[164.06395,-20.24826],[164.06394,-20.24571],[164.06474,-20.24516],[164.06603,-20.24536],[164.06725,-20.2462],[164.06908,-20.24523],[164.06951,-20.24242],[164.07108,-20.24181],[164.0717,-20.24042],[164.07078,-20.23904],[164.07051,-20.23661],[164.07079,-20.23522],[164.07205,-20.23413],[164.07299,-20.23207],[164.07157,-20.23127],[164.07087,-20.22948],[164.07202,-20.22888],[164.07174,-20.22802],[164.07271,-20.22745],[164.07136,-20.22345],[164.06892,-20.22188],[164.06891,-20.22066],[164.06982,-20.21954],[164.07021,-20.21785],[164.0694,-20.2161],[164.07023,-20.21489],[164.0707,-20.21224],[164.06978,-20.21209],[164.06856,-20.21045],[164.06882,-20.20963],[164.06706,-20.20948],[164.06726,-20.21111],[164.06561,-20.21289],[164.065,-20.21106],[164.06335,-20.21017],[164.06114,-20.20968],[164.05671,-20.20984],[164.05679,-20.2075],[164.0545,-20.20492],[164.05527,-20.20381],[164.05601,-20.20395],[164.05686,-20.20222],[164.05671,-20.20037],[164.05558,-20.19916],[164.05464,-20.19891],[164.0544,-20.19795],[164.0555,-20.19716],[164.05522,-20.1958],[164.05416,-20.19432],[164.05308,-20.19372],[164.0494,-20.1937],[164.04771,-20.19464],[164.04646,-20.19279],[164.04607,-20.19001],[164.0464,-20.1887],[164.04946,-20.18961],[164.05037,-20.18938],[164.05298,-20.19088],[164.05482,-20.19019],[164.05465,-20.19137],[164.0557,-20.19236],[164.05713,-20.19259],[164.05782,-20.19337],[164.05973,-20.19326],[164.06454,-20.19449],[164.06468,-20.19559],[164.06772,-20.1961],[164.07009,-20.19568],[164.07146,-20.19473],[164.07277,-20.19306],[164.07382,-20.19303],[164.07407,-20.19183],[164.0728,-20.19146],[164.07119,-20.1927],[164.07028,-20.1921],[164.0689,-20.19299],[164.06754,-20.19227],[164.06657,-20.19229],[164.06536,-20.19065],[164.06442,-20.18875],[164.06582,-20.1882],[164.06639,-20.18896],[164.0678,-20.18879],[164.06758,-20.18689],[164.06807,-20.18565],[164.06948,-20.18572],[164.07033,-20.18416],[164.07466,-20.18578],[164.0738,-20.18444],[164.07319,-20.18256],[164.07241,-20.18226],[164.07124,-20.18286],[164.07031,-20.18129],[164.07072,-20.17996],[164.06992,-20.17945],[164.06942,-20.17778],[164.06866,-20.17692],[164.06724,-20.17886],[164.06423,-20.17857],[164.06379,-20.1782],[164.0619,-20.1789],[164.06083,-20.17855],[164.06077,-20.18004],[164.06001,-20.18063],[164.05852,-20.17983],[164.05852,-20.17796],[164.05984,-20.17527],[164.06313,-20.17413],[164.06422,-20.17254],[164.06449,-20.1709],[164.06671,-20.17227],[164.06672,-20.17098],[164.06764,-20.1711],[164.06936,-20.17002],[164.06769,-20.16913],[164.06817,-20.16841],[164.0711,-20.16843],[164.0724,-20.16812],[164.07181,-20.16721],[164.06887,-20.16703],[164.0681,-20.16675],[164.06683,-20.16783],[164.06728,-20.16393],[164.06679,-20.16205],[164.06524,-20.15996],[164.06477,-20.15788],[164.06183,-20.15532],[164.06324,-20.15431],[164.06303,-20.15229],[164.06156,-20.15049],[164.05894,-20.14813],[164.05919,-20.14681],[164.05786,-20.14507],[164.05496,-20.1438],[164.05369,-20.14179],[164.05142,-20.1404],[164.04977,-20.13988],[164.04687,-20.14092],[164.04685,-20.13957],[164.04841,-20.13842],[164.04961,-20.13856],[164.05088,-20.13926],[164.05347,-20.14021],[164.05421,-20.13929],[164.05442,-20.13703],[164.05284,-20.13696],[164.05191,-20.13628],[164.0506,-20.13776],[164.04926,-20.13736],[164.04827,-20.13549],[164.04662,-20.1342],[164.04717,-20.13356],[164.04842,-20.13378],[164.04848,-20.13192],[164.04692,-20.13184],[164.04552,-20.13461],[164.04404,-20.13434],[164.04319,-20.13482],[164.04252,-20.13405],[164.04247,-20.13179],[164.04164,-20.13066],[164.04165,-20.12957],[164.04272,-20.12797],[164.04429,-20.12805],[164.04441,-20.12728],[164.04354,-20.12517],[164.04279,-20.12553],[164.04078,-20.12502],[164.03986,-20.1257],[164.04019,-20.12709],[164.03777,-20.12627],[164.03628,-20.1268],[164.03504,-20.12535],[164.03387,-20.12501],[164.03375,-20.12398],[164.03543,-20.12473],[164.03694,-20.12578],[164.03782,-20.12478],[164.03768,-20.12405],[164.03832,-20.12271],[164.03764,-20.12221],[164.03858,-20.12061],[164.03828,-20.11996],[164.03535,-20.12013],[164.03385,-20.12129],[164.0331,-20.12256],[164.03162,-20.12292],[164.03273,-20.12448],[164.03055,-20.12464],[164.03076,-20.12571],[164.0291,-20.126],[164.02757,-20.12693],[164.0254,-20.1293],[164.02427,-20.13241],[164.02523,-20.13353],[164.02406,-20.13675],[164.02547,-20.13821],[164.02457,-20.14069],[164.02546,-20.14185],[164.02526,-20.14387],[164.02548,-20.1457],[164.02448,-20.14544],[164.02075,-20.14629],[164.01856,-20.14587],[164.01721,-20.14395],[164.01874,-20.14304],[164.01829,-20.14105],[164.01651,-20.13908],[164.01704,-20.13633],[164.01621,-20.13506],[164.01753,-20.13346],[164.01909,-20.13276],[164.02111,-20.13396],[164.02151,-20.13329],[164.0212,-20.13137],[164.0224,-20.13],[164.02155,-20.12908],[164.02057,-20.13033],[164.01936,-20.13078],[164.01875,-20.13015],[164.01945,-20.12886],[164.01858,-20.1284],[164.01737,-20.12947],[164.01737,-20.13127],[164.01664,-20.13315],[164.01424,-20.13213],[164.01252,-20.13202],[164.01282,-20.13106],[164.01229,-20.12993],[164.01233,-20.12806],[164.01401,-20.12809],[164.01535,-20.12723],[164.01648,-20.1275],[164.01981,-20.12599],[164.02096,-20.12385],[164.02077,-20.12186],[164.02209,-20.11938],[164.02221,-20.11818],[164.02299,-20.11739],[164.02458,-20.11667],[164.02472,-20.1176],[164.02406,-20.11915],[164.02476,-20.12079],[164.028,-20.11938],[164.02706,-20.11782],[164.02722,-20.11659],[164.02823,-20.11655],[164.0287,-20.11544],[164.02839,-20.11408],[164.0287,-20.11328],[164.03007,-20.11277],[164.0302,-20.11216],[164.02799,-20.11177],[164.02836,-20.111],[164.03097,-20.10971],[164.03098,-20.1084],[164.02993,-20.10777],[164.02872,-20.10817],[164.02706,-20.10812],[164.0262,-20.10727],[164.02392,-20.10741],[164.02306,-20.10856],[164.02345,-20.10915],[164.02236,-20.11042],[164.02053,-20.1117],[164.01909,-20.11197],[164.0181,-20.11158],[164.01849,-20.1107],[164.01969,-20.11096],[164.02083,-20.11055],[164.02141,-20.10927],[164.02095,-20.10817],[164.02211,-20.10714],[164.02269,-20.10752],[164.02356,-20.1056],[164.02262,-20.10442],[164.0249,-20.10403],[164.02536,-20.10262],[164.02495,-20.10196],[164.02368,-20.10242],[164.02406,-20.10074],[164.02286,-20.10026],[164.02252,-20.10149],[164.02049,-20.1005],[164.02103,-20.09801],[164.0202,-20.09654],[164.0226,-20.09714],[164.0228,-20.09605],[164.02132,-20.09564],[164.02035,-20.09452],[164.01925,-20.09415],[164.01724,-20.0965],[164.01775,-20.09901],[164.0172,-20.09932],[164.0154,-20.09863],[164.01404,-20.0991],[164.01367,-20.10014],[164.01197,-20.10212],[164.01031,-20.10344],[164.01062,-20.10486],[164.0126,-20.1044],[164.01348,-20.10472],[164.01056,-20.10701],[164.00916,-20.10864],[164.00686,-20.109],[164.00539,-20.11048],[164.00452,-20.11306],[164.00281,-20.11285],[164.00243,-20.11154],[164.00152,-20.1106],[164.00225,-20.10989],[164.00113,-20.10833],[164.00169,-20.10739],[164.00166,-20.10609],[164.00044,-20.1044],[163.99902,-20.10404],[163.99666,-20.104],[163.99554,-20.10365],[163.99576,-20.10278],[163.99539,-20.10044],[163.99593,-20.10024],[163.99648,-20.09766],[163.99883,-20.09601],[164.00001,-20.09682],[164.0003,-20.09792],[163.99977,-20.09851],[164.00078,-20.10082],[164.00016,-20.10189],[164.00029,-20.10285],[164.00162,-20.10294],[164.00241,-20.10405],[164.00406,-20.10409],[164.00484,-20.10496],[164.00621,-20.10491],[164.00705,-20.10561],[164.00949,-20.10492],[164.00975,-20.1025],[164.01035,-20.10084],[164.00976,-20.09958],[164.01149,-20.09927],[164.01244,-20.09835],[164.01677,-20.09545],[164.01684,-20.09215],[164.01786,-20.09014],[164.0155,-20.09079],[164.01349,-20.09231],[164.01256,-20.0922],[164.01277,-20.09066],[164.01252,-20.08935],[164.01286,-20.08839],[164.0144,-20.08722],[164.01449,-20.08618],[164.01529,-20.0845],[164.01464,-20.08356],[164.01274,-20.08259],[164.01198,-20.08334],[164.01057,-20.08341],[164.00913,-20.08509],[164.00858,-20.08429],[164.00803,-20.08209],[164.00824,-20.0813],[164.00683,-20.08096],[164.00575,-20.08134],[164.00514,-20.0823],[164.00506,-20.08368],[164.0035,-20.08534],[164.00224,-20.08444],[164.00282,-20.08278],[164.00162,-20.08137],[164.00117,-20.07961],[164.00248,-20.07773],[164.00244,-20.07666],[164.00356,-20.07563],[164.0066,-20.07734],[164.00967,-20.07776],[164.01204,-20.08006],[164.01291,-20.0805],[164.0156,-20.08099],[164.01808,-20.08241],[164.01938,-20.08267],[164.02252,-20.08218],[164.02313,-20.0817],[164.02516,-20.08166],[164.02949,-20.07985],[164.03132,-20.07863],[164.03267,-20.07994],[164.03296,-20.08114],[164.03369,-20.08203],[164.03431,-20.08415],[164.03531,-20.0844],[164.03598,-20.08542],[164.0353,-20.08656],[164.03606,-20.08818],[164.03702,-20.08822],[164.03871,-20.08763],[164.04058,-20.08911],[164.04204,-20.08859],[164.04293,-20.08904],[164.0438,-20.09135],[164.04531,-20.093],[164.04598,-20.09457],[164.04704,-20.09572],[164.04827,-20.09802],[164.04755,-20.09871],[164.04784,-20.10039],[164.04917,-20.10211],[164.05054,-20.10306],[164.05175,-20.1031],[164.0528,-20.10232],[164.05375,-20.1032],[164.05329,-20.10497],[164.05371,-20.10634],[164.05631,-20.1075],[164.05572,-20.10831],[164.05388,-20.10726],[164.05266,-20.10744],[164.05126,-20.10868],[164.05174,-20.11118],[164.0527,-20.11043],[164.05429,-20.11046],[164.05507,-20.11143],[164.05424,-20.11241],[164.05405,-20.11341],[164.05471,-20.11468],[164.05639,-20.11313],[164.0573,-20.11094],[164.05648,-20.109],[164.05705,-20.10854],[164.05915,-20.11001],[164.05997,-20.11178],[164.06131,-20.11228],[164.06214,-20.11099],[164.06198,-20.1093],[164.06072,-20.10834],[164.05904,-20.10828],[164.05885,-20.10932],[164.05671,-20.10769],[164.05707,-20.1069],[164.0593,-20.1065],[164.05988,-20.10586],[164.05926,-20.1038],[164.0601,-20.10166],[164.06247,-20.10256],[164.06325,-20.10314],[164.06757,-20.11131],[164.06889,-20.11316],[164.06994,-20.1151],[164.07092,-20.11859],[164.07168,-20.12198],[164.07282,-20.1242],[164.07453,-20.12591],[164.07758,-20.12782],[164.07734,-20.12867],[164.0762,-20.12929],[164.07167,-20.12551],[164.07033,-20.12616],[164.06996,-20.12698],[164.07182,-20.12851],[164.07137,-20.12973],[164.07211,-20.13069],[164.07366,-20.13072],[164.07421,-20.13166],[164.07619,-20.13218],[164.07499,-20.13043],[164.07538,-20.12947],[164.07651,-20.12967],[164.07719,-20.12913],[164.07821,-20.13282],[164.07927,-20.1338],[164.08097,-20.13385],[164.08188,-20.13655],[164.083,-20.13781],[164.08431,-20.14061],[164.08536,-20.14383],[164.08706,-20.14553],[164.08787,-20.14553],[164.08905,-20.14635],[164.08991,-20.14614],[164.09133,-20.14662],[164.09192,-20.14771],[164.09209,-20.14961],[164.09352,-20.15448],[164.09489,-20.15689],[164.09606,-20.15802],[164.09785,-20.15876],[164.09964,-20.1581],[164.10037,-20.15912],[164.09958,-20.15964],[164.09951,-20.16078],[164.10107,-20.16017],[164.10278,-20.16051],[164.10318,-20.16134],[164.10259,-20.16209],[164.10307,-20.16326],[164.10213,-20.16403],[164.10311,-20.16499],[164.1043,-20.16369],[164.10294,-20.16198],[164.10369,-20.16166],[164.10459,-20.16292],[164.10705,-20.16274],[164.11139,-20.16572],[164.11324,-20.16766],[164.1146,-20.16813],[164.11581,-20.17011],[164.11806,-20.17146],[164.1196,-20.17145],[164.12298,-20.17287],[164.12391,-20.17389],[164.12829,-20.17514],[164.13127,-20.17518],[164.13242,-20.17483],[164.13197,-20.17762],[164.13206,-20.18004],[164.13329,-20.18061],[164.13426,-20.18161],[164.13598,-20.18253],[164.13659,-20.18357],[164.13585,-20.18481],[164.13672,-20.1858],[164.13702,-20.18704],[164.13855,-20.18883],[164.14057,-20.19041],[164.14328,-20.19145],[164.14536,-20.19296],[164.1462,-20.19466],[164.14636,-20.1971],[164.14687,-20.19897],[164.14862,-20.20072],[164.14885,-20.20168],[164.1507,-20.20425],[164.15294,-20.20666],[164.1552,-20.2079],[164.15668,-20.20923],[164.15764,-20.2108],[164.15747,-20.21199],[164.16108,-20.21385],[164.16322,-20.21659],[164.16386,-20.21783],[164.16357,-20.2205],[164.16431,-20.224],[164.16372,-20.22536],[164.16541,-20.22647],[164.16575,-20.2281],[164.16765,-20.23125],[164.16939,-20.2331],[164.16977,-20.23443],[164.17058,-20.23543],[164.16951,-20.2369],[164.1698,-20.23738],[164.17369,-20.23906],[164.17578,-20.23968],[164.17665,-20.23952],[164.17779,-20.24123],[164.1794,-20.24176],[164.18084,-20.24365],[164.18211,-20.24444],[164.18439,-20.2447],[164.1861,-20.2454],[164.18969,-20.24356],[164.19158,-20.24338],[164.19327,-20.24502],[164.19445,-20.24515],[164.19493,-20.24617],[164.19685,-20.24691],[164.19707,-20.24815],[164.1986,-20.2505],[164.2021,-20.25089],[164.20113,-20.24744],[164.20068,-20.24701],[164.2005,-20.24517],[164.2011,-20.24506],[164.20153,-20.24699],[164.20427,-20.25047],[164.2051,-20.25076],[164.20459,-20.25199],[164.20542,-20.2532],[164.2097,-20.25451],[164.21076,-20.25418],[164.21224,-20.25511],[164.21196,-20.25658],[164.21252,-20.25723],[164.21192,-20.25869],[164.21241,-20.25979],[164.21323,-20.26004],[164.21432,-20.26189],[164.21577,-20.26271],[164.21737,-20.26508],[164.21869,-20.26562],[164.22077,-20.26726],[164.22059,-20.26812],[164.22419,-20.27024],[164.22562,-20.27054],[164.22843,-20.26926],[164.23039,-20.26985],[164.23089,-20.27148],[164.23223,-20.27188],[164.23253,-20.27335],[164.23184,-20.27393],[164.23417,-20.27606],[164.23499,-20.27611],[164.23636,-20.27704],[164.23732,-20.27711],[164.24225,-20.28004],[164.2437,-20.2802],[164.24486,-20.28118],[164.24617,-20.2811],[164.24704,-20.28168],[164.24765,-20.28357],[164.24931,-20.28243],[164.24942,-20.28344],[164.25039,-20.28483],[164.25204,-20.28542],[164.25258,-20.28663],[164.25244,-20.28785],[164.25385,-20.28879],[164.25539,-20.28905],[164.25632,-20.28973],[164.25755,-20.28913],[164.25873,-20.29015],[164.2562,-20.29189],[164.25511,-20.29341],[164.25699,-20.29467],[164.25805,-20.2944],[164.25988,-20.29291],[164.26112,-20.29286],[164.26255,-20.29204],[164.26374,-20.29238],[164.26221,-20.29382],[164.26073,-20.29476],[164.26221,-20.2965],[164.26455,-20.2975],[164.26534,-20.29678],[164.26656,-20.29654],[164.26746,-20.29562],[164.26659,-20.29468],[164.2677,-20.29367],[164.27068,-20.29389],[164.2718,-20.29468],[164.27188,-20.29704],[164.27276,-20.29674],[164.27247,-20.29554],[164.2731,-20.29467],[164.27123,-20.29315],[164.2728,-20.29136],[164.27442,-20.29083],[164.2731,-20.28994],[164.27136,-20.29075],[164.27047,-20.29154],[164.26953,-20.29159],[164.26833,-20.28986],[164.26989,-20.2893],[164.27141,-20.28811],[164.27224,-20.28525],[164.26997,-20.28556],[164.2698,-20.28708],[164.26714,-20.2882],[164.26768,-20.28653],[164.26743,-20.28476],[164.26927,-20.28456],[164.27104,-20.28391],[164.27258,-20.28445],[164.27532,-20.28386],[164.2771,-20.28239],[164.27748,-20.28471],[164.279,-20.2856],[164.27929,-20.28653],[164.28026,-20.28648],[164.28169,-20.2847],[164.28243,-20.28495],[164.28424,-20.28442],[164.2862,-20.28596],[164.28606,-20.28681],[164.28693,-20.28923],[164.28771,-20.28832],[164.29043,-20.28763],[164.29193,-20.28649],[164.29223,-20.28538],[164.29361,-20.28522],[164.29484,-20.28309],[164.29667,-20.28398],[164.29685,-20.28494],[164.29921,-20.28659],[164.30137,-20.28742],[164.30129,-20.28821],[164.29989,-20.28913],[164.29966,-20.28778],[164.29808,-20.2874],[164.29713,-20.2864],[164.29524,-20.28709],[164.29471,-20.28792],[164.29485,-20.2891],[164.29308,-20.28953],[164.2938,-20.29159],[164.29561,-20.29205],[164.29563,-20.29415],[164.29351,-20.29427],[164.29231,-20.29353],[164.29161,-20.29444],[164.29312,-20.29555],[164.29368,-20.29673],[164.29627,-20.29703],[164.29875,-20.29576],[164.30005,-20.29664],[164.29875,-20.29978],[164.29924,-20.30076],[164.29778,-20.3027],[164.29931,-20.30349],[164.30015,-20.30294],[164.3009,-20.30167],[164.30236,-20.3014],[164.30377,-20.29923],[164.30474,-20.29981],[164.30641,-20.30259],[164.30731,-20.30297],[164.30673,-20.30444],[164.30785,-20.30452],[164.30823,-20.30586],[164.30898,-20.30681],[164.3093,-20.30854],[164.30879,-20.30972],[164.30775,-20.31015],[164.30648,-20.3094],[164.30601,-20.31056],[164.30662,-20.31182],[164.30531,-20.31262],[164.30485,-20.31202],[164.30358,-20.31285],[164.30198,-20.3127],[164.30202,-20.3135],[164.30398,-20.31429],[164.30219,-20.31497],[164.30108,-20.31458],[164.29998,-20.31355],[164.30028,-20.31192],[164.29749,-20.31291],[164.29553,-20.31288],[164.29496,-20.3121],[164.29373,-20.31307],[164.29322,-20.31156],[164.29202,-20.31203],[164.29177,-20.31307],[164.29007,-20.31243],[164.29016,-20.31013],[164.28867,-20.30963],[164.28737,-20.31062],[164.28847,-20.31139],[164.28807,-20.31233],[164.28641,-20.31432],[164.28656,-20.31478],[164.28958,-20.31484],[164.29135,-20.31677],[164.29151,-20.31782],[164.2926,-20.31764],[164.2929,-20.31862],[164.29391,-20.31923],[164.29398,-20.32007],[164.29487,-20.3209],[164.29607,-20.32116],[164.29463,-20.32333],[164.29743,-20.32385],[164.29736,-20.32494],[164.29791,-20.32611],[164.29895,-20.32679],[164.29958,-20.32618],[164.30267,-20.32698],[164.3044,-20.32651],[164.30302,-20.32357],[164.30291,-20.32238],[164.3038,-20.32181],[164.30351,-20.32099],[164.30478,-20.3185],[164.30611,-20.3182],[164.30651,-20.31746],[164.30801,-20.31798],[164.3081,-20.31953],[164.30466,-20.32167],[164.30516,-20.32233],[164.30662,-20.32241],[164.30603,-20.32378],[164.30599,-20.32525],[164.30844,-20.32468],[164.30892,-20.32375],[164.30829,-20.32274],[164.30991,-20.32027],[164.31072,-20.32105],[164.31042,-20.32313],[164.30939,-20.32413],[164.30948,-20.32489],[164.30807,-20.32586],[164.30759,-20.32754],[164.3089,-20.32881],[164.30943,-20.32816],[164.30946,-20.32678],[164.3111,-20.32541],[164.31166,-20.32595],[164.31365,-20.32643],[164.31354,-20.32797],[164.31517,-20.32743],[164.31539,-20.32632],[164.31406,-20.32392],[164.31408,-20.32267],[164.31276,-20.32176],[164.31196,-20.3192],[164.3135,-20.31886],[164.31518,-20.3168],[164.31594,-20.31671],[164.31859,-20.31493],[164.31908,-20.31634],[164.3184,-20.31718],[164.31753,-20.32042],[164.31887,-20.32024],[164.32035,-20.32281],[164.31978,-20.32386],[164.31799,-20.32562],[164.31863,-20.32684],[164.31709,-20.32702],[164.31696,-20.32901],[164.31572,-20.3287],[164.31327,-20.33084],[164.31333,-20.33209],[164.31467,-20.33251],[164.31699,-20.3319],[164.31814,-20.32958],[164.31964,-20.32903],[164.31988,-20.32749],[164.32072,-20.32767],[164.32073,-20.32902],[164.32163,-20.32903],[164.3217,-20.3275],[164.3213,-20.32545],[164.32221,-20.32515],[164.32401,-20.32573],[164.32373,-20.32858],[164.32148,-20.33141],[164.32062,-20.33282],[164.32184,-20.33291],[164.31993,-20.33536],[164.32097,-20.33594],[164.32066,-20.33824],[164.31881,-20.33875],[164.31803,-20.33997],[164.31852,-20.34064],[164.31978,-20.34003],[164.32112,-20.34074],[164.32261,-20.34004],[164.32258,-20.33902],[164.32414,-20.33628],[164.32607,-20.33805],[164.32687,-20.33735],[164.3271,-20.34054],[164.32846,-20.33818],[164.32861,-20.33704],[164.32799,-20.33606],[164.32771,-20.33449],[164.3287,-20.33085],[164.32798,-20.33008],[164.328,-20.32893],[164.32962,-20.32947],[164.33007,-20.33098],[164.3292,-20.33277],[164.32875,-20.33565],[164.32953,-20.33659],[164.33057,-20.33651],[164.33003,-20.33437],[164.3309,-20.33325],[164.33212,-20.33285],[164.33227,-20.33407],[164.33196,-20.33582],[164.33266,-20.33643],[164.33467,-20.33394],[164.33438,-20.33165],[164.33508,-20.3316],[164.3355,-20.3337],[164.33503,-20.33559],[164.33539,-20.33658],[164.3349,-20.33774],[164.33396,-20.33757],[164.33249,-20.33865],[164.33494,-20.33884],[164.33439,-20.33997],[164.33672,-20.33985],[164.33746,-20.33888],[164.33924,-20.34001],[164.34014,-20.3395],[164.33934,-20.3377],[164.33885,-20.3358],[164.33897,-20.33425],[164.33795,-20.33298],[164.3381,-20.33088],[164.33573,-20.32834],[164.33436,-20.32774],[164.33377,-20.32603],[164.33594,-20.32677],[164.33894,-20.32885],[164.34016,-20.33144],[164.33988,-20.33401],[164.34079,-20.33454],[164.33985,-20.33621],[164.33989,-20.33724],[164.34092,-20.33937],[164.34071,-20.34073],[164.33923,-20.34325],[164.33959,-20.34401],[164.33741,-20.34427],[164.33617,-20.3426],[164.33502,-20.34292],[164.33579,-20.34486],[164.33744,-20.34666],[164.33917,-20.34565],[164.33863,-20.34888],[164.33901,-20.34981],[164.33848,-20.35108],[164.34016,-20.35121],[164.33995,-20.34966],[164.34066,-20.34895],[164.3404,-20.34752],[164.341,-20.34682],[164.34219,-20.34723],[164.34211,-20.34587],[164.34135,-20.3456],[164.34118,-20.3436],[164.34281,-20.34322],[164.34268,-20.34158],[164.34481,-20.34015],[164.34499,-20.33784],[164.34677,-20.3373],[164.34723,-20.33889],[164.34571,-20.34283],[164.34674,-20.34265],[164.34784,-20.34101],[164.3493,-20.34248],[164.3482,-20.34443],[164.34803,-20.34563],[164.34981,-20.34461],[164.35136,-20.34305],[164.35241,-20.34268],[164.35265,-20.34379],[164.35354,-20.34382],[164.35364,-20.34525],[164.35491,-20.34501],[164.35433,-20.34275],[164.35576,-20.34337],[164.35576,-20.34583],[164.35477,-20.34559],[164.35393,-20.34613],[164.35332,-20.34759],[164.3541,-20.34936],[164.35455,-20.34713],[164.35585,-20.34723],[164.35615,-20.34931],[164.355,-20.35096],[164.35498,-20.35278],[164.35449,-20.35315],[164.35277,-20.35298],[164.35286,-20.3545]],[[164.13518,-20.18983],[164.13574,-20.19186],[164.13668,-20.19414],[164.13742,-20.1927],[164.13518,-20.18983]]],[[[163.81324,-20.02869],[163.8148,-20.02914],[163.815,-20.03072],[163.81679,-20.03062],[163.81776,-20.03014],[163.81911,-20.03196],[163.82054,-20.03213],[163.82361,-20.03472],[163.82387,-20.03605],[163.82606,-20.03671],[163.82812,-20.03842],[163.82827,-20.03993],[163.82904,-20.04174],[163.82831,-20.04319],[163.82857,-20.04432],[163.8303,-20.04617],[163.82954,-20.04806],[163.82857,-20.04772],[163.82659,-20.04823],[163.82424,-20.05001],[163.8235,-20.05005],[163.82209,-20.05166],[163.82047,-20.05444],[163.81996,-20.05651],[163.82081,-20.05875],[163.82088,-20.06165],[163.8217,-20.06204],[163.82248,-20.06359],[163.82352,-20.06374],[163.82418,-20.06487],[163.82382,-20.06636],[163.82493,-20.06785],[163.82623,-20.06853],[163.82614,-20.0703],[163.82797,-20.07238],[163.82725,-20.07307],[163.82613,-20.07639],[163.82601,-20.07813],[163.823,-20.07868],[163.82142,-20.07843],[163.81948,-20.07665],[163.81763,-20.07577],[163.81474,-20.07483],[163.8138,-20.0741],[163.81315,-20.07073],[163.81393,-20.06842],[163.81341,-20.06706],[163.81276,-20.06672],[163.81182,-20.06505],[163.81072,-20.06516],[163.80888,-20.0645],[163.80801,-20.0635],[163.80703,-20.06033],[163.80482,-20.06062],[163.80427,-20.05886],[163.80266,-20.05927],[163.80052,-20.05753],[163.79823,-20.05611],[163.79666,-20.05472],[163.79448,-20.05406],[163.79179,-20.05186],[163.79125,-20.05027],[163.78996,-20.05026],[163.78932,-20.04895],[163.7897,-20.04685],[163.79074,-20.04303],[163.79112,-20.04245],[163.79143,-20.04027],[163.79131,-20.03772],[163.7927,-20.03786],[163.79411,-20.03743],[163.79485,-20.03612],[163.79473,-20.03464],[163.79618,-20.03532],[163.79903,-20.03376],[163.7995,-20.03286],[163.79904,-20.03208],[163.80079,-20.03],[163.80173,-20.03008],[163.80219,-20.03123],[163.80372,-20.03129],[163.8051,-20.03053],[163.80529,-20.02908],[163.80673,-20.02928],[163.80854,-20.02869],[163.80888,-20.02979],[163.81082,-20.0303],[163.81188,-20.02875],[163.81324,-20.02869]]],[[[163.93495,-20.0251],[163.93457,-20.02635],[163.93314,-20.02728],[163.93272,-20.02984],[163.9316,-20.02921],[163.93117,-20.02822],[163.93251,-20.0255],[163.93406,-20.02594],[163.93495,-20.0251]]],[[[163.93295,-20.00427],[163.93328,-20.00575],[163.9344,-20.00706],[163.9351,-20.00926],[163.93539,-20.01259],[163.935,-20.01603],[163.9336,-20.01995],[163.9323,-20.01925],[163.93082,-20.01967],[163.93074,-20.01822],[163.92987,-20.0171],[163.92791,-20.01619],[163.92931,-20.01342],[163.93033,-20.00922],[163.92978,-20.0076],[163.93165,-20.00395],[163.93295,-20.00427]]],[[[163.9642,-20.00036],[163.9663,-20.00232],[163.96807,-20.00264],[163.96915,-20.00342],[163.96927,-20.00451],[163.97046,-20.00664],[163.97354,-20.00962],[163.97477,-20.00929],[163.97583,-20.01095],[163.9755,-20.01305],[163.97601,-20.01383],[163.97646,-20.01628],[163.97702,-20.01734],[163.9776,-20.01982],[163.97874,-20.0228],[163.97816,-20.02387],[163.97812,-20.02611],[163.97953,-20.02785],[163.97994,-20.02945],[163.9799,-20.03227],[163.98047,-20.03337],[163.98029,-20.03418],[163.98094,-20.03651],[163.98269,-20.04008],[163.98366,-20.04123],[163.98702,-20.04147],[163.98848,-20.04243],[163.99067,-20.04523],[163.9918,-20.04592],[163.99341,-20.04811],[163.99438,-20.04873],[163.99526,-20.04849],[163.99709,-20.04884],[163.99732,-20.05065],[163.99703,-20.05194],[163.99627,-20.05226],[163.99623,-20.05419],[163.99692,-20.05619],[163.99706,-20.05784],[163.99862,-20.06214],[163.99924,-20.06337],[163.99853,-20.0646],[163.999,-20.06674],[163.99863,-20.07085],[163.99717,-20.07193],[163.9954,-20.07188],[163.99405,-20.07252],[163.9929,-20.07423],[163.99223,-20.07615],[163.9886,-20.07888],[163.98714,-20.08228],[163.98608,-20.08293],[163.98524,-20.08109],[163.98348,-20.08106],[163.98042,-20.08184],[163.98011,-20.08047],[163.9793,-20.07906],[163.98078,-20.07662],[163.98154,-20.07684],[163.97953,-20.07871],[163.98049,-20.0801],[163.98173,-20.07765],[163.98479,-20.07574],[163.9848,-20.07344],[163.98568,-20.07382],[163.98629,-20.07517],[163.98534,-20.07669],[163.98808,-20.0752],[163.98968,-20.07535],[163.991,-20.07385],[163.99187,-20.07435],[163.9922,-20.0716],[163.99133,-20.07015],[163.99049,-20.06962],[163.9893,-20.07036],[163.98818,-20.07046],[163.98757,-20.06886],[163.98853,-20.06592],[163.98958,-20.06516],[163.99077,-20.06363],[163.99344,-20.06188],[163.99387,-20.06235],[163.99579,-20.06183],[163.99405,-20.06041],[163.9929,-20.06043],[163.99277,-20.05925],[163.99327,-20.05769],[163.99246,-20.05612],[163.99192,-20.05758],[163.99051,-20.05764],[163.98941,-20.05864],[163.98812,-20.05841],[163.98748,-20.06072],[163.98776,-20.06167],[163.98534,-20.06089],[163.98437,-20.05954],[163.98316,-20.05949],[163.98102,-20.058],[163.98091,-20.05982],[163.9805,-20.06093],[163.97838,-20.06015],[163.97767,-20.06024],[163.97836,-20.06208],[163.97947,-20.06265],[163.97976,-20.06353],[163.98086,-20.06369],[163.9809,-20.06538],[163.97993,-20.06669],[163.97819,-20.0672],[163.979,-20.06799],[163.97955,-20.06937],[163.97676,-20.0686],[163.97723,-20.06767],[163.97618,-20.0671],[163.97556,-20.06609],[163.97546,-20.06442],[163.97416,-20.06435],[163.97184,-20.06557],[163.96988,-20.0653],[163.97009,-20.06749],[163.97091,-20.06776],[163.97098,-20.06617],[163.9725,-20.06601],[163.97424,-20.06813],[163.97259,-20.07025],[163.97028,-20.07106],[163.97061,-20.0717],[163.96987,-20.07319],[163.96669,-20.07568],[163.96606,-20.07754],[163.96541,-20.0784],[163.96307,-20.07858],[163.96199,-20.07816],[163.96231,-20.07638],[163.96013,-20.07389],[163.95492,-20.07134],[163.9535,-20.07102],[163.9528,-20.06981],[163.95186,-20.06912],[163.95229,-20.06667],[163.95287,-20.06608],[163.95225,-20.06395],[163.9524,-20.06067],[163.95359,-20.05957],[163.95507,-20.059],[163.95678,-20.05651],[163.95471,-20.05717],[163.95362,-20.05858],[163.95314,-20.05785],[163.95415,-20.05707],[163.95453,-20.0557],[163.95403,-20.05253],[163.95355,-20.05088],[163.9548,-20.05082],[163.95568,-20.04983],[163.95559,-20.04734],[163.95478,-20.04606],[163.957,-20.04334],[163.95747,-20.04107],[163.95881,-20.03974],[163.9595,-20.0403],[163.95866,-20.04288],[163.95754,-20.04522],[163.959,-20.04532],[163.95948,-20.04648],[163.96136,-20.04502],[163.96398,-20.04681],[163.96551,-20.04643],[163.96507,-20.0434],[163.96152,-20.03916],[163.95989,-20.03842],[163.95839,-20.03851],[163.95658,-20.03944],[163.95503,-20.03848],[163.95212,-20.03776],[163.95095,-20.03808],[163.94911,-20.03624],[163.94812,-20.03476],[163.94592,-20.03415],[163.94578,-20.03293],[163.94603,-20.03027],[163.94729,-20.02982],[163.94872,-20.03184],[163.95071,-20.03191],[163.95089,-20.03335],[163.95336,-20.03412],[163.9541,-20.03403],[163.9553,-20.03691],[163.95735,-20.03744],[163.95934,-20.03575],[163.96086,-20.03619],[163.96391,-20.03561],[163.96376,-20.03475],[163.96264,-20.03478],[163.9627,-20.03285],[163.96144,-20.03122],[163.96284,-20.02924],[163.9625,-20.02771],[163.96025,-20.02782],[163.96148,-20.02629],[163.96293,-20.0257],[163.96199,-20.02437],[163.96026,-20.02477],[163.95981,-20.0241],[163.9581,-20.02325],[163.95857,-20.02145],[163.95974,-20.02159],[163.95947,-20.02308],[163.96064,-20.02356],[163.96211,-20.02325],[163.96368,-20.02131],[163.96439,-20.02163],[163.96483,-20.02352],[163.96648,-20.02452],[163.96787,-20.02491],[163.96941,-20.0266],[163.97008,-20.02584],[163.96816,-20.02216],[163.9678,-20.02082],[163.96786,-20.01864],[163.96831,-20.01847],[163.97096,-20.01953],[163.97257,-20.01986],[163.97069,-20.01764],[163.97172,-20.01404],[163.96904,-20.01481],[163.96682,-20.01467],[163.96601,-20.0135],[163.96512,-20.01326],[163.96405,-20.01107],[163.96283,-20.01132],[163.96202,-20.01249],[163.96271,-20.0132],[163.96168,-20.01425],[163.96027,-20.01498],[163.95916,-20.01398],[163.95778,-20.01458],[163.95878,-20.01535],[163.95776,-20.01627],[163.95911,-20.01741],[163.96026,-20.01685],[163.96019,-20.01863],[163.95932,-20.01885],[163.95753,-20.01736],[163.95446,-20.01621],[163.95254,-20.01513],[163.95455,-20.01185],[163.95433,-20.01061],[163.9535,-20.00994],[163.95282,-20.00813],[163.95533,-20.00722],[163.95836,-20.00507],[163.95893,-20.00379],[163.96039,-20.00313],[163.96039,-20.00577],[163.96222,-20.00432],[163.96294,-20.00504],[163.96101,-20.00703],[163.95889,-20.00779],[163.95842,-20.00895],[163.95918,-20.00962],[163.9605,-20.00881],[163.96115,-20.0075],[163.96203,-20.00728],[163.96412,-20.00425],[163.96161,-20.00407],[163.96019,-20.00253],[163.96154,-20.0016],[163.96167,-20.00092],[163.96363,-20.00116],[163.9642,-20.00036]]],[[[163.95938,-19.99617],[163.96091,-19.99663],[163.96239,-19.99795],[163.96246,-19.99864],[163.9609,-19.99947],[163.96066,-19.99839],[163.959,-19.99672],[163.95938,-19.99617]]],[[[163.93162,-19.9734],[163.93336,-19.97341],[163.93444,-19.97452],[163.93517,-19.97781],[163.93419,-19.97904],[163.93206,-19.9785],[163.92978,-19.97942],[163.9261,-19.97616],[163.92571,-19.97485],[163.9301,-19.97401],[163.93068,-19.97311],[163.93162,-19.9734]]]]}},{"type":"Feature","id":"fr-commune-98827","properties":{"id":"fr-commune-98827","name":"Poya","kind":"commune","center":[165.1764,-21.3374],"code":"98827","department":"988"},"bbox":[164.97811,-21.5025,165.37477,-21.17208],"geometry":{"type":"MultiPolygon","coordinates":[[[[165.16687,-21.47724],[165.16903,-21.47884],[165.16758,-21.47925],[165.16687,-21.47724]]],[[[165.02253,-21.37132],[165.02109,-21.37213],[165.02054,-21.3738],[165.02101,-21.37555],[165.01993,-21.37683],[165.01901,-21.37582],[165.01697,-21.3715],[165.01776,-21.37122],[165.01988,-21.37153],[165.02253,-21.37132]]],[[[165.03805,-21.36977],[165.04248,-21.37215],[165.04429,-21.37343],[165.04732,-21.37477],[165.04833,-21.37576],[165.05216,-21.37741],[165.0536,-21.37983],[165.05347,-21.38039],[165.05195,-21.38156],[165.05188,-21.38328],[165.05109,-21.38441],[165.0482,-21.38674],[165.04664,-21.38964],[165.04478,-21.39072],[165.04225,-21.39306],[165.04035,-21.39351],[165.03965,-21.39313],[165.03928,-21.39142],[165.03724,-21.38966],[165.03696,-21.38775],[165.03743,-21.38621],[165.03882,-21.38615],[165.04003,-21.38701],[165.04198,-21.38726],[165.0436,-21.38646],[165.04466,-21.38517],[165.04477,-21.38383],[165.04409,-21.38303],[165.04294,-21.38272],[165.04157,-21.38457],[165.04078,-21.3849],[165.03909,-21.38435],[165.03815,-21.38325],[165.03752,-21.3838],[165.03612,-21.38315],[165.03402,-21.38374],[165.03261,-21.38373],[165.03082,-21.38506],[165.03019,-21.38406],[165.03037,-21.38079],[165.03084,-21.38012],[165.03228,-21.37956],[165.03367,-21.37853],[165.03596,-21.37735],[165.03676,-21.37641],[165.03754,-21.37352],[165.03805,-21.36977]]],[[[164.98578,-21.36011],[164.98449,-21.35842],[164.98457,-21.35672],[164.98774,-21.35492],[164.99019,-21.35222],[164.98996,-21.35025],[164.9906,-21.34914],[164.99179,-21.34946],[164.99328,-21.34908],[164.99661,-21.34921],[164.99952,-21.35108],[165.00115,-21.35163],[165.00229,-21.35294],[165.00387,-21.35569],[165.00586,-21.35649],[165.00846,-21.35861],[165.00972,-21.3588],[165.01043,-21.35979],[165.01011,-21.36084],[165.00614,-21.36397],[165.00439,-21.36571],[165.00457,-21.36767],[165.00436,-21.37044],[165.00367,-21.3712],[165.00232,-21.37068],[165.00108,-21.37086],[164.99757,-21.37237],[164.99604,-21.3722],[164.99413,-21.3728],[164.99265,-21.37155],[164.99341,-21.37003],[164.99271,-21.36856],[164.99003,-21.36622],[164.98829,-21.36522],[164.98695,-21.36175],[164.98578,-21.36011]]],[[[165.14494,-21.35152],[165.14382,-21.35149],[165.14433,-21.34939],[165.14532,-21.35019],[165.14494,-21.35152]]],[[[165.14929,-21.34843],[165.15023,-21.34924],[165.14943,-21.34987],[165.14845,-21.34945],[165.14929,-21.34843]]],[[[165.02708,-21.36305],[165.02614,-21.36186],[165.02603,-21.3609],[165.0265,-21.35893],[165.02848,-21.35601],[165.02921,-21.35428],[165.02927,-21.35111],[165.03053,-21.34894],[165.03127,-21.35015],[165.0305,-21.35275],[165.03033,-21.35532],[165.02952,-21.35723],[165.02822,-21.35926],[165.02741,-21.36256],[165.02708,-21.36305]]],[[[164.97811,-21.30718],[164.98143,-21.30305],[164.98388,-21.30137],[164.98535,-21.29921],[164.98656,-21.29836],[164.98774,-21.2966],[164.98714,-21.29382],[164.98823,-21.29405],[164.98962,-21.29248],[164.99055,-21.29368],[164.99191,-21.29302],[164.99305,-21.29192],[164.99457,-21.29281],[164.99491,-21.2912],[164.99631,-21.29147],[164.99859,-21.2892],[165,-21.28903],[165.00005,-21.28794],[165.00074,-21.28643],[165.00173,-21.28641],[165.00361,-21.28567],[165.00387,-21.28494],[165.00572,-21.28567],[165.00871,-21.28825],[165.01207,-21.29001],[165.01462,-21.29035],[165.01596,-21.29097],[165.01682,-21.29198],[165.01756,-21.292],[165.0189,-21.29103],[165.01971,-21.28808],[165.02017,-21.28753],[165.0221,-21.28661],[165.02357,-21.28527],[165.0241,-21.28405],[165.02583,-21.28351],[165.02727,-21.28202],[165.02711,-21.28108],[165.02902,-21.27901],[165.02981,-21.2788],[165.03107,-21.27673],[165.03363,-21.27679],[165.0343,-21.27638],[165.03579,-21.27436],[165.03585,-21.27335],[165.03745,-21.27179],[165.0371,-21.27046],[165.03889,-21.26726],[165.04416,-21.26656],[165.04615,-21.2647],[165.04761,-21.26248],[165.04871,-21.26248],[165.05259,-21.26129],[165.05347,-21.26125],[165.0542,-21.26003],[165.05445,-21.25807],[165.05184,-21.25479],[165.05172,-21.25288],[165.05427,-21.25112],[165.05565,-21.25079],[165.05845,-21.24782],[165.06058,-21.2463],[165.06187,-21.24595],[165.06536,-21.24383],[165.06543,-21.2426],[165.0671,-21.24297],[165.0684,-21.24267],[165.07021,-21.24308],[165.07246,-21.24401],[165.07593,-21.24351],[165.07718,-21.24161],[165.08035,-21.24137],[165.08292,-21.24029],[165.08493,-21.24057],[165.08632,-21.24125],[165.09055,-21.23838],[165.09188,-21.23819],[165.09121,-21.23664],[165.09557,-21.23479],[165.09603,-21.23395],[165.09794,-21.23194],[165.09985,-21.23091],[165.10066,-21.22947],[165.10178,-21.22852],[165.10212,-21.227],[165.10446,-21.22518],[165.10714,-21.22464],[165.10766,-21.22299],[165.11083,-21.22213],[165.11376,-21.22003],[165.11562,-21.21807],[165.11601,-21.21577],[165.11685,-21.21512],[165.11788,-21.21533],[165.11919,-21.21441],[165.12106,-21.21447],[165.12182,-21.21347],[165.12292,-21.21359],[165.1237,-21.21288],[165.12636,-21.21234],[165.12792,-21.21283],[165.12938,-21.21381],[165.1315,-21.2132],[165.13337,-21.21454],[165.1355,-21.21531],[165.13687,-21.21615],[165.13671,-21.21749],[165.13778,-21.21769],[165.13769,-21.21898],[165.14027,-21.22079],[165.14087,-21.22179],[165.14192,-21.22198],[165.14291,-21.22326],[165.14302,-21.22577],[165.14205,-21.22675],[165.1425,-21.22865],[165.14359,-21.22903],[165.14396,-21.23042],[165.14473,-21.23081],[165.14648,-21.23054],[165.14792,-21.23082],[165.15132,-21.22731],[165.15215,-21.22862],[165.15435,-21.22834],[165.15604,-21.22934],[165.15589,-21.22783],[165.15763,-21.22706],[165.15832,-21.22766],[165.16467,-21.22717],[165.16571,-21.22628],[165.16746,-21.22577],[165.16892,-21.2259],[165.16981,-21.22465],[165.16984,-21.22352],[165.1687,-21.2238],[165.16986,-21.21925],[165.17133,-21.218],[165.17415,-21.2168],[165.17462,-21.21618],[165.17651,-21.21648],[165.17744,-21.21569],[165.17763,-21.21424],[165.17846,-21.21321],[165.17888,-21.21185],[165.18006,-21.21025],[165.18119,-21.20956],[165.18333,-21.2072],[165.18317,-21.20555],[165.18408,-21.20465],[165.18692,-21.20523],[165.18819,-21.20408],[165.18958,-21.20418],[165.19061,-21.20165],[165.19182,-21.20087],[165.19396,-21.20086],[165.19509,-21.20039],[165.19597,-21.19877],[165.19707,-21.19927],[165.19756,-21.20115],[165.19998,-21.20272],[165.20198,-21.20235],[165.20282,-21.20424],[165.20527,-21.20515],[165.20591,-21.20451],[165.20717,-21.20433],[165.20843,-21.20312],[165.2113,-21.20408],[165.21393,-21.20273],[165.21526,-21.20391],[165.2169,-21.20597],[165.21795,-21.2063],[165.21938,-21.20743],[165.22052,-21.20752],[165.22209,-21.20902],[165.22354,-21.21082],[165.2265,-21.21276],[165.22887,-21.21193],[165.23083,-21.2133],[165.23213,-21.21128],[165.23272,-21.20936],[165.23292,-21.20599],[165.23236,-21.20464],[165.23315,-21.2035],[165.23255,-21.20231],[165.23301,-21.20061],[165.23296,-21.19906],[165.23082,-21.19655],[165.23066,-21.19538],[165.23261,-21.19317],[165.23456,-21.19248],[165.23589,-21.19088],[165.23707,-21.1908],[165.24012,-21.18992],[165.24089,-21.19012],[165.24288,-21.18918],[165.24576,-21.19041],[165.24715,-21.19143],[165.24924,-21.19213],[165.24953,-21.18911],[165.24897,-21.18744],[165.24896,-21.18623],[165.25054,-21.18457],[165.2528,-21.18319],[165.25454,-21.18245],[165.25591,-21.18148],[165.25616,-21.18059],[165.25547,-21.17786],[165.25613,-21.1748],[165.25689,-21.17264],[165.25741,-21.17208],[165.26121,-21.17443],[165.2613,-21.17537],[165.26265,-21.17643],[165.26488,-21.17664],[165.26699,-21.176],[165.26775,-21.17685],[165.26959,-21.17765],[165.27192,-21.17911],[165.27268,-21.17892],[165.276,-21.17895],[165.27666,-21.17846],[165.27856,-21.17874],[165.27913,-21.17751],[165.28122,-21.17671],[165.28326,-21.17806],[165.28446,-21.17797],[165.28873,-21.18224],[165.29045,-21.18286],[165.29224,-21.18279],[165.29333,-21.1835],[165.29549,-21.18356],[165.29556,-21.18474],[165.29635,-21.18594],[165.29808,-21.18681],[165.29917,-21.18876],[165.29907,-21.18947],[165.29994,-21.19077],[165.30018,-21.19341],[165.29915,-21.19436],[165.29947,-21.19542],[165.30067,-21.19625],[165.30091,-21.19705],[165.30217,-21.19836],[165.30251,-21.20007],[165.3022,-21.201],[165.30398,-21.2036],[165.304,-21.20571],[165.30626,-21.20659],[165.30623,-21.20717],[165.30777,-21.208],[165.30821,-21.20883],[165.31081,-21.21001],[165.31214,-21.21012],[165.31391,-21.21165],[165.31629,-21.21301],[165.31788,-21.2165],[165.31935,-21.21674],[165.32089,-21.21776],[165.32182,-21.21977],[165.32317,-21.22063],[165.32401,-21.22326],[165.32492,-21.22241],[165.32904,-21.22186],[165.33181,-21.22168],[165.33397,-21.22091],[165.33551,-21.22122],[165.33697,-21.2197],[165.33848,-21.21913],[165.33916,-21.2176],[165.3408,-21.21717],[165.3425,-21.21718],[165.34375,-21.21768],[165.34736,-21.21789],[165.3481,-21.21898],[165.34985,-21.21978],[165.351,-21.22153],[165.35352,-21.22312],[165.35408,-21.22394],[165.35558,-21.22415],[165.35773,-21.22524],[165.3581,-21.22641],[165.35713,-21.22759],[165.35675,-21.22917],[165.35538,-21.23094],[165.35554,-21.23201],[165.35485,-21.23334],[165.35498,-21.23405],[165.35373,-21.23709],[165.35411,-21.23867],[165.35616,-21.24151],[165.35666,-21.24345],[165.35557,-21.24476],[165.35735,-21.24756],[165.35571,-21.24851],[165.35586,-21.25102],[165.35525,-21.25211],[165.35513,-21.25385],[165.35596,-21.25511],[165.35591,-21.25735],[165.3567,-21.25905],[165.3571,-21.26222],[165.35606,-21.26413],[165.35574,-21.26538],[165.35465,-21.26576],[165.35204,-21.26549],[165.35107,-21.2651],[165.34875,-21.26497],[165.34683,-21.26519],[165.34484,-21.26634],[165.34421,-21.26728],[165.34534,-21.2681],[165.34581,-21.26907],[165.34778,-21.27046],[165.34929,-21.27268],[165.34925,-21.27327],[165.35043,-21.27519],[165.35222,-21.27509],[165.35359,-21.2755],[165.35535,-21.27703],[165.35661,-21.27771],[165.35669,-21.27864],[165.35787,-21.28034],[165.35761,-21.28134],[165.35812,-21.28455],[165.36041,-21.28519],[165.36285,-21.28784],[165.36365,-21.28808],[165.36472,-21.28963],[165.36466,-21.29065],[165.36608,-21.29216],[165.36761,-21.2931],[165.36685,-21.29449],[165.36697,-21.29581],[165.36821,-21.2971],[165.3666,-21.29974],[165.36727,-21.3009],[165.36723,-21.30243],[165.36855,-21.30331],[165.36967,-21.30526],[165.36982,-21.30693],[165.36892,-21.30817],[165.36826,-21.31024],[165.36738,-21.31069],[165.36702,-21.31199],[165.36764,-21.31393],[165.36637,-21.31452],[165.36788,-21.31569],[165.36801,-21.318],[165.36774,-21.3203],[165.36847,-21.31999],[165.37061,-21.32081],[165.37074,-21.32256],[165.37003,-21.32352],[165.37013,-21.32492],[165.36896,-21.32681],[165.37098,-21.32852],[165.37115,-21.32938],[165.36993,-21.33086],[165.37002,-21.33191],[165.36375,-21.3312],[165.36029,-21.31938],[165.35799,-21.31978],[165.3539,-21.31807],[165.35329,-21.31765],[165.35069,-21.31709],[165.34895,-21.31637],[165.35052,-21.30798],[165.34358,-21.30471],[165.33165,-21.31148],[165.33499,-21.31338],[165.33611,-21.31424],[165.33648,-21.31553],[165.33997,-21.3235],[165.34276,-21.3283],[165.35279,-21.33636],[165.352,-21.33908],[165.3683,-21.34118],[165.36712,-21.34243],[165.36862,-21.34509],[165.36824,-21.34662],[165.36748,-21.34725],[165.36589,-21.35],[165.3622,-21.35266],[165.36119,-21.35444],[165.35934,-21.3562],[165.35629,-21.35829],[165.35521,-21.36028],[165.35224,-21.36201],[165.35198,-21.36297],[165.35261,-21.36407],[165.35567,-21.36276],[165.35673,-21.36344],[165.35859,-21.36523],[165.35937,-21.36489],[165.36073,-21.36605],[165.36106,-21.36748],[165.36072,-21.36867],[165.36173,-21.37],[165.36333,-21.37041],[165.36305,-21.37163],[165.36356,-21.37294],[165.36342,-21.37516],[165.36391,-21.37701],[165.36495,-21.37859],[165.36601,-21.37936],[165.36774,-21.38131],[165.37038,-21.38259],[165.3701,-21.3842],[165.37078,-21.38519],[165.37073,-21.38727],[165.37156,-21.38751],[165.37187,-21.38871],[165.37164,-21.39032],[165.37237,-21.39174],[165.37402,-21.39343],[165.37337,-21.3963],[165.37424,-21.39725],[165.37477,-21.39911],[165.37408,-21.40103],[165.37307,-21.40202],[165.37349,-21.4059],[165.3741,-21.40712],[165.37451,-21.41179],[165.37304,-21.41179],[165.3713,-21.41332],[165.37127,-21.41415],[165.37008,-21.41517],[165.36796,-21.41545],[165.36509,-21.41673],[165.36392,-21.41787],[165.36105,-21.41677],[165.35879,-21.41676],[165.35382,-21.41444],[165.35189,-21.41467],[165.3496,-21.41424],[165.34746,-21.41356],[165.34624,-21.4127],[165.34399,-21.41299],[165.343,-21.41276],[165.34172,-21.41328],[165.34136,-21.41397],[165.33841,-21.41404],[165.3375,-21.41466],[165.33561,-21.415],[165.33486,-21.41555],[165.33223,-21.41571],[165.33001,-21.41638],[165.32772,-21.41757],[165.32654,-21.41895],[165.32511,-21.4219],[165.32545,-21.42397],[165.32351,-21.42595],[165.32241,-21.42672],[165.32089,-21.42708],[165.32031,-21.42946],[165.31751,-21.43211],[165.31626,-21.43571],[165.31379,-21.43705],[165.31291,-21.43943],[165.31174,-21.44065],[165.31054,-21.44102],[165.30934,-21.44356],[165.30848,-21.44417],[165.30814,-21.44611],[165.30681,-21.44663],[165.30618,-21.44745],[165.30523,-21.44711],[165.30451,-21.44767],[165.30427,-21.44955],[165.30357,-21.45093],[165.30242,-21.45172],[165.30203,-21.45327],[165.30286,-21.45426],[165.30134,-21.45632],[165.29955,-21.45641],[165.29792,-21.45442],[165.29707,-21.45603],[165.2946,-21.45581],[165.29314,-21.45642],[165.29133,-21.45644],[165.29086,-21.45695],[165.29266,-21.4594],[165.29186,-21.45991],[165.28912,-21.46037],[165.28805,-21.46014],[165.28757,-21.46093],[165.28797,-21.46348],[165.2862,-21.46345],[165.2848,-21.46235],[165.28319,-21.46592],[165.28361,-21.46662],[165.28551,-21.46724],[165.28647,-21.4686],[165.28837,-21.46913],[165.28884,-21.46999],[165.29033,-21.46992],[165.29053,-21.47087],[165.29166,-21.47312],[165.29084,-21.47507],[165.28946,-21.47689],[165.28896,-21.4784],[165.28611,-21.4783],[165.28437,-21.47908],[165.28324,-21.47854],[165.28198,-21.47947],[165.28045,-21.47952],[165.27846,-21.47858],[165.27772,-21.4787],[165.27492,-21.47824],[165.27382,-21.48139],[165.27312,-21.48111],[165.27184,-21.48203],[165.27199,-21.48321],[165.27054,-21.48548],[165.26916,-21.48618],[165.26877,-21.48744],[165.26694,-21.48748],[165.26631,-21.48817],[165.26623,-21.48974],[165.26504,-21.49003],[165.26341,-21.4896],[165.26239,-21.49136],[165.26121,-21.4901],[165.25956,-21.49055],[165.25873,-21.49183],[165.25773,-21.4911],[165.25473,-21.49193],[165.25454,-21.49305],[165.25252,-21.49258],[165.25147,-21.4915],[165.25044,-21.49239],[165.24866,-21.49282],[165.24847,-21.494],[165.24687,-21.49275],[165.24489,-21.49254],[165.24431,-21.49158],[165.24161,-21.49091],[165.24026,-21.49218],[165.23774,-21.49068],[165.2372,-21.48951],[165.23435,-21.49032],[165.23409,-21.48931],[165.23273,-21.4908],[165.23251,-21.4921],[165.23088,-21.493],[165.22936,-21.49344],[165.22843,-21.49324],[165.22748,-21.49416],[165.22742,-21.49523],[165.22591,-21.49599],[165.22552,-21.4972],[165.22421,-21.49731],[165.22381,-21.49833],[165.22489,-21.49924],[165.22435,-21.50018],[165.22062,-21.50104],[165.22026,-21.50148],[165.2166,-21.5025],[165.21449,-21.50216],[165.21281,-21.5001],[165.21367,-21.49766],[165.21355,-21.49592],[165.21283,-21.49491],[165.21451,-21.49324],[165.21654,-21.48951],[165.21787,-21.48948],[165.21857,-21.49008],[165.22024,-21.48939],[165.21951,-21.48836],[165.2154,-21.48799],[165.21443,-21.48958],[165.21275,-21.49105],[165.21006,-21.49292],[165.20666,-21.49324],[165.20509,-21.49259],[165.2054,-21.49181],[165.2047,-21.49063],[165.20192,-21.49018],[165.19994,-21.48912],[165.19958,-21.48794],[165.20007,-21.4867],[165.19861,-21.48526],[165.19675,-21.48451],[165.19446,-21.48585],[165.19213,-21.48693],[165.18843,-21.48731],[165.18681,-21.48708],[165.18558,-21.4862],[165.18545,-21.48551],[165.18353,-21.48508],[165.18267,-21.48281],[165.18206,-21.48198],[165.18176,-21.47991],[165.18232,-21.4789],[165.17996,-21.47836],[165.17768,-21.47845],[165.17679,-21.47686],[165.17567,-21.47672],[165.17516,-21.47548],[165.17334,-21.47498],[165.1728,-21.47425],[165.17167,-21.47487],[165.17252,-21.47684],[165.17149,-21.4781],[165.17044,-21.47718],[165.16892,-21.47717],[165.16603,-21.47393],[165.16467,-21.47508],[165.16476,-21.47693],[165.16301,-21.47561],[165.16307,-21.47415],[165.16224,-21.47302],[165.16107,-21.47258],[165.16122,-21.47097],[165.15995,-21.47032],[165.15924,-21.46913],[165.15805,-21.4697],[165.15711,-21.46826],[165.15375,-21.46595],[165.15268,-21.46418],[165.15119,-21.46321],[165.15044,-21.4623],[165.14781,-21.46066],[165.14928,-21.45961],[165.14841,-21.45726],[165.14771,-21.45841],[165.14604,-21.45804],[165.14597,-21.45653],[165.1453,-21.45579],[165.14511,-21.45426],[165.1457,-21.45341],[165.14536,-21.45257],[165.14404,-21.45172],[165.14017,-21.44789],[165.13964,-21.4462],[165.13877,-21.44621],[165.1381,-21.44506],[165.137,-21.44414],[165.13788,-21.44186],[165.13723,-21.43768],[165.13767,-21.43621],[165.13734,-21.43569],[165.13722,-21.43228],[165.13909,-21.43077],[165.14154,-21.43087],[165.14376,-21.43016],[165.14468,-21.43108],[165.14547,-21.43078],[165.14594,-21.42858],[165.14452,-21.42766],[165.14355,-21.42931],[165.14091,-21.42958],[165.13921,-21.42902],[165.13859,-21.42837],[165.13858,-21.42679],[165.13906,-21.4259],[165.13824,-21.42533],[165.13755,-21.42648],[165.1361,-21.42799],[165.13366,-21.42785],[165.13332,-21.427],[165.13478,-21.42386],[165.13574,-21.42234],[165.13699,-21.42173],[165.13772,-21.42046],[165.13692,-21.41942],[165.13511,-21.42081],[165.13196,-21.42048],[165.1308,-21.42087],[165.13031,-21.42026],[165.12816,-21.42061],[165.12657,-21.42184],[165.1255,-21.41956],[165.12369,-21.41887],[165.1234,-21.4172],[165.12364,-21.41393],[165.12565,-21.4115],[165.1262,-21.40931],[165.12599,-21.40777],[165.12523,-21.40555],[165.12381,-21.40409],[165.12347,-21.40532],[165.12227,-21.40578],[165.11982,-21.4045],[165.11791,-21.40475],[165.11596,-21.4054],[165.11365,-21.40476],[165.11124,-21.40469],[165.11117,-21.40142],[165.11283,-21.40134],[165.11622,-21.40034],[165.11839,-21.39879],[165.12078,-21.39608],[165.12138,-21.39477],[165.12394,-21.39285],[165.12333,-21.39228],[165.12363,-21.38962],[165.12657,-21.38942],[165.12802,-21.3878],[165.13171,-21.38847],[165.13349,-21.38907],[165.13613,-21.39266],[165.13789,-21.39247],[165.13957,-21.39068],[165.14033,-21.39057],[165.14171,-21.38903],[165.1442,-21.38866],[165.14606,-21.38704],[165.1485,-21.3864],[165.15028,-21.38521],[165.14912,-21.38126],[165.14998,-21.37977],[165.14855,-21.37884],[165.14712,-21.38059],[165.146,-21.37949],[165.14475,-21.37956],[165.14467,-21.37866],[165.14577,-21.37743],[165.14522,-21.37642],[165.14402,-21.37609],[165.14308,-21.3746],[165.14399,-21.37249],[165.14597,-21.3701],[165.14678,-21.36797],[165.14627,-21.36363],[165.1467,-21.36214],[165.14432,-21.36247],[165.1422,-21.36128],[165.1436,-21.35911],[165.14216,-21.35836],[165.141,-21.35852],[165.14004,-21.35765],[165.13996,-21.35642],[165.14339,-21.3563],[165.14479,-21.35541],[165.14729,-21.35554],[165.14895,-21.3522],[165.15032,-21.35227],[165.15141,-21.35308],[165.15232,-21.35038],[165.15328,-21.34979],[165.15489,-21.35053],[165.15643,-21.35183],[165.15787,-21.35152],[165.15669,-21.34923],[165.15567,-21.34973],[165.15515,-21.34886],[165.15697,-21.34792],[165.15634,-21.34633],[165.15411,-21.3478],[165.15354,-21.34917],[165.15235,-21.34953],[165.15179,-21.3487],[165.15241,-21.3474],[165.15059,-21.34661],[165.14754,-21.34803],[165.14759,-21.35063],[165.14627,-21.35201],[165.14462,-21.35286],[165.1447,-21.35175],[165.14593,-21.35162],[165.14642,-21.35092],[165.14603,-21.34919],[165.1439,-21.34782],[165.14271,-21.34768],[165.14287,-21.34877],[165.14251,-21.35021],[165.14302,-21.35158],[165.14285,-21.35256],[165.14012,-21.35199],[165.14031,-21.35103],[165.13928,-21.35062],[165.13787,-21.35173],[165.13769,-21.34982],[165.13857,-21.34903],[165.13935,-21.34752],[165.13816,-21.3473],[165.13752,-21.34624],[165.13549,-21.34671],[165.13467,-21.34624],[165.13425,-21.34515],[165.13622,-21.34348],[165.13738,-21.34094],[165.13609,-21.34051],[165.13421,-21.33933],[165.13021,-21.34009],[165.13048,-21.33906],[165.1319,-21.33848],[165.13137,-21.33747],[165.12993,-21.33761],[165.1285,-21.33904],[165.1263,-21.33751],[165.12608,-21.33614],[165.12814,-21.33757],[165.12968,-21.33758],[165.13106,-21.33683],[165.13264,-21.33657],[165.13589,-21.33514],[165.13478,-21.33406],[165.13605,-21.33267],[165.13576,-21.33121],[165.13445,-21.33098],[165.13393,-21.33192],[165.13254,-21.33271],[165.13126,-21.33277],[165.13081,-21.3315],[165.13278,-21.33112],[165.13208,-21.33006],[165.13012,-21.32961],[165.12785,-21.33002],[165.1247,-21.33147],[165.12419,-21.33301],[165.12492,-21.33386],[165.12367,-21.33589],[165.12384,-21.33682],[165.12513,-21.33808],[165.12261,-21.33994],[165.1215,-21.33887],[165.1225,-21.33694],[165.12295,-21.33537],[165.11943,-21.33687],[165.11765,-21.33625],[165.11593,-21.33646],[165.11464,-21.33626],[165.11364,-21.3366],[165.11227,-21.33575],[165.11109,-21.33441],[165.10925,-21.33455],[165.1083,-21.33509],[165.10771,-21.33672],[165.11103,-21.33941],[165.11002,-21.34064],[165.11035,-21.34215],[165.11308,-21.34314],[165.11509,-21.34502],[165.11438,-21.34654],[165.1117,-21.34613],[165.11051,-21.34491],[165.10957,-21.34449],[165.10746,-21.34254],[165.10548,-21.34235],[165.10379,-21.34163],[165.10249,-21.34249],[165.10182,-21.34461],[165.10314,-21.34643],[165.10162,-21.34739],[165.10243,-21.34919],[165.10116,-21.35193],[165.10016,-21.35156],[165.09845,-21.35194],[165.09822,-21.35375],[165.09874,-21.35602],[165.10059,-21.35818],[165.10227,-21.35938],[165.10415,-21.36316],[165.10303,-21.36495],[165.10278,-21.36595],[165.1014,-21.36778],[165.09972,-21.36808],[165.09752,-21.3692],[165.09654,-21.37036],[165.09425,-21.37155],[165.09216,-21.37423],[165.0924,-21.37641],[165.09231,-21.37865],[165.09021,-21.37901],[165.08847,-21.37984],[165.08723,-21.38126],[165.08731,-21.38287],[165.08489,-21.38583],[165.08393,-21.38757],[165.08338,-21.38974],[165.07966,-21.39153],[165.07726,-21.39118],[165.07628,-21.39158],[165.07359,-21.39116],[165.07226,-21.39121],[165.07052,-21.38971],[165.07028,-21.3884],[165.07139,-21.38559],[165.07081,-21.38429],[165.07174,-21.38385],[165.07159,-21.383],[165.06949,-21.38209],[165.06854,-21.3804],[165.06909,-21.37987],[165.07083,-21.37949],[165.07075,-21.37848],[165.06898,-21.37899],[165.06618,-21.37857],[165.06582,-21.37708],[165.06464,-21.3755],[165.06491,-21.37413],[165.06611,-21.37305],[165.06455,-21.37215],[165.06339,-21.37244],[165.06216,-21.37221],[165.06065,-21.3732],[165.06004,-21.37585],[165.05918,-21.37706],[165.05776,-21.37699],[165.05708,-21.37533],[165.05792,-21.37407],[165.05871,-21.37188],[165.06095,-21.36941],[165.06131,-21.36769],[165.0592,-21.36729],[165.05901,-21.36689],[165.06066,-21.36536],[165.06119,-21.3643],[165.06146,-21.36261],[165.06106,-21.35965],[165.05915,-21.35768],[165.06097,-21.35678],[165.06072,-21.35477],[165.05713,-21.35494],[165.05607,-21.35619],[165.05525,-21.35778],[165.05562,-21.35976],[165.05423,-21.35978],[165.05343,-21.35796],[165.05324,-21.35619],[165.05393,-21.35409],[165.05541,-21.35272],[165.05698,-21.35182],[165.05555,-21.34861],[165.05509,-21.3465],[165.05681,-21.34635],[165.05638,-21.34496],[165.0549,-21.34499],[165.05463,-21.34368],[165.05353,-21.34328],[165.05306,-21.34462],[165.05209,-21.34395],[165.05063,-21.34551],[165.04948,-21.34547],[165.04841,-21.34454],[165.04652,-21.34426],[165.04546,-21.34377],[165.04394,-21.33996],[165.04431,-21.3439],[165.0432,-21.3443],[165.04051,-21.34395],[165.03935,-21.34265],[165.03643,-21.34281],[165.03752,-21.34071],[165.0377,-21.33797],[165.03633,-21.33706],[165.0344,-21.33928],[165.03369,-21.33812],[165.03529,-21.33535],[165.03287,-21.33453],[165.03121,-21.33248],[165.03052,-21.3306],[165.02979,-21.33091],[165.02753,-21.33009],[165.02611,-21.33225],[165.02634,-21.33311],[165.02471,-21.33447],[165.02382,-21.33572],[165.0232,-21.33768],[165.02159,-21.34005],[165.01853,-21.3436],[165.01636,-21.34552],[165.01461,-21.3463],[165.01371,-21.34605],[165.01124,-21.3465],[165.0109,-21.34519],[165.00839,-21.34357],[165.00759,-21.3404],[165.00853,-21.33843],[165.01089,-21.33667],[165.01209,-21.33689],[165.01448,-21.3354],[165.01741,-21.3345],[165.01868,-21.33313],[165.02022,-21.33259],[165.02145,-21.33004],[165.02131,-21.32746],[165.02203,-21.32695],[165.02351,-21.32381],[165.02348,-21.32304],[165.02642,-21.31974],[165.02649,-21.3181],[165.02604,-21.31737],[165.02429,-21.31679],[165.02416,-21.31594],[165.02124,-21.3145],[165.01974,-21.31267],[165.01766,-21.31356],[165.01756,-21.31262],[165.01621,-21.31243],[165.01422,-21.31319],[165.01342,-21.31468],[165.01182,-21.31592],[165.01106,-21.31332],[165.01047,-21.31233],[165.00914,-21.31315],[165.00852,-21.31412],[165.00907,-21.315],[165.00915,-21.31828],[165.00874,-21.31899],[165.00701,-21.31957],[165.00623,-21.32025],[165.00582,-21.3223],[165.00396,-21.32523],[165.00351,-21.32831],[165.00384,-21.32981],[165.00262,-21.33192],[165.00002,-21.33474],[164.99964,-21.33555],[164.99765,-21.33646],[164.99707,-21.33562],[164.99391,-21.33568],[164.99493,-21.33366],[164.99357,-21.33279],[164.99119,-21.33216],[164.98976,-21.33217],[164.98909,-21.33263],[164.98899,-21.3347],[164.98776,-21.33498],[164.98802,-21.33241],[164.98713,-21.3322],[164.98525,-21.33032],[164.98477,-21.32948],[164.98562,-21.32749],[164.9853,-21.32599],[164.98436,-21.32532],[164.98358,-21.32356],[164.98383,-21.32295],[164.9861,-21.32112],[164.9865,-21.31764],[164.98739,-21.31626],[164.9888,-21.31324],[164.99316,-21.31163],[164.99612,-21.31107],[164.99799,-21.31035],[164.99856,-21.30914],[164.99842,-21.30782],[164.99706,-21.30914],[164.99591,-21.30969],[164.99472,-21.30741],[164.9935,-21.3058],[164.99179,-21.30537],[164.99253,-21.30731],[164.99142,-21.30878],[164.98825,-21.31024],[164.98375,-21.30883],[164.98295,-21.30918],[164.98123,-21.30754],[164.97996,-21.3082],[164.97811,-21.30718]],[[164.9958,-21.33426],[164.99514,-21.33549],[164.99679,-21.33549],[164.9958,-21.33426]],[[165.21965,-21.48806],[165.22065,-21.48965],[165.22146,-21.48854],[165.22225,-21.48655],[165.22093,-21.48618],[165.22081,-21.48736],[165.21965,-21.48806]]]]}},{"type":"Feature","id":"fr-commune-98828","properties":{"id":"fr-commune-98828","name":"Sarraméa","kind":"commune","center":[165.8274,-21.6229],"code":"98828","department":"988"},"bbox":[165.7706,-21.69863,165.88415,-21.54711],"geometry":{"type":"Polygon","coordinates":[[[165.77512,-21.60136],[165.77576,-21.59895],[165.7755,-21.59831],[165.77627,-21.59716],[165.77543,-21.59678],[165.77385,-21.59461],[165.77373,-21.59301],[165.77606,-21.59018],[165.7757,-21.58897],[165.77464,-21.58724],[165.77424,-21.58459],[165.77211,-21.5839],[165.77184,-21.58315],[165.77275,-21.58129],[165.77085,-21.58025],[165.77114,-21.57975],[165.77145,-21.57667],[165.77228,-21.57387],[165.77122,-21.57289],[165.77165,-21.57195],[165.7706,-21.56871],[165.77102,-21.56726],[165.77076,-21.56559],[165.77189,-21.56454],[165.77334,-21.56379],[165.77331,-21.5615],[165.7713,-21.55669],[165.77175,-21.55497],[165.7726,-21.55433],[165.77364,-21.55237],[165.77349,-21.55078],[165.776,-21.54863],[165.77618,-21.54799],[165.77773,-21.54814],[165.77977,-21.54711],[165.7829,-21.54799],[165.78436,-21.548],[165.78501,-21.54848],[165.78795,-21.54934],[165.78896,-21.54853],[165.79071,-21.5493],[165.79277,-21.55163],[165.79576,-21.55353],[165.7955,-21.5548],[165.7968,-21.55771],[165.79822,-21.55844],[165.79808,-21.55969],[165.79916,-21.5612],[165.79918,-21.56195],[165.80109,-21.56499],[165.80278,-21.56562],[165.80465,-21.56751],[165.80683,-21.56764],[165.80785,-21.56565],[165.80728,-21.56443],[165.80796,-21.56338],[165.80751,-21.5617],[165.80809,-21.56054],[165.80755,-21.5594],[165.80858,-21.55739],[165.81031,-21.55703],[165.81275,-21.55776],[165.81481,-21.55771],[165.81468,-21.55857],[165.81526,-21.55981],[165.8164,-21.55897],[165.81786,-21.55895],[165.81988,-21.56143],[165.82277,-21.56209],[165.83339,-21.57556],[165.84324,-21.58807],[165.84343,-21.59187],[165.84288,-21.59472],[165.8421,-21.59659],[165.84251,-21.59714],[165.84145,-21.59908],[165.84002,-21.59963],[165.83966,-21.60098],[165.84029,-21.60353],[165.84142,-21.60476],[165.84197,-21.606],[165.84326,-21.60624],[165.84593,-21.60544],[165.84781,-21.60437],[165.84925,-21.60507],[165.85144,-21.60533],[165.85385,-21.60462],[165.85523,-21.60591],[165.85648,-21.60499],[165.85722,-21.60339],[165.86074,-21.60278],[165.86284,-21.60277],[165.86564,-21.60163],[165.86847,-21.60321],[165.87096,-21.60716],[165.87251,-21.61122],[165.87327,-21.61187],[165.87416,-21.61388],[165.87504,-21.61487],[165.87565,-21.61745],[165.8753,-21.61941],[165.8762,-21.62011],[165.87696,-21.62174],[165.87815,-21.62227],[165.87871,-21.62422],[165.8809,-21.62631],[165.88112,-21.62704],[165.88229,-21.62756],[165.88368,-21.62917],[165.88415,-21.63092],[165.88333,-21.63257],[165.88237,-21.63356],[165.87937,-21.63433],[165.87771,-21.6364],[165.87591,-21.6382],[165.87441,-21.63924],[165.87234,-21.63923],[165.87099,-21.64008],[165.87109,-21.64082],[165.86926,-21.64198],[165.86803,-21.64315],[165.86575,-21.64326],[165.8646,-21.64426],[165.86546,-21.64511],[165.86582,-21.64712],[165.8652,-21.64867],[165.86552,-21.65033],[165.86509,-21.65258],[165.86516,-21.6542],[165.86411,-21.65517],[165.86314,-21.65669],[165.863,-21.65771],[165.86169,-21.66035],[165.86107,-21.66101],[165.85924,-21.661],[165.85803,-21.65989],[165.85723,-21.65973],[165.85428,-21.658],[165.85348,-21.65663],[165.85239,-21.65648],[165.85172,-21.65737],[165.8498,-21.65769],[165.84763,-21.65732],[165.84688,-21.661],[165.8448,-21.66373],[165.84446,-21.66484],[165.84345,-21.66494],[165.84025,-21.66683],[165.83712,-21.672],[165.83661,-21.67387],[165.83442,-21.67526],[165.83331,-21.67682],[165.83292,-21.67802],[165.83503,-21.68078],[165.8351,-21.68185],[165.83581,-21.68229],[165.83653,-21.6854],[165.83627,-21.68824],[165.83565,-21.6895],[165.83408,-21.69006],[165.83061,-21.69235],[165.82921,-21.69473],[165.82948,-21.69553],[165.82512,-21.69863],[165.8232,-21.69844],[165.81898,-21.69637],[165.81796,-21.69509],[165.8188,-21.69377],[165.81804,-21.69309],[165.81371,-21.68633],[165.81288,-21.68585],[165.81147,-21.68722],[165.80869,-21.68609],[165.80594,-21.6862],[165.80525,-21.68744],[165.80353,-21.68807],[165.80241,-21.68953],[165.8006,-21.68967],[165.79743,-21.68557],[165.79703,-21.68574],[165.7934,-21.68433],[165.79044,-21.68277],[165.78887,-21.68263],[165.78825,-21.68002],[165.78812,-21.67768],[165.78924,-21.6757],[165.78827,-21.67147],[165.78783,-21.6703],[165.78667,-21.66927],[165.78417,-21.66805],[165.78379,-21.66701],[165.78142,-21.66433],[165.78211,-21.66071],[165.78175,-21.65859],[165.7832,-21.65656],[165.78311,-21.65361],[165.78355,-21.65285],[165.78491,-21.65218],[165.78492,-21.65024],[165.78593,-21.64943],[165.7867,-21.64762],[165.7879,-21.64662],[165.78846,-21.64468],[165.78798,-21.64406],[165.78775,-21.64191],[165.78914,-21.641],[165.78859,-21.63803],[165.78887,-21.63593],[165.78834,-21.634],[165.78644,-21.63167],[165.78675,-21.63055],[165.78826,-21.62881],[165.78963,-21.62639],[165.78952,-21.62554],[165.79058,-21.62418],[165.79084,-21.62291],[165.79205,-21.62184],[165.79408,-21.6212],[165.79484,-21.6205],[165.79744,-21.6203],[165.79918,-21.61967],[165.79961,-21.61794],[165.79808,-21.61758],[165.7965,-21.61644],[165.7957,-21.61472],[165.79402,-21.61453],[165.79333,-21.61347],[165.79199,-21.61324],[165.79161,-21.61175],[165.78872,-21.60959],[165.78732,-21.60902],[165.78689,-21.60705],[165.78559,-21.60673],[165.78261,-21.60723],[165.78173,-21.60608],[165.77735,-21.60314],[165.77512,-21.60136]]]}},{"type":"Feature","id":"fr-commune-98829","properties":{"id":"fr-commune-98829","name":"Thio","kind":"commune","center":[166.281,-21.722],"code":"98829","department":"988"},"bbox":[166.0109,-21.90193,166.55107,-21.54209],"geometry":{"type":"MultiPolygon","coordinates":[[[[166.47157,-21.77728],[166.47301,-21.7781],[166.47225,-21.77896],[166.47117,-21.77789],[166.47157,-21.77728]]],[[[166.48279,-21.78533],[166.48047,-21.78392],[166.47738,-21.78158],[166.47617,-21.78012],[166.47505,-21.77965],[166.47247,-21.77732],[166.47024,-21.77631],[166.47079,-21.77555],[166.47093,-21.77414],[166.47305,-21.77454],[166.47588,-21.77639],[166.47725,-21.77588],[166.47798,-21.77657],[166.47936,-21.78051],[166.48094,-21.78224],[166.48371,-21.78398],[166.48364,-21.78571],[166.48279,-21.78533]]],[[[166.46972,-21.77606],[166.46917,-21.77464],[166.46865,-21.77412],[166.46728,-21.77322],[166.46701,-21.77193],[166.46937,-21.77293],[166.47058,-21.7742],[166.47057,-21.77555],[166.46972,-21.77606]]],[[[166.47653,-21.77343],[166.47348,-21.7727],[166.4722,-21.77218],[166.4749,-21.77034],[166.4752,-21.76947],[166.47643,-21.76979],[166.47595,-21.77152],[166.47678,-21.77286],[166.47653,-21.77343]]],[[[166.43816,-21.68837],[166.44003,-21.68976],[166.44116,-21.69143],[166.44179,-21.69391],[166.44154,-21.69511],[166.44192,-21.69735],[166.44341,-21.70034],[166.44567,-21.70268],[166.44702,-21.70455],[166.44626,-21.7049],[166.44507,-21.7043],[166.4436,-21.70519],[166.44361,-21.70624],[166.44147,-21.7064],[166.44018,-21.70565],[166.44017,-21.70375],[166.43894,-21.70205],[166.43802,-21.7002],[166.43587,-21.70038],[166.43423,-21.7013],[166.43314,-21.70394],[166.43223,-21.70436],[166.4307,-21.70399],[166.42953,-21.70313],[166.42887,-21.70193],[166.42756,-21.7019],[166.42709,-21.70114],[166.42304,-21.70207],[166.42146,-21.70098],[166.41807,-21.70016],[166.41723,-21.69965],[166.41378,-21.69958],[166.41245,-21.69883],[166.41017,-21.6961],[166.40868,-21.69489],[166.40777,-21.69304],[166.40514,-21.69222],[166.40393,-21.69105],[166.40319,-21.68887],[166.40565,-21.68775],[166.40775,-21.69009],[166.41044,-21.69149],[166.41294,-21.69091],[166.41703,-21.69183],[166.41881,-21.69191],[166.42188,-21.69159],[166.42422,-21.69087],[166.42579,-21.68971],[166.42664,-21.68858],[166.42613,-21.68641],[166.42503,-21.68524],[166.42508,-21.68358],[166.42411,-21.68235],[166.425,-21.68156],[166.42847,-21.6816],[166.42868,-21.68265],[166.43062,-21.68484],[166.43169,-21.68522],[166.43353,-21.68664],[166.43636,-21.6881],[166.43816,-21.68837]]],[[[166.3813,-21.67523],[166.3828,-21.67477],[166.38402,-21.6735],[166.38466,-21.67202],[166.38579,-21.67218],[166.3876,-21.67122],[166.38822,-21.67051],[166.38954,-21.67049],[166.39114,-21.67149],[166.39359,-21.67226],[166.3959,-21.67235],[166.39581,-21.67327],[166.39439,-21.67393],[166.39326,-21.67529],[166.39046,-21.67672],[166.38914,-21.67768],[166.38687,-21.67713],[166.38449,-21.677],[166.38357,-21.67734],[166.38306,-21.67882],[166.38063,-21.67907],[166.378,-21.6784],[166.3767,-21.67761],[166.37317,-21.67694],[166.37125,-21.67555],[166.37246,-21.6731],[166.37317,-21.67235],[166.37571,-21.67331],[166.37693,-21.6742],[166.37811,-21.67425],[166.37931,-21.67491],[166.3813,-21.67523]]],[[[166.20907,-21.5878],[166.20964,-21.58792],[166.21202,-21.59068],[166.21571,-21.59548],[166.21724,-21.59694],[166.21976,-21.59891],[166.22231,-21.60036],[166.22478,-21.60131],[166.22802,-21.60184],[166.22816,-21.60273],[166.22648,-21.60447],[166.22477,-21.60542],[166.2242,-21.60638],[166.22304,-21.60664],[166.2208,-21.60637],[166.2204,-21.60758],[166.21958,-21.60837],[166.21767,-21.60841],[166.21707,-21.60754],[166.21792,-21.60643],[166.21864,-21.60595],[166.21957,-21.60402],[166.2196,-21.6024],[166.2197,-21.60194],[166.21946,-21.60159],[166.21779,-21.60063],[166.21642,-21.59933],[166.2155,-21.59788],[166.21492,-21.59583],[166.21317,-21.596],[166.21173,-21.59468],[166.21093,-21.59335],[166.21059,-21.59309],[166.20937,-21.59361],[166.20902,-21.59295],[166.20763,-21.59151],[166.20783,-21.59075],[166.21013,-21.58943],[166.20907,-21.5878]]],[[[166.14842,-21.54209],[166.14968,-21.54397],[166.1531,-21.54532],[166.15424,-21.54677],[166.15783,-21.54943],[166.15919,-21.5499],[166.16119,-21.55154],[166.16178,-21.55301],[166.16399,-21.55624],[166.16711,-21.55959],[166.16813,-21.55963],[166.16944,-21.56108],[166.17039,-21.56326],[166.17258,-21.56583],[166.17461,-21.56632],[166.1752,-21.56604],[166.17744,-21.56646],[166.17803,-21.56628],[166.17988,-21.56766],[166.18188,-21.5716],[166.18269,-21.57244],[166.18499,-21.57314],[166.18753,-21.57242],[166.18816,-21.57189],[166.18954,-21.57228],[166.19133,-21.57429],[166.19255,-21.57508],[166.19431,-21.57451],[166.19742,-21.57601],[166.19913,-21.57764],[166.20198,-21.58108],[166.20364,-21.58255],[166.20473,-21.58449],[166.20638,-21.58632],[166.20826,-21.58784],[166.20756,-21.58847],[166.2089,-21.5897],[166.20728,-21.59084],[166.2075,-21.59162],[166.20902,-21.59327],[166.20933,-21.59374],[166.20976,-21.59381],[166.21083,-21.59341],[166.21146,-21.5946],[166.21294,-21.59599],[166.21372,-21.59622],[166.21491,-21.59609],[166.21542,-21.59782],[166.2157,-21.59843],[166.21674,-21.59978],[166.21788,-21.60081],[166.21957,-21.60186],[166.21944,-21.60279],[166.2194,-21.60423],[166.2184,-21.60601],[166.21743,-21.6067],[166.21695,-21.60751],[166.21691,-21.60805],[166.21762,-21.60855],[166.21942,-21.60858],[166.21789,-21.60996],[166.21636,-21.61259],[166.21718,-21.61292],[166.22013,-21.60985],[166.22245,-21.60866],[166.22428,-21.60862],[166.2253,-21.60787],[166.22837,-21.60432],[166.22885,-21.60552],[166.22777,-21.60624],[166.22694,-21.60818],[166.2274,-21.6085],[166.22846,-21.61102],[166.22984,-21.61094],[166.22828,-21.60913],[166.22796,-21.60794],[166.22836,-21.60713],[166.23045,-21.60607],[166.23149,-21.60653],[166.23079,-21.60779],[166.23385,-21.60628],[166.23205,-21.60607],[166.23096,-21.60559],[166.23213,-21.60395],[166.23084,-21.60229],[166.23187,-21.60221],[166.23438,-21.60595],[166.23488,-21.60636],[166.23435,-21.608],[166.2355,-21.61094],[166.23688,-21.61252],[166.23907,-21.61414],[166.24111,-21.61433],[166.24145,-21.61371],[166.24323,-21.61456],[166.24468,-21.61471],[166.2476,-21.6144],[166.24943,-21.61557],[166.25365,-21.61677],[166.25518,-21.61736],[166.25649,-21.61893],[166.25776,-21.61928],[166.26082,-21.62174],[166.26332,-21.62353],[166.26582,-21.62403],[166.26754,-21.62469],[166.26939,-21.62489],[166.27172,-21.62569],[166.27204,-21.62657],[166.27345,-21.62789],[166.27514,-21.62804],[166.27949,-21.63078],[166.28076,-21.63105],[166.28345,-21.63235],[166.28395,-21.63321],[166.28357,-21.63425],[166.28514,-21.63579],[166.2873,-21.63545],[166.28889,-21.63659],[166.28977,-21.63676],[166.29024,-21.6377],[166.2939,-21.63932],[166.29596,-21.63984],[166.29923,-21.63805],[166.30131,-21.63914],[166.30285,-21.64168],[166.30285,-21.64293],[166.30406,-21.64378],[166.30669,-21.64376],[166.30771,-21.64492],[166.30954,-21.64555],[166.31019,-21.64506],[166.31211,-21.64591],[166.31356,-21.64516],[166.31427,-21.64608],[166.31551,-21.64658],[166.31879,-21.64673],[166.32183,-21.64827],[166.32383,-21.64866],[166.32543,-21.6471],[166.32623,-21.64541],[166.32772,-21.64339],[166.32746,-21.64131],[166.32969,-21.64079],[166.3301,-21.6415],[166.33139,-21.64219],[166.33295,-21.64392],[166.334,-21.64455],[166.33547,-21.64404],[166.3375,-21.64421],[166.33895,-21.64621],[166.34212,-21.64875],[166.34383,-21.65125],[166.34507,-21.65147],[166.34729,-21.65091],[166.34832,-21.65022],[166.35004,-21.64997],[166.35068,-21.65134],[166.3516,-21.6522],[166.35317,-21.65196],[166.35422,-21.65226],[166.35437,-21.65318],[166.35532,-21.65381],[166.35638,-21.65352],[166.35724,-21.65472],[166.35883,-21.65622],[166.35936,-21.65764],[166.35913,-21.65887],[166.35955,-21.66054],[166.36065,-21.66084],[166.35909,-21.66245],[166.35624,-21.66158],[166.35448,-21.66221],[166.35297,-21.66103],[166.35138,-21.66079],[166.34962,-21.66262],[166.35061,-21.66403],[166.34981,-21.66519],[166.3483,-21.66475],[166.34763,-21.6637],[166.34683,-21.66387],[166.34543,-21.66272],[166.34446,-21.66309],[166.34255,-21.66218],[166.34255,-21.66137],[166.34136,-21.66104],[166.34071,-21.65979],[166.33892,-21.6599],[166.33626,-21.65753],[166.33429,-21.6576],[166.33278,-21.65613],[166.33143,-21.65584],[166.32986,-21.65754],[166.32938,-21.65893],[166.32823,-21.6581],[166.32672,-21.65825],[166.32805,-21.65954],[166.32949,-21.65982],[166.32857,-21.66196],[166.33005,-21.66284],[166.33019,-21.6636],[166.33175,-21.66476],[166.33439,-21.66606],[166.33501,-21.66783],[166.33493,-21.66985],[166.33591,-21.67069],[166.33643,-21.67234],[166.33748,-21.67276],[166.33756,-21.67427],[166.33934,-21.67452],[166.34093,-21.67384],[166.34341,-21.67433],[166.3422,-21.67503],[166.34141,-21.67756],[166.3416,-21.67912],[166.34319,-21.68103],[166.34404,-21.68159],[166.34583,-21.68178],[166.34512,-21.68298],[166.34538,-21.68464],[166.34586,-21.68495],[166.34763,-21.68381],[166.34891,-21.68397],[166.34961,-21.68527],[166.3494,-21.68588],[166.35114,-21.68622],[166.35285,-21.6859],[166.35432,-21.68692],[166.35668,-21.688],[166.35733,-21.68772],[166.35906,-21.68957],[166.36181,-21.69008],[166.3628,-21.69124],[166.36366,-21.69144],[166.3658,-21.69436],[166.36732,-21.69473],[166.3685,-21.69617],[166.36943,-21.69645],[166.37047,-21.69785],[166.37186,-21.69821],[166.37422,-21.7008],[166.37504,-21.70115],[166.37673,-21.70074],[166.37964,-21.7016],[166.38299,-21.70145],[166.38443,-21.70168],[166.38571,-21.70135],[166.38725,-21.70243],[166.39038,-21.70406],[166.39171,-21.70408],[166.39272,-21.70462],[166.39668,-21.70557],[166.401,-21.70569],[166.40317,-21.70505],[166.40581,-21.70327],[166.40802,-21.70074],[166.40944,-21.69845],[166.40966,-21.69984],[166.41108,-21.70168],[166.41118,-21.70296],[166.41252,-21.70548],[166.41453,-21.70768],[166.41505,-21.70779],[166.41782,-21.71083],[166.41984,-21.7126],[166.42221,-21.71534],[166.42399,-21.71776],[166.42529,-21.71995],[166.4254,-21.72064],[166.4238,-21.72122],[166.42147,-21.72158],[166.42193,-21.72268],[166.42018,-21.72354],[166.41805,-21.7237],[166.41367,-21.7228],[166.41198,-21.72132],[166.41089,-21.71996],[166.4098,-21.71785],[166.40609,-21.71607],[166.40832,-21.71824],[166.40951,-21.71893],[166.41033,-21.72031],[166.41007,-21.72087],[166.41165,-21.72286],[166.41271,-21.72365],[166.41486,-21.72415],[166.41748,-21.72519],[166.42048,-21.72527],[166.42223,-21.72503],[166.42343,-21.72445],[166.42545,-21.72245],[166.42736,-21.72372],[166.42663,-21.72072],[166.42757,-21.7208],[166.42828,-21.72161],[166.42809,-21.7227],[166.42672,-21.72607],[166.42693,-21.72835],[166.42893,-21.72988],[166.42982,-21.73002],[166.43163,-21.729],[166.43579,-21.73098],[166.44124,-21.73135],[166.44419,-21.73261],[166.44616,-21.73495],[166.44824,-21.73586],[166.45134,-21.73844],[166.45288,-21.73993],[166.45413,-21.74174],[166.45842,-21.74384],[166.461,-21.74646],[166.46299,-21.74797],[166.46515,-21.74909],[166.46588,-21.7504],[166.46694,-21.75114],[166.4676,-21.75293],[166.47084,-21.75558],[166.47162,-21.7567],[166.472,-21.75878],[166.47289,-21.75965],[166.47395,-21.75944],[166.47464,-21.76007],[166.47487,-21.76141],[166.47299,-21.76539],[166.47368,-21.76673],[166.47396,-21.76832],[166.47223,-21.77093],[166.46851,-21.77134],[166.46626,-21.77067],[166.46506,-21.77084],[166.46327,-21.77228],[166.46426,-21.77295],[166.46372,-21.77454],[166.46397,-21.77552],[166.46196,-21.77635],[166.46025,-21.77579],[166.4578,-21.77367],[166.45633,-21.77331],[166.45305,-21.77326],[166.44999,-21.77393],[166.44801,-21.77411],[166.44659,-21.77389],[166.4448,-21.77298],[166.44168,-21.77105],[166.43905,-21.76988],[166.43883,-21.77072],[166.44252,-21.77234],[166.44587,-21.77493],[166.44666,-21.77524],[166.45024,-21.77524],[166.45327,-21.77495],[166.45646,-21.77485],[166.45792,-21.7752],[166.45925,-21.77658],[166.45883,-21.77696],[166.45629,-21.77672],[166.45598,-21.77763],[166.45825,-21.77712],[166.46022,-21.77745],[166.46287,-21.77723],[166.46398,-21.77688],[166.46533,-21.77564],[166.46639,-21.77335],[166.46834,-21.77395],[166.4693,-21.77516],[166.46936,-21.77581],[166.47094,-21.77712],[166.4711,-21.77813],[166.47237,-21.77926],[166.47204,-21.78011],[166.47351,-21.78053],[166.47413,-21.77998],[166.47512,-21.78042],[166.4761,-21.78278],[166.47973,-21.78522],[166.48131,-21.78586],[166.4809,-21.78649],[166.48145,-21.78776],[166.48181,-21.79115],[166.48162,-21.79186],[166.48288,-21.79275],[166.48492,-21.79216],[166.4858,-21.79333],[166.48705,-21.79409],[166.48945,-21.79459],[166.49021,-21.79524],[166.49281,-21.79576],[166.49531,-21.79684],[166.4965,-21.79876],[166.49893,-21.80147],[166.50531,-21.80621],[166.50689,-21.80679],[166.50781,-21.80617],[166.51015,-21.80649],[166.51043,-21.80804],[166.50995,-21.80964],[166.50903,-21.81029],[166.50769,-21.81049],[166.50653,-21.81117],[166.50386,-21.81182],[166.5021,-21.81145],[166.49956,-21.81046],[166.49847,-21.80938],[166.49526,-21.8093],[166.49484,-21.81081],[166.49494,-21.81206],[166.49618,-21.81514],[166.49491,-21.81644],[166.4937,-21.81645],[166.49333,-21.81541],[166.48887,-21.81341],[166.48883,-21.81382],[166.49283,-21.81561],[166.49365,-21.81703],[166.4954,-21.8167],[166.49649,-21.81598],[166.49577,-21.81205],[166.49585,-21.81085],[166.49662,-21.80992],[166.49817,-21.81042],[166.49965,-21.81147],[166.50131,-21.81357],[166.50442,-21.81455],[166.50571,-21.81435],[166.5066,-21.81291],[166.5077,-21.81355],[166.50838,-21.81594],[166.51098,-21.81661],[166.51314,-21.81652],[166.5158,-21.81735],[166.51809,-21.81867],[166.51897,-21.81976],[166.52129,-21.82003],[166.52244,-21.81939],[166.52359,-21.81948],[166.52515,-21.82132],[166.52599,-21.82169],[166.52713,-21.82322],[166.52679,-21.82449],[166.52747,-21.82687],[166.52899,-21.82891],[166.53072,-21.82921],[166.53138,-21.83039],[166.53245,-21.83093],[166.53389,-21.83073],[166.53447,-21.83227],[166.53581,-21.83306],[166.53639,-21.83422],[166.53816,-21.83556],[166.53958,-21.83589],[166.54045,-21.83683],[166.54282,-21.83847],[166.54634,-21.84356],[166.54922,-21.84588],[166.55107,-21.84672],[166.55056,-21.84801],[166.54858,-21.84831],[166.54683,-21.84938],[166.54512,-21.85081],[166.54369,-21.8512],[166.5428,-21.85205],[166.54062,-21.85224],[166.53944,-21.85291],[166.53798,-21.85253],[166.53586,-21.85349],[166.53336,-21.854],[166.53223,-21.85455],[166.53184,-21.85552],[166.53002,-21.85588],[166.52862,-21.85707],[166.52707,-21.85619],[166.52661,-21.85399],[166.52487,-21.85333],[166.52472,-21.85124],[166.52347,-21.85119],[166.52185,-21.85162],[166.52102,-21.85043],[166.52017,-21.85006],[166.51964,-21.84811],[166.51886,-21.84768],[166.51721,-21.8478],[166.51539,-21.8492],[166.51397,-21.84942],[166.51301,-21.84816],[166.5117,-21.84746],[166.50987,-21.84715],[166.50854,-21.84897],[166.50802,-21.85032],[166.50578,-21.85052],[166.50452,-21.85026],[166.50398,-21.85083],[166.50212,-21.85042],[166.50069,-21.8507],[166.49909,-21.85158],[166.49721,-21.85207],[166.49675,-21.85293],[166.49549,-21.85308],[166.49376,-21.85278],[166.4931,-21.85341],[166.4924,-21.85558],[166.49008,-21.8572],[166.48759,-21.8576],[166.48498,-21.85755],[166.48335,-21.85857],[166.48016,-21.85976],[166.47849,-21.86002],[166.47832,-21.86162],[166.47966,-21.86304],[166.48104,-21.86567],[166.48062,-21.86773],[166.4801,-21.86843],[166.47973,-21.87182],[166.4789,-21.8736],[166.478,-21.87415],[166.47809,-21.87532],[166.47602,-21.87579],[166.47463,-21.8771],[166.47204,-21.87842],[166.46971,-21.87911],[166.46957,-21.88007],[166.46761,-21.88164],[166.46618,-21.88496],[166.4664,-21.88582],[166.46605,-21.88767],[166.46525,-21.88974],[166.46358,-21.8917],[166.46249,-21.8926],[166.46068,-21.8927],[166.45801,-21.89438],[166.45627,-21.89441],[166.4531,-21.89615],[166.45043,-21.89701],[166.44782,-21.89872],[166.44419,-21.89992],[166.44265,-21.90153],[166.44141,-21.90107],[166.43705,-21.90123],[166.4335,-21.90193],[166.43226,-21.90109],[166.42996,-21.90032],[166.42869,-21.89934],[166.42645,-21.89898],[166.426,-21.89786],[166.42484,-21.89774],[166.42385,-21.89646],[166.42435,-21.8944],[166.42335,-21.89353],[166.4233,-21.89049],[166.42255,-21.88808],[166.42205,-21.88751],[166.421,-21.88474],[166.4221,-21.88279],[166.42215,-21.88105],[166.42255,-21.88023],[166.42089,-21.87904],[166.4194,-21.88067],[166.41698,-21.88064],[166.41598,-21.88139],[166.41624,-21.88237],[166.41464,-21.88271],[166.41263,-21.8827],[166.41234,-21.88166],[166.4104,-21.88073],[166.40909,-21.88048],[166.40568,-21.88099],[166.40362,-21.88244],[166.40123,-21.8824],[166.39966,-21.88198],[166.39845,-21.88101],[166.39718,-21.88038],[166.3962,-21.87834],[166.39484,-21.87766],[166.39247,-21.87712],[166.39152,-21.87724],[166.38808,-21.87449],[166.38776,-21.87352],[166.386,-21.87145],[166.38436,-21.87076],[166.38173,-21.8691],[166.38088,-21.86601],[166.38178,-21.86446],[166.38163,-21.86344],[166.38251,-21.86277],[166.38058,-21.86109],[166.3798,-21.86129],[166.37593,-21.8602],[166.37455,-21.85918],[166.37371,-21.85787],[166.37389,-21.85656],[166.37319,-21.85443],[166.37172,-21.85296],[166.37042,-21.85268],[166.36936,-21.85177],[166.36835,-21.85186],[166.36742,-21.85114],[166.3657,-21.85068],[166.36447,-21.85112],[166.36143,-21.85128],[166.35898,-21.85289],[166.35721,-21.85268],[166.35594,-21.85297],[166.35461,-21.85404],[166.35277,-21.8549],[166.35182,-21.8557],[166.35012,-21.8555],[166.34774,-21.85563],[166.34661,-21.85596],[166.34418,-21.85592],[166.34207,-21.85674],[166.33978,-21.85685],[166.33858,-21.85791],[166.33685,-21.85846],[166.33538,-21.85667],[166.33442,-21.85635],[166.33294,-21.85423],[166.33108,-21.85316],[166.33059,-21.85223],[166.32901,-21.85096],[166.32859,-21.84988],[166.32934,-21.84889],[166.32884,-21.8478],[166.32714,-21.84738],[166.32598,-21.84611],[166.32412,-21.8452],[166.32338,-21.84374],[166.32078,-21.84091],[166.32006,-21.84047],[166.31708,-21.83972],[166.31562,-21.83977],[166.31281,-21.83922],[166.31212,-21.83784],[166.31086,-21.83695],[166.30989,-21.83512],[166.30847,-21.83412],[166.30682,-21.83173],[166.30677,-21.83097],[166.30513,-21.8289],[166.30352,-21.82782],[166.30114,-21.82855],[166.29873,-21.8283],[166.29813,-21.82894],[166.29658,-21.82909],[166.29458,-21.82874],[166.29294,-21.82798],[166.29115,-21.82804],[166.28991,-21.82684],[166.28748,-21.82624],[166.28579,-21.82619],[166.28414,-21.82489],[166.28106,-21.82399],[166.28041,-21.82425],[166.27729,-21.82397],[166.27678,-21.82372],[166.27454,-21.82411],[166.27278,-21.824],[166.26912,-21.82496],[166.2668,-21.82475],[166.26504,-21.82253],[166.26347,-21.8211],[166.26064,-21.81955],[166.25999,-21.81825],[166.259,-21.818],[166.25841,-21.81625],[166.2584,-21.81481],[166.25583,-21.81225],[166.25471,-21.81039],[166.25436,-21.80924],[166.2531,-21.8075],[166.25151,-21.80686],[166.2507,-21.80613],[166.24782,-21.80588],[166.24592,-21.80475],[166.24558,-21.80379],[166.1711,-21.76039],[166.17187,-21.76278],[166.17331,-21.76422],[166.17272,-21.7664],[166.17394,-21.76782],[166.1744,-21.76892],[166.17568,-21.77062],[166.17406,-21.77155],[166.1743,-21.77331],[166.17232,-21.77711],[166.17109,-21.77829],[166.17096,-21.77919],[166.16922,-21.78001],[166.16817,-21.78147],[166.16387,-21.78307],[166.16086,-21.78306],[166.1592,-21.7838],[166.15842,-21.78552],[166.15851,-21.78627],[166.15757,-21.78776],[166.15501,-21.78921],[166.1544,-21.79067],[166.15102,-21.79229],[166.1485,-21.7929],[166.14669,-21.79431],[166.14629,-21.79535],[166.14527,-21.79636],[166.14557,-21.79708],[166.14438,-21.79804],[166.14378,-21.7977],[166.14232,-21.7982],[166.14118,-21.79719],[166.13931,-21.79613],[166.13827,-21.7962],[166.13689,-21.79566],[166.13513,-21.79359],[166.13247,-21.79366],[166.13114,-21.79484],[166.12957,-21.79532],[166.1262,-21.79439],[166.12376,-21.79496],[166.12136,-21.79623],[166.1204,-21.79595],[166.11871,-21.79669],[166.11665,-21.79645],[166.11473,-21.79592],[166.11309,-21.79748],[166.1129,-21.79858],[166.11167,-21.79833],[166.1101,-21.79895],[166.1083,-21.79907],[166.10422,-21.79606],[166.10205,-21.79631],[166.10106,-21.7961],[166.0996,-21.79651],[166.09743,-21.79667],[166.0966,-21.79583],[166.09488,-21.7964],[166.09157,-21.79609],[166.09057,-21.7969],[166.08914,-21.79551],[166.08709,-21.79476],[166.08606,-21.79283],[166.08594,-21.79145],[166.08534,-21.79091],[166.08496,-21.78817],[166.08068,-21.78609],[166.08014,-21.7848],[166.07908,-21.78409],[166.07818,-21.7847],[166.07529,-21.78522],[166.07399,-21.78451],[166.06939,-21.78492],[166.06875,-21.78377],[166.06607,-21.78256],[166.06413,-21.78285],[166.06196,-21.78264],[166.06149,-21.77936],[166.06196,-21.77777],[166.06423,-21.77662],[166.06496,-21.77523],[166.06627,-21.77517],[166.06698,-21.77417],[166.0678,-21.77405],[166.06759,-21.77266],[166.06793,-21.77143],[166.06755,-21.77059],[166.06572,-21.77016],[166.06542,-21.7694],[166.06672,-21.76753],[166.0664,-21.76634],[166.06627,-21.76388],[166.06771,-21.76415],[166.06772,-21.76277],[166.06823,-21.76067],[166.06885,-21.76009],[166.07145,-21.76092],[166.0717,-21.75911],[166.0739,-21.75936],[166.0765,-21.75557],[166.07818,-21.75396],[166.07917,-21.75482],[166.07847,-21.75638],[166.07994,-21.75679],[166.08111,-21.75556],[166.08089,-21.75477],[166.0817,-21.75317],[166.0818,-21.75189],[166.08309,-21.75022],[166.0818,-21.7496],[166.08183,-21.74817],[166.08278,-21.74762],[166.08672,-21.74755],[166.09058,-21.74708],[166.09007,-21.74632],[166.08978,-21.74398],[166.0889,-21.74335],[166.08921,-21.74196],[166.08703,-21.74003],[166.08661,-21.73906],[166.08677,-21.73669],[166.08612,-21.73576],[166.08449,-21.73493],[166.08289,-21.7329],[166.08071,-21.7326],[166.07963,-21.73123],[166.08271,-21.72007],[166.08368,-21.71889],[166.0863,-21.71068],[166.08776,-21.71092],[166.08936,-21.71044],[166.09046,-21.71093],[166.09046,-21.70523],[166.08775,-21.70643],[166.08648,-21.70759],[166.08498,-21.70769],[166.08438,-21.70818],[166.0833,-21.70769],[166.08297,-21.70863],[166.0812,-21.70938],[166.08064,-21.70998],[166.07877,-21.71084],[166.07634,-21.71252],[166.07309,-21.71059],[166.07256,-21.70964],[166.0709,-21.70877],[166.06987,-21.70897],[166.06899,-21.70836],[166.06613,-21.70994],[166.06523,-21.71174],[166.06503,-21.71338],[166.06407,-21.71473],[166.06148,-21.71523],[166.06021,-21.71442],[166.05895,-21.71606],[166.05736,-21.71892],[166.05576,-21.71953],[166.05544,-21.72087],[166.05429,-21.72062],[166.05293,-21.72102],[166.05082,-21.72068],[166.04924,-21.71954],[166.04902,-21.71777],[166.04688,-21.71481],[166.04551,-21.71505],[166.04401,-21.71426],[166.04188,-21.7146],[166.03959,-21.71319],[166.03832,-21.71314],[166.03735,-21.71199],[166.03533,-21.71187],[166.0341,-21.711],[166.03236,-21.70798],[166.03111,-21.70736],[166.03018,-21.70622],[166.02723,-21.70785],[166.02549,-21.70792],[166.02444,-21.70845],[166.02277,-21.70745],[166.01936,-21.70767],[166.0189,-21.70659],[166.02004,-21.70298],[166.01964,-21.70094],[166.02064,-21.6981],[166.01927,-21.69675],[166.01917,-21.69492],[166.01822,-21.69396],[166.01876,-21.69267],[166.01768,-21.69148],[166.01614,-21.69102],[166.01489,-21.6898],[166.01541,-21.68822],[166.01511,-21.68627],[166.01523,-21.68367],[166.01589,-21.68289],[166.0156,-21.68077],[166.01581,-21.67977],[166.01507,-21.67883],[166.01493,-21.67573],[166.01428,-21.67514],[166.01271,-21.67227],[166.01239,-21.66951],[166.01109,-21.66702],[166.0109,-21.6655],[166.01236,-21.6631],[166.01264,-21.66196],[166.01411,-21.66023],[166.01437,-21.65912],[166.0154,-21.65799],[166.01558,-21.65694],[166.01787,-21.65631],[166.01774,-21.65369],[166.01935,-21.65134],[166.01802,-21.64969],[166.01807,-21.64813],[166.0196,-21.64662],[166.01964,-21.64523],[166.02072,-21.64423],[166.02167,-21.64398],[166.02236,-21.64186],[166.02238,-21.63995],[166.02397,-21.63999],[166.02522,-21.64084],[166.02777,-21.64164],[166.02898,-21.64038],[166.03021,-21.63997],[166.03306,-21.64046],[166.03363,-21.63988],[166.03763,-21.63785],[166.0388,-21.63463],[166.0417,-21.6323],[166.0432,-21.63247],[166.04413,-21.63038],[166.04546,-21.63024],[166.04637,-21.62958],[166.04914,-21.62948],[166.05286,-21.62707],[166.05374,-21.62544],[166.05518,-21.62487],[166.05485,-21.62278],[166.05518,-21.62165],[166.05467,-21.6201],[166.05527,-21.61782],[166.05439,-21.61664],[166.05339,-21.6143],[166.05372,-21.61114],[166.0527,-21.60826],[166.05291,-21.60683],[166.05369,-21.60478],[166.05339,-21.60314],[166.05366,-21.59908],[166.05295,-21.59756],[166.05316,-21.59679],[166.05509,-21.59469],[166.05646,-21.59288],[166.05711,-21.59076],[166.05856,-21.58825],[166.06111,-21.58436],[166.0629,-21.58413],[166.06304,-21.58281],[166.06533,-21.58273],[166.06662,-21.58025],[166.06878,-21.58132],[166.07049,-21.58184],[166.07324,-21.58215],[166.0753,-21.58193],[166.07587,-21.5805],[166.07686,-21.58095],[166.08011,-21.57961],[166.08219,-21.57998],[166.08336,-21.57911],[166.08421,-21.57912],[166.08527,-21.57834],[166.08738,-21.57863],[166.08865,-21.57719],[166.0902,-21.5762],[166.09114,-21.57614],[166.09348,-21.5746],[166.09504,-21.57435],[166.09704,-21.57478],[166.09949,-21.57396],[166.10066,-21.57162],[166.10017,-21.57117],[166.1001,-21.56926],[166.10082,-21.56819],[166.10329,-21.56678],[166.10385,-21.5652],[166.10475,-21.56405],[166.10477,-21.56293],[166.10403,-21.56198],[166.10325,-21.55936],[166.10441,-21.55858],[166.10652,-21.55938],[166.10825,-21.55762],[166.10861,-21.55543],[166.11063,-21.55464],[166.1124,-21.55272],[166.11374,-21.55261],[166.11621,-21.55175],[166.11765,-21.55218],[166.11969,-21.55184],[166.1205,-21.55128],[166.12183,-21.55174],[166.12326,-21.55158],[166.12426,-21.55074],[166.12688,-21.55038],[166.12728,-21.55],[166.13006,-21.54925],[166.13213,-21.5499],[166.13357,-21.54962],[166.13383,-21.54811],[166.13734,-21.54811],[166.13902,-21.546],[166.13957,-21.54484],[166.14216,-21.54346],[166.1451,-21.54355],[166.14842,-21.54209]]]]}},{"type":"Feature","id":"fr-commune-98830","properties":{"id":"fr-commune-98830","name":"Touho","kind":"commune","center":[165.144,-20.8027],"code":"98830","department":"988"},"bbox":[165.02466,-20.91751,165.26341,-20.68781],"geometry":{"type":"MultiPolygon","coordinates":[[[[165.26041,-20.86586],[165.2577,-20.86614],[165.25706,-20.86538],[165.2589,-20.86464],[165.26061,-20.8645],[165.26041,-20.86586]]],[[[165.24566,-20.88288],[165.24586,-20.88469],[165.24683,-20.88823],[165.2476,-20.89029],[165.24682,-20.89129],[165.24506,-20.89164],[165.24323,-20.89083],[165.24241,-20.88963],[165.24006,-20.88984],[165.23288,-20.89249],[165.23102,-20.89365],[165.22971,-20.89364],[165.22761,-20.89135],[165.22533,-20.89049],[165.22282,-20.89099],[165.22179,-20.89199],[165.22102,-20.89365],[165.22425,-20.89651],[165.22383,-20.89819],[165.2246,-20.90205],[165.22468,-20.90349],[165.22361,-20.90484],[165.22325,-20.90678],[165.22224,-20.90753],[165.22209,-20.90859],[165.2196,-20.9105],[165.2191,-20.9121],[165.21699,-20.91306],[165.21616,-20.91375],[165.21589,-20.91564],[165.21129,-20.91352],[165.20226,-20.9022],[165.19557,-20.898],[165.19242,-20.89629],[165.17579,-20.90357],[165.16466,-20.9125],[165.16394,-20.91092],[165.16293,-20.91112],[165.16195,-20.91216],[165.15887,-20.91373],[165.15766,-20.91307],[165.15724,-20.91467],[165.15578,-20.91544],[165.15331,-20.91599],[165.1529,-20.91751],[165.15053,-20.917],[165.14954,-20.91736],[165.14846,-20.91695],[165.14847,-20.91565],[165.14774,-20.91441],[165.14807,-20.91055],[165.14651,-20.90952],[165.14381,-20.90643],[165.14439,-20.90455],[165.14681,-20.90537],[165.1492,-20.90401],[165.15073,-20.90227],[165.15268,-20.9026],[165.15483,-20.90086],[165.15716,-20.90168],[165.15937,-20.90134],[165.15965,-20.89973],[165.15938,-20.89885],[165.15997,-20.89775],[165.16352,-20.89735],[165.16626,-20.8948],[165.16722,-20.89461],[165.16918,-20.893],[165.16917,-20.89146],[165.16988,-20.8894],[165.17085,-20.88767],[165.17195,-20.88656],[165.17182,-20.88578],[165.16876,-20.88525],[165.16556,-20.88564],[165.16467,-20.88547],[165.1632,-20.88604],[165.16021,-20.88817],[165.15964,-20.88918],[165.15718,-20.88919],[165.15623,-20.88763],[165.15468,-20.88386],[165.15482,-20.88239],[165.1545,-20.88076],[165.1516,-20.87943],[165.14829,-20.87921],[165.14758,-20.87967],[165.14634,-20.87932],[165.14472,-20.87963],[165.14417,-20.88019],[165.14048,-20.88073],[165.13866,-20.88063],[165.13547,-20.87934],[165.13269,-20.87922],[165.13027,-20.87951],[165.12757,-20.87901],[165.1263,-20.87841],[165.12428,-20.87794],[165.12296,-20.87712],[165.12198,-20.8742],[165.1209,-20.8734],[165.12001,-20.87167],[165.11832,-20.87008],[165.11694,-20.86928],[165.11611,-20.86738],[165.11521,-20.8661],[165.11571,-20.8646],[165.11771,-20.86244],[165.11765,-20.86053],[165.1183,-20.85964],[165.11849,-20.85756],[165.11818,-20.85681],[165.11896,-20.85534],[165.11825,-20.85393],[165.1157,-20.85162],[165.11623,-20.84848],[165.11628,-20.84643],[165.11589,-20.84472],[165.11623,-20.84395],[165.11414,-20.84233],[165.11326,-20.84064],[165.11352,-20.83884],[165.11222,-20.83722],[165.11254,-20.83542],[165.11029,-20.83445],[165.10352,-20.83486],[165.10271,-20.83528],[165.1016,-20.83486],[165.09836,-20.83565],[165.09576,-20.83572],[165.09516,-20.83531],[165.0935,-20.83573],[165.09199,-20.8346],[165.08908,-20.83428],[165.08795,-20.83318],[165.08684,-20.83292],[165.08584,-20.83163],[165.08482,-20.83132],[165.08324,-20.83012],[165.08147,-20.82933],[165.07884,-20.82881],[165.07627,-20.82765],[165.07341,-20.82731],[165.07086,-20.82748],[165.06949,-20.82837],[165.06779,-20.82814],[165.06605,-20.82831],[165.06393,-20.82622],[165.06274,-20.82597],[165.0615,-20.82495],[165.05887,-20.82478],[165.05748,-20.82424],[165.05663,-20.82325],[165.05622,-20.82194],[165.05429,-20.82115],[165.05327,-20.81932],[165.05145,-20.81932],[165.05072,-20.81874],[165.04869,-20.81903],[165.04565,-20.81782],[165.04459,-20.81422],[165.04326,-20.81198],[165.04415,-20.8108],[165.04611,-20.80694],[165.04734,-20.80609],[165.04889,-20.80567],[165.0491,-20.80393],[165.05108,-20.80065],[165.05096,-20.79756],[165.05202,-20.79685],[165.05168,-20.79449],[165.05034,-20.79222],[165.04977,-20.79176],[165.05009,-20.79064],[165.05173,-20.79056],[165.05273,-20.78989],[165.05374,-20.79052],[165.05602,-20.79042],[165.05791,-20.79116],[165.06221,-20.78819],[165.06449,-20.78614],[165.06465,-20.7837],[165.06344,-20.78263],[165.0615,-20.78141],[165.061,-20.77986],[165.06218,-20.77709],[165.06117,-20.77467],[165.06028,-20.77317],[165.05956,-20.77306],[165.0581,-20.77192],[165.05478,-20.76702],[165.05393,-20.76642],[165.05133,-20.76566],[165.0487,-20.76538],[165.04731,-20.76473],[165.0462,-20.76487],[165.04365,-20.7644],[165.0418,-20.76301],[165.03949,-20.7619],[165.03718,-20.76045],[165.03362,-20.75895],[165.03214,-20.75774],[165.03065,-20.75586],[165.02825,-20.75409],[165.02585,-20.75094],[165.02552,-20.74992],[165.02619,-20.74826],[165.02585,-20.74695],[165.02892,-20.74617],[165.03182,-20.74577],[165.03431,-20.74328],[165.03454,-20.74237],[165.03769,-20.73995],[165.03938,-20.73783],[165.03505,-20.72882],[165.03134,-20.72605],[165.0301,-20.72588],[165.02938,-20.72448],[165.02792,-20.72287],[165.02527,-20.72107],[165.02466,-20.7199],[165.02526,-20.71913],[165.02559,-20.71878],[165.02627,-20.71833],[165.02626,-20.71802],[165.02663,-20.71792],[165.02691,-20.71796],[165.02793,-20.71835],[165.0282,-20.71844],[165.02872,-20.71858],[165.02908,-20.71864],[165.02963,-20.71865],[165.02986,-20.71859],[165.03012,-20.71827],[165.03042,-20.71679],[165.03172,-20.7179],[165.03306,-20.7199],[165.03446,-20.72308],[165.03634,-20.72534],[165.03795,-20.72654],[165.03925,-20.72712],[165.04086,-20.72726],[165.04221,-20.72689],[165.04301,-20.72815],[165.04281,-20.7289],[165.0409,-20.72977],[165.03967,-20.7295],[165.03984,-20.73074],[165.0416,-20.73179],[165.04004,-20.73234],[165.04033,-20.7336],[165.04105,-20.73427],[165.04187,-20.73275],[165.04316,-20.73258],[165.04419,-20.7332],[165.04333,-20.73395],[165.0437,-20.73598],[165.04691,-20.73714],[165.0471,-20.73876],[165.05028,-20.73949],[165.05111,-20.74185],[165.05252,-20.74211],[165.05382,-20.74341],[165.05475,-20.74315],[165.05694,-20.74155],[165.05577,-20.73925],[165.05492,-20.73848],[165.05414,-20.73673],[165.05217,-20.73462],[165.05038,-20.73307],[165.04909,-20.7313],[165.04763,-20.73016],[165.04698,-20.72912],[165.0431,-20.72744],[165.04261,-20.72651],[165.04231,-20.72463],[165.04411,-20.72439],[165.04704,-20.72541],[165.04783,-20.72622],[165.05186,-20.72918],[165.0546,-20.73159],[165.05651,-20.73293],[165.06172,-20.73512],[165.06549,-20.73709],[165.06777,-20.73854],[165.07042,-20.73993],[165.07181,-20.74025],[165.07443,-20.74011],[165.07884,-20.74094],[165.08057,-20.7415],[165.08364,-20.74309],[165.08515,-20.74343],[165.08669,-20.74437],[165.08845,-20.74502],[165.09083,-20.74495],[165.0939,-20.74574],[165.09607,-20.74759],[165.09929,-20.7486],[165.10085,-20.74989],[165.10292,-20.7501],[165.10667,-20.75186],[165.10965,-20.75247],[165.11253,-20.75359],[165.11383,-20.75372],[165.11477,-20.75449],[165.11632,-20.75479],[165.11589,-20.75605],[165.11593,-20.75745],[165.11669,-20.7575],[165.11734,-20.7562],[165.11718,-20.75531],[165.11855,-20.75498],[165.12022,-20.75543],[165.12199,-20.75491],[165.12383,-20.75501],[165.12529,-20.75439],[165.13043,-20.7539],[165.13334,-20.75413],[165.13743,-20.75363],[165.13886,-20.75304],[165.14352,-20.75397],[165.14568,-20.75404],[165.14899,-20.75456],[165.1552,-20.75577],[165.16045,-20.75706],[165.16238,-20.75714],[165.1648,-20.75773],[165.16735,-20.75793],[165.16759,-20.75884],[165.16491,-20.76053],[165.16386,-20.76149],[165.16218,-20.76173],[165.16007,-20.76469],[165.16166,-20.76602],[165.16348,-20.76831],[165.16596,-20.7682],[165.1665,-20.76722],[165.16743,-20.76781],[165.16722,-20.76884],[165.16908,-20.77018],[165.17066,-20.77043],[165.17184,-20.77006],[165.17372,-20.76809],[165.17741,-20.76785],[165.17812,-20.76891],[165.17797,-20.76977],[165.17884,-20.77126],[165.17877,-20.77268],[165.17951,-20.77427],[165.18014,-20.7747],[165.17915,-20.77773],[165.17821,-20.77799],[165.1763,-20.77923],[165.17543,-20.78132],[165.17337,-20.78185],[165.17481,-20.78321],[165.17838,-20.78111],[165.17903,-20.78005],[165.18228,-20.77987],[165.18487,-20.78055],[165.18605,-20.78061],[165.18606,-20.77957],[165.18747,-20.78003],[165.18639,-20.77808],[165.18513,-20.77722],[165.18403,-20.77822],[165.18292,-20.77708],[165.18349,-20.77558],[165.18288,-20.77404],[165.18347,-20.77016],[165.18362,-20.76666],[165.18524,-20.76538],[165.1863,-20.76509],[165.18742,-20.76334],[165.1869,-20.76281],[165.185,-20.76466],[165.18463,-20.76393],[165.1868,-20.76273],[165.18873,-20.76213],[165.19205,-20.76182],[165.19371,-20.76194],[165.19687,-20.76168],[165.19927,-20.76194],[165.20388,-20.76359],[165.20621,-20.76526],[165.20847,-20.76572],[165.20915,-20.76627],[165.20975,-20.76839],[165.21128,-20.77186],[165.2113,-20.77544],[165.21194,-20.7754],[165.21177,-20.77722],[165.21433,-20.77709],[165.21481,-20.77671],[165.21478,-20.77476],[165.21289,-20.77278],[165.21196,-20.77134],[165.21262,-20.76975],[165.21451,-20.76862],[165.21681,-20.76588],[165.21918,-20.76573],[165.22007,-20.76841],[165.22131,-20.7701],[165.22246,-20.7711],[165.22232,-20.77302],[165.22358,-20.77593],[165.22354,-20.77665],[165.22489,-20.77958],[165.2227,-20.7806],[165.22157,-20.77799],[165.21859,-20.77982],[165.21944,-20.78142],[165.22099,-20.78176],[165.22293,-20.78113],[165.2251,-20.78112],[165.22576,-20.78036],[165.22765,-20.78054],[165.22886,-20.78013],[165.2312,-20.78085],[165.23467,-20.78001],[165.23623,-20.77883],[165.23725,-20.77735],[165.23688,-20.77672],[165.2378,-20.77426],[165.23939,-20.77361],[165.2419,-20.77347],[165.24401,-20.77476],[165.24307,-20.77626],[165.24372,-20.77787],[165.24342,-20.77875],[165.24351,-20.78058],[165.24423,-20.78159],[165.24426,-20.78253],[165.24348,-20.78376],[165.24571,-20.78606],[165.24678,-20.78804],[165.25028,-20.78973],[165.25132,-20.78838],[165.25334,-20.79027],[165.25437,-20.7897],[165.25758,-20.79115],[165.25878,-20.79036],[165.25548,-20.7857],[165.25677,-20.7849],[165.26341,-20.79406],[165.26212,-20.79486],[165.25907,-20.79075],[165.25798,-20.79138],[165.2593,-20.79241],[165.26103,-20.79622],[165.26233,-20.79994],[165.26269,-20.80177],[165.26285,-20.80457],[165.26326,-20.80661],[165.26288,-20.80943],[165.26302,-20.81016],[165.26246,-20.81229],[165.26118,-20.81448],[165.25919,-20.81541],[165.25719,-20.81434],[165.2541,-20.81478],[165.25336,-20.81582],[165.25392,-20.81827],[165.25469,-20.81863],[165.25743,-20.82175],[165.25938,-20.82448],[165.25968,-20.82611],[165.25894,-20.82954],[165.25852,-20.83034],[165.25841,-20.83205],[165.25874,-20.83406],[165.25878,-20.83997],[165.25825,-20.84346],[165.25751,-20.84492],[165.25426,-20.84481],[165.25326,-20.84572],[165.25246,-20.84758],[165.25271,-20.84893],[165.25363,-20.8502],[165.25517,-20.85013],[165.25564,-20.85113],[165.25672,-20.85197],[165.25715,-20.85361],[165.25811,-20.85542],[165.25869,-20.85811],[165.26085,-20.861],[165.26253,-20.86289],[165.26185,-20.86344],[165.26078,-20.86139],[165.26013,-20.86238],[165.25612,-20.86454],[165.25421,-20.86466],[165.25101,-20.86623],[165.24916,-20.86797],[165.2463,-20.86833],[165.24522,-20.87007],[165.2463,-20.87243],[165.24572,-20.87667],[165.24518,-20.87934],[165.245,-20.88296],[165.24566,-20.88288]]],[[[165.14569,-20.71662],[165.14604,-20.71484],[165.1487,-20.71423],[165.14978,-20.71474],[165.14886,-20.71686],[165.14773,-20.71731],[165.14569,-20.71662]]],[[[165.08949,-20.68998],[165.08869,-20.68846],[165.09101,-20.68781],[165.09208,-20.68788],[165.09245,-20.68905],[165.08949,-20.68998]]]]}},{"type":"Feature","id":"fr-commune-98831","properties":{"id":"fr-commune-98831","name":"Voh","kind":"commune","center":[164.7405,-20.8788],"code":"98831","department":"988"},"bbox":[164.54454,-21.05426,164.93636,-20.70333],"geometry":{"type":"MultiPolygon","coordinates":[[[[164.65447,-20.94198],[164.65683,-20.94149],[164.65736,-20.94078],[164.6585,-20.94108],[164.66023,-20.94365],[164.6576,-20.94231],[164.65447,-20.94198]]],[[[164.66346,-20.93028],[164.66456,-20.93107],[164.6636,-20.93224],[164.66129,-20.93256],[164.65914,-20.93232],[164.65971,-20.93091],[164.66294,-20.92984],[164.66346,-20.93028]]],[[[164.59234,-20.92688],[164.59473,-20.92688],[164.59569,-20.92819],[164.59331,-20.92801],[164.59234,-20.92688]]],[[[164.64982,-20.9298],[164.64881,-20.92951],[164.64771,-20.92833],[164.64875,-20.92713],[164.64985,-20.92898],[164.64982,-20.9298]]],[[[164.58849,-20.92691],[164.58742,-20.92689],[164.58317,-20.92557],[164.58262,-20.92437],[164.58685,-20.92662],[164.58849,-20.92691]]],[[[164.58608,-20.92351],[164.58866,-20.92507],[164.58728,-20.92529],[164.58608,-20.92351]]],[[[164.59821,-20.92378],[164.59815,-20.92327],[164.60088,-20.92224],[164.60025,-20.92348],[164.60061,-20.92513],[164.59968,-20.92502],[164.59937,-20.92342],[164.59821,-20.92378]]],[[[164.5777,-20.92216],[164.57649,-20.92177],[164.57424,-20.92044],[164.57189,-20.91692],[164.57275,-20.91599],[164.57438,-20.92039],[164.5765,-20.9211],[164.5777,-20.92216]]],[[[164.66602,-20.91587],[164.66495,-20.91629],[164.66545,-20.91793],[164.66621,-20.91863],[164.66764,-20.91846],[164.66811,-20.91935],[164.66753,-20.92079],[164.66571,-20.92275],[164.66451,-20.92269],[164.66646,-20.91971],[164.66502,-20.91798],[164.66399,-20.91558],[164.66305,-20.91445],[164.66217,-20.91523],[164.66169,-20.91689],[164.66094,-20.91684],[164.66065,-20.91512],[164.66231,-20.91095],[164.66314,-20.91093],[164.66377,-20.91246],[164.66585,-20.91425],[164.66602,-20.91587]]],[[[164.66193,-20.91129],[164.66052,-20.91152],[164.66078,-20.91009],[164.66138,-20.90929],[164.66229,-20.91051],[164.66193,-20.91129]]],[[[164.65697,-20.90368],[164.6579,-20.90311],[164.65855,-20.9038],[164.65946,-20.90606],[164.66082,-20.90678],[164.66207,-20.9068],[164.66296,-20.90857],[164.66211,-20.90946],[164.6612,-20.90866],[164.66018,-20.90904],[164.66034,-20.91005],[164.65903,-20.91136],[164.65835,-20.91027],[164.65796,-20.90865],[164.65808,-20.9072],[164.65725,-20.90525],[164.65607,-20.90406],[164.65697,-20.90368]]],[[[164.64951,-20.90553],[164.6501,-20.90473],[164.65116,-20.90212],[164.65245,-20.90174],[164.65351,-20.90295],[164.65157,-20.90295],[164.64951,-20.90553]]],[[[164.6661,-20.90834],[164.66468,-20.90844],[164.66324,-20.91017],[164.6629,-20.90743],[164.66162,-20.90623],[164.66087,-20.90643],[164.65874,-20.90314],[164.66093,-20.90264],[164.6632,-20.90301],[164.66387,-20.90266],[164.6624,-20.90088],[164.66376,-20.89948],[164.66466,-20.89974],[164.66569,-20.90117],[164.66565,-20.90196],[164.6644,-20.9035],[164.66373,-20.90515],[164.66476,-20.90639],[164.66687,-20.90706],[164.6661,-20.90834]]],[[[164.71373,-21.05426],[164.7118,-21.05346],[164.7065,-21.04808],[164.6995,-21.04236],[164.69634,-21.04305],[164.69533,-21.04292],[164.69523,-21.04179],[164.69414,-21.0406],[164.69191,-21.03752],[164.69264,-21.03647],[164.69234,-21.03544],[164.69137,-21.03454],[164.69242,-21.03303],[164.69108,-21.03117],[164.69121,-21.02958],[164.6925,-21.02793],[164.69274,-21.02659],[164.69232,-21.0254],[164.69247,-21.02357],[164.69194,-21.02298],[164.69108,-21.02061],[164.69053,-21.02021],[164.68738,-21.01979],[164.6841,-21.02014],[164.68219,-21.02081],[164.68032,-21.02038],[164.67873,-21.01673],[164.67833,-21.01478],[164.67671,-21.01358],[164.67576,-21.01333],[164.67161,-21.01379],[164.67043,-21.01308],[164.66933,-21.01002],[164.66876,-21.00982],[164.66968,-21.00596],[164.66951,-21.00543],[164.66741,-21.00375],[164.66688,-21.00244],[164.67011,-21.00116],[164.67123,-21.00223],[164.67138,-21.00347],[164.6733,-21.00523],[164.67558,-21.00598],[164.67835,-21.00576],[164.68022,-21.00429],[164.68192,-21.00171],[164.68298,-21.00173],[164.68352,-21.0032],[164.68718,-21.00172],[164.68931,-21.00204],[164.6906,-21.00459],[164.69121,-21.00699],[164.69018,-21.00996],[164.69103,-21.01251],[164.68974,-21.01368],[164.69025,-21.01424],[164.68934,-21.0157],[164.69091,-21.01727],[164.69258,-21.01712],[164.69296,-21.01596],[164.69541,-21.01475],[164.69788,-21.01261],[164.69873,-21.01035],[164.69903,-21.00859],[164.70039,-21.00586],[164.70168,-21.00457],[164.70314,-21.00469],[164.70418,-21.00526],[164.70623,-21.00538],[164.70918,-21.00413],[164.70846,-21.00324],[164.70831,-21.00068],[164.70777,-20.99995],[164.70961,-20.99707],[164.70998,-20.99596],[164.70815,-20.99296],[164.70958,-20.99039],[164.71204,-20.98936],[164.71141,-20.98744],[164.70951,-20.98693],[164.7081,-20.98593],[164.70649,-20.98391],[164.70805,-20.98173],[164.70809,-20.98027],[164.70762,-20.97954],[164.70921,-20.9778],[164.70881,-20.97736],[164.70955,-20.97458],[164.70851,-20.97139],[164.70758,-20.97161],[164.70622,-20.97079],[164.70599,-20.97242],[164.705,-20.97296],[164.70411,-20.97243],[164.70313,-20.97445],[164.70086,-20.97463],[164.70035,-20.97399],[164.69679,-20.97688],[164.69633,-20.9776],[164.69477,-20.97762],[164.69452,-20.97638],[164.69331,-20.97675],[164.69166,-20.97804],[164.69199,-20.97912],[164.69311,-20.97982],[164.69305,-20.9815],[164.69071,-20.98015],[164.68966,-20.97987],[164.68933,-20.97765],[164.68761,-20.97717],[164.68536,-20.97406],[164.68409,-20.97418],[164.68301,-20.97525],[164.68241,-20.97468],[164.68292,-20.97327],[164.68102,-20.97245],[164.68027,-20.97079],[164.68088,-20.96939],[164.68192,-20.96832],[164.68154,-20.96721],[164.68218,-20.96442],[164.68065,-20.96517],[164.68031,-20.96614],[164.67734,-20.96631],[164.67569,-20.9655],[164.67437,-20.96739],[164.67635,-20.96853],[164.67456,-20.97353],[164.67327,-20.97359],[164.67369,-20.97518],[164.67355,-20.97615],[164.67455,-20.97766],[164.67671,-20.98245],[164.67666,-20.98335],[164.67807,-20.98566],[164.679,-20.98648],[164.67911,-20.98753],[164.67592,-20.98583],[164.67413,-20.98552],[164.67297,-20.98681],[164.67175,-20.98682],[164.6697,-20.98628],[164.66822,-20.98731],[164.66678,-20.98698],[164.66556,-20.98561],[164.66524,-20.98435],[164.66324,-20.98382],[164.66154,-20.98412],[164.66051,-20.98625],[164.65888,-20.98744],[164.65772,-20.98784],[164.65685,-20.98869],[164.65501,-20.98707],[164.65503,-20.98591],[164.65575,-20.98537],[164.65526,-20.98367],[164.65281,-20.98179],[164.65211,-20.9798],[164.65457,-20.97913],[164.6562,-20.97711],[164.65781,-20.97733],[164.65886,-20.97671],[164.66211,-20.97632],[164.66335,-20.97561],[164.66281,-20.9744],[164.66264,-20.97277],[164.66111,-20.97116],[164.66048,-20.97305],[164.65937,-20.97168],[164.65805,-20.97063],[164.65447,-20.97016],[164.65151,-20.97036],[164.65018,-20.97119],[164.64814,-20.96912],[164.64793,-20.96821],[164.65096,-20.96668],[164.65378,-20.96697],[164.65593,-20.96604],[164.65686,-20.96715],[164.65911,-20.96769],[164.66015,-20.96703],[164.66313,-20.9663],[164.66398,-20.96678],[164.66523,-20.9661],[164.66628,-20.96504],[164.66682,-20.96217],[164.66748,-20.96211],[164.66849,-20.96378],[164.66944,-20.96398],[164.67193,-20.96222],[164.67305,-20.96183],[164.67435,-20.96051],[164.67604,-20.95984],[164.67608,-20.95824],[164.67511,-20.95795],[164.67075,-20.95547],[164.67035,-20.95483],[164.66682,-20.9529],[164.66762,-20.95142],[164.6661,-20.94992],[164.6658,-20.94874],[164.66739,-20.94798],[164.66893,-20.94612],[164.66975,-20.94679],[164.66971,-20.94891],[164.67091,-20.94995],[164.67626,-20.95307],[164.67584,-20.95369],[164.67832,-20.95524],[164.67935,-20.9535],[164.68062,-20.95297],[164.67958,-20.95202],[164.67856,-20.95286],[164.67781,-20.95185],[164.67604,-20.95228],[164.67531,-20.95131],[164.67344,-20.95106],[164.67338,-20.95015],[164.67516,-20.94959],[164.67641,-20.9501],[164.67863,-20.94954],[164.67943,-20.94873],[164.6784,-20.94725],[164.6765,-20.9469],[164.6754,-20.94429],[164.67611,-20.94385],[164.678,-20.94607],[164.6801,-20.94676],[164.68191,-20.94681],[164.68279,-20.94573],[164.68306,-20.94351],[164.68205,-20.94079],[164.68067,-20.93893],[164.6788,-20.93941],[164.67834,-20.93875],[164.6784,-20.93739],[164.67742,-20.93663],[164.67555,-20.93653],[164.67368,-20.93735],[164.67327,-20.93836],[164.67183,-20.93694],[164.67038,-20.93655],[164.67038,-20.9351],[164.6725,-20.93414],[164.67283,-20.93331],[164.67253,-20.92999],[164.67427,-20.92895],[164.6752,-20.92738],[164.67441,-20.92544],[164.67301,-20.92443],[164.67289,-20.92265],[164.67235,-20.92138],[164.6707,-20.91933],[164.67016,-20.91713],[164.66865,-20.91778],[164.66623,-20.91702],[164.66688,-20.9147],[164.66671,-20.91336],[164.66445,-20.91188],[164.66441,-20.91064],[164.66538,-20.91016],[164.66867,-20.90652],[164.66821,-20.90551],[164.67039,-20.90369],[164.66874,-20.90335],[164.66648,-20.90387],[164.66617,-20.90308],[164.66755,-20.90264],[164.66773,-20.90192],[164.66948,-20.90163],[164.67082,-20.90103],[164.67204,-20.90175],[164.6744,-20.90077],[164.67759,-20.9004],[164.67787,-20.89894],[164.67949,-20.89651],[164.67868,-20.89644],[164.67716,-20.89848],[164.67649,-20.89831],[164.67483,-20.8997],[164.67304,-20.8999],[164.67564,-20.8973],[164.67409,-20.89764],[164.67208,-20.89961],[164.67021,-20.89943],[164.6684,-20.89965],[164.66704,-20.89934],[164.66577,-20.89844],[164.66433,-20.8989],[164.66187,-20.89882],[164.66112,-20.8993],[164.66106,-20.90098],[164.6599,-20.90066],[164.65831,-20.9009],[164.65727,-20.90242],[164.65584,-20.90351],[164.65321,-20.9013],[164.65497,-20.90147],[164.65561,-20.9022],[164.65709,-20.90097],[164.65708,-20.89981],[164.65773,-20.89893],[164.6569,-20.89653],[164.65565,-20.8954],[164.65372,-20.89568],[164.65404,-20.89693],[164.6528,-20.89772],[164.65247,-20.89877],[164.65105,-20.89991],[164.64942,-20.90214],[164.64794,-20.90313],[164.64605,-20.90208],[164.64564,-20.90336],[164.64418,-20.90459],[164.64184,-20.90526],[164.64213,-20.90626],[164.64374,-20.90706],[164.64438,-20.90873],[164.64647,-20.90885],[164.64699,-20.90926],[164.64642,-20.91062],[164.64354,-20.91199],[164.64333,-20.91312],[164.64114,-20.91514],[164.63997,-20.91689],[164.64046,-20.91818],[164.64192,-20.92062],[164.64369,-20.92092],[164.64426,-20.92155],[164.64502,-20.92378],[164.64572,-20.9244],[164.64505,-20.92542],[164.64218,-20.92652],[164.64083,-20.92774],[164.64059,-20.92902],[164.63876,-20.93022],[164.63816,-20.93105],[164.63845,-20.93437],[164.64005,-20.93447],[164.63993,-20.93588],[164.63772,-20.93564],[164.63298,-20.93629],[164.63327,-20.93504],[164.63101,-20.93461],[164.62901,-20.93516],[164.62919,-20.93409],[164.6321,-20.93379],[164.63249,-20.93331],[164.63505,-20.93275],[164.63548,-20.93196],[164.63396,-20.93073],[164.63443,-20.93016],[164.63383,-20.929],[164.63229,-20.92803],[164.63069,-20.92779],[164.62879,-20.92687],[164.62815,-20.92476],[164.62922,-20.9236],[164.63104,-20.92066],[164.63123,-20.91988],[164.63354,-20.91786],[164.63356,-20.91713],[164.63213,-20.91558],[164.63198,-20.91362],[164.63256,-20.91249],[164.63238,-20.91147],[164.6313,-20.91045],[164.6306,-20.91092],[164.62849,-20.9107],[164.62774,-20.90932],[164.62687,-20.91011],[164.62608,-20.90976],[164.62452,-20.91138],[164.62356,-20.91181],[164.62126,-20.91161],[164.62221,-20.91323],[164.6232,-20.91412],[164.62257,-20.91557],[164.62075,-20.91692],[164.61861,-20.91462],[164.61835,-20.91347],[164.61691,-20.91156],[164.61459,-20.9101],[164.6138,-20.90923],[164.61157,-20.90876],[164.61097,-20.9102],[164.60971,-20.91004],[164.60831,-20.91053],[164.60766,-20.91124],[164.60742,-20.91307],[164.60777,-20.91414],[164.60927,-20.9162],[164.61007,-20.91898],[164.60963,-20.92063],[164.60953,-20.92353],[164.60982,-20.92449],[164.60771,-20.92576],[164.60719,-20.92691],[164.60736,-20.92861],[164.60603,-20.92914],[164.60608,-20.92759],[164.60481,-20.92495],[164.60511,-20.92271],[164.60428,-20.92177],[164.60315,-20.92148],[164.60101,-20.92147],[164.5975,-20.92317],[164.59748,-20.92408],[164.59589,-20.92461],[164.59488,-20.92443],[164.59339,-20.92244],[164.59297,-20.92318],[164.59169,-20.92192],[164.59022,-20.92149],[164.5897,-20.92052],[164.58795,-20.92016],[164.58705,-20.92065],[164.58599,-20.91864],[164.58567,-20.91748],[164.58361,-20.91479],[164.58217,-20.91509],[164.57983,-20.91208],[164.5811,-20.91054],[164.57969,-20.90887],[164.57875,-20.90976],[164.57808,-20.91234],[164.57864,-20.91313],[164.57831,-20.91651],[164.57786,-20.91716],[164.57761,-20.91936],[164.57615,-20.91962],[164.57547,-20.91899],[164.57524,-20.91742],[164.57567,-20.91685],[164.57553,-20.91452],[164.57722,-20.91111],[164.57566,-20.90866],[164.57523,-20.90672],[164.57594,-20.90586],[164.57482,-20.90257],[164.57377,-20.90131],[164.57287,-20.89936],[164.57307,-20.8983],[164.57216,-20.89513],[164.5709,-20.89399],[164.56952,-20.89342],[164.56884,-20.89093],[164.56678,-20.89062],[164.56508,-20.88994],[164.56386,-20.89066],[164.56196,-20.89238],[164.55873,-20.89371],[164.55389,-20.89622],[164.55276,-20.89705],[164.55134,-20.89559],[164.54952,-20.89528],[164.54779,-20.89561],[164.54676,-20.89628],[164.54454,-20.89643],[164.54617,-20.89584],[164.54597,-20.89433],[164.54677,-20.89221],[164.54674,-20.89096],[164.55011,-20.88911],[164.55066,-20.88794],[164.54971,-20.88499],[164.54856,-20.8826],[164.54886,-20.88005],[164.54959,-20.87909],[164.55054,-20.87654],[164.5518,-20.87467],[164.55292,-20.87104],[164.55241,-20.86972],[164.55287,-20.86613],[164.55458,-20.86585],[164.55381,-20.86209],[164.55286,-20.86117],[164.5525,-20.85927],[164.55239,-20.85704],[164.55308,-20.85583],[164.55331,-20.85308],[164.5546,-20.85153],[164.55508,-20.84958],[164.55517,-20.84789],[164.5564,-20.84765],[164.55769,-20.84799],[164.55913,-20.84764],[164.56015,-20.84509],[164.5593,-20.8432],[164.56133,-20.84295],[164.56226,-20.84341],[164.56321,-20.84312],[164.56478,-20.8445],[164.56612,-20.84388],[164.56707,-20.84427],[164.56799,-20.84357],[164.56948,-20.84333],[164.57099,-20.84255],[164.57054,-20.84109],[164.57103,-20.84013],[164.57034,-20.83933],[164.57116,-20.83826],[164.5719,-20.8364],[164.57377,-20.83626],[164.57523,-20.8354],[164.57603,-20.83557],[164.57828,-20.83305],[164.57985,-20.83286],[164.58087,-20.83176],[164.58164,-20.83215],[164.58301,-20.83149],[164.58299,-20.82988],[164.58411,-20.82856],[164.58541,-20.82617],[164.58655,-20.82467],[164.58838,-20.82345],[164.58795,-20.82031],[164.58862,-20.81718],[164.5894,-20.81594],[164.59182,-20.81426],[164.59473,-20.81386],[164.59598,-20.81299],[164.59605,-20.81232],[164.59522,-20.81076],[164.59382,-20.80991],[164.59144,-20.80933],[164.59086,-20.80716],[164.58641,-20.80296],[164.58553,-20.79962],[164.58612,-20.79764],[164.58518,-20.79433],[164.58477,-20.79367],[164.58496,-20.79166],[164.58462,-20.79071],[164.58548,-20.79005],[164.5858,-20.78878],[164.58503,-20.78706],[164.58512,-20.78532],[164.5848,-20.78441],[164.58534,-20.78277],[164.58623,-20.78175],[164.58723,-20.78143],[164.58864,-20.78012],[164.58955,-20.77826],[164.589,-20.7775],[164.58917,-20.77543],[164.58865,-20.77238],[164.58779,-20.77149],[164.58795,-20.76907],[164.58724,-20.76609],[164.58662,-20.7657],[164.58827,-20.76431],[164.58939,-20.76267],[164.59018,-20.76083],[164.59154,-20.76046],[164.594,-20.76039],[164.59834,-20.75718],[164.59968,-20.75686],[164.60109,-20.75708],[164.6039,-20.75567],[164.6071,-20.75621],[164.61095,-20.75737],[164.6125,-20.75894],[164.61407,-20.75971],[164.61575,-20.75829],[164.61671,-20.75798],[164.61808,-20.75871],[164.61988,-20.75868],[164.62166,-20.75912],[164.62304,-20.75794],[164.62489,-20.75919],[164.62623,-20.75873],[164.62957,-20.76001],[164.63163,-20.7595],[164.63477,-20.7591],[164.63748,-20.76052],[164.63969,-20.76043],[164.64169,-20.75983],[164.64429,-20.75985],[164.64696,-20.75846],[164.64798,-20.75837],[164.65058,-20.75993],[164.65336,-20.75977],[164.65527,-20.75852],[164.65789,-20.75786],[164.65886,-20.75707],[164.66126,-20.75722],[164.66319,-20.75511],[164.66457,-20.75485],[164.66611,-20.75788],[164.66668,-20.75855],[164.6687,-20.75772],[164.66877,-20.75632],[164.66986,-20.75557],[164.67079,-20.75427],[164.67065,-20.75286],[164.67283,-20.75123],[164.67382,-20.74981],[164.67574,-20.7503],[164.67761,-20.74991],[164.67963,-20.75002],[164.68037,-20.74768],[164.68161,-20.74686],[164.68067,-20.74587],[164.67992,-20.74394],[164.67697,-20.74251],[164.67641,-20.74133],[164.67481,-20.73983],[164.67354,-20.74],[164.671,-20.73862],[164.67043,-20.73804],[164.66945,-20.73577],[164.67008,-20.73349],[164.67004,-20.7326],[164.67071,-20.73139],[164.6699,-20.72824],[164.67066,-20.72613],[164.67073,-20.72423],[164.66961,-20.72106],[164.6691,-20.71816],[164.66863,-20.71705],[164.66902,-20.71631],[164.6676,-20.71426],[164.66667,-20.71364],[164.66594,-20.71157],[164.66523,-20.71091],[164.66445,-20.70924],[164.66402,-20.70745],[164.66427,-20.7061],[164.66604,-20.70386],[164.66584,-20.70333],[164.66959,-20.70427],[164.6721,-20.70578],[164.67319,-20.70547],[164.67438,-20.70578],[164.67583,-20.70546],[164.67815,-20.70578],[164.68297,-20.70864],[164.68414,-20.70809],[164.68715,-20.7075],[164.69009,-20.70776],[164.69308,-20.70777],[164.69586,-20.70837],[164.69761,-20.70798],[164.69849,-20.70849],[164.69891,-20.70966],[164.69984,-20.7102],[164.70128,-20.71001],[164.7035,-20.71126],[164.70554,-20.71158],[164.70614,-20.71319],[164.707,-20.71396],[164.7069,-20.71605],[164.70795,-20.71767],[164.71004,-20.71812],[164.71087,-20.71793],[164.71299,-20.71897],[164.71398,-20.71998],[164.71487,-20.71969],[164.71668,-20.72183],[164.71708,-20.72421],[164.71859,-20.72479],[164.71891,-20.72573],[164.72068,-20.72633],[164.72239,-20.726],[164.72365,-20.72506],[164.725,-20.72487],[164.72697,-20.72555],[164.72766,-20.72636],[164.73056,-20.72647],[164.73259,-20.72683],[164.73475,-20.72794],[164.73612,-20.72754],[164.74051,-20.72808],[164.74164,-20.72887],[164.74294,-20.72872],[164.74472,-20.72733],[164.74617,-20.72923],[164.74781,-20.72883],[164.74867,-20.72902],[164.74934,-20.73036],[164.75311,-20.73315],[164.75391,-20.7344],[164.75361,-20.73505],[164.75475,-20.73834],[164.75739,-20.7387],[164.75961,-20.73944],[164.76157,-20.73877],[164.76271,-20.73778],[164.76454,-20.73793],[164.76593,-20.73749],[164.76722,-20.73797],[164.77045,-20.73795],[164.77305,-20.73936],[164.77534,-20.7397],[164.77925,-20.73967],[164.78227,-20.74197],[164.78498,-20.74267],[164.78641,-20.74393],[164.7882,-20.74443],[164.79155,-20.74499],[164.79301,-20.74572],[164.79558,-20.74606],[164.79789,-20.74744],[164.79885,-20.7487],[164.80015,-20.74934],[164.80227,-20.74985],[164.80349,-20.75136],[164.80705,-20.75389],[164.80853,-20.75532],[164.81065,-20.7546],[164.81255,-20.75336],[164.81412,-20.75154],[164.81498,-20.75102],[164.8181,-20.75241],[164.81909,-20.75363],[164.82173,-20.7537],[164.82321,-20.75727],[164.82375,-20.75806],[164.82283,-20.76128],[164.82403,-20.76349],[164.82521,-20.76467],[164.82673,-20.76464],[164.82893,-20.76585],[164.83106,-20.76933],[164.83254,-20.77111],[164.83475,-20.77108],[164.83881,-20.77181],[164.84157,-20.77183],[164.84368,-20.77262],[164.84632,-20.7729],[164.8476,-20.77458],[164.84768,-20.77604],[164.84977,-20.77926],[164.85075,-20.77966],[164.85119,-20.78063],[164.85295,-20.781],[164.8538,-20.78065],[164.85515,-20.78096],[164.8563,-20.78204],[164.86021,-20.78228],[164.85976,-20.78422],[164.85986,-20.78548],[164.8611,-20.7867],[164.86229,-20.78686],[164.86269,-20.78819],[164.86244,-20.79103],[164.86035,-20.79478],[164.86151,-20.79781],[164.85973,-20.79908],[164.85926,-20.80123],[164.85716,-20.80189],[164.85772,-20.80336],[164.85764,-20.80456],[164.85819,-20.80556],[164.85778,-20.80714],[164.85656,-20.80818],[164.85804,-20.81014],[164.8586,-20.81133],[164.85892,-20.8134],[164.85988,-20.81616],[164.8611,-20.81786],[164.86308,-20.81982],[164.86311,-20.82093],[164.86477,-20.82296],[164.86465,-20.82408],[164.86597,-20.82551],[164.8671,-20.82588],[164.8674,-20.82967],[164.8657,-20.83217],[164.86513,-20.83389],[164.86426,-20.83518],[164.86421,-20.83645],[164.86289,-20.83743],[164.8616,-20.83762],[164.85911,-20.83847],[164.85816,-20.83937],[164.85629,-20.84037],[164.85527,-20.84053],[164.85174,-20.8429],[164.85104,-20.84384],[164.85131,-20.84525],[164.85096,-20.84644],[164.85145,-20.84761],[164.85144,-20.85078],[164.85072,-20.85204],[164.85089,-20.85341],[164.84989,-20.85676],[164.85147,-20.85838],[164.8518,-20.86086],[164.8515,-20.86314],[164.85023,-20.86561],[164.85119,-20.86626],[164.85369,-20.86695],[164.85503,-20.86593],[164.8591,-20.86675],[164.86012,-20.86617],[164.86262,-20.86656],[164.86395,-20.86823],[164.86555,-20.8692],[164.86673,-20.87051],[164.86736,-20.87184],[164.86737,-20.8734],[164.86684,-20.8754],[164.86709,-20.87673],[164.86679,-20.878],[164.86756,-20.88096],[164.86697,-20.88305],[164.8675,-20.88646],[164.86871,-20.88811],[164.8714,-20.89061],[164.87222,-20.89341],[164.87576,-20.89555],[164.8783,-20.89569],[164.87953,-20.89652],[164.88037,-20.89831],[164.88223,-20.89882],[164.88325,-20.89946],[164.88474,-20.90254],[164.88709,-20.90333],[164.88747,-20.90466],[164.88905,-20.90458],[164.89056,-20.90599],[164.8914,-20.90634],[164.89358,-20.90645],[164.89555,-20.90736],[164.89717,-20.90916],[164.89899,-20.90979],[164.90165,-20.91125],[164.90334,-20.91304],[164.90447,-20.91375],[164.90591,-20.91218],[164.90721,-20.9112],[164.91091,-20.90998],[164.91316,-20.91084],[164.91374,-20.91159],[164.91353,-20.91319],[164.91258,-20.91437],[164.91357,-20.9153],[164.91276,-20.91728],[164.91359,-20.91936],[164.91351,-20.92147],[164.91256,-20.92346],[164.91311,-20.92472],[164.91384,-20.92513],[164.91413,-20.92671],[164.91613,-20.92614],[164.91768,-20.92672],[164.91834,-20.92807],[164.91918,-20.9285],[164.91889,-20.93047],[164.92011,-20.93158],[164.92109,-20.93442],[164.92172,-20.93547],[164.92125,-20.93626],[164.921,-20.93944],[164.92145,-20.94048],[164.92167,-20.94263],[164.92388,-20.94555],[164.92312,-20.94739],[164.92381,-20.94843],[164.92428,-20.95015],[164.92655,-20.95293],[164.92856,-20.95408],[164.92881,-20.95482],[164.93073,-20.95541],[164.93113,-20.95641],[164.93502,-20.95898],[164.93502,-20.96042],[164.9361,-20.9616],[164.93636,-20.96353],[164.93586,-20.96515],[164.93613,-20.96602],[164.93478,-20.96745],[164.93443,-20.96887],[164.93211,-20.96979],[164.93048,-20.96937],[164.9286,-20.96987],[164.92777,-20.97073],[164.92567,-20.9711],[164.91784,-20.95883],[164.91492,-20.95059],[164.91117,-20.94296],[164.91066,-20.93897],[164.90221,-20.94133],[164.90108,-20.94298],[164.90024,-20.94353],[164.89855,-20.94676],[164.88861,-20.95443],[164.88748,-20.95433],[164.88585,-20.95723],[164.87193,-20.96548],[164.87168,-20.9665],[164.87205,-20.96789],[164.8732,-20.9702],[164.87503,-20.97232],[164.87628,-20.97224],[164.87716,-20.97299],[164.88626,-20.97454],[164.88333,-20.97599],[164.88216,-20.97691],[164.88102,-20.97676],[164.87963,-20.97797],[164.87993,-20.97904],[164.87934,-20.98065],[164.87716,-20.98007],[164.87371,-20.9782],[164.87137,-20.97533],[164.87091,-20.97417],[164.87002,-20.97459],[164.86908,-20.97355],[164.86662,-20.97195],[164.86407,-20.97065],[164.86081,-20.97053],[164.85884,-20.97172],[164.85613,-20.97263],[164.85411,-20.97401],[164.85281,-20.97685],[164.85162,-20.97736],[164.84802,-20.97802],[164.84685,-20.9788],[164.8458,-20.98065],[164.84351,-20.98205],[164.84184,-20.98267],[164.83992,-20.98527],[164.83926,-20.98733],[164.8396,-20.98778],[164.83976,-20.99009],[164.83789,-20.99151],[164.83664,-20.99333],[164.83676,-20.99539],[164.83631,-20.99636],[164.83655,-20.99804],[164.83632,-20.99967],[164.83417,-20.99848],[164.83309,-20.99656],[164.83073,-20.99579],[164.83002,-20.99511],[164.82896,-20.99647],[164.8257,-20.99718],[164.82206,-20.99537],[164.82114,-20.99534],[164.82016,-20.99422],[164.82044,-20.9932],[164.81913,-20.99251],[164.81905,-20.99137],[164.81771,-20.98965],[164.81569,-20.98824],[164.81358,-20.98949],[164.81219,-20.98878],[164.81154,-20.98907],[164.80974,-20.98834],[164.80962,-20.98715],[164.80765,-20.98705],[164.8062,-20.98757],[164.80444,-20.98736],[164.80152,-20.98799],[164.80041,-20.98754],[164.79843,-20.98856],[164.79656,-20.99081],[164.79639,-20.99196],[164.79555,-20.99207],[164.7946,-20.99344],[164.79246,-20.99411],[164.79065,-20.99562],[164.78979,-20.99556],[164.78869,-20.99729],[164.78736,-20.9977],[164.78779,-20.99875],[164.78685,-20.99973],[164.78596,-21.00202],[164.78509,-21.003],[164.78389,-21.0031],[164.78317,-21.0024],[164.7812,-21.00163],[164.77932,-21.00134],[164.7779,-21.00193],[164.77184,-21.00235],[164.77036,-21.00326],[164.76846,-21.00609],[164.76628,-21.00731],[164.76413,-21.00787],[164.76184,-21.00716],[164.75925,-21.0082],[164.75675,-21.00895],[164.75443,-21.00929],[164.75173,-21.00908],[164.75084,-21.00951],[164.74954,-21.01126],[164.74953,-21.0129],[164.7491,-21.01438],[164.74878,-21.01803],[164.74683,-21.01952],[164.74395,-21.02247],[164.74346,-21.02246],[164.74117,-21.02492],[164.73942,-21.02537],[164.73835,-21.02735],[164.73582,-21.02919],[164.7343,-21.03106],[164.7333,-21.03402],[164.73316,-21.03561],[164.73341,-21.0378],[164.73413,-21.03917],[164.73385,-21.04026],[164.73294,-21.0411],[164.73172,-21.04151],[164.72861,-21.04144],[164.72788,-21.04177],[164.72505,-21.04483],[164.72262,-21.0464],[164.72253,-21.04748],[164.72044,-21.04856],[164.7199,-21.04946],[164.71993,-21.05213],[164.71928,-21.05311],[164.7176,-21.05277],[164.71545,-21.05195],[164.7139,-21.05231],[164.71391,-21.05399],[164.71385,-21.05408],[164.71373,-21.05426]],[[164.70017,-21.04211],[164.69996,-21.04249],[164.70569,-21.04711],[164.70626,-21.04663],[164.70567,-21.0448],[164.70269,-21.04229],[164.70017,-21.04211]],[[164.70746,-21.04769],[164.70654,-21.04785],[164.71136,-21.05278],[164.71005,-21.05025],[164.70746,-21.04769]]]]}},{"type":"Feature","id":"fr-commune-98832","properties":{"id":"fr-commune-98832","name":"Yaté","kind":"commune","center":[166.7309,-22.1],"code":"98832","department":"988"},"bbox":[166.42113,-22.3531,167.03993,-21.84672],"geometry":{"type":"MultiPolygon","coordinates":[[[[167.03894,-22.28067],[167.03694,-22.27875],[167.03741,-22.27799],[167.03993,-22.28055],[167.03894,-22.28067]]],[[[167.02866,-22.2694],[167.02944,-22.26892],[167.03094,-22.26983],[167.03218,-22.26992],[167.0329,-22.26899],[167.03516,-22.27108],[167.03643,-22.27159],[167.03851,-22.27323],[167.03691,-22.27522],[167.03654,-22.27707],[167.03676,-22.27823],[167.03474,-22.27777],[167.03193,-22.2777],[167.03052,-22.27825],[167.02888,-22.27799],[167.02776,-22.27638],[167.03076,-22.27657],[167.03102,-22.27566],[167.03086,-22.27301],[167.03162,-22.27087],[167.02962,-22.27042],[167.02866,-22.2694]]],[[[167.02896,-22.26647],[167.02997,-22.26651],[167.03055,-22.26804],[167.0276,-22.26824],[167.02896,-22.26647]]],[[[167.02751,-22.26616],[167.02626,-22.26833],[167.025,-22.26705],[167.02751,-22.26616]]],[[[167.0223,-22.26123],[167.02357,-22.26064],[167.02372,-22.2619],[167.02251,-22.26199],[167.0223,-22.26123]]],[[[167.03067,-22.25663],[167.03017,-22.25562],[167.03097,-22.25391],[167.03298,-22.25344],[167.03394,-22.25254],[167.03401,-22.25145],[167.03494,-22.2499],[167.0368,-22.25072],[167.03772,-22.25317],[167.03746,-22.2549],[167.03782,-22.25804],[167.03864,-22.26055],[167.03768,-22.26265],[167.034,-22.26379],[167.03323,-22.26117],[167.03238,-22.26085],[167.03188,-22.25922],[167.0312,-22.25833],[167.03067,-22.25663]]],[[[167.01009,-22.2267],[167.01097,-22.22702],[167.01275,-22.22866],[167.01391,-22.23139],[167.01502,-22.23175],[167.01662,-22.23362],[167.01986,-22.23593],[167.02218,-22.23605],[167.02409,-22.2371],[167.0253,-22.23847],[167.02655,-22.24139],[167.02775,-22.24232],[167.03008,-22.24265],[167.03195,-22.24444],[167.03247,-22.24614],[167.03332,-22.24762],[167.03324,-22.24871],[167.03073,-22.25007],[167.02921,-22.25018],[167.02549,-22.25148],[167.02416,-22.25018],[167.02322,-22.2499],[167.02301,-22.24829],[167.02341,-22.24753],[167.02312,-22.24539],[167.02412,-22.24467],[167.02404,-22.24389],[167.02161,-22.24282],[167.01868,-22.23865],[167.01703,-22.23738],[167.01608,-22.23801],[167.01528,-22.23747],[167.01524,-22.23595],[167.01338,-22.23399],[167.01394,-22.23286],[167.01308,-22.23166],[167.01188,-22.23182],[167.01075,-22.23052],[167.01084,-22.22952],[167.0093,-22.2285],[167.00856,-22.22648],[167.01009,-22.2267]]],[[[166.95141,-22.12053],[166.94935,-22.11976],[166.95031,-22.11895],[166.95141,-22.12053]]],[[[166.93376,-22.08318],[166.93372,-22.08226],[166.93611,-22.08304],[166.93572,-22.08417],[166.93376,-22.08318]]],[[[166.56604,-21.87505],[166.56678,-21.87363],[166.56761,-21.87498],[166.56604,-21.87505]]],[[[166.55107,-21.84672],[166.55199,-21.8474],[166.55197,-21.84848],[166.55412,-21.85097],[166.55564,-21.85483],[166.55619,-21.85713],[166.55734,-21.8595],[166.55991,-21.86379],[166.56059,-21.86603],[166.56234,-21.86954],[166.56425,-21.87156],[166.5651,-21.87169],[166.56561,-21.87326],[166.56387,-21.87535],[166.56388,-21.87273],[166.5631,-21.87216],[166.562,-21.87282],[166.56187,-21.87109],[166.56122,-21.87101],[166.56021,-21.87207],[166.56144,-21.87291],[166.56078,-21.8751],[166.56292,-21.87335],[166.5633,-21.87461],[166.56303,-21.87575],[166.56199,-21.87676],[166.56246,-21.87774],[166.56399,-21.87701],[166.56708,-21.87644],[166.5687,-21.87672],[166.57192,-21.87884],[166.5771,-21.88086],[166.57833,-21.88265],[166.57965,-21.88303],[166.58167,-21.88553],[166.58343,-21.88579],[166.58696,-21.8871],[166.58997,-21.88739],[166.59288,-21.88831],[166.59541,-21.89073],[166.59751,-21.8922],[166.59924,-21.89463],[166.60075,-21.89553],[166.60164,-21.89689],[166.60308,-21.89805],[166.60508,-21.89887],[166.60532,-21.89949],[166.60866,-21.90077],[166.61318,-21.90288],[166.61428,-21.90362],[166.61499,-21.90542],[166.6166,-21.90534],[166.61765,-21.90472],[166.61772,-21.90356],[166.62073,-21.9013],[166.62303,-21.90081],[166.62517,-21.90204],[166.62532,-21.90282],[166.62286,-21.90351],[166.62073,-21.9034],[166.61923,-21.90461],[166.61709,-21.90558],[166.61609,-21.9066],[166.61548,-21.909],[166.61647,-21.91054],[166.61734,-21.91346],[166.61681,-21.91534],[166.61836,-21.91795],[166.62099,-21.92032],[166.62137,-21.92095],[166.62346,-21.92165],[166.62592,-21.92126],[166.62707,-21.91963],[166.62893,-21.91903],[166.62985,-21.91926],[166.63108,-21.92035],[166.63381,-21.92078],[166.63889,-21.92238],[166.64209,-21.9236],[166.64379,-21.92292],[166.64575,-21.92383],[166.64578,-21.92469],[166.64384,-21.92484],[166.64192,-21.92659],[166.64135,-21.92775],[166.64039,-21.92765],[166.63937,-21.93014],[166.63954,-21.93114],[166.64182,-21.93281],[166.64317,-21.93438],[166.64573,-21.93547],[166.64777,-21.93511],[166.6491,-21.93592],[166.64984,-21.93574],[166.65309,-21.93708],[166.65448,-21.93888],[166.6558,-21.93824],[166.65635,-21.93704],[166.66,-21.94002],[166.66185,-21.94169],[166.66324,-21.94259],[166.66627,-21.94288],[166.66795,-21.94394],[166.67024,-21.9439],[166.67267,-21.94277],[166.67361,-21.94101],[166.67311,-21.93993],[166.67122,-21.93885],[166.67124,-21.93722],[166.66869,-21.93453],[166.66964,-21.93257],[166.6695,-21.93134],[166.66839,-21.92962],[166.66699,-21.92897],[166.66795,-21.92712],[166.66927,-21.92541],[166.66918,-21.92401],[166.67061,-21.92277],[166.67182,-21.92322],[166.6746,-21.92365],[166.67878,-21.92662],[166.67978,-21.92705],[166.68185,-21.92933],[166.68436,-21.93108],[166.6846,-21.93324],[166.68569,-21.93534],[166.68921,-21.93805],[166.69213,-21.93902],[166.69374,-21.93999],[166.69681,-21.94047],[166.69871,-21.9415],[166.69994,-21.9418],[166.7007,-21.94295],[166.70278,-21.94461],[166.70552,-21.94576],[166.70792,-21.94753],[166.70927,-21.94913],[166.71387,-21.9524],[166.71449,-21.95418],[166.71513,-21.95499],[166.71632,-21.95531],[166.71693,-21.95618],[166.71931,-21.95815],[166.72006,-21.95839],[166.72003,-21.95977],[166.71901,-21.9599],[166.71693,-21.96158],[166.71565,-21.96384],[166.71336,-21.96352],[166.71197,-21.96247],[166.70874,-21.96144],[166.7073,-21.96278],[166.70779,-21.96333],[166.70685,-21.96464],[166.70403,-21.96397],[166.70372,-21.96233],[166.70285,-21.96215],[166.70101,-21.96287],[166.69892,-21.96217],[166.69753,-21.96243],[166.69697,-21.96349],[166.69747,-21.96437],[166.69885,-21.96498],[166.69947,-21.96714],[166.6973,-21.96735],[166.69652,-21.96816],[166.69584,-21.97041],[166.69442,-21.97081],[166.69479,-21.97201],[166.69343,-21.97377],[166.69251,-21.97433],[166.69333,-21.97587],[166.69284,-21.97717],[166.69085,-21.97804],[166.68983,-21.97701],[166.68867,-21.97745],[166.68754,-21.9765],[166.68629,-21.97721],[166.68361,-21.97731],[166.68296,-21.97662],[166.68341,-21.97494],[166.68183,-21.97333],[166.67928,-21.97379],[166.67898,-21.97223],[166.67754,-21.97083],[166.67756,-21.96956],[166.67896,-21.96736],[166.67832,-21.96707],[166.67609,-21.96753],[166.67538,-21.96825],[166.67555,-21.9696],[166.67255,-21.9669],[166.6729,-21.96607],[166.67426,-21.96481],[166.67412,-21.96393],[166.6726,-21.96319],[166.67184,-21.96531],[166.67245,-21.96691],[166.67368,-21.96836],[166.6733,-21.97006],[166.67366,-21.97079],[166.677,-21.97439],[166.67642,-21.9749],[166.676,-21.97661],[166.6747,-21.97885],[166.67633,-21.97858],[166.67626,-21.98],[166.67669,-21.98108],[166.67751,-21.98121],[166.67897,-21.97885],[166.68058,-21.97789],[166.68223,-21.9773],[166.68271,-21.97872],[166.68125,-21.98051],[166.68091,-21.98217],[166.68142,-21.9826],[166.68345,-21.98297],[166.68492,-21.9844],[166.68658,-21.98499],[166.68734,-21.98645],[166.68975,-21.98763],[166.69142,-21.98729],[166.69121,-21.98627],[166.69249,-21.98545],[166.69522,-21.98539],[166.69617,-21.98498],[166.69623,-21.98388],[166.69791,-21.98423],[166.69906,-21.98315],[166.70007,-21.98301],[166.70078,-21.98143],[166.70251,-21.9812],[166.70424,-21.98249],[166.70538,-21.98267],[166.70718,-21.98231],[166.70905,-21.98103],[166.71083,-21.98027],[166.71188,-21.98045],[166.71495,-21.98178],[166.71626,-21.98166],[166.7168,-21.98108],[166.71888,-21.98182],[166.72092,-21.98179],[166.72636,-21.98084],[166.72929,-21.98327],[166.73133,-21.98386],[166.73261,-21.98545],[166.7336,-21.98552],[166.73545,-21.98478],[166.73773,-21.98564],[166.73906,-21.98659],[166.74135,-21.9869],[166.74526,-21.98895],[166.74712,-21.98947],[166.7484,-21.99082],[166.75008,-21.99144],[166.75161,-21.99126],[166.75288,-21.9917],[166.75436,-21.99144],[166.75554,-21.99003],[166.75552,-21.98873],[166.75452,-21.98715],[166.75785,-21.98569],[166.75978,-21.9851],[166.76105,-21.98847],[166.75865,-21.99242],[166.75886,-21.99451],[166.7597,-21.99549],[166.75769,-21.99865],[166.7577,-22.00025],[166.75912,-22.00154],[166.75903,-22.00326],[166.75709,-22.0053],[166.75722,-22.00648],[166.75866,-22.00767],[166.75898,-22.00868],[166.75822,-22.00973],[166.75706,-22.00969],[166.75578,-22.01021],[166.75582,-22.01172],[166.75644,-22.01303],[166.75556,-22.01415],[166.75486,-22.01593],[166.75389,-22.01723],[166.75375,-22.019],[166.75301,-22.02067],[166.75183,-22.02251],[166.7496,-22.0239],[166.75006,-22.02484],[166.75237,-22.02463],[166.7535,-22.02356],[166.75438,-22.02213],[166.75408,-22.02099],[166.75707,-22.01783],[166.75797,-22.01607],[166.75861,-22.01375],[166.76078,-22.01351],[166.76389,-22.01236],[166.76481,-22.01112],[166.76925,-22.01036],[166.77029,-22.0105],[166.77478,-22.01223],[166.77632,-22.01488],[166.77759,-22.0157],[166.77985,-22.0157],[166.78077,-22.01529],[166.78304,-22.01546],[166.78934,-22.01535],[166.79147,-22.01518],[166.79408,-22.01582],[166.79745,-22.017],[166.80025,-22.01727],[166.80299,-22.01874],[166.80511,-22.01844],[166.80576,-22.01881],[166.80829,-22.01912],[166.8102,-22.01992],[166.81229,-22.02034],[166.81518,-22.02231],[166.81746,-22.02417],[166.82031,-22.02582],[166.82358,-22.02648],[166.82644,-22.02619],[166.8301,-22.02643],[166.83259,-22.02631],[166.8357,-22.02641],[166.839,-22.0269],[166.84072,-22.02806],[166.84547,-22.02984],[166.85119,-22.03064],[166.85311,-22.02963],[166.85358,-22.029],[166.85518,-22.02853],[166.85698,-22.02907],[166.85658,-22.03098],[166.85769,-22.03121],[166.85838,-22.03229],[166.86155,-22.03275],[166.86254,-22.0348],[166.86661,-22.03678],[166.86924,-22.03857],[166.87115,-22.0379],[166.87225,-22.03879],[166.87262,-22.0401],[166.87424,-22.04267],[166.8762,-22.04407],[166.87674,-22.04389],[166.87877,-22.04443],[166.88042,-22.04679],[166.88242,-22.04851],[166.88445,-22.04902],[166.88695,-22.05047],[166.88729,-22.05017],[166.8872,-22.04816],[166.88852,-22.04807],[166.89087,-22.05135],[166.88945,-22.05398],[166.89119,-22.05292],[166.89335,-22.0547],[166.89777,-22.05741],[166.89987,-22.05893],[166.90094,-22.05879],[166.90324,-22.06046],[166.90296,-22.06294],[166.90458,-22.06512],[166.90539,-22.06531],[166.90644,-22.06665],[166.90729,-22.06869],[166.90937,-22.07084],[166.9109,-22.07174],[166.91218,-22.07162],[166.91612,-22.07411],[166.91682,-22.07562],[166.91803,-22.07658],[166.91972,-22.07737],[166.92012,-22.07824],[166.92169,-22.07951],[166.92373,-22.08],[166.92541,-22.08082],[166.92766,-22.08245],[166.932,-22.08295],[166.93259,-22.08471],[166.93248,-22.08597],[166.9334,-22.08746],[166.93332,-22.08847],[166.93498,-22.09144],[166.93622,-22.09294],[166.93724,-22.0934],[166.93827,-22.0932],[166.94143,-22.09418],[166.94264,-22.09376],[166.94398,-22.09452],[166.94449,-22.09566],[166.94659,-22.09805],[166.94775,-22.10036],[166.94695,-22.10183],[166.94609,-22.10442],[166.94608,-22.10575],[166.94785,-22.10416],[166.94833,-22.10607],[166.94798,-22.10742],[166.94834,-22.10953],[166.94908,-22.11046],[166.94971,-22.11317],[166.95023,-22.11383],[166.95075,-22.11641],[166.95151,-22.11845],[166.94764,-22.11891],[166.94543,-22.12186],[166.94581,-22.12375],[166.94529,-22.12575],[166.9465,-22.12685],[166.94644,-22.12787],[166.94551,-22.12848],[166.94552,-22.1304],[166.94591,-22.1316],[166.94755,-22.13208],[166.94784,-22.13327],[166.94685,-22.13664],[166.94552,-22.13718],[166.9461,-22.13828],[166.94649,-22.14109],[166.9477,-22.1422],[166.94776,-22.14356],[166.94702,-22.14456],[166.94658,-22.14847],[166.94485,-22.14747],[166.94325,-22.14812],[166.9423,-22.14738],[166.94218,-22.14633],[166.94094,-22.14627],[166.94018,-22.14788],[166.93778,-22.14933],[166.9355,-22.14963],[166.93019,-22.15366],[166.92788,-22.15341],[166.92629,-22.15235],[166.92348,-22.15232],[166.92102,-22.1531],[166.91868,-22.15518],[166.91624,-22.15528],[166.91552,-22.15496],[166.91236,-22.15194],[166.91109,-22.15185],[166.91029,-22.15242],[166.91216,-22.15313],[166.91286,-22.15489],[166.91413,-22.15595],[166.91617,-22.15684],[166.9181,-22.15712],[166.91982,-22.15683],[166.92081,-22.15624],[166.9219,-22.15496],[166.92369,-22.15445],[166.92599,-22.15463],[166.92814,-22.15627],[166.93009,-22.15673],[166.9323,-22.15667],[166.9342,-22.15595],[166.93581,-22.15608],[166.93561,-22.15757],[166.9342,-22.15796],[166.934,-22.15895],[166.93576,-22.15909],[166.9369,-22.15826],[166.93734,-22.15692],[166.93915,-22.15752],[166.93991,-22.15687],[166.9419,-22.15691],[166.94257,-22.15739],[166.94454,-22.15767],[166.94772,-22.15633],[166.9493,-22.15743],[166.95047,-22.15579],[166.95198,-22.15622],[166.95283,-22.15725],[166.95279,-22.15862],[166.95323,-22.15971],[166.95473,-22.16129],[166.95653,-22.16198],[166.95688,-22.16282],[166.95791,-22.16344],[166.95792,-22.16431],[166.95966,-22.16805],[166.96028,-22.16887],[166.96315,-22.16864],[166.96377,-22.16945],[166.96665,-22.17222],[166.96664,-22.1732],[166.97041,-22.17451],[166.97101,-22.17601],[166.97233,-22.17788],[166.97174,-22.17862],[166.97305,-22.17938],[166.97323,-22.18122],[166.97282,-22.18195],[166.97349,-22.18349],[166.97643,-22.18707],[166.97749,-22.18811],[166.97798,-22.1902],[166.97924,-22.19203],[166.98211,-22.19496],[166.98346,-22.19777],[166.98425,-22.19863],[166.98694,-22.20002],[166.98799,-22.20003],[166.98828,-22.1984],[166.98938,-22.19887],[166.99034,-22.20091],[166.98945,-22.20209],[166.98919,-22.2035],[166.99032,-22.20389],[166.99057,-22.20568],[166.99125,-22.20718],[166.99276,-22.20841],[166.99332,-22.21082],[166.99403,-22.21224],[166.995,-22.21312],[166.99638,-22.21337],[166.99768,-22.21441],[166.99726,-22.21489],[166.99898,-22.21766],[167.0003,-22.22094],[167.00165,-22.22237],[167.00338,-22.22483],[167.00468,-22.22613],[167.00562,-22.22811],[167.00827,-22.23044],[167.01013,-22.23312],[167.01055,-22.23414],[167.01142,-22.23432],[167.01211,-22.23699],[167.01181,-22.2378],[167.01255,-22.23885],[167.01185,-22.2403],[167.01275,-22.24308],[167.01189,-22.24342],[167.01184,-22.24518],[167.01244,-22.24844],[167.01209,-22.24966],[167.01198,-22.2525],[167.01309,-22.25455],[167.01304,-22.25712],[167.01265,-22.25936],[167.00971,-22.25986],[167.00911,-22.25782],[167.00835,-22.25713],[167.00675,-22.25675],[167.00464,-22.25739],[167.00729,-22.2586],[167.00993,-22.26139],[167.01134,-22.26163],[167.01279,-22.26111],[167.01511,-22.26202],[167.01781,-22.26392],[167.01894,-22.26413],[167.01977,-22.26545],[167.01958,-22.2668],[167.01981,-22.26862],[167.02086,-22.27038],[167.02161,-22.2727],[167.02143,-22.27417],[167.02193,-22.27543],[167.02334,-22.27721],[167.02231,-22.2797],[167.01978,-22.28333],[167.01855,-22.28481],[167.01807,-22.28651],[167.01565,-22.28973],[167.01394,-22.29487],[167.01403,-22.2963],[167.0136,-22.29707],[167.01357,-22.29872],[167.01237,-22.30172],[167.0106,-22.30467],[167.01011,-22.30657],[167.01012,-22.30809],[167.00951,-22.31054],[167.01005,-22.31169],[167.01136,-22.31593],[167.01244,-22.31818],[167.0103,-22.32061],[167.00981,-22.32156],[167.00785,-22.32199],[167.00714,-22.32369],[167.00776,-22.32535],[167.00719,-22.32771],[167.00621,-22.32849],[167.00394,-22.32907],[167.0029,-22.32992],[167.00237,-22.33147],[167.00347,-22.33276],[167.0036,-22.33511],[167.00173,-22.33864],[167.00084,-22.33918],[166.99941,-22.33904],[166.9973,-22.33932],[166.99653,-22.34028],[166.99654,-22.34166],[166.99412,-22.34154],[166.99276,-22.34054],[166.99086,-22.34083],[166.99018,-22.3427],[166.98937,-22.34294],[166.98596,-22.34015],[166.98559,-22.33904],[166.98724,-22.33786],[166.98815,-22.33627],[166.98793,-22.33515],[166.98612,-22.33293],[166.98436,-22.33172],[166.98147,-22.33072],[166.98135,-22.33128],[166.98373,-22.33244],[166.98618,-22.33455],[166.98682,-22.33674],[166.98538,-22.33764],[166.98537,-22.33647],[166.98416,-22.33558],[166.98181,-22.33584],[166.97877,-22.33809],[166.97897,-22.33947],[166.97868,-22.3429],[166.97797,-22.34362],[166.97784,-22.34502],[166.97612,-22.34944],[166.97541,-22.35034],[166.9758,-22.35193],[166.97516,-22.3531],[166.97403,-22.3531],[166.97418,-22.34544],[166.97492,-22.3411],[166.96589,-22.31998],[166.95507,-22.31018],[166.95754,-22.30697],[166.95378,-22.30675],[166.95015,-22.30776],[166.94943,-22.3089],[166.94809,-22.30916],[166.9468,-22.31039],[166.94328,-22.31262],[166.94129,-22.31132],[166.9385,-22.31068],[166.9377,-22.31078],[166.93722,-22.31205],[166.9353,-22.31304],[166.9318,-22.31421],[166.93017,-22.31332],[166.92912,-22.31339],[166.92747,-22.31288],[166.9266,-22.31368],[166.9262,-22.31485],[166.92414,-22.31637],[166.92221,-22.31714],[166.92074,-22.32019],[166.91996,-22.31971],[166.91837,-22.31961],[166.91716,-22.31883],[166.91607,-22.31726],[166.91349,-22.3169],[166.91273,-22.31641],[166.9121,-22.3145],[166.91052,-22.31323],[166.90996,-22.31187],[166.91044,-22.31019],[166.90996,-22.30804],[166.91109,-22.30618],[166.91068,-22.30505],[166.91156,-22.30403],[166.91066,-22.30332],[166.91058,-22.30129],[166.91106,-22.30096],[166.90971,-22.2984],[166.91,-22.29646],[166.91093,-22.29564],[166.91001,-22.29427],[166.90812,-22.29355],[166.9074,-22.29166],[166.90579,-22.28991],[166.90391,-22.28956],[166.9031,-22.28801],[166.90313,-22.28724],[166.90193,-22.28561],[166.9005,-22.285],[166.90081,-22.28287],[166.90082,-22.28051],[166.90042,-22.27918],[166.89691,-22.27692],[166.89443,-22.2768],[166.89327,-22.27632],[166.88897,-22.27658],[166.88738,-22.27638],[166.88513,-22.27501],[166.88242,-22.27456],[166.88248,-22.27294],[166.87926,-22.27071],[166.8786,-22.26989],[166.87597,-22.26884],[166.87517,-22.26881],[166.87259,-22.27003],[166.87026,-22.26903],[166.86944,-22.26715],[166.86753,-22.26625],[166.86575,-22.26411],[166.86511,-22.26285],[166.86413,-22.26268],[166.86297,-22.2637],[166.85931,-22.26428],[166.85747,-22.26393],[166.85594,-22.26465],[166.85464,-22.26575],[166.85415,-22.26676],[166.8507,-22.26878],[166.84877,-22.26898],[166.84667,-22.26993],[166.84581,-22.27067],[166.84276,-22.27174],[166.84097,-22.27071],[166.83989,-22.27125],[166.83685,-22.27046],[166.83606,-22.27129],[166.83366,-22.26958],[166.83179,-22.26973],[166.82989,-22.26909],[166.82897,-22.26917],[166.82623,-22.2706],[166.82464,-22.27017],[166.82365,-22.26875],[166.8244,-22.26433],[166.82727,-22.26175],[166.83179,-22.25934],[166.83176,-22.25823],[166.83101,-22.25706],[166.82938,-22.25708],[166.82674,-22.25549],[166.82657,-22.25466],[166.82464,-22.25369],[166.82409,-22.25188],[166.8218,-22.25056],[166.82089,-22.25043],[166.81981,-22.2489],[166.81867,-22.2483],[166.81843,-22.2475],[166.81701,-22.24559],[166.81547,-22.24521],[166.81306,-22.24606],[166.81062,-22.24576],[166.80888,-22.24635],[166.8068,-22.24494],[166.80568,-22.2445],[166.80348,-22.24441],[166.80129,-22.24522],[166.79904,-22.24436],[166.79699,-22.24635],[166.79587,-22.24677],[166.79395,-22.24634],[166.79259,-22.24705],[166.78909,-22.24591],[166.78696,-22.24446],[166.78625,-22.24292],[166.78338,-22.24148],[166.78263,-22.24],[166.78195,-22.23748],[166.78228,-22.23692],[166.78085,-22.23495],[166.78218,-22.23301],[166.78244,-22.23143],[166.78188,-22.23065],[166.78201,-22.22778],[166.78167,-22.22631],[166.77987,-22.22545],[166.78009,-22.22232],[166.77908,-22.22207],[166.77776,-22.22066],[166.77564,-22.22126],[166.77396,-22.2204],[166.77194,-22.21844],[166.77096,-22.21819],[166.77044,-22.21694],[166.77083,-22.21542],[166.7681,-22.21386],[166.76869,-22.21311],[166.76906,-22.21108],[166.76851,-22.20986],[166.76661,-22.20785],[166.76776,-22.20525],[166.76781,-22.20411],[166.76901,-22.20342],[166.77069,-22.20135],[166.77137,-22.19882],[166.77209,-22.19726],[166.77317,-22.19622],[166.77238,-22.19509],[166.77378,-22.19444],[166.77294,-22.19311],[166.77367,-22.19194],[166.77395,-22.18978],[166.77475,-22.18735],[166.77626,-22.18525],[166.77773,-22.18458],[166.77751,-22.18384],[166.77835,-22.1822],[166.7776,-22.18026],[166.77682,-22.17956],[166.77683,-22.17797],[166.77609,-22.1764],[166.77527,-22.17603],[166.775,-22.17485],[166.77336,-22.17372],[166.77145,-22.17122],[166.77035,-22.17062],[166.76913,-22.16855],[166.76684,-22.16733],[166.76633,-22.16659],[166.76629,-22.16521],[166.76397,-22.16429],[166.76267,-22.16337],[166.76044,-22.16292],[166.75905,-22.16331],[166.75821,-22.16522],[166.75621,-22.1662],[166.75406,-22.16597],[166.7525,-22.16652],[166.74817,-22.16759],[166.74646,-22.16687],[166.7443,-22.16511],[166.7431,-22.16541],[166.74169,-22.16502],[166.73927,-22.16252],[166.73658,-22.16135],[166.7358,-22.1603],[166.73371,-22.15948],[166.73365,-22.15869],[166.73194,-22.1579],[166.73026,-22.15755],[166.72911,-22.1589],[166.72768,-22.16142],[166.72579,-22.16188],[166.72494,-22.16435],[166.7239,-22.16483],[166.72404,-22.1663],[166.72235,-22.16595],[166.72115,-22.16439],[166.72038,-22.16421],[166.71836,-22.16287],[166.71587,-22.16237],[166.71384,-22.16255],[166.71176,-22.16349],[166.70976,-22.16263],[166.70845,-22.16243],[166.70562,-22.16291],[166.7042,-22.16239],[166.70336,-22.16138],[166.702,-22.16135],[166.70062,-22.16205],[166.69929,-22.16213],[166.69866,-22.16159],[166.69827,-22.16021],[166.69729,-22.1594],[166.69549,-22.15887],[166.69217,-22.15854],[166.69042,-22.15768],[166.68836,-22.15844],[166.68712,-22.16137],[166.68614,-22.16199],[166.68658,-22.16431],[166.68493,-22.16433],[166.68307,-22.16486],[166.68318,-22.16603],[166.68253,-22.16836],[166.68129,-22.17012],[166.68044,-22.17072],[166.67998,-22.1728],[166.68041,-22.1751],[166.67947,-22.17597],[166.68025,-22.17824],[166.6779,-22.18045],[166.67464,-22.18155],[166.67321,-22.18154],[166.67269,-22.18322],[166.67268,-22.18503],[166.67013,-22.18675],[166.66972,-22.1876],[166.66763,-22.18984],[166.66753,-22.19328],[166.66594,-22.19329],[166.6654,-22.19377],[166.66282,-22.19391],[166.66151,-22.193],[166.66078,-22.19164],[166.65769,-22.19014],[166.6565,-22.19021],[166.65421,-22.18753],[166.65321,-22.18715],[166.65102,-22.18471],[166.64895,-22.18314],[166.64654,-22.18249],[166.6452,-22.18104],[166.64603,-22.18012],[166.64583,-22.17795],[166.64458,-22.17626],[166.64444,-22.17479],[166.64479,-22.17368],[166.64431,-22.17193],[166.64252,-22.17074],[166.64107,-22.16875],[166.63926,-22.16713],[166.6366,-22.16581],[166.63298,-22.16361],[166.63077,-22.16289],[166.62864,-22.16143],[166.6261,-22.16078],[166.62491,-22.16134],[166.62293,-22.16124],[166.62079,-22.16175],[166.6194,-22.16051],[166.61701,-22.16073],[166.61342,-22.15948],[166.61087,-22.16026],[166.61017,-22.15973],[166.60791,-22.15909],[166.60406,-22.1556],[166.60246,-22.15519],[166.60229,-22.15364],[166.60127,-22.15263],[166.6002,-22.15293],[166.5966,-22.15174],[166.59682,-22.15081],[166.59582,-22.14773],[166.5943,-22.14704],[166.59479,-22.14601],[166.5944,-22.14465],[166.59281,-22.1435],[166.59464,-22.14261],[166.59734,-22.13956],[166.59785,-22.13815],[166.59969,-22.1376],[166.60126,-22.13641],[166.60359,-22.13571],[166.6051,-22.13623],[166.60614,-22.13562],[166.60534,-22.13485],[166.60538,-22.1328],[166.60412,-22.13114],[166.60534,-22.12911],[166.60441,-22.12853],[166.60385,-22.12691],[166.60413,-22.1241],[166.60389,-22.12333],[166.6047,-22.12261],[166.60437,-22.12149],[166.60341,-22.12025],[166.60312,-22.11874],[166.60334,-22.11637],[166.60545,-22.11422],[166.60471,-22.11234],[166.60522,-22.11061],[166.60518,-22.1091],[166.60466,-22.10742],[166.60501,-22.10658],[166.60382,-22.10583],[166.60358,-22.10497],[166.60143,-22.10455],[166.59932,-22.10296],[166.59829,-22.10296],[166.59624,-22.10168],[166.59474,-22.10155],[166.59353,-22.10083],[166.59242,-22.09763],[166.59019,-22.09443],[166.58817,-22.09329],[166.58586,-22.0909],[166.58309,-22.09079],[166.58207,-22.09006],[166.57912,-22.08978],[166.57768,-22.09],[166.57572,-22.08875],[166.57459,-22.08852],[166.57279,-22.08882],[166.57156,-22.08938],[166.56752,-22.08951],[166.5667,-22.08987],[166.56318,-22.09043],[166.56168,-22.08963],[166.56081,-22.08965],[166.55816,-22.0873],[166.55743,-22.08702],[166.55452,-22.08704],[166.55223,-22.08362],[166.55248,-22.08207],[166.55171,-22.08128],[166.55129,-22.07961],[166.55,-22.07873],[166.54928,-22.07769],[166.54747,-22.07635],[166.54524,-22.07126],[166.5423,-22.07159],[166.53918,-22.07078],[166.53578,-22.07103],[166.53443,-22.07083],[166.53371,-22.06931],[166.53253,-22.06893],[166.53097,-22.06707],[166.53022,-22.06705],[166.52968,-22.0659],[166.52781,-22.06464],[166.52752,-22.06323],[166.52639,-22.05998],[166.52501,-22.05828],[166.52337,-22.05791],[166.52132,-22.05707],[166.5201,-22.05727],[166.51847,-22.05598],[166.51671,-22.05561],[166.51485,-22.05568],[166.51269,-22.05465],[166.51137,-22.05539],[166.5083,-22.05597],[166.50645,-22.05589],[166.50555,-22.05444],[166.50455,-22.05143],[166.50386,-22.05039],[166.5026,-22.04942],[166.50136,-22.04788],[166.50004,-22.04745],[166.49952,-22.04659],[166.49777,-22.04592],[166.49497,-22.04604],[166.49349,-22.04555],[166.49038,-22.04561],[166.48957,-22.04513],[166.48849,-22.04542],[166.48705,-22.04483],[166.48577,-22.0448],[166.48417,-22.04538],[166.48247,-22.04547],[166.4805,-22.04379],[166.47824,-22.04257],[166.47558,-22.0421],[166.47353,-22.04302],[166.472,-22.0434],[166.47064,-22.04327],[166.46947,-22.04378],[166.46729,-22.04032],[166.46639,-22.03968],[166.46595,-22.03773],[166.46761,-22.03445],[166.46712,-22.03292],[166.46732,-22.03049],[166.46908,-22.03014],[166.4704,-22.02808],[166.47241,-22.02649],[166.47228,-22.02505],[166.47303,-22.02326],[166.47273,-22.01822],[166.47237,-22.01645],[166.47137,-22.01622],[166.46927,-22.01419],[166.46752,-22.01295],[166.46722,-22.01143],[166.46589,-22.01074],[166.46453,-22.00944],[166.46356,-22.00922],[166.46139,-22.00758],[166.45972,-22.00585],[166.45916,-22.00432],[166.45712,-22.00227],[166.45695,-22.00098],[166.45626,-21.99973],[166.45552,-21.99967],[166.45515,-21.9965],[166.45452,-21.99388],[166.45312,-21.99171],[166.45401,-21.99002],[166.45435,-21.98777],[166.45209,-21.98551],[166.45085,-21.98495],[166.44918,-21.98369],[166.44906,-21.98241],[166.44777,-21.98013],[166.44756,-21.97782],[166.44705,-21.97715],[166.4455,-21.97659],[166.44472,-21.97579],[166.44214,-21.97479],[166.43733,-21.97257],[166.43807,-21.96953],[166.43808,-21.96857],[166.43903,-21.96808],[166.43955,-21.96636],[166.43896,-21.96328],[166.43967,-21.96122],[166.43858,-21.95948],[166.43724,-21.95864],[166.43592,-21.95718],[166.43565,-21.95564],[166.43354,-21.95434],[166.43261,-21.95299],[166.4309,-21.95212],[166.42962,-21.95073],[166.42798,-21.94964],[166.42688,-21.94813],[166.42655,-21.94699],[166.42565,-21.94633],[166.4259,-21.94526],[166.42789,-21.94334],[166.42685,-21.94183],[166.42601,-21.93978],[166.42534,-21.9389],[166.42494,-21.93604],[166.42508,-21.93502],[166.42455,-21.93351],[166.42585,-21.93216],[166.42559,-21.93036],[166.42599,-21.92913],[166.42579,-21.92794],[166.42651,-21.92693],[166.42783,-21.92273],[166.42597,-21.92126],[166.42546,-21.91988],[166.42502,-21.91694],[166.42434,-21.916],[166.4222,-21.91109],[166.42113,-21.90953],[166.42237,-21.90509],[166.42327,-21.90383],[166.42305,-21.90252],[166.42376,-21.90193],[166.42444,-21.90037],[166.42557,-21.89895],[166.42645,-21.89898],[166.42869,-21.89934],[166.42996,-21.90032],[166.43226,-21.90109],[166.4335,-21.90193],[166.43705,-21.90123],[166.44141,-21.90107],[166.44265,-21.90153],[166.44419,-21.89992],[166.44782,-21.89872],[166.45043,-21.89701],[166.4531,-21.89615],[166.45627,-21.89441],[166.45801,-21.89438],[166.46068,-21.8927],[166.46249,-21.8926],[166.46358,-21.8917],[166.46525,-21.88974],[166.46605,-21.88767],[166.4664,-21.88582],[166.46618,-21.88496],[166.46761,-21.88164],[166.46957,-21.88007],[166.46971,-21.87911],[166.47204,-21.87842],[166.47463,-21.8771],[166.47602,-21.87579],[166.47809,-21.87532],[166.478,-21.87415],[166.4789,-21.8736],[166.47973,-21.87182],[166.4801,-21.86843],[166.48062,-21.86773],[166.48104,-21.86567],[166.47966,-21.86304],[166.47832,-21.86162],[166.47849,-21.86002],[166.48016,-21.85976],[166.48335,-21.85857],[166.48498,-21.85755],[166.48759,-21.8576],[166.49008,-21.8572],[166.4924,-21.85558],[166.4931,-21.85341],[166.49376,-21.85278],[166.49549,-21.85308],[166.49675,-21.85293],[166.49721,-21.85207],[166.49909,-21.85158],[166.50069,-21.8507],[166.50212,-21.85042],[166.50398,-21.85083],[166.50452,-21.85026],[166.50578,-21.85052],[166.50802,-21.85032],[166.50854,-21.84897],[166.50987,-21.84715],[166.5117,-21.84746],[166.51301,-21.84816],[166.51397,-21.84942],[166.51539,-21.8492],[166.51721,-21.8478],[166.51886,-21.84768],[166.51964,-21.84811],[166.52017,-21.85006],[166.52102,-21.85043],[166.52185,-21.85162],[166.52347,-21.85119],[166.52472,-21.85124],[166.52487,-21.85333],[166.52661,-21.85399],[166.52707,-21.85619],[166.52862,-21.85707],[166.53002,-21.85588],[166.53184,-21.85552],[166.53223,-21.85455],[166.53336,-21.854],[166.53586,-21.85349],[166.53798,-21.85253],[166.53944,-21.85291],[166.54062,-21.85224],[166.5428,-21.85205],[166.54369,-21.8512],[166.54512,-21.85081],[166.54683,-21.84938],[166.54858,-21.84831],[166.55056,-21.84801],[166.55107,-21.84672]],[[166.67287,-21.9709],[166.67328,-21.97222],[166.6744,-21.97311],[166.67463,-21.97511],[166.67627,-21.97498],[166.67597,-21.97414],[166.67287,-21.9709]]]]}},{"type":"Feature","id":"fr-commune-98833","properties":{"id":"fr-commune-98833","name":"Kouaoua","kind":"commune","center":[165.7661,-21.4584],"code":"98833","department":"988"},"bbox":[165.63157,-21.57556,165.90072,-21.34132],"geometry":{"type":"MultiPolygon","coordinates":[[[[165.82465,-21.39036],[165.82421,-21.38928],[165.82554,-21.38814],[165.82662,-21.38802],[165.82778,-21.38889],[165.82897,-21.39069],[165.8322,-21.39353],[165.83224,-21.39423],[165.83089,-21.39572],[165.82998,-21.39382],[165.82822,-21.39341],[165.82732,-21.39176],[165.82558,-21.39125],[165.82465,-21.39036]]],[[[165.82003,-21.3913],[165.81912,-21.3901],[165.82013,-21.38793],[165.8208,-21.39024],[165.82003,-21.3913]]],[[[165.82211,-21.387],[165.82091,-21.39028],[165.82039,-21.38776],[165.82211,-21.387]]],[[[165.82339,-21.38769],[165.82438,-21.38664],[165.82519,-21.38724],[165.82413,-21.38802],[165.82339,-21.38769]]],[[[165.87193,-21.35507],[165.87289,-21.35561],[165.87388,-21.35542],[165.87484,-21.35602],[165.87677,-21.35649],[165.87843,-21.35748],[165.88068,-21.35757],[165.88185,-21.35826],[165.88194,-21.35985],[165.88331,-21.36111],[165.88531,-21.36596],[165.88613,-21.36751],[165.88751,-21.36797],[165.88757,-21.36892],[165.88849,-21.3698],[165.88913,-21.37189],[165.88837,-21.37313],[165.88912,-21.37363],[165.88989,-21.37595],[165.89129,-21.37749],[165.89133,-21.37917],[165.89293,-21.38319],[165.89329,-21.38458],[165.89453,-21.38726],[165.89583,-21.38807],[165.89536,-21.38988],[165.895,-21.39343],[165.8969,-21.39416],[165.89789,-21.39629],[165.89789,-21.39946],[165.89857,-21.40089],[165.89833,-21.40144],[165.90072,-21.40552],[165.89949,-21.4092],[165.89992,-21.41026],[165.89878,-21.41398],[165.89863,-21.41591],[165.89654,-21.4181],[165.89628,-21.41947],[165.89496,-21.4224],[165.89512,-21.42362],[165.89417,-21.42607],[165.89515,-21.42725],[165.89679,-21.42813],[165.89645,-21.42909],[165.89732,-21.43045],[165.89676,-21.43155],[165.89627,-21.43387],[165.89496,-21.43444],[165.89487,-21.43653],[165.89711,-21.43784],[165.89742,-21.43988],[165.89652,-21.44025],[165.89576,-21.44221],[165.89485,-21.44263],[165.89344,-21.44589],[165.89442,-21.4474],[165.89546,-21.44815],[165.89649,-21.44967],[165.89821,-21.45123],[165.89888,-21.45294],[165.89863,-21.45475],[165.89954,-21.45561],[165.89835,-21.4572],[165.89643,-21.45741],[165.89546,-21.45712],[165.8909,-21.45792],[165.89016,-21.45881],[165.88849,-21.45942],[165.8867,-21.45917],[165.8841,-21.45782],[165.88161,-21.4577],[165.87888,-21.45834],[165.87646,-21.45796],[165.87388,-21.45825],[165.87178,-21.45967],[165.8716,-21.46089],[165.87021,-21.46112],[165.86913,-21.46235],[165.86923,-21.46326],[165.86735,-21.46498],[165.86704,-21.46596],[165.86595,-21.46713],[165.86654,-21.468],[165.86523,-21.46975],[165.8653,-21.47162],[165.86416,-21.47264],[165.86345,-21.47263],[165.86256,-21.47557],[165.86349,-21.47707],[165.86324,-21.47813],[165.86366,-21.47898],[165.8662,-21.47912],[165.86687,-21.47941],[165.86752,-21.48108],[165.86994,-21.48159],[165.87107,-21.4832],[165.8706,-21.48517],[165.87137,-21.48606],[165.87112,-21.48745],[165.87199,-21.48863],[165.86988,-21.48857],[165.86783,-21.48975],[165.86724,-21.4913],[165.86493,-21.49317],[165.86201,-21.49399],[165.85981,-21.49712],[165.85899,-21.49769],[165.8597,-21.49933],[165.84266,-21.51633],[165.8439,-21.51669],[165.84395,-21.51875],[165.84549,-21.51985],[165.84645,-21.51991],[165.84689,-21.52214],[165.84657,-21.52313],[165.8476,-21.52416],[165.84926,-21.52419],[165.85183,-21.53055],[165.85218,-21.53302],[165.85319,-21.53551],[165.85358,-21.53725],[165.85477,-21.5386],[165.84966,-21.54763],[165.85033,-21.54949],[165.84989,-21.55036],[165.85054,-21.55289],[165.85145,-21.55486],[165.85228,-21.55522],[165.85404,-21.55511],[165.85615,-21.55799],[165.8566,-21.56004],[165.85572,-21.56136],[165.8557,-21.56371],[165.83339,-21.57556],[165.82277,-21.56209],[165.81988,-21.56143],[165.81786,-21.55895],[165.8164,-21.55897],[165.81526,-21.55981],[165.81468,-21.55857],[165.81481,-21.55771],[165.81275,-21.55776],[165.81031,-21.55703],[165.80858,-21.55739],[165.80755,-21.5594],[165.80809,-21.56054],[165.80751,-21.5617],[165.80796,-21.56338],[165.80728,-21.56443],[165.80785,-21.56565],[165.80683,-21.56764],[165.80465,-21.56751],[165.80278,-21.56562],[165.80109,-21.56499],[165.79918,-21.56195],[165.79916,-21.5612],[165.79808,-21.55969],[165.79822,-21.55844],[165.7968,-21.55771],[165.7955,-21.5548],[165.79576,-21.55353],[165.79277,-21.55163],[165.79071,-21.5493],[165.78896,-21.54853],[165.78795,-21.54934],[165.78501,-21.54848],[165.78436,-21.548],[165.7829,-21.54799],[165.77977,-21.54711],[165.77773,-21.54814],[165.77618,-21.54799],[165.77594,-21.54721],[165.77655,-21.54607],[165.77644,-21.54389],[165.77393,-21.54263],[165.77276,-21.54163],[165.77257,-21.54007],[165.77083,-21.53848],[165.76782,-21.53791],[165.76599,-21.53817],[165.76522,-21.53712],[165.76424,-21.53663],[165.76335,-21.53541],[165.76113,-21.53373],[165.75675,-21.53337],[165.75479,-21.53417],[165.75278,-21.53316],[165.75163,-21.53328],[165.75177,-21.53481],[165.74735,-21.535],[165.74625,-21.53482],[165.7435,-21.53555],[165.74073,-21.53552],[165.73894,-21.53592],[165.73671,-21.53512],[165.73449,-21.53334],[165.73265,-21.5337],[165.73136,-21.53319],[165.72668,-21.52851],[165.72431,-21.52853],[165.72224,-21.52737],[165.71818,-21.52288],[165.7169,-21.52204],[165.71556,-21.52052],[165.71314,-21.52109],[165.71103,-21.52018],[165.70923,-21.51997],[165.70778,-21.5211],[165.70583,-21.52021],[165.70522,-21.5203],[165.7039,-21.519],[165.70249,-21.51821],[165.70267,-21.51634],[165.70063,-21.5159],[165.6994,-21.51806],[165.69833,-21.51869],[165.69513,-21.51856],[165.69461,-21.51927],[165.69353,-21.51887],[165.69145,-21.51958],[165.68999,-21.51954],[165.68864,-21.52014],[165.68721,-21.51983],[165.68512,-21.52108],[165.68393,-21.51954],[165.67993,-21.51874],[165.67869,-21.5179],[165.67745,-21.51602],[165.67566,-21.5145],[165.67457,-21.51422],[165.67309,-21.51549],[165.67053,-21.51639],[165.66918,-21.51784],[165.66795,-21.51811],[165.66568,-21.52106],[165.66541,-21.52195],[165.66383,-21.52319],[165.66155,-21.52375],[165.66125,-21.52285],[165.65951,-21.52075],[165.65765,-21.52],[165.6563,-21.51794],[165.65475,-21.51773],[165.65392,-21.51705],[165.65355,-21.51517],[165.65231,-21.51407],[165.6509,-21.51355],[165.64818,-21.5131],[165.64408,-21.51057],[165.64278,-21.51025],[165.64068,-21.50844],[165.63934,-21.50766],[165.63852,-21.50661],[165.63836,-21.50451],[165.63671,-21.50198],[165.63363,-21.5009],[165.63157,-21.49992],[165.63212,-21.4995],[165.63337,-21.49699],[165.63368,-21.49558],[165.63572,-21.49303],[165.63681,-21.49222],[165.63753,-21.4906],[165.63888,-21.48977],[165.63932,-21.48892],[165.6372,-21.48407],[165.63748,-21.48359],[165.63676,-21.4816],[165.63693,-21.4804],[165.6388,-21.47966],[165.6402,-21.47688],[165.64187,-21.47671],[165.6426,-21.47608],[165.64491,-21.47615],[165.64654,-21.47396],[165.64724,-21.47241],[165.64898,-21.47205],[165.65016,-21.47066],[165.65219,-21.47092],[165.65335,-21.47038],[165.65318,-21.46913],[165.6555,-21.46785],[165.65577,-21.46636],[165.65773,-21.46554],[165.65752,-21.46443],[165.65871,-21.46365],[165.65943,-21.46216],[165.66201,-21.46082],[165.66292,-21.46093],[165.66551,-21.46055],[165.66733,-21.46123],[165.67016,-21.46151],[165.67224,-21.46102],[165.67508,-21.45918],[165.67754,-21.45886],[165.6792,-21.46001],[165.68002,-21.45958],[165.68188,-21.45996],[165.68285,-21.46076],[165.68592,-21.4588],[165.68773,-21.45885],[165.68957,-21.45738],[165.69036,-21.45774],[165.69305,-21.45721],[165.69383,-21.45659],[165.69437,-21.45515],[165.69623,-21.4536],[165.69662,-21.45218],[165.69812,-21.45062],[165.69901,-21.44882],[165.69992,-21.4453],[165.70154,-21.44375],[165.70125,-21.44245],[165.7023,-21.4418],[165.70303,-21.43989],[165.70403,-21.43964],[165.705,-21.43776],[165.70482,-21.43724],[165.70297,-21.43603],[165.70269,-21.43451],[165.70323,-21.43196],[165.70277,-21.43028],[165.70373,-21.42893],[165.70406,-21.42725],[165.70297,-21.42679],[165.70255,-21.42598],[165.70288,-21.42457],[165.7036,-21.42415],[165.7032,-21.42203],[165.7052,-21.42104],[165.70654,-21.41975],[165.70722,-21.41721],[165.70673,-21.41489],[165.70738,-21.41377],[165.70871,-21.41365],[165.70964,-21.41236],[165.71105,-21.4128],[165.71406,-21.41116],[165.71532,-21.40886],[165.71688,-21.40828],[165.71836,-21.40571],[165.72052,-21.40334],[165.72255,-21.40251],[165.72324,-21.40169],[165.72462,-21.39835],[165.72592,-21.3981],[165.7265,-21.39659],[165.72916,-21.39533],[165.73075,-21.39483],[165.73255,-21.39345],[165.73339,-21.39229],[165.73471,-21.38923],[165.73634,-21.38875],[165.7404,-21.38832],[165.74232,-21.38676],[165.74367,-21.38692],[165.74521,-21.38634],[165.74576,-21.38486],[165.74547,-21.38309],[165.74631,-21.38025],[165.74709,-21.37892],[165.74617,-21.37736],[165.74446,-21.3755],[165.74261,-21.37503],[165.74111,-21.37364],[165.74122,-21.37173],[165.74198,-21.37027],[165.74181,-21.36888],[165.741,-21.36796],[165.74017,-21.36614],[165.73885,-21.36552],[165.73848,-21.36432],[165.73988,-21.36266],[165.74096,-21.36289],[165.74418,-21.36202],[165.74594,-21.36211],[165.7499,-21.36002],[165.75073,-21.36047],[165.75371,-21.35887],[165.75468,-21.3588],[165.75709,-21.35765],[165.75877,-21.35741],[165.75939,-21.35664],[165.76064,-21.35691],[165.76262,-21.35622],[165.76519,-21.35451],[165.76673,-21.35511],[165.76754,-21.35433],[165.76968,-21.35475],[165.77042,-21.35589],[165.77232,-21.35593],[165.77488,-21.35372],[165.77682,-21.35368],[165.77858,-21.35195],[165.77962,-21.35137],[165.77953,-21.3495],[165.78291,-21.34891],[165.78375,-21.3483],[165.78539,-21.34509],[165.78664,-21.34433],[165.78783,-21.34191],[165.78929,-21.34132],[165.79219,-21.34431],[165.79309,-21.3457],[165.79534,-21.34607],[165.80059,-21.34505],[165.80417,-21.34454],[165.80627,-21.34494],[165.80762,-21.34644],[165.80734,-21.34736],[165.8046,-21.34922],[165.80322,-21.34949],[165.8022,-21.3508],[165.80112,-21.35106],[165.80048,-21.35243],[165.8005,-21.35338],[165.80142,-21.35555],[165.80407,-21.3574],[165.80601,-21.35714],[165.8079,-21.35481],[165.81122,-21.35405],[165.81407,-21.35488],[165.81689,-21.3545],[165.81827,-21.35402],[165.81962,-21.35292],[165.82003,-21.35173],[165.82144,-21.35253],[165.82101,-21.35494],[165.82191,-21.35644],[165.82455,-21.35593],[165.8258,-21.35512],[165.82676,-21.35502],[165.82889,-21.35752],[165.8302,-21.35786],[165.83117,-21.35917],[165.83241,-21.3596],[165.83239,-21.3607],[165.83142,-21.36184],[165.82822,-21.36412],[165.82685,-21.3648],[165.82559,-21.36431],[165.82345,-21.36526],[165.82287,-21.36657],[165.82182,-21.36707],[165.82196,-21.37003],[165.82365,-21.37266],[165.82481,-21.37353],[165.82531,-21.37486],[165.82672,-21.37551],[165.82673,-21.37648],[165.82358,-21.37586],[165.82091,-21.3774],[165.81913,-21.37777],[165.8186,-21.37854],[165.81887,-21.38039],[165.82002,-21.38301],[165.82123,-21.38442],[165.82237,-21.38514],[165.81987,-21.38752],[165.81881,-21.38977],[165.81891,-21.39062],[165.82059,-21.39228],[165.82177,-21.39533],[165.82291,-21.39536],[165.82235,-21.39386],[165.82207,-21.39162],[165.82267,-21.38981],[165.82406,-21.38936],[165.82397,-21.39018],[165.8247,-21.39046],[165.82545,-21.39146],[165.82725,-21.39199],[165.8283,-21.39369],[165.83002,-21.39409],[165.82985,-21.397],[165.83113,-21.39829],[165.83283,-21.39813],[165.83343,-21.39952],[165.83341,-21.40428],[165.83431,-21.40604],[165.83404,-21.40672],[165.83459,-21.40856],[165.83597,-21.40955],[165.83746,-21.40953],[165.83714,-21.41087],[165.83804,-21.41218],[165.83929,-21.41299],[165.84055,-21.41318],[165.84199,-21.41424],[165.84416,-21.41478],[165.84388,-21.41771],[165.84594,-21.42023],[165.84801,-21.42039],[165.84862,-21.42089],[165.84984,-21.41964],[165.84966,-21.4187],[165.85077,-21.41837],[165.8518,-21.41887],[165.85279,-21.4185],[165.8548,-21.42017],[165.85681,-21.4209],[165.85871,-21.42094],[165.85967,-21.42037],[165.86013,-21.41926],[165.85928,-21.41798],[165.86106,-21.41755],[165.86072,-21.41653],[165.85751,-21.417],[165.85655,-21.41625],[165.85588,-21.41487],[165.85382,-21.41417],[165.85336,-21.41333],[165.85096,-21.41271],[165.85013,-21.41098],[165.84978,-21.40892],[165.849,-21.40885],[165.84855,-21.40766],[165.84668,-21.4077],[165.84554,-21.40707],[165.8472,-21.40609],[165.84695,-21.40331],[165.84562,-21.40249],[165.84479,-21.40113],[165.84452,-21.39896],[165.84354,-21.39776],[165.84211,-21.39756],[165.84139,-21.39622],[165.84213,-21.39464],[165.84123,-21.39397],[165.84026,-21.39197],[165.84058,-21.39072],[165.83817,-21.3892],[165.83677,-21.38909],[165.83588,-21.38807],[165.83501,-21.38806],[165.83438,-21.3866],[165.83664,-21.38623],[165.83911,-21.38525],[165.84017,-21.38389],[165.8423,-21.38255],[165.84253,-21.38013],[165.84377,-21.3765],[165.84295,-21.37512],[165.84364,-21.37338],[165.84628,-21.37249],[165.84869,-21.37248],[165.85167,-21.37179],[165.8545,-21.37173],[165.8566,-21.372],[165.862,-21.37164],[165.86265,-21.37307],[165.86409,-21.37431],[165.86534,-21.37607],[165.86576,-21.37822],[165.86655,-21.38009],[165.86687,-21.38233],[165.86644,-21.38314],[165.86775,-21.38618],[165.86972,-21.38785],[165.87027,-21.38925],[165.87015,-21.39029],[165.87136,-21.3919],[165.87162,-21.39349],[165.8728,-21.39441],[165.87519,-21.39459],[165.87642,-21.39609],[165.87729,-21.39659],[165.87945,-21.39685],[165.88156,-21.3959],[165.88209,-21.39736],[165.88416,-21.3969],[165.88292,-21.39579],[165.88223,-21.39339],[165.87814,-21.39086],[165.87845,-21.38976],[165.87759,-21.38918],[165.87741,-21.38669],[165.87603,-21.38617],[165.87572,-21.38459],[165.87644,-21.38312],[165.8766,-21.38176],[165.87791,-21.38203],[165.8801,-21.38088],[165.882,-21.37887],[165.88266,-21.37765],[165.88268,-21.37559],[165.88124,-21.3709],[165.88198,-21.36863],[165.88181,-21.36589],[165.88074,-21.36363],[165.87926,-21.36247],[165.87783,-21.36025],[165.87605,-21.35925],[165.87458,-21.35787],[165.87378,-21.35778],[165.87192,-21.35635],[165.87193,-21.35507]]]]}}]}
