{"type":"FeatureCollection","metadata":{"sourceType":"iris","referenceFile":"aix-en-provence-quartiers.geojson","source":"IGN / INSEE - Contours IRIS WFS Géoplateforme","sourceUrl":"https://geoservices.ign.fr/contoursiris","license":"Licence Ouverte / Open Licence 2.0","sourceYear":"2026"},"features":[{"type":"Feature","id":"fr-quartier-13001-a4aa6d1f658f","properties":{"id":"fr-quartier-13001-a4aa6d1f658f","kind":"quartier","name":"Arbois Partie Est","cityCode":"13001","cityName":"Aix-en-Provence","sourceType":"iris","sourceIds":["130010908"],"colorIndex":0,"center":[5.388435508141741,43.51587942275551]},"geometry":{"type":"MultiPolygon","coordinates":[[[[5.40693852,43.50624253],[5.4029047,43.50612766],[5.40158917,43.50604518],[5.40088855,43.50594008],[5.40029672,43.50580466],[5.39911678,43.50544462],[5.39776895,43.50494336],[5.39687271,43.50456531],[5.39581155,43.50399829],[5.39423181,43.50312316],[5.39405152,43.50327746],[5.39270667,43.50287508],[5.3923861,43.50283805],[5.39229307,43.50292021],[5.39223096,43.50291348],[5.39218412,43.50285781],[5.39190555,43.50290896],[5.39191326,43.5030348],[5.39157628,43.50364351],[5.39111486,43.50363928],[5.39021668,43.5038076],[5.38951084,43.50405179],[5.38951343,43.50393562],[5.38895307,43.50440702],[5.38879584,43.50487854],[5.3892725,43.50504086],[5.38982251,43.50509355],[5.38999515,43.50505194],[5.39001562,43.50515771],[5.39046837,43.50510182],[5.39051521,43.50524661],[5.39011513,43.50534994],[5.38973466,43.50559775],[5.38956259,43.50565285],[5.38886348,43.50576187],[5.38811565,43.50594846],[5.38775376,43.50592942],[5.38748772,43.50583627],[5.38684758,43.50543],[5.3862047,43.50486808],[5.3859356,43.50473088],[5.38536913,43.50463893],[5.3839846,43.50470988],[5.38426606,43.50529417],[5.38487062,43.50683987],[5.38536852,43.50763273],[5.38490935,43.50759422],[5.38448356,43.5077341],[5.38217238,43.50797661],[5.37992845,43.50861905],[5.37781447,43.50896606],[5.37509849,43.50952963],[5.37511353,43.50815843],[5.37430174,43.50838503],[5.37404584,43.50859676],[5.37376728,43.50906821],[5.3736962,43.50911387],[5.37332984,43.5091966],[5.37305139,43.50919189],[5.37276988,43.50914315],[5.3724492,43.50901424],[5.37235399,43.50901453],[5.37148979,43.50946998],[5.3712912,43.50966245],[5.37101305,43.51005468],[5.37087036,43.51016311],[5.37042218,43.51033132],[5.37019707,43.51036055],[5.36994869,43.51033537],[5.36853084,43.51038164],[5.36804707,43.5103166],[5.36721556,43.51012592],[5.36678347,43.51014436],[5.36667172,43.5101936],[5.36649555,43.51036036],[5.36647228,43.510576],[5.36659297,43.51104412],[5.36638495,43.5113682],[5.36558751,43.51179515],[5.36503869,43.51183232],[5.36489997,43.51188755],[5.36448405,43.51220896],[5.36439099,43.51247202],[5.36380796,43.51291048],[5.3636666,43.51299187],[5.36322905,43.51302841],[5.3631021,43.51297897],[5.36295394,43.51283458],[5.3629182,43.51271744],[5.36295123,43.51225766],[5.36288623,43.51218077],[5.36223017,43.51213655],[5.36172935,43.51201784],[5.35994749,43.51127263],[5.35925663,43.51089252],[5.35881466,43.51048988],[5.35867289,43.51025983],[5.35869577,43.51012432],[5.35879889,43.51004557],[5.35896468,43.51004736],[5.35924782,43.51025633],[5.35933617,43.51026971],[5.3594158,43.51022117],[5.35943604,43.51011182],[5.3593506,43.50977794],[5.35919458,43.50959231],[5.3577231,43.50860268],[5.35730415,43.50839846],[5.35692678,43.50827345],[5.35663214,43.50823575],[5.3561152,43.50823528],[5.35558495,43.50812168],[5.35494966,43.50782854],[5.35488377,43.50763915],[5.35489984,43.50751819],[5.35511311,43.50726063],[5.35513292,43.50720079],[5.35508848,43.50714235],[5.35498169,43.50710146],[5.35473574,43.507105],[5.3543366,43.50726308],[5.35372346,43.50717828],[5.35328585,43.50730299],[5.35304531,43.50743872],[5.35276454,43.50749792],[5.35255111,43.50748005],[5.35230596,43.50741246],[5.35196667,43.5072506],[5.35141433,43.50680802],[5.35124768,43.50675493],[5.35009052,43.50676291],[5.34987958,43.50665496],[5.34969235,43.5064916],[5.34947992,43.5064377],[5.34869912,43.50648611],[5.3483855,43.5064677],[5.34821507,43.50641288],[5.34798437,43.50621446],[5.34789473,43.50607868],[5.3478614,43.50589848],[5.34761586,43.5059119],[5.34756945,43.50598671],[5.34757315,43.50619816],[5.34768516,43.50639735],[5.34933737,43.50721577],[5.34954978,43.50735969],[5.34965628,43.5074843],[5.34972589,43.50767451],[5.35016467,43.51084328],[5.35002343,43.51186526],[5.35001613,43.51223086],[5.35106108,43.51473662],[5.35143468,43.51688428],[5.35163166,43.51894667],[5.35163935,43.51982951],[5.35155696,43.52047578],[5.35143733,43.52060528],[5.35164747,43.52054132],[5.35195182,43.52063374],[5.35240202,43.52066268],[5.3553061,43.52104882],[5.35724782,43.5214036],[5.3579444,43.52149827],[5.35966984,43.52146525],[5.36219073,43.52122406],[5.36509399,43.52173778],[5.36651173,43.52189229],[5.36824475,43.52201289],[5.36960414,43.52222173],[5.37060603,43.52225025],[5.3727842,43.5227256],[5.37393851,43.52279036],[5.37416777,43.52283035],[5.37458808,43.52294356],[5.37576871,43.52346499],[5.37600805,43.52350925],[5.37620372,43.52369399],[5.37635402,43.52376901],[5.37681846,43.52390196],[5.38038271,43.52453851],[5.38413816,43.52515994],[5.38474802,43.52518974],[5.3876752,43.52516766],[5.39121615,43.5246153],[5.39181545,43.52456969],[5.39236221,43.52462874],[5.3945066,43.52502879],[5.3952365,43.52508919],[5.39718884,43.52509558],[5.39776392,43.52515128],[5.39854683,43.5253257],[5.40171654,43.52657697],[5.40516204,43.52811818],[5.40538393,43.52815827],[5.40563741,43.52812564],[5.40586233,43.52817916],[5.40598056,43.52828456],[5.40607054,43.52848329],[5.40617416,43.52856471],[5.40869272,43.5296799],[5.40960109,43.52998198],[5.40942031,43.52694083],[5.40948813,43.52690602],[5.4095579,43.52700618],[5.40977985,43.52713627],[5.41040032,43.52729982],[5.41058024,43.52728322],[5.41049887,43.52699518],[5.41052573,43.52678035],[5.41063165,43.52656286],[5.41101151,43.52612236],[5.41180175,43.52543869],[5.41149196,43.52516113],[5.41132604,43.52512792],[5.41099323,43.52497959],[5.41077622,43.52493761],[5.41069973,43.52479528],[5.41059992,43.524775],[5.41082464,43.52402829],[5.41071801,43.52340327],[5.41060147,43.52310251],[5.41017037,43.52282225],[5.41175291,43.52215428],[5.41407622,43.52133569],[5.41579069,43.52086546],[5.41805167,43.52041992],[5.41990719,43.52018681],[5.42324977,43.51993037],[5.42405116,43.51983865],[5.42578846,43.51956038],[5.4267607,43.5193262],[5.4268491,43.51887145],[5.4268784,43.5182182],[5.42668397,43.51715858],[5.42627062,43.51624519],[5.42583019,43.51562765],[5.42547294,43.51522247],[5.4246647,43.51453484],[5.42371488,43.51395028],[5.42146364,43.51300591],[5.42013457,43.51225426],[5.41954279,43.51197582],[5.4189814,43.51174351],[5.41827673,43.51151529],[5.41746592,43.51132183],[5.41600685,43.51115272],[5.41451889,43.51120835],[5.41129531,43.51163652],[5.41079647,43.51168542],[5.41001305,43.51170193],[5.41008602,43.5109649],[5.40921548,43.509995],[5.40906148,43.50974369],[5.40894401,43.50941955],[5.40876853,43.50841981],[5.40867537,43.50826256],[5.408805,43.50805085],[5.40881803,43.50791914],[5.40866372,43.50760122],[5.40848297,43.5065935],[5.40823741,43.50651794],[5.40689296,43.50642447],[5.40693852,43.50624253]]]]},"bbox":[5.34756945,43.50283805,5.4268784,43.52998198]},{"type":"Feature","id":"fr-quartier-13001-c99b3742f6b0","properties":{"id":"fr-quartier-13001-c99b3742f6b0","kind":"quartier","name":"Arbois Partie Ouest","cityCode":"13001","cityName":"Aix-en-Provence","sourceType":"iris","sourceIds":["130010907"],"colorIndex":1,"center":[5.318379137765869,43.49162116872989]},"geometry":{"type":"MultiPolygon","coordinates":[[[[5.35620732,43.48005483],[5.35594675,43.48000018],[5.35438965,43.47967668],[5.35410773,43.47976471],[5.35335949,43.4802373],[5.34892961,43.48257099],[5.34492823,43.48226608],[5.34386621,43.48347356],[5.34083775,43.48511414],[5.33946145,43.48732026],[5.33753815,43.4879342],[5.33496607,43.48892031],[5.333441,43.48807916],[5.33149681,43.48811919],[5.32802836,43.48590121],[5.32706061,43.48541704],[5.32573228,43.48451396],[5.32466664,43.48561241],[5.32387924,43.48469591],[5.3234852,43.48448923],[5.3230368,43.48440523],[5.3225549,43.48441016],[5.32205248,43.48467204],[5.32167938,43.48507517],[5.32002697,43.48410335],[5.32108725,43.48002401],[5.31986599,43.47916537],[5.31977998,43.47813663],[5.31984476,43.47732247],[5.32058011,43.47643276],[5.32078755,43.47566236],[5.321223,43.47469266],[5.32175479,43.47408902],[5.32263708,43.47347337],[5.32279437,43.47314507],[5.3229104,43.47268265],[5.32268213,43.47180457],[5.32266643,43.47117126],[5.32383522,43.47009312],[5.32401253,43.47022973],[5.3293926,43.46179219],[5.32931683,43.46132489],[5.32440044,43.45864115],[5.32026634,43.45656329],[5.31826515,43.45522453],[5.31732222,43.45512679],[5.3167286,43.45468316],[5.3157177,43.45446175],[5.31480733,43.45391416],[5.31238686,43.45277327],[5.31027298,43.45194261],[5.30942713,43.45183013],[5.30796829,43.45118887],[5.3023401,43.44777321],[5.30193816,43.44736053],[5.30146657,43.4465038],[5.30100788,43.44603112],[5.299784,43.44712006],[5.29918578,43.4478537],[5.29866681,43.44871615],[5.29836128,43.44954078],[5.2986891,43.45026286],[5.2990539,43.45067365],[5.29893271,43.45116495],[5.29851407,43.45181826],[5.29807578,43.45281492],[5.29782274,43.45418116],[5.2982126,43.45453831],[5.29834317,43.45486856],[5.2979999,43.45555358],[5.29791067,43.45613421],[5.29767535,43.45649112],[5.29775849,43.45693308],[5.29752208,43.45720091],[5.29776304,43.45751082],[5.29869049,43.45793218],[5.29892333,43.45831696],[5.2990742,43.45841277],[5.29891994,43.45854115],[5.29836414,43.45857724],[5.29843896,43.45877996],[5.29736536,43.45869022],[5.2971452,43.458901],[5.29678462,43.45896805],[5.29723469,43.45909982],[5.29830373,43.45898264],[5.29854395,43.45908826],[5.29879006,43.45900113],[5.29899183,43.45919576],[5.29885529,43.46004561],[5.29970967,43.46061612],[5.29871647,43.46086941],[5.29909654,43.46122767],[5.29914851,43.46138408],[5.29880157,43.46126723],[5.29807913,43.46143196],[5.29777007,43.46139711],[5.2975474,43.46123622],[5.29705307,43.46138891],[5.29779609,43.46177008],[5.29912754,43.46172474],[5.29924305,43.46198691],[5.29898587,43.46213727],[5.2987887,43.46249068],[5.29871562,43.46282615],[5.29880101,43.46295305],[5.29723623,43.4625713],[5.29577148,43.46184719],[5.29539729,43.46216204],[5.29517118,43.46222443],[5.29492533,43.46203972],[5.29499257,43.46143346],[5.29481747,43.46107085],[5.29458499,43.46094256],[5.29439149,43.46095476],[5.29394312,43.46117576],[5.29366754,43.46151552],[5.29305543,43.4619686],[5.2920243,43.46229463],[5.29111911,43.46320752],[5.29058732,43.46319626],[5.29034441,43.46370543],[5.29036616,43.46403439],[5.28908358,43.46558798],[5.28874276,43.46612171],[5.28885877,43.46645948],[5.2887523,43.46695136],[5.28897291,43.46727793],[5.28903464,43.46786616],[5.28893228,43.46802673],[5.28807557,43.46739768],[5.28758627,43.46715059],[5.28685698,43.46770512],[5.28666148,43.46766784],[5.28727275,43.46837139],[5.28765072,43.46923647],[5.28815961,43.46919872],[5.28852188,43.46935848],[5.28872153,43.46956218],[5.28920451,43.46943227],[5.29003013,43.46934193],[5.2903198,43.46966433],[5.29013346,43.46985728],[5.29024138,43.47008451],[5.29022206,43.47040624],[5.29006328,43.47067062],[5.28988022,43.47156644],[5.29029514,43.47165128],[5.2900512,43.47210467],[5.29017295,43.4721516],[5.29017483,43.4728194],[5.28965281,43.4738313],[5.28933348,43.47397486],[5.28882449,43.47419712],[5.28889826,43.47431167],[5.28921918,43.4743634],[5.28929996,43.47468481],[5.28944782,43.47467359],[5.28948194,43.47497169],[5.28929879,43.4755246],[5.28942087,43.47629337],[5.28910523,43.47696428],[5.28841317,43.4770284],[5.28782609,43.4771839],[5.28657485,43.47773234],[5.28675195,43.47715076],[5.28709029,43.47670799],[5.28709447,43.47653329],[5.28614399,43.47634633],[5.28622939,43.47569648],[5.2861116,43.47546945],[5.28576457,43.4759736],[5.28495119,43.4766856],[5.2846385,43.47730783],[5.28380784,43.47774117],[5.28305575,43.47825474],[5.28276228,43.47855254],[5.28239165,43.47871246],[5.28248978,43.47937824],[5.28273379,43.47948471],[5.28217139,43.47998258],[5.28188999,43.48005511],[5.28161209,43.47993585],[5.28155016,43.4805555],[5.2812994,43.4809019],[5.28121302,43.48146626],[5.28081716,43.48183191],[5.28093618,43.48215253],[5.28118743,43.48216075],[5.28128418,43.48229372],[5.28125518,43.48262195],[5.2813426,43.48273802],[5.28109163,43.48295482],[5.28116728,43.48317914],[5.28111186,43.48337112],[5.28073199,43.48379765],[5.27980809,43.48450113],[5.27946246,43.48488732],[5.27916109,43.48504937],[5.2787116,43.48468709],[5.27750315,43.48554145],[5.27714215,43.4851035],[5.27701909,43.48480546],[5.27664786,43.48463954],[5.27646367,43.48470191],[5.27590112,43.48516736],[5.27563769,43.48525749],[5.27515926,43.48531884],[5.27447473,43.48513879],[5.274042,43.48532428],[5.27377423,43.48489876],[5.27413723,43.48376337],[5.27462086,43.48292787],[5.27526254,43.48221325],[5.27498185,43.48114897],[5.27475006,43.48107013],[5.27484356,43.48196463],[5.27414874,43.48258585],[5.27246735,43.48242129],[5.27314922,43.48178505],[5.2729946,43.48075052],[5.27207288,43.48113527],[5.2718433,43.48161261],[5.27155667,43.48186614],[5.27095151,43.48284908],[5.27094441,43.48345137],[5.27109503,43.48388475],[5.27114212,43.48473252],[5.27165068,43.48565253],[5.2718367,43.48591775],[5.27179816,43.48691313],[5.27189785,43.48749608],[5.27155511,43.4880199],[5.27132594,43.48882126],[5.27149245,43.48996896],[5.2711091,43.49084195],[5.27070975,43.49146686],[5.27039602,43.49291354],[5.26959257,43.49369992],[5.2695975,43.49554676],[5.26958588,43.49778817],[5.26964191,43.49829914],[5.26978535,43.49851846],[5.27181904,43.49813744],[5.27208437,43.4982813],[5.27253966,43.4988514],[5.27296235,43.49919087],[5.27308356,43.49941065],[5.27326629,43.49949773],[5.27364917,43.49942489],[5.27418914,43.49947838],[5.27475284,43.49966277],[5.27501372,43.49963119],[5.27565665,43.50006774],[5.27590773,43.50006967],[5.27630116,43.50026303],[5.27687096,43.50038248],[5.27651392,43.50126395],[5.27661159,43.50135731],[5.2769784,43.50150262],[5.27729687,43.50148873],[5.27754317,43.50171308],[5.27951351,43.50207131],[5.28025041,43.50228804],[5.28130959,43.50286702],[5.28159666,43.50327681],[5.2815961,43.50351175],[5.2814789,43.50367443],[5.28181074,43.50409048],[5.28184216,43.50447685],[5.28262946,43.50555658],[5.2827302,43.50613142],[5.28258459,43.50666823],[5.28316333,43.50673075],[5.2833925,43.50698965],[5.28343943,43.50723709],[5.28247173,43.50765619],[5.28384087,43.50834563],[5.28473598,43.50908645],[5.28477207,43.51042952],[5.28553891,43.51052497],[5.28619906,43.50893411],[5.28853297,43.50906671],[5.28943349,43.51043833],[5.29274871,43.5133737],[5.29255716,43.51483409],[5.29285554,43.51775488],[5.29315961,43.51849372],[5.29374043,43.51925552],[5.29412511,43.51953452],[5.29450245,43.51873176],[5.29487086,43.51844853],[5.29652812,43.51816684],[5.29771465,43.51814531],[5.29852853,43.51823878],[5.29913602,43.51836722],[5.30004376,43.51873502],[5.30066092,43.51888845],[5.30094217,43.51890048],[5.30153456,43.5187133],[5.30202307,43.51827989],[5.30206708,43.51808183],[5.30300169,43.51680546],[5.30312928,43.51640941],[5.30366142,43.51583105],[5.30413278,43.51549521],[5.30521782,43.5149186],[5.30627793,43.51452252],[5.30708035,43.51436234],[5.30784413,43.5143794],[5.31045453,43.51464516],[5.31228317,43.51536857],[5.31281147,43.51549593],[5.31345245,43.51627164],[5.31372398,43.51711734],[5.31393028,43.51738747],[5.31373124,43.51745112],[5.31405509,43.51772235],[5.31460016,43.51789704],[5.3162807,43.51782696],[5.31938354,43.51741772],[5.32010102,43.5175428],[5.32088664,43.51788513],[5.3212962,43.51791957],[5.324705,43.51736952],[5.32760786,43.51776542],[5.32914861,43.5181833],[5.33156644,43.51832938],[5.33199876,43.51855861],[5.33271026,43.51932731],[5.33313288,43.51953064],[5.33896624,43.51938162],[5.33947007,43.51942206],[5.34115207,43.51987273],[5.34169365,43.51995915],[5.34538977,43.52026725],[5.34934617,43.52076851],[5.34971282,43.52078127],[5.35095911,43.52070746],[5.35134551,43.52065858],[5.35143733,43.52060528],[5.35155696,43.52047578],[5.35163935,43.51982951],[5.35163166,43.51894667],[5.35143468,43.51688428],[5.35106108,43.51473662],[5.35001613,43.51223086],[5.35002343,43.51186526],[5.35016467,43.51084328],[5.34972589,43.50767451],[5.34965628,43.5074843],[5.34954978,43.50735969],[5.34933737,43.50721577],[5.34768516,43.50639735],[5.34757315,43.50619816],[5.34756945,43.50598671],[5.34761586,43.5059119],[5.3478614,43.50589848],[5.34789473,43.50607868],[5.34798437,43.50621446],[5.34821507,43.50641288],[5.3483855,43.5064677],[5.34869912,43.50648611],[5.34947992,43.5064377],[5.34969235,43.5064916],[5.34987958,43.50665496],[5.35009052,43.50676291],[5.35124768,43.50675493],[5.35141433,43.50680802],[5.35196667,43.5072506],[5.35230596,43.50741246],[5.35255111,43.50748005],[5.35276454,43.50749792],[5.35304531,43.50743872],[5.35328585,43.50730299],[5.35372346,43.50717828],[5.3543366,43.50726308],[5.35473574,43.507105],[5.35498169,43.50710146],[5.35508848,43.50714235],[5.35513292,43.50720079],[5.35511311,43.50726063],[5.35489984,43.50751819],[5.35488377,43.50763915],[5.35494966,43.50782854],[5.35558495,43.50812168],[5.3561152,43.50823528],[5.35663214,43.50823575],[5.35692678,43.50827345],[5.35730415,43.50839846],[5.3577231,43.50860268],[5.35919458,43.50959231],[5.3593506,43.50977794],[5.35943604,43.51011182],[5.3594158,43.51022117],[5.35933617,43.51026971],[5.35924782,43.51025633],[5.35896468,43.51004736],[5.35879889,43.51004557],[5.35869577,43.51012432],[5.35867289,43.51025983],[5.35881466,43.51048988],[5.35925663,43.51089252],[5.35994749,43.51127263],[5.36172935,43.51201784],[5.36223017,43.51213655],[5.36288623,43.51218077],[5.36295123,43.51225766],[5.3629182,43.51271744],[5.36295394,43.51283458],[5.3631021,43.51297897],[5.36322905,43.51302841],[5.3636666,43.51299187],[5.36380796,43.51291048],[5.36439099,43.51247202],[5.36448405,43.51220896],[5.36489997,43.51188755],[5.36503869,43.51183232],[5.36558751,43.51179515],[5.36638495,43.5113682],[5.36659297,43.51104412],[5.36647228,43.510576],[5.36649555,43.51036036],[5.36667172,43.5101936],[5.36678347,43.51014436],[5.36721556,43.51012592],[5.36804707,43.5103166],[5.36853084,43.51038164],[5.36994869,43.51033537],[5.37015664,43.50581317],[5.37038763,43.50556689],[5.37086023,43.50533243],[5.37117008,43.50522935],[5.37145187,43.50516558],[5.37230267,43.50516587],[5.37246302,43.50515606],[5.37250343,43.50511648],[5.37271574,43.50435844],[5.37267136,43.50319377],[5.37289481,43.50300526],[5.37349581,43.5029759],[5.37373461,43.50208137],[5.37410312,43.50034599],[5.37382629,43.50031965],[5.37403809,43.49892165],[5.37516417,43.49906261],[5.37666347,43.4993781],[5.37796975,43.49977971],[5.37932778,43.5003557],[5.38045821,43.49842176],[5.38069042,43.49856518],[5.38080814,43.49845188],[5.37762784,43.49698518],[5.36732188,43.49076594],[5.36138878,43.48730304],[5.3603567,43.48679536],[5.35994501,43.4866441],[5.35769318,43.48608463],[5.35725188,43.48590431],[5.35683928,43.48567025],[5.35643744,43.48536666],[5.3560973,43.48503021],[5.35583928,43.48467668],[5.35568048,43.4843309],[5.35555528,43.48374946],[5.35557417,43.48330531],[5.35569786,43.48282467],[5.35629915,43.48157128],[5.35642903,43.48118142],[5.35647824,43.48087432],[5.35643718,43.48035496],[5.35620732,43.48005483]]]]},"bbox":[5.26958588,43.44603112,5.38080814,43.52078127]},{"type":"Feature","id":"fr-quartier-13001-91f9c08ccd24","properties":{"id":"fr-quartier-13001-91f9c08ccd24","kind":"quartier","name":"Beauvalle","cityCode":"13001","cityName":"Aix-en-Provence","sourceType":"iris","sourceIds":["130010306"],"colorIndex":2,"center":[5.433959785621729,43.51785685]},"geometry":{"type":"MultiPolygon","coordinates":[[[[5.44245452,43.51195286],[5.44149862,43.5120725],[5.43999086,43.51236117],[5.43861701,43.51277462],[5.43741634,43.51330569],[5.43595844,43.51418817],[5.43287657,43.51638617],[5.43170721,43.51716311],[5.43278743,43.51804892],[5.43319638,43.51856363],[5.43345431,43.51881259],[5.43399656,43.51917398],[5.43433311,43.51952648],[5.43462487,43.5199313],[5.43504011,43.52030184],[5.43618918,43.52155424],[5.43646019,43.52202343],[5.43664601,43.52287529],[5.4368951,43.52346919],[5.43698227,43.52354105],[5.43697765,43.52366537],[5.43709551,43.52376084],[5.43729707,43.52375901],[5.43761381,43.52364388],[5.43849754,43.52359701],[5.43878779,43.52364449],[5.4387218,43.52354696],[5.43876509,43.52331375],[5.438169,43.52244321],[5.43785866,43.52165986],[5.43744726,43.52088508],[5.4369916,43.5201455],[5.43625375,43.51922682],[5.43577474,43.51837344],[5.43533427,43.51781625],[5.43517038,43.51753908],[5.43618559,43.51589873],[5.4363102,43.51574561],[5.43649543,43.51562173],[5.43762239,43.51504283],[5.43974511,43.51379702],[5.44006509,43.51364309],[5.44017937,43.51359642],[5.44026532,43.51361069],[5.4403111,43.51355295],[5.44060823,43.51347245],[5.44149415,43.51327698],[5.4420983,43.51317427],[5.44240631,43.51317543],[5.44264447,43.51319167],[5.44275781,43.51309371],[5.44273419,43.51297452],[5.44254415,43.51283928],[5.44249411,43.51273869],[5.44245452,43.51195286]]]]},"bbox":[5.43170721,43.51195286,5.44275781,43.52376084]},{"type":"Feature","id":"fr-quartier-13001-15b08d1c3103","properties":{"id":"fr-quartier-13001-15b08d1c3103","kind":"quartier","name":"Beisson","cityCode":"13001","cityName":"Aix-en-Provence","sourceType":"iris","sourceIds":["130010501"],"colorIndex":3,"center":[5.449019601621431,43.537078221939645]},"geometry":{"type":"MultiPolygon","coordinates":[[[[5.45272033,43.53670307],[5.45131397,43.53494623],[5.44971116,43.53516607],[5.44880273,43.53498584],[5.44674058,43.53476321],[5.44596348,43.53461601],[5.44586494,43.53462633],[5.4457922,43.53471978],[5.44591035,43.53560557],[5.44667506,43.53688456],[5.44686902,43.53731316],[5.44685607,43.53756099],[5.44679482,43.5377208],[5.4464271,43.53829619],[5.44629358,43.5394028],[5.44718322,43.53960507],[5.44737037,43.53990241],[5.44756865,43.54040292],[5.44767834,43.54045086],[5.44811918,43.54016816],[5.44825577,43.53997605],[5.44842489,43.53987952],[5.44846256,43.53974724],[5.4496502,43.5389292],[5.450009,43.53881218],[5.45026035,43.53861297],[5.4508684,43.53830579],[5.45234099,43.53781613],[5.45286761,43.53754408],[5.45299683,43.53755647],[5.45272033,43.53670307]]]]},"bbox":[5.4457922,43.53461601,5.45299683,43.54045086]},{"type":"Feature","id":"fr-quartier-13001-fb432d910678","properties":{"id":"fr-quartier-13001-fb432d910678","kind":"quartier","name":"Brunet","cityCode":"13001","cityName":"Aix-en-Provence","sourceType":"iris","sourceIds":["130010506"],"colorIndex":4,"center":[5.436090840307597,43.54387894456696]},"geometry":{"type":"MultiPolygon","coordinates":[[[[5.43332743,43.53903182],[5.43281875,43.53940869],[5.43277357,43.54015323],[5.4326745,43.54058932],[5.4323362,43.54142505],[5.42865897,43.54710998],[5.42804552,43.54817238],[5.42790559,43.54855088],[5.42792286,43.54884214],[5.4280426,43.54924454],[5.42828543,43.54954336],[5.42865367,43.54973495],[5.42893132,43.54980345],[5.42996925,43.54979372],[5.43076086,43.54992902],[5.43309102,43.55047811],[5.43367353,43.55067299],[5.43383344,43.55056228],[5.43410642,43.5502285],[5.43408659,43.55016954],[5.43390845,43.55008352],[5.43290977,43.55008521],[5.43285852,43.54957686],[5.43343027,43.54919678],[5.43324452,43.5483764],[5.43378093,43.54815553],[5.43365669,43.54779376],[5.43383858,43.54767626],[5.43391224,43.54777902],[5.43425953,43.54800167],[5.4343498,43.54791233],[5.43431886,43.54741614],[5.43615436,43.54777102],[5.43661193,43.54834675],[5.43664267,43.54860441],[5.43634989,43.54922939],[5.4366214,43.54944474],[5.43703279,43.5494274],[5.43755938,43.54973333],[5.43885887,43.54888859],[5.43889448,43.54867805],[5.43879182,43.54803854],[5.43881514,43.5479174],[5.43897632,43.54777875],[5.43929971,43.54770037],[5.43956566,43.54758097],[5.43957809,43.54752398],[5.4397029,43.54749057],[5.43993049,43.54710919],[5.44032846,43.54666006],[5.44069075,43.54612892],[5.44079503,43.54587453],[5.44097435,43.54438704],[5.44080997,43.54334385],[5.44083954,43.54304973],[5.44103291,43.54267902],[5.44152874,43.54194234],[5.44272615,43.53945976],[5.44286285,43.53932796],[5.44330489,43.53907316],[5.4435114,43.53889568],[5.44389023,43.53826064],[5.44454445,43.53772922],[5.44464416,43.53760095],[5.44470353,43.53739708],[5.44474186,43.53666979],[5.44363064,43.53672542],[5.44210151,43.53699209],[5.44194522,43.53707032],[5.44136297,43.53714103],[5.43982881,43.53720254],[5.43981418,43.5373532],[5.43940211,43.53752719],[5.43832328,43.53773417],[5.43774226,43.53763021],[5.43777484,43.53813536],[5.43834936,43.53904781],[5.43884437,43.54024379],[5.43858896,43.5400569],[5.43750264,43.53991388],[5.43744106,43.54006649],[5.43657723,43.54006339],[5.43674377,43.53990572],[5.4357048,43.53979942],[5.43458323,43.53993351],[5.43414617,43.5398398],[5.43409884,43.53992007],[5.43324806,43.53972852],[5.43363903,43.53902663],[5.43348379,43.53898421],[5.43332743,43.53903182]]]]},"bbox":[5.42790559,43.53666979,5.44474186,43.55067299]},{"type":"Feature","id":"fr-quartier-13001-c0d5225bbd8e","properties":{"id":"fr-quartier-13001-c0d5225bbd8e","kind":"quartier","name":"Campagne Ouest","cityCode":"13001","cityName":"Aix-en-Provence","sourceType":"iris","sourceIds":["130010707"],"colorIndex":5,"center":[5.3837621158186035,43.538991916897906]},"geometry":{"type":"MultiPolygon","coordinates":[[[[5.33947007,43.51942206],[5.33906182,43.52273156],[5.34009182,43.526335],[5.34489738,43.53296141],[5.34538799,43.53352328],[5.34599724,43.53538416],[5.34619755,43.53635016],[5.34750022,43.53598264],[5.34801934,43.53606052],[5.34840761,43.53620603],[5.34840032,43.53633041],[5.34922304,43.53663124],[5.34909242,43.53528299],[5.35661925,43.5353286],[5.35763606,43.53559455],[5.35805756,43.53582573],[5.35855582,43.5358473],[5.35800221,43.53996211],[5.35919531,43.54005949],[5.36311884,43.54011634],[5.36409493,43.54005187],[5.36427335,43.54038824],[5.36606062,43.54031057],[5.36636843,43.54069362],[5.36638533,43.54083367],[5.36891894,43.53935078],[5.37000677,43.53752677],[5.3703718,43.53746749],[5.37119737,43.53759437],[5.37192667,43.5387153],[5.37295108,43.54116826],[5.3731284,43.54135701],[5.37366921,43.54219671],[5.37493851,43.54377568],[5.37648099,43.54456824],[5.37731418,43.54439787],[5.37750317,43.54444953],[5.37780274,43.54490024],[5.37795225,43.54603024],[5.37806153,43.54621867],[5.37814931,43.54744184],[5.37788822,43.54786072],[5.37733704,43.54829766],[5.37695191,43.54873997],[5.37645938,43.55005596],[5.37577543,43.55087385],[5.37536523,43.55160835],[5.37503232,43.55187757],[5.37455042,43.55189622],[5.37373844,43.55312107],[5.37291645,43.55380515],[5.37464248,43.55385291],[5.37499851,43.55378301],[5.37710593,43.55380529],[5.37699007,43.55483309],[5.37730166,43.55563279],[5.37810395,43.55557921],[5.37852655,43.55562216],[5.37849251,43.55644384],[5.37833096,43.55696586],[5.37824698,43.55774723],[5.37857941,43.55851137],[5.37934732,43.55906073],[5.37991135,43.55973788],[5.38035684,43.55940676],[5.38122856,43.55983231],[5.38120961,43.55997225],[5.38340977,43.5625803],[5.38370266,43.56250906],[5.3848477,43.56203294],[5.385806,43.56171033],[5.38654294,43.5615123],[5.38823788,43.56113387],[5.39254325,43.56036664],[5.39337238,43.56015393],[5.39418531,43.55987946],[5.3944281,43.55976519],[5.3948544,43.55948034],[5.39588978,43.55899031],[5.39735955,43.55811351],[5.39845782,43.55738173],[5.39927033,43.55668416],[5.40078316,43.55583337],[5.40187678,43.5553771],[5.40340635,43.55489857],[5.40372138,43.5549141],[5.40448542,43.55542556],[5.40469682,43.55550819],[5.40502944,43.55544141],[5.40653921,43.55484535],[5.40678973,43.55476869],[5.40697967,43.55475277],[5.40804798,43.55478669],[5.40890466,43.55493871],[5.41001813,43.55483927],[5.41068907,43.55487118],[5.41215389,43.55506278],[5.41264718,43.55519674],[5.41354439,43.55537032],[5.41439376,43.55537754],[5.41672979,43.55565321],[5.4172801,43.55564185],[5.41834565,43.55531566],[5.41858375,43.55532656],[5.41931227,43.55554977],[5.41973619,43.55562313],[5.42543045,43.55142192],[5.4257459,43.55115472],[5.42659443,43.55023559],[5.42865897,43.54710998],[5.4323362,43.54142505],[5.4326745,43.54058932],[5.43277357,43.54015323],[5.43281875,43.53940869],[5.43272722,43.53865011],[5.4324754,43.53784652],[5.4299372,43.53277794],[5.42950067,43.53333861],[5.42912574,43.53371786],[5.42851813,43.53418334],[5.42789746,43.53454469],[5.42692098,43.5349482],[5.42456768,43.53565161],[5.42390758,43.53593011],[5.42330805,43.53626575],[5.42277359,43.53664855],[5.42134009,43.53789394],[5.42140345,43.53807616],[5.42135044,43.53813945],[5.4207758,43.53850873],[5.42059961,43.53893753],[5.42062629,43.53904226],[5.4208608,43.53935118],[5.42088023,43.53960639],[5.42044638,43.54202486],[5.42021897,43.54285357],[5.42008995,43.54369719],[5.41970734,43.54442585],[5.4195479,43.54484167],[5.41927079,43.54684079],[5.41912234,43.5469008],[5.41847445,43.54694405],[5.41838287,43.5470028],[5.41848353,43.54795292],[5.41844515,43.54806989],[5.41809638,43.54851604],[5.41794977,43.5485022],[5.41719222,43.54867481],[5.41646534,43.5487531],[5.41638182,43.54900341],[5.41612678,43.54917741],[5.41595351,43.54941261],[5.41583637,43.54971677],[5.41582221,43.54990972],[5.41618566,43.55019418],[5.41630438,43.55033916],[5.41665408,43.55150247],[5.41692418,43.55153876],[5.4167679,43.55191311],[5.41749098,43.55197892],[5.41747409,43.55225384],[5.41740722,43.55228234],[5.41687966,43.55230399],[5.41619667,43.55224988],[5.4154339,43.55224076],[5.41502152,43.55217612],[5.4147044,43.55205175],[5.4143759,43.55174491],[5.41419576,43.55149327],[5.414152,43.55109998],[5.41427298,43.55050409],[5.41427095,43.55019088],[5.41439011,43.54993438],[5.41440049,43.54973972],[5.4148484,43.54979637],[5.4147069,43.54993364],[5.41490554,43.54997782],[5.4152221,43.54976555],[5.41529981,43.54958289],[5.4154147,43.54951912],[5.41555078,43.54934146],[5.41519768,43.54868501],[5.41502699,43.54871671],[5.41472708,43.54817699],[5.41397531,43.54828103],[5.41453959,43.5472207],[5.41408636,43.54691933],[5.41392192,43.54721734],[5.4138063,43.54732253],[5.41309539,43.54757417],[5.41314807,43.54809149],[5.41282246,43.54844169],[5.41085959,43.5478498],[5.41057015,43.54758799],[5.41004232,43.54748449],[5.4093286,43.54852471],[5.408967,43.54851923],[5.40883252,43.54876526],[5.40884045,43.5488362],[5.40834346,43.54967446],[5.40704042,43.54950084],[5.40732563,43.54865827],[5.40665384,43.54863357],[5.40660007,43.54879768],[5.40565886,43.54866373],[5.40568941,43.54841821],[5.40347593,43.54597654],[5.40256509,43.5459166],[5.40032877,43.54564653],[5.39958699,43.54563413],[5.39905866,43.54566562],[5.3982199,43.54579037],[5.39819224,43.54542463],[5.39758355,43.54385742],[5.39893862,43.54350342],[5.39839705,43.54221019],[5.39731246,43.54228456],[5.39745792,43.54173766],[5.39773889,43.541384],[5.39792047,43.54099112],[5.39787232,43.53974909],[5.39721855,43.53985715],[5.39653296,43.53982549],[5.39670161,43.53835184],[5.39709142,43.53835313],[5.39719092,43.53759481],[5.39621647,43.53748941],[5.39639723,43.53725499],[5.39699135,43.5355406],[5.3970979,43.53533662],[5.39770164,43.53320165],[5.40007307,43.53357859],[5.40015195,43.53247598],[5.39994693,43.53201064],[5.39943678,43.53208943],[5.39932022,43.53152042],[5.39997048,43.53062031],[5.40040222,43.53029391],[5.39889483,43.52968905],[5.39949822,43.52897],[5.3991883,43.52854029],[5.3984142,43.52887426],[5.39672531,43.52946246],[5.39643061,43.52883348],[5.39697159,43.52827874],[5.39722973,43.52794269],[5.39748886,43.52739328],[5.39743973,43.52707572],[5.39750637,43.52686452],[5.39854683,43.5253257],[5.39776392,43.52515128],[5.39718884,43.52509558],[5.3952365,43.52508919],[5.3945066,43.52502879],[5.39236221,43.52462874],[5.39181545,43.52456969],[5.39121615,43.5246153],[5.3876752,43.52516766],[5.38474802,43.52518974],[5.38413816,43.52515994],[5.38038271,43.52453851],[5.37681846,43.52390196],[5.37635402,43.52376901],[5.37620372,43.52369399],[5.37600805,43.52350925],[5.37576871,43.52346499],[5.37458808,43.52294356],[5.37416777,43.52283035],[5.37393851,43.52279036],[5.3727842,43.5227256],[5.37060603,43.52225025],[5.36960414,43.52222173],[5.36824475,43.52201289],[5.36651173,43.52189229],[5.36509399,43.52173778],[5.36219073,43.52122406],[5.35966984,43.52146525],[5.3579444,43.52149827],[5.35724782,43.5214036],[5.3553061,43.52104882],[5.35240202,43.52066268],[5.35195182,43.52063374],[5.35164747,43.52054132],[5.35143733,43.52060528],[5.35134551,43.52065858],[5.35095911,43.52070746],[5.34971282,43.52078127],[5.34934617,43.52076851],[5.34538977,43.52026725],[5.34169365,43.51995915],[5.34115207,43.51987273],[5.33947007,43.51942206]]]]},"bbox":[5.33906182,43.51942206,5.43281875,43.5625803]},{"type":"Feature","id":"fr-quartier-13001-6edc5057024a","properties":{"id":"fr-quartier-13001-6edc5057024a","kind":"quartier","name":"Campagne Repentance","cityCode":"13001","cityName":"Aix-en-Provence","sourceType":"iris","sourceIds":["130010404"],"colorIndex":6,"center":[5.479493310636719,43.54371391682904]},"geometry":{"type":"MultiPolygon","coordinates":[[[[5.50628805,43.53218249],[5.50582753,43.53124074],[5.50564596,43.5305104],[5.50529134,43.52998208],[5.50514189,43.52956245],[5.50516683,43.52931163],[5.50496969,43.52907493],[5.50393297,43.52910427],[5.50308096,43.52928416],[5.50251773,43.5290217],[5.50093964,43.52889246],[5.49885234,43.52849047],[5.49793546,43.5285728],[5.49749558,43.52850011],[5.49705201,43.52831408],[5.49668818,43.5280272],[5.49658467,43.52780904],[5.49643616,43.52772244],[5.49643412,43.52736242],[5.49621876,43.52736018],[5.49583043,43.52710716],[5.49567715,43.52673982],[5.49520309,43.52656349],[5.49454819,43.52652454],[5.49435454,43.52645248],[5.49426241,43.52632497],[5.49409321,43.52633156],[5.49359626,43.525856],[5.49319298,43.52619833],[5.49240245,43.52608417],[5.49124311,43.5255671],[5.49077974,43.52549402],[5.49006489,43.52509906],[5.48911844,43.52481202],[5.48815651,43.52470987],[5.48722435,43.5239526],[5.48676313,43.52370033],[5.48625417,43.52363098],[5.48540392,43.52390791],[5.48455701,43.52400473],[5.48396652,43.52433871],[5.48343675,43.52496114],[5.48249638,43.52547236],[5.48264789,43.52560031],[5.48264467,43.52635562],[5.48271842,43.52645925],[5.48224642,43.52715958],[5.48040113,43.52642675],[5.47923217,43.52579905],[5.47859963,43.52530311],[5.47793868,43.52497975],[5.47720299,43.52432863],[5.47633637,43.52264892],[5.47651931,43.52198583],[5.47653001,43.52177495],[5.47639589,43.52153317],[5.47643945,43.52133864],[5.47660078,43.52117833],[5.47669299,43.520448],[5.47681731,43.52031914],[5.47737017,43.52008777],[5.47824297,43.5193018],[5.47946322,43.51871402],[5.47975424,43.51872177],[5.47988092,43.51861896],[5.479907,43.51836362],[5.48013894,43.51820619],[5.48021628,43.51799198],[5.48018357,43.51752105],[5.48060508,43.51725667],[5.48087086,43.51656557],[5.48076484,43.51617283],[5.48106309,43.51563221],[5.48063336,43.51507584],[5.48040105,43.51488042],[5.47986562,43.51468293],[5.47919031,43.51402415],[5.47947141,43.51345873],[5.47939203,43.5126225],[5.47947201,43.51252706],[5.47872259,43.51224264],[5.47816717,43.51175305],[5.47752525,43.51137975],[5.47646953,43.51101859],[5.47554475,43.51079666],[5.47497376,43.51077729],[5.47425861,43.51088542],[5.47384314,43.51117485],[5.47305103,43.51130543],[5.4721703,43.51173328],[5.47248348,43.51248676],[5.47148967,43.51310441],[5.47206114,43.51339294],[5.47264391,43.5136281],[5.47294894,43.51381828],[5.47278128,43.5138311],[5.47276201,43.514188],[5.47280323,43.51436979],[5.4731055,43.51469685],[5.4739779,43.51522335],[5.47410021,43.51536369],[5.4742587,43.51545369],[5.47424246,43.51556478],[5.47397924,43.5156851],[5.474212,43.51563298],[5.47474059,43.51613131],[5.47486473,43.51637152],[5.47485443,43.51644827],[5.4755275,43.51771563],[5.47472302,43.51779069],[5.47441071,43.5170876],[5.47411497,43.51722847],[5.4736769,43.51716644],[5.47338104,43.51730461],[5.47325522,43.51748481],[5.47238197,43.51765775],[5.47208792,43.51780937],[5.47103253,43.51780282],[5.47126046,43.51850064],[5.4713226,43.51856494],[5.47084842,43.51895741],[5.47068857,43.51935351],[5.47045876,43.51935965],[5.47048072,43.51975522],[5.47041817,43.52002669],[5.4704573,43.52021753],[5.47042758,43.52033162],[5.47065941,43.52042986],[5.4706252,43.52055486],[5.47076887,43.52064521],[5.47132549,43.52133465],[5.47055093,43.52161784],[5.47111826,43.52183715],[5.4711933,43.52191376],[5.47076043,43.52260594],[5.47076712,43.52273271],[5.4719808,43.5229373],[5.47200277,43.52290169],[5.47195414,43.52286409],[5.47205056,43.52263235],[5.47252308,43.5227179],[5.47291903,43.52300773],[5.47297539,43.52308116],[5.47304471,43.52339823],[5.47333593,43.52364004],[5.47333015,43.52376439],[5.47325585,43.52382009],[5.47310636,43.52385321],[5.47292712,43.52385639],[5.47261645,43.52379506],[5.47244452,43.52385299],[5.47185887,43.5242147],[5.47125589,43.52469111],[5.47124201,43.52456991],[5.47105127,43.52467957],[5.47091486,43.52470068],[5.46955752,43.52440663],[5.4695189,43.52460195],[5.46938478,43.52473372],[5.46935652,43.52505482],[5.46917616,43.52506073],[5.46904594,43.52531213],[5.46961527,43.52540449],[5.46981954,43.52552317],[5.46899101,43.5259624],[5.46869016,43.5263023],[5.46814368,43.5272311],[5.46788939,43.52756094],[5.46780064,43.52753955],[5.46735779,43.52814553],[5.46760243,43.52816697],[5.46737842,43.52839531],[5.46699327,43.52925021],[5.46579855,43.52905774],[5.46533357,43.5301863],[5.46536496,43.53068697],[5.46525944,43.53076499],[5.46467063,43.53088278],[5.46501418,43.53147898],[5.46515477,43.53184305],[5.46554025,43.53214755],[5.46660095,43.53365461],[5.46938379,43.53259484],[5.46792062,43.53424752],[5.46780493,43.53431946],[5.46836215,43.53490539],[5.46819647,43.53496587],[5.46866527,43.53533688],[5.46925544,43.5355953],[5.46952558,43.53566206],[5.4700967,43.53567877],[5.47138367,43.53562516],[5.47172172,43.53580379],[5.47184759,43.53593955],[5.47294199,43.53612615],[5.47317953,43.53621165],[5.47341469,43.53644304],[5.47373002,43.53744403],[5.47367555,43.53770182],[5.47352238,43.53802397],[5.47331824,43.53785219],[5.47314196,43.5377815],[5.47304123,43.53794222],[5.47300182,43.53820507],[5.47255146,43.53809111],[5.4716928,43.53812147],[5.47118606,43.53871002],[5.47086491,43.538522],[5.4703672,43.53805534],[5.47027677,43.53808171],[5.46992493,43.53804291],[5.46956022,43.53805031],[5.46927553,43.5381342],[5.46869825,43.53840659],[5.4684337,43.53798053],[5.4681896,43.53805899],[5.46740564,43.53792739],[5.46732119,43.53794912],[5.46691759,43.53826075],[5.46655647,43.53843819],[5.46488428,43.53871473],[5.46473843,43.53825716],[5.46366153,43.53836353],[5.46063384,43.53845384],[5.46037782,43.54004483],[5.4594977,43.54023942],[5.45943909,43.54022904],[5.459362,43.54013357],[5.4587673,43.53910466],[5.45844201,43.53919485],[5.45728451,43.53880609],[5.45699066,43.53896577],[5.45697315,43.53922181],[5.45705583,43.53985276],[5.45717377,43.54035328],[5.45735344,43.5408506],[5.45748147,43.54106644],[5.45824134,43.54193589],[5.45972942,43.54325151],[5.4609484,43.543917],[5.46109075,43.54409111],[5.46110069,43.54435193],[5.46055156,43.5466409],[5.46056576,43.54723199],[5.46072777,43.54789354],[5.46083056,43.54809735],[5.46101619,43.54824167],[5.46145192,43.54838842],[5.46160576,43.54854156],[5.46170185,43.54899306],[5.46193535,43.54932983],[5.46211788,43.54971906],[5.46260719,43.55125896],[5.46350758,43.55078303],[5.46426389,43.55159312],[5.4649805,43.55257334],[5.4654493,43.55305689],[5.46672276,43.55383181],[5.46719785,43.55402895],[5.46784679,43.55421043],[5.46801886,43.55429744],[5.46899217,43.55499904],[5.46942838,43.55558683],[5.47029276,43.55628731],[5.4705055,43.55714663],[5.47111227,43.55764142],[5.4715392,43.5581277],[5.47179333,43.55865392],[5.47187626,43.55911382],[5.47216732,43.55980753],[5.47287666,43.56072846],[5.47305088,43.56118089],[5.47322029,43.56140657],[5.47367763,43.56176433],[5.47406013,43.5622237],[5.47535155,43.56314936],[5.47581023,43.56373842],[5.47636718,43.56425232],[5.47756811,43.56502968],[5.47805081,43.56557228],[5.47842402,43.56621639],[5.47889926,43.56667184],[5.4794887,43.56736323],[5.48032345,43.5684883],[5.48189631,43.56841544],[5.48234617,43.56845467],[5.48263745,43.56863434],[5.48318537,43.56919433],[5.48356007,43.56978529],[5.48371199,43.57037774],[5.48367178,43.57047858],[5.48354209,43.57057157],[5.48293928,43.57086081],[5.48288422,43.57093319],[5.48277751,43.57192944],[5.48281412,43.57234629],[5.48443844,43.57222991],[5.48846169,43.56984588],[5.48968624,43.5683928],[5.49338226,43.56689377],[5.49397742,43.56671537],[5.49332469,43.56608132],[5.49406043,43.56506431],[5.49393107,43.56465139],[5.49414967,43.56369937],[5.49487539,43.5632218],[5.4952614,43.56315981],[5.49602342,43.56289114],[5.49680215,43.56275081],[5.49753818,43.56248272],[5.49859322,43.56169418],[5.49818573,43.56055131],[5.49719973,43.55922732],[5.49650698,43.55844029],[5.49556242,43.55761223],[5.494876,43.55682775],[5.49466192,43.55643028],[5.49417015,43.55607971],[5.49220174,43.55541558],[5.49179335,43.5546472],[5.49022395,43.55259389],[5.49089832,43.55239028],[5.49094011,43.55206976],[5.48957157,43.55039352],[5.48860584,43.54741537],[5.4890562,43.54587114],[5.48933483,43.54527603],[5.48972049,43.54489451],[5.48933807,43.54455131],[5.48816874,43.54429728],[5.48762917,43.54375424],[5.48603113,43.54248651],[5.48379334,43.54101736],[5.4821485,43.53926456],[5.48223444,43.5387621],[5.48246834,43.53859112],[5.482461,43.53802058],[5.48283801,43.53769689],[5.48126572,43.53776346],[5.4794226,43.53608537],[5.47920258,43.53523074],[5.4795219,43.53480307],[5.47951396,43.534562],[5.47965004,43.53433205],[5.479996,43.5340631],[5.48043628,43.53394411],[5.48143404,43.53386999],[5.4818466,43.53365351],[5.48326046,43.53324489],[5.48358678,43.53323742],[5.48388671,43.53336378],[5.48410828,43.53336591],[5.48456901,43.53309071],[5.48476872,43.53313115],[5.4850237,43.53350518],[5.4853267,43.53364496],[5.48663121,43.53365468],[5.48733503,43.53407873],[5.48768366,43.53412925],[5.48786681,43.53407284],[5.48839979,43.53346651],[5.48860232,43.53337184],[5.4907202,43.5335924],[5.49152281,43.53389713],[5.49246415,43.53389171],[5.49366501,43.53353736],[5.49373053,43.53296604],[5.49695166,43.53286405],[5.49749433,43.53310901],[5.50108694,43.53164989],[5.50158137,43.53195175],[5.50345103,43.53232451],[5.50421012,43.53233939],[5.50628805,43.53218249]]]]},"bbox":[5.45697315,43.51077729,5.50628805,43.57234629]},{"type":"Feature","id":"fr-quartier-13001-61e498eb8d92","properties":{"id":"fr-quartier-13001-61e498eb8d92","kind":"quartier","name":"Cardeurs","cityCode":"13001","cityName":"Aix-en-Provence","sourceType":"iris","sourceIds":["130010102"],"colorIndex":7,"center":[5.447079756029605,43.531206279184644]},"geometry":{"type":"MultiPolygon","coordinates":[[[[5.44773271,43.52967927],[5.44552781,43.52946975],[5.44411018,43.52958991],[5.44416431,43.53030971],[5.44408852,43.53053466],[5.44366856,43.53119043],[5.44365851,43.53130317],[5.44370961,43.53139924],[5.44388461,43.53152852],[5.44463751,43.53180591],[5.44560987,43.53223947],[5.44568889,43.53235201],[5.44629867,43.53260921],[5.44658334,43.53272791],[5.44684135,43.5327725],[5.44713788,43.53279192],[5.44763003,43.53275651],[5.45097729,43.53230468],[5.45110643,43.53222885],[5.45120226,43.53209706],[5.45084651,43.53199438],[5.45078877,43.53125036],[5.44998762,43.53106052],[5.44960547,43.53091882],[5.44798404,43.53017679],[5.44771481,43.52998483],[5.44773271,43.52967927]]]]},"bbox":[5.44365851,43.52946975,5.45120226,43.53279192]},{"type":"Feature","id":"fr-quartier-13001-cbc6fbef4859","properties":{"id":"fr-quartier-13001-cbc6fbef4859","kind":"quartier","name":"Corsy","cityCode":"13001","cityName":"Aix-en-Provence","sourceType":"iris","sourceIds":["130010606"],"colorIndex":8,"center":[5.431326188737416,43.52829527501462]},"geometry":{"type":"MultiPolygon","coordinates":[[[[5.42771539,43.52842327],[5.42958892,43.53209083],[5.43084808,43.53173227],[5.43210187,43.53148093],[5.43237482,43.53132359],[5.43265387,43.53122282],[5.43324717,43.53080085],[5.4335036,43.53066277],[5.43383024,43.53054653],[5.43511035,43.53033327],[5.4352176,43.53035337],[5.43526943,43.5302919],[5.43539141,43.53028016],[5.4363387,43.52930833],[5.4364687,43.52872752],[5.43640027,43.52871825],[5.43648418,43.52845083],[5.43705171,43.52742271],[5.436928,43.52727697],[5.43636222,43.5268297],[5.4362526,43.52663683],[5.43560287,43.52674774],[5.43502864,43.52680113],[5.43380727,43.52682224],[5.43260522,43.52671508],[5.4315539,43.52648661],[5.43039877,43.52608492],[5.42947852,43.52562036],[5.42880486,43.52519437],[5.42842143,43.52490321],[5.42760159,43.52415014],[5.42720287,43.52364328],[5.4268898,43.5231138],[5.42672777,43.52396355],[5.42670047,43.52501553],[5.42679603,43.52598915],[5.4270041,43.52681442],[5.42730618,43.52758089],[5.42771539,43.52842327]]]]},"bbox":[5.42670047,43.5231138,5.43705171,43.53209083]},{"type":"Feature","id":"fr-quartier-13001-7dd820fe35b7","properties":{"id":"fr-quartier-13001-7dd820fe35b7","kind":"quartier","name":"Couronne Est","cityCode":"13001","cityName":"Aix-en-Provence","sourceType":"iris","sourceIds":["130010203"],"colorIndex":9,"center":[5.4546748325835575,43.53031694546115]},"geometry":{"type":"MultiPolygon","coordinates":[[[[5.44567754,43.53455494],[5.4457922,43.53471978],[5.44586494,43.53462633],[5.44596348,43.53461601],[5.44674058,43.53476321],[5.44880273,43.53498584],[5.44971116,43.53516607],[5.45131397,43.53494623],[5.45272033,43.53670307],[5.45451459,43.53696675],[5.45533808,43.53701112],[5.4556114,43.53695003],[5.45563418,43.53681719],[5.4555659,43.53669631],[5.45559996,43.53656682],[5.45568785,43.53650992],[5.45585485,43.53648004],[5.45591651,43.53641743],[5.45575703,43.53633373],[5.45582395,43.5362494],[5.45595367,43.53624466],[5.45621177,43.53631983],[5.45633529,43.53643046],[5.45673964,43.53651132],[5.45696369,43.53648464],[5.45742834,43.5363553],[5.45759482,43.5361976],[5.45710546,43.53577841],[5.45657486,43.53514681],[5.45613012,43.53481571],[5.45570313,43.53458144],[5.45560808,43.53415241],[5.45564704,43.53361684],[5.45548172,43.53299137],[5.45548954,43.53216125],[5.45588392,43.53166264],[5.45731812,43.53033844],[5.45755509,43.53029616],[5.45804612,43.53032195],[5.45865694,43.53051604],[5.45880534,43.53051448],[5.45904089,43.53067027],[5.45883928,43.53006453],[5.45880801,43.52965207],[5.45899239,43.52887286],[5.45945126,43.52780117],[5.45962134,43.52732383],[5.4596997,43.52672705],[5.45976278,43.52666891],[5.45997808,43.52617885],[5.46030656,43.52512542],[5.46053791,43.52295981],[5.46041972,43.52271315],[5.46043093,43.52262828],[5.45986515,43.5226177],[5.45859945,43.52281473],[5.45768477,43.52286066],[5.45724518,43.52296603],[5.45636556,43.52307957],[5.45597708,43.52307846],[5.45540102,43.52369551],[5.4553398,43.52371039],[5.45533075,43.52378801],[5.45439982,43.52478574],[5.45431479,43.52490919],[5.45436114,43.52509627],[5.4549413,43.52547201],[5.45503589,43.52563009],[5.45496452,43.52639144],[5.45542864,43.5273801],[5.45545487,43.52753073],[5.45541688,43.52768372],[5.45474652,43.52849823],[5.45334101,43.52965431],[5.4529549,43.53005731],[5.45194207,43.53116849],[5.45120226,43.53209706],[5.45110643,43.53222885],[5.45097729,43.53230468],[5.44763003,43.53275651],[5.44713788,43.53279192],[5.44684135,43.5327725],[5.44658334,43.53272791],[5.44629867,43.53260921],[5.44582949,43.53341642],[5.44584198,43.53359347],[5.44557742,43.53444108],[5.44567754,43.53455494]]]]},"bbox":[5.44557742,43.5226177,5.46053791,43.53701112]},{"type":"Feature","id":"fr-quartier-13001-e30c0b3f77f7","properties":{"id":"fr-quartier-13001-e30c0b3f77f7","kind":"quartier","name":"Couronne Nord","cityCode":"13001","cityName":"Aix-en-Provence","sourceType":"iris","sourceIds":["130010202"],"colorIndex":10,"center":[5.441838306652565,43.531128397232685]},"geometry":{"type":"MultiPolygon","coordinates":[[[[5.44584198,43.53359347],[5.44582949,43.53341642],[5.44629867,43.53260921],[5.44568889,43.53235201],[5.44560987,43.53223947],[5.44463751,43.53180591],[5.44388461,43.53152852],[5.44370961,43.53139924],[5.44365851,43.53130317],[5.44366856,43.53119043],[5.44408852,43.53053466],[5.44416431,43.53030971],[5.44411018,43.52958991],[5.4439167,43.52893896],[5.44342711,43.52766727],[5.44324434,43.52732573],[5.4432081,43.52725904],[5.43911777,43.52908476],[5.43738981,43.5321832],[5.43784357,43.53238004],[5.4389252,43.5327365],[5.44117693,43.53331777],[5.44358574,43.53407098],[5.44480812,43.53433149],[5.44490874,43.53434093],[5.44501815,43.53429525],[5.44556758,43.53368697],[5.44584198,43.53359347]]]]},"bbox":[5.43738981,43.52725904,5.44629867,43.53434093]},{"type":"Feature","id":"fr-quartier-13001-a95e84657407","properties":{"id":"fr-quartier-13001-a95e84657407","kind":"quartier","name":"Couronne Ouest partie nord","cityCode":"13001","cityName":"Aix-en-Provence","sourceType":"iris","sourceIds":["130010205"],"colorIndex":11,"center":[5.438801370667274,43.52470099569812]},"geometry":{"type":"MultiPolygon","coordinates":[[[[5.44308912,43.524113],[5.44242338,43.52346818],[5.44220483,43.52347761],[5.44211369,43.52337074],[5.44213083,43.52330824],[5.44176222,43.52325083],[5.4409142,43.52326451],[5.44065982,43.52333325],[5.44056538,43.52326516],[5.44048595,43.52325885],[5.44038044,43.52333773],[5.44009972,43.52331074],[5.43932173,43.52337145],[5.43912701,43.52344694],[5.4391562,43.5235516],[5.4390864,43.52365578],[5.4389095,43.52368496],[5.43878779,43.52364449],[5.43849754,43.52359701],[5.43761381,43.52364388],[5.43729707,43.52375901],[5.43709551,43.52376084],[5.43678343,43.52372374],[5.43575594,43.52379362],[5.43533401,43.52387871],[5.43521526,43.52384987],[5.43537271,43.52414968],[5.43561608,43.52446287],[5.43576382,43.52479621],[5.43593172,43.5257799],[5.4362526,43.52663683],[5.43854731,43.52622612],[5.44053051,43.52538489],[5.44125106,43.52504913],[5.44130645,43.52495516],[5.44185235,43.52470164],[5.44205236,43.52472144],[5.44308912,43.524113]]]]},"bbox":[5.43521526,43.52325083,5.44308912,43.52663683]},{"type":"Feature","id":"fr-quartier-13001-8a1d13e8e92c","properties":{"id":"fr-quartier-13001-8a1d13e8e92c","kind":"quartier","name":"Couronne Ouest partie sud","cityCode":"13001","cityName":"Aix-en-Provence","sourceType":"iris","sourceIds":["130010206"],"colorIndex":12,"center":[5.442257345991319,43.525854890442716]},"geometry":{"type":"MultiPolygon","coordinates":[[[[5.44324434,43.52732573],[5.44493867,43.52652874],[5.4450416,43.5264184],[5.44512442,43.52618429],[5.44521517,43.52610754],[5.44537933,43.52606963],[5.44554474,43.52609021],[5.44570443,43.52620903],[5.44594424,43.5260884],[5.44606286,43.52596871],[5.44616044,43.52567486],[5.44648945,43.52407598],[5.44658186,43.52386416],[5.44689254,43.52392646],[5.44741596,43.52392996],[5.44736006,43.5231985],[5.44737649,43.52314862],[5.44760053,43.52300674],[5.44753135,43.52280577],[5.44771604,43.5222048],[5.44770721,43.52202677],[5.44765846,43.52184064],[5.44740556,43.52145029],[5.44714721,43.52119327],[5.44645002,43.5218724],[5.44600956,43.52221899],[5.44462331,43.52315939],[5.44308912,43.524113],[5.44205236,43.52472144],[5.44185235,43.52470164],[5.44130645,43.52495516],[5.44125106,43.52504913],[5.44053051,43.52538489],[5.43854731,43.52622612],[5.4362526,43.52663683],[5.43636222,43.5268297],[5.436928,43.52727697],[5.43705171,43.52742271],[5.43648418,43.52845083],[5.43640027,43.52871825],[5.4364687,43.52872752],[5.43878212,43.52910491],[5.43911777,43.52908476],[5.4432081,43.52725904],[5.44324434,43.52732573]]]]},"bbox":[5.4362526,43.52119327,5.44771604,43.52910491]},{"type":"Feature","id":"fr-quartier-13001-7938d7b2e8c7","properties":{"id":"fr-quartier-13001-7938d7b2e8c7","kind":"quartier","name":"Couronne Sud","cityCode":"13001","cityName":"Aix-en-Provence","sourceType":"iris","sourceIds":["130010204"],"colorIndex":13,"center":[5.451623672066495,43.52174454301649]},"geometry":{"type":"MultiPolygon","coordinates":[[[[5.45597708,43.52307846],[5.45644366,43.52259172],[5.45640885,43.52244308],[5.45683472,43.52169892],[5.45511176,43.52080627],[5.45535954,43.52058373],[5.45527609,43.52036778],[5.45452719,43.52009488],[5.45356915,43.51964578],[5.4525597,43.51926714],[5.45218567,43.51919818],[5.44977813,43.51915897],[5.44972125,43.51860846],[5.44951746,43.51812248],[5.44955612,43.51786867],[5.44994108,43.51720827],[5.44973922,43.51714442],[5.44943445,43.51742315],[5.44895507,43.51807397],[5.44796899,43.52021607],[5.44748528,43.52085349],[5.44714721,43.52119327],[5.44740556,43.52145029],[5.44765846,43.52184064],[5.44770721,43.52202677],[5.44771604,43.5222048],[5.44753135,43.52280577],[5.44760053,43.52300674],[5.44737649,43.52314862],[5.44736006,43.5231985],[5.44741596,43.52392996],[5.45048893,43.52401991],[5.45122602,43.52410228],[5.4529455,43.52433345],[5.45315223,43.52439449],[5.4538942,43.52479358],[5.45424487,43.52483605],[5.45439982,43.52478574],[5.45533075,43.52378801],[5.4553398,43.52371039],[5.45540102,43.52369551],[5.45597708,43.52307846]]]]},"bbox":[5.44714721,43.51714442,5.45683472,43.52483605]},{"type":"Feature","id":"fr-quartier-13001-e9e244db2fa2","properties":{"id":"fr-quartier-13001-e9e244db2fa2","kind":"quartier","name":"Encagnane","cityCode":"13001","cityName":"Aix-en-Provence","sourceType":"iris","sourceIds":["iris-group:130010601+130010602+130010603+130010604"],"colorIndex":14,"center":[5.4318776655319025,43.52245106827525]},"geometry":{"type":"Polygon","coordinates":[[[5.4268898,43.5231138],[5.42737623,43.5217446],[5.42820849,43.51969076],[5.42845535,43.5188004],[5.42950358,43.51837456],[5.43026506,43.51801275],[5.43104607,43.51758659],[5.43170721,43.51716311],[5.43278743,43.51804892],[5.43319638,43.51856363],[5.43345431,43.51881259],[5.43399656,43.51917398],[5.43433311,43.51952648],[5.43462487,43.5199313],[5.43504011,43.52030184],[5.43618918,43.52155424],[5.43646019,43.52202343],[5.43664601,43.52287529],[5.4368951,43.52346919],[5.43698227,43.52354105],[5.43697765,43.52366537],[5.43709551,43.52376084],[5.43678343,43.52372374],[5.43575594,43.52379362],[5.43533401,43.52387871],[5.43521526,43.52384987],[5.43537271,43.52414968],[5.43561608,43.52446287],[5.43576382,43.52479621],[5.43593172,43.5257799],[5.4362526,43.52663683],[5.43560287,43.52674774],[5.43502864,43.52680113],[5.43380727,43.52682224],[5.43260522,43.52671508],[5.4315539,43.52648661],[5.43039877,43.52608492],[5.42947852,43.52562036],[5.42880486,43.52519437],[5.42842143,43.52490321],[5.42760159,43.52415014],[5.42720287,43.52364328],[5.4268898,43.5231138]]]},"bbox":[5.4268898,43.51716311,5.43709551,43.52682224]},{"type":"Feature","id":"fr-quartier-13001-431c8e103721","properties":{"id":"fr-quartier-13001-431c8e103721","kind":"quartier","name":"Extension Ouest Partie Est","cityCode":"13001","cityName":"Aix-en-Provence","sourceType":"iris","sourceIds":["130010709"],"colorIndex":15,"center":[5.419304957286688,43.53409300178841]},"geometry":{"type":"MultiPolygon","coordinates":[[[[5.42958892,43.53209083],[5.42771539,43.52842327],[5.42578951,43.52843124],[5.42521147,43.52848287],[5.42451844,43.52859467],[5.42388051,43.52878086],[5.42394027,43.52908287],[5.42392363,43.52959722],[5.42364221,43.53052166],[5.42375676,43.53162358],[5.42392178,43.53201595],[5.42386975,43.53207292],[5.42243824,43.53201308],[5.41822122,43.53214586],[5.41810681,43.5321025],[5.41798057,43.53216022],[5.4174179,43.53225467],[5.4169635,43.53239352],[5.41666793,43.5323965],[5.41627666,43.5323008],[5.41605657,43.53233361],[5.41590844,43.53242962],[5.41582224,43.53258636],[5.41464879,43.53316157],[5.41373545,43.53380299],[5.41306724,43.53421302],[5.41254076,43.53440385],[5.41152033,43.53461737],[5.40902651,43.53510123],[5.40869679,43.53508695],[5.40877771,43.53524628],[5.40866022,43.53542442],[5.40862854,43.53558354],[5.4088603,43.53600597],[5.40933352,43.53649144],[5.40989537,43.53684802],[5.41031869,43.53702855],[5.41077072,43.53715623],[5.41099545,43.53729256],[5.41100877,43.53769823],[5.41107776,43.53789743],[5.41171846,43.5385988],[5.41177815,43.5387532],[5.41176578,43.53895961],[5.41182833,43.53903473],[5.41198569,43.53909874],[5.41215606,43.53908956],[5.41241443,43.53887768],[5.41330577,43.53865263],[5.41478441,43.53815255],[5.41647422,43.53799612],[5.41766776,43.53769048],[5.41888387,43.53745095],[5.41955279,43.53735142],[5.41974548,43.53734352],[5.41988447,43.53738273],[5.42005318,43.53736366],[5.42032801,43.53710279],[5.42222269,43.53587862],[5.42364834,43.53465409],[5.42389226,43.53436509],[5.42402302,43.53435587],[5.42438804,43.53415148],[5.42721793,43.53295763],[5.42740232,43.53269516],[5.42814858,43.53258305],[5.42958892,43.53209083]]]]},"bbox":[5.40862854,43.52842327,5.42958892,43.53909874]},{"type":"Feature","id":"fr-quartier-13001-2d376986183e","properties":{"id":"fr-quartier-13001-2d376986183e","kind":"quartier","name":"Extension Ouest Partie Nord","cityCode":"13001","cityName":"Aix-en-Provence","sourceType":"iris","sourceIds":["130010710"],"colorIndex":16,"center":[5.411486432813364,43.54291504424675]},"geometry":{"type":"MultiPolygon","coordinates":[[[[5.39787232,43.53974909],[5.39792047,43.54099112],[5.39773889,43.541384],[5.39745792,43.54173766],[5.39731246,43.54228456],[5.39839705,43.54221019],[5.39893862,43.54350342],[5.39758355,43.54385742],[5.39819224,43.54542463],[5.3982199,43.54579037],[5.39905866,43.54566562],[5.39958699,43.54563413],[5.40032877,43.54564653],[5.40256509,43.5459166],[5.40347593,43.54597654],[5.40568941,43.54841821],[5.40565886,43.54866373],[5.40660007,43.54879768],[5.40665384,43.54863357],[5.40732563,43.54865827],[5.40704042,43.54950084],[5.40834346,43.54967446],[5.40884045,43.5488362],[5.40883252,43.54876526],[5.408967,43.54851923],[5.4093286,43.54852471],[5.41004232,43.54748449],[5.41057015,43.54758799],[5.41085959,43.5478498],[5.41282246,43.54844169],[5.41314807,43.54809149],[5.41309539,43.54757417],[5.4138063,43.54732253],[5.41392192,43.54721734],[5.41408636,43.54691933],[5.41453959,43.5472207],[5.41397531,43.54828103],[5.41472708,43.54817699],[5.41502699,43.54871671],[5.41519768,43.54868501],[5.41555078,43.54934146],[5.4154147,43.54951912],[5.41529981,43.54958289],[5.4152221,43.54976555],[5.41490554,43.54997782],[5.4147069,43.54993364],[5.4148484,43.54979637],[5.41440049,43.54973972],[5.41439011,43.54993438],[5.41427095,43.55019088],[5.41427298,43.55050409],[5.414152,43.55109998],[5.41419576,43.55149327],[5.4143759,43.55174491],[5.4147044,43.55205175],[5.41502152,43.55217612],[5.4154339,43.55224076],[5.41619667,43.55224988],[5.41687966,43.55230399],[5.41740722,43.55228234],[5.41747409,43.55225384],[5.41749098,43.55197892],[5.4167679,43.55191311],[5.41692418,43.55153876],[5.41665408,43.55150247],[5.41630438,43.55033916],[5.41618566,43.55019418],[5.41582221,43.54990972],[5.41583637,43.54971677],[5.41595351,43.54941261],[5.41612678,43.54917741],[5.41638182,43.54900341],[5.41646534,43.5487531],[5.41719222,43.54867481],[5.41794977,43.5485022],[5.41809638,43.54851604],[5.41844515,43.54806989],[5.41848353,43.54795292],[5.41838287,43.5470028],[5.41847445,43.54694405],[5.41912234,43.5469008],[5.41927079,43.54684079],[5.4195479,43.54484167],[5.41970734,43.54442585],[5.42008995,43.54369719],[5.42021897,43.54285357],[5.42044638,43.54202486],[5.42088023,43.53960639],[5.4208608,43.53935118],[5.42062629,43.53904226],[5.42059961,43.53893753],[5.4207758,43.53850873],[5.42135044,43.53813945],[5.42140345,43.53807616],[5.42134009,43.53789394],[5.42277359,43.53664855],[5.42330805,43.53626575],[5.42390758,43.53593011],[5.42456768,43.53565161],[5.42692098,43.5349482],[5.42789746,43.53454469],[5.42851813,43.53418334],[5.42912574,43.53371786],[5.42950067,43.53333861],[5.4299372,43.53277794],[5.42958892,43.53209083],[5.42814858,43.53258305],[5.42740232,43.53269516],[5.42721793,43.53295763],[5.42438804,43.53415148],[5.42402302,43.53435587],[5.42389226,43.53436509],[5.42364834,43.53465409],[5.42222269,43.53587862],[5.42032801,43.53710279],[5.42005318,43.53736366],[5.41988447,43.53738273],[5.41974548,43.53734352],[5.41955279,43.53735142],[5.41888387,43.53745095],[5.41766776,43.53769048],[5.41647422,43.53799612],[5.41478441,43.53815255],[5.41330577,43.53865263],[5.41241443,43.53887768],[5.41215606,43.53908956],[5.41198569,43.53909874],[5.41182833,43.53903473],[5.41165571,43.53901966],[5.41112259,43.53911252],[5.40904432,43.53959616],[5.40773595,43.53990964],[5.40716764,43.54013738],[5.40656357,43.54013188],[5.40587096,43.539933],[5.4045068,43.53977151],[5.40371629,43.53980523],[5.40316519,43.53997136],[5.40194058,43.54003988],[5.40139734,43.53997989],[5.40097347,43.53981554],[5.40027468,43.53967528],[5.39913726,43.53955011],[5.39855267,43.53956663],[5.39787232,43.53974909]]]]},"bbox":[5.39731246,43.53209083,5.4299372,43.55230399]},{"type":"Feature","id":"fr-quartier-13001-8e041f16333e","properties":{"id":"fr-quartier-13001-8e041f16333e","kind":"quartier","name":"Extension Ouest Partie Ouest","cityCode":"13001","cityName":"Aix-en-Provence","sourceType":"iris","sourceIds":["130010711"],"colorIndex":17,"center":[5.403850471462201,43.533830077292436]},"geometry":{"type":"MultiPolygon","coordinates":[[[[5.40960109,43.52998198],[5.40869272,43.5296799],[5.40617416,43.52856471],[5.40607054,43.52848329],[5.40598056,43.52828456],[5.40586233,43.52817916],[5.40563741,43.52812564],[5.40538393,43.52815827],[5.40516204,43.52811818],[5.40171654,43.52657697],[5.39854683,43.5253257],[5.39750637,43.52686452],[5.39743973,43.52707572],[5.39748886,43.52739328],[5.39722973,43.52794269],[5.39697159,43.52827874],[5.39643061,43.52883348],[5.39672531,43.52946246],[5.3984142,43.52887426],[5.3991883,43.52854029],[5.39949822,43.52897],[5.39889483,43.52968905],[5.40040222,43.53029391],[5.39997048,43.53062031],[5.39932022,43.53152042],[5.39943678,43.53208943],[5.39994693,43.53201064],[5.40015195,43.53247598],[5.40007307,43.53357859],[5.39770164,43.53320165],[5.3970979,43.53533662],[5.39699135,43.5355406],[5.39639723,43.53725499],[5.39621647,43.53748941],[5.39719092,43.53759481],[5.39709142,43.53835313],[5.39670161,43.53835184],[5.39653296,43.53982549],[5.39721855,43.53985715],[5.39787232,43.53974909],[5.39855267,43.53956663],[5.39913726,43.53955011],[5.40027468,43.53967528],[5.40097347,43.53981554],[5.40139734,43.53997989],[5.40194058,43.54003988],[5.40316519,43.53997136],[5.40371629,43.53980523],[5.4045068,43.53977151],[5.40587096,43.539933],[5.40656357,43.54013188],[5.40716764,43.54013738],[5.40773595,43.53990964],[5.40904432,43.53959616],[5.41112259,43.53911252],[5.41165571,43.53901966],[5.41182833,43.53903473],[5.41176578,43.53895961],[5.41177815,43.5387532],[5.41171846,43.5385988],[5.41107776,43.53789743],[5.41100877,43.53769823],[5.41099545,43.53729256],[5.41077072,43.53715623],[5.41031869,43.53702855],[5.40989537,43.53684802],[5.40933352,43.53649144],[5.4088603,43.53600597],[5.40862854,43.53558354],[5.40866022,43.53542442],[5.40877771,43.53524628],[5.40869679,43.53508695],[5.40902651,43.53510123],[5.41152033,43.53461737],[5.41148543,43.53299069],[5.41175542,43.53287937],[5.41170495,43.53206046],[5.41182833,43.53205232],[5.4118532,43.53140727],[5.41149089,43.53141172],[5.4114512,43.53034864],[5.41073258,43.53023499],[5.41055315,43.53017506],[5.41053551,43.53028527],[5.4104474,43.53036734],[5.41019211,43.53038652],[5.41001742,43.53026258],[5.41000843,43.53013676],[5.41006219,43.53006175],[5.40960109,43.52998198]]]]},"bbox":[5.39621647,43.5253257,5.4118532,43.54013738]},{"type":"Feature","id":"fr-quartier-13001-544bd5b1a93c","properties":{"id":"fr-quartier-13001-544bd5b1a93c","kind":"quartier","name":"Facultés","cityCode":"13001","cityName":"Aix-en-Provence","sourceType":"iris","sourceIds":["130010302"],"colorIndex":18,"center":[5.451512921858532,43.5154917902792]},"geometry":{"type":"MultiPolygon","coordinates":[[[[5.45066001,43.51193789],[5.45028253,43.51274395],[5.45024976,43.51336759],[5.45012502,43.51342981],[5.44716889,43.51357216],[5.44607394,43.51353475],[5.44599466,43.51356084],[5.44594219,43.51363584],[5.44585836,43.51492043],[5.44628138,43.51492079],[5.44673566,43.51475482],[5.44709707,43.51481868],[5.44738769,43.51478872],[5.44757878,43.51483211],[5.44800157,43.51505931],[5.44851817,43.51510796],[5.44862701,43.51528193],[5.44864924,43.51580351],[5.44853491,43.51590691],[5.44824433,43.51602509],[5.44826465,43.51612454],[5.44835711,43.51620437],[5.44878557,43.51636122],[5.44930498,43.51650432],[5.44939608,43.51663909],[5.44950311,43.51706064],[5.44973922,43.51714442],[5.44994108,43.51720827],[5.44955612,43.51786867],[5.44951746,43.51812248],[5.44972125,43.51860846],[5.44977813,43.51915897],[5.45218567,43.51919818],[5.4525597,43.51926714],[5.45356915,43.51964578],[5.45443315,43.51853075],[5.45459757,43.51818137],[5.454562,43.51804355],[5.45397359,43.5170388],[5.45392056,43.51689778],[5.45395353,43.51677191],[5.45444627,43.5163773],[5.45510973,43.51595452],[5.45519815,43.5158238],[5.45514486,43.51561887],[5.45546637,43.51524073],[5.45521682,43.51495834],[5.45538512,43.51484471],[5.45469386,43.51441388],[5.45421901,43.51432921],[5.45390182,43.51422927],[5.45442939,43.51355033],[5.4545461,43.51327134],[5.45459946,43.51327554],[5.45455187,43.51282744],[5.45457242,43.51206366],[5.45066001,43.51193789]]]]},"bbox":[5.44585836,43.51193789,5.45546637,43.51964578]},{"type":"Feature","id":"fr-quartier-13001-e3617971bcc4","properties":{"id":"fr-quartier-13001-e3617971bcc4","kind":"quartier","name":"Fenouillères","cityCode":"13001","cityName":"Aix-en-Provence","sourceType":"iris","sourceIds":["130010301"],"colorIndex":19,"center":[5.445560575624859,43.517096858272126]},"geometry":{"type":"MultiPolygon","coordinates":[[[[5.44240631,43.51317543],[5.44251542,43.51338541],[5.44256111,43.51364542],[5.44293033,43.51793618],[5.44239777,43.52321492],[5.44249441,43.52327665],[5.4425119,43.52336808],[5.44242338,43.52346818],[5.44308912,43.524113],[5.44462331,43.52315939],[5.44600956,43.52221899],[5.44645002,43.5218724],[5.44714721,43.52119327],[5.44748528,43.52085349],[5.44796899,43.52021607],[5.44895507,43.51807397],[5.44943445,43.51742315],[5.44973922,43.51714442],[5.44950311,43.51706064],[5.44939608,43.51663909],[5.44930498,43.51650432],[5.44878557,43.51636122],[5.44835711,43.51620437],[5.44826465,43.51612454],[5.44824433,43.51602509],[5.44853491,43.51590691],[5.44864924,43.51580351],[5.44862701,43.51528193],[5.44851817,43.51510796],[5.44800157,43.51505931],[5.44757878,43.51483211],[5.44738769,43.51478872],[5.44709707,43.51481868],[5.44673566,43.51475482],[5.44628138,43.51492079],[5.44585836,43.51492043],[5.44594219,43.51363584],[5.44599466,43.51356084],[5.44607394,43.51353475],[5.44716889,43.51357216],[5.45012502,43.51342981],[5.45024976,43.51336759],[5.45028253,43.51274395],[5.45066001,43.51193789],[5.44661832,43.51173839],[5.44458143,43.51179873],[5.44245452,43.51195286],[5.44249411,43.51273869],[5.44254415,43.51283928],[5.44273419,43.51297452],[5.44275781,43.51309371],[5.44264447,43.51319167],[5.44240631,43.51317543]]]]},"bbox":[5.44239777,43.51173839,5.45066001,43.524113]},{"type":"Feature","id":"fr-quartier-13001-d10d700a11c7","properties":{"id":"fr-quartier-13001-d10d700a11c7","kind":"quartier","name":"Hypercentre","cityCode":"13001","cityName":"Aix-en-Provence","sourceType":"iris","sourceIds":["130010104"],"colorIndex":20,"center":[5.449255017844623,43.528478580488446]},"geometry":{"type":"MultiPolygon","coordinates":[[[[5.44773271,43.52967927],[5.44771481,43.52998483],[5.44798404,43.53017679],[5.44960547,43.53091882],[5.44998762,43.53106052],[5.45078877,43.53125036],[5.45077603,43.53083568],[5.45088729,43.52976108],[5.45085238,43.52920377],[5.4509106,43.5288865],[5.4511565,43.52850288],[5.4514564,43.52825397],[5.45167295,43.52799433],[5.45218761,43.52706724],[5.4513428,43.52698372],[5.45132382,43.52706066],[5.45075269,43.52698355],[5.45066937,43.52703134],[5.45060365,43.52696981],[5.44998548,43.52689196],[5.44988976,43.52693913],[5.44982303,43.52691183],[5.44981096,43.5268608],[5.44867152,43.52671459],[5.44857457,43.52676179],[5.44852249,43.52670085],[5.44571624,43.52634108],[5.44561733,43.52645853],[5.4458989,43.52682484],[5.44643308,43.52708014],[5.44734769,43.52743758],[5.44727379,43.52770659],[5.44735358,43.52806935],[5.44750529,43.52843589],[5.44772925,43.52861087],[5.44775155,43.52866978],[5.44773271,43.52967927]]]]},"bbox":[5.44561733,43.52634108,5.45218761,43.53125036]},{"type":"Feature","id":"fr-quartier-13001-6201de23c7ce","properties":{"id":"fr-quartier-13001-6201de23c7ce","kind":"quartier","name":"Jas","cityCode":"13001","cityName":"Aix-en-Provence","sourceType":"iris","sourceIds":["iris-group:130010701+130010702+130010703+130010704+130010705+130010706"],"colorIndex":21,"center":[5.418440107221817,43.52636304082813]},"geometry":{"type":"Polygon","coordinates":[[[5.40942031,43.52694083],[5.40948813,43.52690602],[5.4095579,43.52700618],[5.40977985,43.52713627],[5.41040032,43.52729982],[5.41058024,43.52728322],[5.41049887,43.52699518],[5.41052573,43.52678035],[5.41063165,43.52656286],[5.41101151,43.52612236],[5.41180175,43.52543869],[5.41149196,43.52516113],[5.41132604,43.52512792],[5.41099323,43.52497959],[5.41077622,43.52493761],[5.41069973,43.52479528],[5.41059992,43.524775],[5.41082464,43.52402829],[5.41071801,43.52340327],[5.41060147,43.52310251],[5.41017037,43.52282225],[5.41175291,43.52215428],[5.41407622,43.52133569],[5.41579069,43.52086546],[5.41805167,43.52041992],[5.41990719,43.52018681],[5.42324977,43.51993037],[5.42405116,43.51983865],[5.42578846,43.51956038],[5.4267607,43.5193262],[5.42643543,43.52058647],[5.42641845,43.52161931],[5.42678189,43.52161388],[5.42737623,43.5217446],[5.4268898,43.5231138],[5.42672777,43.52396355],[5.42670047,43.52501553],[5.42679603,43.52598915],[5.4270041,43.52681442],[5.42730618,43.52758089],[5.42771539,43.52842327],[5.42578951,43.52843124],[5.42521147,43.52848287],[5.42451844,43.52859467],[5.42388051,43.52878086],[5.42394027,43.52908287],[5.42392363,43.52959722],[5.42364221,43.53052166],[5.42375676,43.53162358],[5.42392178,43.53201595],[5.42386975,43.53207292],[5.42243824,43.53201308],[5.41822122,43.53214586],[5.41810681,43.5321025],[5.41798057,43.53216022],[5.4174179,43.53225467],[5.4169635,43.53239352],[5.41666793,43.5323965],[5.41627666,43.5323008],[5.41605657,43.53233361],[5.41590844,43.53242962],[5.41582224,43.53258636],[5.41464879,43.53316157],[5.41373545,43.53380299],[5.41306724,43.53421302],[5.41254076,43.53440385],[5.41152033,43.53461737],[5.41148543,43.53299069],[5.41175542,43.53287937],[5.41170495,43.53206046],[5.41182833,43.53205232],[5.4118532,43.53140727],[5.41149089,43.53141172],[5.4114512,43.53034864],[5.41073258,43.53023499],[5.41055315,43.53017506],[5.41053551,43.53028527],[5.4104474,43.53036734],[5.41019211,43.53038652],[5.41001742,43.53026258],[5.41000843,43.53013676],[5.41006219,43.53006175],[5.40960109,43.52998198],[5.40942031,43.52694083]]]},"bbox":[5.40942031,43.5193262,5.42771539,43.53461737]},{"type":"Feature","id":"fr-quartier-13001-5e14b7a7aef0","properties":{"id":"fr-quartier-13001-5e14b7a7aef0","kind":"quartier","name":"La Torse","cityCode":"13001","cityName":"Aix-en-Provence","sourceType":"iris","sourceIds":["130010401"],"colorIndex":22,"center":[5.464991562318646,43.52369993437866]},"geometry":{"type":"MultiPolygon","coordinates":[[[[5.45644366,43.52259172],[5.45597708,43.52307846],[5.45636556,43.52307957],[5.45724518,43.52296603],[5.45768477,43.52286066],[5.45859945,43.52281473],[5.45986515,43.5226177],[5.46043093,43.52262828],[5.46041972,43.52271315],[5.46053791,43.52295981],[5.46030656,43.52512542],[5.45997808,43.52617885],[5.45976278,43.52666891],[5.4596997,43.52672705],[5.45962134,43.52732383],[5.45945126,43.52780117],[5.46110494,43.52828306],[5.46163277,43.52867705],[5.46190046,43.52969806],[5.46219473,43.53029989],[5.46373307,43.5304846],[5.46384424,43.53024984],[5.46467063,43.53088278],[5.46525944,43.53076499],[5.46536496,43.53068697],[5.46533357,43.5301863],[5.46579855,43.52905774],[5.46699327,43.52925021],[5.46737842,43.52839531],[5.46760243,43.52816697],[5.46735779,43.52814553],[5.46780064,43.52753955],[5.46788939,43.52756094],[5.46814368,43.5272311],[5.46869016,43.5263023],[5.46899101,43.5259624],[5.46981954,43.52552317],[5.46961527,43.52540449],[5.46904594,43.52531213],[5.46917616,43.52506073],[5.46935652,43.52505482],[5.46938478,43.52473372],[5.4695189,43.52460195],[5.46955752,43.52440663],[5.47091486,43.52470068],[5.47105127,43.52467957],[5.47124201,43.52456991],[5.47125589,43.52469111],[5.47185887,43.5242147],[5.47244452,43.52385299],[5.47261645,43.52379506],[5.47292712,43.52385639],[5.47310636,43.52385321],[5.47325585,43.52382009],[5.47333015,43.52376439],[5.47333593,43.52364004],[5.47304471,43.52339823],[5.47297539,43.52308116],[5.47291903,43.52300773],[5.47252308,43.5227179],[5.47205056,43.52263235],[5.47195414,43.52286409],[5.47200277,43.52290169],[5.4719808,43.5229373],[5.47076712,43.52273271],[5.47076043,43.52260594],[5.4711933,43.52191376],[5.47111826,43.52183715],[5.47055093,43.52161784],[5.47132549,43.52133465],[5.47076887,43.52064521],[5.4706252,43.52055486],[5.47065941,43.52042986],[5.47042758,43.52033162],[5.4704573,43.52021753],[5.47041817,43.52002669],[5.47048072,43.51975522],[5.47045876,43.51935965],[5.47068857,43.51935351],[5.47084842,43.51895741],[5.4713226,43.51856494],[5.47126046,43.51850064],[5.47122285,43.5185177],[5.47125545,43.51855657],[5.47117019,43.51861612],[5.47084151,43.5185669],[5.4707627,43.5186326],[5.47059416,43.51888398],[5.47063664,43.51892262],[5.47061328,43.51898347],[5.47074501,43.51905518],[5.47067578,43.5193151],[5.47044798,43.51931039],[5.47029675,43.51867022],[5.47005792,43.51895561],[5.46985426,43.51905206],[5.4696338,43.51907418],[5.46932822,43.51901543],[5.46877089,43.51882648],[5.468359,43.51882685],[5.46835618,43.5187612],[5.467642,43.51875045],[5.46755847,43.51867764],[5.46715276,43.51870667],[5.4665742,43.51802311],[5.46591124,43.51782215],[5.46540621,43.51781382],[5.46518552,43.51777293],[5.46511779,43.51766465],[5.4651451,43.51752271],[5.46526774,43.51735429],[5.46539429,43.5172767],[5.4635334,43.51833075],[5.46194467,43.51927147],[5.46020696,43.52037398],[5.45644366,43.52259172]]]]},"bbox":[5.45597708,43.5172767,5.47333593,43.53088278]},{"type":"Feature","id":"fr-quartier-13001-adcdabb795bf","properties":{"id":"fr-quartier-13001-adcdabb795bf","kind":"quartier","name":"Les Lauves","cityCode":"13001","cityName":"Aix-en-Provence","sourceType":"iris","sourceIds":["130010505"],"colorIndex":23,"center":[5.441283011396784,43.54776636990475]},"geometry":{"type":"MultiPolygon","coordinates":[[[[5.4457922,43.53471978],[5.44567754,43.53455494],[5.44551884,43.53460532],[5.44488447,43.53597975],[5.44474186,43.53666979],[5.44470353,43.53739708],[5.44464416,43.53760095],[5.44454445,43.53772922],[5.44389023,43.53826064],[5.4435114,43.53889568],[5.44330489,43.53907316],[5.44286285,43.53932796],[5.44272615,43.53945976],[5.44152874,43.54194234],[5.44103291,43.54267902],[5.44083954,43.54304973],[5.44080997,43.54334385],[5.44097435,43.54438704],[5.44079503,43.54587453],[5.44069075,43.54612892],[5.44032846,43.54666006],[5.43993049,43.54710919],[5.4397029,43.54749057],[5.43957809,43.54752398],[5.43956566,43.54758097],[5.43929971,43.54770037],[5.43897632,43.54777875],[5.43881514,43.5479174],[5.43879182,43.54803854],[5.43889448,43.54867805],[5.43885887,43.54888859],[5.43755938,43.54973333],[5.43703279,43.5494274],[5.4366214,43.54944474],[5.43634989,43.54922939],[5.43664267,43.54860441],[5.43661193,43.54834675],[5.43615436,43.54777102],[5.43431886,43.54741614],[5.4343498,43.54791233],[5.43425953,43.54800167],[5.43391224,43.54777902],[5.43383858,43.54767626],[5.43365669,43.54779376],[5.43378093,43.54815553],[5.43324452,43.5483764],[5.43343027,43.54919678],[5.43285852,43.54957686],[5.43290977,43.55008521],[5.43390845,43.55008352],[5.43408659,43.55016954],[5.43410642,43.5502285],[5.43383344,43.55056228],[5.43367353,43.55067299],[5.43414839,43.55095579],[5.43460009,43.55142185],[5.43511576,43.55254988],[5.43535334,43.55292802],[5.43561308,43.55321564],[5.43599499,43.55352393],[5.43639131,43.55376348],[5.43688838,43.55398546],[5.4436597,43.55636719],[5.44382234,43.55608808],[5.44389013,43.55567427],[5.44383976,43.55545037],[5.44358677,43.55497357],[5.44355944,43.55462222],[5.44361148,43.55407105],[5.44391703,43.55284624],[5.4439413,43.55187532],[5.4441247,43.55065957],[5.44444849,43.54995105],[5.44465018,43.54965935],[5.4450061,43.54926967],[5.44549477,43.54827748],[5.44554367,43.54800183],[5.44551047,43.54739677],[5.44509251,43.54566077],[5.44520371,43.54501735],[5.44557336,43.54439871],[5.44542417,43.54269717],[5.44534322,43.54262698],[5.4453573,43.54257985],[5.4454316,43.54255208],[5.44546303,43.54238934],[5.44580836,43.54166503],[5.44585163,43.5413445],[5.44577042,43.54051278],[5.44583331,43.54021701],[5.44629358,43.5394028],[5.4464271,43.53829619],[5.44679482,43.5377208],[5.44685607,43.53756099],[5.44686902,43.53731316],[5.44667506,43.53688456],[5.44591035,43.53560557],[5.4457922,43.53471978]]]]},"bbox":[5.43285852,43.53455494,5.44686902,43.55636719]},{"type":"Feature","id":"fr-quartier-13001-1c37ce326e1a","properties":{"id":"fr-quartier-13001-1c37ce326e1a","kind":"quartier","name":"Les Milles Village","cityCode":"13001","cityName":"Aix-en-Provence","sourceType":"iris","sourceIds":["130010905"],"colorIndex":24,"center":[5.380053347291415,43.50409764245169]},"geometry":{"type":"MultiPolygon","coordinates":[[[[5.36994869,43.51033537],[5.37019707,43.51036055],[5.37042218,43.51033132],[5.37087036,43.51016311],[5.37101305,43.51005468],[5.3712912,43.50966245],[5.37148979,43.50946998],[5.37235399,43.50901453],[5.3724492,43.50901424],[5.37276988,43.50914315],[5.37305139,43.50919189],[5.37332984,43.5091966],[5.3736962,43.50911387],[5.37376728,43.50906821],[5.37404584,43.50859676],[5.37430174,43.50838503],[5.37511353,43.50815843],[5.37509849,43.50952963],[5.37781447,43.50896606],[5.37992845,43.50861905],[5.38217238,43.50797661],[5.38448356,43.5077341],[5.38490935,43.50759422],[5.38536852,43.50763273],[5.38487062,43.50683987],[5.38426606,43.50529417],[5.3839846,43.50470988],[5.38536913,43.50463893],[5.3859356,43.50473088],[5.3862047,43.50486808],[5.38684758,43.50543],[5.38748772,43.50583627],[5.38775376,43.50592942],[5.38811565,43.50594846],[5.38886348,43.50576187],[5.38956259,43.50565285],[5.38973466,43.50559775],[5.39011513,43.50534994],[5.39051521,43.50524661],[5.39046837,43.50510182],[5.39001562,43.50515771],[5.38999515,43.50505194],[5.38982251,43.50509355],[5.3892725,43.50504086],[5.38879584,43.50487854],[5.38895307,43.50440702],[5.38951343,43.50393562],[5.38951084,43.50405179],[5.39021668,43.5038076],[5.39111486,43.50363928],[5.39157628,43.50364351],[5.39191326,43.5030348],[5.39190555,43.50290896],[5.39218412,43.50285781],[5.39223096,43.50291348],[5.39229307,43.50292021],[5.3923861,43.50283805],[5.39270667,43.50287508],[5.39405152,43.50327746],[5.39423181,43.50312316],[5.39220726,43.50198778],[5.39142161,43.50159106],[5.39074637,43.50132151],[5.38957024,43.50099009],[5.38324992,43.49945947],[5.38215415,43.4990659],[5.38080814,43.49845188],[5.38069042,43.49856518],[5.38045821,43.49842176],[5.37932778,43.5003557],[5.37796975,43.49977971],[5.37666347,43.4993781],[5.37516417,43.49906261],[5.37403809,43.49892165],[5.37382629,43.50031965],[5.37410312,43.50034599],[5.37373461,43.50208137],[5.37349581,43.5029759],[5.37289481,43.50300526],[5.37267136,43.50319377],[5.37271574,43.50435844],[5.37250343,43.50511648],[5.37246302,43.50515606],[5.37230267,43.50516587],[5.37145187,43.50516558],[5.37117008,43.50522935],[5.37086023,43.50533243],[5.37038763,43.50556689],[5.37015664,43.50581317],[5.36994869,43.51033537]]]]},"bbox":[5.36994869,43.49842176,5.39423181,43.51036055]},{"type":"Feature","id":"fr-quartier-13001-fd0afe45a818","properties":{"id":"fr-quartier-13001-fd0afe45a818","kind":"quartier","name":"Loubassanne","cityCode":"13001","cityName":"Aix-en-Provence","sourceType":"iris","sourceIds":["130010504"],"colorIndex":25,"center":[5.453590874212543,43.54849015412863]},"geometry":{"type":"MultiPolygon","coordinates":[[[[5.45759482,43.5361976],[5.45742834,43.5363553],[5.45696369,43.53648464],[5.45673964,43.53651132],[5.45633529,43.53643046],[5.45621177,43.53631983],[5.45595367,43.53624466],[5.45582395,43.5362494],[5.45575703,43.53633373],[5.45591651,43.53641743],[5.45585485,43.53648004],[5.45568785,43.53650992],[5.45559996,43.53656682],[5.4555659,43.53669631],[5.45563418,43.53681719],[5.4556114,43.53695003],[5.45533808,43.53701112],[5.45451459,43.53696675],[5.45272033,43.53670307],[5.45299683,43.53755647],[5.4536581,43.54003046],[5.45257872,43.54013767],[5.452451,43.54016036],[5.45236526,43.54023882],[5.4526347,43.54139033],[5.45264019,43.54166386],[5.45231957,43.54293583],[5.45229679,43.54318479],[5.45235344,43.54343916],[5.45192266,43.5435227],[5.450154,43.54409555],[5.44866225,43.54463331],[5.44814745,43.54483666],[5.44788272,43.54498396],[5.44766001,43.54515911],[5.4462276,43.54665507],[5.44596746,43.54696879],[5.44571243,43.54737331],[5.44551047,43.54739677],[5.44554367,43.54800183],[5.44549477,43.54827748],[5.4450061,43.54926967],[5.44465018,43.54965935],[5.44444849,43.54995105],[5.4441247,43.55065957],[5.4439413,43.55187532],[5.44391703,43.55284624],[5.44361148,43.55407105],[5.44355944,43.55462222],[5.44358677,43.55497357],[5.44411211,43.55513187],[5.44515493,43.55523441],[5.44527706,43.55528297],[5.44570221,43.5553265],[5.44618941,43.55531552],[5.44658624,43.55515895],[5.44904558,43.55527452],[5.44969974,43.55540558],[5.45047645,43.55547896],[5.45063756,43.55545462],[5.4518633,43.55549265],[5.4532059,43.55519497],[5.4536072,43.55531732],[5.45493629,43.5560065],[5.45639765,43.55622819],[5.45642756,43.55579903],[5.45822093,43.55579624],[5.45849677,43.55625448],[5.45944641,43.55556773],[5.4596652,43.55584993],[5.45979554,43.55614764],[5.45972687,43.55497807],[5.4598146,43.55451249],[5.46011577,43.55385754],[5.46045125,43.55342596],[5.46249268,43.55159012],[5.4625877,43.55143943],[5.46260719,43.55125896],[5.46211788,43.54971906],[5.46193535,43.54932983],[5.46170185,43.54899306],[5.46160576,43.54854156],[5.46145192,43.54838842],[5.46101619,43.54824167],[5.46083056,43.54809735],[5.46072777,43.54789354],[5.46056576,43.54723199],[5.46055156,43.5466409],[5.46110069,43.54435193],[5.46109075,43.54409111],[5.4609484,43.543917],[5.45972942,43.54325151],[5.45824134,43.54193589],[5.45748147,43.54106644],[5.45735344,43.5408506],[5.45717377,43.54035328],[5.45705583,43.53985276],[5.45697315,43.53922181],[5.45699066,43.53896577],[5.45708283,43.53825706],[5.45759482,43.5361976]]]]},"bbox":[5.44355944,43.5361976,5.46260719,43.55625448]},{"type":"Feature","id":"fr-quartier-13001-4208ea712e5e","properties":{"id":"fr-quartier-13001-4208ea712e5e","kind":"quartier","name":"Luynes Village","cityCode":"13001","cityName":"Aix-en-Provence","sourceType":"iris","sourceIds":["130010903"],"colorIndex":26,"center":[5.4167291448275865,43.482911603475266]},"geometry":{"type":"MultiPolygon","coordinates":[[[[5.43321657,43.47395296],[5.43220532,43.4735094],[5.43191307,43.47349616],[5.43113898,43.47325339],[5.42988386,43.47274147],[5.42601441,43.47148879],[5.42415443,43.47286796],[5.421572,43.47317772],[5.42122203,43.47296771],[5.42021528,43.47177685],[5.41854064,43.47074941],[5.40958861,43.47038443],[5.40634769,43.47058065],[5.4067188,43.47106116],[5.40723448,43.47148176],[5.40802089,43.47196294],[5.41142221,43.47385045],[5.41124056,43.47414612],[5.41043746,43.47441782],[5.40889906,43.47457443],[5.40760686,43.47482546],[5.40799084,43.47611398],[5.40845445,43.47815232],[5.40857579,43.47939627],[5.40858882,43.48071014],[5.40850849,43.48209719],[5.4069176,43.49485019],[5.40672114,43.49683121],[5.40670372,43.49780282],[5.40676745,43.49876363],[5.40773893,43.49783925],[5.40929119,43.49599283],[5.40920077,43.49654931],[5.40902903,43.49684747],[5.40869357,43.49769383],[5.40860347,43.49808108],[5.40862895,43.49830554],[5.40916353,43.49872843],[5.40930051,43.49875149],[5.41031597,43.49840488],[5.41091574,43.49814131],[5.41145346,43.4977549],[5.41096929,43.49741372],[5.41168327,43.49710261],[5.41205186,43.49681087],[5.41221003,43.49695587],[5.41297778,43.49651213],[5.41307339,43.49622737],[5.41277143,43.49563191],[5.413192,43.49545963],[5.41341646,43.49529891],[5.41390371,43.49565442],[5.4143646,43.49532371],[5.41399338,43.49493412],[5.41421015,43.49482578],[5.41485926,43.49529649],[5.41527657,43.49504687],[5.41508818,43.49497725],[5.41475151,43.49467421],[5.41471704,43.49458947],[5.41499154,43.49432502],[5.41529271,43.49413649],[5.4157781,43.49462434],[5.4161128,43.4947627],[5.41625198,43.49486762],[5.41706694,43.49440119],[5.41747811,43.49477008],[5.41767079,43.49479458],[5.41843525,43.49418616],[5.41850592,43.49427909],[5.41991388,43.49380212],[5.42048556,43.49354903],[5.42060318,43.49364092],[5.4207296,43.4936777],[5.42114043,43.49362712],[5.42182537,43.49389086],[5.422032,43.49389435],[5.42452359,43.49349031],[5.42420586,43.49231826],[5.42418908,43.4920378],[5.42436719,43.49045681],[5.42469868,43.49043139],[5.42474511,43.49038895],[5.42490521,43.49002262],[5.42507685,43.48987116],[5.42552087,43.48928965],[5.42457388,43.48855744],[5.4247797,43.48150943],[5.424133,43.48147529],[5.42330677,43.48128764],[5.42337871,43.48041382],[5.42324414,43.480154],[5.42380858,43.47973273],[5.42412089,43.47942961],[5.42540677,43.47867625],[5.42617654,43.47805415],[5.4265933,43.47779549],[5.4270417,43.47758383],[5.4298552,43.47644967],[5.43098287,43.47590412],[5.43163182,43.4753792],[5.43205942,43.47511487],[5.43247497,43.47497503],[5.43255156,43.4748572],[5.43284451,43.4746823],[5.43296245,43.47457794],[5.43304719,43.4742439],[5.43321657,43.47395296]]]]},"bbox":[5.40634769,43.47038443,5.43321657,43.49876363]},{"type":"Feature","id":"fr-quartier-13001-c69a68c233ec","properties":{"id":"fr-quartier-13001-c69a68c233ec","kind":"quartier","name":"Mazarin","cityCode":"13001","cityName":"Aix-en-Provence","sourceType":"iris","sourceIds":["130010101"],"colorIndex":27,"center":[5.450312653655497,43.52547763412038]},"geometry":{"type":"MultiPolygon","coordinates":[[[[5.44741596,43.52392996],[5.44689254,43.52392646],[5.44658186,43.52386416],[5.44648945,43.52407598],[5.44616044,43.52567486],[5.44606286,43.52596871],[5.44594424,43.5260884],[5.44570443,43.52620903],[5.44571624,43.52634108],[5.44852249,43.52670085],[5.44857457,43.52676179],[5.44867152,43.52671459],[5.44981096,43.5268608],[5.44982303,43.52691183],[5.44988976,43.52693913],[5.44998548,43.52689196],[5.45060365,43.52696981],[5.45066937,43.52703134],[5.45075269,43.52698355],[5.45132382,43.52706066],[5.4513428,43.52698372],[5.45218761,43.52706724],[5.45222189,43.52697195],[5.45357769,43.52665145],[5.45462335,43.52648467],[5.45496452,43.52639144],[5.45503589,43.52563009],[5.4549413,43.52547201],[5.45436114,43.52509627],[5.45431479,43.52490919],[5.45439982,43.52478574],[5.45424487,43.52483605],[5.4538942,43.52479358],[5.45315223,43.52439449],[5.4529455,43.52433345],[5.45122602,43.52410228],[5.45048893,43.52401991],[5.44741596,43.52392996]]]]},"bbox":[5.44570443,43.52386416,5.45503589,43.52706724]},{"type":"Feature","id":"fr-quartier-13001-8635adb14456","properties":{"id":"fr-quartier-13001-8635adb14456","kind":"quartier","name":"Minimes","cityCode":"13001","cityName":"Aix-en-Provence","sourceType":"iris","sourceIds":["130010605"],"colorIndex":28,"center":[5.434150574525243,43.533378139810054]},"geometry":{"type":"MultiPolygon","coordinates":[[[[5.43281875,43.53940869],[5.43332743,43.53903182],[5.43367443,43.53872339],[5.43409464,43.53812796],[5.43738981,43.5321832],[5.43911777,43.52908476],[5.43878212,43.52910491],[5.4364687,43.52872752],[5.4363387,43.52930833],[5.43539141,43.53028016],[5.43526943,43.5302919],[5.4352176,43.53035337],[5.43511035,43.53033327],[5.43383024,43.53054653],[5.4335036,43.53066277],[5.43324717,43.53080085],[5.43265387,43.53122282],[5.43237482,43.53132359],[5.43210187,43.53148093],[5.43084808,43.53173227],[5.42958892,43.53209083],[5.4299372,43.53277794],[5.4324754,43.53784652],[5.43272722,43.53865011],[5.43281875,43.53940869]]]]},"bbox":[5.42958892,43.52872752,5.43911777,43.53940869]},{"type":"Feature","id":"fr-quartier-13001-76ce93bab954","properties":{"id":"fr-quartier-13001-76ce93bab954","kind":"quartier","name":"Montaiguet","cityCode":"13001","cityName":"Aix-en-Provence","sourceType":"iris","sourceIds":["130010902"],"colorIndex":29,"center":[5.4348266133147405,43.49234561146374]},"geometry":{"type":"MultiPolygon","coordinates":[[[[5.4721703,43.51173328],[5.47042717,43.51212495],[5.46998475,43.51210442],[5.46955892,43.51186568],[5.4692157,43.51107416],[5.46875906,43.51066509],[5.46869368,43.51043884],[5.46949352,43.50881927],[5.46953138,43.50846285],[5.46942484,43.50819973],[5.46857575,43.50755025],[5.46830671,43.50718912],[5.46785791,43.50693289],[5.4674007,43.5069703],[5.46630448,43.50669908],[5.46552802,43.50667443],[5.46558207,43.50652198],[5.46547051,43.50596823],[5.46614597,43.50499422],[5.46619254,43.50429285],[5.46504058,43.5041048],[5.46475381,43.5039637],[5.4643956,43.50331024],[5.46440983,43.50286344],[5.46407775,43.50261715],[5.46352699,43.50194286],[5.46349986,43.50177155],[5.46361554,43.50158529],[5.46355429,43.50128153],[5.46390952,43.50071268],[5.46395358,43.50047134],[5.46371896,43.4994118],[5.46429873,43.49909078],[5.46439062,43.49866743],[5.46481793,43.498511],[5.46500347,43.49813772],[5.46552265,43.49793239],[5.46538408,43.49706601],[5.46546384,43.49673474],[5.46721973,43.49532569],[5.46804589,43.49452467],[5.46828027,43.49416648],[5.46831404,43.49385877],[5.46861534,43.49361967],[5.46870597,43.49342678],[5.46955117,43.49304118],[5.46984938,43.49278775],[5.47028408,43.49257442],[5.47084295,43.492],[5.47123337,43.49179217],[5.4690119,43.49010102],[5.46908724,43.48900564],[5.46813825,43.48907495],[5.46700554,43.48855075],[5.46615322,43.48793375],[5.46473985,43.48720618],[5.4642111,43.48681134],[5.46378325,43.48585703],[5.4633054,43.48520719],[5.46158985,43.48385816],[5.46082303,43.48275221],[5.45988122,43.48206249],[5.45951111,43.48210869],[5.45907917,43.48192316],[5.45868351,43.48145867],[5.45851832,43.48106456],[5.45818624,43.48081466],[5.45798967,43.47991809],[5.4577147,43.47950037],[5.45756664,43.47895735],[5.45673634,43.47824257],[5.45622715,43.47804168],[5.45568757,43.47750573],[5.45551541,43.47741062],[5.45514556,43.4774334],[5.45462746,43.47728401],[5.4542937,43.47728347],[5.45401718,43.47740764],[5.45398387,43.47761182],[5.45340146,43.4775485],[5.45311954,43.47763319],[5.45291742,43.47758916],[5.45271838,43.47744334],[5.45275903,43.47720839],[5.45246831,43.47699984],[5.45265246,43.47668063],[5.45259594,43.47631196],[5.45233087,43.4758931],[5.45215219,43.47579003],[5.45123271,43.47550298],[5.45051672,43.47546607],[5.45038778,43.47568861],[5.45008014,43.47574957],[5.44925023,43.47547579],[5.44893365,43.4751238],[5.4482349,43.47476603],[5.44779505,43.47439252],[5.44773641,43.47423452],[5.44744904,43.47427791],[5.44727693,43.47441592],[5.44698783,43.47444765],[5.4466482,43.47471545],[5.44653365,43.47391153],[5.44581247,43.47357766],[5.4452827,43.47318186],[5.44504882,43.47320424],[5.44502085,43.47330208],[5.44448232,43.47296138],[5.44442446,43.47279257],[5.44415036,43.47265383],[5.44343458,43.47267897],[5.44328708,43.47284342],[5.4429577,43.47268342],[5.44254681,43.47281599],[5.441965,43.47285251],[5.44185311,43.47149856],[5.43729472,43.47143284],[5.43321657,43.47395296],[5.43304719,43.4742439],[5.43296245,43.47457794],[5.43284451,43.4746823],[5.43255156,43.4748572],[5.43247497,43.47497503],[5.43205942,43.47511487],[5.43163182,43.4753792],[5.43098287,43.47590412],[5.4298552,43.47644967],[5.4270417,43.47758383],[5.4265933,43.47779549],[5.42617654,43.47805415],[5.42540677,43.47867625],[5.42412089,43.47942961],[5.42380858,43.47973273],[5.42324414,43.480154],[5.42337871,43.48041382],[5.42330677,43.48128764],[5.424133,43.48147529],[5.4247797,43.48150943],[5.42457388,43.48855744],[5.42552087,43.48928965],[5.42507685,43.48987116],[5.42490521,43.49002262],[5.42474511,43.49038895],[5.42469868,43.49043139],[5.42436719,43.49045681],[5.42418908,43.4920378],[5.42420586,43.49231826],[5.42452359,43.49349031],[5.422032,43.49389435],[5.42182537,43.49389086],[5.42114043,43.49362712],[5.4207296,43.4936777],[5.42060318,43.49364092],[5.42048556,43.49354903],[5.41991388,43.49380212],[5.41850592,43.49427909],[5.41843525,43.49418616],[5.41767079,43.49479458],[5.41747811,43.49477008],[5.41706694,43.49440119],[5.41625198,43.49486762],[5.4161128,43.4947627],[5.4157781,43.49462434],[5.41529271,43.49413649],[5.41499154,43.49432502],[5.41471704,43.49458947],[5.41475151,43.49467421],[5.41508818,43.49497725],[5.41527657,43.49504687],[5.41485926,43.49529649],[5.41421015,43.49482578],[5.41399338,43.49493412],[5.4143646,43.49532371],[5.41390371,43.49565442],[5.41341646,43.49529891],[5.413192,43.49545963],[5.41277143,43.49563191],[5.41307339,43.49622737],[5.41297778,43.49651213],[5.41221003,43.49695587],[5.41205186,43.49681087],[5.41168327,43.49710261],[5.41096929,43.49741372],[5.41145346,43.4977549],[5.41091574,43.49814131],[5.41031597,43.49840488],[5.40930051,43.49875149],[5.40916353,43.49872843],[5.40862895,43.49830554],[5.40860347,43.49808108],[5.40869357,43.49769383],[5.40902903,43.49684747],[5.40920077,43.49654931],[5.40929119,43.49599283],[5.40773893,43.49783925],[5.40676745,43.49876363],[5.40670372,43.49780282],[5.40672114,43.49683121],[5.4069176,43.49485019],[5.40850849,43.48209719],[5.40858882,43.48071014],[5.40857579,43.47939627],[5.40845445,43.47815232],[5.40799084,43.47611398],[5.40760686,43.47482546],[5.40889906,43.47457443],[5.41043746,43.47441782],[5.41124056,43.47414612],[5.41142221,43.47385045],[5.40802089,43.47196294],[5.40723448,43.47148176],[5.4067188,43.47106116],[5.40634769,43.47058065],[5.40409416,43.47071616],[5.40384147,43.47043644],[5.40364691,43.47048306],[5.40337923,43.47061321],[5.40046155,43.47209912],[5.39993105,43.4723881],[5.39936187,43.47284625],[5.39926907,43.47275469],[5.39910405,43.47273944],[5.39725711,43.4736768],[5.39703911,43.47366542],[5.39663378,43.47345926],[5.39640628,43.47345709],[5.39623898,43.4735058],[5.39227054,43.47511372],[5.39212397,43.47521506],[5.39210002,43.475293],[5.39257002,43.47586499],[5.39292978,43.47649072],[5.39331192,43.47830678],[5.39363606,43.47932304],[5.39408334,43.47970471],[5.39505954,43.48115121],[5.39587985,43.48211869],[5.39603966,43.48224568],[5.39673638,43.48312408],[5.39764521,43.48443434],[5.39900664,43.48660588],[5.39937943,43.48703688],[5.39996028,43.48744708],[5.40016105,43.48775497],[5.40081802,43.48853702],[5.4010893,43.48896397],[5.40110604,43.48930564],[5.40089332,43.49019156],[5.40072753,43.49131316],[5.40056098,43.49191362],[5.4006515,43.49298545],[5.40073385,43.49326987],[5.40089242,43.49333656],[5.40109248,43.49353826],[5.40125481,43.49393161],[5.40128397,43.49459975],[5.40116642,43.49551507],[5.40130726,43.49583779],[5.40161629,43.49707851],[5.40196029,43.49785399],[5.40241473,43.49860902],[5.40276194,43.49966797],[5.40298605,43.49997084],[5.4025017,43.49992036],[5.40166049,43.4999408],[5.39851633,43.50344343],[5.39803959,43.50378342],[5.39781523,43.50380008],[5.39744825,43.50365878],[5.39727147,43.50368969],[5.39689974,43.50361239],[5.39627673,43.50355865],[5.39608247,43.50364486],[5.39596377,43.5038527],[5.39581155,43.50399829],[5.39687271,43.50456531],[5.39776895,43.50494336],[5.39911678,43.50544462],[5.40029672,43.50580466],[5.40088855,43.50594008],[5.40158917,43.50604518],[5.4029047,43.50612766],[5.40693852,43.50624253],[5.40933338,43.50622986],[5.41199029,43.50600788],[5.41230131,43.50593435],[5.41327815,43.50596123],[5.4139699,43.50608985],[5.414791,43.50641272],[5.41538548,43.50681624],[5.41580795,43.50715788],[5.41595333,43.50743908],[5.41606265,43.50750956],[5.41620329,43.50753073],[5.41637134,43.50749818],[5.41713977,43.50774389],[5.41755027,43.50783016],[5.42050527,43.50819541],[5.42104917,43.50818957],[5.42316136,43.50804068],[5.42492933,43.50805787],[5.42550469,43.5080063],[5.42575205,43.50791886],[5.42616561,43.50796001],[5.42749073,43.50779894],[5.42820513,43.50784776],[5.42853165,43.50790706],[5.42912693,43.50809266],[5.43202824,43.50946605],[5.43253379,43.50963473],[5.43245427,43.50842854],[5.43342142,43.50842935],[5.43331344,43.50713558],[5.43486411,43.50684064],[5.43513059,43.50670863],[5.43581984,43.50648523],[5.43596255,43.50652613],[5.43612196,43.50646494],[5.43679075,43.50689638],[5.43771328,43.50634187],[5.43778529,43.50626104],[5.43780642,43.50608864],[5.43793777,43.50600737],[5.43824227,43.50601403],[5.43856016,43.50642364],[5.43870258,43.50651585],[5.44070673,43.5073484],[5.44098615,43.50699736],[5.44138615,43.50715578],[5.44120113,43.5075164],[5.4413095,43.50762198],[5.4415403,43.50764018],[5.44167596,43.50757322],[5.44242211,43.50787417],[5.44263488,43.50790448],[5.44281888,43.50746197],[5.44297667,43.50721718],[5.44349244,43.50675369],[5.44387379,43.50615371],[5.44418551,43.50577763],[5.44449633,43.50511892],[5.445097,43.50447169],[5.44521573,43.50412336],[5.44530863,43.50337145],[5.44628677,43.50412621],[5.44801094,43.50599109],[5.44849829,43.50637075],[5.44915625,43.50677806],[5.45000638,43.50716752],[5.45120898,43.50758591],[5.45140684,43.50677401],[5.45208126,43.50692889],[5.45288218,43.50735275],[5.45260508,43.50813314],[5.4532453,43.50850032],[5.45386841,43.50892999],[5.45457793,43.50976097],[5.45489578,43.51028216],[5.45508674,43.5107279],[5.45523087,43.51135114],[5.45525789,43.51195453],[5.45880234,43.51206506],[5.46140276,43.51222481],[5.46313437,43.51237093],[5.46576802,43.51267025],[5.46935896,43.51299722],[5.47148967,43.51310441],[5.47248348,43.51248676],[5.4721703,43.51173328]]]]},"bbox":[5.39210002,43.47043644,5.47248348,43.51310441]},{"type":"Feature","id":"fr-quartier-13001-1bad3a490b36","properties":{"id":"fr-quartier-13001-1bad3a490b36","kind":"quartier","name":"Pigonnet","cityCode":"13001","cityName":"Aix-en-Provence","sourceType":"iris","sourceIds":["130010305"],"colorIndex":30,"center":[5.439764897975075,43.518334418652266]},"geometry":{"type":"MultiPolygon","coordinates":[[[[5.44242338,43.52346818],[5.4425119,43.52336808],[5.44249441,43.52327665],[5.44239777,43.52321492],[5.44293033,43.51793618],[5.44256111,43.51364542],[5.44251542,43.51338541],[5.44240631,43.51317543],[5.4420983,43.51317427],[5.44149415,43.51327698],[5.44060823,43.51347245],[5.4403111,43.51355295],[5.44026532,43.51361069],[5.44017937,43.51359642],[5.44006509,43.51364309],[5.43974511,43.51379702],[5.43762239,43.51504283],[5.43649543,43.51562173],[5.4363102,43.51574561],[5.43618559,43.51589873],[5.43517038,43.51753908],[5.43533427,43.51781625],[5.43577474,43.51837344],[5.43625375,43.51922682],[5.4369916,43.5201455],[5.43744726,43.52088508],[5.43785866,43.52165986],[5.438169,43.52244321],[5.43876509,43.52331375],[5.4387218,43.52354696],[5.43878779,43.52364449],[5.4389095,43.52368496],[5.4390864,43.52365578],[5.4391562,43.5235516],[5.43912701,43.52344694],[5.43932173,43.52337145],[5.44009972,43.52331074],[5.44038044,43.52333773],[5.44048595,43.52325885],[5.44056538,43.52326516],[5.44065982,43.52333325],[5.4409142,43.52326451],[5.44176222,43.52325083],[5.44213083,43.52330824],[5.44211369,43.52337074],[5.44220483,43.52347761],[5.44242338,43.52346818]]]]},"bbox":[5.43517038,43.51317427,5.44293033,43.52368496]},{"type":"Feature","id":"fr-quartier-13001-3ca7ee894e58","properties":{"id":"fr-quartier-13001-3ca7ee894e58","kind":"quartier","name":"Pinette","cityCode":"13001","cityName":"Aix-en-Provence","sourceType":"iris","sourceIds":["130010403"],"colorIndex":31,"center":[5.465161162752169,43.536898216846275]},"geometry":{"type":"MultiPolygon","coordinates":[[[[5.45759482,43.5361976],[5.45708283,43.53825706],[5.45699066,43.53896577],[5.45728451,43.53880609],[5.45844201,43.53919485],[5.4587673,43.53910466],[5.459362,43.54013357],[5.45943909,43.54022904],[5.4594977,43.54023942],[5.46037782,43.54004483],[5.46063384,43.53845384],[5.46366153,43.53836353],[5.46473843,43.53825716],[5.46488428,43.53871473],[5.46655647,43.53843819],[5.46691759,43.53826075],[5.46732119,43.53794912],[5.46740564,43.53792739],[5.4681896,43.53805899],[5.4684337,43.53798053],[5.46869825,43.53840659],[5.46927553,43.5381342],[5.46956022,43.53805031],[5.46992493,43.53804291],[5.47027677,43.53808171],[5.4703672,43.53805534],[5.47086491,43.538522],[5.47118606,43.53871002],[5.4716928,43.53812147],[5.47255146,43.53809111],[5.47300182,43.53820507],[5.47304123,43.53794222],[5.47314196,43.5377815],[5.47331824,43.53785219],[5.47352238,43.53802397],[5.47367555,43.53770182],[5.47373002,43.53744403],[5.47341469,43.53644304],[5.47317953,43.53621165],[5.47294199,43.53612615],[5.47184759,43.53593955],[5.47172172,43.53580379],[5.47138367,43.53562516],[5.4700967,43.53567877],[5.46952558,43.53566206],[5.46925544,43.5355953],[5.46866527,43.53533688],[5.46819647,43.53496587],[5.46797023,43.53479729],[5.46766271,43.53463775],[5.46725086,43.53446889],[5.46648627,43.53423963],[5.46492101,43.53400695],[5.46370473,43.53374652],[5.46295858,43.53374456],[5.46290901,43.53385821],[5.46298996,43.53407241],[5.46292597,43.53491731],[5.46287752,43.53505703],[5.4627483,43.5352175],[5.46263909,43.53639288],[5.4605251,43.53632022],[5.46000649,43.5364607],[5.45994603,43.53652239],[5.45992828,43.53665691],[5.45972349,43.53681548],[5.45869666,43.53673254],[5.45853459,43.53661739],[5.45842856,43.53659729],[5.45842714,43.53653521],[5.45759482,43.5361976]]]]},"bbox":[5.45699066,43.53374456,5.47373002,43.54023942]},{"type":"Feature","id":"fr-quartier-13001-c02b18047730","properties":{"id":"fr-quartier-13001-c02b18047730","kind":"quartier","name":"Plateau Nord-Puyricard","cityCode":"13001","cityName":"Aix-en-Provence","sourceType":"iris","sourceIds":["130010802"],"colorIndex":32,"center":[5.402394693672644,43.60163587144353]},"geometry":{"type":"MultiPolygon","coordinates":[[[[5.37104255,43.57424163],[5.37131373,43.57460207],[5.37135964,43.57481441],[5.37124813,43.57490236],[5.37029312,43.57516175],[5.36900124,43.57592897],[5.36683274,43.57657667],[5.3659488,43.57720984],[5.36395711,43.57809396],[5.36310755,43.57869125],[5.36132608,43.57936011],[5.36205606,43.58015888],[5.36240578,43.58068326],[5.36263272,43.58144345],[5.36337111,43.58217451],[5.36574438,43.58345417],[5.36658255,43.58360063],[5.36706165,43.58347767],[5.36723765,43.58336131],[5.36739878,43.58345502],[5.36749521,43.58378147],[5.36724834,43.5840407],[5.36671761,43.5842332],[5.3656941,43.58427711],[5.36407014,43.58408383],[5.3635307,43.58412528],[5.36316796,43.58424749],[5.36135229,43.585504],[5.36020408,43.58652094],[5.35880038,43.58819242],[5.35800096,43.58892991],[5.35727591,43.58912658],[5.35349399,43.58934273],[5.35220081,43.58984963],[5.35123357,43.59006051],[5.35068433,43.59004539],[5.34835935,43.58973203],[5.34607701,43.58958242],[5.34551167,43.58987008],[5.34255889,43.59195375],[5.3416489,43.59165742],[5.3397507,43.59169653],[5.33737088,43.59207363],[5.33611486,43.59252463],[5.33453344,43.59277107],[5.34148992,43.59838322],[5.34661086,43.60036468],[5.34791419,43.60097653],[5.35154805,43.60003017],[5.35682408,43.60278915],[5.36317723,43.61327855],[5.36742254,43.61995907],[5.36743687,43.62012619],[5.36586797,43.62363506],[5.36589362,43.62374613],[5.36552118,43.62427004],[5.36528733,43.62484945],[5.37027627,43.62535827],[5.37319321,43.62583382],[5.37659967,43.62597992],[5.3805147,43.62521188],[5.38114148,43.62514594],[5.38488055,43.62557255],[5.38804459,43.62516369],[5.38988408,43.62484869],[5.39196054,43.62418457],[5.39379669,43.62340508],[5.39962172,43.62170937],[5.40335801,43.62156828],[5.40471361,43.62189296],[5.40861222,43.62254838],[5.41135226,43.62270185],[5.41347425,43.62356844],[5.41597854,43.62286015],[5.41730351,43.62230857],[5.42106763,43.62053689],[5.42256099,43.61995538],[5.42403343,43.62269066],[5.43158663,43.62024619],[5.43484959,43.62077985],[5.43656718,43.6209583],[5.43938847,43.62141892],[5.4406956,43.62156061],[5.44162468,43.62175758],[5.44386751,43.62198893],[5.44661641,43.62255091],[5.4491541,43.62295375],[5.44927987,43.62273577],[5.4492573,43.62226546],[5.44955646,43.62111725],[5.44959509,43.62054205],[5.45176705,43.61653664],[5.45268544,43.61613693],[5.45383639,43.61616315],[5.4568772,43.61741144],[5.4589641,43.61796737],[5.46161191,43.61516447],[5.46378536,43.61369827],[5.46328567,43.6119875],[5.463494,43.60798225],[5.46364829,43.60704614],[5.46489911,43.60265447],[5.46432645,43.60131986],[5.46422203,43.60064798],[5.46430719,43.5995739],[5.46420852,43.59918005],[5.46397199,43.59877763],[5.4638453,43.59885612],[5.46362766,43.59889346],[5.46261208,43.59889669],[5.46171735,43.59897368],[5.46032284,43.59895037],[5.45992964,43.59885125],[5.45925873,43.59863059],[5.45880941,43.59843552],[5.45843749,43.59834131],[5.45801915,43.59832017],[5.45690028,43.59842741],[5.45639432,43.59838484],[5.45527633,43.59793391],[5.45493487,43.59774088],[5.4547112,43.5975506],[5.45488333,43.59734686],[5.45507553,43.59688882],[5.45580024,43.59425827],[5.45649221,43.59051761],[5.45454357,43.58955075],[5.45412625,43.58946477],[5.4477332,43.58870796],[5.44605726,43.58861339],[5.44542041,43.5884612],[5.44391288,43.58822058],[5.44080097,43.58793589],[5.44050158,43.58788501],[5.43918944,43.5875202],[5.43851703,43.58740478],[5.43807952,43.5873966],[5.43716946,43.58763397],[5.43681279,43.58763387],[5.43619755,43.58755226],[5.43603518,43.58859921],[5.43576937,43.58980602],[5.43498225,43.59250353],[5.43514647,43.59263757],[5.43509437,43.59266485],[5.43326085,43.592507],[5.43112622,43.59225774],[5.42800611,43.59207549],[5.42798637,43.59222356],[5.42730426,43.59261149],[5.42473948,43.59331961],[5.42466704,43.59339324],[5.42453922,43.59379758],[5.42479551,43.59464523],[5.42475286,43.5947497],[5.42464414,43.59478544],[5.42334248,43.59505124],[5.42316472,43.59480135],[5.42294272,43.59394393],[5.42280222,43.59387235],[5.42258806,43.59384562],[5.42241488,43.59388009],[5.42224174,43.5941207],[5.42229792,43.59477658],[5.42216182,43.59530802],[5.42184114,43.59560413],[5.4213029,43.59591049],[5.42089971,43.59657031],[5.42081774,43.59724008],[5.42075262,43.59728204],[5.42059975,43.59729895],[5.42022833,43.59609918],[5.42029245,43.59571067],[5.41936626,43.59574661],[5.41930261,43.59555899],[5.41923999,43.59492575],[5.41926225,43.5946606],[5.4193858,43.59433018],[5.41959398,43.59400958],[5.4196673,43.59372169],[5.419646,43.59348092],[5.41941247,43.59270116],[5.4192232,43.59255955],[5.4180766,43.59244825],[5.41767472,43.59228707],[5.41782669,43.59154373],[5.41782843,43.59090907],[5.41794954,43.59049139],[5.41783831,43.58970351],[5.41804514,43.58823431],[5.41728894,43.58830426],[5.41593532,43.58830377],[5.41591644,43.58817907],[5.41605427,43.58774662],[5.4159416,43.58745296],[5.41541706,43.58705415],[5.41463851,43.58662228],[5.41261422,43.58572028],[5.4109163,43.5852755],[5.41035017,43.58524126],[5.41021335,43.58519749],[5.40985314,43.58472929],[5.40967984,43.58417052],[5.40933706,43.58367493],[5.4086862,43.58289002],[5.4086805,43.5826363],[5.40927596,43.58092176],[5.40932072,43.58069033],[5.4093429,43.57977346],[5.40947327,43.57910354],[5.4096667,43.57872658],[5.40971712,43.57848242],[5.41038824,43.57706776],[5.41041371,43.57687815],[5.40872313,43.57722083],[5.40796333,43.57723138],[5.40735281,43.5771702],[5.40704796,43.57710495],[5.4028867,43.57536618],[5.40162577,43.57526536],[5.39995299,43.57481986],[5.39933081,43.57471569],[5.39834706,43.5746105],[5.39702727,43.57413735],[5.39621254,43.5739582],[5.39393057,43.57303457],[5.3934877,43.57292461],[5.3928301,43.57297961],[5.39195265,43.57289903],[5.39177165,43.57295252],[5.39157111,43.57292364],[5.39110313,43.57313198],[5.39094368,43.5731679],[5.38340928,43.57774343],[5.38275573,43.57780818],[5.38265321,43.57781403],[5.3838576,43.57706027],[5.38350645,43.57668451],[5.38148747,43.57714288],[5.38119275,43.57696302],[5.38090739,43.57685945],[5.3803542,43.57653762],[5.38007674,43.57632587],[5.37999516,43.57620974],[5.38006042,43.57587255],[5.37999153,43.57564452],[5.37965939,43.57521882],[5.37942016,43.57509264],[5.37915932,43.57501284],[5.37885791,43.57499964],[5.37779361,43.57531011],[5.37743578,43.57545927],[5.37687914,43.57583062],[5.3754546,43.57659182],[5.37526167,43.57593892],[5.37542362,43.57587327],[5.37459077,43.57357899],[5.37104255,43.57424163]]]]},"bbox":[5.33453344,43.57289903,5.46489911,43.62597992]},{"type":"Feature","id":"fr-quartier-13001-ae8ad18d290c","properties":{"id":"fr-quartier-13001-ae8ad18d290c","kind":"quartier","name":"Pont de Béraud","cityCode":"13001","cityName":"Aix-en-Provence","sourceType":"iris","sourceIds":["130010402"],"colorIndex":33,"center":[5.460682255882116,43.532793382620596]},"geometry":{"type":"MultiPolygon","coordinates":[[[[5.46819647,43.53496587],[5.46836215,43.53490539],[5.46780493,43.53431946],[5.46792062,43.53424752],[5.46938379,43.53259484],[5.46660095,43.53365461],[5.46554025,43.53214755],[5.46515477,43.53184305],[5.46501418,43.53147898],[5.46467063,43.53088278],[5.46384424,43.53024984],[5.46373307,43.5304846],[5.46219473,43.53029989],[5.46190046,43.52969806],[5.46163277,43.52867705],[5.46110494,43.52828306],[5.45945126,43.52780117],[5.45899239,43.52887286],[5.45880801,43.52965207],[5.45883928,43.53006453],[5.45904089,43.53067027],[5.45880534,43.53051448],[5.45865694,43.53051604],[5.45804612,43.53032195],[5.45755509,43.53029616],[5.45731812,43.53033844],[5.45588392,43.53166264],[5.45548954,43.53216125],[5.45548172,43.53299137],[5.45564704,43.53361684],[5.45560808,43.53415241],[5.45570313,43.53458144],[5.45613012,43.53481571],[5.45657486,43.53514681],[5.45710546,43.53577841],[5.45759482,43.5361976],[5.45842714,43.53653521],[5.45842856,43.53659729],[5.45853459,43.53661739],[5.45869666,43.53673254],[5.45972349,43.53681548],[5.45992828,43.53665691],[5.45994603,43.53652239],[5.46000649,43.5364607],[5.4605251,43.53632022],[5.46263909,43.53639288],[5.4627483,43.5352175],[5.46287752,43.53505703],[5.46292597,43.53491731],[5.46298996,43.53407241],[5.46290901,43.53385821],[5.46295858,43.53374456],[5.46370473,43.53374652],[5.46492101,43.53400695],[5.46648627,43.53423963],[5.46725086,43.53446889],[5.46766271,43.53463775],[5.46797023,43.53479729],[5.46819647,43.53496587]]]]},"bbox":[5.45548172,43.52780117,5.46938379,43.53681548]},{"type":"Feature","id":"fr-quartier-13001-5a8e914a2ac0","properties":{"id":"fr-quartier-13001-5a8e914a2ac0","kind":"quartier","name":"Pont de l'Arc-La Parade","cityCode":"13001","cityName":"Aix-en-Provence","sourceType":"iris","sourceIds":["130010901"],"colorIndex":34,"center":[5.431980703312854,43.51065999097679]},"geometry":{"type":"MultiPolygon","coordinates":[[[[5.45525789,43.51195453],[5.45523087,43.51135114],[5.45508674,43.5107279],[5.45489578,43.51028216],[5.45457793,43.50976097],[5.45386841,43.50892999],[5.4532453,43.50850032],[5.45260508,43.50813314],[5.45288218,43.50735275],[5.45208126,43.50692889],[5.45140684,43.50677401],[5.45120898,43.50758591],[5.45000638,43.50716752],[5.44915625,43.50677806],[5.44849829,43.50637075],[5.44801094,43.50599109],[5.44628677,43.50412621],[5.44530863,43.50337145],[5.44521573,43.50412336],[5.445097,43.50447169],[5.44449633,43.50511892],[5.44418551,43.50577763],[5.44387379,43.50615371],[5.44349244,43.50675369],[5.44297667,43.50721718],[5.44281888,43.50746197],[5.44263488,43.50790448],[5.44242211,43.50787417],[5.44167596,43.50757322],[5.4415403,43.50764018],[5.4413095,43.50762198],[5.44120113,43.5075164],[5.44138615,43.50715578],[5.44098615,43.50699736],[5.44070673,43.5073484],[5.43870258,43.50651585],[5.43856016,43.50642364],[5.43824227,43.50601403],[5.43793777,43.50600737],[5.43780642,43.50608864],[5.43778529,43.50626104],[5.43771328,43.50634187],[5.43679075,43.50689638],[5.43612196,43.50646494],[5.43596255,43.50652613],[5.43581984,43.50648523],[5.43513059,43.50670863],[5.43486411,43.50684064],[5.43331344,43.50713558],[5.43342142,43.50842935],[5.43245427,43.50842854],[5.43253379,43.50963473],[5.43202824,43.50946605],[5.42912693,43.50809266],[5.42853165,43.50790706],[5.42820513,43.50784776],[5.42749073,43.50779894],[5.42616561,43.50796001],[5.42575205,43.50791886],[5.42550469,43.5080063],[5.42492933,43.50805787],[5.42316136,43.50804068],[5.42104917,43.50818957],[5.42050527,43.50819541],[5.41755027,43.50783016],[5.41713977,43.50774389],[5.41637134,43.50749818],[5.41620329,43.50753073],[5.41606265,43.50750956],[5.41595333,43.50743908],[5.41580795,43.50715788],[5.41538548,43.50681624],[5.414791,43.50641272],[5.4139699,43.50608985],[5.41327815,43.50596123],[5.41230131,43.50593435],[5.41199029,43.50600788],[5.40933338,43.50622986],[5.40693852,43.50624253],[5.40689296,43.50642447],[5.40823741,43.50651794],[5.40848297,43.5065935],[5.40866372,43.50760122],[5.40881803,43.50791914],[5.408805,43.50805085],[5.40867537,43.50826256],[5.40876853,43.50841981],[5.40894401,43.50941955],[5.40906148,43.50974369],[5.40921548,43.509995],[5.41008602,43.5109649],[5.41001305,43.51170193],[5.41079647,43.51168542],[5.41129531,43.51163652],[5.41451889,43.51120835],[5.41600685,43.51115272],[5.41746592,43.51132183],[5.41827673,43.51151529],[5.4189814,43.51174351],[5.41954279,43.51197582],[5.42013457,43.51225426],[5.42146364,43.51300591],[5.42371488,43.51395028],[5.4246647,43.51453484],[5.42547294,43.51522247],[5.42583019,43.51562765],[5.42627062,43.51624519],[5.42668397,43.51715858],[5.4268784,43.5182182],[5.4268491,43.51887145],[5.4267607,43.5193262],[5.42643543,43.52058647],[5.42641845,43.52161931],[5.42678189,43.52161388],[5.42737623,43.5217446],[5.42820849,43.51969076],[5.42845535,43.5188004],[5.42950358,43.51837456],[5.43026506,43.51801275],[5.43104607,43.51758659],[5.43170721,43.51716311],[5.43287657,43.51638617],[5.43595844,43.51418817],[5.43741634,43.51330569],[5.43861701,43.51277462],[5.43999086,43.51236117],[5.44149862,43.5120725],[5.44245452,43.51195286],[5.44458143,43.51179873],[5.44661832,43.51173839],[5.45066001,43.51193789],[5.45457242,43.51206366],[5.45455187,43.51282744],[5.45459946,43.51327554],[5.4545461,43.51327134],[5.45442939,43.51355033],[5.45390182,43.51422927],[5.45421901,43.51432921],[5.45471807,43.51367792],[5.45500064,43.51314134],[5.4551951,43.51254014],[5.45525789,43.51195453]]]]},"bbox":[5.40689296,43.50337145,5.45525789,43.5217446]},{"type":"Feature","id":"fr-quartier-13001-23391f7b7175","properties":{"id":"fr-quartier-13001-23391f7b7175","kind":"quartier","name":"Puyricard Village","cityCode":"13001","cityName":"Aix-en-Provence","sourceType":"iris","sourceIds":["130010803"],"colorIndex":35,"center":[5.423506701758404,43.58302278035558]},"geometry":{"type":"MultiPolygon","coordinates":[[[[5.43198369,43.57713261],[5.43057685,43.57680494],[5.42971133,43.57651195],[5.42349755,43.57385849],[5.422484,43.57351744],[5.4213545,43.57321587],[5.42019252,43.57299513],[5.41811583,43.57272094],[5.41727437,43.57264336],[5.41628863,43.57260859],[5.41553894,43.57262258],[5.41435785,43.57271186],[5.41285111,43.57294789],[5.41210803,43.57311923],[5.4093535,43.57389153],[5.40930915,43.57460454],[5.4093514,43.57525713],[5.40991388,43.576062],[5.41041371,43.57687815],[5.41038824,43.57706776],[5.40971712,43.57848242],[5.4096667,43.57872658],[5.40947327,43.57910354],[5.4093429,43.57977346],[5.40932072,43.58069033],[5.40927596,43.58092176],[5.4086805,43.5826363],[5.4086862,43.58289002],[5.40933706,43.58367493],[5.40967984,43.58417052],[5.40985314,43.58472929],[5.41021335,43.58519749],[5.41035017,43.58524126],[5.4109163,43.5852755],[5.41261422,43.58572028],[5.41463851,43.58662228],[5.41541706,43.58705415],[5.4159416,43.58745296],[5.41605427,43.58774662],[5.41591644,43.58817907],[5.41593532,43.58830377],[5.41728894,43.58830426],[5.41804514,43.58823431],[5.41783831,43.58970351],[5.41794954,43.59049139],[5.41782843,43.59090907],[5.41782669,43.59154373],[5.41767472,43.59228707],[5.4180766,43.59244825],[5.4192232,43.59255955],[5.41941247,43.59270116],[5.419646,43.59348092],[5.4196673,43.59372169],[5.41959398,43.59400958],[5.4193858,43.59433018],[5.41926225,43.5946606],[5.41923999,43.59492575],[5.41930261,43.59555899],[5.41936626,43.59574661],[5.42029245,43.59571067],[5.42022833,43.59609918],[5.42059975,43.59729895],[5.42075262,43.59728204],[5.42081774,43.59724008],[5.42089971,43.59657031],[5.4213029,43.59591049],[5.42184114,43.59560413],[5.42216182,43.59530802],[5.42229792,43.59477658],[5.42224174,43.5941207],[5.42241488,43.59388009],[5.42258806,43.59384562],[5.42280222,43.59387235],[5.42294272,43.59394393],[5.42316472,43.59480135],[5.42334248,43.59505124],[5.42464414,43.59478544],[5.42475286,43.5947497],[5.42479551,43.59464523],[5.42453922,43.59379758],[5.42466704,43.59339324],[5.42473948,43.59331961],[5.42730426,43.59261149],[5.42798637,43.59222356],[5.42800611,43.59207549],[5.43112622,43.59225774],[5.43326085,43.592507],[5.43509437,43.59266485],[5.43514647,43.59263757],[5.43498225,43.59250353],[5.43576937,43.58980602],[5.43603518,43.58859921],[5.43619755,43.58755226],[5.43639064,43.58658743],[5.4366848,43.58566984],[5.43691288,43.58468352],[5.43731349,43.58332786],[5.43758496,43.58263493],[5.43815035,43.58142769],[5.43919543,43.57874689],[5.43923565,43.57855695],[5.4391094,43.57838335],[5.43917164,43.57830363],[5.43914135,43.57802796],[5.43441157,43.57747788],[5.43198369,43.57713261]]]]},"bbox":[5.4086805,43.57260859,5.43923565,43.59729895]},{"type":"Feature","id":"fr-quartier-13001-09d84bc95c45","properties":{"id":"fr-quartier-13001-09d84bc95c45","kind":"quartier","name":"Rocher du Dragon-Verte Colline","cityCode":"13001","cityName":"Aix-en-Provence","sourceType":"iris","sourceIds":["130010503"],"colorIndex":36,"center":[5.438983476525617,43.53608172673485]},"geometry":{"type":"MultiPolygon","coordinates":[[[[5.43738981,43.5321832],[5.43409464,43.53812796],[5.43367443,43.53872339],[5.43332743,43.53903182],[5.43348379,43.53898421],[5.43363903,43.53902663],[5.43324806,43.53972852],[5.43409884,43.53992007],[5.43414617,43.5398398],[5.43458323,43.53993351],[5.4357048,43.53979942],[5.43674377,43.53990572],[5.43657723,43.54006339],[5.43744106,43.54006649],[5.43750264,43.53991388],[5.43858896,43.5400569],[5.43884437,43.54024379],[5.43834936,43.53904781],[5.43777484,43.53813536],[5.43774226,43.53763021],[5.43832328,43.53773417],[5.43940211,43.53752719],[5.43981418,43.5373532],[5.43982881,43.53720254],[5.44136297,43.53714103],[5.44194522,43.53707032],[5.44210151,43.53699209],[5.44363064,43.53672542],[5.44474186,43.53666979],[5.44488447,43.53597975],[5.44551884,43.53460532],[5.44567754,43.53455494],[5.44557742,43.53444108],[5.44584198,43.53359347],[5.44556758,43.53368697],[5.44501815,43.53429525],[5.44490874,43.53434093],[5.44480812,43.53433149],[5.44358574,43.53407098],[5.44117693,43.53331777],[5.4389252,43.5327365],[5.43784357,43.53238004],[5.43738981,43.5321832]]]]},"bbox":[5.43324806,43.5321832,5.44584198,43.54024379]},{"type":"Feature","id":"fr-quartier-13001-5e3cc874fbb4","properties":{"id":"fr-quartier-13001-5e3cc874fbb4","kind":"quartier","name":"Saint-Eutrope","cityCode":"13001","cityName":"Aix-en-Provence","sourceType":"iris","sourceIds":["130010502"],"colorIndex":37,"center":[5.449050274768572,43.541956622586454]},"geometry":{"type":"MultiPolygon","coordinates":[[[[5.44629358,43.5394028],[5.44583331,43.54021701],[5.44577042,43.54051278],[5.44585163,43.5413445],[5.44580836,43.54166503],[5.44546303,43.54238934],[5.4454316,43.54255208],[5.4453573,43.54257985],[5.44534322,43.54262698],[5.44542417,43.54269717],[5.44557336,43.54439871],[5.44520371,43.54501735],[5.44509251,43.54566077],[5.44551047,43.54739677],[5.44571243,43.54737331],[5.44596746,43.54696879],[5.4462276,43.54665507],[5.44766001,43.54515911],[5.44788272,43.54498396],[5.44814745,43.54483666],[5.44866225,43.54463331],[5.450154,43.54409555],[5.45192266,43.5435227],[5.45235344,43.54343916],[5.45229679,43.54318479],[5.45231957,43.54293583],[5.45264019,43.54166386],[5.4526347,43.54139033],[5.45236526,43.54023882],[5.452451,43.54016036],[5.45257872,43.54013767],[5.4536581,43.54003046],[5.45299683,43.53755647],[5.45286761,43.53754408],[5.45234099,43.53781613],[5.4508684,43.53830579],[5.45026035,43.53861297],[5.450009,43.53881218],[5.4496502,43.5389292],[5.44846256,43.53974724],[5.44842489,43.53987952],[5.44825577,43.53997605],[5.44811918,43.54016816],[5.44767834,43.54045086],[5.44756865,43.54040292],[5.44737037,43.53990241],[5.44718322,43.53960507],[5.44629358,43.5394028]]]]},"bbox":[5.44509251,43.53754408,5.4536581,43.54739677]},{"type":"Feature","id":"fr-quartier-13001-96e11f69585b","properties":{"id":"fr-quartier-13001-96e11f69585b","kind":"quartier","name":"Saint-Jérôme","cityCode":"13001","cityName":"Aix-en-Provence","sourceType":"iris","sourceIds":["130010303"],"colorIndex":38,"center":[5.457580286392319,43.515615096492326]},"geometry":{"type":"MultiPolygon","coordinates":[[[[5.46140276,43.51222481],[5.45880234,43.51206506],[5.45525789,43.51195453],[5.4551951,43.51254014],[5.45500064,43.51314134],[5.45471807,43.51367792],[5.45421901,43.51432921],[5.45469386,43.51441388],[5.45538512,43.51484471],[5.45521682,43.51495834],[5.45546637,43.51524073],[5.45514486,43.51561887],[5.45519815,43.5158238],[5.45510973,43.51595452],[5.45444627,43.5163773],[5.45395353,43.51677191],[5.45392056,43.51689778],[5.45397359,43.5170388],[5.454562,43.51804355],[5.45459757,43.51818137],[5.45443315,43.51853075],[5.45356915,43.51964578],[5.45452719,43.52009488],[5.45527609,43.52036778],[5.45545257,43.52041599],[5.45558086,43.52037888],[5.45617665,43.51984781],[5.45751138,43.51895253],[5.45890754,43.51813506],[5.45928986,43.51796437],[5.4599718,43.51756904],[5.4602897,43.51745382],[5.46030367,43.51720236],[5.4611845,43.51596447],[5.46135069,43.51565735],[5.46140837,43.51541571],[5.4613939,43.51403881],[5.46148071,43.51268752],[5.46140276,43.51222481]]]]},"bbox":[5.45356915,43.51195453,5.46148071,43.52041599]},{"type":"Feature","id":"fr-quartier-13001-ab63a7b7a9a9","properties":{"id":"fr-quartier-13001-ab63a7b7a9a9","kind":"quartier","name":"Saint-Jérôme Est","cityCode":"13001","cityName":"Aix-en-Provence","sourceType":"iris","sourceIds":["130010307"],"colorIndex":39,"center":[5.460968383798499,43.51726709174472]},"geometry":{"type":"MultiPolygon","coordinates":[[[[5.46576802,43.51267025],[5.46313437,43.51237093],[5.46140276,43.51222481],[5.46148071,43.51268752],[5.4613939,43.51403881],[5.46140837,43.51541571],[5.46135069,43.51565735],[5.4611845,43.51596447],[5.46030367,43.51720236],[5.4602897,43.51745382],[5.4599718,43.51756904],[5.45928986,43.51796437],[5.45890754,43.51813506],[5.45751138,43.51895253],[5.45617665,43.51984781],[5.45558086,43.52037888],[5.45545257,43.52041599],[5.45527609,43.52036778],[5.45535954,43.52058373],[5.45511176,43.52080627],[5.45683472,43.52169892],[5.45640885,43.52244308],[5.45644366,43.52259172],[5.46020696,43.52037398],[5.46194467,43.51927147],[5.4635334,43.51833075],[5.46352793,43.51808784],[5.46373613,43.51777976],[5.46378465,43.51758422],[5.46375451,43.51719874],[5.46365988,43.51683813],[5.46340253,43.51634619],[5.46335996,43.51604561],[5.46351146,43.51582884],[5.46391404,43.51549654],[5.46399754,43.51513638],[5.46452352,43.51474007],[5.46481488,43.51432388],[5.46532854,43.51381352],[5.46576802,43.51267025]]]]},"bbox":[5.45511176,43.51222481,5.46576802,43.52259172]},{"type":"Feature","id":"fr-quartier-13001-943633cc3d48","properties":{"id":"fr-quartier-13001-943633cc3d48","kind":"quartier","name":"Sud-Est Plateau Puyricard","cityCode":"13001","cityName":"Aix-en-Provence","sourceType":"iris","sourceIds":["130010801"],"colorIndex":40,"center":[5.454176691660225,43.571824026428786]},"geometry":{"type":"MultiPolygon","coordinates":[[[[5.46397199,43.59877763],[5.46385545,43.59860203],[5.46402972,43.59245062],[5.46399669,43.58946091],[5.46490075,43.58695226],[5.46509304,43.58609541],[5.4653962,43.5826885],[5.46557961,43.5820578],[5.46560134,43.58198709],[5.46586836,43.58206295],[5.46657642,43.58113497],[5.46681726,43.58097647],[5.46691131,43.57967896],[5.46678599,43.5792119],[5.46643343,43.57887424],[5.46602127,43.57861895],[5.46446119,43.57723747],[5.46389165,43.57686332],[5.46609477,43.57427837],[5.46864936,43.57336424],[5.46891519,43.5734131],[5.4695567,43.57376219],[5.47104223,43.57344033],[5.47132384,43.57371208],[5.47235507,43.57347886],[5.47273389,43.57365027],[5.47364854,43.5734989],[5.47507735,43.57306846],[5.47710147,43.57214551],[5.47747143,43.57222619],[5.47910644,43.57290182],[5.48281412,43.57234629],[5.48277751,43.57192944],[5.48288422,43.57093319],[5.48293928,43.57086081],[5.48354209,43.57057157],[5.48367178,43.57047858],[5.48371199,43.57037774],[5.48356007,43.56978529],[5.48318537,43.56919433],[5.48263745,43.56863434],[5.48234617,43.56845467],[5.48189631,43.56841544],[5.48032345,43.5684883],[5.4794887,43.56736323],[5.47889926,43.56667184],[5.47842402,43.56621639],[5.47805081,43.56557228],[5.47756811,43.56502968],[5.47636718,43.56425232],[5.47581023,43.56373842],[5.47535155,43.56314936],[5.47406013,43.5622237],[5.47367763,43.56176433],[5.47322029,43.56140657],[5.47305088,43.56118089],[5.47287666,43.56072846],[5.47216732,43.55980753],[5.47187626,43.55911382],[5.47179333,43.55865392],[5.4715392,43.5581277],[5.47111227,43.55764142],[5.4705055,43.55714663],[5.47029276,43.55628731],[5.46942838,43.55558683],[5.46899217,43.55499904],[5.46801886,43.55429744],[5.46784679,43.55421043],[5.46719785,43.55402895],[5.46672276,43.55383181],[5.4654493,43.55305689],[5.4649805,43.55257334],[5.46426389,43.55159312],[5.46350758,43.55078303],[5.46260719,43.55125896],[5.4625877,43.55143943],[5.46249268,43.55159012],[5.46045125,43.55342596],[5.46011577,43.55385754],[5.4598146,43.55451249],[5.45972687,43.55497807],[5.45979554,43.55614764],[5.4596652,43.55584993],[5.45944641,43.55556773],[5.45849677,43.55625448],[5.45822093,43.55579624],[5.45642756,43.55579903],[5.45639765,43.55622819],[5.45493629,43.5560065],[5.4536072,43.55531732],[5.4532059,43.55519497],[5.4518633,43.55549265],[5.45063756,43.55545462],[5.45047645,43.55547896],[5.44969974,43.55540558],[5.44904558,43.55527452],[5.44658624,43.55515895],[5.44618941,43.55531552],[5.44570221,43.5553265],[5.44527706,43.55528297],[5.44515493,43.55523441],[5.44411211,43.55513187],[5.44358677,43.55497357],[5.44383976,43.55545037],[5.44389013,43.55567427],[5.44382234,43.55608808],[5.4436597,43.55636719],[5.43688838,43.55398546],[5.43639131,43.55376348],[5.43599499,43.55352393],[5.43561308,43.55321564],[5.43535334,43.55292802],[5.43472809,43.55344794],[5.43429345,43.55388076],[5.43410313,43.55432521],[5.43393307,43.55661994],[5.43394751,43.55684376],[5.43413109,43.55705748],[5.43421587,43.55733463],[5.43424036,43.55858351],[5.43415626,43.55908139],[5.43381325,43.56036282],[5.43374826,43.56096108],[5.43409195,43.56343244],[5.43420217,43.5646596],[5.43418462,43.56541344],[5.43406753,43.56606778],[5.43316672,43.56955274],[5.4329046,43.57169292],[5.43277304,43.5723863],[5.43218432,43.57456261],[5.43211381,43.5751484],[5.43210405,43.57599929],[5.43198369,43.57713261],[5.43441157,43.57747788],[5.43914135,43.57802796],[5.43917164,43.57830363],[5.4391094,43.57838335],[5.43923565,43.57855695],[5.43919543,43.57874689],[5.43815035,43.58142769],[5.43758496,43.58263493],[5.43731349,43.58332786],[5.43691288,43.58468352],[5.4366848,43.58566984],[5.43639064,43.58658743],[5.43619755,43.58755226],[5.43681279,43.58763387],[5.43716946,43.58763397],[5.43807952,43.5873966],[5.43851703,43.58740478],[5.43918944,43.5875202],[5.44050158,43.58788501],[5.44080097,43.58793589],[5.44391288,43.58822058],[5.44542041,43.5884612],[5.44605726,43.58861339],[5.4477332,43.58870796],[5.45412625,43.58946477],[5.45454357,43.58955075],[5.45649221,43.59051761],[5.45580024,43.59425827],[5.45507553,43.59688882],[5.45488333,43.59734686],[5.4547112,43.5975506],[5.45493487,43.59774088],[5.45527633,43.59793391],[5.45639432,43.59838484],[5.45690028,43.59842741],[5.45801915,43.59832017],[5.45843749,43.59834131],[5.45880941,43.59843552],[5.45925873,43.59863059],[5.45992964,43.59885125],[5.46032284,43.59895037],[5.46171735,43.59897368],[5.46261208,43.59889669],[5.46362766,43.59889346],[5.4638453,43.59885612],[5.46397199,43.59877763]]]]},"bbox":[5.43198369,43.55078303,5.48371199,43.59897368]},{"type":"Feature","id":"fr-quartier-13001-7e3c97446b38","properties":{"id":"fr-quartier-13001-7e3c97446b38","kind":"quartier","name":"Sud-Ouest Plateau Puyricard","cityCode":"13001","cityName":"Aix-en-Provence","sourceType":"iris","sourceIds":["130010804"],"colorIndex":41,"center":[5.408810914337369,43.565322858980245]},"geometry":{"type":"MultiPolygon","coordinates":[[[[5.38370266,43.56250906],[5.38436561,43.56341986],[5.37988924,43.56628065],[5.37771942,43.5675425],[5.37756339,43.56754142],[5.37759585,43.56769733],[5.37748853,43.56776629],[5.37754103,43.56957175],[5.37716012,43.56982043],[5.37560875,43.57134234],[5.37599001,43.57175977],[5.37509227,43.57202516],[5.37246755,43.57256322],[5.37111846,43.57299236],[5.37048956,43.57350298],[5.37104255,43.57424163],[5.37459077,43.57357899],[5.37542362,43.57587327],[5.37526167,43.57593892],[5.3754546,43.57659182],[5.37687914,43.57583062],[5.37743578,43.57545927],[5.37779361,43.57531011],[5.37885791,43.57499964],[5.37915932,43.57501284],[5.37942016,43.57509264],[5.37965939,43.57521882],[5.37999153,43.57564452],[5.38006042,43.57587255],[5.37999516,43.57620974],[5.38007674,43.57632587],[5.3803542,43.57653762],[5.38090739,43.57685945],[5.38119275,43.57696302],[5.38148747,43.57714288],[5.38350645,43.57668451],[5.3838576,43.57706027],[5.38265321,43.57781403],[5.38275573,43.57780818],[5.38340928,43.57774343],[5.39094368,43.5731679],[5.39110313,43.57313198],[5.39157111,43.57292364],[5.39177165,43.57295252],[5.39195265,43.57289903],[5.3928301,43.57297961],[5.3934877,43.57292461],[5.39393057,43.57303457],[5.39621254,43.5739582],[5.39702727,43.57413735],[5.39834706,43.5746105],[5.39933081,43.57471569],[5.39995299,43.57481986],[5.40162577,43.57526536],[5.4028867,43.57536618],[5.40704796,43.57710495],[5.40735281,43.5771702],[5.40796333,43.57723138],[5.40872313,43.57722083],[5.41041371,43.57687815],[5.40991388,43.576062],[5.4093514,43.57525713],[5.40930915,43.57460454],[5.4093535,43.57389153],[5.41210803,43.57311923],[5.41285111,43.57294789],[5.41435785,43.57271186],[5.41553894,43.57262258],[5.41628863,43.57260859],[5.41727437,43.57264336],[5.41811583,43.57272094],[5.42019252,43.57299513],[5.4213545,43.57321587],[5.422484,43.57351744],[5.42349755,43.57385849],[5.42971133,43.57651195],[5.43057685,43.57680494],[5.43198369,43.57713261],[5.43210405,43.57599929],[5.43211381,43.5751484],[5.43218432,43.57456261],[5.43277304,43.5723863],[5.4329046,43.57169292],[5.43316672,43.56955274],[5.43406753,43.56606778],[5.43418462,43.56541344],[5.43420217,43.5646596],[5.43409195,43.56343244],[5.43374826,43.56096108],[5.43381325,43.56036282],[5.43415626,43.55908139],[5.43424036,43.55858351],[5.43421587,43.55733463],[5.43413109,43.55705748],[5.43394751,43.55684376],[5.43393307,43.55661994],[5.43410313,43.55432521],[5.43429345,43.55388076],[5.43472809,43.55344794],[5.43535334,43.55292802],[5.43511576,43.55254988],[5.43460009,43.55142185],[5.43414839,43.55095579],[5.43367353,43.55067299],[5.43309102,43.55047811],[5.43076086,43.54992902],[5.42996925,43.54979372],[5.42893132,43.54980345],[5.42865367,43.54973495],[5.42828543,43.54954336],[5.4280426,43.54924454],[5.42792286,43.54884214],[5.42790559,43.54855088],[5.42804552,43.54817238],[5.42865897,43.54710998],[5.42659443,43.55023559],[5.4257459,43.55115472],[5.42543045,43.55142192],[5.41973619,43.55562313],[5.41931227,43.55554977],[5.41858375,43.55532656],[5.41834565,43.55531566],[5.4172801,43.55564185],[5.41672979,43.55565321],[5.41439376,43.55537754],[5.41354439,43.55537032],[5.41264718,43.55519674],[5.41215389,43.55506278],[5.41068907,43.55487118],[5.41001813,43.55483927],[5.40890466,43.55493871],[5.40804798,43.55478669],[5.40697967,43.55475277],[5.40678973,43.55476869],[5.40653921,43.55484535],[5.40502944,43.55544141],[5.40469682,43.55550819],[5.40448542,43.55542556],[5.40372138,43.5549141],[5.40340635,43.55489857],[5.40187678,43.5553771],[5.40078316,43.55583337],[5.39927033,43.55668416],[5.39845782,43.55738173],[5.39735955,43.55811351],[5.39588978,43.55899031],[5.3948544,43.55948034],[5.3944281,43.55976519],[5.39418531,43.55987946],[5.39337238,43.56015393],[5.39254325,43.56036664],[5.38823788,43.56113387],[5.38654294,43.5615123],[5.385806,43.56171033],[5.3848477,43.56203294],[5.38370266,43.56250906]]]]},"bbox":[5.37048956,43.54710998,5.43535334,43.57781403]},{"type":"Feature","id":"fr-quartier-13001-ffe7ab06edff","properties":{"id":"fr-quartier-13001-ffe7ab06edff","kind":"quartier","name":"Tanneurs","cityCode":"13001","cityName":"Aix-en-Provence","sourceType":"iris","sourceIds":["130010105"],"colorIndex":42,"center":[5.445548996645538,43.52815454385318]},"geometry":{"type":"MultiPolygon","coordinates":[[[[5.44411018,43.52958991],[5.44552781,43.52946975],[5.44773271,43.52967927],[5.44775155,43.52866978],[5.44772925,43.52861087],[5.44750529,43.52843589],[5.44735358,43.52806935],[5.44727379,43.52770659],[5.44734769,43.52743758],[5.44643308,43.52708014],[5.4458989,43.52682484],[5.44561733,43.52645853],[5.44571624,43.52634108],[5.44570443,43.52620903],[5.44554474,43.52609021],[5.44537933,43.52606963],[5.44521517,43.52610754],[5.44512442,43.52618429],[5.4450416,43.5264184],[5.44493867,43.52652874],[5.44324434,43.52732573],[5.44342711,43.52766727],[5.4439167,43.52893896],[5.44411018,43.52958991]]]]},"bbox":[5.44324434,43.52606963,5.44775155,43.52967927]},{"type":"Feature","id":"fr-quartier-13001-bf817f4c4928","properties":{"id":"fr-quartier-13001-bf817f4c4928","kind":"quartier","name":"Val Saint-André","cityCode":"13001","cityName":"Aix-en-Provence","sourceType":"iris","sourceIds":["130010304"],"colorIndex":43,"center":[5.4689624367794805,43.515846294813365]},"geometry":{"type":"MultiPolygon","coordinates":[[[[5.46576802,43.51267025],[5.46532854,43.51381352],[5.46481488,43.51432388],[5.46452352,43.51474007],[5.46399754,43.51513638],[5.46391404,43.51549654],[5.46351146,43.51582884],[5.46335996,43.51604561],[5.46340253,43.51634619],[5.46365988,43.51683813],[5.46375451,43.51719874],[5.46378465,43.51758422],[5.46373613,43.51777976],[5.46352793,43.51808784],[5.4635334,43.51833075],[5.46539429,43.5172767],[5.46526774,43.51735429],[5.4651451,43.51752271],[5.46511779,43.51766465],[5.46518552,43.51777293],[5.46540621,43.51781382],[5.46591124,43.51782215],[5.4665742,43.51802311],[5.46715276,43.51870667],[5.46755847,43.51867764],[5.467642,43.51875045],[5.46835618,43.5187612],[5.468359,43.51882685],[5.46877089,43.51882648],[5.46932822,43.51901543],[5.4696338,43.51907418],[5.46985426,43.51905206],[5.47005792,43.51895561],[5.47029675,43.51867022],[5.47044798,43.51931039],[5.47067578,43.5193151],[5.47074501,43.51905518],[5.47061328,43.51898347],[5.47063664,43.51892262],[5.47059416,43.51888398],[5.4707627,43.5186326],[5.47084151,43.5185669],[5.47117019,43.51861612],[5.47125545,43.51855657],[5.47122285,43.5185177],[5.47126046,43.51850064],[5.47103253,43.51780282],[5.47208792,43.51780937],[5.47238197,43.51765775],[5.47325522,43.51748481],[5.47338104,43.51730461],[5.4736769,43.51716644],[5.47411497,43.51722847],[5.47441071,43.5170876],[5.47472302,43.51779069],[5.4755275,43.51771563],[5.47485443,43.51644827],[5.47486473,43.51637152],[5.47474059,43.51613131],[5.474212,43.51563298],[5.47397924,43.5156851],[5.47424246,43.51556478],[5.4742587,43.51545369],[5.47410021,43.51536369],[5.4739779,43.51522335],[5.4731055,43.51469685],[5.47280323,43.51436979],[5.47276201,43.514188],[5.47278128,43.5138311],[5.47294894,43.51381828],[5.47264391,43.5136281],[5.47206114,43.51339294],[5.47148967,43.51310441],[5.46935896,43.51299722],[5.46576802,43.51267025]]]]},"bbox":[5.46335996,43.51267025,5.4755275,43.5193151]},{"type":"Feature","id":"fr-quartier-13001-113f3207bb42","properties":{"id":"fr-quartier-13001-113f3207bb42","kind":"quartier","name":"Villeneuve","cityCode":"13001","cityName":"Aix-en-Provence","sourceType":"iris","sourceIds":["130010103"],"colorIndex":44,"center":[5.452792899609091,43.528768516993516]},"geometry":{"type":"MultiPolygon","coordinates":[[[[5.45218761,43.52706724],[5.45167295,43.52799433],[5.4514564,43.52825397],[5.4511565,43.52850288],[5.4509106,43.5288865],[5.45085238,43.52920377],[5.45088729,43.52976108],[5.45077603,43.53083568],[5.45078877,43.53125036],[5.45084651,43.53199438],[5.45120226,43.53209706],[5.45194207,43.53116849],[5.4529549,43.53005731],[5.45334101,43.52965431],[5.45474652,43.52849823],[5.45541688,43.52768372],[5.45545487,43.52753073],[5.45542864,43.5273801],[5.45496452,43.52639144],[5.45462335,43.52648467],[5.45357769,43.52665145],[5.45222189,43.52697195],[5.45218761,43.52706724]]]]},"bbox":[5.45077603,43.52639144,5.45545487,43.53209706]},{"type":"Feature","id":"fr-quartier-13001-d3a4091626d5","properties":{"id":"fr-quartier-13001-d3a4091626d5","kind":"quartier","name":"Z.I. Les Milles","cityCode":"13001","cityName":"Aix-en-Provence","sourceType":"iris","sourceIds":["130010906"],"colorIndex":45,"center":[5.382893399500007,43.48309704988042]},"geometry":{"type":"MultiPolygon","coordinates":[[[[5.40384147,43.47043644],[5.39977131,43.46592624],[5.39668985,43.46623656],[5.39518036,43.46631133],[5.39345619,43.46476166],[5.39092611,43.46335306],[5.39079064,43.46327504],[5.38850902,43.4637988],[5.38749489,43.46193366],[5.38491827,43.46392468],[5.37940431,43.46562373],[5.37727255,43.4696867],[5.37315187,43.47225315],[5.37128023,43.47158214],[5.36571819,43.47277029],[5.36495348,43.47346924],[5.36400034,43.47496617],[5.36291896,43.47593034],[5.36262054,43.47672893],[5.36256377,43.47724231],[5.36226946,43.4779607],[5.36213311,43.47822199],[5.36166064,43.47854552],[5.361546,43.47900436],[5.36129721,43.47944723],[5.36062762,43.47969673],[5.3606454,43.47976835],[5.36011079,43.48035515],[5.35895389,43.48068816],[5.35818894,43.48105404],[5.35775246,43.48114094],[5.35620732,43.48005483],[5.35643718,43.48035496],[5.35647824,43.48087432],[5.35642903,43.48118142],[5.35629915,43.48157128],[5.35569786,43.48282467],[5.35557417,43.48330531],[5.35555528,43.48374946],[5.35568048,43.4843309],[5.35583928,43.48467668],[5.3560973,43.48503021],[5.35643744,43.48536666],[5.35683928,43.48567025],[5.35725188,43.48590431],[5.35769318,43.48608463],[5.35994501,43.4866441],[5.3603567,43.48679536],[5.36138878,43.48730304],[5.36732188,43.49076594],[5.37762784,43.49698518],[5.38080814,43.49845188],[5.38215415,43.4990659],[5.38324992,43.49945947],[5.38957024,43.50099009],[5.39074637,43.50132151],[5.39142161,43.50159106],[5.39220726,43.50198778],[5.39423181,43.50312316],[5.39581155,43.50399829],[5.39596377,43.5038527],[5.39608247,43.50364486],[5.39627673,43.50355865],[5.39689974,43.50361239],[5.39727147,43.50368969],[5.39744825,43.50365878],[5.39781523,43.50380008],[5.39803959,43.50378342],[5.39851633,43.50344343],[5.40166049,43.4999408],[5.4025017,43.49992036],[5.40298605,43.49997084],[5.40276194,43.49966797],[5.40241473,43.49860902],[5.40196029,43.49785399],[5.40161629,43.49707851],[5.40130726,43.49583779],[5.40116642,43.49551507],[5.40128397,43.49459975],[5.40125481,43.49393161],[5.40109248,43.49353826],[5.40089242,43.49333656],[5.40073385,43.49326987],[5.4006515,43.49298545],[5.40056098,43.49191362],[5.40072753,43.49131316],[5.40089332,43.49019156],[5.40110604,43.48930564],[5.4010893,43.48896397],[5.40081802,43.48853702],[5.40016105,43.48775497],[5.39996028,43.48744708],[5.39937943,43.48703688],[5.39900664,43.48660588],[5.39764521,43.48443434],[5.39673638,43.48312408],[5.39603966,43.48224568],[5.39587985,43.48211869],[5.39505954,43.48115121],[5.39408334,43.47970471],[5.39363606,43.47932304],[5.39331192,43.47830678],[5.39292978,43.47649072],[5.39257002,43.47586499],[5.39210002,43.475293],[5.39212397,43.47521506],[5.39227054,43.47511372],[5.39623898,43.4735058],[5.39640628,43.47345709],[5.39663378,43.47345926],[5.39703911,43.47366542],[5.39725711,43.4736768],[5.39910405,43.47273944],[5.39926907,43.47275469],[5.39936187,43.47284625],[5.39993105,43.4723881],[5.40046155,43.47209912],[5.40337923,43.47061321],[5.40364691,43.47048306],[5.40384147,43.47043644]]]]},"bbox":[5.35555528,43.46193366,5.40384147,43.50399829]}]}